:040000006F305069A4
:100004000000000000000000A0000020EE0300201B
:10001400A9BDF9F3FC01002000000000000000006D
:10002400FC010020A00000200000000000000000EF
:10003400A000002000000000A0000020000000003C
:10004400A0000020A0000020A0000020A0000020AC
:10005400A00000206C040020A0000020000000008C
:10006400A0000020A0000020A0000020A00000208C
:1000740018050020A0000020A0000020A0000020FF
:10008400A0000020A0000020A0000020A00000206C
:10009400A0000020A0000020A0000020A00000205C
:1000A40001A0B7170040984B41111367070198CB83
:1000B400982B1377E70F98AB1307800873370780E3
:1000C400137787083AC60F100000130770052380C2
:1000D400E704130780FA2380E7040F100000B847F1
:1000E400B70600069506558FB8C703C7B70413773C
:1000F400F70DA385E704B82713672701B8A71307EB
:1001040050149AA7372700408346578093F6F60E7B
:10011400A302D7808946A303D78003C7E7041377D4
:10012400C70F136717002387E70403C7F702136792
:100134002700A387E702982B1367170098AB238047
:100144000704B247F3A707800F1000004101828023
:10015400EFF03FF513050020970500009385450A4D
:1001640017460000130606D363FAC5008322050070
:1001740023A0550011059105E3EAC5FE17B502E079
:1001840013058521974500009385C5D0138681907A
:1001940063FAC5008322050023A0550011059105CB
:1001A400E3EAC5FE13858190976500009385852B4E
:1001B4006377B500232005001105E36DB5FE9302B6
:1001C4005002739002BC8D427390428085427390BA
:1001D40012BC93028008739002309702000093824D
:1001E40062E293E2320073905230975200E09382BD
:0C01F4002296739012347300203000003B
:100200009305000273A04580824573901534924097
:100210002242B2424243D2436244F24402559255D2
:100220002256B2564257D2576258F258064996495A
:10023000264AB64A464BD64B664CF64C065D965D52
:10024000265EB65E465FD65F096173002030B7F761
:100250000700DC53411123A4F190B7170040984BDD
:100260001367070198CB982B1377E70F98AB130709
:10027000800873370780137787083AC60F1000008D
:10028000130770052380E704130780FA2380E7042F
:100290000F1000001307000C6315E5029A2713677F
:1002A000070C9AA7B7170040982B1367170098AB55
:1002B00023800704B247F3A707800F100000410115
:1002C0008280B82793760520ADCA118B29E303C736
:1002D000E70403C6E7041377F70F13663600238796
:1002E000C704B02713664600B0A792278E2733466F
:1002F000060893E5050C8EA7A5470100FD1793F7A7
:10030000F70FE5FFB717004092A72387E70493771D
:100310000510DDC3371700403C2793E707013CA7D2
:100320009377F50199EFB727004003C7578013670C
:100330000701A382E7801D470DA013672700B8A718
:10034000F9B725476366F704B727004003C757800E
:100350001377F70EA382E7800547A383E780334531
:100360000508B71700401367050C9AA78AA7B5CEF2
:1003700003C7570483C65704418B858A558F1DF3E5
:10038000B82B418B05D3B8271377D70FB8A719BF60
:100390009377050199EBB727004003C75780137780
:1003A000F70EA382E78009474DBFB727004003C778
:1003B00057801377F70EB5BF9377850181EFB72785
:1003C000004003C757801377F70EA382E780130717
:1003D000100561B7B727004003C757801377F70EA2
:1003E000A382E780130770058DBFB8271377B70F77
:1003F00071BF41118146014681451145F52A130718
:100400008008F337078093F787083EC40F10000079
:10041000B7170040130670052380C704930680FABF
:100420002380D7040F100000FD55CEB723800704AA
:10043000A245F3A505800F100000733707801377DE
:1004400087083AC60F1000002380C7042380D70412
:100450000F10000003C76704136717002383E70426
:1004600023800704B247F3A707800F10000001A004
:10047000197106C212C416C61AC81ECA22CC26CECC
:100480002AD02ED232D436D63AD83EDA42DC46DEF4
:10049000CAC0CEC2D2C4D6C6DAC8DECAE2CCE6CE64
:1004A000EAD0EED2F2D4F6D6FAD8FEDA93854193AA
:1004B0008841E700050092402242B2424243D243C3
:1004C0006244F244025592552256B2564257D257D0
:1004D0006258F25806499649264AB64A464BD64BC8
:1004E000664CF64C065D965D265EB65E465FD65F50
:1004F0000961730020304111B7170040985F3AC678
:10050000945F3247E39CE6FE324541018280B7E7C3
:1005100000E03707001023A0E7208280B7170040D3
:10052000130700032388E702854723AEF192730087
:100530002030411106C6EF00701CF5BF2303048074
:1005400015472303E48001002302A48082808307EF
:100550006480E3CE07FE23030480828083076480E7
:10056000E3CE07FE03454480828083076480E3CEA8
:1005700007FE2302A4808280411126C44AC24EC0D5
:1005800006C61377F50BAD47AA892E8995446306F5
:10059000F70019456537653F8D444E854537FD5950
:1005A000FD1463983401B240A244124982494101CA
:1005B0008280135509011375F50F453F2209CDB708
:1005C000011126CC06CEB704080051371545BD37BA
:1005D000713769372AC6A53F32459377150089EBF5
:1005E000136515001375F50FF240E2440561828032
:1005F000FD14E9FC0145CDBF3971B7F7070006DEF0
:1006000026DC4ADA4ED852D656D45AD25ED062CEC2
:1006100003AB47027D57B7E700E083AA070022C675
:1006200003AA470023A0E71823A2E718B71B00403E
:10063000930770052380FB04930780FA2380FB0453
:1006400083C74B041147AA8993E7070E2382FB0453
:10065000372400401305F00F2303E4802E8C3289E9
:10066000B684E93DED35938779FF93F7F70F094796
:10067000137BFB006362F712A1473707080063078B
:10068000FB00B70707003E9C378707007955637E5C
:10069000EC02B3878401636AF702A9476398F906FD
:1006A00089E481446D3526850DA0E2850945E9354B
:1006B00005090345F9FFFD14050C453D81C49377F9
:1006C000FC0FFDF7F53D69FD7D55B7170040130799
:1006D00070052380E704130780FA2380E70403C72B
:1006E0004704418B2382E704F250B7E700E023A0E0
:1006F000571123A24711E25432445259C259325A77
:10070000A25A125B825B724C21618280A547639A78
:10071000F906A1478569631DFB029387F9FFB3863C
:100720009700B374FC00B69493C7F7FFFD8C33FCBD
:100730008701416B856B9387F9FFB3F7870199E3D5
:1007400063FF340193D94900C147E3E637FF91BF06
:100750009307F00FE9B78567C169FD17C9B713059E
:10076000800D638869011305000263847901130514
:100770001008E2851135A93521D94E9CB384344146
:10078000C1B7E2852D45CD3BCA94E30C99F005092C
:10079000F133A30FA9FED5BF9387F9FF93F7F70FA6
:1007A000636FF70AA1476319FB06B70708003E9C71
:1007B00083C75B043707070093F7070299E337877E
:1007C0000700B70708003E977955E370ECF0B307D0
:1007D0009C00E36CF7EE8947639AF9048980D54958
:1007E000E38104ECE2850945413B11090327C9FF78
:1007F00091472320E48003076480E34E07FE230330
:100800003481FD17EDFBFD14110C81C49377FC0FAF
:10081000E9FF7D3371F54DBD83C75B0437070700E2
:1008200093F70702D5F33787070079BF8547E3843D
:10083000F9F2E2852D4589339389F4FFE38304E6D9
:10084000313B93F7390091EB83260480032709009D
:1008500093074900E398E6E43E89CE84F1BFB547AB
:100860006396F9001305900BD13925BDB1471305E7
:10087000B00AE38BF9FE99476394F904A147631525
:10088000FB00B70708003E9CE2852D45F531814409
:100890000D4BA149E1316396640183270480232035
:1008A000F9008504E39834FF8327048013172C0193
:1008B000635507002312F900EDB32322F900D5B3E5
:1008C0009D476399F90281451305B0047531BD4414
:1008D0002320090023220900FD59493193F77400B0
:1008E000CA9703C70700FD14398D2380A700E3963C
:1008F00034FF45BB91476399F900130560063D3904
:10090000B931130590098DB7E38D09D8F15459BB5E
:1009100023AC05FE1C4199E30CC182803E8783A76E
:1009200087FFEDFF232CB7FE8280411126C2B7E47A
:1009300000E04AC003A90400B707200006C622C48D
:100940003379F90023A0F4180F10000009E523A063
:100950002411014535A09565938505D0C98D2A845C
:100960002105B3C5050833450508EF10702E65D184
:10097000FD572320050042A17CA123A024112105BD
:10098000B240224492440249410182804111B7E7BA
:1009900000E04AC003A9070026C23707200006C6A8
:1009A00022C4AA843379E90023A0E7180F100000BD
:1009B00083A741950144014685E301C8A2851385BB
:1009C0004195975000E0E780E0D8A16526859750D3
:1009D00000E0E78080290DA003C7E7FF63199702B5
:1009E00005CCA28513854195975000E0E78080D61D
:1009F000A1652685EF206015B24022852244B7E725
:100A000000E023A02711924402494101828011E0B5
:100A10003E8683A787FF4DB73E84E5BF37E700E0FA
:100A20001C43B70620002320D718F58F0F100000B5
:100A300019C191C111E637E700E02320F710828049
:100A40002E960F70B650D5BF37E700E01C43B706AF
:100A500020002320D718F58F0F10000019C101477F
:100A600085E137E700E02320F7108280B386E500B8
:100A700003A80600B306E5007D1623A006011107B2
:100A800075F6C5B737E700E01C43B7062000232002
:100A9000D718F58F0F10000001C53307C50011E608
:100AA00037E700E02320F71082800505A30FB5FE8D
:100AB000E31DE5FEF5B7B7E600E09C4237062000EF
:100AC0002A87F18F23A0C6180F1000000145B30636
:100AD000A7008386060091E637E700E02320F710A1
:100AE00082800505EDB70111B7E700E026CA84430F
:100AF0004AC83707200006CE22CC2A892E86F98CD8
:100B000023A0E7180F1000009305F00432C6334508
:100B10000608EF10F0132A8401C53246CA85FD3D50
:100B2000F24022856244B7E700E023A097104249D3
:100B3000D2440561828037E700E01C43B7062000FD
:100B40002320D718F58F0F10000001C599C1014768
:100B500011EA37E700E02320F710054582800507FA
:100B6000E309E6FE3308E500B386E5000348080024
:100B70009422E306D8FE37E700E02320F710014572
:100B8000828037E700E01C43B70620002320D718F7
:100B9000F58F0F1000001307F6FFBA952A9663171A
:100BA000C50037E700E02320F71082809821FD156B
:100BB0000505A30FE5FEE5B737E700E01C43B706E0
:100BC00020002320D718F58F0F10000001C5330730
:100BD000C50019E637E700E02320F71001458280C1
:100BE00014210505E398B6FEE31CE5FE37E700E0B7
:100BF0002320F71005458280797126D29384C1960F
:100C000022D4804006D64AD04ECE52CC56CA5AC8BC
:100C10005EC662C44DC437C9C901814B138B41966E
:100C20001309F937175A0000130A8A20975A00004F
:100C3000938A8A1D97590000938989243E2099EF51
:100C40005C44639A0B009CC0032CC4002285EF1007
:100C5000900C628489A823A6FB00FDB783270B00B4
:100C600082971C443307F5406376F50003A789009B
:100C70001D8F2A976368E9062E200820EF10F06C7C
:100C80005C405844A9CB0C44175600000326C61FED
:100C9000AE97BE8663E4B70063E4C700B386C7407F
:100CA00014C4A28B3A8459F8175700000327C716BB
:100CB000894763E6E7009757000023AF0714B25057
:100CC000225492540259F249624AD24A424BB24BE0
:100CD000224C4561828063940B0098C0B5B723A66F
:100CE000EB009DB703274A021DCB63EDA7023385B6
:100CF000A7401C2099EF03479A0183A6890061173A
:100D0000B307A7003E8563E4E70063E4D7003385BB
:100D1000D74083A70A016374F50023A8AA00A28B19
:100D2000404451B703A78900BA97D1B7011126CA29
:100D300006CE975400009384A41422CC4AC84EC611
:100D400052C49C288844D9CFB7E700E003A9070024
:100D50003707200023A0E7183379E9000F100000BF
:100D600003C7C19519CB23A02711F2406244D24496
:100D70004249B249224A0561828017570000130791
:100D8000A7418357C70AA1CB9C440324870A630465
:100D9000F404975900009389290703A709012285C4
:100DA000630BF702138A419683270A0082976368D0
:100DB000A40C83270A00098C829783A70901984411
:100DC0003354F40AB307A4003E8563E4870063E468
:100DD000E7003385E740B7E700E023A027119C44F4
:100DE000639BA7021754000013040402184883A74A
:100DF00041966319A70882979444374736FE130734
:100E000007C83697B307A7003E8563E4E70063E4AD
:100E1000D7003385D740175400001304E45A5C5CB4
:100E200089CB83A681A89C463707CDFF7D17F98F14
:100E30009CC611E1884485475CD09757000083A782
:100E40006701829715E15C5C99CF5C5089CF97F080
:100E500001E0E780801797F001E0E780209B97573B
:100E6000000023A50758493B5C5CE38007F003A71B
:100E700081A81C47B7063300D58F1CC7FDB59C441D
:100E80003E9405BF829714489844B387A6003E85D8
:100E900063E4D700E3E1E7F83385E740ADBF23AC77
:100EA000A19401C58547238EF1948280AA8799E594
:100EB000175700000347C7FD09C7D5B71147636936
:100EC000B70017570000130767FAB3C5E5209CC1A8
:100ED000828083A7819581CF411106C6829783C7FF
:100EE000C19599E323AC0194B2404101828083C74C
:100EF000C19581E723AC019482808280411122C494
:100F000026C206C64AC0975400009384E44B83C7A8
:100F1000340217540000130464F5B9C317540000D9
:100F2000130484EE13890197032709001C20143051
:100F30000146B3A5E7208E21B5C911C21CA0082027
:100F4000636DD50697570000238007EC83A7419671
:100F5000D5E7B240224492440249410182808297FF
:100F60001C40F5FF9757000083C787F285E3DC48F4
:100F7000858B89CFD84C9947631EF700975700009F
:100F800023AE0744EF10E00F5C4482971C44D9D78E
:100F9000829769B7D84C9D47E31AF7FE9757000030
:100FA00023AE0742EF10E00D1C48C5B7850793F745
:100FB000F70F0546E3EFD7F651B73327E5200E23A9
:100FC00023100700239F019483A78196B347F52040
:100FD0009C4382971C208326090003D7E195337731
:100FE000E540B3A6D7209222518F9AA299C38507D4
:100FF0001CA018201C30E36EF7F4A9B79757000027
:1010000083A787E81CC8CD3E83C73402B9F383C7E2
:10101000140299CBDC4C89EB97570000A386073C60
:1010200097F001E0E780E09A9757000083A787E2F6
:101030008DD31C4899DF183083260900814763C788
:10104000E702D84C9147E3E6E7F09757000083C7E3
:101050002713918BE39F07EE83C7C195E39B07EEB0
:101060002244B240924402494101C9B133A6D7207B
:101070001222E31006EE8507D9B7B7C700401387E1
:10108000C72014431396264910C30100010093871B
:101090008726175500000325E5D89C436A0514C32D
:1010A00093C7F7FF99835D8D828023ACA1968280E0
:1010B000411122C417540000130404311C4426C2F9
:1010C00006C6858B9754000083A4441391EBEF2050
:1010D00090472244B2402685924441016F1050430C
:1010E00098289757000023A5072E8947E301F7FEAC
:1010F0000146930550020145EF10E0288145175540
:1011000001E0130505AC5D33014681450545EF104F
:10111000200E5C44858BC5DFB240224492444101DD
:1011200082809757000083A72711639B0716011140
:1011300022CC2A84094506CE26CA4AC84EC6EF20CC
:101140003048938981A703A6090093078007138974
:1011500081A67CD2238E019483270900938481A8E1
:10116000B7053300D8572285719B13671700D8D76E
:1011700098431377F7CF98C398431377F7CF136744
:10118000072098C398401447CD8E14C7B7060300B4
:101190009386862534CA5457F59A54D798433424F5
:1011A000137707F893F6F607558F98C3EF10704D35
:1011B00083A60900370500827D15DC4293E71700FE
:1011C000DCC203260900030784065C569375F70307
:1011D000E605E98FCD8F5CD69305A0039C4063D5CF
:1011E000E508F84FB70500074D8FF8CFB7C7898ED0
:1011F000938767ED1CC6B7575500938757555CC258
:101200008347A40683444406DD8C894717570000B2
:10121000232AF71C9757000023AE071A7C44BCDE34
:101220009757000083C7C7C699C7FC52FDFF975761
:10123000000023AF071818289D4781451725000097
:101240001305A5036306F70017050000130585E6DF
:10125000B13910386244F2404249B249A685D244BD
:10126000014505616F00D0789305200263DAE5003F
:10127000F84FB70500F9FD156D8FB7050005ADB73F
:10128000B70500F96945FD156357E500F84F6D8F07
:10129000B705000391BFF84F6D8F13178729B1B7BA
:1012A000828097570000938727EFE853054754251E
:1012B0006390E60203C747079147631AF7000111DD
:1012C00006CE2AC6EF10D0203245F240056191BD0E
:1012D000828083278511E5CB411122C406C658259B
:1012E0008345E5049437D2272A841377C70F1395D3
:1012F000466063F7C50663510506882793F6F6072F
:1013000094B70546936627006314C50093661700DB
:1013100054A4D8430907D8C3032504114CB82E861A
:10132000CC430905EFF08FEF832784115438D8435D
:101330003697D8C3DA27158FDAA789473CBC03470D
:1013400064039757000083C7C7AF6369F706B240CD
:1013500022440145410182801367170058A46DBFE4
:101360009376F60F63550502882785451366270097
:101370006314B5001366170050A454B8A384070083
:1013800085473CBC832784119C43D5FBC9B71367B1
:10139000170058A454B8A384070003250411CC43B4
:1013A0000905EFF0AFE7832784115438D843369707
:1013B000D8C3DA27158FDAA78D47E1B75C2493E706
:1013C00007015CA469B705458280411183A701A587
:1013D00022C406C6858B2A84CDEB78298357051D48
:1013E00063E5E70A4165130525F5976001E0E780AD
:1013F000804841CD3C253EA583270412ADE3232040
:10140000A4122322A41285472311F40423200500EB
:101410007C2854415EA5583418A5054718B5138596
:101420001702175700000327E7FD15811C437D15A0
:101430001375F50F9CC25C43DCC21C479CC65C471D
:10144000DCC61C4B9CCA5C4BDCCA1C4F9CCE5C4F60
:10145000DCCE0DC19386060213070702C1BF8327A6
:10146000441288C3835724042322A4128507B3C7D8
:10147000070859BF17570000130707D21E27850713
:101480001EA7B2402244410182805C24230904004B
:10149000054593C747005CA4EDB7142D854763EC61
:1014A000D70A1C3D2A870145CDEB5C2713F50701C0
:1014B0003C2B99CB834667039757000083C77798E7
:1014C00063ECF60001E5828049E582808357271EA0
:1014D0000357671EBA9721A08357271E75F9014548
:1014E000ADCF9387C712175500000355259AB3B5A2
:1014F000A70237460F00411113060624814622C475
:1015000026C206C67D543385A702977002E0E780A5
:10151000A06A9754000083C43493AA94975700009C
:1015200083A7C7D003A707099C433354E40AFDFBF4
:1015300083A74196829781476364A400B307A440C0
:10154000B240224433B5970013451500924441013F
:1015500082808147B5BF01458280828003A781A731
:101560003C5BFDFF01000100828039C901116C0064
:1015700022CC06CE2A84EF20E04A15C9FD57630D20
:10158000F502B2479755000083C5158C63EBB70091
:10159000034594026244F240B385B74005616F1081
:1015A000205F175700000327278EBA97D5B76244EC
:1015B000F24005616F20800BF24062440561828039
:1015C0008280797152CC175A0000130AEABC26D2E5
:1015D00083244A0906D622D44AD04ECEC5C897578E
:1015E0000000938767DED44F15476384E604DC531D
:1015F0002A8989CF97F001E0E780209D97E001E0FC
:10160000E780C0209757000023A207DEFD596C0039
:101610002685EF2020411DE517250000130545050F
:10162000EFF0FF8783A781A73707100098C705470A
:10163000B8DB0D45B250225492540259F249624A25
:1016400045618280637435013244AA898440E1F0A7
:10165000FD571305F00FE38FF9FC914763F1870203
:101660009307B4FF2320F9002324FA0A99E7975738
:10167000000083A767812320F900014565BF9757C4
:10168000000083A76780ED17A297E9BF09455DB702
:10169000797126D206D622D44AD04ECE52CC56CA22
:1016A0005AC85EC68347550303447513AA843E9403
:1016B0001374F40F9307400263F687001304B4FD1C
:1016C0001374F40F03A9841383A9C413A38B841286
:1016D00022864A85CE85977002E0E78020490589F9
:1016E00015E503CBD412014A814A337B6403930B83
:1016F000500252864A85CE85977002E0E780004707
:1017000005890DC563916A031374FA0F238B841244
:10171000B250225492540259F249624AD24A424B80
:10172000B24B45618280850A939A4A60050AE312AA
:101730007AFDE9BF8327850903560504797193D69D
:101740000701BD8EB3C60608358E93575640898B68
:10175000135776485D8F93573640918B5D8F935723
:101760001640A18B5D8F93171600C18B5D8F931769
:10177000360093F707025D8F9317560093F707041F
:101780005D8F9317760093F7F70F22D45D8F2A842D
:101790009357D6001355B6001189898B935586004F
:1017A000C98F1355F6002582C98F218AD18F1396D0
:1017B0001500418AD18F1396350013760602D18F1A
:1017C0001396550013760604D18F13967500137681
:1017D000F60FD18FA207C5455D8F3307B70226D21A
:1017E0004AD04ECE032984138329C4135AC806D67F
:1017F00052CC56CA36973347070813565740098AC2
:1018000093577748D18F13563740118AD18F13568B
:101810001740218AD18F13161700418AD18F1316D2
:10182000370013760602D18F13165700137606047D
:10183000D18F131677001376F60FD18F1358B70098
:101840001356D70013784800098A1355870033666A
:1018500006011358F700258333660601218B518F4B
:1018600013161500418A518F1316350013760602A0
:10187000518F1316550013760604518F13167500F9
:101880001376F60F518F2207D98FB387B7025EC642
:10189000B697B3C7070813D55740098913D77748B8
:1018A000498F13D537401189498F13D517402189A6
:1018B000498F139517004189498F13953700137588
:1018C0000502498F1395570013750504498F139529
:1018D00077001375F50F598D13D8B70013D7D700BC
:1018E00013784800098B13D687003367070113D894
:1018F000F700A58333670701A18BD98F1317160053
:10190000418BD98F1317360013770702D98F13171E
:101910005600137707041E06D98F1376F60FD18F62
:10192000A2073367F5003307B702130650024A8552
:10193000CE853697B98EB3C4060833F6C402137B3E
:10194000F60F977002E0E7806022058905E9834A77
:10195000D412014A930B5002B38A9A02814493DA5B
:101960000A0126864A85CE85977002E0E78000202E
:1019700005890DC563914A0313FBF40F230B641310
:10198000B250225492540259F249624AD24A424B0E
:10199000B24B45618280050A137AFA0F8504E392FF
:1019A00074FDE9BF8327C50803568508797193D66E
:1019B0000701BD8EB3C60608358E93575640898BF6
:1019C000135776485D8F93573640918B5D8F9357B1
:1019D0001640A18B5D8F93171600C18B5D8F9317F7
:1019E000360093F707025D8F9317560093F70704AD
:1019F0005D8F9317760093F7F70F22D45D8F2A84BB
:101A00009357D6001355B6001189898B93558600DC
:101A1000C98F1355F6002582C98F218AD18F13965D
:101A20001500418AD18F1396350013760602D18FA7
:101A30001396550013760604D18F1396750013760E
:101A4000F60FD18FA207C5455D8F3307B70226D2A7
:101A50004AD04ECE0329040A8329440A5AC806D61E
:101A600052CC56CA36973347070813565740098A4F
:101A700093577748D18F13563740118AD18F135619
:101A80001740218AD18F13161700418AD18F131660
:101A9000370013760602D18F13165700137606040B
:101AA000D18F131677001376F60FD18F1358B70026
:101AB0001356D70013784800098A135587003366F8
:101AC00006011358F700258333660601218B518FD9
:101AD00013161500418A518F13163500137606022E
:101AE000518F1316550013760604518F1316750087
:101AF0001376F60F518F2207D98FB387B7025EC6D0
:101B0000B697B3C7070813D55740098913D7774845
:101B1000498F13D537401189498F13D51740218933
:101B2000498F139517004189498F13953700137515
:101B30000502498F1395570013750504498F1395B6
:101B400077001375F50F598D13D8B70013D7D70049
:101B500013784800098B13D687003367070113D821
:101B6000F700A58333670701A18BD98F13171600E0
:101B7000418BD98F1317360013770702D98F1317AC
:101B80005600137707041E06D98F1376F60FD18FF0
:101B9000A2073367F5003307B702130650024A85E0
:101BA000CE853697B98EB3C4060833F6C402137BCC
:101BB000F60F977002E0E78060FB058905E9834A2C
:101BC0001408014A930B5002B38A9A02814493DAB3
:101BD0000A0126864A85CE85977002E0E78000F9E3
:101BE00005890DC563914A0313FBF40F230F6407A6
:101BF000B250225492540259F249624AD24A424B9C
:101C0000B24B45618280050A137AFA0F8504E3928C
:101C100074FDE9BF797122D426D22E84AA8441466C
:101C2000978502E09385855F0A8506D6972000E0B8
:101C3000E780E02A4146978502E09385255E080803
:101C4000972000E0E780A0293C3010088A85DC87D7
:101C50005C2026855C875C30DC8697E001E0E780CD
:101C600040930347F1011C200145631EF700034721
:101C7000E1011C3001456318F7000345D1013C2008
:101C80001D8D13351500B250225492544561828047
:101C9000011122CC26CA4AC84EC606CEAA841744D1
:101CA00000000324A45B13092500854905C09C306E
:101CB0003830858B6304F700405CCDBF194693052F
:101CC00044004A85EFE03FE7E31835FFF240228504
:101CD0006244D2444249B24905618280411122C422
:101CE00026C24AC006C617440000032424579304A2
:101CF0002500054901E8B240228522449244024968
:101D000041018280A6851305A4022937E30525FF3A
:101D1000405CCDB7411122C426C24AC006C6174452
:101D200000000324A45393042500054901E8B240B0
:101D3000228522449244024941018280A6851305EE
:101D4000A401C93DE30525FF405CCDB7011126CABA
:101D5000644122CC4AC84EC652C406CE2A841D49CC
:101D600093096505054A3C4463E4F4000545A1A0D8
:101D70005834DC2063192705034784026304F70005
:101D80008440D5B7D83083475405E31BF7FE194686
:101D90009305640513856400EFE0FFD98547E311DF
:101DA000F5FED82483479402E31CF7FCFA243E3462
:101DB000E318F7FC0145F2406244D2444249B2497B
:101DC000224A05618280E31DF7FAD8308347540523
:101DD000E318F7FA1946CE8513856400EFE0BFD506
:101DE000E31045FBC1BF011122CC26CA06CE2AC48E
:101DF0002EC6174400000324E445854419E001453C
:101E00000DA09C841830858B6304F7000044FDB757
:101E100019469305A10013052400EFE0DFD1E31775
:101E200095FEF2406244D24405618280EFF06F8AF1
:101E300073000000000000009382C195038302003C
:101E400023800200630F0300F32510342EC0970592
:101E500000009385E5FD73901534EF00405B73003F
:101E6000203086DCEF00A05AE6508280000041114D
:101E70004AC0138981A60327090026C206C61C5F33
:101E800022C4938441A693D76748B5CF9307000631
:101E90001CDF1744000013042453184C9307000858
:101EA0006317F7009C409C4393F707041CCC1C402D
:101EB00093F7070489CB83A74196829748D81C40A3
:101EC00093F7F7FB1CC01C4093F7070289CF1C4017
:101ED00003A781A7B706080093F7F7FD1CC05C5461
:101EE00014C786077CD71C4893F7070489EF8547FA
:101EF0005CC83707020083A781A798C71307000CA7
:101F000018C81854F8D383270900985F1357474817
:101F100011CF985F1367070198DF83A781A723A2DA
:101F200007068547174700002328F74A9C40D843F7
:101F30001357174819C7D843759BD8C3D843799B03
:101F4000D8C3B240224492440249410182800537FD
:101F50007300203097470000938707473707040036
:101F600088DB698F01CF03A781A7FD5634D7974639
:101F70000000938666E9D84E0507D8CE1377850012
:101F800019CF984783A681A61367170098C7130730
:101F9000000898CBD856719B13671700D8D61377D3
:101FA000150001CFD84383A681A613671700D8C3B5
:101FB000D856719B13671700D8D61377650019CFD1
:101FC0001377450059C398431367170098C383A636
:101FD00081A6D856719B13671700D8D64167698FC1
:101FE0000DC39746000083C66622C18A17470000CA
:101FF0001307871AA5C28346470793E60602230AFA
:10200000D70637070200698F01CF984B137707086F
:1020100019C3054798CB83A781A73707020098C744
:10202000B70708007D8D0DC1174700000347171E35
:10203000058B97470000938727161DCB03C75707CB
:1020400013672700A38AE7068280D8471367170023
:10205000D8C7B5BF834647070946BD8A6388C6000F
:10206000834647070D46BD8AE39DC6F8914641BFAA
:1020700003C75707118B69DB03C75707136787002F
:10208000D1B783A681A7174700001307E7331C4386
:10209000858B91E75C43858B99E3FC52EDFB974779
:1020A000000023AD07328280938681A62A8788426A
:1020B0001C5D93D75748D1E781C51C59BD839CA1AE
:1020C00015C69C42945BC60693D7660163D606008C
:1020D00093E707C0B3C707088316060093975760B6
:1020E000B9C6BE968947B3C6F60216A283A781A7D2
:1020F000BC4B083393D757488DCF29C5974600006E
:1021000083A6062E93F606049307950009459DCAFB
:10211000BA979C230547194593F6F7066394E602A0
:1021200001459397476063DF0700394582801EA20F
:1021300075BF2A9748331375F5077D153335A00011
:1021400082800545828083A701A799CB944BD04B11
:102150009842518F98C294439C479842D98F9CC211
:10216000138681A70548184283A681A697470000D9
:10217000938787256312050503A8060013680808DE
:1021800023A0060183C62702B3C5D52054479385F3
:10219000A50C13981649232607010F1000001842BA
:1021A00037060200860510C71306000890CB6CD3D3
:1021B00054C72386A1A6828088421375F5F788C28A
:1021C00083C62702B3E5D52054479385E50E1395C2
:1021D000164948C70F10000018423706020086054E
:1021E00010C71306000890CB6CD354C70945D1B76C
:1021F000411122C4AA8706C626C22E85138481A750
:10220000B285DDE71C40F8537DFF3707020098C711
:102210009747000023AE071A97440000938444C1F7
:10222000DC5085C7B7E700E03707200023A0E72888
:10223000B7F700E0938707D0984B6D9B98CB984BEE
:102240001367870398CB73005010F53D83A781A6D1
:1022500098431317772998C3D857719BD8D79747B6
:10226000000023AD07169747000023A107161C4066
:10227000094798C3DC5099CB37F700E0832707D193
:1022800093E787002328F7D07300501014401747B6
:102290000000130767131C47858B91E75C47858B0C
:1022A00099E3FC52EDFBB24022449244410182800A
:1022B0000D47639EE7049747000023AB071097473D
:1022C000000023A9071097440000938464B6DC50F3
:1022D00085C7B7E700E03707200023A0E728B7F756
:1022E00000E0938707D0984B6D9B98CB984B136772
:1022F000870398CB73005010B93583A781A6984304
:102300001317772998C3D857719BD8D7A5B7054716
:10231000E39EE7F697460000938686B1DC5285C7B8
:10232000B7E700E03707200023A0E728B7F700E071
:10233000938707D0984B6D9B98CB984B1367870377
:1023400098CB730050101C40D04713171649D8C7BC
:102350000F1000001C403707020098C71307000841
:102360009745000023AAE50603A781A61843135743
:10237000774819C71307E018F8D3D0C7DC52E5BD7A
:102380001307E01AD5BF83A701A789CFD44303A8B9
:10239000870098423367070198C2D447DC4B9842C4
:1023A000D98F9CC2054783A781A69505631EE502C8
:1023B00098431367070898C3984F137707C01367AC
:1023C000A71398CF13078007B8BB9397350093875F
:1023D000C70317470000130727FF1CD72386A1A6B2
:1023E00019C2060610D78280984309451377F7F77C
:1023F00098C3984F137707C01367271398CF130715
:10240000F007B8BB939745009387C703D9B783A755
:1024100081A78847D847798D11C588C783A741A769
:1024200091C382878280896703A781A7938707F476
:102430007CD383A681A883A7060993D7A74991C710
:1024400083A7060993D7974999E37C53EDF78280D8
:102450004111B7E700E022C480433707200006C6D9
:10246000798C23A0E7180F10000011C199E5B7E798
:1024700000E023A08710014549A80D053345050854
:10248000130740037199B34705086362A70203A5C8
:10249000C1B183A641B1639FA6001747000003277F
:1024A000279C71D7C207DD8D05450297C9B703A5E3
:1024B00081B1C5B77A2131EF5A21636CF704B306B5
:1024C000F740214817460000130606946375D802AA
:1024D0008328050003586600938687001D8FAA96FF
:1024E0006117DAA223A016012393060014C15EA18E
:1024F000130788FF7AA27A226EA12105B307F7405D
:102500007EA2B7E700E023A08710B2402244410139
:102510008280084149B7B7E700E08C4337072000C5
:1025200023A0E718F98D0F10000001E523A0B710D4
:10253000828003A3C1B183A841B19A87814663F821
:10254000170903A807006367F5086365A8081387E0
:102550008700636EE506F223216705076317E6002F
:102560001386F1A21822050718A2174500001305CB
:10257000A589D2237A21239307003297334707088E
:102580007AA16383670203A381B1630FF30003D3CE
:102590006600631B0300DE2223A0060121073E968E
:1025A0002106D2A27AA1B68798436302170383A6B5
:1025B00081B1630ED700762399EAD62352231843BC
:1025C000A106B296D6A398C37E21A1077EA1B7E744
:1025D00000E0A9BFBE86C2879DB7AA8703A7C1B185
:1025E00003A641B1B305B5406314E6003E8529A8B2
:1025F000930687001843E3E9D7FEE3F7E7FE2E854D
:10260000E3E4D5FEE3F2E5FE8280411126C206C670
:1026100022C44AC09744000083A484BD638304108D
:1026200003A4C40AAA86054535C03C241307700AD2
:102630006390E70858301C34174900001309498497
:1026400003268900B387E7020357C900B387E7026F
:102650001307003293870719B3D7E70203A744098A
:102660003E97BA846364F7006364C700B304C7404D
:1026700083A7419684C28297B387A44063F5A400E0
:1026800003278900BA9789EB1305F00FB240224463
:10269000924402494101828058309306204E33070C
:1026A000D702E3F3E7FE930780FA3CA40145F9BFA4
:1026B0001307800AE39AE7FC83A7419682972A8949
:1026C0003545EF10E06FAD4717470000232CF7D0DA
:1026D00058301C34173600001306867AB387E70299
:1026E0005A261046B387E70213070032938707196B
:1026F000B3D7E70203A744093E97BA866364F7009D
:102700006364C700B306C740E310D9F8175502E069
:1027100013058534EFE0AFF883A781A70947F8D701
:10272000A5B70545A5B7397156D2974A0000938AD7
:10273000AAC983A70A033707080026DA06DE22DCC7
:102740004AD84ED652D45AD05ECE62CC66CA6AC837
:102750006EC6F98F9744000083A484A96384071C84
:1027600083A9C40A83C7990003A4C90092073E94B1
:102770002820B14705053305F5025E203E95334517
:102780000508EFE08F9AAA8C6305051A130DC500A2
:102790002324A50134203146370B0300B386C6023B
:1027A000231304000149138A81A7938B81A6938D7B
:1027B00081A8130B8B15054CEA9654C483C6790087
:1027C0009307D00783250A00B386F602C1679CC52C
:1027D000370833008606B4D183A60B0090421376E7
:1027E000F6CF90C290421376F6CF1366062090C2C1
:1027F00003A50D0010453366060110C503A60900A8
:1028000023A865059305500290C672205444B296E1
:102810002324DD0014300146CA96A301DD0003C560
:1028200004089746000023A306BAB13E83260A0097
:10283000CC4613961549D0C60F10000083260A0017
:102840003706020090C61306000823A8CA0003A694
:102850000B00104213567648631F860B1306E018D0
:10286000F0D2CCC617460000232A06B61746000051
:10287000232E06B423A08601EFF0BF80EF10A04CFA
:1028800083A64A00858AD9CAEA852685976002E030
:10289000E780A0220DE903465D0049C276204E2064
:1028A000B29663DDB606B428AC4803258D00918E40
:1028B0008906B695EFE08F9623020D0003465D0072
:1028C0007620B29676A003260A00310D3452FDFE22
:1028D000342005091379F90FE362D9EE9C2466854B
:1028E000A381FC001C20A3820C002383DC00238234
:1028F000FC006254F250D2544259B259225A925AB0
:10290000025BF24B624CD24C424DB24D2161171327
:1029100001E0670003AB1306E01A99B7FD562302E6
:10292000DD0055B783A781A7FC5781C78547238E54
:10293000F194F2506254D2544259B259225A925AE6
:10294000025BF24B624CD24C424DB24D216182800F
:10295000411122C406C626C24AC02E848DCD13F969
:1029600015008147414763020904131745003E974C
:10297000B1463307D70283A44197B317F02833C970
:102980000708BA949C40C840829723A0040023A261
:10299000040033448900B240228522449244024913
:1029A00041018280B356F448E9F28507E39CE7FED3
:1029B000CDB7011126CA06CE22CC4AC84EC6AE8477
:1029C000A1C593F7150001444147B1CB93174500CA
:1029D000A2973147B387E7029389419703A909007A
:1029E0003E998327090081C7032549008297314713
:1029F0003307E40283A70900BA979C478DC73314B5
:102A00008028B3470408BD8CF24062444249B24971
:102A10002685D24405618280B3D68448C5FA050470
:102A2000E31CE4FECDB72320090023220900C1BF27
:102A3000AA8703A5C19611E182803A216315B700E8
:102A40001821E30BF7FE4845FDB77971B7E700E0C1
:102A500022D4804352CC06D626D24AD04ECE56CA75
:102A60005AC85EC662C43A8A37072000798C23A010
:102A7000E7180F10000005E123A087100945B250A8
:102A8000225492540259F249624AD24A424BB24B02
:102A9000224C4561828083A74196B6892A89AE8AF5
:102AA000328B938B4197829703A70B008144B146E9
:102AB000C147338CD40233068701104235EEC1651D
:102AC000938505F04145EFF0BF9819ED9737000069
:102AD00083A7073981C7814511458297B7E700E091
:102AE00023A087102D4561BF1387C1961C43A1E326
:102AF00008C323000500B31790283EA183A70B004D
:102B0000232605002324650123224501E29723A003
:102B1000270123A2570123A44701638409002380CE
:102B20009900B7E700E023A08710014589BF3E87E1
:102B3000DC47F5FF48C775BF8504E39CF4F6B7E7AB
:102B400000E023A0871021451DBFB7E700E09843B0
:102B5000B706200023A0D718758F0F1000009736F6
:102B6000000083C6762A6371D50283A601973325B8
:102B7000D5201621D58D0EA19736000023AE06284C
:102B800023A0E7100145828023A0E7100D45828035
:102B90000111B7E700E022CC80433707200006CEC2
:102BA00026CA4AC8798C23A0E7180F100000BD4739
:102BB00063E7A70431473307E50283A74197BA9734
:102BC0009C4395CF3315A0282E89B34505080145B0
:102BD0002EC6B93DAA8409C9B2450145973000E027
:102BE000E780A0CE23A42401B7E700E023A087104C
:102BF0000145F2406244D244424905618280B7E710
:102C000000E023A087100945EDB79736000083C682
:102C1000265483A7419F01476394E60001458280C3
:102C20008E23138687026394A5003E858280050764
:102C30001377F70FB287CDB79737000083C7575187
:102C4000AA86850703A501A0014712216307D600C4
:102C500005071905E36BF7FE014582802A8703A566
:102C600081A011E182801C45B227636BC700035825
:102C70004500B306C8006355D7008146639406013A
:102C80000841C5B703D3A700938807016316E30083
:102C900091C192A13E8582808506C687B3C606088B
:102CA000F1BF9736000083C6A64A83A741A3014718
:102CB0006394E60001458280AE231386C7036394C4
:102CC000A5003E85828005071377F70FB287CDB741
:102CD000411122C406C6973700002389075203A476
:102CE00041A405C06C390145B315B028B3C505082A
:102CF000973000E0E7804008930710273305F5027E
:102D000002942244B2408145014541016FE00F9A8F
:102D1000411106C6383D19C73425631ED702B2409B
:102D200041017DB73C2DE5DF3825E30AF7FE3CA5E0
:102D3000814517E5FFFF13050557EFE02F979737FC
:102D4000000083C7E71489C783A781A75147F8D339
:102D5000B240410182803C2D89C7E39AF6FC38A538
:102D6000C1BFD5FEEDBF41114AC01739000013099C
:102D7000A9658327890022C426C206C697340000AD
:102D800093848441858BE0509DCB9737000023A12D
:102D9000076483C74407C18B85CFEF00D07A83C710
:102DA000440793F70702E5DF83C74407228593F7BB
:102DB000F70C238AF406972001E0E780E000EF009B
:102DC000907822852244B24092440249410109B7D9
:102DD00083C75407858B91CBEF00F0768D47230E88
:102DE000F406BC5822858297D9BF83C7440715478C
:102DF000BD8B6395E7048347B4060345340601465B
:102E0000930550025D8DEFF00FD8014681450545D1
:102E1000EFF00FBE8327C900858BD5D32285973766
:102E2000000023A9075A972001E0E780A0E141F9BB
:102E3000B2402244924402494101828083C7440740
:102E40001947BD8BE39DE7F68347B4060345340677
:102E50000146930550025D8DEFF0EFD201468145AA
:102E60000545EFF0EFB88327C900858BA9DB2285E4
:102E70009737000023A00756972001E0E78000B6AF
:102E80007DB7411122C426C206C67C2578452A8416
:102E9000BD8B1CA91CA31D4764456395E7340547FA
:102EA000B8A08347F5058D466393D7185E2DCDE313
:102EB0007C491147B18B638DE70831476398E70080
:102EC000034715068347F5076304F7088547BCB039
:102ED00019469305640313854400EFD03FB4BC202A
:102EE000990793F7F70FBCA003470406137707046D
:102EF00001CFB83013670704B8B07844BA97583890
:102F0000B8B3BC208507BCA09737000023800730EA
:102F1000BC2013F7F703050718B80347E4051A07A1
:102F2000D98FBCA083475403858B91E703474403A3
:102F300089476317F70078441C2393E707041CA311
:102F40007C44183898B3B2402244924441018280B4
:102F5000A147BCB08357C406973500009385C523AD
:102F6000138681A7DCA08357C40603471406744464
:102F7000A1831207BD8BD98FDCB2B42085478906A7
:102F800093F6F60FB4A01737000003472728631EF7
:102F9000F706183C9387E6008E07231AF4069387FA
:102FA000C708B387E702794510420948238A050715
:102FB000C1650CC6938707FBB3C7070893877716CD
:102FC000B3C7A70233C70708B387A70286073CD257
:102FD000BC3093E70701BCB07C44B6978346240617
:102FE00093E60604B4B3B4207C44B697D8A3B420C7
:102FF0007C4421837D8BB697834634069606558F95
:10300000D8B3BC208D07BCA021B71042F947385275
:1030100005833357F7023C5268528583FD8BAA978C
:103020007CD28D47238AF5063347070855B71946E2
:10303000639BC7125E2DC1E393056503B8B013858A
:103040004400EFD0BF9DBC201385A4009907BCA00D
:10305000BC3093E72700BCB083475403898B95CFDE
:103060000C58BC299DCB1946D105EFD03F9B784425
:103070001C2393E707F81CA3BC20990793F7F70FCD
:10308000BCA00347040613770704E30F07E6B43038
:10309000784493E60604B4B095B58347D40391C74A
:1030A00078441C2393E707F81CA319469305E4030F
:1030B000EFD0DF96D1B7A147BCB08357C506DCA0DF
:1030C0008357C506034615066C45A1831206BD8BC2
:1030D000D18FDCB1B020173500001305E50B9385C7
:1030E00081A709061376F60FB0A09737000083C7B3
:1030F000E7116398E704183C9307E6008E07231A4C
:10310000F4069387C708B387E70279488946230AFC
:10311000D5069441C1658CC6938707FBB3C70708E2
:1031200093877716B3C7070333C70708B387070327
:103130008607BCD2BC3093E70701BCB07C44B29791
:1031400071BD8C41B851F94705833357F702BC5123
:1031500003A845068583FD8BC297FCD1230AD506BB
:1031600033470708C1BFA147BCB08357C506DCA0E1
:103170008357C506034615066C45A1831206BD8B11
:10318000D18FDCB1B020173500001305E50009062A
:103190001376F60FB0A09737000083C7270783A5E3
:1031A00081A7E391E7FA183C9307E6008E07231AFC
:1031B000F4069387C708B387E702F9460948230A4C
:1031C0000507416588C5938707FBB3C70708938741
:1031D0007716B3C7D70233C70708B387D702860766
:1031E000BCD189BF0547639EE706B1471CB9834739
:1031F0005503898BA1CB0C59BC29A9C71946D10508
:1032000013858400EFD09F8178441C2393E707F84F
:103210001CA368441946930564030905EFD01F8079
:1032200011679737000083A72704F98FE38C07CE37
:103230007C24B98BE39807CE78441C2393E70702DC
:103240001CA3CDB18347D40389C79C2093E707F81B
:103250009CA0684419469305E4032105EFD00FFCB8
:103260004DBF522D0C559307660093F7F7031CB919
:1032700013858400E5B7011126CA973400009384B2
:10328000A4149C4422CC06CE173400001304C4F0CE
:10329000858B6850C9C32AC69737000023AA071236
:1032A000EF00702A03474407894732456307F70058
:1032B000034744078D47631CF70283A681A7BC52CE
:1032C0000357450785831307C71263F2E702BC5211
:1032D0008583B1C3914703474407E31EF7FE624469
:1032E000F240D2440561172301E0670003D6382D70
:1032F0003C3D09CF34256309D7026388F60238A51F
:103300006244F240D24405616FD0BFE199CF3825C5
:1033100009EF3CA5F5B72AC6EF00F022624432451A
:10332000F240D24405616DB2EDF7DC4CEDF7034796
:10333000440789476307F700034744078D47E31CA9
:10334000F7FC914703474407E31EF7FE49BF630EAE
:103350000530011122CC06CE26CA4AC84EC652C438
:1033600056C2582585472A846316F72C97370000E4
:1033700093878705D44F1547638AE600D44F0D47DE
:103380006386E600D84FAD476312F7026C3862449B
:10339000F240D2444249B249224A924A014505616B
:1033A000B315B028B3C505086FF02FFA163113070F
:1033B000006497340000938424DE3347D7029C20B6
:1033C000E8D0850793F7F70F9CA063CAE700973012
:1033D00000E0E78000DE97370000238F07DA7824CB
:1033E0009D47631FF70483479406B1C383560407C0
:1033F00063ECF6020C24930730041CAC1305300474
:1034000093F6F60F0146970002E0E780009F2285C1
:103410006244F240D2444249B249224A924A05618A
:10342000172301E06700E37085062318D40693058F
:1034300030020545973000E0E78080D02301A406E4
:103440000549238A2407183C8D47631CF70E9720F3
:1034500000E0E78020410D89630F051463162517EE
:10346000930760023CA4930750023CAC93077002A0
:1034700078243CBC85476302F70889659385F5701D
:1034800013051027173A0000130A8A9F8349740115
:10349000973000E0E78040CD0E30835ACA002A8979
:1034A00013060064B3855503814613850532B33591
:1034B000B500975002E0E7802070AA84B335590325
:1034C00037460F00130606248146330559039750EB
:1034D00002E0E780606E83270A00AA948297B30710
:1034E000950003278A00BE8563E4A70063E4E70034
:1034F000B385E7404E85EFF0AFE983475403898BEE
:10350000E9CB8347C403F1C70C58E1C5BC25F1C31F
:103510008947230AF4021946B10513056403EFD065
:10352000EFCF0347C407894763E9E70A228562446E
:10353000F240D2444249B249224A924A05616FD0D0
:103540005FBE89467C346315D70213F7170019CB89
:10355000898B1307500291EB9307700238A43CAC9F
:10356000814739B713076002C5BF93076002FDB7F3
:1035700099CF93F617001307500291E6898B13B782
:1035800017001307670238A4230D0400D1BF3C2C99
:10359000130740026368F700930750023CAC3C2CD1
:1035A0003CA47DBF850793F7F70F3CAC130770026F
:1035B000E364F7FEEDB713077002930750023CACCB
:1035C00038A4930760026DB5130750029307700289
:1035D000FDB78547230AF402A9B70327C40A83A6C7
:1035E00041963C27ADC31C37583397340000938471
:1035F00024899044B387E702DA24B387E7021307EC
:10360000003293870719B3D7E702032744093E978F
:103610003A896364F7006364C7003309C740829640
:10362000B307A9406374A9009844BA970357640785
:10363000E3FEE7EEF2406244D2444249B249224AF4
:10364000924A0561828083248409829663E9A400FA
:10365000835764073385A440E37AF5ECE1BF9737DD
:10366000000083A76782BE94E5B7828001114EC631
:1036700097390000938949B222CC03A4C9094AC8EA
:10368000172900001309C97F0357C90026CA8354AC
:1036900064088327040906CEB384E40237470F0089
:1036A0009306F7231307072452C456C25AC0B69490
:1036B000B3D4E40263EE9702138A4196B384974031
:1036C00083270A00829763E9A4023385A4406349F3
:1036D000050283570404A30F040085072310F40494
:1036E00083470414639E07102285EFD07FFA21AA36
:1036F00003278900BA97C9B783278900BE94F1B719
:1037000083270A008297032784086366E50A198DD8
:103710007E3C0357C9008E07B387E70213070032C8
:1037200093870719B3D7E70263ECA708B74A0F00DE
:10373000138BFA23938A0A248357040485072310E2
:10374000F4048347041481E72285EFD07FF42285B7
:10375000973001E0E7806025631305240326040900
:103760000327C408832689003297BA876364C70099
:103770006364D700B307D740783C0356C9002328B9
:10378000F408050778BC035764083307C7025A9743
:1037900033575703B384E74063F5E700998EB3844A
:1037A000F60083270A00829763E6A4043385A440C9
:1037B000E34405F839BF83278900998F3E9589BF77
:1037C000A1452285973001E0E7804016A305A402B9
:1037D0009727000083A7C7686383071C6244F240F1
:1037E000D2444249B249224A924A024B8945154580
:1037F0000561828783278900A6973385A7404DBF3F
:103800002285EFD03FF32285973001E0E780E01971
:10381000631705180355C90083576408B7460F009E
:103820001386F623B387A702938606240327040989
:10383000230B0402832A8900B297B3D7D702636AA5
:10384000F716B307F7408326C4082324F408014B76
:10385000B387E600BE8463E4D70063E45701B38412
:1038600057411E3023289408A1CB835604045A30B4
:1038700037460F0056B03387E640B387E7023A3049
:103880001306062481468145BA97B3C707083385D6
:10389000A7023EB0975002E0E780003211CD269596
:1038A000B3349500A695AA876314BB0063645501E1
:1038B000B30755412328F40883270A008297AA8476
:1038C00083270A008297E30D95FE83270A0083244D
:1038D0008408829763E4A40E3385A440630B050E2D
:1038E000035AC90083576408B7440F001387F423B1
:1038F000B387470393840424BA97B3D79702172753
:10390000000003477754BA9763E5A70CB3359502D7
:10391000835A24025286814633059502975002E06D
:10392000E78080293389AA0033854A0337460F0090
:103930001306062481468145975002E0E780C027A0
:1039400015C1B337950252868146B385B4023385DB
:10395000A402BE95975002E0E7800026B38AAA40F1
:10396000231154033545A92923AE890838348547E6
:10397000631AF704930700FD7CA4814503A5C1A544
:10398000EFD0CFD2954717370000232DF7A4370784
:10399000100083A781A798C7060923A82707F2402C
:1039A0006244D2444249B249224A924A024B0561DA
:1039B0008280B3065701B387F64071B5832789002B
:1039C000BE9419BF930710FC7CA4814503A541A5B3
:1039D00045BF9737000023AF0784834709018DC394
:1039E00003A581A4EFD06FEC624483274900F24025
:1039F000D2444249B249224A924A024B0561828727
:103A0000834594026244F240D2444249B249224A78
:103A1000924A024B01450561B315B028B3C50508AC
:103A20006FF0AF92011122CC26CA4EC606CE4AC80C
:103A300052C456C25AC038358547832405092A84A2
:103A4000AE896314F70C83570508835AC503172AF8
:103A50000000130AEA42035BCA0063FC57191429E9
:103A60006399E61803278511631507180327450A8C
:103A70006311071874351D47639DE6162A3DB38A06
:103A8000FA409307204E330555030329440937466E
:103A90000F001306062481463305F5029727000020
:103AA00083C7873A33592503B335AB023E9933496F
:103AB0000908231324093305AB02975002E0E7807D
:103AC000A00FB307950033B5A7002E9503278A00F2
:103AD000BE8419E163E4E700B384E740B3076903F8
:103AE00037470F009306F7231307072423A09900F5
:103AF000B697B3D7E702D69763E4F4009D8C31A064
:103B000003278A00B307F740BE94138941968327A1
:103B1000090023A09900829763E2A4103385A44092
:103B2000635D050A83270900172B0000130B4B3533
:103B3000829703A709006369E50E198D7E3C035740
:103B4000CB008E07B387E70213070032938707196C
:103B5000B3D7E70263EFA70C374A0F00930AFA23A3
:103B6000130A0A248357040485072310F4048347A7
:103B7000041481E72285EFD0BFB12285973001E0A0
:103B8000E780A0E261E5832604098327C4080327B0
:103B90008B00B697BE8463E4D70063E4E700B38488
:103BA000E7407C3C8356CB002328940885077CBCE7
:103BB00083576408B387D702D697B3D7470363E622
:103BC000F40A9D8C8327090023A09900829763E162
:103BD000A40A3385A440E34705F89727000083C76C
:103BE000B72663E6A7069727000023A5876401454B
:103BF000B9A88357640837470F009306F723B387A4
:103C0000670313070724B697B3D7E702E3F8F4EE88
:103C100003278A002697B304F740C5BD9727000005
:103C200083A78726BE94DDBD83278B00998F3E95A1
:103C300031B7A1452285973001E0E78020CFA30569
:103C4000A4029727000083A7A72181EF7D55F240AA
:103C50006244D2444249B249224A924A024B056127
:103C60008280894515458297D5B71D8FBA9499BF33
:103C700083278B00BE94B1BF83A781A698433706E4
:103C8000CEFF7D161377F7CF1367071098C303A7EE
:103C900081A81447370803001375F51FF18E14C768
:103CA00083A681A723A8060523A40700904B93F5BC
:103CB000F507130888151366F60390CB9043136637
:103CC000060890C3F04F137606E0498EF0CF23AC80
:103CD000070423A007065057759A50D790431376D0
:103CE00006F84D8E90C31306401FF0D21726000031
:103CF0002326066E17260000232A066C054690C26E
:103D00009043B70533001376F6CF90C390431376F4
:103D1000F6CF1366062090C310474D8E10C723A818
:103D20000605D8531317F728D8D32547F05201C6F4
:103D3000B04FE37DC7FED8531317F748D8D3A85325
:103D4000133545008280138781A71443BC4ABD9B6D
:103D5000BCCA01000100010001001C43B44B93F6F2
:103D6000F68FB4CB944393E6860094C30100010020
:103D70000100010083A681A69C4293F7F7CF93E749
:103D800007109CC203A681A81C46B706CEFFFD16ED
:103D9000F58F1CC61C4337070300B8CB83A701A7C8
:103DA00099CBD44390479842518F98C2944BDC4BA7
:103DB0009842D98F9CC29727000023A50762828072
:103DC00083A781A79C438D8BE9C74111B7E700E02A
:103DD0004AC003A9070026C23707200006C622C42E
:103DE000AA843379E90023A0E7180F1000001724F4
:103DF00000001304645D584C8D47631AF700972741
:103E0000000083A72736014681454545829719471B
:103E10006391E4048347140289CB834704026396C9
:103E2000970097270000A381075C584CA1476315B2
:103E3000F700930780101EB0238E01942937B240FB
:103E40002244B7E700E023A0271192440249410130
:103E500082809D47639BF40083471402F9D7034790
:103E600004028D47E313F7FC6DBF544C6389E600F1
:103E7000584C6306F700584CA147E31FF7FA8347F5
:103E80001402DDFB5C4C2300F4028547A300F4021E
:043E900065B7828010
:103E9400971100209381C1BC17C101201301411661
:103EA4001305400097C5FF1F9385851517C6FF1F8F
:103EB4001306C63463FAC5008322050023A0550007
:103EC40011059105E3EAC5FE17C5FF1F1305452833
:103ED40002852A8309CA83830500230073007D16A3
:103EE400050385056DFA82802A8311C62300B30079
:103EF4007D16050365FE8280B717004003C777056A
:103F04001377E70FA38BE704130700F8A38DE704E7
:103F14003D47238CE70413075003A38CE70403C72E
:103F2400A7051377D70F238DE70482803717004046
:103F34008347E70412054111BD8BC98F93F7F70F2F
:103F440093068008F3B6068093F6860836C60F10EB
:103F54000000930670052300D704930680FA23001B
:103F6400D7040F1000002307F70423000704B24707
:103F7400F3A707800F1000004101828041112A83BA
:103F84000148930E407E130F0019930F4006B34867
:103F9400030863EF1E01130300193373650285429E
:103FA400FD4363F6B2088D4F214F930E4006A1A046
:103FB4007D13336EE3039308E016630E0E00336E35
:103FC400F3039308D01663080E009378330093B874
:103FD40018009388D816C29833C808084DBF93F8C0
:103FE4001500138EF5FF637CBF02F908C29833C82D
:103FF4000808B3450E08E394F5FF8545630B0300F9
:10400400B378D5038145638608009375350093B56D
:104014001500F105C29533C805088945E9BFB38881
:104024001341C29833C80808B3450E089DBF7D16D6
:10403400329879463307C70213D61700BE073348B0
:10404400080832976146B3F6C60213068070B38639
:10405400C6023697A166F58F4207D98FB71600407E
:1040640003C7F60213770708D883908303C7F602C1
:1040740013770708E316E6FE9883B71600404DCF82
:104084001307800873370780137787083AC40F1023
:10409400000037170040930670052300D7049306E9
:1040A40080FA2300D7040F100000232A0703834655
:1040B400170393E60608A308D70223000704224740
:1040C400732707800F1000001166371700407D1614
:1040D400545B4C5FAD8EF18EE5FE93068008F3B61B
:1040E400068093F6860836C60F1000009306700506
:1040F4002300D704930680FA2300D7040F1000008E
:104104005CDB8347170393E70704A308F702230044
:104114000704B247F3A707800F1000004101828013
:1041240003C7F60213770708D883908303C7F60200
:1041340013770708E316E6FE98837DD391B791477A
:1041440063ECB704976702009387C70EB3C5F520E5
:1041540098413E97B71700409387470B02879443D3
:1041640037170040B3F6A64094C39306070B9C424E
:10417400B3F7A74019A8944337170040B3F6A640F5
:1041840094C39306070B9C42C98F9CC29307070AEA
:1041940098433377A74098C38280944337170040ED
:1041A400C98ED9B798433377A74098C3B71700404F
:1041B4009387070A9843498FF9BF9843498FF5B706
:1041C40019C5371700401E2FCD8F1EAF8280B71739
:1041D40000409A2FB375B7408EAF8280B717004066
:1041E4009A279306000C21651377070C630ED704F6
:1041F4009A27137707100DC79A279E277D8B09EB03
:1042040093F7072095CF3755E80113050580828081
:1042140037C59812FD8B130505E03345F5028280FE
:104224009A279E2713770720FD8B11C73755E8017E
:1042340013050580DDB73725F40013050540F1BFEC
:104244003725F400130505408280B7F700E088475E
:1042540082803285814737370040A14663C3A70077
:1042640082803037E30FD6FE3386F50010228507AF
:1042740010A7EDB797060020938686FEAA8788428A
:10428400172700201307C71DAA9763E9E7000A87C9
:10429400130707FC6364F7009CC282807D5582800B
:1042A400411122C406C62A84153F2947B307E502F3
:1042B400B2408D83B3D7870222449507B3D7E70270
:1042C40037370040B3C707085EA741018280716594
:1042D40041111305052006C6E137B737004013071F
:1042E40070F8B8A30D47B8B31307000498B3054793
:1042F400F8A7B240410182803285D041411106C6FF
:104304000C32034806000D66A205B3E505019308C7
:10431400A6A21398556063C80803130626A263581F
:10432400060375761306C65DB2951946B3C505082E
:104334006363B60217680200130808F1B3C50521C8
:10434400904142960286130606A5630DC80E23907B
:104354000600A94515A01D469D45636FE60021464C
:10436400198E3356F60A9385C19092A2BA9597C0D6
:10437400FF1FE780606A8145B2402E85410182803B
:104384002D469D45E36AE6FE3146198E3356F60AFC
:1043940097650200938505F492A2C9BF31469D45F5
:1043A400E36CE6FC3546198E3356F60A976502002F
:1043B400938545F192A25DBF41469D45E36EE6FAC1
:1043C4004546198E3356F60A97650200938545EEE5
:1043D40092A269BF41469D45E360E6FA4546198EBF
:1043E4003356F60A97650200938545EB92A2BDBF4A
:1043F40041469D45E362E6F84546198E3356F60A72
:1044040097650200938545E892A28DB741469D4584
:10441400E364E6F64546198E3356F60A97650200BC
:10442400938545E592A299B735469D45E366E6F442
:104434003946198E3356F60A97650200938585E24C
:1044440092A22DB719469D45E368E6F2998D33D6BD
:10445400F50A970500209385E5E092A201BF97062F
:1044640000209386E6A24146CD451705002013059A
:10447400E5A26F90E03C2D4825E73285902109475D
:10448400631DE604D841411106C6102318332207E0
:10449400518F4166130846FE63030703636CE8000B
:1044A4007D07054633470708637BE6002390060033
:1044B400294805A01516E31BC7FE154711A005479B
:1044C400CC4533D6E70A92A297C0FF1FE780C054B9
:1044D4000148B2404285410182802390060005488C
:1044E40042858280411106C622C426C280251374E7
:1044F400040251E884210948AE876398040903A89B
:104504004500B288834E0800034818002208336827
:10451400D801C16E138F1EFE6302E8038D1E63086B
:10452400D8058D67938727902944631CF802224499
:10453400B2409244854741016F70901929EB0547B9
:104544006369D704C8470546C68597C0FF1FE7803F
:10455400A04C814483A7019389C79C4399C32685B2
:104564008297B2402285224492444101828005E32D
:1045740005476360D702C8470546C68597C0FF1F35
:10458400E7808049C1BF2144E9BF0544D9BF2D4418
:10459400C9BF3544F9B7C167F917630CF502411176
:1045A40022C406C685472A84639AF50022852244DC
:1045B400B2409385C19141016F90803289476396DF
:1045C400F5008545EFB0C02675D1B24022444101C3
:1045D40082808280411122C42A8441659385C191DD
:1045E4007D1506C6EF90C02F170500001305E5FAE8
:1045F4000588EFB0001B05C02244B2409706002096
:104604009386C69C4146C545170500201305C59CE5
:1046140041016F90E022B240224401454101828071
:1046240009C523A8A192014582804545828011478E
:10463400636EA706976602009386C6CA3345D520E3
:1046440018414111AE87369706C6B28502870547E1
:104654006145639AE70005461385C19297C0FF1F21
:10466400E780803B0145B2404101828005476145B6
:10467400E39BE7FE054613858192CDB70547614567
:10468400E393E7FE054613854192C9BF054761459B
:10469400E39BE7FC054613850192C9B715476145BD
:1046A400E393E7FC1546138541914DBF094582808C
:1046B4001147AA876369A704176702001307C7C3D2
:1046C400B3C7E7209C43411106C6BA972E8582875B
:1046D40005469385C19297C0FF1FE780E033B2403F
:1046E400014541018280054693858192EDB70546D7
:1046F40093854192CDB7054693850192E9BF15464E
:1047040093854191C9BF09458280411122C42E84F9
:104714009385C19126C206C6AA84EF706076058986
:1047240019CD9707002083D7C7961EA0A2852244DF
:10473400B24026859244014641016F80803AB240DE
:1047440022449244494541018280411193962500B7
:10475400AA852D4506C697C0FF1FE780A0E9B24091
:10476400014541018280011122CC06CE371400405C
:1047740026CA4AC84EC652C483447405034AB405C3
:104784008349840503499405EFF00FF78347A40593
:1047940093F4F40F137AFA0F93E71700230DF4043C
:1047A40093F9F90F1379F90FB717004003C7A70559
:1047B400058B6DFF03D5C705A38D4705238C3705EE
:1047C400A38C2705A38B9704F2406244D244424948
:1047D400B249224A05618280411122C406C62E8450
:1047E4009397556063DF070097C0FF1FE780C019E8
:1047F40019C1EF0050771315F468B2402244410107
:10480400828093F7150013C51500E5FB8967ED8FCA
:1048140099CFEFB0E16237F60200130606E089652E
:1048240003C58193EF10001B1315D468F9B7116504
:104834006D8D61D517650200130545ADEF409204F7
:1048440013060064916503C58193EF10A018131536
:10485400E46865B72D71232A9110FD74E98C232C2B
:10486400811023282111232631112A84AE8932890B
:10487400930600100A86A6852D45232E111097C095
:10488400FF1FE78020D7131544014981139629009F
:10489400CA850A9597C0FF1FE7800018A68585661C
:1048A4000146254597C0FF1FE780C0D40A86A68528
:1048B40093060010294597C0FF1FE780A0D38320EB
:1048C400C111032481118324411103290111832976
:1048D400C11015618280011183A7819006CE22CC7C
:1048E40026CABD8B21476399E700AD37F240624485
:1048F400D244014505618280B7F70700DC532A845E
:10490400B284BD8B939625006397E7008567FD17F6
:10491400F58F91C301A0A2850146254536C697C0EF
:10492400FF1FE78020CDB2462686A285294597C081
:10493400FF1FE78020CC5DBF1D71494697650200CB
:104944009385059D176502001305455786CEA2CCB5
:1049540097C0FF1FE780E01D01E9176502001305FA
:10496400659CEF40227201A0B7F700E023A4070082
:10497400795798CB3D4798C30564B7E700E023A077
:1049840087180F10000017D7FF1F1307A74A23AA81
:10499400E192130700F8A38AE7401306C003814598
:1049A400480897C0FF1FE780A00D97070020938752
:1049B40067BF3ECA896793870780FC849D673ECEA4
:1049C400B7070105938707103ED0ED472312F10284
:1049D40085472303F10297070000938747D7BEC496
:1049E40097070000938767EFBEC6930754D123143B
:1049F400F102B7F5070097070000938747853EDA71
:104A0400814697070000938747D67000E105194552
:104A14003EDE97C0FF1FE780E0BD19466C0013051A
:104A2400E102EFF00FCBD24781C7BC8463F3870068
:104A340001A04808EF106050AA8501C9176502005B
:104A44001305858FEF40225001A0F640664425618E
:104A54008280411117050000130545D806C622C4FB
:104A6400EF10004B1384819308A0112808202244DE
:104A7400B24013060032896541016F00B075397187
:104A840006DE13078008F337078093F787083EC2D2
:104A94000F100000B7170040930570052380B7047A
:104AA400130680FA2380C7040F10000083C6F702A0
:104AB40093F6D60FA387D702238007049246F3A662
:104AC40006800F10000073370780137787083AC4F5
:104AD4000F1000002380B7042380C7040F100000C8
:104AE40003C7F70213675700A387E702238007046D
:104AF400A247F3A707800F100000814701478146B2
:104B0400054685451305407EEFF04FC76800130640
:104B14004002814597C0FF1FE78080F6B707C0A811
:104B24003ECAB78732003ECC97C7FF1F9387679C66
:104B34003EC6680097C7FF1F9387279D3EC8EF10A6
:104B4400406CF250216182804111114506C6EFF09C
:104B5400EFBD1305503497B0FF1FE780006FB71700
:104B64000040116723ACE70AC1450545EFF04FE566
:104B740085452165EFF0AFDC8D451165EFF02FDC45
:104B8400EFF0EFF41765020013054533EF40824F51
:104B94006533C135EF00323EEF00F244EF00D0231D
:104BA400EF00006997C0FF1FE78060984111175517
:104BB40002001305657A06C6EF40E238B240854725
:104BC4002380F19441018280B305B040175502005F
:104BD4001305457B6F4022373C2135476366F72632
:104BE4001767020013074787B3C7E7209C4379710F
:104BF40022D4BA9706D626D24AD04ECE52CC2A8494
:104C040082879389A19403C70900A547034A4500F5
:104C140063E4E71A130455008144171900201309AB
:104C2400691803C5090063EFA404A2851946336516
:104C34002521090597C0FF1FE78000DE83C5090011
:104C44001755020013050576B3E72521850593F56D
:104C5400F50FA38047012380B90022541386F5FF82
:104C640033662621B25083487600034866005C32DE
:104C74005822343292540259F249624A3022456130
:104C84006F40622CB3E5242119468905228597C01B
:104C9400FF1FE78000EA63110512850493F4F40F03
:104CA40049B705041374F40F9C20637CF400B365C6
:104CB4002421194689054E8597C0FF1FE78060E7C8
:104CC4006DD19C2063968704175502001305057067
:104CD400EF40423B014685450D4523850194EFE0B5
:104CE400C134175502001305E56A2254B250925498
:104CF4000259F249624A45616F40C23801449384C3
:104D0400A194171900201309E9099389C18169BF86
:104D1400175502001305C56CEF40C23697170020E3
:104D2400938747080E04930624003E941030BE96E1
:104D340081450145EFE0C12C0566130606C89305BD
:104D4400000803C5B194EF00F0481755020013059D
:104D5400256A61BF9384B194882093050008EF000D
:104D640010700C30B5E12A248947A384F194902073
:104D7400239DA18085472380F1946C00DD477C86C8
:104D8400EF50B06F882013060064A145EF009044F3
:104D940088200564130604C8C145EF00B043882089
:104DA4001306049693050004EF00D0421755020041
:104DB40013050565EF40022DB25022549254025956
:104DC400F249624A45618280175502001305456421
:104DD400EF406217175502001305C55BEF40822AA6
:104DE400238501942254B25092540259F249624AE2
:104DF400014685450D4545616FE02123A384019457
:104E0400F9579305000403C5B194239DF1802384CD
:104E14000194239101942385019423800194EF004C
:104E240010646C201755020013054560EF40A21171
:104E34001755020013050556EF40C22465B71755F0
:104E440002001305656055B58280011122CC26CA83
:104E540006CE2E84B684EF003020B7470F00938728
:104E640007243376F50291C8B2851755020013055D
:104E7400256232C6EF40220D324622856244F2405A
:104E8400D244814505616FF0212B397126DA06DEA3
:104E940022DC4AD84ED652D4AE849397556063DE52
:104EA400071C1389B1940345090097C0FF1FE780CD
:104EB400A0AD2A8405C518219307000B631DF700D4
:104EC40083C7919409474C21930985006382E702C3
:104ED4004E85EF60C0302285EF00F0081395F4682A
:104EE400F2506254D2544259B259225A21618280FA
:104EF4000D47638FE5000547639EE500182563179A
:104F0400F7024C251755020013058559EF40A203FB
:104F14002380019458209307F0076319F7000E24A7
:104F24001755020013054559EF40E2015C202D4757
:104F34006384E70285466398D7021824A946631E52
:104F4400D7024C24175502001305C557EF30B27F22
:104F5400238001944C20ADBF5C4417550200130517
:104F640065578C23E5B74D476397E7069305A0057E
:104F74001755020013054558D1BFC9466318D70019
:104F84004C24175502001305E555C9B703C781948E
:104F940071D3631FF7225C201D476398E70818301C
:104FA400E947E399E7FA83D76194CDD77C8483D723
:104FB40041947C8503460900F977938727100947B4
:104FC4007C862C00FD5703D5A1812384E1945C8762
:104FD400EF50705541B76D47639BE7005C4417552C
:104FE4000200130565528C23EF30F275A5B703C791
:104FF40081942DD3631DD7021D47E39EE7F81E2439
:10500400D9DB5C4417550200130545518C339823B2
:10501400B033A205D98D2393B194B8232206598EB7
:105024002392C194EF303272BDB705479DBF8946C4
:10503400E312D7F22547639FE7021E2485CF5C4421
:1050440003450900138A219498239C339305000295
:1050540013060064A207D98F2310FA002380019459
:10506400EF00501783550A00175502001305C54D6C
:10507400EF30726D23840194F1BD93F7150085C35D
:1050840017F6FF1F1306460D97F5FF1F9385050CB2
:1050940003C5B194EFD0717113C5140091B593F7A2
:1050A400050881CB41657D15EF00826A13C50408AC
:1050B40005BD93F785009DC781577C842391019496
:1050C4002392019423930194854783C6B19409469E
:1050D4002C0003D5A1812384F194EF50F06113C512
:1050E4008400FDBB93F7050191CF1307802581460A
:1050F40013064006D14503D5A181EF00E26413C530
:105104000401F9BB93F70502C5C3138901948347CE
:105114000900A5E7138491811820138AA1810355FE
:105124000A0083D7219435C37C840147854781468F
:105134000546C945231801007C85EF5030462AC630
:105144000DCD9307A0059389B1941CA103C6090052
:1051540003550A002C00EF50903D1DE185472300C4
:10516400F9001C2003C509001306006493B7170057
:10517400930500021CA0EF00F00513C504028DB3D3
:10518400C9452800EF60A005CDBF03C6B1942C002B
:105194007C84EF50103975F185472300F9001C20F9
:1051A40093B717001CA0D1BF13F50504E30A05D279
:1051B40003D5A181EF0002590566130606969305EF
:1051C400000403C5B194EF00F00013C5040409BB47
:1051D4008947E311F7D879BDAE8717550200130547
:1051E4002539B285A1C70547639DE700175502001D
:1051F4001305453909C6175502001305A5396F3043
:10520400726809476398E70017550200130585394A
:105214007DD682800D47E39EE7FE175502001305F5
:10522400653971DE175502001305053A6F30B25126
:10523400011117050000130585C506CE22CCEF0029
:10524400304D1384B194856508A09385059609456E
:10525400EF20100CD1451D45EF20900B930540061F
:105264002145EF20F00A930540063545EF20500A0A
:1052740085470D47700091451305F0405C84DC843C
:105284005885DC8502C6EFF0C11130008545130551
:105294008040EFF0011113069100854513059040FD
:1052A400EFF021101306A10085451305A040EFF08F
:1052B400410F1306B10085451305D040EFF0610E90
:1052C400EF60301C0820EF60204B4D45EF50A034B8
:1052D4004D45EF80C05DD545175602001306463094
:1052E4000145EF50201608206244F24085450561CF
:1052F40017E3FF1F670023852A86B305B0401755BF
:1053040002001305652F6F301244011106CE19C532
:105314000947630FE500F240056182806C00EFF0FD
:105324002FB9175502001305A52EEF30B255E5B776
:105334006C00EFF0EFB7175502001305252FF5B7F2
:105344001387C194AE870E23639CA50052A31755FF
:1053540002001305652F3E863EA376A36F30B23E4E
:10536400175502001305C52F6F30D2511387C1940E
:1053740056211E236391F604011106CE22CC138418
:10538400F1820820C167F91789451CC323A8019439
:10539400EF00F00C08209145EF00700C85471306D0
:1053A400F100854513055030DC87EF004211F240CF
:1053B400624405618280175502001305652A6F3027
:1053C400724C3D897D15954763EFA710175702006E
:1053D400130747343345E5201C41411122C4BA97D1
:1053E40006C626C22E848287175502001305C527D8
:1053F4002244B240924441016F30D248B8219947C7
:10540400631BF7002E859D376C201755020013058A
:10541400A526EF305233175502001305A527C9BF3F
:10542400B82195476312F7029387C1949623416785
:105434007917AA25638FE600EF0082311755020021
:1054440013054526EF3012441755020013050528AD
:1054540045B7FA259384F1828AA3BAA39A298820AE
:1054640013060064DAA3BA298945FAA3A523882080
:10547400096613060690A145B12B8820056613061C
:1054840006C89145812B72242E241755020013055A
:10549400A522EF30522B4DBF175502001305C5232B
:1054A40081BFBC2111471755020013056524E38110
:1054B400E7F419476394E7022E854D3D6C2022449E
:1054C400B2409244175502001305051B41016F3089
:1054D4009227175502001305652319BFB2402244D1
:1054E4009244410182808280011122CC06CE26CAD8
:1054F4002E849397556063D1070203C5F18297B058
:10550400FF1FE780604811C1B92C1315F468F240FD
:105514006244D2440561828093F7150085C317F66F
:10552400FF1F130626C4971500209385A58C03C579
:10553400F182EFF0B14F13451400D1BF93F725006A
:10554400A9CB13060064894503C5F18261219384C4
:10555400C1948A20930780F85C820147854781467D
:105564000546ED457C85EF5070032AC605C130859C
:105574004C0097B0FF1FE780204A8A202C00EFF0F0
:10558400CF9809C5ED452800EF5070451345240018
:10559400BDBF93F7850085C383C7F1821307400617
:1055A400814613064006D14503D5C194EFF09141DD
:1055B40013458400A9BF13F5450031D903D5C1941F
:1055C400EF0042180566130606C8914503C5F1822B
:1055D40011211345440025BF7971170500001305F7
:1055E400E5F006D622D426D2EF0090129384F182FD
:1055F400D147054488A0FC821008930740068545DE
:1056040013055030FC8423088100EFF0516B17F62A
:10561400FF1F130666B7F14513057030EFF0316ACA
:10562400138681829D4513056030EFF0516950085F
:10563400894513051031EFF0916830088945130549
:105644002031EFF0D167930500050D45EF20404C64
:10565400930500051145EF20A04B30089145130533
:105664007040408440862308810002CC230A010054
:10567400EFE031533000854513050040EFE07152EF
:105684007000854513051040EFE0B1515008854581
:1056940013052040EFE0F1501008854513055040F4
:1056A400EFE031504D45EF4010774D45EF8020201D
:1056B400EFE0FFDA4D45EFE0FFF117F6FF1F1306A9
:1056C40026ABD5450145EF40F05789475C868D47A9
:1056D4002308F1009147230AF100B70703049387D5
:1056E40017203ECC3000954785450145230EF10037
:1056F4004084EFE0DFF3700085450545EFE03FF3BC
:10570400100885450945EFE09FF2500885450D4591
:10571400EFE0FFF1300895451145EFE05FF1C16717
:105724001387C194F917138541821CC323220700F0
:10573400EFE01FEF22548820B25092548545456112
:1057440017D3FF1F67002340184183A785FF631900
:10575400B7001CC1FD5723AC05FE238FF5FE8280E4
:10576400232CF6FEC5BF411122C437E400E026C253
:1057740004403707200006C6F98C2320E4180F10D4
:10578400000009E9232094101545B24022449244B4
:10579400410182800347E5FF9307F00F6306F7009A
:1057A400232094101145D5B797D0FF1FE78060D60A
:1057B400014523209410D1BF41114AC037E900E0CC
:1057C40022C403240900B707200006C626C27D8C24
:1057D4002320F9180F10000089E5232089101545AE
:1057E40015A0AA849707002083C797612E8563F5C7
:1057F400F400894763EE9700BD37B7E700E023A0C4
:1058040087100D45B24022449244024941018280EE
:1058140083A785FF99E703C7E5FF9307F00F6308A4
:10582400F7009137B7E700E023A087104DBF238F1F
:1058340095FE1385419597B0FF1FE780200DA16564
:10584400268597D0FF1FE78000300145232089106B
:1058540055BF23AA019482804111B7E700E026C214
:1058640084433707200006C622C4F98C23A0E71816
:105874000F1000009707002083A7075D138401839E
:1058840091C782971C40AA971CC021A083A7419668
:10589400EDFB0840B74703009387D73F3305F50274
:1058A400B7A72600938737ECB2403E9508C0224440
:1058B400B7E700E023A09710924441018280B7E744
:1058C40000E09843B706200023A0D718758F0F1067
:1058D40000009706002083C6B652637ED50083A6D7
:1058E40001973325D5201621B3F5B6400EA123A088
:1058F400E7100145828023A0E7100D45828079716D
:10590400B7E700E026D284433707200006D622D426
:105914004AD04ECE52CCF98C23A0E7180F100000C9
:10592400930705FF93F7F70F7D47636FF708314738
:105934003307E50283A74197BA979C43D1C7135411
:1059440045003D893315A028AE89B3450508228555
:105954002EC697D0FF1FE780600D2A8929C9B2455A
:105964002285170A0020130A2A51913F83A74196E2
:1059740082978357CA002A848146338737031306E4
:105984000064B3B7370313050732B335E500BE959A
:10599400EF30C221B307850083268A003E8763E483
:1059A400A70063E4D7003387D7402324E900B7E78F
:1059B40000E023A097100145B2502254925402599A
:1059C400F249624A45618280B7E700E023A097105C
:1059D4000945DDB7797122D437E400E04AD00329C0
:1059E4000400B707200006D626D24ECE52CC56CAA3
:1059F4005AC85EC63379F9002320F4180F1000004A
:105A04009707002083C7D73F6376F50083AB4196A1
:105A140063970B00B7E700E023A0271199A0970A2A
:105A24000020938A6A4503AB8A00B74736FE938702
:105A340007C83E9B83D7CA002E8AAA84B385C702AF
:105A4400B2898146B3B7C70213850532B335B500B1
:105A540013060064BE95EF3062156370AB02232019
:105A640024110145B250225492540259F249624A17
:105A7400D24A424BB24B45618280829B83D7CA0093
:105A84002A8413060064B38537038146B3B737030A
:105A940013850532B335B500BE95EF302211B30737
:105AA400850003A78A003E8463E4A70063E4E7005B
:105AB4003384E740D285268597D0FF1FE78000F71F
:105AC40001C900C5B7E700E023A02711054559BF68
:105AD40093E504F04145B3C5050897D0FF1FE7805F
:105AE400E09611E99707002083A7073785D7A68595
:105AF4001145829705B71387C1961C4389EF08C3E4
:105B040085472326050000C52311450104A11CB1C6
:105B14002322050045BF3E87DC47F5FF48C7CDB7C4
:105B24007971B7E700E026D284433707200006D610
:105B340022D44AD04ECE52CC56CA5AC85EC662C48B
:105B440066C2F98C23A0E7180F10000025C12A892A
:105B54002E8AB28AB6894144B14C138B4197130CF7
:105B64000003B30B940383270B00DE979C43B9EF28
:105B7400135544409375F40056861375F50FB31509
:105B8400B028B3C50508B93531C183270B00DE97AA
:105B940023A0270123A247016384090023808900ED
:105BA400B7E700E023A09710014521A023A0971098
:105BB4000945B250225492540259F249624AD24AD7
:105BC400424BB24B224C924C456182800504E31A4D
:105BD40084F9B7E700E023A097102145D9BF01114C
:105BE40022CC37E400E026CA04404AC84EC652C458
:105BF40006CEB70720002A892E8AB289FD8C23207D
:105C0400F4180F100000F933D2854A8597D0FF1F8E
:105C1400E780C0E101ED232094102145F240624465
:105C2400D2444249B249224A056182809707002042
:105C340083D74725B38537032A8913060064814631
:105C4400B3B7370313850532B335B500BE95EF20DE
:105C5400F2752322A900232094100145C1B7011134
:105C640026CAB7E400E04AC803A9040022CC4EC601
:105C7400B707200006CE52C4AA892E843379F900CE
:105C840023A0F4180F10000097D0FF1FE78000DA5C
:105C9400170A0020130ACA161DE1A2854E85053194
:105CA40083470A006380370523A024111945F24075
:105CB4006244D2444249B249224A05618280231196
:105CC4000500A2854E85E53E83470A0063863701B9
:105CD40023A024110145E1BF1387E1951E23C18F41
:105CE4001EA3FDB79387E1959A23598C82A36DBFB8
:105CF40001114AC837E900E022CC03240900B707A0
:105D0400200006CE26CA4EC67D8C2320F9180F101B
:105D140000009307F00263E5A704B144B3049502BD
:105D24009389419783A70900A6979C4395CB9375C4
:105D3400F5001181B315B028B3C505080D3783A745
:105D440009000145A69723A0070023A207002320EA
:105D54008910F2406244D2444249B24905618280CA
:105D6400B7E700E023A087100945E5B74111B7E77D
:105D740000E026C2844306C622C437072000F98CFB
:105D840023A0E7180F10000097D0FF1FE78000CA78
:105D940019E90145B2402244B7E700E023A0971077
:105DA400924441018280004583A7419682979707D8
:105DB40000209387670C6367A4029847B74636FEB2
:105DC400938606C83305A4403697E374E5FC1307AD
:105DD4000064B335E502D22781463305E502EF209E
:105DE400F25C4DBF98473A94C9BF411106C623A03F
:105DF400A1960295B2409707002023AFA700014562
:105E04004101828041115146814517050020130547
:105E1400650506C622C426C223A6019623A00196C0
:105E240023A20196238E019423AC019497B0FF1F03
:105E3400E78000C51306800281451705002013057D
:105E440025FC97B0FF1FE780A0C3EFF0B1239707AD
:105E54000020938767FDE82BFC3B17040020130404
:105E640024FA85453E958D473305F50293070004D2
:105E74009384419739051375F50F3375F50A9947DE
:105E840028A03305F502130505243345050897C0FA
:105E9400FF1FE780A05B88C03DC53020994781453E
:105EA4003306F6021306062497B0FF1FE78040BDB1
:105EB4009C40382093848196938707249CC0B347E1
:105EC400F72023A8F196EFF0DF9821291C309440A5
:105ED40017D6FF1F1306A6AD33C7D72010C31387E9
:105EE40017001377F70F17D6FF1F130626A633479D
:105EF400D72010C313873700890718B093F7F70F1B
:105F0400B3C7D72090C3B240224492444101828057
:105F1400970600209386C6EE2A87BC228832637BCC
:105F2400F5001306150083A7819690B2B347F520B8
:105F340098C382801305F00F82801C41F5C7370790
:105F440000F07D8FB706002089476310D70E5A21D1
:105F5400411122C406C62A8479C319469305F00F59
:105F6400690597B0FF1FE780E0C405478D476308C4
:105F7400E50A1C4491C75858994755C3185C45C352
:105F84001306C0038145170500201305E5E997B002
:105F9400FF1FE780E0AE1306C003A28517050020AB
:105FA400130585E897B0FF1FE78000A79707002037
:105FB400938787E7DA2701E713070010DAA7F827A2
:105FC40019E30547F8A79A2B19E36D479AABF837FD
:105FD40019E31547F8B7B82B19E30547B8ABB83B35
:105FE40019E3F837B8BBD83B11C793763700098358
:105FF400F4ABF8BBD82B19E35547D8AB182C01E701
:106004001307C00398AF9C5791C782979707002046
:10601400239CA7DEFD572388F1B0ED338147B240BE
:1060240022443E854101828089473E858280797180
:106034004ECE97090020938929E483A7090006D648
:1060440022D426D24AD052CC829713090064B335A5
:10605400250303D6C9008146170A0020130A4ADA29
:1060640032C633052503EF20723483248A012A843F
:1060740001456386840232463305944063EF84000D
:1060840003A589008146B335A9023305A902EF208F
:10609400F231B307954033858700232C8A00B25030
:1060A400225492540259F249624A45618280011194
:1060B40022CC0A852E844146974502009385851497
:1060C40006CEEFD01FE118083324E420035704FF61
:1060D400F24062449707002083D7E7DA37450F0080
:1060E400BA97130505243355F50205618280970795
:1060F400002083D747D951471D45637CF702794770
:1061040019456378F7021307200315456373F702F3
:106114001307B0041145637EF700130740060D45CD
:106124006379F7001307600909456374F70013B531
:10613400B70F8280411122C426C22E84AA8406C6C7
:10614400058CEFF06FF1B327A402B24022443385EB
:1061540097001375F50F924441018280411122C4C6
:1061640026C22E84AA8406C6058CEFF0EFEEB32770
:10617400A402B24022443385970033450508924473
:1061840041018280411122C426C22E84AA8406C6FB
:10619400058CEFF06FEC3335A402B240224426950F
:1061A40092444101828041114AC017090020130919
:1061B400A9C78327890206C622C426C28DCF829727
:1061C400970400209384C4C39E242A848DC733F784
:1061D400A70A33470708B3D7A70AB3C70708B30703
:1061E400F74051476359F7008327C90291C3829747
:1061F400EF90114582A4B2402244924402494101E5
:106204008280011122CC23AC0196170400201304D0
:10621400A4C15C5406CEAA8581C72AC68297B2451A
:10622400C1C59C410545ADCF9C45BDCBDE25ADCB5D
:10623400FE25BDC79C2981CB7C287838BA97634159
:10624400F506DC41B1CF1306400217050020130503
:10625400A5C297A0FF1FE780207C970700209387A3
:10626400A7C1984323A2E196183C19EFCA279307C4
:10627400805737460F003305F5021306062481467E
:106284008145EF20B21208BC183C9D4763E4E70047
:10629400A1471CBC170500001305A5D9B936014553
:1062A400F2406244056182809707002023A807B664
:1062B40097070020938747BC17B7FF1F1307A7DB77
:1062C40098C337873200FD56130727A194C7D8C750
:1062D40097070020238A07BAB7C7004023A4D7260C
:1062E400ADBF011122CC170400201304E4B3084409
:1062F40006CE26CA4AC801E90545F2406244D244A2
:106304004249056182805C58E5DB185C75D77000F2
:10631400854582971844B247E300F7FE4A24930563
:10632400E004170900201309A9AD97C0FF1FE780F7
:10633400E0112320A90269D152249305F00F81446E
:1063440097A0FF1FE780C0737C240326090263C162
:10635400F402328597C0FF1FE780A01B0145970711
:10636400002023AF07AA9707002023AD07AA71B71F
:106374004E241844B3879502898185043385E70048
:106384001C5C08C28297C9B7011122CC17040020F3
:10639400130484A91C4426CA4EC656C206CE4AC853
:1063A40052C45AC0AA84AE89B28A6388071A58585C
:1063B40039CB1307F01F6366A710170A0020130ACE
:1063C4002AA403290A02631209044A2495659385C1
:1063D40015E097C0FF1FE78060072320AA022A86E2
:1063E4001DC14E245C580844898182971C440329AA
:1063F4000A022322FA028947639EF402C1479305E5
:10640400090C6381F9042945BDA003274A02E384EA
:10641400E7FE4A249565938525E097C0FF1FE78032
:10642400E0022A896DD14E242A865C580844898169
:106434008297D1B78D47639AF404C1479305490DF8
:10644400E393F9FCB8219307A0056312F7069E2194
:10645400639F97044E869105568597A0FF1FE7809A
:10646400A05B83270A02638727014A8597C0FF1F21
:10647400E780200A0145F2406244D2444249B249CD
:10648400224A924A024B0561828091476397F40045
:106494009305890EE39999F675B793070010E39471
:1064A400F4F6A147E3E137F79305090F61BF8327AA
:1064B4000A02E38A27F54A8597C0FF1FE780600533
:1064C40099B71D67637FE506130705E099463347CF
:1064D400D7025624170B0020130B8B923307D702D5
:1064E400330AF70083274B026396470103290B0203
:1064F400631109024A249305E00497C0FF1FE78053
:10650400E0F42A8909D14E245C582A86898152856F
:10651400829791451307A00593F5C50FB307B900FA
:10652400B4236399E60296236394960291054E86FA
:10653400CA95568597A0FF1FE780004E83270B025C
:106544001DB7A166F916E3E0A6EC3307E54051B7A1
:10655400AC33D9B783270B02A9BF9705002083A5C5
:10656400258CE38205EA91479306A00593F7C70FAC
:106574003387F5003023E318D6E81223631B960013
:1065840091074E86BE95568597A0FF1FE780C048A9
:10659400D5B53C33E1BF970700209387E788984738
:1065A40021C7985F31C385466310D504411122C4C5
:1065B400170400201304C484105006C615C2CE2745
:1065C400485089810297085097C0FF1FE78060F404
:1065D4009707002023A607849707002023A4078495
:1065E400B240224441018280828001114AC81709C5
:1065F4000020130969834EC68329890022CC26CA48
:1066040052C406CE56C2AA842E84328A638D091AD5
:106614008327890399EB2945F2406244D2444249D5
:10662400B249224A924A0561828083274903E5D709
:106634009307F01F63E0A70C97F9FF1F9389497C28
:1066440083A7090295CF0325890083A7490263958F
:10665400A7048947639FF404C147E31EF4FA03A522
:1066640009021305050C9307A0053CA106A1228687
:10667400D285110597A0FF1FE780003A014569BF45
:106684000355C9009305E00497C0FF1FE78000DCB1
:1066940023A0A9024DF941B78355C90083274903B3
:1066A40003A60902898182978327890023A2F9021C
:1066B4004DB78D47639AF400C147E31EF4F403A574
:1066C40009021305450D45B791476399F400E31496
:1066D40094F403A509021305850E71B793070010FE
:1066E400E39BF4F2A147E3E887F203A5090213054B
:1066F400050F95BF9D676373F506930705E019477A
:10670400B3C7E7020357C90097FAFF1F938A4A6F7A
:10671400B387E702BE9983A70A02A1CB83A74A02E3
:106724006391370703A50A0291479305A00513084F
:10673400F00F13F7C70FB306E500B0226313B606D4
:1067440083D80600B032639C9804B307F64063C64E
:10675400870411072286D2853A9529BF21677917C4
:10676400E36BA7EAB307F54071BF0355C90093056E
:10677400E00497C0FF1FE78060CD23A0AA0259FD63
:1067840059BD8355C9008327490303A60A02898199
:106794004E85829723A23A0371B723900601B287EC
:1067A40049BF3386870011061308F00B6374C800D1
:1067B4002D459DB5ACA213063400719A1106B2970B
:1067C40086A2BCB279B797F9FF1F9389696383A73F
:1067D40009029DCB03A5090291471308A00593055F
:1067E400F00F13F7C70FB306E500B02263100605D8
:1067F40083D80600B03263979800B307F640E3DA13
:1068040087F48EA2B287F1BF8347E9000355C9001C
:106814009305E0043305F5023345050897C0FF1FCF
:10682400E780C0C223A0A90255F5F5B30356C900F9
:106834008345E900B385C502338687001106E3E981
:10684400C5F62381060185BF01458280011106CE6C
:106854002EC6EF80506C19C5B245F2402A2105615D
:106864006FD0E00CF240494505618280A382019A11
:106874002382019A23A0019A23AE019823AC0198A4
:1068840023AA019823A0019823AE019697F7FF1F2E
:106894009387C7603706840390D33707B40037C69D
:1068A400070098C3130606B83747A000D8C3D0D34F
:1068B4003707100041669306070AB705500093088E
:1068C400060194C723A4170393860501930816F8B9
:1068D400D4C723A61703B706D007B7087F00130849
:1068E400070513850601410723A81703B0C39308BE
:1068F40016009386060513861500D8CBF8C323A883
:10690400070188CF23AE070023AA170323AC07028D
:1069140023AE070223A40704F0C7B4CB23AA0704B9
:10692400ACCF23AE0705B8D33707A000F8D71307B9
:10693400000AB8DB1307C01CF8DB37071400B8DF04
:106944000547F8DFE8D323A40706930710F817F7E1
:10695400FF1F2325F75C8280011152C42A8A214536
:1069640022CC26CA4AC84EC606CE2E84B28936899F
:10697400BA8497A0FF1FE78000FB05C9930700FDB9
:106984001CA19947A30045013CA12303250164B13F
:1069940023123501AA8522856244F240D244424939
:1069A400B249224A05616FE03FE1F2406244D244B9
:1069B4004249B249224A0561828023A0A19A828079
:1069C40023AEA198828023ACA198828023AAA198A7
:1069D4008280011122CC26CA4AC806CE4EC62A8914
:1069E400AE840144B309890063699400F2406244AF
:1069F400D2444249B24905618280EFE0FFE5B347E2
:106A04000508A1832380F9009307140093F7F70F77
:106A1400850963F89700CA97090488A31374F40FCF
:106A2400D1B73E84D1B7411122C417F4FF1F130418
:106A3400244F6A20C16706C6FD17630CF50017F6DC
:106A4400FF1F0346E66F93854198EF80502EFD5754
:106A54007EA0B24022444101828009C925151375E4
:106A6400F50F1335850E134515008280014582808C
:106A740023900500C9C2797122D426D252CC56CAB9
:106A84005AC806D64AD04ECE5EC62A8B2E8AB28A01
:106A94003684814463FF5405B307940083C9070017
:106AA400138914003349090863850904B38729014C
:106AB40063C1FA04B307240183CB07005E85713FE9
:106AC4000DC99387F9FF2310FA0063906B0305093E
:106AD40033052401B250225492540259F249624AB5
:106AE400D24A424BB24B45618280CE94B3C404086F
:106AF40055B70145C5B701458280011122CC26CA8C
:106B04004AC84EC606CE97F4FF1F938464412E896B
:106B1400D0C88CC8C8C42A8441469305F00F4A855E
:106B240097A0FF1FE780000985496319350388484A
:106B3400C145453541469305F00F228597A0FF1FB7
:106B4400E78040070549631525036244C844F240C1
:106B5400D2444249B249C1450561A5BD414681457A
:106B64004A8597A0FF1FE780E004E31535FDC1B710
:106B740041468145228597A0FF1FE780A003E306D5
:106B840025FDF2406244D2444249B2490561828003
:106B9400411122C426C22E84AA8413060002814510
:106BA40017F5FF1F1305C53706C64AC097A0FF1F78
:106BB400E78000ED17F9FF1F1309893697F7FF1FC8
:106BC40023828758A3019900EFC0B058854719C1A3
:106BD400814749452300F900B240224492440249C6
:106BE400410182809DC91DC985476318F500DC31C8
:106BF40093E707FCDCB10545828089476316F500FD
:106C0400DC3193F7F703FDB78D47E316F5FEDC316E
:106C140093F7F70393E70704F1BF014582808DC121
:106C24000DC1DC311307000C054593F7070C638A8B
:106C3400E7001307000409456395E7000D458280CA
:106C440001458280411122C4005D06C626C21DC8CA
:106C5400AA84085009C597C0FF1FE780808B48505D
:106C640009C597C0FF1FE780C08A085409C597C0AB
:106C7400FF1FE780008A228597C0FF1FE780608995
:106C840023AC0402B240224492444101828009EDC3
:106C940097F7FF1F83C7E72817F5FF1F1305C529BB
:106CA40081CB1385C198828017F5FF1F1305C52872
:106CB400828017F5FF1F0345C526828017F5FF1F45
:106CC4000325C526828017F5FF1F032565268280CC
:106CD40097F7FF1F83A707268843828017F7FF1FB4
:106CE40013070724544B9C4285079CC228339307FF
:106CF400F00F6307F500916517C3FF1F6700A3E456
:106D04008280011122CC06CE2E8432C6EF80B030B0
:106D14009147B245631CF50083A7419989CF9C43F1
:106D240099CB22856244F2400561828783A7C19989
:106D340099C3DC43F5B7F24062440545056182809E
:106D4400797122D42A844A214ECE06D626D24AD03C
:106D540097C0FF1FE780A0F49389419A31E583C46B
:106D640009009307F00F639AF40083C5519A2685AE
:106D7400EFF0DFAD19E12382019A4A20EF80B029B8
:106D84009147631CF50097F7FF1F938767195620F7
:106D9400FA236394E6007D57FAA3B2502254925426
:106DA4000259F24945618280582504212A893AC64C
:106DB400513D4A85EF8070634A20EF80102183C7DC
:106DC4000900324799C3E38297FA9307F00F5220E0
:106DD400E385F4FA74202820A685BD3E79BF797135
:106DE4005AC82A8B2E854ECE52CC56CA06D622D4E9
:106DF40026D24AD05EC62E8AB28AB68997C0FF1FB1
:106E0400E780E0E975C5045D2A89FDC09C5013053F
:106E1400400391E361459C5489C79307450133C5F9
:106E24000708638609009307C50133C50708DC50CA
:106E340089C79307750133C5070897A0FF1FE7802B
:106E440080AE2A8455C56146814597A0FF1FE7801F
:106E540020C397FBFF1F83CB6B0763940B00834B0B
:106E64000900930700FD1CA0A947A30064013CA0EE
:106E7400230354018C50231244011305840191C946
:106E840008C47146130A440397A0FF1FE780C0B8E3
:106E940052858C5491C948C45146130A450197A0A0
:106EA400FF1FE78060B75285638C090008C87146EC
:106EB400CE85130AC50197A0FF1FE780E0B5528570
:106EC400CC5099C548C85D4697A0FF1FE780C0B461
:106ED400A2855E85EFE05F8E2254B2509254F2494F
:106EE400624AD24A424BB24B4A850259456199BB28
:106EF400B250225492540259F249624AD24A424B45
:106F0400B24B4561828001114EC6AA892E8526CADC
:106F140006CE22CC4AC8AE8497C0FF1FE78020D893
:106F240021C917F9FF1F034969FA631409000349CA
:106F34000500194597A0FF1FE780E09E2A840DC92C
:106F44008145194697A0FF1FE78080B3930700FD92
:106F54001CA0B947A30034013CA046A0A28562440A
:106F6400F240D244B2494A85424905616FE0DF8468
:106F7400F2406244D2444249B24905618280797147
:106F840062C42A8C2E8526D24ECE52CC56CA5AC8FA
:106F94005EC606D622D44AD0AE84B28B368BBA8A69
:106FA4003E8AC28997C0FF1FE78060CF35C52A8912
:106FB400414597A0FF1FE78000972A8431CD4146C1
:106FC400814597A0FF1FE780A0AB17F5FF1F03457E
:106FD400E5EF19E103450900930700FD1CA0BD4737
:106FE400A30084013CA023047401A30464012305C9
:106FF4005401A305440146A023263401A28522544A
:10700400B25092540259F249624AD24A424BB24BAC
:10701400224C45616FE04FFAB25022549254025907
:10702400F249624AD24A424BB24B224C45618280B9
:10703400011126CAAA8439454AC84EC652C406CE8E
:1070440022CC2E8AB289368997A0FF1FE780A08DB3
:1070540015CD9307000D1EA1B1472A8423124501C3
:107064003CA1CE851905194697A0FF1FE780C09A59
:1070740023062401A2856244F2404249B249224ACD
:1070840013F5F40FD24405616FE00FF3F24062444C
:10709400D2444249B249224A05618280411126C242
:1070A40006C622C44AC097F4FF1F938464E7B8302D
:1070B4009307F00F6308F7042A89394597A0FF1F47
:1070C400E78060862A841DCD930700FD1CA1A300E0
:1070D40025012301050097F5FF1F9385E5E50D05BF
:1070E400194697A0FF1FE78020939E24A285A8300D
:1070F4003EA49C305CA42244B24092440249410123
:107104006FE08FEBB24022449244024941018280F5
:10711400011156C2AA8A314526CA4AC84EC652C46B
:1071240006CE22CC5AC0AE84328AB6893A89979068
:10713400FF1FE780407F3DC92A84268597C0FF1F33
:10714400E780E0B509C55825A1476311F70417FB8B
:10715400FF1F034B1BDD930700FD1CA09D47A300ED
:1071640054013CA046A023134401231434012315E5
:107174002401A2856244F240D2444249B249224ADF
:10718400924A5A85024B05616FE00FE317FBFF1F1C
:10719400034B5BFBE3910AFC83A701AE9C47C5DF6D
:1071A400CA864E86D2852685829775B7F240624498
:1071B400D2444249B249224A924A024B0561828032
:1071C400411126C2AA84214522C406C62E84979062
:1071D400FF1FE780407515C5930700FD1CA1C54737
:1071E4003CA13C30AA853CB15E205EA17C207CA100
:1071F4007C307CB12244B2402685924441016FE048
:10720400AFDBB240224492444101828041114AC022
:107214002A89714526C206C622C4AE849790FF1FF0
:10722400E78060703DC5930700FD1CA1F5473CA1B4
:10723400BC302A849385C4003CB1DE203105194654
:10724400231CF5FEFE20231DF5FE9E24231EF5FEC1
:10725400BC24230FF5FEBC34A30FF5FE9790FF1F4B
:10726400E780807BBC28A2854A853CA8DE285EA8EE
:10727400FC287CA8FC387CB89C2C1CAC9C3C1CBC1A
:10728400BC2C3CAC2244B2409244024941016FE020
:10729400AFD2B2402244924402494101828001119A
:1072A4004AC82A89614526CA4EC606CE22CCAE8972
:1072B400B2849790FF1FE780006725C1930700FD04
:1072C4001CA1BC302A84938584001CB195473CA141
:1072D400FC3011051946A30FF5FE9790FF1FE780B8
:1072E400A073DE2023063401A2853EA4BE2C4A8569
:1072F4007EA4DE2C1EA8FE2C3EA883C704025CA834
:1073040083C714025CB8BE30F240D2447EA8624403
:107314004249B24905616FE02FCAF2406244D24447
:107324004249B24905618280411122C406C617F45C
:10733400FF1F1304E4BE3C208DC7AA85194613859C
:10734400C1989790FF1FE780206D28209385C198EE
:10735400EFF05F892244B2401385C19841016FC0A8
:107364000060B2402244014541018280411126C29D
:1073740006C622C44AC097F4FF1F938464BAB83087
:107384009307F00F6300F7042A8929459790FF1F9C
:10739400E78060592A841DC5930700FD1CA1A147FD
:1073A400A30025013CA1BC209385C1981105A30F1E
:1073B400F5FE19469790FF1FE7800066A830A28566
:1073C400EFE08FBFB8208D47631DF70083A7819935
:1073D40089CB9C4799C72244B24092440249410157
:1073E4008287B240224492440249410182807971E9
:1073F40022D406D626D24AD04ECE52CC56CA0944FE
:107404004DCD2A890A212E8A514497C0FF1FE78057
:107414000089AA845DC197FAFF1F938A6AD283C741
:107424004A0005474944FD1793F7F70F6377F708B8
:107434005825A1476314F70063110A089C5C45446E
:10744400ADEF9165938545711305C00297B0FF1F99
:10745400E780C0FF88DCAA894D4425C11306C00219
:1074640081459790FF1FE780A061835709009386A9
:10747400490036852391F90071469305490036C6C3
:107484009790FF1FE780405989472380F900DC2447
:10749400B2460356090083C50A00E11713B5170065
:1074A400EF90001F2A8463060A00D2852685EF80A8
:1074B400302201C42685EFF0EFF8B2502285225421
:1074C40092540259F249624AD24A4561828097F73E
:1074D400FF1F83C727C7FD1793F7F70F0547637788
:1074E400F70801114AC806CE22CC26CA4EC652C499
:1074F400328989472DC22A8AAE89368497B0FF1F04
:10750400E780E079AA84D14739C5485509C597B0C1
:10751400FF1FE7800000F1454A859790FF1FE78031
:10752400405CC8D4AA85CD471DC5D824A147631D96
:10753400F70209C8382D1229930625015285EF80D8
:10754400501F2A84D82093674700638409009367F7
:107554006700DCA0A287F2406244D2444249B249A7
:10756400224A3E85056182800144E9BFC9473E85C0
:1075740082809307000463EAA70097F7FF1F9387AD
:10758400E7913325F5200A21828041657D158280AB
:10759400011122CC2A842E8526CA06CEAE8497B049
:1075A400FF1FE780C06F0DCDB7470F009387F72308
:1075B400094563E2870281450A8541469790FF1F8A
:1075C400E780004CA68560800A8541804081A30144
:1075D4000100EF80F077F2406244D244056182807A
:1075E4004945D5BF97F7FF1F238DA7B482806F90BD
:1075F4008004797152CC2A8A328526D24AD04ECE62
:1076040056CA5AC85EC662C406D622D42E8CB28A22
:10761400368BBA8B3E89C289C68497B0FF1FE78038
:10762400006805C92A84631A0A1893774B00034338
:10763400450085CF1363230163940B16631009146B
:10764400639F090885E81C5C1373B3FF230264007D
:10765400C5EBB250225492540259F249624AD24ABA
:10766400424BB24B224C456182801373D3FF1363A8
:107674000301D9B713634300230264009C484146C5
:10768400A6851CD4130584019790FF1FE780C0389A
:1076940063130C12638C0B0A485409C597B0FF1F7F
:1076A400E78020E7F1455E859790FF1FE780604300
:1076B40048D4005C59DC1C5091EB9165938535717D
:1076C400714597B0FF1FE78060D808D008500DC1FE
:1076D4007146DE859790FF1FE780003411A813637D
:1076E400430023026400D9F8005C630C0C0235D01B
:1076F400639A0902A5E029A0005C21DC63940902D5
:107704002254B2509254F249B24B224CCA865A8641
:107714000259424BD6855285D24A624A45616FF07E
:107724000FEC05D85C5091EB9165938525715D450F
:1077340097B0FF1FE78080D148D0485045DD5D46B3
:10774400CE859790FF1FE780202D6DB7005C11D088
:10775400E39A09FC1C5491EB91659385157151458D
:1077640097B0FF1FE78080CE08D4085451D9514602
:10777400A6859790FF1FE780202A59B7136343001B
:1077840023026400E39C04EEE3080CF6485405ED80
:10779400F1454A859790FF1FE780A03448D431A86B
:1077A4001363430023026400E39A04ECE3060CEE43
:1077B400E31E09FCFDBDE31B09FC005CE30B04E8CC
:1077C400E39B0BEE35B797B0FF1FE78080D4C9B7B2
:1077D400011126CA52C406CE22CC4AC84EC62A8AF1
:1077E400AE8497B0FF1FE780804B35C12A893945A5
:1077F4009790FF1FE78020132A8431C997E9FF1F60
:1078040083C9C96C63940900834909009307000D77
:107814001EA0AD473CA0930569001305340019462A
:107824009790FF1FE780401F93F714005CA493D444
:10783400144844B423154401A2856244F240D2445E
:107844004249224A4E85B24905616FD0FFF6F240A3
:107854006244D2444249B249224A056182800111FC
:107864004EC652C456C206CE22CC26CA4AC8AA8ADA
:107874002E8AB28997B0FF1FE780604235CDAA8473
:107884001305C0029790FF1FE780E0092A842DC5E5
:1078940017E9FF1F034989636314090003C904003E
:1078A4009307000D1EA0E9473CA0938564001305CF
:1078B400340019469790FF1FE7800016D2852315E0
:1078C40054011305C40041469790FF1FE780C0147C
:1078D400CE851305C40141469790FF1FE780C0136E
:1078E400A2856244F240D244B249224A924A4A856D
:1078F400424905616FD05FECF2406244D244424990
:10790400B249224A924A0561828003A5C19701CDFA
:10791400411106C697B0FF1FE780A0BFB24023AE57
:107924000196410182808280411122C406C626C28A
:107934004AC02E8497B0FF1FE780603629CD00D55A
:1079440017E9FF1F03498958AA84631409000349EE
:10795400050041459790FF1FE780E0FC2A8405CD90
:107964009307000D1EA1A5473CA1DC30938564005C
:107974001105A30FF5FE19469790FF1FE780C00974
:107984009C54A285B2405CC4224492444A85024974
:1079940041016FD07FE2B240224492440249410146
:1079A40082805D71A2C4A6C286C6AA842E8497B0C2
:1079B400FF1FE780C02E0DC954251147AA874945EA
:1079C400639FE6009C5F91C3E02B97A6000093861B
:1079D40086B90A86894526854080EF806046B64090
:1079E40026449644616182805145D5BF97E7FF1FC5
:1079F40083C74775FD1793F7F70F0547637AF704B5
:107A0400411126C206C622C44AC0B284894715CA97
:107A14002E8997B0FF1FE78080282A84D14715C19B
:107A2400630609005C2193E727005CA14146A68513
:107A3400130584019790FF1FE78000FE9C481CD427
:107A44008147B2402244924402493E8541018280EA
:107A5400C9473E858280011122CC26CA06CE2A84DB
:107A6400AE8497B0FF1FE780802319C96C0022857C
:107A74004486EF808042F2406244D24405618280B1
:107A84005145D5BF6F70704EC1671387E7FF63918F
:107A9400E50283A7C19991EB494582804945B240EB
:107AA400224492440249410182809C43F5D7828753
:107AB400411122C426C24AC006C6FD172A892E8453
:107AC400B2846394F50283A7C19989C79C4399C37F
:107AD400829711C5A6854A85EFE05FD769F12382B5
:107AE400219BA382919A01455DBF2E8597B0FF1F0C
:107AF400E780E01A45D51C210D45E39227FB22853A
:107B04002244B2400249A685924441016FB03062DA
:107B14009307000463E1A7064111C16722C426C28A
:107B240006C6FD172A84AE8409456380F502C5475D
:107B34006312F4022E85EFB0F06697E7FF1F938778
:107B4400E7353324F420014506A0B2402244924490
:107B5400410182809307A0036316F4002E85EFB0E1
:107B6400D05DE1BF9307B003E319F4FC13F5F50FFF
:107B7400EFB0F05CD9B709458280011106CE2AC660
:107B8400EFE0DFCEEF20A00CEF10E06BEFD0E17E52
:107B9400324597E7FF1F9387A738130700F0BAA36E
:107BA400238207007D5797E7FF1F93876759B8A380
:107BB40088A3F240954505616F60206B757126C3FB
:107BC40006C722C54AC1CEDED2DCD6DADAD8DED682
:107BD400E2D4E6D2EAD0EECEAE849397556063D970
:107BE400075217EAFF1F130AAA5503450A00130B8D
:107BF400200A930BF00F9790FF1FE780E0D8C1672E
:107C0400FD172A84130C1009954C394D97EDFF1F6D
:107C1400938D0D313ECC15E01395F468BA402A4497
:107C24009A440A49F659665AD65A465BB65B265CAC
:107C3400965C065DF64D496182801C20639A67015B
:107C440003C93D00E2452A202286EFF08F8BD1A0A4
:107C540003492A00639A87091C306390970322859D
:107C6400EFF00F8E2285EFD01FB003450A009790E6
:107C7400FF1FE78060D12A8479BF6393A7194A2044
:107C84008567A507631AF5040C4497E9FF1F9389D8
:107C94002929882115E51946850517E5FF1F1305D0
:107CA400A5299790FF1FE78020D703C709008547C0
:107CB400631CF70289472380F900EFB0104A5DB7CF
:107CC40003C7090085476311F70297E7FF1F23895C
:107CD4000724EFF0AFBC79B709679307C70063EDDA
:107CE400A70405076369A702E30E79F7A2854A850D
:107CF400EFD09FAC9DBF370700181307F770B35739
:107D0400F748F5C383A78199B1DF9C43A1DF22859E
:107D1400829729F9D1BFF977F917AA972947B3C7E9
:107D240007086362F70C17370200130727A0B3C7CD
:107D3400E7209C43BA978287F9779387A7FCAA9791
:107D4400F146B3C70708E3F8F6FA3907E31EE5F886
:107D540083A7C199E38807F0DC43E38507F009654D
:107D6400A285390595A883298400E38F09F603C702
:107D7400090097E7FF1F9387A71A19EB03C7290088
:107D840083C619002207558F9AA703C7390098B3F1
:107D940094230947E39AE6F403C7090001CB97E764
:107DA400FF1F238F071603C5090025B78C338A27C5
:107DB4000D4798A3EF60004EFDB71C448823EFF0F5
:107DC400EFDA4DB583A7019AE38E07E89C43E38B72
:107DD40007E80965A2852D05829725BF1C449C23CD
:107DE400E39407F041B5896793871704E31EF5EE22
:107DF40083A7019AE38807E69C43A285F1FF9DB51A
:107E04003D47639EE7044A2089671387D7006306CA
:107E1400E500138797016318E50083A7C199E383FD
:107E240007E4DC43D9BFCD07E310F5ECC16717E7DE
:107E3400FF1F0357470FFD17631DF70083A7C19961
:107E4400E38207E2DC43E38F07E00965A2854D0581
:107E540061B783A74199E38707E09C43EDB7130714
:107E6400E003E393E7E83C200547639EE7107C20AA
:107E7400938AC197639A070E83A70A006381070E4A
:107E840083C907002149683093078400BE853ECE2C
:107E9400EFE0FFD868B01306400281456810979060
:107EA400FF1FE780E0BD3C30194693058400A3071B
:107EB400F1027C304818A309F1029790FF1FE78074
:107EC400A0B55E207010CA852318F1027E244E8569
:107ED4002313F1041E282314F1043E282315F1046E
:107EE4005C282306F104FD57A306F1042317F104CB
:107EF400EFF0EFBA3C309DE3DD47835804010358AB
:107F0400E40074304E203EC23E28130784003EC075
:107F1400CA8705464E85EF70902628B083A70A00CD
:107F240081C71145EFF07F9E9389419A03C50900EB
:107F3400E30A05D283C5519AEFE05F91E30405D2C9
:107F44003430930710036389F600522083C5090077
:107F54004A873685EFE05FA02382019A21B397E92F
:107F6400FF1F83C919FC39BF83A7819997E9FF1FB4
:107F740083C939FB99C3DC4399E3114929B7814586
:107F840001458297DDBFF91793F7F70F13077002C6
:107F9400E36CF7D4172702001307077CB3C7E72065
:107FA4009C43BA9782877C20938AC197A9EB83A7C5
:107FB4000A00A9C383C907002149683093772500C3
:107FC400B1CF05891307440168B02286CA854E855E
:107FD4003ACEEFF0CFAC3C307247A9F3DD4783587B
:107FE400C4010358A40174304E203EC27E2C3EC00E
:107FF400CA8705B797E9FF1F83C9B9F275BF83A77D
:10800400819997E9FF1F83C9D9F199C3DC4399E3A7
:10801400114965B7814501458297DDBF1307840087
:10802400BA853ACEEFE0BFBF724779BF83A7019A02
:10803400E38A07C2DC43E38707C2228582971DB126
:1080440083A7019AE38007C29C47F5B722868D4532
:108054004A20E5BE9305A10213051031EFD0013784
:108064006C1013052031EFD0613672208357C102A2
:108074004A2063E7C70016240357A10263F7E6000A
:1080840093050002EFB01011F1BE6373E6007AA00D
:1080940063F3D7001EA45A24362412246E20014808
:1080A4008147EFB0F00E7DBE2286B14555B783A758
:1080B400019AE38907BADC47BDBF2285EF00E07669
:1080C40055B683A7019AE38F07B89C4BADB72285B9
:1080D400EF00A07F41BE0145EF00700E61B683A79B
:1080E4008199E38307C0DC43E38007C081450545EC
:1080F4008297DDBE83A78199E38807BEDC43E385CD
:1081040007BEA2850945EDB722869305600289B7AB
:1081140093F7150099CB83A7019A89C7DC4399C3C8
:108124000145829713C51400D5BC93F7250081CF70
:1081340083A7819991C7DC4381C78145054582970F
:1081440013C52400E1BC13F54500E30905AC83A77E
:10815400019817E4FF1F1304A4DC99CB85475CA0A6
:1081640083A7819991C7DC4381C7814505458297DF
:1081740048446C10EF80402A6810EFF0EF9A97E7BC
:10818400FF1F83D7C7D381CF130600643386C7028A
:10819400914517E5FF1F0345A5FAEFD0BF8313C52B
:1081A4004400ADBC011122CC2A84554506CE26CA12
:1081B400EFF02FBCAA8413054002EFF08FBB2AC650
:1081C40013055002EFF0EFBAAA86228562443246C4
:1081D400F240B3359000D24405616FB05003397159
:1081E40022DC06DE0D472E84631AE500BA259625A7
:1081F400F2212830CE21EFE0BFF189A80967930668
:10820400D700AA876319D504BC21A9C31384C197D5
:108214000C408DCDDC87BC31194691054808A30973
:10822400F1009780FF1FE780207F930700F03ED680
:108234001C40231801002313010202D48823700078
:108244008145EFF0CF850545EFF02FEC0545F25061
:108254006254216182809306E700E309D5FE930608
:1082640037016319D500A82175D10147814601461C
:10827400814551B76507E30BE5FC31476319E50018
:1082840017E5FF1F0345F5C9EFE09FF3C1B71307D7
:1082940060026319E50017E5FF1F034595C8EFE089
:1082A400FFF66DB741677D170145E392E7FAD831D0
:1082B400C947E31DF7F8F625D2250A24AE25EFB009
:1082C4004076854711C55D45EFF0AFAAB337A000EE
:1082D4004C202A2030007C84EF70C0263C84BDF7FB
:1082E4009305A10013051031EFD0410E6C00130566
:1082F4002031EFD0A10D3C851A246373F7001EA42E
:108304003C863A2463F3E7003EA41E243A246373B4
:10831400F7003EA42A20EF0021777A245624322441
:108324000E242A2001488147EFB0A06405B741110B
:108334004AC006C622C426C217E9FF1F130949E032
:10834400034779009307F00F6302F706AA8439CD37
:10835400682551059780FF1FE780E05C2A8439C5B2
:108364009307000D1EA1D9473CA1DE205EA1FC208D
:108374007CA1FC307CB19C241CA5DC345CB5F024CD
:1083840070A515C28C48510508C89780FF1FE78067
:10839400A068A285224403457900B2409244024970
:1083A40041016FD06FC123280500E5B7B2402244D4
:1083B4009244024941018280C1679386E7FF2A877C
:1083C400639BD50083A7C19799CF9C230D45639DDB
:1083D400E7006FB04059FD1749456397F50083A73F
:1083E400C197E5FB828049458280397122DC06DE33
:1083F40026DA4AD84ED652D456D25AD018218547B6
:108404002A84630BF7001025930695009305E10178
:108414000545EFE0EFE51DE98147014514201147CB
:10842400638DE60203A7019B18338D466307D702C9
:108434008DC705C711ED0145F2506254D25442591B
:10844400B259225A925A025B216182801C21F9B7E7
:108454008546631DD7028D8BF9DF08309305240010
:108464002EC6EFE0CFFB08B01389419B8327090098
:10847400AA8981448DC3B245138A819B130BF00FE3
:1084840083470A0063EBF400814481A08946E31426
:10849400D7FA858BD1B7054545B783270900939A49
:1084A4004400D6979823630C6705983363193705FE
:1084B4001946138527002EC69780FF1FE780606743
:1084C400B24515CD83240900D69418209147C1E8FC
:1084D400E303F7F683240900B9DC83460A008147E5
:1084E4001306F00FE389F6F403C8040013850401AE
:1084F400630BC800850793F7F70FAA84E5B78504D3
:1085040093F4F40FB5BF98A01C30138524001946CA
:108514009CB09780FF1FE7802050082491659385C5
:10852400F571050597A0FF1FE78040F205C11820EB
:1085340091476314F702C8C41024930594000505F9
:10854400A30FC5FE9780FF1FE780004D1C24A1F7F1
:1085540008207D1513351500C5B588C4F1BF631116
:10856400F706C8441C2405C11021630DF604182025
:1085740091476317F706C84419C597A0FF1FE78002
:1085840040F923A60400082491659385E571050547
:1085940097A0FF1FE78080EB05C118209147631A5D
:1085A400F704C8C41024930594000505A30FC5FE61
:1085B4009780FF1FE780404608243335A000ADBDF7
:1085C40088444DB79305940005059780FF1FE78005
:1085D40040568547E31DF5F85545EFE09FF99DBFEB
:1085E400884455D197A0FF1FE780A0F223A404007C
:1085F40059BF88C445BF397122DC4AD84ED652D4FB
:1086040006DE26DA56D25AD05ECE2A841309250015
:108614000831CA85138A019BEFE06FE008B0832715
:108624000A000D47AA899C33639DE700138A419B86
:1086340083270A008144938A819B639F070E054523
:108644002DA0EDD7144C70389305E1000545EFE0FB
:108654002FC2AA841DC903270A0085461C2118338A
:108664006310D7028D8BF9F30145F2506254D25452
:108674004259B259225A925A025BF24B21618280CA
:108684008946858BE314D7FAF9BF1C20114763850B
:10869400E7002D47E39AE7FC938A419B83A70A00EE
:1086A400014A938B819BE9D303C70B00B3470A08A4
:1086B40063E4E700A5FC4DBF03A50A00131B4A00B1
:1086C4001C205A9518216310F7021C31639D370151
:1086D4001946CA8509059780FF1FE780804501C5B3
:1086E40083A40A00DA94050AC1B783A9840059A8AF
:1086F4000C4C138519009780FF1FE7808043854742
:108704006317F5085545EFE0DFE64DC1B1BF1C2006
:1087140011476385E7002D47639DE700C8C470389F
:108724000505A30FC5FE0C4C9780FF1FE780C02EE4
:10873400B5A888C4EDB7850403C70A00B3C7040805
:1087440063F8E70603250A00139B44001C205A958E
:108754001821E312F7FE1C31E39F37FD1946CA8541
:1087640009059780FF1FE780C03C71D583240A0068
:108774001C201147DA946385E7002D47E397E7F659
:1087840083A9C4007C3803C60900E303F6F64E85CA
:1087940097A0FF1FE780E0D7683891659385E5715E
:1087A400050597A0FF1FE78060CA35F1E39904E847
:1087B40003C70A0083240A0081479306F00FE3F0FD
:1087C400E7E88C20138604016387D5008507B2840B
:1087D400B3C70708EDB7E38404E61C20CA851385F4
:1087E40024009CA01C3019469CB09780FF1FE78092
:1087F400A022683891659385F571050597A0FF1F40
:10880400E780C0C4E30D05E218209147631DF7001B
:10881400C8C470380505A30FC5FE0C4C9780FF1F14
:10882400E780801F29BD88C4EDB701114AC806CE70
:1088340022CC26CA17E9FF1F130989900347790040
:108844009307F00F630DF706AA8435C96145978035
:10885400FF1FE780400D2A843DC19307000D1EA130
:10886400D5473CA1BC30938584002EC63CB1DE20A4
:108874005EA1FC207CA1E830EFE06FBAB24568B09D
:108884001946130584009780FF1FE780E018FC2435
:10889400A285034579007CA49E281EA8BC283CA878
:1088A400BC383CB8DC285CA8DC385CB8FC287CA864
:1088B4006244F240D244424905616FC0FFEFF24086
:1088C4006244D244424905618280411126C206C6EF
:1088D40022C497E4FF1F9384A486F8309307F00F13
:1088E4006309F7022A8415C519459780FF1FE7809D
:1088F4008003AA8519CD9307000D1EA1DD473CA175
:108904005E202244B2405EA1E830924441016FC02F
:10891400BFEAB2402244924441018280011126CA36
:108924009384419B9C4006CE22CC4AC84EC652C476
:108934008DC32A89AE89131A450001448840631205
:108944004403638A090497A0FF1FE78080BC23AA1D
:10895400019AF2406244D2444249B249224A056132
:108964008280B3078500884709C997A0FF1FE78065
:1089740040BA9C40A29723A407009C40A297C847F2
:1089840009C997A0FF1FE780C0B89C40A29723A6FF
:108994000700410465B755DD228681459780FF1F96
:1089A400E780000E944081477D5613F7F70FE3727A
:1089B40027FB13974700369710A38507FDB77971F6
:1089C40052CC138A019B83270A0006D622D426D2CE
:1089D4004AD04ECE56CA5AC85EC6CDCF2A89938A8B
:1089E400819B814409ED83A6419B91CA03C60A0079
:1089F40081479305F00F13F7F70F6369C7021395C7
:108A0400340021059780FF1FE780E0F12A8415E9EF
:108A140021459780FF1FE78000F12A8425C1C5679F
:108A24009387073D1CC12322040099A01397470094
:108A3400369718236305B700850493F4F40F85076C
:108A44005DBF930700FD1CA18547A30025013CA140
:108A540024B1F1D813098500232225018149138B00
:108A6400419B930BF00F83C70A0063F3F90095EC65
:108A740083270A00A2858823EFC01FD403C50A00F8
:108A84008145693D03250A0097A0FF1FE78060A880
:108A940023A8019AB250225492540259F249624ACC
:108AA400D24A424BB24B4561828083250B00939797
:108AB4004900BE959C21638377032300F9009C3110
:108AC40013052900FD14A300F9001946890593F440
:108AD400F40F9780FF1FE78020F42109850993F99B
:108AE400F90F51B783A7019BA9C7411122C406C638
:108AF4002A8415E10945EFE0DFA72A8601C98545E7
:108B040017D5FF1F0345C563EFC0DFEC0545EFF044
:108B14006FE92A8411C9854517D5FF1F03454562AE
:108B2400EFD0EF932285613DB240224405454101D7
:108B340082800145828089679386B7006315D500DA
:108B44009C45882345B79386C7006317D5009C4589
:108B54008546882319C9FDB793861704E302D5FE19
:108B6400938727048146E304F5FE3685828001114C
:108B740006CE22CC26CA4AC84EC652C456C255CDC9
:108B84003C312A8999CF444189CC5945EFE07F9EF5
:108B94008149938A019B131A45608347390063EB2B
:108BA400F900F2406244D2444249B249224A924A0C
:108BB400056182808387840263C8470783A70A000C
:108BC400A5C72685EFF07F8225C1882451059780AB
:108BD400FF1FE78040D52A8421C99307000D1EA1F9
:108BE400B5473CA19C201946938524003CB183875A
:108BF400840215057CA19C30A30FF5FE9780FF1F0E
:108C0400E78080E1902450A415C61305440108C8E8
:108C1400938594009780FF1FE78000E083A70A00F4
:108C2400A2858823EFC05FB985099384940293F9E0
:108C3400F90FA5B723280400D5B783A7019BB5D3A3
:108C4400BD3B6244F240D2444249B249224A924A6C
:108C5400014505616FF00FD5797106D622D426D26D
:108C64004AD04ECE52CC56CA5AC85EC645CD3C31C7
:108C74002A899DC344418DC05945EFE09F8F8904E3
:108C84008149938A019B130B00FDC14B131A456064
:108C94008347390063EDF900B250225492540259CB
:108CA400F249624AD24A424BB24B45618280838781
:108CB400D40063C4470783A70A00A5C3514597801E
:108CC400FF1FE78040C62A8429C923006501A30049
:108CD40005002301750183C7E4FF1946A6853CB14D
:108CE4008387D40015055CB583C7F4FFA30FF5FE95
:108CF4009780FF1FE78040D2FC2093857400130502
:108D0400C4003CB419469780FF1FE780E0D083A7D6
:108D14000A00A2858823EFC03FAA850993F9F90FB9
:108D2400C104BDB783A7019BA5DBEFF05FC9225443
:108D3400B25092540259F249624AD24A424BB24B5F
:108D4400014545616FF00FC6797106D622D426D24B
:108D54004AD04ECE52CC56CA5AC85EC662C466C207
:108D6400630A05223C312A8995C7404105C4594507
:108D7400EFE03F8009048149138A019B914B354CF4
:108D8400172B0200130B4BA7931A45608347390036
:108D940063EFF900B250225492540259F249624AE4
:108DA400D24A424BB24B224C924C4561828083079B
:108DB400A40063CA571583270A0063860714834CEB
:108DC400E4FF93F70C01CDC793870CFF93F7F70FDC
:108DD4006369FC00B3C767219C43DA978287230F3A
:108DE40004FE1305E4FFEFF01F81630E05108347B3
:108DF400E4FF63EFFB1005476398E70A514597804A
:108E0400FF1FE78040B2AA84630F050E930700FD9D
:108E14001CA1C147A30005003CA18347E4FF1946F8
:108E2400A2853CB18307A40015055CB58347F4FF14
:108E3400A30FF5FE9780FF1FE78000BE7C24194630
:108E44009305F400BCB41385C4009780FF1FE7802A
:108E5400A0BC65A08547230FF4FEA30A040051B704
:108E64008947230FF4FEB5BF8D47E5BF9147D5BFB2
:108E740093F78C0099C3AD47EDB713F71C0093F734
:108E84004C0011C799C39547F9B7A147D9BF13F748
:108E94002C0011C799C3A5477DBF9947D9B799C37A
:108EA400A947C1B79D4775BF483851059780FF1F33
:108EB400E78060A7AA8421C99307000D1EA1B547C6
:108EC4003CA18347E4FF1946A2853CB18307A40073
:108ED40015057CA18347F4FFA30FF5FE9780FF1FC0
:108EE400E78080B35038D0A419C61385440188C8DC
:108EF4008325640199BF23A8040083270A00A6855B
:108F04008823EFC07F8B850993F9F90F7104BDBDE8
:108F14004838130505029780FF1FE780C0A0AA8484
:108F24007DD19307000D1EA1C9473CA18347E4FFEF
:108F340093FC0C061946B3E797013CB18347F4FF51
:108F4400A2851505A30FF5FE9780FF1FE780C0AC2F
:108F54007C2019469305F400BCB47C30138534019D
:108F6400DCA41C24DCB41C34FCA48307A400FCB4DF
:108F74005E249EA87C24BCA89780FF1FE780C0A91C
:108F8400503890BC09C613850402C8CC95B723AEEB
:108F94000400A5B783A7019BE38E07DEEFF03FA291
:108FA4002254B25092540259F249624AD24A424B74
:108FB400B24B224C924C014545616FF0AF9E7971E2
:108FC4004AD01389019B8327090006D622D426D2CE
:108FD400CDEB17D4FF1F1304A4165820C947298BBF
:108FE40051CB9165AA849385D57111459790FF1F44
:108FF400E780C0452320A900CD472DCD78309307C5
:10900400F00F6314F7009C207CB01146A68597806E
:10901400FF1FE78060A0930531011305F041EFA025
:10902400114B97D7FF1F9387A7EFA0230347310165
:109034003334800011C3090413051002EFE06FD329
:109044001376F50F0589E14715C5154532C6EFE0DE
:109054004FD2BC20E8841945230AF100EFE06FD118
:109064003246AC30E8867C08380854082285EFA0E4
:10907400D019AA87B2502254925402593E854561B0
:109084008280C547C5BF1971A2DCA6DA86DECAD8BC
:1090940097D4FF1F9384C40ADC204944A18BB9CB25
:1090A40083A7019B4144B9E72A89EFE0BF9D9C2433
:1090B40055446371F5049384C1979C4045449DEBEA
:1090C40091659385C57129459790FF1FE780003806
:1090D40088C04D4405C12946CA859780FF1FE78093
:1090E400A09313056002EFE0CFC81374F50F058950
:1090F40009E96144F65022856654D65446590961FB
:10910400828013060003814588009780FF1FE78053
:1091140020974145EFE0EFC52316A1043D45EFE05C
:109124004FC52319A1043545EFE0AFC4231CA104A6
:109134003945EFE00FC4231FA1042145EFE06FC3BD
:109144002312A1061D45EFE0CFC29C402315A106C2
:10915400136424009C33F1C72D45EFE08FC1231025
:10916400A1043145EFE0EFC02313A1041305C002AD
:10917400EFE02FC02317A1041305B002EFE06FBF87
:10918400231AA10413059002EFE0AFBE231DA1042E
:109194001305A002EFE0EFBD2310A1061305800222
:1091A400EFE02FBD2313A10613057002EFE06FBC9F
:1091B4009C402316A106A83393854700EFD09FA2B5
:1091C4002AD69305F1031305F041EFA0513097D748
:1091D400FF1F9387E7D4AC230347F1033256B3351B
:1091E400B00011C389059440FC002287A8223EC820
:1091F400930721053EC6BC083EC49307E1053EC261
:10920400DC103EC09308A106130861049C0091067B
:10921400EFA030002A84E30F05EC0D45EFE0EFEEFC
:10922400D1BD2545EFE0EFB42310A10429451DBFAE
:1092340097D7FF1F83C707F1A18B1385819A91E309
:1092440001456FD0EFF7238C019AFD5717D7FF1F05
:10925400A30BF7EE23AA019A23A8019A97D7FF1F1D
:10926400938707CE170700001307278D98C31707A6
:10927400000013070790D8C3170700001307079EC1
:1092840098C717070000130767ACD8C717F7FFFF85
:109294001307270A98CB9387819A17F7FFFF1307C1
:1092A400E71198C317F7FFFF1307A7F3D8C382800A
:1092B400411122C426C206C61384819BAA840820B5
:1092C4008545EFF0AFE597D7FF1F83C7A7E7A98BC5
:1092D400ADC717D5FF1F1305A5C604A0EFD0EFED4A
:1092E4009384419B9C4099C74D45B240224492448B
:1092F40041018280082019E10145C5BF916593852C
:10930400B57112059790FF1FE780401488C069DD8E
:109314001020814512069770FF1FE78060761420A5
:1093240090408147FD5513F7F70FE377D7FC139768
:10933400470032970CA38507FDB70145238C019A9A
:10934400EFD0AFE755BF03A5019801CD411106C683
:109354009790FF1FE780E01BB24023A001984101D2
:109364008280828001111305700306CEEFE06FA0A6
:109374002AC613058003EFE0CF9F2AC41305900388
:10938400EFE02F9F2246B245F240AA8605450561CB
:109394006FA0E0665D711305D00386C6A2C4A6C2A1
:1093A400CAC0EFE00F9D2A841305C003EFE06F9C51
:1093B400AA841305E003EFE0CF9B2A891305F00389
:1093C400EFE02F9B8A871377F50F9376F90F13F647
:1093D400F40F9375F40F0545EFA0E063B6402644FF
:1093E4009644064961618280011122CC06CE26CAC8
:1093F4000D472E846317E504B831E947CA2197D491
:10940400FF1F9384E4B16315F700FE206387A7046C
:1094140097A0FF1FE780A088722011C172A53A248B
:1094240016244E202830EFD0BFCE5A20FE206314DD
:10943400F700FD57FEA00545F2406244D2440561A1
:10944400828009674D07AA87631CE500BC21314768
:109454006385E7004547E390E7FEEFD0CFDCE1BF4B
:1094640031476319E50017D5FF1F0345B5CDEFD08C
:109474003FD5D1B7130760026319E50017D5FF1F65
:10948400034555CCEFD09FD87DB741677D17014583
:10949400E394E7FAD831C947E310F7FACC212A203C
:1094A400300023140100EF60E00471B71971A2DCED
:1094B400138401981C4086DEA6DACAD8CED6D2D44C
:1094C400D6D2DAD00545638A070C9305F105130556
:1094D400F041EFA0C17F9305F1051305F041EFA022
:1094E400017F97D7FF1F9387A7A3BC230347F105E9
:1094F400B337F00011C389071840BEC6283393055B
:109504004700EFD02FEE1840AAC40D452C23AEC25D
:10951400EFE02F86AAC01145EFE0AF85832A04004F
:109524002ADE654503C7AA0003CBBA003ADCEFE0A4
:109534004F842A846945EFE0CF83AA847145EFE024
:109544004F832A896D45EFE0CF82AA897545EFE004
:109554004F822A8A7945EFE0CF812648B647625781
:10956400F256064696451375F50F137AFA0F93F9DA
:10957400F90F1379F90F93F4F40F2ACC1314446000
:1095840002D002CE52CA4EC84AC626C422C25AC00B
:1095940093884A000545EFA06041F6506654D654BE
:1095A4004659B659265A965A065B0961828041117A
:1095B40022C44AC006C626C21389119D83470900E6
:1095C4001307E00F2E846382E7041307F00F63850B
:1095D400E70211459770FF1FE780E034AA8509CDA3
:1095E400930700FD1CA189473CA1854700B13CB10C
:1095F40003450900EFC04F9CF9572300F900B2401E
:1096040022449244024941018280AA841145977000
:10961400FF1FE7804031AA857DD1930700FD1CA17F
:10962400894700B13CA124B12244B240924402498A
:1096340003C5019D41016FC02F9879714AD01389E8
:1096440001988327090022D406D626D24ECE52CCC6
:109654004544D5E797D4FF1F938484AEDC20494466
:10966400958BD1CF2E8A91652388A19CAA89938555
:10967400757131459790FF1FE78040DD2320A900D5
:109684004D4435CD23003501A30005002946D2857C
:1096940009059770FF1FE7802038032709009146CA
:1096A4003C2363E7F606CD4691CF0546F546638B2A
:1096B400C7000946C9466387C7000D46C146638390
:1096C400C700D54634A3930571001305F041EFA0FC
:1096D40001609C83C5E317D7FF1F034787848D4729
:1096E400631AF708EFD08FDD2C00EF60F0522800EA
:1096F400EFD09FC34545EFD0DFE725E50144B250E5
:109704002285225492540259F249624A4561828068
:10971400ED1793F7F70F95460544E3E2F6FE971627
:1097240002009386E610B3C7D7209C43B69782877E
:1097340089473CA319A0230107006545EFD07FE3C7
:109744009307F007E301F5F8032709003C2393E7A7
:1097540007043CA38DBF8547E9BF9947D9BF91470B
:10976400C9BF130600643306C50288209145EFC0C3
:109774006FA669B7EFF09FD32A8449D1EFF0BFBC3D
:10978400BDBF011126CA938401989C4022CC06CE09
:109794004AC84944B1C39C230D44639FA70217D907
:1097A400FF1F1309E999034509008945EFC02FCB31
:1097B4000345090091452396019CEFC04FCA9C4084
:1097C4000147814680B31306F1008547854501456D
:1097D400DC87EFA080222A84F24022856244D244AE
:1097E400424905618280011106CE22CC26CA4AC8AC
:1097F4004EC685476318F5061384C19C1E20A1CB71
:1098040017C7FF1F0347077239E31307B003636CDD
:10981400F70297D4FF1F9384A49288208945EFC050
:109824000FC412209307006488203306F60289458A
:10983400EFC04F9A2396019CF2406244D2444249BD
:10984400B24905618280938747FC1EA0F5B783A7C0
:109854000198FDD36244F240D2444249B24988237C
:10986400056105B79389019883A70900F1D717D932
:10987400FF1F1309E98C83474900918BD5DF894782
:109884006311F5062D45AE849770FF1FE780A0098C
:109894002A845DD1930700FD1CA1E547A3000500C0
:1098A4003CA1BC3015051946230FF5FEDC20938539
:1098B4005400A30FF5FE9770FF1FE780E0150345E2
:1098C40059009307F00F6315F50083A70900882357
:1098D400A2856244F240D2444249B24905616FB064
:1098E400BFED034509008945EFC06FB76244F240FC
:1098F400D2444249B2492396019C05616FF0BFA44A
:1099040097D7FF1F83C70784958B89CB83A7019CB7
:1099140081CB8547A387F19C6FF0DFA44945828002
:1099240041458280A387019C854501456FA0A00D18
:1099340097D7FF1F83C70781958B91C785472387D7
:10994400F19C6FF03FA5494582802387019C8145A6
:1099540005456FA0800C9307C01C63FCA700094554
:1099640082800945F2406244D2444249B2490561C9
:109974008280011122CC06CE26CA4AC84EC62A8449
:1099840031CDAE899165210593856571334505080F
:109994009790FF1FE78080ABAA8461D51389819CCF
:1099A4000325090009C59790FF1FE78080B613853A
:1099B400840088C022868145232099009770FF1F68
:1099C400E780000C832709002286CE8588439770A0
:1099D400FF1FE780600483270900C2A383A70198BF
:1099E40095CB97C7FF1F83C7E775958B95C783A74B
:1099F400819C91CF9843D6236244F240D244424999
:109A0400B24905468D45054505616F90907E014735
:109A14008146DDB70145B9B74945A9B79307C01CCD
:109A240063FCA700094582800945F2406244D244A0
:109A34004249B24905618280011122CC06CE26CA70
:109A44004AC84EC62A8431CDAE89916521059385D5
:109A54005571334505089790FF1FE780209FAA841E
:109A640061D51389419C0325090009C59790FF1FFF
:109A7400E78020AA1385840088C02286814523209C
:109A840099009770FF1FE780A0FF832709002286B3
:109A9400CE8588439770FF1FE78000F8832709006D
:109AA400C2A383A7019895CB97C7FF1F83C7876974
:109AB400958B95C783A7419C91CF9843D623624445
:109AC400F240D2444249B24905468D4505450561F7
:109AD4006F90707201478146DDB70145B9B74945BA
:109AE400A9B79307C01C63F4A70009458280797164
:109AF40022D406D626D24AD04ECE2A8439CDAE8977
:109B04009165210593857571334505089790FF1F6D
:109B1400E780C093AA840945A9C41389019C03253D
:109B2400090009C59790FF1FE780A09E1385840054
:109B340088C022868145232099009770FF1FE78003
:109B440020F4832709002286CE8588439770FF1F5F
:109B5400E78080EC83270900C2A383A7019889EBDF
:109B64000145B250225492540259F249456182800F
:109B740097C7FF1F83C7075D958B4945FDD36C00CD
:109B84001305D030EFB09104B24793F7070FE9DB28
:109B940083A7019C9443D2238D450545EF907066BD
:109BA400C9B783A7819C89CFD2238C43411106C6B0
:109BB4009770FF1FE78040E6B24001454101828073
:109BC4000945828083A7819C95C303A7419C89474B
:109BD40019CF52230C43411106C69770FF1FE7802B
:109BE400A0E3B24081473E854101828089473E859A
:109BF400828083A7819C95C303A7019C894719CFC1
:109C040052230C43411106C69770FF1FE780C0E042
:109C1400B24081473E854101828089473E858280EA
:109C240097C7FF1F83C70752918B99CF41111385A3
:109C3400C19B06C6EFC09FD9B240FD5717C7FF1F8F
:109C44002313F72E4101828001456FC03FD8FD5791
:109C54002388F19CF957A388F19CA387019C23874F
:109C6400019C2396019C23A4019C23A2019C23A074
:109C7400019C97C7FF1F9387E72D17070000130761
:109C8400271F98C317070000130727B6D8C3170761
:109C940000001307E78198C717F7FFFF1307C76C86
:109CA400D8C717F7FFFF1307276F98CB97F7FFFF66
:109CB4009387C77323AEF19A8280411126C293849D
:109CC40001989C4006C622C495CB2A840D45977002
:109CD400FF1FE78040C5AA8519C9930700FD1CA191
:109CE4008D4700B13CA19C408823EFB0FFAC19C460
:109CF4002244B240924441016FF0EFE4B240224466
:109D040092444101828079714AD013890198832752
:109D1400090006D622D426D24ECE638F070C983380
:109D24008547AA8497C9FF1F9389891F6301F70494
:109D340083C749008DE70D459770FF1FE780A0BEDC
:109D4400AA8501CD930700FD1CA1914704B13CA154
:109D5400832709008823EFB03FA6EFF0CFDE054547
:109D6400B250225492540259F2494561828083A729
:109D7400819C89CB9443D2239305E1000545EFC030
:109D84003FCF11ED0145EFD0CFFE2A8631C2894580
:109D940017C5FF1F0345C53AEFB0DFC315A81C2143
:109DA400858BEDD30545EFD0CFFC9307B0032A8410
:109DB40063FFA7025D6613060670894517C5FF1F7A
:109DC40003450538130444FCEFB07FE12396819CDE
:109DD40083270900094798B383C7490091C797C7E8
:109DE400FF1F23810714A5BF2685C13D8DBF93079F
:109DF40000643306F50259BF01459DB7411122C4E1
:109E04002A840D4506C69770FF1FE780C0B119CD9F
:109E1400930700FD1CA1CD4700B13CA12244B240F0
:109E2400AA8503C5019D41016FB01F99B240224428
:109E340041018280411122C42A840D4506C69770CF
:109E4400FF1FE78040AE19CD930700FD1CA1ED472D
:109E540000B13CA12244B240AA8503C5019D410141
:109E64006FB09F95B2402244410182805A21011172
:109E7400896606CE22CC26CA13866600AA87631694
:109E8400C7009C4701458C2351A8138606046365CB
:109E9400E60413865603636FE60013869600630791
:109EA400C7081386A6006303C712A1066305D70675
:109EB400014585A8F9769386A6FC3697A9463347CB
:109EC4000708E3E7E6FE971602009386E697334712
:109ED400D72018433697028713861605630AC716D8
:109EE40093862605E316D7FC1C45802383C7E19C93
:109EF4002285639207160D459770FF1FE780A0A285
:109F0400AA8519CD930700FD1CA1F14700B13CA11E
:109F140003C5019D05AA9C4705458C23EFF02FE955
:109F24000545F2406244D2440561828003A701984A
:109F3400014565DB9C47882359E585471CB30545E6
:109F4400EF903022F1BF1C459384119D1307E00F5D
:109F540080239C20638BE7021307F00F6384E702DE
:109F640011459770FF1FE780009CAA8501CD9307D8
:109F740000FD1CA1894700B13CA1A3010500882074
:109F8400EFB09F83F9579CA061BF938401989C40D4
:109F94000145C1DB05E805447D454085EFD06FDD13
:109FA400688613050002EFD0CFDC9C40C8851307F8
:109FB400B10080B374001306A10085450545EF90F8
:109FC400D023B9BF2285EFF05FCF99BF9C4762448D
:109FD400F240D244882305616FF0FFD21C45094545
:109FE4008C232DBF1C4588232DE16C001305D03034
:109FF400EFB0C13DB247414793F7070FE382E7F261
:10A004009305B10013056031EFB0413C8885854567
:10A01400EF90701F31B71C45802383C7F19C2285C4
:10A024008DE70D459770FF1FE780E08FAA85E30950
:10A0340005EE930700FD1CA1D14700B13CA183A705
:10A0440001988823EFB04FF7E1BDEFF03FDBC9BDC6
:10A054001C45882301C5EFF0FFDDD9B585450545CD
:10A06400EF90B01B75BD411122C417C4FF1F0344F8
:10A07400640D06C6158809CC17C5FF1F130585EDA9
:10A08400EFC07F944D44B240228522444101828036
:10A094000145EFC05F93C5BF982193762500937760
:10A0A400D70F99C29367270093F6F70713174560F4
:10A0B4006354070093E607081378850093F7760F37
:10A0C4006304080093E786009376050299CE93E72C
:10A0D40007029CA1635707001C2293E7C7001CA238
:10A0E40082801375A5026DF9828093F7F7FD9CA118
:10A0F400E34407FE9377A502E5F37DF11C22CD9B93
:10A10400F9BF2D45631C0710011126CA4AC84EC663
:10A1140006CE22CC9821BE8989472E89B684631E37
:10A12400F704DC413284983394232207558F8D66DB
:10A13400938746A01316576063C9C7029386F69F98
:10A1440063DDC602F5779387F75F3E978D47C84571
:10A154003347070863E7E702970602009386867190
:10A164003347D7201C43B6978287938766AA630E2A
:10A17400F608938686B8630FD60823900400054535
:10A1840025A09770FF1FE780C09233460508335619
:10A19400360B92A08325C9001DA01E2109479AA051
:10A1A4001CA0A1831CB00145F2406244D244424940
:10A1B400B2490561828099479EA01946AA852285E5
:10A1C4009770FF1FE7804085F9BF85479EA01C213B
:10A1D4001CA0D1BF05C9A1479EA01E211CA01E2101
:10A1E400A1831CB03E213CA03E21A1833CB05E2152
:10A1F4005CA05E21A1835CB07E217CA07E21A18332
:10A204007CB055B72390040079BF85479EA0DC45F8
:10A214009C237DBFE1479EA06146ADBF82807971DA
:10A2240022D44AD006D626D24ECE52CC56CA3A8929
:10A23400982189472E84631DF7025C40B684B28559
:10A2440003C8170094238D6722083368D8009386C7
:10A2540027A0131858606301D8102A8A63CC06011A
:10A26400938607A0630BD802938717A0630CF808A2
:10A27400854711A8138737A06309E80A138767AADB
:10A284008D47E317E8FEB250225492540259F24922
:10A29400624AD24A3E8545618280484432C69770FC
:10A2A400FF1FE78000819D4733450508E36D25FDC9
:10A2B400938A419E83C70A00B3099900B24563D4C7
:10A2C4003701B547C9B748442686B3C909084A9532
:10A2D4009760FF1FE780407403C60A004844814525
:10A2E4000506330636414E959760FF1FE780407997
:10A2F40083A7819E99E3814779B79C438145E5DF34
:10A30400528515A0AD47E31009F8E39CE4FA1C322A
:10A314001822A207D98F58441EA383A7819EE1DF88
:10A324009C438545E9DB8297F9B703C7F19D8D47C7
:10A3340039DBAD47E31909F49947E394F4F8484449
:10A3440019469760FF1FE780206D83A7819EC5D7BC
:10A354009C43D5D38D456DB703C76184218B8D474D
:10A364001DD3AD47E31109F28547E39CF4F41822A9
:10A3740093070008E3E9E4F05C4498A3ADBF4111FE
:10A3840022C40944A3848184A38381842383818494
:10A3940023A4019E2389019C2382019E2391019E73
:10A3A400A38F019CA147194681451385819D06C64B
:10A3B400A382F1849760FF1FE780806C23828184ED
:10A3C400B707A0001387C183938707051CC3B7078A
:10A3D400E8035CC3238C818285476146814517C5A8
:10A3E400FF1F130565CBA38BF182238B8182A38A84
:10A3F4008182238A019C9760FF1FE78060681306AF
:10A404000013814517C5FF1F130505B6238A8182F2
:10A41400A389019C9760FF1FE780806697A7FF1FB1
:10A42400938747D8B2402244170700001307A7CDEB
:10A4340098C3170700001307C7DED8C323A4070077
:10A4440041018280797122D426D206D64AD04ECEDA
:10A4540052CCA1472E84B28463EBA70017070200F5
:10A46400130747423345E5201C41BA978287930777
:10A474001008630CF51863ECA70093072004630A23
:10A48400F51493070008630DF514094581A093079B
:10A494002008E31CF5FE85476399F50208229377AB
:10A4A400250085E783C7E19D1387F7FF97C5FF1F45
:10A4B400938585AB120792072E97A1075047BE9547
:10A4C40091A29307800F63FBB7006145B2502254F9
:10A4D40092540259F249624A45618280138A818406
:10A4E40083470A0017C9FF1F130909A89207CA97CF
:10A4F400C84719C59780FF1FE780A0012382019EEA
:10A50400130614001376F60F916593850571328551
:10A5140083490A0032C69780FF1FE78020F38347F0
:10A524000A009209CA99920723A6A900CA97C847A4
:10A5340049DD324681459760FF1FE78060548347B9
:10A544000A002286A68592073E990325C9009760D2
:10A55400FF1FE780604C2382819E014585BF8947A8
:10A56400E395F5F61E222391F19EC5BF8547E39E30
:10A57400F5F41C22A38FF19CCDB79947E397F5F42A
:10A584001946A6851385819D9760FF1FE780C04803
:10A59400E9B7A147E39BF5F22146A6851385C1835C
:10A5A400E5B78547E393F5F21C22A38BF18275B7D7
:10A5B400E147E39CF5F06146A68517C5FF1F130527
:10A5C400A5ADD9B78547E392F5F01C22A389F19C88
:10A5D40069B78547E39BF5EE1C222383F184B5BF5D
:10A5E4008547E394F5EE83C781841387F7FF97C506
:10A5F400FF1F9385659712072E979207504788206F
:10A60400A107BE95EFF05FA989BF8547E39FF5EAEF
:10A6140083C7019ED9BF630F052E9387219D98237D
:10A62400631A072E054798A397C7FF1F9387C793FD
:10A63400894698A717C7FF1F231D07921387818B8D
:10A6440094A39386818FD8C7D4C37D576302E52C26
:10A654001377150085450DCF17C6FF1F23130692E8
:10A6640009479386C18E1386918498ABD4CBD0CFFF
:10A6740085462384E1842380E7021387018ED8D39F
:10A6840094AF2384D70217C7FF1F231407908D4567
:10A694001377250031C7139745003E979386C18EE3
:10A6A400094654C313887184854610A314A723262E
:10A6B4000701231507001387150033470708238074
:10A6C400E19E12073E9710A314A71386C18D9386AB
:10A6D400219E890550C32315070054C7B3C5050837
:10A6E4001377450031C7139745003E979386C18E73
:10A6F400094654C313886184854610A314A72326EE
:10A704000701231507001387150033470708238F14
:10A71400E19C12073E9710A314A71386818D93869C
:10A72400F19D890550C32315070054C7B3C5050817
:10A734001377850021C7139745003E971386C18E72
:10A7440050C30546894610A71386518414A32315C4
:10A75400070050C7138715003347070812073E97B1
:10A7640014A39386418D54C3A14614A79386819D57
:10A7740089052315070054C7B3C5050813770501D8
:10A7840021C7139745003E979386C18E094654C34B
:10A7940013884184854610A314A723150700232694
:10A7A4000701138715003347070812073E9710A3C4
:10A7B40014A71386018D9386C183890550C323157D
:10A7C400070054C7B3C505081377050221C71397BB
:10A7D40045003E979386C18E094654C313888183EE
:10A7E400854610A314A72315070023260701138702
:10A7F40015003347070812073E9710A314A71386C2
:10A80400818C93867183890550C32315070054C72F
:10A81400B3C505081377050421C7139745003E9770
:10A824009386C18E094654C313886183854610A359
:10A8340014A72315070023260701138715003347A0
:10A84400070812073E9710A314A71386C18C93869A
:10A85400419D890550C32315070054C7B3C5050896
:10A864001377050831C7139745003E971386C18EA9
:10A8740050C35146894610A71386518314A3231548
:10A88400070050C7138715003347070812073E9780
:10A8940014A39386418C54C3854614A797B6FF1F0F
:10A8A4009386867F89052315070054C7B3C5050819
:10A8B4001375051039C1139745003E979386C18ED1
:10A8C40054C3094685461385418310A314A7231551
:10A8D400070048C713871500334707081207BA97BC
:10A8E4001387418CD8C31387319D890590A394A7FE
:10A8F40023950700D8C7B3C5050897A6FF1F9386FD
:10A90400668A414617B5FF1F130505666F2050730D
:10A914004D4599B3014582800111FD1522CC06CE27
:10A92400328426CA3E864AC813F8F50FAD4763E859
:10A93400070B3A8917070200130707F73348E82083
:10A9440083270800B684BA9782878545EFC04FA451
:10A9540001E5EFF04FF10145F2406244D24442492F
:10A96400056182808945EFC0AFA27DF52285EFE0C5
:10A974003F94D5B7914532C6EFC08FA1324669FDE9
:10A98400CA852685EFC06F97EFF0EFEDEFF04FA982
:10A99400EF608003C9B7A14532C6EFC06F9F32464E
:10A9A40045FDCA852685EFC04F952285EFE05F906F
:10A9B400EFE01F88EF50707F79BFB14532C6EFC01A
:10A9C4002F9D324651F9CA852685EFC00F93228503
:10A9D400EFE01F8EEFE0DF85EF50307D75B709455E
:10A9E400A5BF79714ECEAE896C0022D426D24AD04E
:10A9F40006D62A89B284EF00F0362A840DE1CE858A
:10AA04004A85EFB0C13F2A8419E93245268797B6B3
:10AA140001009386463E2D468145EF00D04EB2504C
:10AA24002285225492540259F24945618280397137
:10AA340026DAAE844C0022DC4AD84ED652D406DE46
:10AA4400AA893289368AEF00F0312A8421E9A68561
:10AA5400630D09009E202C007C84BE207C85930716
:10AA640020307C86930780025C874E85EFB02136C8
:10AA74002A840DE55946A6851305A1002304210166
:10AA84009760FF1FE78040F91245528797B601008F
:10AA94009386663125462C00EF00F046F25022855D
:10AAA4006254D2544259B259225A21618280754764
:10AAB400AA876365B702114701456378B702ED15AC
:10AAC40093F5F50F61476361B70297060200938619
:10AAD400A6E0B3C5D52098413697028793F5F507CC
:10AAE40013072005638AE50001458280C8478280F8
:10AAF4008843828088478280C84382809307F00F0E
:10AB0400630FF506011126CAAA841305000222CC9C
:10AB14004AC84EC652C456C206CE2E8AB28AB689D6
:10AB24003A899760FF1FE78000E02A844D450DC8ED
:10AB3400930700FB1CA0A30054012311440123022A
:10AB4400340113058400614663050902CA859760D0
:10AB5400FF1FE78060ECA2852685EFA0FFC50145B5
:10AB6400F2406244D2444249B249224A924A0561BF
:10AB7400828081459760FF1FE78080F0E9BF094527
:10AB84008280011122CC06CE2A844C86D0869780FE
:10AB9400FF1FE780C0100DC15425214797B7FF1F41
:10ABA4009387075A639EE600E82378009306E0073C
:10ABB4000146A285EFF09FF4F24062440561828071
:10ABC400C83378009306E0070146A285E5B79307EA
:10ABD40000643306F6026FA0BFF415C1411122C40C
:10ABE40006C62A8408219307D00F63E6A700EFB0B6
:10ABF4002F90FD571CA0B2402244410182808280E4
:10AC0400797122D406D626D24AD04ECE9E25094446
:10AC14008DEBAE846C00AA893289EF00B0142A84CB
:10AC24000DE1A6854E85EFB081222A8419E93245CB
:10AC34004A8797B60100938646214D468145EF0029
:10AC4400902CB2502285225492540259F249456103
:10AC540082801A219307000B6310F7025C21494795
:10AC6400639AE700183985476398E7002A218545E8
:10AC74006F3040576D47CDBF8280797126D2AE8444
:10AC84006C0022D44AD04ECE06D6AA893289EF006F
:10AC9400700D2A840DE1A6854E85EFB0C1052A8486
:10ACA40019E932454A8797B60100938686030D4613
:10ACB400A685EF005025B2502285225492540259A1
:10ACC400F24945618280011122CC26CA4AC806CEC7
:10ACD4002A84AE84328936C69780FF1FE78020FC21
:10ACE40015C95025A146324797B7FF1F938747459B
:10ACF400631DD600E823CA862686A2856244F240F4
:10AD0400D244424905616FF07FDFC833CA86268684
:10AD1400A285EDB7F2406244D2444249054505613B
:10AD240082806FF01FCCB28601466FF05FD023940F
:10AD340005006FF0FFEC23A8A19E828023A6A19EAC
:10AD44008280011122CC26CA06CE2A84AE84978042
:10AD5400FF1FE780C0F4A6852285EFA0315105E9E5
:10AD6400228564869780FF1FE78060F30DC1542518
:10AD7400214797B7FF1F9387A73C639FE600E8230B
:10AD840078009306F0070146A285EFF03FD7F24022
:10AD94006244D24405618280C833DDB7797122D41C
:10ADA4004AD0AE8706D6BA8526D24ECE75473284AF
:10ADB40036896364F7042147636CF7001547638899
:10ADC400E7021947638DE708C167FD1785441DA095
:10ADD40037061400DD1713060620B317F0287D8EFE
:10ADE40049EE19677D8F25EB93F71710F1DFC167E3
:10ADF400FD1789446316F40221A813F7F707930695
:10AE04002005E313D7FC41677D17631EE6048D44D8
:10AE14002EC6EFA07149B24533049540334404086B
:10AE24003385840033450508EF304048AA87B3C909
:10AE3400040821C963040900231089002254B25074
:10AE440092540259B3053041F2493E854561177366
:10AE5400FF1F67004378C167FD17954461BFC16751
:10AE6400FD179D4441BF1307200D8D44E39AE7FA73
:10AE74001304C6003344040865B7C167FD178D4445
:10AE840095BFB250225492540259F24945618280CE
:10AE9400011122CC26CA06CED0212E84130700022B
:10AEA40081469945AA84EFF07FEF2AC621C51E206A
:10AEB4005020930554007C803E207C8189477C820D
:10AEC400930780025C839760FF1FE780E0B45C20F7
:10AED4008A8526857C84EFA0D1682A8411C53245F1
:10AEE4009770FF1FE780E062F24022856244D244FB
:10AEF400056182804D44CDBF397122DC26DA4AD8FF
:10AF040006DE89472A84AE8436896306F600C14783
:10AF140009456315F60432C6A9C04C082285992553
:10AF240032460DEDC1778507A6851305D1013ECCC8
:10AF3400230EC1009760FF1FE78000AE2C08228516
:10AF4400EFF01FF501ED52454A8797B6010093864D
:10AF5400E6DF1D462C08EF00007B0145F2506254E9
:10AF6400D254425921618280397126DA4AD84ED6A8
:10AF74003289AE893686BA84814613071002D945D0
:10AF840022DC06DE2A8432C6EFF05FE12ACE1DCD34
:10AF94003246A685231A3101F084231B21019760D0
:10AFA400FF1FE78060A722854C08EFA0F1702A8478
:10AFB40011C572459770FF1FE780A055F250228596
:10AFC4006254D2544259B259216182804D44FDB732
:10AFD400011122CC06CE26CADD472A846390F50AE5
:10AFE4005439B1441C49B38696023287B6979043CC
:10AFF40014436306D6020A20230601006C00EFA066
:10B00400716F0824B165938505B8EFA05F8FE5479C
:10B014003CA097B701009387A7ED5CC099A856237D
:10B02400D223E31AD6FC88470C479760FF1FE780BA
:10B0340040B0AA870A2089E7230601006C00C1B743
:10B044005C385828850793F7F70F5CB863F5E70277
:10B05400B38797021848BA979847D623B2238E230A
:10B06400EFF09FF049F90824B165938505B8EFA086
:10B074001F89D94431A87C285C86C9B70A21AE84CB
:10B084006C0023060100EFA0F1668547E39BF4F60C
:10B09400F24062442685D24405618280011122CCAB
:10B0A40006CE26CADD472A840A216398F508EFA054
:10B0B400B11F522C3E284E286D162A963346060898
:10B0C4003307F64052ACAA86334707080A20637256
:10B0D400B7061388C6FFB388E54063D40803AE9768
:10B0E400918FB3C607081C4C0E283E97EFF0DFE79C
:10B0F40009ED0824B165938505B8EFA05F80D944B4
:10B10400B1A0ED16B3C60608F9BF0A202306010054
:10B114006C00EFA0315E0824B165938505B8EFA0FB
:10B124000FFEE5473CA097B70100938767DC5CC03E
:10B13400F9B785475C866C00E9BFAE846C002306D2
:10B144000100EFA0315B8547E397F4FCF2406244D1
:10B154002685D2440561828079714ECEAE89C1655F
:10B1640026D20147AA8489461386018CFD1505451C
:10B1740022D406D64AD0EF10E06C054429C92A89A6
:10B184001307300281461146F5452685EFF01FC1AD
:10B194002AC655440DCD0357A900CE8601467884AE
:10B1A40011477885054718A1B2472C002685A3804E
:10B1B40007003247FD573CA332473CB3EF10C05D54
:10B1C4002A8411C532459770FF1FE7808034B2503E
:10B1D4002285225492540259F249456182804111D8
:10B1E40006C6EFF0DF8C19C5B24041011773FF1F8B
:10B1F40067002332B24041018280011106CE2AC683
:10B20400EFA081713245914523A8019E23A6019E9A
:10B2140097B7FF1FA386A7F2EF302005F240056120
:10B224006F20407579714AD006D622D426D20149BE
:10B234009397556063D8070417B5FF1F034555F06E
:10B244002E899750FF1FE78020742A844DC518214A
:10B254009307000A631EF70885474C08DC85EFA0B6
:10B264006178AA841DC59C8599C7084409C597704F
:10B27400FF1FE780002A2A208545EF20B076CD47BE
:10B284006398F406B250225492544A850259456197
:10B2940082808347610191CF71476361F7064D470F
:10B2A4006376F7069386C7FE130730143357D748DF
:10B2B40031CF03A7C19E01C7034751013DC79C85F8
:10B2C40099C7084409C59770FF1FE7808024524737
:10B2D400B7070001938707F07D8FB70712009387A4
:10B2E40007106307F70003476101ED47630EF70892
:10B2F4002285EFA04FC71319F96869B7138717FEA2
:10B304001377F70F93060002E3F5E6FA858B8DCBEE
:10B3140083A7019FB5C32A201306B1004C08829766
:10B324009C85AA84BDE7C5D4B9B75C869947230830
:10B33400F1002A206C0023170100EFA0710A41B725
:10B3440083A7C19E85CB2A201306B1004C0882979F
:10B35400AA8435D583475101E39707F02308910068
:10B36400834761012A206C005C8623170100EFA04B
:10B374003107D5BD9944F9BF9C8599C7084409C5CF
:10B384009770FF1FE780E0182A208545EF2090651D
:10B3940085B7084449D99770FF1FE780801761B7C4
:10B3A4005D71A2C4A6C286C6CAC04EDE52DC56DA9D
:10B3B4005AD85ED6A5472A84B2846392F50E834791
:10B3C40045021A22322285072302F5029307F7FF6A
:10B3D400B307F602D440B3C70708B697542503CB86
:10B3E400070003C917008547638BF6049317890088
:10B3F400B3E7670141677D17638AE70A1A2863F791
:10B40400E70A50248507B3C7070885467EA40A20A7
:10B414009305E400631BD6007C84930720307C866C
:10B424009307800278855C872C00EFA0511A0824CA
:10B43400B165938505B8EFA08FCC59458DA8330726
:10B44400C702239004008149014A930B3501B34A92
:10B454000708E3FD59F9B620DC402C28138659006F
:10B46400ED163E965E85B3C60608EFA0614F1DC17A
:10B47400630B3A01C840B220B30535015295975089
:10B48400FF1FE7806059BE203E9A9E20334A0A0877
:10B4940085079EA0BE20BE99B3C909085DBF582286
:10B4A400A9476311F7028347450289CF0145B64096
:10B4B400264496440649F259625AD25A425BB25B18
:10B4C400616182803428130934014A8689451385D1
:10B4D400818FEFA0E14829E934284A8689451385FC
:10B4E400418FEFA0E14729E134284A868945138535
:10B4F400018FEFA0E1460DE934284A86894513857A
:10B50400C18EEFA0E1450DE1DC2009476380E7022D
:10B51400ED1793F7F70F29476368F700130790486F
:10B52400B357F700858B99E3054551B78347440228
:10B5340085072302F402BE2075BD411122C406C64C
:10B544002E849770FF1FE780006C09C93C25138780
:10B5540017006315E40093F707F83CA5B2402244B2
:10B5640041018280411122C406C62E849770FF1FB8
:10B57400E78060691DC111C008C01C251307E00FD6
:10B584005D456388E7001307F00F59456393E700AF
:10B594000145B2402244410182800945DDBF411189
:10B5A40022C42A84210526C206C64AC0EFF0EFE26F
:10B5B4002420A51493F4D40F81E858248547631DEF
:10B5C400F7041C483149A1E3FD57230104001CB4CE
:10B5D400230204021305C4002244B24092440249E7
:10B5E4006146814541011753FF1F67006349B387D3
:10B5F40024033E95084509C59770FF1FE78060F155
:10B60400850493F4F40F5C280848E3E2F4FE977091
:10B61400FF1FE78000F04DBF084C75F975B7411165
:10B6240022C4416406C626C29307E4FF6301F502FF
:10B63400AA849DE19770FF1FE780E05C09E9130588
:10B64400F4FF9770FF1FE780005C11C106A1B240B0
:10B65400224492444101828085476392F5049770A5
:10B66400FF1FE780405A2A847DD1FD571EA11C2468
:10B674001307F00F6382E7021307E00F6389E70003
:10B684003420083401475146A685EFF02FC72285A0
:10B69400EFF0FFF0FD571CA4230504004DBF8947BC
:10B6A400E397F5FA8545EF40A01855F12685977084
:10B6B400FF1FE78040552A845DF951BF21C5011160
:10B6C40022CC06CE18259307F00F2A846308F702CC
:10B6D40034210E21083501475D46EFF02FC2382092
:10B6E400E1476318F7000A206C0023060100EFA06D
:10B6F4007100F9571CA42285EFF07FEAF2406244FE
:10B704000561828082809307F00F6306F7060111BA
:10B7140022CC26CA2A844AC84EC652C4B689328A62
:10B724003A8993068500AE847946AA8517050000F8
:10B73400130505F906CEEFF08FC9A30424012301F4
:10B7440044012322340185C01305C4006244F2403D
:10B754004249B249224AA685D2446146056117533B
:10B76400FF1F6700632BF2406244D2444249B2494E
:10B77400224A056182808280238CA19E82804111AD
:10B7840022C406C695472A846391F5068347450279
:10B79400854685072302F5021E2258423022FD17F2
:10B7A400B3C70708631ED602B3C7E72098239C33A8
:10B7B4000145A207D98F7A2463F0E7020A2085079E
:10B7C4005EA49305C400EFA001570824B1659385D6
:10B7D40005B8EFA0CF925945B2402244410182807E
:10B7E400C946B387D702BA97D1B75822A9470545A6
:10B7F400E314F7FE0345440213351500F1BF41116C
:10B8040022C406C69D472A846396F50483474502ED
:10B8140085072302F5021E225842FD17B3C7E7200D
:10B8240098239C33A207D98F7A25014563F0E70258
:10B834000A2085075EA49305C400EFF06FE5082491
:10B84400B165938505B8EFA08F8B5945B24022446A
:10B85400410182805822A9470545E319F7FE0345B3
:10B86400440213351500DDB7411122C426C206C6B1
:10B87400B5472A84B2846394F50483474502850757
:10B884002302F5020A21EFA021229E201307F5FFCF
:10B89400014563C1E7027A240A209305C400BA97DC
:10B8A4007EA4EFA0E1560824B165938505B8EFA006
:10B8B4000F855945B2402244924441018280582266
:10B8C4009D470545E318F7FE03454402133515006B
:10B8D400D5B7411122C406C6C5472A846390F5062C
:10B8E4001E223A22FD17B387E702034745020507E4
:10B8F4002302E5025842B3C707083E973C33382376
:10B90400A207D98F41677D176397E7000145B240CD
:10B91400224441018280138717005AA57A25E3F750
:10B92400E7FE9305C5000A21EFA0A14F0824B165E5
:10B93400938505B8EF90BFFC5945D1BF5822A9475C
:10B944000545E316F7FC0345440213351500C1B75A
:10B95400011126CA4AC84EC656C206CE22CC52C4CB
:10B96400BC211547AA8A2E89B289B684639EE70250
:10B974003686CE854A85EFF09FE02A84631E051043
:10B984008547034599006393F910D820A9476319A3
:10B99400F70C054A83462900034599000147694687
:10B9A400D685EFF0AF95F9A83547638CE708636156
:10B9B400F7041D47638BE7062547638EE706A54713
:10B9C400638FF90A0544034599002687CE8601460C
:10B9D400D685EFF0AF92054A19E5CE852685EFF0BE
:10B9E4000F8D133A15005DD4D9476306F40259A8A4
:10B9F4004547638EE7045D47E393E7FCD825854715
:10BA04003686CE854A85631AF704EFF06FDC8547E6
:10BA1400054AE306F5FAF2406244D2444249B24987
:10BA2400924A5285224A056182803686CE854A85AD
:10BA3400EFF0FFDC99B73686CE854A85EFF05F9646
:10BA44002DBF3686CE854A85EFF01FE23DB7368698
:10BA5400CE854A85EFF0FFE70DB7EFF02FE445BF41
:10BA6400268785460146D685EFF04F89E31305F214
:10BA740085452685EFF0AF83133A150021BF9E203C
:10BA8400B1F3054A4A85EFF09FB171B7A547E39C2E
:10BA9400F9F29E208DFBF5BDA547E396F9F29E20B1
:10BAA400E39307F2054A89B79E216399071C39710C
:10BAB40026DA4ED652D406DE22DC4AD8A021ED473F
:10BAC400AA89AE84328A6313F40203C7819F930761
:10BAD400F00F0144631DF7049947F2506254D254A5
:10BAE4004259B259225A3E8521618280F547631D2D
:10BAF400F40683C6819F1307F00F9947E38FE6FC92
:10BB04009770FF1FE78020102A8415C1302505C2D5
:10BB14009317466063D407008147C1B7F5454E8546
:10BB2400EFF02F863C2493E707F83CA4F5B7D62022
:10BB340090448C3088203800EFA0E13CAA8751FD66
:10BB4400B42038000146CE8503C5819FEFE01FFB7A
:10BB5400AA8741F5B24799C323000A00BC20754760
:10BB6400E39CE7FA79F04DBF9770FF1FE780A009C7
:10BB74002A895DD185476317F404CE2088443000B8
:10BB8400EF907174AA8731F98347290015476382BE
:10BB9400E702E51793F7F70FC14663E1F60433179D
:10BBA400F0281377574411E7639AD70283270901D2
:10BBB40095C7B0203400CA854E85EFF07FD92300A5
:10BBC400AA0099BF38219147E31987F05841E30649
:10BBD40007F0CE208844300002976DB703459900E2
:10BBE40097A7FF1F83C7D7556381A702B4203800E6
:10BBF4000146CE85EFE09FF02A8409E9AC202800B5
:10BC0400EFE0FFEA19C123000A00014403472900B9
:10BC14008D476318F7043C840357C90063F4E700B5
:10BC24002316F9008355C9004E85EFF08F9117A7AD
:10BC3400FF1F03576720ED4763F5E7028357C900E9
:10BC4400DD4663F0F6029386370063D1E60211669F
:10BC54009385470013060629B3C505084E85EF7082
:10BC6400904D4A85EFF0BF93A28785BD1166930579
:10BC7400B00F13060629B355B70ACDB799473E85C9
:10BC84008280011106CE26CA4AC822CC4EC652C4AE
:10BC940097A4FF1F9384C44A882493078002916564
:10BCA4003305F502938565701389419F3345050873
:10BCB4009760FF1FE7808079902493078002814575
:10BCC4003306F6022320A9009750FF1FE78040DBCC
:10BCD400832709004D459DCB0144130A8002FD5979
:10BCE4009C24636DF40217050000130525DCEFF0B6
:10BCF4008F841705000013058584EF90F14D170517
:10BD0400000013050592EF30D0290145F24062444A
:10BD1400D2444249B249224A05618280B3074403AE
:10BD2400032509006146814505041374F40F3E950B
:10BD340023103501230105002314350123050500D3
:10BD44002302050231059750FF1FE78060D349BFE6
:10BD54000145828017A7FF1F0347173F814763E40C
:10BD6400E700014582809221938645006314A60072
:10BD74002E8582808507B685DDB71DC5411122C495
:10BD840006C638219307D00F2A8463EBE7000E21FF
:10BD940028310147F9465D46EFE05FD6F9573EA0EA
:10BDA400B240224441018280828017A7FF1F0347CB
:10BDB400B7398147FD5663E3E700828016A123016A
:10BDC400050085071105C5BF0145828093859185CE
:10BDD4009307000285469CA1FD57238CF184A38B15
:10BDE400F184238BF184239AD184239A01A023A87C
:10BDF40001A023A601A023A401A01386C1849387D4
:10BE0400C18F5CC2A38C019E9787FF1F9387073B5A
:10BE1400094718A298A398AB2380E7022388E70276
:10BE24001387418E94A7D0C794AFD8DB1385818F35
:10BE34000D471386C18E9386018C238CE702C8C3F9
:10BE440023950700D0CB239D0700CCCFD4D32384E4
:10BE540007022395070223A60702239D070203A7CF
:10BE6400C19FD8DF9787FF1F938787341707000088
:10BE74001307870B23A00700D8C323A407008280DD
:10BE8400411106C6EFF01FED09C52821B24041015A
:10BE940082800145E5BF411122C426C24AC006C6BC
:10BEA400AA842E893284EFF0FFEAAA8711E941655A
:10BEB400CA857D15EFF01FEAAA87454581C786A389
:10BEC400A0A30145B2402244924402494101828028
:10BED40021E309483547639E0603011106CE22CCAF
:10BEE400182210322206598E32C6B377F64085E7FF
:10BEF400CC452A842EC4EFF0BFF832460147630EC6
:10BF0400C50022856244A245F24005616FF0BFF886
:10BF14002D473A85828013070008F24062443A852F
:10BF24000561828083C80500094863910803DC41E8
:10BF340003C807009C33A207B3E707010D68130881
:10BF440028906395070189476FF09FF80545828023
:10BF540001114EC606CE22CC26CA4AC893897185E1
:10BF640003C709009307F00F630FF7022A892945D5
:10BF7400AE8432849750FF1FE780E09AAA8505C5F6
:10BF84009307100B1EA12302050002A5624423118E
:10BF9400250166A1F24003C50900D2444249B249D1
:10BFA40005616F907F81F2406244D2444249B249B4
:10BFB40005618280411126C2AE8483A5C19F22C43B
:10BFC40006C62A84EFF0DFEB098909C922852244D9
:10BFD400B240A685924441016FF00F98B2402244CA
:10BFE4009244054541018280411122C426C24AC0BF
:10BFF40006C6AA84130445001309850B1E209DC39D
:10C00400084409C59760FF1FE780A0502285314688
:10C0140081459750FF1FE780A0A63104231A04FE30
:10C02400E31E24FDB2402244FD579EA002499244DF
:10C034004101828097A6FF1F83C6161183A741A0E2
:10C0440001476394E600014582808E231386870BA3
:10C054006394A5003E85828005071377F70FB287A6
:10C06400CDB7AA8703A5C1A001C95A216314F7005B
:10C07400084582800841CDBF8280411106C6EFF099
:10C084005FFE09C50845B240410182800145E5BF14
:10C09400797122D41384450026D24AD052CC5AC88E
:10C0A4002E8A06D64ECE56CA5EC622892287014BF8
:10C0B400814481468147BD45122345CAB5EE4623D6
:10C0C4003E23B286A697B3C70708050B3107E315CD
:10C0D400BBFEADC491659385457026859760FF1FAF
:10C0E400E780C036AA8B39C90C44D1C9814A814939
:10C0F400522033853B019750FF1FE780E0915E207B
:10C104000844BE99B3C909089760FF1FE7806040DF
:10C1140063980A003109854A832589004A84E9F92C
:10C12400314681452285850A9750FF1FE780409557
:10C1340063826A053109CDB7630ED6000145B2505A
:10C14400225492540259F249624AD24A424BB24BA7
:10C15400456182803223E313F6FE5223B294B297F0
:10C16400B3C40408B3C707088DB78547E3E367F78B
:10C174000545F1B723267A0123149A00D5BF130984
:10C18400C400854A814949BFAA8703A581A011E15A
:10C19400828018453A276314F7001105828008410C
:10C1A400FDB7411106C6EFF03FFE09C50A21B240B2
:10C1B400410182800145E5BF411106C6EFF0DFFC75
:10C1C40009C52821B240410182804145E5BF4111A2
:10C1D40022C42A84090506C6EFE03FA0FD573CB0FF
:10C1E400B240224441018280411122C4416406C606
:10C1F40026C29307E4FF6301F502AA849DE19770C8
:10C20400FF1FE78020A309E91305F4FF9770FF1FC0
:10C21400E78040A211C106A1B240224492444101E8
:10C22400828085476392F5049770FF1FE78080A0A2
:10C234002A847DD1FD571EA13C201307F00F638291
:10C24400E7021307E00F6389E70028300147F94646
:10C254005146A685EFE09F8A2285EFF05FF7FD57F0
:10C264003CA0230204004DBF8947E397F5FA8545B6
:10C27400EF30005C55F126859770FF1FE780809BA7
:10C284002A845DF951BF5D71A2C4CAC086C6A6C224
:10C294004EDE52DC56DA5AD82E84AC21F9472A896C
:10C2A4006392F5049770FF1FE780C0982A8405C144
:10C2B40038219307D00F63ECE70028310147F94692
:10C2C4000146CA85EFE09F832285EFF05FF00145C8
:10C2D400B640264496440649F259625AD25A425B01
:10C2E40061618280832A0400B7070001938707F005
:10C2F40037071200B3F7FA0013070710B289814415
:10C304006388E7022EC69770FF1FE780A092B245AC
:10C31400AA8419CD502109CE93174660E3C907FAC0
:10C324004A85EFE01F86DC2093E707F8DCA045B7D9
:10C33400138A818503470A009307F00F1945E3091F
:10C34400F7F8E147E3E6B7F893D71500FD1717E7C9
:10C35400010013076764B3E7E72003A80700E309B4
:10C3640008F603AB4700E3050BF6B3CA0A08638576
:10C374000A00C947E39EF5F4562010440C30082007
:10C384003808029831F52C084A85029B1DCD1830D7
:10C3940021F33820230AA100B9472308E1006314DC
:10C3A400F702E24798239C33A207D98F0C084A85E9
:10C3B400FC81EF90F10201DD14080546D9454A8558
:10C3C400EFE07F9031B7BC84D5B734209147E38048
:10C3D400F6F003450A0038080146CA85EFE00FF27B
:10C3E400E31805EE2C202808EFE06FEC19C1238038
:10C3F40009001840B7070001938707F07D8FB7073E
:10C40400120093870710E304F7ECE38204EC3C206A
:10C4140031BF411122C406C62E849770FF1FE780E6
:10C42400608109C95C21138717006315E40093F741
:10C4340007F85CA1B240224441018280397152D490
:10C444002E8A4ED69305E100AA89528522DC4AD869
:10C4540056D25AD05ECE06DE26DA3289368BBA8BB5
:10C46400BE8A9760FF1FE780207F054425C1AA8408
:10C4740028873944EFF0FFBE31C90328450063071C
:10C484000804D6875E87DA864A86A6854E85029892
:10C494002A840DED9307E00F638AFA0298208947F6
:10C4A4006316F702DC4098239C33A207D98F0D67EB
:10C4B40013072790639CE70083471900034609008C
:10C4C400D285A2075D8E4E85EFF09FA8F25022859B
:10C4D4006254D2544259B259225A925A025BF24BD4
:10C4E40021618280797122D422214ECEAA892285AB
:10C4F40056CA06D626D24AD052CC5AC85EC662C4A0
:10C50400AE8AEFF03FB305E52285EF9011665944FA
:10C5140011E10144B2502285225492540259F24945
:10C52400624AD24A424BB24B224C4561828003C7D5
:10C53400890085476307F700EFF01FAB03D5290097
:10C54400E9B7AA85AA8413858900EFF07FB42A8409
:10C5540015CDFA209624D044CE2003D52900E147F6
:10C56400EFF0DFEDD9472A846318F50023A6040011
:10C574002685EFF07FA771BF19E1268575BFDE2000
:10C5840026852390FA00EFF03FA669B7138944008B
:10C59400014AB94B594C3D4B8355090085CDE147C0
:10C5A40063077A010357C900D94711E3E1470357E9
:10C5B4002900835649000326890003D52900EFF09A
:10C5C400FFE72A846310850323240900050A31093F
:10C5D400E3146AFD2685EFF03FA12DD0D947E31B74
:10C5E400F4F205BF65D5835709002390FA00F9BF1B
:10C5F400011170879307E00F1306E1000147894694
:10C6040006CEEFF0BFE3F2400561828079714AD033
:10C614000359850022D426D22A84AE844A85930500
:10C62400210106D69760FF1FE780006379C51C25AA
:10C634002AC693F707029DC7A881EFF01FA4B2454D
:10C64400AA8711E9239024013945B2502254925407
:10C654000259456182802A204946829701C51E24D9
:10C664009EA0E5B7035924004A85EFF0BF9C01ED75
:10C6740041657D15EFF01F9C09E51E2425459EA00C
:10C68400E9B723102501130745008147BD4612234E
:10C6940039EE3147B387E7029305840031462EC64D
:10C6A40091073E959740FF1FE7800037B24531461A
:10C6B40048089740FF1FE780203652242A2041472C
:10C6C4008146DD45EFE08FED2ACE09E51E24454580
:10C6D4009EA0A5BF0C4852249740FF1FE780C0339B
:10C6E4002A204C08EF9031442DD15945B9BF850714
:10C6F4003107E39ED7F825459DB705458DB7797178
:10C7040022D42A840A254AD02E899305E1004ECEEC
:10C7140006D626D2B2899760FF1FE780E0532DC961
:10C724001C25AA8493F707028DEF18389307200578
:10C7340011E35C20362450440E242A200147EFF0F4
:10C74400FFCF21E11C38B9E32A20EF90113AAA87E0
:10C7540059458DCFB250225492540259F249456141
:10C7640082802887EFF07F91AA870DC52A20494649
:10C77400A68582975DD91E242310F9001C3899E7F9
:10C78400D1BFD947E319F5FE238009000145D9B784
:10C794000545D5B73945C5B7797122D44AD04ECEAF
:10C7A40052CC56CA06D626D2AA892E8AB28A36898D
:10C7B4009760FF1FE780004809440DC53C2113071B
:10C7C400E00FAA845D44638FE7001307F00F594418
:10C7D400639AE70063920A02D2854E85EF90F13C9A
:10C7E4002A8421C1B2502285225492540259F2491A
:10C7F400624AD24A4561828003550A009305E100EA
:10C80400231701009760FF1FE78000452887EFF09A
:10C81400BF9AAA8505464E85EF2090612A844DDD96
:10C82400D1B79307F00FE30FF9FA93862400794602
:10C83400A68517F5FFFF13058554EFE04FB9A381D3
:10C8440024014DB7797126D24ECE52CC56CA5AC85D
:10C854005EC606D622D44AD062C466C2AA8A2E8B89
:10C86400B28B368ABA8983A481A0B9C0804483DCA0
:10C8740044000149035CA400631499018440F5B7A2
:10C884003E2463F757010509410433490908EDB70C
:10C89400E36BFBFE63090A000C204840D2865E86E7
:10C8A400EF90010C6DD16384090023908901A28467
:10C8B400B25022540259F249624AD24A424BB24B14
:10C8C400224C924C26859254456182809A21B6214D
:10C8D400854763E1E6041DCFD42101111386550079
:10C8E40022CC1385818F2E84894506CE32C6EF90E3
:10C8F4002107C14719C9542032462E200A20014776
:10C90400EFF05FF4A94711C18147F24062443E85CC
:10C91400056182803E8582802E860A22AE2185476B
:10C9240063E1A50219CD542241110147150606C63B
:10C93400EFF05FF1A94711C18147B2403E85410143
:10C9440082803E8582802E860A22AE21854763E15D
:10C95400A50219CD542241110147150606C6EFF070
:10C964007FEEA94711C18147B2403E8541018280D3
:10C974003E85828039714ED6BE2183D9050006DEFC
:10C9840022DC26DA4AD852D456D25AD05ECE62CCB1
:10C9940066CA63E437152A8A054563830912416B25
:10C9A400AE8A2314010002C6014401497D1B894B50
:10C9B400054CC94C83D52A000147814601464E8562
:10C9C40023130100EFF01FE8AA8471C509EC1307D3
:10C9D4002002930661005A8695455285EFE00FBC0C
:10C9E4002A84630E050E38849C2025C718856301AC
:10C9F400870541476394E70ABE2441461305240092
:10CA04001CA0BE24A1831CB0CC409740FF1FE7802C
:10CA1400A00049043C848507B3C707087C8463FCF1
:10CA24002707BE24638967078509B3C9090859B76D
:10CA340063967707BE240946130524001CA0BE2470
:10CA4400A1831CB0CC409740FF1FE780E0FC110499
:10CA5400D1B722C603596100B82413052400638F9B
:10CA64007701335999032305710118A0BE24414667
:10CA7400A1831CB0CC401379F90F41BF2305810178
:10CA840018A0BE24135929001379F90FA1831CB0EF
:10CA9400CC4009464DBF3C8429459DC32C0052859A
:10CAA400EF90C15709CD34001546D9455285EFE0C2
:10CAB4008FA111C532459760FF1FE78080A501450E
:10CAC400F2506254D2544259B259225A925A025BD9
:10CAD400F24B624CD24C216182800545D5B7454565
:10CAE400C5B703C701A3854763F7E706011122CC45
:10CAF40026CA4AC806CE2A84AE8432899760FF1FAC
:10CB0400E780401311C538219307E00F6307F7044A
:10CB1400631B090022856244F2404249A685D2443F
:10CB240005616F9051058A209305E10023170100E8
:10CB34009760FF1FE78040122887EFF0EFE7AA8590
:10CB440005462285EF20D02E71D5F2406244D244AE
:10CB5400424905618280594582805D45FDB7411196
:10CB640022C406C626C293F705022A84328585C3E9
:10CB7400EFF08FE4AA8505462285EF20702B9547B8
:10CB84006305F500BD476315F502214515A093F72C
:10CB94008500B6849DC3EFF02FE2AA850546228561
:10CBA400EF20102909C59C3481C79C2491C30145F9
:10CBB400B24022449244410182809397456063D7F6
:10CBC4000700EFF06FDFAA850146D1BF89890D45C3
:10CBD400F9FDF9BF7971AE8622D42A848A2293059D
:10CBE400E10106D636C69760FF1FE780E00611C94B
:10CBF4000C2522852254B246B087B25045616FF0AD
:10CC04001FF6B2502254054545618280411122C469
:10CC140006C693F705022A8432858DC3EFF0CFD977
:10CC2400AA8505462285EF20B0201547AA8763050B
:10CC3400E5003D47631DE502A14715A893F785006C
:10CC440099CBEFF06FD7AA85054622852244B240DE
:10CC540041016F20F01D1397456063570700EFF003
:10CC6400AFD5AA850146D5B7898991E18D47B240F0
:10CC740022443E85410182807971AE8622D42A8481
:10CC84008A229305E10136C606D69760FF1FE78026
:10CC9400A0FCB24609C90C2522852254B087B250A3
:10CCA40045616FF0BFF6B25022540545456182805C
:10CCB4003E257971416722D426D24AD04ECE06D67B
:10CCC400231701007D17AA84328436898149638D34
:10CCD400E7009420D040138517001307E100334583
:10CCE4000508EFF03FB6AA899420D0408945138502
:10CCF400818FEF80F14615C5A2242285EFF06FCA1B
:10CD040009C57D142A9433440408630409002310DC
:10CD14008900B2502254925402594E85F249456119
:10CD240082809420D04089451385418FEF80514300
:10CD340061F59420D04089451385C18EEF8051421E
:10CD440011C9E38C09FA3C87E39987FA03D4A90053
:10CD54007D1455BFA22455BF397122DC26DA4AD886
:10CD64004ED652D456D25AD05ECE06DEBE8B9C2509
:10CD74002A8AAE84C18BB28A36843A89C289468BA8
:10CD84009DEF942089476383F6065685EFF06FADD7
:10CD940005CD832805006389080222866254F25077
:10CDA400925A5A88CE87025BB2595E87CA86F24B82
:10CDB4004259A6855285D254225A216182883285ED
:10CDC400EFF0AFABAA8709ED3945F2506254D25463
:10CDD4004259B259225A925A025BF24B2161828023
:10CDE4002946A6855285829749DDC5B7DC4003C331
:10CDF400170098238D6722033363E300138647905B
:10CE040013175360E343E6F81386F78F634BE60288
:10CE140093862780630FD70863C8E604F97793875E
:10CE240007803E93854733430308E3E067F62D45C7
:10CE3400E39D0BF8DC449023CC432310C9002285E6
:10CE44000DA2F5779387F76F3E938D47334303081D
:10CE540063EE671017E70100130747AE3343E3207F
:10CE640083270300BA97828793873780E31FF7F0FD
:10CE74002D45E39C0BF485472310F900DC448145E0
:10CE84009C231CA0AA240505334505089760FF1FB1
:10CE9400E78080DC835709005DE591072310F900E2
:10CEA40011468145130514009740FF1FE78040BDDC
:10CEB40071A02D45E39B0BF0DC446C0083C9170083
:10CEC4009823A209B3E9E90011472310E9009C2340
:10CED4004E851CA0DC449C331CB09760FF1FE78088
:10CEE400A0D7AA8431CD3086C1659306E100FD1533
:10CEF4008329C500EFF0DFDB19E99420D040894590
:10CF04001385418FEF80D12519E1FD577C8703C735
:10CF1400090089476310F70283A5490009461305F0
:10CF240044009740FF1FE78020AF8357090089071B
:10CF34002310F9003C873CA0A1833CB0014571B5A6
:10CF440023173101C5BF18218907BA972310F900A7
:10CF54003E251CB03E25A1833CA010214C41130565
:10CF640034009740FF1FE78020ABC9BF2D45E39EE7
:10CF74000BE42310D900DC449C231CA0DC449C3328
:10CF84001CB06DBFC8449740FF1FE78080B2334791
:10CF940005081D45E36B77E36380EB02B3867901F3
:10CFA40063C6E60033077741B3490708CC4423102E
:10CFB40039014E86DE9561B58149CDBF2D45E39695
:10CFC4000BE0CC445285EFE0BFEB89472310F90016
:10CFD40008A0218108B09DB72D45E3980BDE894751
:10CFE4002310F90049BF2D45E3910BDEDC441D47B6
:10CFF4002310E900982318A0983318B0BA2338A056
:10D00400BA23218338B0D82358A0FA2358B0FE237A
:10D01400A1837CA025B75D71A6C2AA842A214EDE15
:10D0240052DC56DA5AD85ED662D466D26AD06ECE54
:10D0340086C6A2C4CAC0AE8AC16BEF80F126130CA7
:10D04400F5FF2A8A8149979DFF1F938D6D06938C66
:10D0540001A1138B41A1FD1B334D0C08DE2463F6A3
:10D06400F90083D70D0063CD8701AA209795FF1F90
:10D0740093850504EF90811C2A841DCD59442DA865
:10D084009C449305E100B3A7F92003C917009C232E
:10D0940022093369F9004A859760FF1FE780C0BB06
:10D0A400AA851DE923902A0103A54D0009C59750BF
:10D0B400FF1FE78000460544B64022852644964477
:10D0C4000649F259625AD25A425BB25B225C925CC4
:10D0D400025DF24D6161828083C8440083A60C0026
:10D0E4003087AA206A8881475A87EFF0FFC62A84CE
:10D0F40019C923902A0103A54D005DDD9750FF1F38
:10D10400E780204155BF83A74D0099EFAA205147DE
:10D1140081465E86BD45EFD07FC823A2AD0009E5F8
:10D1240023902A01454449BF83D70D0003570B00C0
:10D134003E97634747013307FA407D172310EB00FE
:10D1440003A54D0003560B0083A50C003E958509ED
:10D154009740FF1FE780408C83D70D0003570B00D7
:10D16400B3C90908BA972390FD00CDBD397126DAF9
:10D17400AA842A214ED65AD006DE22DC4AD852D4BA
:10D1840056D25ECE62CC66CA6AC82E8BEF80D111AD
:10D19400AA89D424AE248A2478001386D400EFF01C
:10D1A4006FEA05C1938BB9FF2A84E5190149138CF1
:10D1B40001A1938C41A133CA090863497901631B16
:10D1C40009109E2429452310FB009DA8035DC1007E
:10D1D40083C8440083260C00AA20528881476687AE
:10D1E4006A86A285EFF05FB719C9AE24228593063B
:10D1F400E1006A86EFF0DFAB2A8461F0C9B783D718
:10D204000C009228E313F6FE83250C00C8489740CF
:10D21400FF1FE780009271D99799FF1F938949E90D
:10D2240083A7490095EFAA204166454781467D16AC
:10D234009D45EFD0BFB61DE19E2445452310FB005C
:10D24400F2506254D2544259B259225A925A025B51
:10D25400F24B624CD24C424D2161828023A2A90040
:10D26400AE24835AA40022859306E1006A86EFF077
:10D274003FA42A84E3830AF883A74900130719000B
:10D2840033470708CA972380570183A7490093DAD5
:10D294008A0093062900BA9723805701130739009F
:10D2A400110983A74900B3C6060833470708334961
:10D2B400090811C93087B69790A383A74900218232
:10D2C400BA9790A3DDBDB697FD5694A383A74900F2
:10D2D400BA9794A3AA209795FF1F938565DD1359E8
:10D2E400290023902501EF80F15E39D9594589BF82
:10D2F400411122C406C693F705012A84328585C3E9
:10D30400EFE09FEBAA8505462285EF206032954722
:10D314006305F500BD47631DF502214515A893F784
:10D32400450099CBEFE05FE9AA85054622852244B2
:10D33400B24041016F20C02F93F7050491C7EFE07D
:10D34400BFE7AA850146DDB713C5F5FF05890605C4
:10D35400B240224441018280797122D426D252CC37
:10D3640006D64AD04ECE56CA5AC82A8AAE8401443A
:10D37400DE206364F400014581A083AA04009319AC
:10D38400140013891900B327542103CB0700B38772
:10D394002A0188239305E10022053365650197601E
:10D3A400FF1FE780608B1DE123806A019C400545D7
:10D3B4003E990347090098B3B2502254925402593B
:10D3C400F249624AD24A424B456182800C25308739
:10D3D4005285EFF0FFF101CD9C40BE9903C70900CF
:10D3E40098A39C403E990347090098B3F1B70504FC
:10D3F40033440408B5BF0111AE8722CC2A848A23A2
:10D404009305E10006CE9760FF1FE780E08409C919
:10D414000C25228562443087F24005616FF05FED90
:10D42400F240624405450561828039715AD02A8BE5
:10D434002A2126DA4AD806DE22DC4ED652D456D227
:10D444005ECE62CC66CAAE84EF8001662A898346CA
:10D45400CB008355AB0003558B0078001306DB002B
:10D46400EFF04FBE630B0514C16A130AA9FFAA8B20
:10D474000144938901A1979CFF1F938C6CC3FD1AEF
:10D484006D19334A0A08035CC10083C58B00035538
:10D494002B006286EFF0DFE56310051483484B0030
:10D4A40083A6090003552B0052888147138741A1A5
:10D4B4006286DE85EFF05F8A6310051215C883D794
:10D4C4002C0003D741A111076395E700A29763C21B
:10D4D40027079795FF1F9385A5BDBE2103552B00F4
:10D4E4003354F40282A1EF80315915C1594505A086
:10D4F40003552B00494781465686C545EFD01F8A00
:10D5040023A2AC0015E183D7AB0045459EA0F250A1
:10D514006254D2544259B259225A925A025BF24B83
:10D52400624CD24C2161828083D741A1910723911F
:10D53400FC0083A74C0003D7AB006286A29798A394
:10D5440083A74C001307140033470708BA9703D77F
:10D55400AB009306E1005E85218398A38355AB005D
:10D56400138C41A1EFF0CFF403A74C003C871306C2
:10D5740024003346060832971CA303A74C009306E5
:10D584003400A183B3C6060836971CA3AA8B03A54F
:10D594004C0011043344040803560C0083A509000D
:10D5A400229563910B029730FF1FE780E046835773
:10D5B4000C00A29733C4070809FC83578B00294544
:10D5C4009EA0B1B79730FF1FE780004583570C003A
:10D5D4003E943344040845BD83D7AB009EA0E31AB0
:10D5E40004EE83578B009EA01DB71D71A6CACAC83E
:10D5F400AA84035985002A21A2CCCEC6D2C4D6C29D
:10D60400DAC05EDE62DC6AD886CE66DA6ED6AE8AB0
:10D61400EF808149130BD5FF01447115138CD4009D
:10D62400938B01A1138A41A1179DFF1F130D4DA8D0
:10D63400B3490508635D6411D424AE241307E101E2
:10D6440062864A85EFF00FA0AA8C63020510035985
:10D65400A500B0870C25AA2032C6EFF07FC9631D50
:10D66400050E83C8440083A60B003246AA204E88C8
:10D6740081475287E685EFF02FEE79ED15C4835785
:10D684000A0003572D0089076302F7069795FF1FC9
:10D69400938505A2BE21AA20B357F4029EA1EF8070
:10D6A400112C0DC1594539A8AA2041664D47814620
:10D6B4007D16A545EFD08FEE2322AD001DE123900A
:10D6C4002A014545F6406644D6444649B649264AA9
:10D6D400964A064BF25B625CD25C425DB25D2561A8
:10D6E400828083570A0089072311FD0083570A00AB
:10D6F400A29763DE670583274D0003D7AC00930D23
:10D704002400A29798A383274D0003D7AC000504F7
:10D71400334404082183A29798A303254D0003569C
:10D724000A0083A50B00B3CD0D086E959730FF1F3B
:10D73400E780802E83570A00BE9DC167FD1733C45E
:10D744000D08E309F9EE050933490908E5B529454A
:10D7540015FC23902A01BDB76DDC0DBF1E214111BC
:10D7640026C206C622C44AC0444189EB8947B24056
:10D774002244924402493E85410182809420D04053
:10D784002A8489451385818FEF80811D11C93C202E
:10D794002547E51793F7F70F637DF700E147C1BF0E
:10D7A4009420D04089451385418FEF80611B65F13A
:10D7B40075BF13894185835609008547CDDA1A2040
:10D7C4003697C166E3C5E6FA9165938525703145C0
:10D7D4009750FF1FE78080C7AA84CD4749D93146B7
:10D7E40081459730FF1FE780A0291A20835509003F
:10D7F40001468147B386F500B3C6060863E7E7022E
:10D8040001C62E972310E90023A004002146A28517
:10D81400138544009730FF1FE7800020138781A001
:10D824001C4381CF3E879C43EDBF50401395470076
:10D8340085072A9636A6054675BF04C3814705BFEA
:10D84400011106CE22CC26CA4AC809E90944F2408D
:10D8540022856244D2444249056182802AC6AA8450
:10D86400280036896C845085EFF05FEF2A8465F1D7
:10D87400E30F09FCBE24F9DB9165938555703145AE
:10D884009750FF1FE78080BCAA8705C1BA249386FE
:10D89400C1A0232005005AA198422324250101C7D1
:10D8A400BA861843EDBF9CC25DB74D444DB793870C
:10D8B400919F98230DE3054798A3058909CD977691
:10D8C400FF1F9386E68E414691451775FF1F13058A
:10D8D400E58E6FF0FFF601458280A38BA1848280E0
:10D8E40041677D176315E5002E856FE00FCC41116C
:10D8F40006C6EFE02FC609C5FD571EA1230105008A
:10D90400B24041018280011126CA06CE22CC4AC807
:10D914008547AA846390F5042685EFE0AFF121E9F9
:10D9240041699305F9FF1307E10089461386418E87
:10D934000545EFE03FF12A847D1905C44C44268552
:10D94400EFF01FFA308722858146CA85EFF04FB683
:10D954002A84E5B789476396F5008545EF10506D35
:10D9640045DDF2406244D244424905618280EFE0E1
:10D97400AFE77DB7411122C406C626C21784FF1F34
:10D984001304047C083423A201A023A001A023AE25
:10D99400019E49C19307200C3305F50291659385D7
:10D9A4001570938441A01905334505089750FF1F4E
:10D9B400E780C0A910349307200C81453306F60292
:10D9C40088C019069730FF1FE780800B9C401834ED
:10D9D4008145938647007D5563E6E5069306800BF3
:10D9E400B306D70201460507FD55B69723A0F1A05B
:10D9F400BE868EA2ACB2ACA22382060005069906AE
:10DA0400E369E6FEF95696A399463307D702BA9717
:10DA140023AEF19E17F5FFFF13052587EFD00FB254
:10DA240017F5FFFF1305259FEF70717B17E5FFFFC7
:10DA34001305C57BEF10F056B240224492440145D1
:10DA440041018280239EA6FE36861388460B23104E
:10DA54000600232406003106E31B06FF8505938692
:10DA6400860B9DBF411106C622C42A84EFC03F9194
:10DA7400EFE0CFB503A5C19F238B8184EFE0EFB224
:10DA8400238C81842244B240170500001305E5E786
:10DA940041016F1010519397556063D7072E797128
:10DAA40003C5618522D44AD006D626D24ECE2E890D
:10DAB4009730FF1FE78040ED2A8451C9182193074E
:10DAC400000B6313F7088547938401A1DC849C4011
:10DAD4002315010081EFEF00807091659385357007
:10DAE4009750FF1FE780809688C031C96146814501
:10DAF4001785FF1F1305C55B9730FF1FE78040F8AC
:10DB04008349440089476393F908D12D9784FF1F03
:10DB14009384045A8AA02A20A685EF80614CAA86A1
:10DB24009E202A201A248DEE6363F7001EA40E247F
:10DB3400EFD02FA12285EFD0CF919C8491C74C20A8
:10DB440013058400EFD0AFE92285EF70DFC1B25036
:10DB540022549254F2491315F9680259456182809E
:10DB64006363F7001EA41E24D9459786FF1F93867E
:10DB740026540D469EA0EFD00F958D4545DD1785A3
:10DB8400FF1F1305E552EFD08FE56DB79387A9FF0B
:10DB940093F7F70F4947E36FF7F817D70100130717
:10DBA400E7DAB3C7E7209C43BA9782879305A100BD
:10DBB4002285EFF0AFDBAA8435DDD9476394F40AFC
:10DBC40085092A2093F9F90F9786FF1F9386464EFD
:10DBD4004E86D945EFD02F8F31DDCE854DB79305D5
:10DBE400A1002285EFF07FA0F9B7835984006C006F
:10DBF4004E859750FF1FE7802006AA842DC12A2056
:10DC040041669306E10055477D16AD45EFD00F9967
:10DC14009789FF1F9389C94923A2A900AA8655CDD4
:10DC2400834844000358E10030862A20A6858147B2
:10DC34004E87EFF06F92AA846312050E2A20CE85D8
:10DC4400EF808157E30805EE2A20D945CE862D467C
:10DC5400EFD06F87AD45E30F05EC4E852DB7231547
:10DC6400310185441830D147E306F7EC5C209789ED
:10DC7400FF1F9389E9432A202380F9003C85CE8540
:10DC8400238299002391F900EF709175E30405EA6A
:10DC94002A20CE860546D945EFD0EF82E30C05E86D
:10DCA400854565BF835984006C004E859750FF1FDE
:10DCB400E78080FAAA8445D52A2041669306E100CC
:10DCC40059477D16B545EFD06F8D9789FF1F93890E
:10DCD400293E23A2A900AA8609E51E24C5447C8501
:10DCE40051B7834844000358E1003E2430862A207B
:10DCF400A6854E87EFF04F86AA840DE12A20CE85B3
:10DD0400EF80014FE30805E22A20D945CE86354647
:10DD1400EFC07FFBB545E30F05E081B7D94703A505
:10DD240049006397F4009740FF1FE780807E19B590
:10DD34009740FF1FE780E07D1E247C8525B793056F
:10DD4400A1002285EFF02FADBDB59305A10022857A
:10DD5400EFF0AFED8DB5130691009305A100228578
:10DD6400EFE0FF9989BD9305A1002285EFE01F8AAA
:10DD7400AA84E31405E4A30401006DBB9305A10088
:10DD84002285EFE02FF605BD01458280F1C6011121
:10DD940056C2AE8A854526CA4EC652C406CE22CC89
:10DDA4004AC82A8AB284B689EF109028D1470DC197
:10DDB40003C711A383C7D1A2014999E03E89BA8759
:10DDC4001317490003A401A23A94636DF900D547DF
:10DDD400F2406244D2444249B249224A924A3E85C0
:10DDE4000561828036201307040191C60509137961
:10DDF400F90F3A84D9BFA1C89565938525C0130549
:10DE040000029740FF1FE780606448C469D113068D
:10DE140000028145130909049730FF1FE78040C6BB
:10DE24002300040023112401231344019C3403A779
:10DE340041A2998C1CA45C4491849180C4AF23A01A
:10DE44008900814771B723260400230004002313AB
:10DE5400440123045401E5B785473E858280AA86A0
:10DE640083C511A303A701A281476394F50001456B
:10DE7400828032233A8519C2E30CD6FE850793F7D4
:10DE8400F70F4107DDB7AA8603C611A303A701A2B2
:10DE940081476314F600014582802E233A8581C5AB
:10DEA4004C23E38BD5FE850793F7F70F4107D5B7CE
:10DEB400AA8683C5E1A203A741A281476394F50022
:10DEC4000145828012233A8519C2E30CD6FE8507E8
:10DED40093F7F70F4107DDB7AA8603C8D1A283A73A
:10DEE40001A201476314E80001458280B2233E8504
:10DEF40009CAF2236317D600D04701C63222E306CB
:10DF0400B6FE05071377F70FC107E9BF411126C213
:10DF1400444522C406C62A8495C0C84409C597400E
:10DF2400FF1FE780005FC84809C59740FF1FE780CF
:10DF3400405E26859740FF1FE780A05D228541460D
:10DF440081459730FF1FE780A0B3FD571CB4B24052
:10DF54002244924441018280011122CC2A842A2144
:10DF640006CE2EC6EF10205A324622858145EF0098
:10DF7400104E22856244F24005616FF03FF905C5F9
:10DF84003E21411122C406C62A8491CBDD45EF000F
:10DF9400104F22852244B24041016FF03FF7B24056
:10DFA4002244410182808280411122C4B14713047A
:10DFB400C5FFB307F40226C29784FF1F9384C410DD
:10DFC40006C6A697BA276315B702C84315C19307B7
:10DFD400F00F6305F6001C21639CC7009740FF1FE8
:10DFE400E7802053B1473304F402A29423A204002F
:10DFF400B2402244924441018280411122C42E84C1
:10E0040026C24946AA848145228506C69730FF1F49
:10E01400E78000A78DC8D82C83A741A21207BA971E
:10E024009A231AA0BA23FE233AA003D781A25AA0A6
:10E034009A207AA0BA201AA4DA203AA4FA205AA480
:10E044009A241EA87AA4B2402244924441018280B8
:10E054002A8683C511A303A841A283A601A201476E
:10E0640001456393E50082809C2281CFDC4691CBFD
:10E07400DC2F9207C2976316F6009307150013F579
:10E08400F70F05071377F70FC106E1BF1306006406
:10E094003386C50293069500AA851705000013056B
:10E0A40045EE6F70FFA7411122C406C62A840835C5
:10E0B400EF701FC4FD571CB4B2402244410182805A
:10E0C400011122CC4AC84EC652C456C25AC006CE0A
:10E0D40026CA2A89AE890144138AD1A2938A01A24D
:10E0E4001D4B83470A006365F4046399090293890D
:10E0F40011A3138A01A2930AF00F83C70900636472
:10E10400F4061144A14422851306F00FCA850504C0
:10E11400EFF09FE933440408E31794FEF2406244AD
:10E12400D2444249B249224A924A024B0561828052
:10E1340083A40A0093174400BE949C208DC3FE2040
:10E14400639F270163956901AA20EF10C03B2685D0
:10E154004E868145EF00B02F2685EFF03FDB0504A6
:10E164001374F40FBDBF83240A0093174400BE94B4
:10E174009C208DC39C34638F5701FE20639C270130
:10E184002685EFF05FF22685D145EF00502F2685D6
:10E19400EFF0DFD705041374F40F85B7C167F917DF
:10E1A400630BF502411122C406C685472A8463998C
:10E1B400F50022852244B240814541016FF05FF0B1
:10E1C40089476396F5008545EF1080667DD1B2409E
:10E1D40022444101828082809D456FF07FEE03D509
:10E1E40081A28280011106CE68876C8603C7C1A212
:10E1F40085476318F70070009305E1000545EF506B
:10E204004074F24005618280A947631DF6029C3187
:10E214009821A207D98F1EA1BC31B821A207D98F9A
:10E224003EA1DC31D821A207D98F5EA1FC31F821AF
:10E23400A207D98F7EA19C359825A207D98F1EA548
:10E2440001458280054582809147631EF6009C311A
:10E254009821A207D98F1EA1BC31B821A207D98F5A
:10E264003EA101458280054582809387C5FF0D4705
:10E27400B3C60708636ED70031473387E702978731
:10E28400FF1F938767E4BA97A8A38EA301458280F2
:10E2940009458280930740203355F50A711523946C
:10E2A400A1A22388B1A2A387B1A28280956541115E
:10E2B4001905938535C006C6334505089740FF1FE9
:10E2C400E780C01801C9B240E95541011743FF1F57
:10E2D40067006330B24041018280A38801A2238891
:10E2E40001A2238701A2A38601A2238601A2854756
:10E2F4004111A385F1A206C622C426C22A8423851D
:10E3040001A2239401A223A001A2EF10A028178543
:10E31400FF1F130565DB130600038145238981A2D2
:10E324009720FF1FE780C075138481A10820938480
:10E33400D1A21DC59565938545C012059740FF1F61
:10E34400E780C01023A2A1A201CD1C30102081457A
:10E354009CA02387C1A212069720FF1FE78040726A
:10E364009C201785FF1F034525DE138411A33E95CA
:10E374001375F50F956508A0938555C01205974050
:10E38400FF1FE780A00C938401A288C025CD102034
:10E39400814512069720FF1FE780806E9840142065
:10E3A400814725077D566399F604EF10E03EB14797
:10E3B4003305F5029565938565C033450508974097
:10E3C400FF1FE780A00823AEA1A02A8401CDEF108F
:10E3D400A03C31463306C502814522859720FF1FA4
:10E3E400E780006A2244B2409244170500001305F6
:10E3F40025DB41016F10E03A850710A393F7F70F6F
:10E40400410755B7A38801A2A38601A279BF411190
:10E4140026C206C622C44AC0AE849397556063D709
:10E424000708138921A3034509009720FF1FE780EC
:10E43400A0552A8431C5182193070009631FF702E8
:10E444001831CD476312F706938601A328219C2235
:10E454001788FF1F0348389E13066400814501474F
:10E464006318E50291C19CA29C2281CB034509005B
:10E4740085459740FF1FE780006D2285EF70AFAEA2
:10E484001395F468B24022449244024941018280C7
:10E494000E2205071377F70FAE9793F7F70F0906C8
:10E4A4008545B3D7070B6DBFC529C1BF13F515004B
:10E4B40071D9EF00904E19C983C701A381CB85455B
:10E4C40003C521A39740FF1FE780E06713C514002D
:10E4D40055BF0547637EC7029C319421A207D58F9F
:10E4E4001EA16399E700BC31B821A207D98F3EA1D0
:10E4F400014582800947E39DE7FEBC31B821A207AC
:10E50400D98F3EA1DC31D821A207D98F5EA1CDB726
:10E51400054582809147631EF6009C319821A2072D
:10E52400D98F1EA1BC31B821A207D98F3EA10145C4
:10E534008280054582809147631EF6009C319821B4
:10E54400A207D98F1EA1BC31B821A207D98F3EA141
:10E554000145828005458280A1476318F6029C31FB
:10E564009821A207D98F1EA1BC31B821A207D98F47
:10E574003EA1DC31D821A207D98F5EA1FC31F8215C
:10E58400A207D98F7EA101458280054582808947F3
:10E594006319F6009C319821A207D98F1EA1014569
:10E5A4008280054582803E2279714ECE06D622D4E1
:10E5B40026D24AD01307F007AE896371F7020947E0
:10E5C4003AC47C86300093F5F50FEF00B072B25078
:10E5D400225492540259F249456182805A22D94602
:10E5E4002A89328463F7E6007E2263F4F6006379B5
:10E5F400F70023140100300093F5F90F4A85F1B7B1
:10E604000A2202C4EFF0DF8AAA8435C5EFF05FA4C2
:10E614009C246369F5001146A246CE854A85EF0025
:10E62400B06475B7340026869305F00F4A85EFF081
:10E63400EFF575F1A2471A24DC479AA33A20BAA34E
:10E644005A20DAA37A20FAA3DA209AA7DC4495C7E1
:10E6540093F4F90F2286A6854A858297C167FD1730
:10E664002A86E31BF5FA22459947F9451CA144A1E2
:10E67400EFF0DFA1A9BF094645B7014671BFA9471D
:10E68400631DF6029C319821A207D98F1EA1BC31CB
:10E69400B821A207D98F3EA1DC31D821A207D98F96
:10E6A4005EA1FC31F821A207D98F7EA19C35982563
:10E6B400A207D98F1EA501458280054582809C2131
:10E6C4001CA19C311CB1BC31B821A207D98F3EA139
:10E6D400828023220500D82189476304F700054579
:10E6E4008280F62101114EC606CE22CC26CA4AC823
:10E6F4000D47AE896379D7049C4584339023A033B6
:10E70400A204D18CB023220493874400518C639CCF
:10E71400D7029307C4FF2A89B3C707086361F702C6
:10E7240003A589002311990023108900F15597400E
:10E73400FF1FE78040EA2322A900014531A022857A
:10E74400EFF0EFF171FD0545F2406244D2444249D5
:10E75400B24905618280797122D426D22E8406D6EC
:10E764004AD01C201947AA84B2856390E70630205A
:10E774002800EFF03FDA0DE92884EFF04FEE0C307B
:10E784002A890DC92E86171700001307A7CC340059
:10E794009D452685EF00102C4A850946814545296B
:10E7A4004A85EFF0AFF60145B25022549254025913
:10E7B4004561828089477C803C840A867C813C85D3
:10E7C4007C822685EF001053F9BF49476395E70221
:10E7D40032202800EFF05FD861F91785FF1F130579
:10E7E400A58E5E25E9D3183068253C00C94601464C
:10E7F400A685FD244DBF5147639DE70032202800C4
:10E80400EFF09FA055F10C3030002685EFF0BFD912
:10E8140059BF59476398E70432202800EFF0DFA27C
:10E8240041F52C842685EFF02FEB15C5584534852A
:10E834001E23B697B3C707081EA3B5D75C47A5D751
:10E8440083C701A3ADD3854503C521A39740FF1F0B
:10E85400E780602F89BF89473EC03C840C300A861C
:10E864007C8285B70C30231001000A86A1BF5D713C
:10E87400A2C456DA86C6A6C2CAC04EDE52DCAA8A32
:10E8840088312E8432C6EFF00FE0B24501ED014429
:10E89400B6402285264496440649F259625AD25A11
:10E8A400616182802302050023110500834904006D
:10E8B4008547AA846399F90030202808EFF07FC1C6
:10E8C4002A8405491DA09D476391F90418218D47A9
:10E8D400E31FF7FA302028080549EFF0DFC52A8442
:10E8E40009E50546814526859D262685EFF0AFFB83
:10E8F40088243C080147CE862286D685D522E309A2
:10E9040009F82685EFF08FE061B7CD47639BF900E6
:10E9140018219147E31DF7F630202808EFF03FC790
:10E9240045B7D547E395F9F6034A05008947E3104F
:10E93400FAF6302028080549EFF07FD42A8455F5EB
:10E9440083570102A1EBB8841306F003DC44930659
:10E9540007FCB3C60608636AD600B085D94663F6D9
:10E96400C600B486D94563EDD500BAA30145EF00CE
:10E974009039054903560102D28526858D2CB5B7F9
:10E98400AC87BAA3D2A38EA3F6A385479CA0014A61
:10E994000149CDB7014AF9BF7971AA8522D426D29B
:10E9A4002221AA84280806D64AD0EFF09FD2F24545
:10E9B40099E53DE185452285EFF0DF8275A0BC84B1
:10E9C40015476395E706B8858D4763F7E704680044
:10E9D400EFF0FFCE0359E100DD4763FB27018C868E
:10E9E400B70717008507100822853EC8EF0090304E
:10E9F400BC851109638527012285EFF0EFFD1C8694
:10EA040072466C00858B1106228591CFEFF03FE6AC
:10EA140001C52285EFF04FFC884449DD9740FF1F74
:10EA2400E78020AF41BFEFF01FD3DDB71147638903
:10EA3400E7001387A7FF85463347070863ECE60220
:10EA44003147F117B387E7021777FF1F1307C7672B
:10EA5400BA979A2371D3A8233008A2850D204DFDBF
:10EA6400B8849147E318F7F4B250225492540259EF
:10EA7400456182802C082285012E59FDF5B70111CC
:10EA84004AC82A89314526CA4EC606CE22CCAE894A
:10EA9400B2849720FF1FE78000E929C19307000A89
:10EAA400231135011EA12A842146110595C0A6858E
:10EAB4009720FF1FE78040F6A2854A85EF60DFCFED
:10EAC4000145F2406244D2444249B2490561828020
:10EAD40081459720FF1FE780A0FAF9BF0545D5B708
:10EAE40001114AC82A891305000226CA4EC652C417
:10EAF40056C25AC006CE22CCAE8A328BB6893A8A26
:10EB0400BE849720FF1FE78000E221C9930720FA03
:10EB14001CA1A30065012311550123024501A30291
:10EB240035012A84614621059DC0A6859720FF1FD3
:10EB3400E78080EEA2856244F240D244B249224A80
:10EB4400924A024B4A85424905616F60FFC681457E
:10EB54009720FF1FE780C0F2F1BFF2406244D24425
:10EB64004249B249224A924A024B056182805C457D
:10EB7400797122D406D62A84AE86A5C3BA23F88531
:10EB8400130720066394E504FA2303D681A23357BE
:10EB9400C70AB22B9E2B1377F70F918F93F7F70FBA
:10EBA40001E6890793F7F70FBA97FD17B3C7E70292
:10EBB400FC863E206E200824FC8401473C08014664
:10EBC400EFF01FF2B250225445618280D82F83A700
:10EBD40041A21207BA97FE23E1BF2EC6194681450A
:10EBE40028089720FF1FE780A0E9B246D9B77971BA
:10EBF40022D406D626D22A8491CD08242E866E20CD
:10EC04002254B2509254814701479306000645614D
:10EC14006FF01FEDB284280059469720FF1FE7804C
:10EC240020E6648499E43E2048446C007C85EFF03F
:10EC3400CFBC6E2008243C00014793060006014621
:10EC4400EFF01FEAB25022549254456182807971E8
:10EC540006D6814799E53E2170867C845C4589EF20
:10EC64003C002E866E210825014793060006EFF02E
:10EC74003FE7B25045618280BE237C85D5B7411100
:10EC840022C406C61C2111472A846392E7022E86F9
:10EC94006E21082581470147CD46EFF07FE44946C0
:10ECA4006E202244B240154541016FF0EFAF13F7D7
:10ECB400B70F89466317D7000146EFF05FF351465B
:10ECC400C5B70D476398E7002244B24001464101AD
:10ECD4006FF0FFF7B2402244410182809A21B1478C
:10ECE40071173307F7029777FF1F9387E73DBA97AA
:10ECF400D84301EBD841AAA70145D8C3BA219AA7A2
:10ED0400828059458280797126D2444522D44AD0E2
:10ED140006D62A842E89B1C4C84419C59730FF1F6A
:10ED2400E780207F23A604009E206E2008247C8593
:10ED3400BE200147930640067C869E244A867C8733
:10ED44009C483EC83E207C843C00EFF07FD9A38ED3
:10ED5400240123A80400B25022549254025945615C
:10ED640082802800314681459720FF1FE78040D1EB
:10ED74003E206E2008247C8401473C009306400614
:10ED84004A86EFF0FFD5C1BF797152CC2A8A8A2115
:10ED940026D206D622D44AD04ECE56CAAE84EFF03E
:10EDA4000F8C6300051240452A89630C04107E21F0
:10EDB400639947111E2463880710542C938A41A237
:10EDC40003A70A009206FD1736977A23B3C70708EC
:10EDD4001EA46316F70093053006EFF05FD95C4874
:10EDE400B5EBC840834915001C21A209B3E9F90019
:10EDF400BE2013872900631AF702F9559730FF1FC5
:10EE0400E780607DC8C023913401034589002686CC
:10EE1400D285EFF0DFC61DEDB25022549254025950
:10EE2400F249624AD24A456182809565938515C04C
:10EE34004E859730FF1FE780606148C8C840231C97
:10EE44003401F9559730FF1FE780E078BE20C8C031
:10EE5400F917BEA048482DCDB220362C1E2C3308FD
:10EE6400D60063C90707582C83A70A0095451207E3
:10EE7400BA97BE2363CA0705CC4036959720FF1F77
:10EE8400E78080B93A2CBE20BA971A2CB3C707087A
:10EE94003EAC6398E702035729000345890030001C
:10EEA40078845848D2857C853AC6EFF05FBD11C599
:10EEB40048489730FF1FE780C065232A0400232CAD
:10EEC4000400054591BF99454A85EFF0EF88D5BF09
:10EED400A545DDBF9145CDBFBE21CDCF011126CAC9
:10EEE40006CE22CC03D781A2AA846D45636FF708AE
:10EEF4002E84484091459730FF1FE780C06D3E2027
:10EF0400AA861CA13E20A1831CB11E203CA11E2068
:10EF1400A1833CB13220C167F917110633460608B4
:10EF2400639DF4022AC4314532C69720FF1FE7804F
:10EF3400809FAA854D45B1C9930700F93246A24680
:10EF44009CA1F957BEA18947DCA1F2A194C503C5D0
:10EF540021A3EF607F8601450DA881452685EF40FA
:10EF6400102C01E9138701A31C23F5D7FD171CA35B
:10EF7400DDB789476302F5029D476301F502C9477E
:10EF84006300F502FD47E30FF5FCF2406244D2440E
:10EF9400056182806D4582805145C5BF1145F5B735
:10EFA4000945E5B7011122CC4AC831441309C5FF0C
:10EFB4003304890226CA9774FF1F9384E41006CE93
:10EFC40026945C409DCF03C701A30DC768843EC649
:10EFD4002A241E242C007C85EFF01FF011C5484024
:10EFE4009730FF1FE780E052B1473309F902CA9412
:10EFF40023A204000545F2406244D244424905611B
:10F0040082800145CDBF797126D244454ECE52CC83
:10F01400FE20BA2883D981A206D622D44AD056CA61
:10F02400B3D9F90A2A8A9E282DCF998F4E8463D4A6
:10F03400370133C4070889452285EFF02FA72A89B1
:10F04400CD4A31C5BE202AC660857C84BE2899EB92
:10F054009E28130925001CA19E28A1831CB163745A
:10F0640034058228BE28CC4422864A85BE95972042
:10F07400FF1FE780609A03556A002C00EFF0DFE57C
:10F08400AA8A15C54A859730FF1FE7808048B25089
:10F09400225492540259F249624A5685D24A456131
:10F0A4008280890761B779143344040865BFBA289C
:10F0B4009E203A949A28FD17B3C7070833440408DE
:10F0C4009EA0A2A86376E400F9F3FD57DCBCC1B7A7
:10F0D40081455285EFF03FC35DBF797122D44ECE96
:10F0E40056CA5AC85EC662C406D626D24AD052CC84
:10F0F4009389A1A203CA0900938A01A2054B5284F1
:10F10400930BF00F138CD1A283A40A00931744002D
:10F11400BE9403C9040063176907DC44A5C7D84734
:10F1240035C39A2329C783C701A389CF2685EFF066
:10F134009FEDAA8505E9050483C7D1A26351F402B2
:10F1440023808900B25022549254F249624AD24A2E
:10F15400424BB24B224C4A85025945618280238539
:10F1640001A2CDB72685EFF01FBA0149E1BFDC3F0C
:10F17400639A7701930520062685EFF05F9FDC44B0
:10F18400A38E070083470C0005041374F40F636314
:10F19400F4000144E31A44F7C9BF4111154506C6FA
:10F1A400EFF05FE009C50545B24041018280194591
:10F1B400EFF05FDF6DF91145EFF0DFDE6DF51D4512
:10F1C400EFF05FDE6DF103C5D1A279DDB2404101FC
:10F1D4006FF0BFF09E210D47F117B3C70708636FA7
:10F1E400F704DC41411122C406C626C22E84A9CBF1
:10F1F4008545AA84352D39C92685992BC167F91708
:10F20400638DF40019E93E2089CB162019476391D8
:10F21400E60403D781A263FDE70283C701A3A285A5
:10F22400268599C72244B240924441016FF0DFCA57
:10F234002244B240924441016FF05FAA09458280A2
:10F244000945B24022449244410182805145D5BFD0
:10F254006D45C5BF797126D252CCAA842E8A5D45EC
:10F2640089454AD04ECE56CA06D622D4B289B68A29
:10F274003A89EFF0AF8335C12A840145630609005A
:10F28400D685130544000299935785003CB0930733
:10F294004500230044017C85954728A07C84A30075
:10F2A400340122C683C701A32C00268585C7EFF04D
:10F2B400BFC2AA8411C522859730FF1FE78060254D
:10F2C400B25022540259F249624AD24A26859254D3
:10F2D40045618280EFF09FA0E9BFCD44D5B7797135
:10F2E40026D24AD052CC56CA2E8906D6BE8522D4FE
:10F2F4004ECE9947B284368ABA8A6312F9062A2214
:10F304000944EFE0DFB52AC635C15C458359650081
:10F31400BE239EA0B247154723805701BAA3138783
:10F32400B1A210239305160093F5F50F0CA3D0A3F7
:10F3340099E1854614A351476317E9001547BAA01C
:10F34400DC479A249AA75287A686CA854E85EFF091
:10F354007FF02A8432450DC4EFE05FBB01A84286EA
:10F364007400AA89EFE09FA22A844DD5B250228569
:10F37400225492540259F249624AD24A4561828027
:10F38400F945EFE0BFD0DDB79E211CA19E21A183EA
:10F394001CB1BE213CA1BE21A1833CB11145828098
:10F3A4009E211CA19E21A1831CB1BE213CA1BE2192
:10F3B400A1833CB1DE215CA1DE21A1835CB1FE21ED
:10F3C4007CA1FE21A1837CB1214582809E211CA1C8
:10F3D4009E21A1831CB1094582809E211CA19E21EE
:10F3E400A1831CB1BE213CA1BE21A1833CB1DE217D
:10F3F4005CA1DE21A1835CB1FE217CA1FE21A1835D
:10F404007CB19E251CA59E25A1831CB5294582801F
:10F414009A218546AA8718A19A21218318B19A2195
:10F424006319D700BA2138A1BA21218338B1114513
:10F4340082800945631DA700BA211945B8A3BA21E2
:10F444002183B8B3DA21D8A3DA212183D8B3828007
:10F454009E211CA19E21A1831CB1BE213CA1BE21E1
:10F46400A1833CB111458280797126D24AD04ECE17
:10F47400B2842A89AE8929468145480022D406D619
:10F4840036849710FF1FE780A05F64868DE03E20DE
:10F494007C8283D781A27C845C4491CBD42F03A744
:10F4A40041A29E27920636973A237C8578834A8523
:10F4B400170700001307A7F2540013F6F90FD545F8
:10F4C400EFF05FD92A8911C195E085471CA023027A
:10F4D4000400014681452285EFF06FF1B2502254B9
:10F4E4009254F2494A850259456182802285EFE0AF
:10F4F400FFA1EDB7B286170700001307A7F12E8608
:10F5040085456FF03FD5011168874165700001485A
:10F514009307F00F0D4797060000938626E7994559
:10F524007D1506CEEFF0BFDBF24005618280B28725
:10F5340001482E861147970600009386A6E6C94522
:10F544006FF0FFD9B28617070000130767E82E860D
:10F55400CD456FF03FD0011122CC26CA4AC84EC611
:10F5640006CEAA842E891774FF1F1304E4B8977972
:10F57400FF1F938969BB1C4081C7CA852685829772
:10F584001104E31A34FFF2406244D2444249B249BE
:10F5940005618280411122C406C626C21777FF1F67
:10F5A400130787887C2B783B1774FF1F130444B917
:10F5B4001CB4BA9793F7F70F1CA4B5C71305C0037F
:10F5C4003385A702A5658505938441A39730FF1F62
:10F5D400E780C0E710249307C00381453306F60291
:10F5E40088C09710FF1FE780A04914249C4001475E
:10F5F4007D566341D7022244B2409244130600036D
:10F6040081451775FF1F130525AF41011713FF1F10
:10F6140067000347B2A32382070023A60702050756
:10F624009387C703F9B7B2402244924441018280D0
:10F63400411122C426C24AC006C62A892E84B28435
:10F644009730FF1FE780A06509EDC167F9175145A1
:10F654006313F9000145B240224492440249410136
:10F66400828054555C2195C213F727014146630BF0
:10F67400C700C18B3D45E5D3BC2E0145E3FD87FCA6
:10F684003145D1BF1545F5D4F9B7C18B0145E1F733
:10F694001545D1B779714AD0416922D426D24ECECC
:10F6A40052CC56CA5AC806D6AA8401449779FF1F79
:10F6B400938909A9138A41A3930AC0037D19054BB1
:10F6C40083C789006364F400014525A83307540304
:10F6D40083270A00BA97BA23631627010504137413
:10F6E400F40FF9BFC833300093856700EF404178C9
:10F6F4001946A68528009710FF1FE7808043E31F63
:10F7040065FDB250225492540259F249624AD24AD7
:10F71400424B456182804166AA869775FF1F83C567
:10F72400A5A203A741A381477D166394F500014573
:10F734008280035827003A856306C80003480700FF
:10F74400E308D8FE850793F7F70F1307C703F1BF44
:10F75400411106C69730FF1FE780605409C54A2946
:10F76400B240410182800145E5BF03A741A39776DA
:10F77400FF1F83C6669D1107814701456393F60009
:10F784008280102301C605051375F50F850793F7CD
:10F79400F70F1307C703DDB71775FF1F0345C59A96
:10F7A40082801777FF1F1307279581473A86B14652
:10F7B4000C4391E5B3C7C72088C301458280850700
:10F7C4001107E397D7FE4D458280411106C622C436
:10F7D4009730FF1FE780A04C0DCD2A842A21854550
:10F7E400EFF07FD7485409C59730FF1FE78060D2F8
:10F7F40022851306C00381459710FF1FE780402828
:10F80400FD573EA0230204000145B24022444101B9
:10F8140082800945DDBF411106C69730FF1FE7808E
:10F82400004809C54825B240410182800145E5BF31
:10F83400C167F9176305F502411122C406C62E8477
:10F844009730FF1FE780A045AA87014589C7DC23BD
:10F854007D8C33358000B2402244410182800545CD
:10F864008280411122C406C62E849730FF1FE78090
:10F87400004301CD5A29AA87054563048700C2AB1A
:10F884000145B2402244410182800545DDBF29CDB6
:10F8940001114AC8416922CC26CA4EC652C456C276
:10F8A40006CEAA8401449779FF1F93896989138A34
:10F8B40041A3930AC0037D1983C78900634BF400F5
:10F8C400F2406244D2444249B249224A924A056112
:10F8D4008280B307540303250A003E953E216383C7
:10F8E400270182940504C9BF828083A741A3C1660E
:10F8F4001776FF1F03464685890701450147FD1614
:10F9040091456313E600828003D807006309D80099
:10F9140003C8A7006315B80005051375F50F05079F
:10F924001377F70F9387C703E9BF83A641A317761D
:10F93400FF1F03466681910601478147631FE60066
:10F94400858393C7F7FF0545B3C707086361E502DD
:10F954003315A0283345050882808C2299C1CE3600
:10F96400CD8F05071377F70F9386C603C1BF93F6B0
:10F974001700F9FE050585831375F50FC1BF79716D
:10F9840056CAAA8A2E8526D24AD04ECE52CC5AC8FE
:10F994005EC662C406D622D4AE84328B368CBA8B51
:10F9A4003E8AC28946899730FF1FE780402F3DED8C
:10F9B40041657D159730FF1FE780602E2A845545E9
:10F9C40031C81946DE8513056400A302840197102B
:10F9D400FF1FE78060048357010326A0230264010C
:10F9E4003EA88357410323005401232604025EA842
:10F9F400230644012317340123182401EFF0FFF2F6
:10FA04000AB8232A04022685232C04028145EFF038
:10FA14009FB40145B250225492540259F249624AA9
:10FA2400D24A424BB24B224C456182804545DDB7F8
:10FA34009766FF1F83C6467103A741A38147639559
:10FA4400F60041657D1582800E3B1306C70363945F
:10FA5400A5002A238280850793F7F70F3287C5B75D
:10FA640041661768FF1F0348286E83A641A3014718
:10FA74007D16954811436314E80001458280BE2237
:10FA84003685638EC702CC5A9DC9BC31AC2189CD61
:10FA9400938597FD93F5F50FE372B3FE9387D7FA39
:10FAA40093F7D70F89EF82809385F7FD93F5F50FD0
:10FAB400E3F6B8FC9387D7FA93F7D70FE1D305079A
:10FAC4001377F70F9386C6037DB741669765FF1FCB
:10FAD40083C5856703A741A381477D1625486394A1
:10FAE400F5000145828036233A85638BC600545B5A
:10FAF40081CAB4329386E6FD93F6F60FE374D8FE1A
:10FB0400850793F7F70F1307C703D1BF011122CC61
:10FB14002A84494506CEEF70DFA51DC12AC6228579
:10FB24009730FF1FE780A01701CD624432460E399B
:10FB3400F2401765FF1F0345D56005616F509FE9CB
:10FB4400F24062440561828079714ECE52CCAE8916
:10FB54002A8A93053005414526D24AD056CA5AC846
:10FB640006D622D4328B3689BA8A9730FF1FE780B3
:10FB7400E08DCD4429C92A8489446381090441461E
:10FB84008145231261019710FF1FE78060EF5686BD
:10FB9400CE8522859710FF1FE78000E82146630F7A
:10FBA4000902CA8528009710FF1FE780E0E6A286B5
:10FBB40050002C005285EF30505CAA842285973087
:10FBC400FF1FE7800095B25022540259F249624A5D
:10FBD400D24A424B26859254456182808145280051
:10FBE4009710FF1FE780C0E9D9B7411122C44059DB
:10FBF40026C206C6AA8429CC085409C59730FF1F1B
:10FC0400E7802091285809C59730FF1FE78060904E
:10FC1400685809C59730FF1FE780A08F285C09C585
:10FC24009730FF1FE780E08E685C09C59730FF1F9F
:10FC3400E780208E0325040809C59730FF1FE7805D
:10FC4400408D22859730FF1FE780A08C23AA0402F1
:10FC540022448E38B24092441765FF1F0345754E07
:10FC640041016F50DFFF411126C206C622C4AE8493
:10FC74009730FF1FE780A00231C9032345032A847C
:10FC8400630603048328C3070328830783274307E2
:10FC940003270307834663000356030083452300B9
:10FCA4002685EF701F952285EFF03FF4EFF0FFE11A
:10FCB40011CD2244B24092441765FF1F0345754895
:10FCC400854541011733FF1F6700E3E7B240224433
:10FCD400924441018280411122C426C206C6AA84EC
:10FCE4002E849730FF1FE78080FB5C5989CF9E23C9
:10FCF400639B970085476318F4002244B240924402
:10FD040041016FF09FEEB24022449244410182804F
:10FD1400411106C622C426C2EFF09FD40DCD44592A
:10FD24002A8495C8BC208DC783A7C1A389C7DC4397
:10FD340099C326858297B8309307F002631DF700B4
:10FD44002A202244B2409244814541016FF0BFF120
:10FD540083A781A3E1BFB24022449244410182803F
:10FD6400411126C24AC006C622C4AA842E899730ED
:10FD7400FF1FE780C0F205CD405955C01E20639097
:10FD8400970A3C30130710026391E7083C20BDCB6F
:10FD94007C5403270408DE2B15E313F7170019CF4F
:10FDA40018545A23058B19CB930720023CB0B24058
:10FDB40022449244024905454101828013F72700F9
:10FDC40001CB18545A23098B01C793074002F9BF8A
:10FDD400918B81CB1C54DE23918B81C793076002E6
:10FDE400F1B783A7C1A3E1D7DC43F1D3228582977E
:10FDF40038309307F0028145E31BF7FA2685EFF0CC
:10FE04009FE675B783A781A3F9BF1307A002639880
:10FE1400E7006304090013092003CA85C5B7631CFE
:10FE2400090026859730FF1FE78060E709C55C213C
:10FE340093E707015CA1A6854A85EF70CF8C85BF47
:10FE4400011126CA99476C85AA842E858D4522CC3A
:10FE54004AC806CE328936847C84EFE02FC52AC690
:10FE64001DC9AA854A8502942A8419E52C00268591
:10FE7400EFF04FB62A8411C532459720FF1FE78063
:10FE840040692685EFF09FC8F24022856244D2443F
:10FE94004249056182804D44EDB7411122C42E864A
:10FEA4002E84971600009386A66A894506C626C244
:10FEB4004AC02A89EFF0DFF80C20AA844A85EFF0C3
:10FEC4009FDAB2402244024926859244410182804D
:10FED40083A781A385CB9C4395C71D71A2CC86CEF5
:10FEE400984110082A843AC8D84185453ACA82976D
:10FEF40011C548862A206C00EFF03FFAF6406644AC
:10FF0400256182808280AA872E8591CFFC5781CF7C
:10FF1400982398A1983398B1B82BB8A1982FDC4BAB
:10FF2400B8B1DCC18280414681451713FF1F6700C9
:10FF340023B583A7C1A381C79C4791C38287094581
:10FF4400828003A701AA1DC75843AA8705450DC788
:10FF540003A50708411106C6930605021306050CFE
:10FF640093050506130505040297B2401375F50FB2
:10FF7400410182800545828082804DC9357122CD40
:10FF84002A840A2126CB52C556C35AC106CF4AC970
:10FF94004EC7DEDE2E8AB28A368B9730FF1FE7808B
:10FFA40000D0AA8431C50C182285EFF0DFF53C207F
:10FFB400938B6400A9CBEF60DFCF2A89014583C905
:10FFC4005400EF60DFCCAA840C100818EF10803ABC
:10FFD40008542C10EF10A03ADE88A68B5AC04E8825
:10FFE400DE874A8714103010D6855285EF20806250
:0CFFF400FA406A44DA444A49BA492A4AF1
:020000021000EC
:100000009A4A0A4BF65B0D618280EF60DFCAAA89CB
:10001000014503C95400EF60DFC72ACE08540C1015
:10002000EF1080352C100818EF10A035F2484DBFA6
:100030008280AA8701CD1855414511CBFC5781CB51
:1000400028333D476375A700882F82804145828011
:100050006DC5411122C406C626C2AA872E84094551
:10006000E1C998337D761306F67F98A1B8234D45F4
:1000700098B1B833B8A1D823B8B1D433DA21858A7E
:10008000A2061377F7EF558FDAA1D4333347070869
:100090001377F7DF93D61648A606558FDAA1D43327
:1000A000334707081377F7BF93D62648AA06558F1C
:1000B000DAA1D43333470708718F93D63648AE069A
:1000C000558FDAA1F42333470708799B858A558F2A
:1000D000DAA1F42333470708759B898A558FDAA183
:1000E000F423334707086D9B918A558FDAA1F823D3
:1000F000DE21218BDD9BD98FDEA1EF70CFC7AA84D3
:100100005145EF704FC7383093F4F40FAA87494533
:100110006360970293F7F70F63ECE70018209147AD
:10012000614563E7E7001830854763E3E700014571
:10013000B24022449244410182800945828015C523
:100140002A87AE87094585C5411106C61433138534
:100150001700194694A1930527009710FF1FE78009
:10016000E08BB24001454101828009458280828056
:100170000DC9AA872E8709459DC5411106C6B4231E
:10018000903313052700A206D18E96A121469385B0
:1001900037009710FF1FE7806088B240014541019A
:1001A00082800945828082801DC12A87AE870945E9
:1001B0008DC141113E8541469305170006C6971033
:1001C000FF1FE780A085B2400145410182800945BB
:1001D00082808280AA87094591CB89C99C333D479B
:1001E00061456365F7009CA101458280828005C559
:1001F0002A87AE87094595C141113E851306000443
:100200009305170006C69710FF1FE7802081B240B4
:100210000145410182800945828082801D71A2CC06
:100220002A84084586CEA6CA230601000421354744
:100230009387F4FF93F7F70F6360F70A17A701009E
:100240001307C77BB3C7E7209C43BA9782870C0884
:10025000EFF01FE0C947631AF50499475C862A202E
:100260006C00EFF0DFC3F6406644D644256182801F
:100270000C08EFF03FF60DED2A209730FF1FE780C6
:1002800040A2A14711CD5825631AF70403A7C1A3C3
:100290009D4719C7184309C71008A6850297AA8762
:1002A0005C8629A00C08EFF0BFEC79D51C86C5FB55
:1002B0002A20EFF0FF8545BF0C08EFF05FE8F5B7A7
:1002C0001C312308F1004DBF0C08EFF05FF2F1BFC5
:1002D0000C08EFF07FEDD1BF9D4749B703A781A37D
:1002E00045BF411122C406C626C24AC01821930741
:1002F00020092A846314F7101C3139476391E70AF7
:1003000056210967610781476394E608938401A435
:1003100088403DCD0C4403C90500631D09001C2124
:1003200085052146A9CB29059700FF1FE780006FAF
:100330009C40B1CF49459700FF1FE780005F2A84AA
:100340001DC1930710FC1CA1A30025018C400905C9
:10035000414689059700FF1FE780406C9C40A285BD
:100360008833EF50AFC588409720FF1FE780A01A61
:1003700023A001A429A809059700FF1FE780006AB0
:10038000EF30A05F05494DF59C402380270185474C
:10039000B2402244924402493E85410182801307C3
:1003A000E003639BE706382195476317F7024A216C
:1003B000EFF0AFC69147E31CF5FC83A781A3E1DB17
:1003C0009C47F1D772244A20930564002244B2402E
:1003D0009244024941018287A147631BF7006C20C8
:1003E0004A202244B2409244024941016FF09F9753
:1003F000930600038147E31DD7F8D5B79306000A9B
:100400008147E317D7F8EFF07FE1084449D19720FF
:10041000FF1FE7804010A5BF81479DBF011122CC7F
:1004200006CE26CA4AC8094415CDAE8409449DC9E2
:100430002A898D456800EF600FDA1C8726866C00DC
:1004400093F7F70393E707044A855C87EF20C0130F
:100450002A8409E90D466C00138534009700FF1FBC
:10046000E780C05BF24022856244D2444249056184
:1004700082805D714EDE86C6A2C4A6C2CAC052DCAE
:1004800056DA5AD85ED6894955C9328989495DC636
:10049000138B45002A8AAE8A334B0B08930530052F
:1004A0005A859720FF1FE780A0FA2A84CD4959C5B5
:1004B000EF605F82AA845686D28593DA840013DACD
:1004C000040193FBF40F1305440093FAFA0F137A17
:1004D000FA0FE1809700FF1FE780A06AA301740173
:1004E00023015401A300440104A0EF600FFEAA857C
:1004F000414608089700FF1FE780A06821473400A5
:100500005A86A2850808EF20A02EAA891DE121465F
:100510002C0023007901A300590123014901A30103
:100520009900130549009700FF1FE7808065EF6081
:100530002FFB22859720FF1FE780E0FDB640264471
:1005400096440649625AD25A425BB25B4E85F259D2
:1005500061618280411126C2AA842E854AC006C6E6
:1005600022C42E899720FF1FE780A07379C14059CC
:1005700079C05C30094793F6B70F6387E6001147EF
:100580001305E00F6393E7081E200945639F2707C3
:10059000130984004146A6854A859700FF1FE7801E
:1005A000E0474146A685130584019700FF1FE780B9
:1005B000E046383085469307F7FE93F7F70F63EC74
:1005C000F6049304C40383A701AAC14526858DC7F9
:1005D0009C4F9DC382979306C4022686CA852285B6
:1005E000EFF0FF993C2081CF22852244B240924413
:1005F000024941016F00507EEF60EFBDE9BF383026
:10060000C947E303F7FE3CB00145B240224492449F
:1006100002494101828093071005E317F7FE3C2051
:10062000E5D722852244B2409244024941016F102D
:10063000E0000945D9BF4945C9BF39C9011122CCDC
:1006400026CA06CEAA842E84094595CD0D468D0571
:1006500028009700FF1FE780603C1C8570002C007D
:1006600093F7F70393E7070426855C85EF10D071B5
:1006700019E90D46A28568009700FF1FE780A04B8F
:100680007D153335A000F2406244D244056182807A
:1006900009458280011152C42A8A32854EC656C24B
:1006A0005AC006CE22CC26CA4AC82E8BB28AB68938
:1006B0009720FF1FE780E05E09ED8944F240624425
:1006C0004249B249224A924A024B2685D2440561E8
:1006D00082805C592A89C544F5F34D45EF60BFE936
:1006E0001374F50F5145EF601FE9E38809FC03C758
:1006F0008901E36487FC9377F50FE3E0E7FC93055A
:100700003005130540089720FF1FE78060D4232A97
:10071000A9022A84CD445DD1130640088145970083
:10072000FF1FE7802036A3010400230144012302B8
:100730006401231054012326340723240402A30256
:10074000040063070A002285EF005063AA8419E1C0
:100750008144ADB74A85EFF08FC98DB7397122DC7E
:1007600006DE26DA4AD84ED652D456D25AD05ECEBB
:1007700062CC66CA0944630A0610BA840944630657
:100780000710AA8B2E89328B368C9720FF1FE780AB
:100790004051AA8A514475C99305300541459720B7
:1007A000FF1FE780E0CAAA894D4465C198309C20AC
:1007B00003CA340022075D8FBC20620AC207D98FAA
:1007C000336AFA0083A78A0263E647017D5709442A
:1007D0006398E70A6307090083C74A000544898BC9
:1007E000C5C3214681450A859700FF1FE780802900
:1007F000930C4C0093053005B3CC0C08668597200C
:10080000FF1FE780E0C42A894D443DC96286DA852E
:1008100011059700FF1FE780C0361146A6854A855F
:100820009700FF1FE780E035414693858A014E859A
:100830009700FF1FE780E03421478A866686CA85D5
:100840004E85EF10F07A2A841DE521468A8528001E
:100850009700FF1FE780E03221469385440028007F
:100860009700FF1FE780202D8547631EF502D28584
:100870005E85EF70AF8B4A859720FF1FE780A0C988
:100880004E859720FF1FE78000C9F25022856254F1
:10089000D2544259B259225A925A025BF24B624CDC
:1008A000D24C216182800544F9B7797122D406D6F1
:1008B00026D24AD04ECE2E849397556063D6070435
:1008C0009764FF1F93840488A8309700FF1FE78078
:1008D000E00B2AC609CDEFF0DFA0B24511E5A82054
:1008E0009307F00F631FF5002E85EF401FE81319E3
:1008F000F468B25022549254F2494A850259456133
:100900008280EF40BFEBE5B713F9150063070900DC
:10091000EFF04FC013491400E9BFE1DD854421A089
:10092000850493F4F40FEFE07FE7E3F4A4FCB3173E
:100930009028B3C90708E18FE5D74E85EFF08F8F78
:10094000C167FD176305F500DD45EFF00FB23349D0
:10095000340145B723A001A423AE01A223AC01A218
:100960009757FF1F9387477D170700001307075D01
:1009700098C3170700001307472ED8C317F7FFFFC8
:100980001307071D98C79757FF1F9387277A1717D5
:1009900000001307874298C317170000130707FDCD
:1009A000D8C3171700001307872798C78280975767
:1009B000FF1F83C76779A18B014789C71757FF1F9F
:1009C0001307877723AEE1A2014582809757FF1F67
:1009D00083C78777918B014789C71757FF1F130775
:1009E000E77423ACE1A201458280011106CE2AC63C
:1009F000EFF05FF6324599459757FF1FA385A7741F
:100A0000EFD0FF86F24017F5FFFF1305452D056176
:100A10006FE07FD91C5599C321458280411122C4C2
:100A200026C22A84AE84130500049305300506C649
:100A30004AC09720FF1FE780A0A108D479C51306FC
:100A40000004A6859700FF1FE78040FD7454B82A74
:100A500093778700EDCB1C54BC23A18BEDC7832774
:100A60000408C5E793053005130500109720FF1F04
:100A7000E780009EAA872320A4080D45C1CB7454AB
:100A80009C309832D1CB3337E0000E0793670701D3
:100A90006C545CB0B829058B19CB185485463823A3
:100AA0000D8B6316D70078201367170078A00327F3
:100AB000040809C778201367870078A00547639D5D
:100AC000E70C13098400414681454A859700FF1FC2
:100AD000E78040FB81451305840141469700FF1FD5
:100AE000E78040FA9304C40383A701AAC145268581
:100AF000B5CF9C4FA5CF829783270408BDCB228515
:100B0000EF00D0339307000549C12145B24022448C
:100B10009244024941018280A1473DFBBC20918B58
:100B200091E7BC2A918B99E385479DB79820942241
:100B300095473307F70297A701009387A7EFBA9766
:100B4000B6979C23B1B79C3081C79032E14729F218
:100B5000BC205D8F118B69DB982095479422330769
:100B6000F70297A701009387A7EED1BFEF50BFE62A
:100B700061B722859306C4022686CA85EFF02FC08E
:100B80002285EF00702551F1C1470A203CB0814514
:100B9000EF605FC401459DBF13F7870141C7C18B5B
:100BA000930484004146A1CB890526859700FF1F49
:100BB000E780C0E681451305840141469700FF1F89
:100BC000E78040EC7C201309C403C14593E747004C
:100BD0007CA083A701AA4A8595C79C4F85C78297A9
:100BE000832704089DC32285EF00502519FD930734
:100BF00020053CB045B7814526859700FF1FE7805B
:100C000060E84DBFEF503FDDE1BF9306C4024A8666
:100C1000A6852285EFF0AFB62285EF00F01BCD4709
:100C200069D9E5B5094785456388E70093F7D70F8C
:100C300011476396E70089450A20EF60BFB97C2021
:100C400093E747007CA08327040881C7930710051A
:100C50004DB7C54779BF3C2163830726397122DC34
:100C600006DE26DA4AD84ED652D43C311307500558
:100C70002A846395E70803497500138A01AA93093A
:100C8000C50393573900AA97842783270A00C145D3
:100C90004E85B5C39C4FA5C3829783270A00A1C781
:100CA0009C47B1C30325040813797900B3D62441C6
:100CB000858A93050504180893E606084E861305F1
:100CC000050882971375F50F19ED41460C081305B9
:100CD000C4029700FF1FE78060D42285EF00D00F89
:100CE000930760053CB0F2506254D2544259B25955
:100CF000225A21618280EF501FCE45B713071002A0
:100D00006392E7021C5503270508DE2361EB13F706
:100D1000071069C778555A2B1377071061C39307DB
:100D200070023CB03C3013077002639FE70C3C58E4
:100D300085E39305300571459710FF1FE7804071EB
:100D400028D819C5714681459700FF1FE78080D3D9
:100D50002458A1C8BC2C89E72285EFF08FADA8AC40
:100D60002858814541469700FF1FE780A0D12858A9
:100D70003D472C2D9387F5FF93F7F70F6364F7003A
:100D8000EF507FC5EF409FAD3C58A1458AAB13851E
:100D90002701EF505FC42C580A20EF003033631A4C
:100DA0000510930780023CB00A209720FF1FE780C0
:100DB00040EF414609C57E2513D617003E96625482
:100DC000F250D2544259B259225A1755FF1F0345C7
:100DD00095370606854521616F401FC013F7072030
:100DE00009CB78545A2B1377072001C79307900239
:100DF0000DBF93F707409DD77C54DE2B93F7074038
:100E000095D39307B00231BF130780026397E702BF
:100E10003C5899C78E2B0A2013862701EF007030AB
:100E20001C54DE2313F7072029CF78545A2B13774D
:100E3000072021CB93079002BDB713079002639B55
:100E4000E700EF50FFE7AA850A20EF00902C9307F8
:100E5000A00291BF1307A0026390E704EF50BFE523
:100E6000AA85854701456384F500814505452EC661
:100E7000EF503FE22A86B2450A20EF0030261C548C
:100E8000DE2393F707409DC37C54DE2B93F7074086
:100E900091CF9307B00201BF1307B0026398E70038
:100EA000EF50BFE2AA850A20EF00102B9307F00253
:100EB00015BD38309307F002E318F7EE2DB58280A8
:100EC000411122C4405926C206C67C54AA84DE2B96
:100ED00013F7071011C718545A23137707100DE39F
:100EE00013F7072011C718545A231377072009EB6B
:100EF00093F707408DCB1C54DE2393F7074085C73B
:100F0000930710023CB02285EFF0FFD438309307EE
:100F1000F002631EF7002244AA20B24092448145A9
:100F200041016FE09FD49307F0023CB0EDB7B240AF
:100F30002244924441018280397122DC405926DAF0
:100F40004AD84ED606DE2A89AE84B28963020438B6
:100F50002A211E20639FA7103C20638607389387B1
:100F6000E5FF93F7F70F2D47636FF73617A70100DB
:100F70001307C7AFB3C7E7209C43BA978287228580
:100F80006254F250D2544259B259B28521616FF085
:100F90007FA84146CE851305C4049700FF1FE78054
:100FA000E0A722859D25383093074005631AF70096
:100FB000930790053335A000931435003CB05DA82D
:100FC00093066005D147E317D7FE9307A005DDB769
:100FD0001309C4054A854146CE859700FF1FE78067
:100FE000E0A3032504084DC53C3013079005639723
:100FF000E700228555259307E00595A81307A0056E
:101000006392E7087C3013D73700229714279D8B13
:10101000B3D6F640858A83A701AA93E60608B1CB2A
:101020009C47A1CB9305050818084A8613050504BB
:1010300082971375F50F15ED41460C081305C4048E
:101040009700FF1FE78020AF7C304D47850793F75F
:10105000F70F7CB0E36FF7F885451755FF1F034581
:10106000950E9720FF1FE78040AE930750053CB0D8
:1010700031A8A144F25062544259B2592685D25443
:10108000216182801307C005E385E7F68144DDB75F
:10109000930984004A86CE8522851408EFE03FEE4E
:1010A00041469305C40408089700FF1FE780A0A8E5
:1010B00071D18A861306C403CA854E85EF10E06994
:1010C000A1440DE12285EFE0DFF62A870A20975739
:1010D000FF1F83A7E706814601468A858297B334BE
:1010E000A0008E0493072002D1BD0C22EFE0FFB7D1
:1010F00071BF3830930720026317F71E7C5889EBC5
:101100009305300571459710FF1FE780603468D85C
:101110006858630A051C4146CE859700FF1FE7808B
:10112000E08F64582285EFE0DFF0A8AC930730022F
:101130003DBF3830930730026317F71A1E226858F4
:101140002146938529001EA949059700FF1FE780C6
:10115000E08C7C54DE2B13F727002DC718545A233C
:10116000098B2DC39307400219B73830930740020B
:10117000631BF7163C5C81EB85455D459710FF1FAF
:10118000E780002D28DC285CE30205F083C7090016
:101190004146CE857CA99700FF1FE78020889307F2
:1011A0005002F1B5383093075002631EF712285CE5
:1011B00019469385190041059700FF1FE7800086B7
:1011C0007C54DE2B918B95CF1C54DE23918B95CBD9
:1011D0009307600269BD7C5C89EB9305300551453E
:1011E0009710FF1FE780C02668DC685CE30305E812
:1011F0004146CE859700FF1FE78040827C5C7D578B
:1012000098CB4A85EFF0DFCB51B5032504081306D0
:101210000004CE85130505049700FF1FE7800080BA
:101220002285EFE05FD23C30130700056395E700AD
:10123000930740052DBD13071005E38FE7E0130763
:101240002005E395E7E483A701AAE38407E29C472E
:10125000E38107E28325040893048400180893853A
:101260000508814626862E8582970A201008A685C5
:10127000EF602FDF9307B005DDBB38309307E00543
:101280006313F7068325040841464E859700FF1F28
:10129000E780608AAD44E30F05DC0325040841467E
:1012A000CE8597F0FE1FE78060772285EFE07FD83C
:1012B0002A872C580A209757FF1F83A767E8814683
:1012C00001468297B334A0008E0493071002FDB14B
:1012D000AD47E39DF5DA14222E211306650008219F
:1012E000EF505FD565B39D4471B3AA87094541C6E8
:1012F000D9C11CA29C211CB29C313CA2BC213CB295
:10130000BC31A30206005CA2DE2193D787485CB201
:10131000DA211377072001C793E727005CB2DE21AB
:1013200093F7074089C75C3293E747005CB2DE2140
:101330001317B028F98F89C75C3293E787005CB236
:1013400023030600DE21858B7CA2DA21098B01C7ED
:1013500093E727007CA2DE21918B89C77C2293E74B
:1013600047007CA2DE21A18B89C77C2293E78700FE
:101370007CA20145828082802E86AA8505456FF079
:10138000DFF62E86AA8509456FF03FF68DC52A87C0
:10139000094505C7411106C6AE878D4694A1138540
:1013A00017004146BA8597F0FE1FE7802067B240DC
:1013B0000145410182800945828082808DC52A874E
:1013C000094505C7411106C6AE87914694A113850C
:1013D00017004146BA8597F0FE1FE7802064B240AF
:1013E0000145410182800945828082808DC52A871E
:1013F000094505C7411106C6AE87994694A11385D4
:1014000017004146BA8597F0FE1FE7802061B24081
:101410000145410182800945828082809DC92A87D9
:10142000094515CB411106C69D4694A11623AE87EA
:101430001385370094B116232146A182B4A19305E8
:10144000270097F0FE1FE780605DB2400145410133
:1014500082800945828082808DC52A87094505C71B
:10146000411106C6AE87A14694A1138517004146D7
:10147000BA8597F0FE1FE780605AB24001454101EE
:10148000828009458280828085C92A8709451DC7D7
:10149000411106C6A54694A11423AE8713852700E3
:1014A00094B119469305170097F0FE1FE780005787
:1014B000B2400145410182800945828082808DC50C
:1014C0002A87094505C7411106C6AE87A94694A1DA
:1014D000138517004146BA8597F0FE1FE780005438
:1014E000B24001454101828009458280828095C5D4
:1014F0002A8709450DC7411106C6AE87B14694A19A
:101500001385170013060004BA8597F0FE1FE780C5
:10151000E050B240014541018280094582808280CD
:101520008DC52A87094505C7411106C6AE87B54650
:1015300094A1138517004146BA8597F0FE1FE780F6
:10154000E04DB240014541018280094582808280A0
:10155000AA87094581C999C7154798A19C230145C8
:101560009CB182808280AA87094581C999C72D478D
:1015700098A19C2301459CB1828082800DC55D713C
:101580008A8586C6A2C42A84EFE03F980A200A868C
:1015900097060000938686DE9D45EFE0BF8AB64041
:1015A000264461618280054582800DC55D718A8512
:1015B00086C6A2C42A84EFE05F950A200A869706B1
:1015C0000000938646DC9D45EFE0DF87B640264469
:1015D00061618280054582805D71A2C49305C50268
:1015E0002A8441460A8586C697F0FE1FE78000439D
:1015F0000A200A8697060000938686D9C545EFE043
:101600007F84B6402644616182805D71A2C49305E7
:10161000C5032A8441460A8586C697F0FE1FE780E7
:10162000E03F0A200A8697060000938666D9C545E2
:10163000EFE05F81B64026446161828083A701AA02
:10164000A9CB9C435D71A2C486C62A841305E00F12
:101650008DCF032504089305050C13050508829713
:1016600083250408130600040A859385050897F06E
:10167000FE1FE780A03A0A2097060000938666E7DF
:101680000A8693051004EFE0EFFBB6402644616143
:1016900082801305E00F8280317122DD2A840A21C5
:1016A00026DB06DF4AD94ED752D556D35AD15ECF64
:1016B00062CD66CB9710FF1FE780A05E3C58AA84DE
:1016C00089EB9305300571459710FF1FE78040D8DF
:1016D00028D82858CD4705C97146814597F0FE1F87
:1016E000E780403A032904072285EFE09F94230D09
:1016F000A9003C20138901AA6382071283270900ED
:101700008DE39307E00FFA506A54DA544A59BA59F4
:101710002A5A9A5A0A5BFA4B6A4CDA4C3E8529617E
:10172000828003AC0701E30E0CFC032B0408EF508E
:101730008FD8AA8B0145EF50CFD5DC303458130B2E
:101740000B029309C403130AC405938A64002A8711
:1017500036C0B337F000930801045688B3367001E1
:101760005286CE855A85029C1C54B8232307E10279
:101770009833A306E1029C232306F1028327090084
:10178000C9D383AB4701E38E0BF6DC30B337F000EF
:101790003ECEEF504FD22A8B0145EF508FCF03271B
:1017A0000408F2472AC03AC2B3386001568878105C
:1017B000930684004E86D2858800829B7C54B82B89
:1017C0002305E1029833A304E1029C232304F102E0
:1017D0008327090003AB4701EF50EFCD2A8901456C
:1017E000EF502FCB83C854009C082A883EC2B338E0
:1017F0001001B33720013810930684015286CE853C
:1018000056C08800029B0A2097060000938686D166
:101810009008C545EFE00FE3AA87F5B5D4308327DC
:101820000900032B0408B336D00083AC070136CE81
:10183000EF506FC8AA8B0145EF50AFC53C58F24638
:10184000130B0B02130AC4059309C403938A6400A3
:101850002A88930801044E86D2853EC05687B33746
:1018600070015A85829C1C54930B0103B8232307F3
:10187000E1029833A306E1029C232306F1028327A9
:10188000090083AC4701DC30B337F0003ECEEF50A7
:101890008FC22A8B0145EF50CFBFF2472AC0B33821
:1018A000600156887810930684004E86D2855EC209
:1018B0008800829C8325040841465E8597F0FE1FC0
:1018C000E7806027AD47E31B05EE35BD2E86970602
:1018D00000009386E6B1C5456FE0CFD65D71B28753
:1018E000A2C44C802A84BE8513051100194686C601
:1018F00097F0FE1FE78080120A8622859706000077
:101900009386C6B8A145EFE0EFD3B64026446161A7
:1019100082802E8697060000938646B4C5456FE008
:101920006FD25D71B287A2C46C802A84BE85130514
:101930002100214686C697F0FE1FE780200E0A860A
:101940002285970600009386A6ADAD45EFE08FCFC8
:10195000B6402644616182802E86970600009386F9
:1019600046B6C5456FE00FCE797122D406D626D291
:101970004AD03C31130730052A846385E7081307F2
:1019800050056396E708034975009307A0053CB12D
:1019900093573900AA97842783A701AA1305C50383
:1019A000C145B1CF9C4FA1CF829713797900B3D6AF
:1019B0002441858A93E6060883A701AA9DCB9C470C
:1019C0008DCB0325040818081306C40393050504EA
:1019D0001305050882971375F50F01ED1305C40271
:1019E00041460C0897F0FE1FE78040032285EFF088
:1019F000BFBEB25022549254025945618280EF40DA
:101A00009FFD65B7930790053CB1814675B71307F5
:101A100010026391E7027C5503270508DE2B79EF5E
:101A200013F7170061CF18555A23058B61CB930725
:101A300020023CB03C30130720026398E70E3C586C
:101A400089EB9305300571459710FF1FE78040A093
:101A500028D82458A5CC2285EFE0AFDDA8AC2858C3
:101A60008145414697F0FE1FE780C00128583D4759
:101A70002C2D9387F5FF93F7F70F636BF70283C75E
:101A8000C1AACDC341468145080897F0FE1FE780F3
:101A900060FF19469745FF1F9385454A080897F050
:101AA000FE1FE780A0F730580C082E85EFD0704558
:101AB000EF30DFDA3C58A1458AAB13852701EF40B0
:101AC0009FF12C580A20EFF07FE001E593073002E8
:101AD0003CB00A209710FF1FE780A01C414611C1AF
:101AE00072252254B250925402591745FF1F0345E4
:101AF00095650606854545616F301FEE13F7270093
:101B000001CB18545A23098B01C79307400215B71C
:101B1000918B8DD31C54DE23918BE38D07F09307BB
:101B2000600201BFEF403FEB61B7130730026396DD
:101B3000E7023C5899C78E2B0A2013862701EFF045
:101B40005FDE7C54DE2B13F7270039CB18545A2361
:101B5000098B39C793074002A5BF13074002639C56
:101B6000E700EF50EF95AA850A20EFF09FDA930780
:101B7000500239DDB9BF13075002639CE702EF50F2
:101B80008F93AA85054599C1854501452EC6EF501D
:101B90004F902A86B2450A20EFF05FD47C54DE2BAA
:101BA000918B95C31C54DE23918B91CF93076002D8
:101BB00005B7130760026398E700EF500F91AA85FD
:101BC0000A20EFF07FD97C5403270408DE2B09EFAD
:101BD00013F7071011CB18545A231377071009C7AE
:101BE000930770023CB031B513F7072009CB1854A6
:101BF0005A231377072001C793079002E5B793F79D
:101C0000074089CB1C54DE2393F7074081C7930715
:101C1000B002C9BF9307F002F1B7397122DC26DAAE
:101C20004AD84ED606DE52D42E89B289AA8497109D
:101C3000FF1FE78000074059414681450A8597F01C
:101C4000FE1FE78020E435C4035A040063139A069C
:101C5000383093071002631FF7028327040899CFD7
:101C60002C58A1C95285EF1070520545F2506254AC
:101C7000D2544259B259225A216182808A8613066F
:101C8000C4059305C40313058400EF00102D15E16E
:101C90008A85C9BF2C5891CD9E29639C3701214666
:101CA000C9054A8597F0FE1FE780E0E819C12C5866
:101CB00055BF26859710FF1FE780A0FE2A8455D5C3
:101CC0004C55B9C19E29639137052146C9054A85FE
:101CD00097F0FE1FE78020E685476317F50283C76C
:101CE000B18589C74C54BC3D6392A70CBD45268580
:101CF000EF1070449747FF1F83A7471681C7894598
:101D00001D45829701459DB71389B1AA83470900F4
:101D10009749FF1F93898911858B8DCF583083C7D1
:101D200041AA6319F7021946938551AA1305640065
:101D300097F0FE1FE78020E08547631DF50083A72D
:101D4000090381C791451D458297BD452685EF1042
:101D5000903E21BF03C7C1AA83A7090331CB034724
:101D60000900098B09CB81C795451D4582972685BA
:101D7000EF101042DDBD81C78D451D45829741465C
:101D80008145080897F0FE1FE780C0CF19469745A8
:101D9000FF1F9385A51A080897F0FE1FE78000C86B
:101DA0000C082E850A86EFD0D0158A85268565BD5C
:101DB0008545C5FF6DBF797122D4405926D24AD0DE
:101DC0004ECE06D6AA892E89B284630404622A21E3
:101DD0001E20638BA7002149B25022549254F2492D
:101DE0004A850259456182803C206392076293874D
:101DF000F5FF93F7F70F3147636BF7601797010013
:101E00001307C7C9B3C7E7209C43BA9782871C54FE
:101E1000F9F393053005130500049700FF1FE780D1
:101E2000206308D44DD99820914763F4E7000D4909
:101E300065B798308547E3ECE7FE13060004A685F6
:101E400097F0FE1FE78080BD18547C54A302040065
:101E50005443D04BFD75858A758ED62B9385F57FBF
:101E6000F99AD18ED6ABD04B5443758ED62B098AB6
:101E7000F59AD18ED6ABD04B5443758ED62B118AA2
:101E8000ED9AD18ED6ABD04B5443758ED62B218A8A
:101E9000DD9AD18ED6ABD04B5443758ED62B1376AC
:101EA000061093F6F6EFD18ED6ABD04B5443758E19
:101EB000D62B1376062093F6F6DFD18ED6ABD04B19
:101EC0005443758ED62B1376064093F6F6BFD18E0B
:101ED000D6ABD44B5043F18ED22B93D6B648AE0638
:101EE0006D8ED18ED6ABBC2B03250408A18BEDC71C
:101EF0003C23A18BF5C3E31005EE930530051305D4
:101F000000109700FF1FE780A0542320A40805D1EC
:101F10007C54A30204009830943399E649CB5C309A
:101F200093E707015CB021A0A1475CB06DFB22855F
:101F3000EFF0AFE76C54BC29858B89CB1C54BC23D4
:101F40008D8B89C77C2093E717007CA0832704082A
:101F500089C77C2093E787007CA05C300547639E9F
:101F6000E70A414681451305840097F0FE1FE7808C
:101F700060B1814513058401414697F0FE1FE7805B
:101F800060B083A701AA1305C403C145C1C79C4F14
:101F9000D1C3829703270408C14719C393070005DB
:101FA0000A203CB08145EF50FF82014935B5B82B7E
:101FB000118B11E7B820118B19E38547A5B798233A
:101FC000942095473307F70297970100938787A6D8
:101FD000BA97B6979C23B9B719C59700FF1FE7803A
:101FE0008053232004087C54983309C7983019C3C0
:101FF000E1470DBFB82B118B01E7B820118B55DFDE
:102000009823954794203307F70297970100938709
:1020100027A47DBFEF403F9CB5BF13F7870135C3B1
:10202000C18B130584004146B1C3890597F0FE1F9B
:10203000E780C09E814513058401414697F0FE1F4D
:10204000E78040A47C201305C403C14593E7470003
:102050007CA083A701AA8DC39C4F99CF8297832729
:10206000040891CF930720053CB081B7814597F0D4
:10207000FE1FE78020A17DBFEF40FF95CDB7CD4784
:10208000E5B7094789456386E70011476397E7008D
:1020900085450A20EF500FF421A01947E38AE7FE97
:1020A0007C2093E747007CA08327040881C793071F
:1020B00010055DBFC5474DBF4146A6851305C40445
:1020C00097F0FE1FE78080953C3013076005639E04
:1020D000E70085451745FF1F0345F5069710FF1FCD
:1020E000E780A0A69307500541B745476384E70200
:1020F0009306C4021306C403930584002285EFD01F
:102100001FE82285EFF04FCD3339A0000E09D147EB
:102110003CB0D9B1C94789BF9309C4054E85414632
:10212000A68597F0FE1FE780608F0325040879C11C
:102130003830930690056318D7002285EFF0EFCC76
:102140009307E00515B79306A0056318D706783006
:1021500003A601AA93563700A29694266309062A7D
:10216000032886006305082A1D8BB3D6E640858ABE
:102170000A8793E60608930505084E8613050504AD
:10218000029841468A851305C40497F0FE1FE78034
:10219000809A133915002285EFF02FC77C30CD4689
:1021A0000A09850793F7F70F7CB01307600563F4FE
:1021B000F6001307E00538B005B19306C005E31635
:1021C000D7DE03A701AA630407240328870063005E
:1021D000082493050508930484000A87814626860F
:1021E0002E8502980A200A86A685EF508FE793076E
:1021F000B0059DBD8A864E86930584002285EFD06A
:102200001FD841469305C4040A8597F0FE1FE78056
:1022100080928547E312F5BC2285EFF00FBF93074C
:102220001002E30305E445BE3830930770026310E3
:10223000F71E7C5889EB9305300571459700FF1F09
:10224000E780002168D868586303051CA6854146CD
:1022500097E0FE1FE780807C64582285EFD07FDD09
:10226000A8AC9307800209B5383093078002631049
:10227000F71A1E2268582146938524001EA9490595
:1022800097E0FE1FE78080797C54DE2B13F7072050
:1022900035C718545A23137707202DC3930790028C
:1022A000E1B33830930790026313F7163C5C89EB77
:1022B000930530055D459700FF1FE780601928DC16
:1022C000285C630605144146A68597E0FE1FE7805B
:1022D000E0749307A00249BB38309307A00263184B
:1022E000F7121C22285C1946938514007CA941052D
:1022F00097E0FE1FE78080727C54DE2B93F7074047
:10230000A1C71C54DE2393F707409DCF9307B0026B
:10231000A1BB38309307B002631BF70E7C5C89EBDE
:102320009305300551459700FF1FE780601268DC78
:10233000685CE30205AA4146A68597E0FE1FE78098
:10234000E06D7C5C7D5798CB03D529008145EFD0AB
:10235000DF91A1B938309307F004E3FEE7A6032527
:102360000408E30A05A613060004A6851305050460
:1023700097E0FE1FE780806A2285EFF02FAC2A8964
:102380002285EFD05FBC3C3013070005639FE70058
:1023900003D6E90085451745FF1F0345D5DA060634
:1023A000EF308FE393073005A5B31307100563954E
:1023B000E70093076005A9BB13072005E39EE7A08C
:1023C0009307C005B1B338309307E005E315F7A0D4
:1023D000032504084146A68597E0FE1FE7800064B8
:1023E0002285EFF06FAB2A899307100215B30C22F8
:1023F000B9BF8547E39BF5BA032846003C32382233
:1024000014322E2110220145EF40BFB779BE1D497D
:10241000E1B28147C1463307F500B388F5001823C0
:1024200083C808003308F6008507334717012300E7
:10243000E800E392D7FE82803D4781477D5833060E
:10244000E5001422B388E5007D178606D58F23802A
:10245000F8001C229D83E31407FF82800147C146D8
:102460009377F70F63FDC700B307E5009C2333881C
:10247000E5002300F8000507E314D7FE8280918F62
:1024800093B717009E07E5B701114AC84EC62E89BB
:10249000AA8993053005414506CE22CC26CA52C4EE
:1024A000328A9700FF1FE780A0FA2A84930530053F
:1024B00041459700FF1FE780A0F9AA845DC059C17C
:1024C0004146814597E0FE1FE780C05B4E8522862E
:1024D000A685EFD00023AA8929E18307040063D9E8
:1024E0000704A6852285EFF03FF54A86978501000F
:1024F0009385055E2685EFF0DFF18307090063DE33
:102500000702A6854A85EFF03FF3528697850100C2
:102510009385055C2685EFF0DFEF22859700FF1F8E
:10252000E78060FF26859700FF1FE780C0FE0DA0B3
:10253000CA852285EFF05FF0C9B7D2854A85EFF0F2
:10254000BFEFE1BF22859700FF1FE780C0FCCD49A8
:10255000F2406244D2444249224A4E85B249056162
:10256000828075D5CD497DBF81474146B306F500D0
:102570003387F500182303C8060085073347070192
:1025800098A2E395C7FE8280011126CA4EC6AE848A
:10259000AA8993053005130500034AC806CE22CC4C
:1025A00032899700FF1FE780A0EA2DC513060003BC
:1025B00081452A8497E0FE1FE780C04C4146CE85C6
:1025C000228597E0FE1FE780C05BA6850D461305B8
:1025D000D40197E0FE1FE780C05A1306040293055A
:1025E00004012285EFD0E011AA840D469305D402A0
:1025F0004A8597E0FE1FE780C05822859700FF1F9D
:10260000E78060F1F24062444249B2492685D244F3
:1026100005618280CD44FDB75D7152DC62D42E8AA3
:102620002A8C9305300513050003A6C2CAC04EDEEE
:1026300056DA5AD85ED686C6A2C4B28B368BBA8416
:10264000BE8A4289C6899700FF1FE78060E0630465
:1026500005101306000381452A8497E0FE1FE780DA
:1026600060424146E285228597E0FE1FE780605187
:10267000414681450A8597E0FE1FE780A0401D4640
:10268000DE850A8597E0FE1FE780A04F1D46DA85AC
:102690001305710097E0FE1FE780A04E333920013B
:1026A000B334900041468145080823072101C487BF
:1026B00097E0FE1FE780003D1946D685480897E061
:1026C000FE1FE780004CCE8519461305A10197E057
:1026D000FE1FE780004B130904014146D2854A855D
:1026E00097E0FE1FE780E0498A854A85EFF0DFE743
:1026F000930904024E86CA852285EFD08000AA8401
:102700000DE94146CE854A8597E0FE1FE7800031FE
:102710000C084A85EFF05FE54E86CA852285EFC03A
:10272000507EAA8446454146CE8597E0FE1FE7804D
:10273000404522859700FF1FE780E0DDB640264434
:102740000649F259625AD25A425BB25B225C268534
:10275000964461618280CD44D5B701114EC652C402
:10276000AE892A8A930530051305000326CA4AC894
:1027700006CE22CCB28436899700FF1FE78040CD79
:1027800035C52A84D285414697E0FE1FE780603F29
:10279000130A0401CE852146528597E0FE1FE7808B
:1027A000403EA68521461305840197E0FE1FE78081
:1027B000403D930904024E86D2852285EFC0707495
:1027C000AA844146CE854A8597E0FE1FE780603B9C
:1027D00022859700FF1FE78000D4F24062444249FF
:1027E000B249224A2685D24405618280CD44F5B79C
:1027F00039715ECE62CCAA8B2E8C41459305300593
:1028000006DE4ED652D45AD066CA6AC8B289B68C91
:102810003A8D22DC26DA4AD856D29700FF1FE7808D
:1028200020C32A8A9305300541459700FF1FE780A2
:1028300020C22A8B63040A1415E552859700FF1FF6
:10284000E78060CD4D44F25022856254D254425903
:10285000B259225A925A025BF24B624CD24C424D10
:10286000216182802A86D2855E85EFF0FFC12A84AD
:1028700001CD52859700FF1FE780E0C95A85970078
:10288000FF1FE78040C9C1B7930530054145970058
:10289000FF1FE780E0BBAA84930530054145970000
:1028A000FF1FE780E0BAAA8AF9C409ED26859700E0
:1028B000FF1FE78040C652859700FF1FE780A0C535
:1028C0004D446DBF1389F9001359494013F6F900BF
:1028D000630509047D193349090829E213154900E4
:1028E0005686D2856295EFF0DFB241468145268556
:1028F00097E0FE1FE78000198149B3C7090863F814
:1029000027051DC426859700FF1FE780C0C0568598
:102910009700FF1FE78020C0A9BF01491315490098
:102920008A856295EFF09FB35686DA850A8565BF82
:10293000939549000A86E2952685EFF09FAD26869D
:102940008A855E85EFC0F05B2A8485097DB75DF8D6
:102950000A86D6852685EFF0DFAB26868A855E85DA
:10296000EFC0305A2A846A86A685668597E0FE1FE6
:10297000E780C00A41BF21D14D4451BFE30405ECBB
:1029800081B739715ECEAA8B594526DA4AD84ED620
:1029900052D456D25AD062CC06DE22DC034C01045B
:1029A0002E8BB28A368A3AC6BE894289C68497E09F
:1029B000FE1FE78080F725CD9167938717E91EA159
:1029C00085473CA12A84B2452105638A0B049307FD
:1029D00010033CB01946814597E0FE1FE780800A4E
:1029E00023035401A3034401230A84012312640135
:1029F000231734012318240126A8A2856254F2501B
:102A0000D2544259B259225A925A025BF24B624C4A
:102A10001735FF1F0345057321616F203FDAA301BE
:102A20000400194697E0FE1FE78040FF55BFF250B3
:102A30006254D2544259B259225A925A025BF24B12
:102A4000624C2161828001115AC02A8B1305100348
:102A500026CA4AC84EC652C456C206CE22CCAE8A38
:102A6000328AB684BA893E8997E0FE1FE780E0EBA0
:102A700025C1B7470201938717E91CC19307850059
:102A80002A8423046501A30455015CC1D28519463B
:102A9000290597E0FE1FE78060F8CE8504A813059E
:102AA0001401268697E0FE1FE78040F723082403E1
:102AB000A2856244F240D2444249B249224A924A33
:102AC000024B1735FF1F0345E56705616F201FCFD8
:102AD000F2406244D2444249B249224A924A024BED
:102AE00005618280011152C42A8A314522CC26CA4E
:102AF0004AC84EC606CEAE893289B6843A8497E07B
:102B0000FE1FE78080E20DCD9167938717E91EA134
:102B10008D473CA1A301450122A562442312350142
:102B20002313250106A5F240D2444249B249224A64
:102B3000AA851735FF1F0345E56005616F201FC893
:102B4000F2406244D2444249B249224A056182803D
:102B500001114EC6AA89394526CA4AC806CE22CCDA
:102B60002E89B28497E0FE1FE78020DC21C19167A7
:102B7000938727E91EA19147A3013501231225015F
:102B80002A843CA1A6851905214697E0FE1FE7800F
:102B9000E0E8A2856244F240D2444249B249173586
:102BA000FF1F0345255A05616F205FC1F240624453
:102BB000D2444249B2490561828001114AC82A893A
:102BC000414526CA06CE22CC2EC6B28497E0FE1F0F
:102BD000E780A0D515CD9167B245938727E91EA15F
:102BE00095472A84231225013CA12146190597E027
:102BF000FE1FE780A0E2A28566A46244F240D244B0
:102C000042491735FF1F0345155405616F201FBB4F
:102C1000F2406244D244424905618280011152C4AB
:102C20002A8A394522CC26CA4AC84EC606CEAE8963
:102C30003289B6843A8497E0FE1FE78000CF0DCD3D
:102C40009167938717E91EA199473CA142A5624469
:102C500023124501231335012314250126A5F24033
:102C6000D2444249B249224AAA851735FF1F03457B
:102C7000654D05616F209FB4F2406244D2444249E1
:102C8000B249224A05618280797122D426D24AD083
:102C90004ECE52CC06D62A842E8AB2893689BA8480
:102CA0009700FF1FE780E0FF11CD1306F00F2C0007
:102CB0002285231441012315310123162101648744
:102CC000EFC03F87B250225492540259F249624AEF
:102CD00045618280011152C42A8A394522CC26CA14
:102CE0004AC84EC606CEAE893289B6843A8497E089
:102CF000FE1FE78080C30DCD9167938717E91EA162
:102D00009D473CA142A5624423124501231335018E
:102D10002314250126A5F240D2444249B249224A51
:102D2000AA851735FF1F0345E54105616F201FA9DF
:102D3000F2406244D2444249B249224A056182804B
:102D40005D715AD82A8B13054002A2C4A6C2CAC01C
:102D50004EDE56DA62D466D26AD06ECE86C652DCB9
:102D60005ED6835D0105035D4105834C8105034CFF
:102D7000C105835A0106AE893289B6843AC43EC081
:102D800042C2468497E0FE1FE78020BA69C91167F6
:102D90002A8A130717E91AA193074A011307900219
:102DA00038A13EC6A2452105930BEA0063020B0839
:102DB00013071003A301EA001946814597E0FE1F9F
:102DC000E78040CC194681455E8597E0FE1FE7808D
:102DD00060CB1946814513054A0197E0FE1FE78045
:102DE00060CA23032A01A3039A0023009A03A300C5
:102DF0008A03231D8A00264423123A01231EBA01A6
:102E0000231FAA0123115A03B64096440649F259DA
:102E1000D25A425BB25B225C925C025DF24DD2857B
:102E2000625A1735FF1F0345E53161616F201F9915
:102E3000A3010A00194697E0FE1FE78020BE8245E5
:102E40005E85194697E0FE1FE78040BD9245194612
:102E500013054A0197E0FE1FE78040BC59B7B64012
:102E6000264496440649F259625AD25A425BB25BF2
:102E7000225C925C025DF24D6161828079714ECE7E
:102E8000AA89614552CC56CA5AC85EC662C406D6E3
:102E900022D426D24AD02E8AB28A368BBA8B3E8C66
:102EA00097E0FE1FE78060A835CDB7470B019387F9
:102EB00017E91CC1930785002A845CC19304A5000F
:102EC00001493C306364F902A2852254B250925405
:102ED0000259F249624AD24A424BB24B224C173550
:102EE000FF1F0345252645616F205F8D2685238FB3
:102EF00034FFA38F44FF1946D68597E0FE1FE78075
:102F0000E0B113857400238364011946DE85050949
:102F100097E0FE1FE78080B01379F90FA386840144
:102F2000C10445B7B250225492540259F249624A40
:102F3000D24A424BB24B224C4561828001114EC6AF
:102F4000AA89214522CC26CA4AC806CE2E89B28437
:102F5000368497E0FE1FE780409D15C991679387EF
:102F600017E91EA1B1473CA1A301350164A160B1DD
:102F7000624423122501F240D2444249B249AA8553
:102F80001735FF1F0345051C05616F203F83F24085
:102F90006244D2444249B249056182805D71A6C251
:102FA0008344C10552DC3E8A86575ED6AA8B1385C0
:102FB0004402CAC04EDE56DA5AD862D466D26AD00B
:102FC0006ECE86C6A2C4035D0105834C4105664CE6
:102FD0002EC6B28D368BBA8AC28946893EC497E026
:102FE000FE1FE780809451C9B245B7470D01938712
:102FF00017E91CC1930785002A845CC1230475016D
:103000000CB51946EE85290597E0FE1FE78000A163
:10301000E28523086401A308540123094401A3099C
:103020003401230A2401231BA401230C940113055A
:103030009401194697E0FE1FE780409EA2451305C4
:10304000440264BC08D0268697E0FE1FE780009DFE
:10305000A2852644B64096440649F259625AD25A8D
:10306000425BB25B225C925C025DF24D1735FF1F42
:103070000345450D61616F206FF4B64026449644C8
:103080000649F259625AD25A425BB25B225C925CA8
:10309000025DF24D61618280411126C2AA846145C0
:1030A00006C622C497E0FE1FE78020883DC99167CD
:1030B000938717E91EA1930740023CA19C302A8404
:1030C000938564003CB1BC30B8202105A207D98F9C
:1030D000231EF5FEDC201946230FF5FEDC30A30F7E
:1030E000F5FE97E0FE1FE7806093DC24A28517358C
:1030F000FF1F034525057CA4FC24D834A207D98FE3
:103100001EA8FC343CA89C283CB89C385CA8BC2871
:103110005CB8BC387CA82244B240924441016F2084
:10312000EFE9B2402244924441018280411122C41D
:103130002A84194506C697D0FE1FE780007F15C177
:103140009167938717E91EA1C1473CA142A1224480
:10315000B240AA851735FF1F0345C5FE41016F2008
:10316000EFE5B24022444101828041110D4506C67F
:1031700097D0FE1FE780607B15C1930710F91CA153
:103180009307E0031CB1C5473CA1B240AA8517359F
:10319000FF1F034525FB41016F204FE2B240410173
:1031A000828001114EC6AA89294522CC26CA4AC866
:1031B00006CE2E89B284368497D0FE1FE780E07653
:1031C00015C99167938717E91EA1C9473CA1A301BF
:1031D00035012302250100A5624466A1F240D244D4
:1031E0004249B249AA851735FF1F0345A5F5056178
:1031F0006F20CFDCF2406244D2444249B2490561BB
:10320000828001114EC6AA892D4526CA4AC806CE1B
:1032100022CC2E89B28497D0FE1FE780007131C185
:10322000930710F91CA19307E0031CB1CD47A3013C
:103230003501230225012A843CA1A68515051946DE
:1032400097D0FE1FE780807DA2856244F240D24481
:103250004249B2491735FF1F0345C5EE05616F208E
:10326000EFD5F2406244D2444249B24905618280BE
:10327000411126C2AA84214522C406C62E8497D0B5
:10328000FE1FE780806A05C59167938717E91EA135
:10329000D1473CA160A1224446A1B2409244AA85F4
:1032A0001735FF1F034505EA41016F202FD1B240BA
:1032B0002244924441018280411126C2AA84714570
:1032C00006C622C497D0FE1FE780206659C19167C9
:1032D000938717E91EA1930760023CA19C302A84C2
:1032E0009385A4003CB1BC30B8203105A207D98F2A
:1032F000231CF5FEDC30D8201946A207D98F231DE8
:10330000F5FEFC30F820A207D98F231EF5FE9C2481
:10331000230FF5FE9C34A30FF5FE97D0FE1FE78028
:10332000E06F9C28A2851735FF1F0345A5E13CA847
:10333000BC289838A207D98F5EA8BC38A30B04001C
:10334000230C04007CA82244B240924441016F2027
:10335000EFC6B2402244924441018280411126C20C
:1033600006C622C49734FF1F9384C4DDF830930748
:10337000F00F630FF7022A84194597D0FE1FE780EC
:10338000C05AAA8515C5930700FD1CA193077002BA
:10339000A30005003CA11C303CB13C205CA13C30AA
:1033A0005CB12244E830B240924441016F200FC129
:1033B000B24022449244410182809737FF1F83C765
:1033C000D7D81307F00FAA856396E70017F3FE1FFF
:1033D000670063141307000D1AA11307800238A1B8
:1033E0003E856F20AFBD411126C2AA84714506C635
:1033F00022C497D0FE1FE780405359C59167938739
:1034000017E91EA1930760023CA19C302A84938592
:10341000A4003CB1BC30B8203105A207D98F231CD1
:10342000F5FEDC30D8201946A207D98F231DF5FE02
:10343000FC30F820A207D98F231EF5FE9C24230F11
:10344000F5FE9C34A30FF5FE97D0FE1FE780005DCC
:103450009C28A2851735FF1F0345C5CE3CA8BC2874
:103460009838A207D98F5EA8BC387CA8DC287CB825
:10347000DC381CACFC281CBCFC383CAC2244B24000
:10348000924441016F208FB3B240224492444101E3
:10349000828041114AC02A89214522C426C206C61B
:1034A000AE84328497D0FE1FE780204805C593077D
:1034B00010591EA12301250160A1224446A1B2405A
:1034C00092440249AA851735FF1F0345A5C741014C
:1034D0006F20CFAEB2402244924402494101828023
:1034E000411126C2AA84214522C44AC006C62E899B
:1034F000328497D0FE1FE78040431DC591679387B4
:1035000027E91EA1A1473CA164A160B12244231276
:103510002501B24092440249AA851735FF1F034591
:1035200095C241016F208FA9B240224492440249C2
:1035300041018280011152C42A8A314522CC26CA17
:103540004AC84EC606CEAE893289B6843A8497D030
:10355000FE1FE780803D1DC98567938717C91EA19F
:10356000230145012303250122A5624423123501CD
:1035700006A5F240D2444249B249224AAA851735EB
:10358000FF1F034525BC05616F204FA3F240624435
:10359000D2444249B249224A0561828001114AC897
:1035A0002A891385C50026CA06CE22CCAE8432C62F
:1035B00097D0FE1FE78060370DCD8567B2459387B2
:1035C00017E924A1231225012A841EA1310508C46C
:1035D000268697D0FE1FE7806044A2856244F240B1
:1035E000D24442491735FF1F0345C5B505616F2019
:1035F000EF9CF2406244D24442490561828041110D
:1036000026C2AA84194522C406C62E8497D0FE1F5E
:10361000E780A03105C58567938717F91EA1854707
:1036200024A13CB142A12244B2409244AA8517355C
:10363000FF1F034525B141016F204F98B24022443E
:10364000924441018280411122C42A840D4506C65C
:1036500097D0FE1FE780602D0DC1930710F91CA1C4
:10366000E9471CB120A12244B240AA851735FF1FAB
:10367000034545AD41016F206F94B24022444101A2
:103680008280411122C42A84214526C206C6AE8406
:1036900097D0FE1FE78060290DC59167938727E9C2
:1036A0001EA1930700033CA160A1224446A1B240A1
:1036B0009244AA851735FF1F0345F5A841016F20E5
:1036C000EF8FB24022449244410182804111214552
:1036D00022C426C206C6AE84328497D0FE1FE7807D
:1036E000C02415C18567938707391EA185473CA172
:1036F00062A1224446A1B2409244AA8503C521A3F7
:1037000041016F20AF8BB24022449244410182803C
:10371000011122CC26CA4EC652C456C25AC0130446
:10372000F5FF06CE4AC8094BAA89AE84328AB68A0A
:103730003344040863946513138BF1A283470B0091
:10374000C9CB03C916009C2222093369F9009727C7
:10375000FF1F83D7A76EF517635BF91C9307C6FF9E
:103760006314F908314597D0FE1FE780001C2A84B6
:1037700039CD23134501930700F9150AA1651EA150
:103780002311350144A18505528597F0FE1FE7807E
:1037900020CC08C405C983470B009385EAFF135664
:1037A0002A00FD172300FB0097D0FE1FE780C029E9
:1037B0001C44A28503C521A389071CC4EF200F80E8
:1037C000814401A8228597F0FE1FE780C0D49304AE
:1037D000F00FF24062444249B249224A924A024BF7
:1037E0002685D244056182809307D6FFE341F9FE26
:1037F000B1473304F4029384C1A19C40A297B82737
:1038000019C7884309C597F0FE1FE780C0D0A1659E
:1038100013054900850583A904003345050897F081
:10382000FE1FE780E0C29C40A29923A0A900A297B6
:10383000884351DD0547B8A783470B005286D685DC
:10384000FD172300FB0097D0FE1FE780201D9C4042
:10385000A29723934701239227019DB78547E398B9
:10386000F5F6B1473304F4021389C1A18327090097
:10387000A297FA23884351CBDE23B306C7009107F2
:1038800063C5D7083A95D68597D0FE1FE780001903
:1038900083270900A297FA233306EA003346060875
:1038A000F2A3DE239107E31DF6F0314597D0FE1F0A
:1038B000E780A007AA851DC9930700F91EA18327E9
:1038C00009002302650123113501A297FA239C43C5
:1038D0007AA11CC503C521A3EF105FEE8327090061
:1038E000A2972393070023850700D9BD83270900EA
:1038F000A297884365D597F0FE1FE780C0C1832754
:103900000900A29723A00700D1BF11C997F0FE1F9D
:10391000E78060C083270900A29723A007008327C0
:103920000900A29723930700238507005DB5914402
:103930004DB56FC0307A6FC0707B6FD040226FD0B2
:1039400020446FC0D07D411106C6EFC0707AB240EE
:103950000145410182806FC0107F6FD0E0006FD0C1
:10396000A0036FD080056FD040076FD000096FD0E3
:10397000C00A6FD0800C6FD0400E6FD0E00F1C32A9
:103980001822A20733E6E7006FD020116FD0601233
:103990006FD0C0146FD020176FD0A0196FD0E01E69
:1039A0006FD0C0206FD0A0226FD080246FD060264F
:1039B000411122C60344C10226C4834401030343C8
:1039C0000101030E4101834E8101034FC101834F69
:1039D0000102834241028343810222D6324426D827
:1039E000A2441ED416D27ED07ACE76CC72CA1AC821
:1039F00041016FD0E03D6FD0E0236FD0C0256FD084
:103A0000A0276FD080296FD0402C6FD0202E6FD090
:103A100000306FD0E0316FD0C0336FD020376FD01F
:103A200000396FF0802285672A871388A7C7691538
:103A300033450508636EA802138807C80145636A09
:103A4000B80263E8E5021307301F6364C7021387F7
:103A500066FF938767C73347070863ECE7000506EF
:103A600033460608B305B6028E0633A5D50082801C
:103A7000014582801728FF1F1308886D0345180031
:103A800003A781A883A681A61375F507D1C5904227
:103A900083274800137606F8498E90C213F6150066
:103AA00001CA93F5050341466385C506938787C11F
:103AB0004165130505A0B3D5A7025057B70810FEFE
:103AC000FD181366260050D7704333761601B3F7FE
:103AD000A702FD89D2054D8E70C31306A00FB7054E
:103AE000FCFFAA07B3D7C70270436D8EBA07B9832C
:103AF000D18F7CC383470800898B99CB98429C4225
:103B00001377F7071367070493F707F8D98F9CC259
:103B100082809387078369BF5C57F59B5CD79C4283
:103B200093F707F8C98F9CC2F1B7411106C69727D2
:103B3000FF1F238607649700FF1FE780C020B24065
:103B40000145410182807971B7E700E026D28443C4
:103B50003707200006D622D44AD04ECE52CC56CAC1
:103B60005AC85EC662C466C26AC0F98C23A0E71850
:103B70000F1000001724FF1F1304845D184415E381
:103B800023A097100545B250225492540259F2498D
:103B9000624AD24A424BB24B224C924C024D456192
:103BA00082801727FF1F0327E76809C723A0971004
:103BB0000945D1BF1C20328BB68A858BADC317292E
:103BC000FF1F1309E95A832749002A8AAE8999EB16
:103BD000483C93059004090597F0FE1FE780408755
:103BE0002322A9008327490099E7B7E700E023A033
:103BF00097100D4549BF0347290098A38327490023
:103C0000630D0A04638B0904A3803701032549006F
:103C10004E86D285090597D0FE1FE78020E09729C0
:103C2000FF1F9389297A03A7C9019547630AF70003
:103C300083C7090219476385E7000D476392E702CE
:103C400083C7190289E7930780102390F902B7E729
:103C500000E023A0971001453DB7A3800700C1B73E
:103C6000138A81A783270A0098430D8B1DC3238ED7
:103C70000194B84B1377F78FB8CB9843136787003D
:103C800098C39C4393D7374889C7010001000100BE
:103C90000100832C0A00B7070200834B040023A213
:103CA0000C0623A4FC009727FF1F23A50772972764
:103CB000FF1F83C7A74C918B1729FF1F1309494B7F
:103CC00089E793F70B04639A071008308145EFF0FA
:103CD0007FDA138D81A603270D00138C81A8B70608
:103CE00033001C4313D54B40014693F7F7CF1CC359
:103CF0001C430D8993F7F7CF93E707201CC30327D5
:103D00000C001C47D58F1CC74C2CB70703009387AA
:103D1000871523A8FC0497E0FE1FE780C066832771
:103D20000D001844142098C75844858AD8C3032727
:103D30000A005C43F99BD58F5CC3832749003CDFB5
:103D400003270C005C4393F7F7EF5CC3010001000D
:103D500003270C005C4393E707105CC38347E9002B
:103D6000A30169012301590193E747002307F900E3
:103D70009307000423A0F9009727FF1F23AC0764D3
:103D8000A14723AEF9009727FF1F83A7A70C81CB7C
:103D90000345090113060064C145EF10FFC38327E3
:103DA0000A001705000013058529DC43858B89E788
:103DB000170500001305650397D0FE1FE780200E4E
:103DC0009727FF1F23AA07609727FF1F23AE075ED1
:103DD00083270A00054798C39DBD93F50B03484010
:103DE00093E51500EDB5797122D41724FF1F130454
:103DF000645D5C4006D626D24AD04ECE858B638762
:103E0000071E9727FF1F23A1075C8329C403A3076D
:103E10000100EFF09FD19727FF1F83C72736918BB3
:103E20009724FF1F9384C4341729FF1F13094932B5
:103E30006384071683C71900CE9798239307000859
:103E40006318F7008347090093E787002300F90010
:103E50005C580D476377F70EF1175CD85C589844AF
:103E600063E7E70E3387E74083C71900D424CE9772
:103E70009C33939646608E0763DA060E63FFE70C69
:103E80001D8F9306000263E8E6005858636AF70C3A
:103E9000B307F7409CC48828894597F0FE1FE78048
:103EA000C0CA8345090093F78500F5C383A681A79F
:103EB0009307800CFCD21C5C1307F00F370633000D
:103EC00098C39727FF1F23A307509727FF1F23A1FE
:103ED00007509727FF1F23AF074E9727FF1F23ADDC
:103EE000074E03A781A61C4391858D8993F7F7CFD1
:103EF0001CC31C43014593F7F7CF93E707201CC36E
:103F000003A781A81C47D18F1CC7B707030093875D
:103F10008725BCCA054697E0FE1FE780602D8347D2
:103F20000900B420B030DD9B814501452300F90034
:103F3000EFF07FC1B250225492540259F2494561C8
:103F400082801727FF1F0327E7F3BA9731B7972619
:103F5000FF1F83A626F3B69731B73387E74015B71F
:103F60009726FF1F83A606F236971DB75858636A37
:103F7000F700B307F7409CC4DC2493E70708DCA4F0
:103F800019BF9726FF1F83A6E6EF3697DDB783C7D5
:103F90001900F917A380F900485C01469305F10068
:103FA00097E0FE1FE78040105C5C9306F00F9823BB
:103FB0006303D702BC306380D702630EF7009365BA
:103FC00025009395456083270901505C93F5F50F13
:103FD0000D45829785B78307090093154560E3C4B3
:103FE00007FEF5F19C872380F900F1BF83A781A725
:103FF000FC5385EFEFF07FB39727FF1F83A707E6FA
:1040000089C7854513051008829722549727FF1FFB
:1040100093870716B25092540259F249B423B03331
:104020008145014545616FF01FB2584CA147E3132C
:10403000F7F08547238EF194F5BD797126D2972448
:10404000FF1F938424389C4006D622D44AD04ECEFB
:1040500052CC858B6383072083A9C4030146930553
:10406000F1004E85A30701009727FF1F23AC0734FB
:1040700097E0FE1FE78040031724FF1F1304440F3F
:104080001729FF1F1309C90C131A4560631F0A1271
:104090003C309306F00F6389D700D85C1823630582
:1040A000D700094A6313F7128307090063C50700A5
:1040B0009C872380F9005C24918BADCFDC580D47A1
:1040C0006373F714F117DCD8DC58184463E3E71482
:1040D0003387E74083C719005424CE979C339396C7
:1040E00046608E0763D6061463FBE7121D8F9306A6
:1040F000000263E8E600D8586366F712B307F7409A
:104100001CC40828894597F0FE1FE78000A483C7D8
:1041100019003387F900142313070008639BE61284
:104120009C5C1307F00F98C38347090093E787004F
:104130002300F90003A781A85C5793D71748A1C3B0
:1041400083274900C165938505A033D6B702744320
:10415000370510FE7D15E98EB3F7B7027D8A52064A
:10416000D18E74C39306A00F3706FCFFAA07B3D7FE
:10417000D7027443F18EBA07B983D58F7CC35C40F4
:10418000034509008C3311850D8997E0FE1FE780F8
:1041900080FB170500001305251297D0FE1FE7804E
:1041A00000D083A781A698431317772998C3D857BF
:1041B000719BD8D783470900A18B9DEB8327090109
:1041C000D05C81450D45829725A09700FF1FE780B1
:1041D00080B7D05C832709010D459375FA0F82974C
:1041E00048403420303009CD0C310905EFF0BF953F
:1041F000B250225492540259F249624A4561828077
:1042000081450145E5B71727FF1F0327A7C7BA97C1
:1042100055BD9726FF1F83A6E6C6B69755BD3387C3
:10422000E740F1B59726FF1F83A6C6C53697F9B5B7
:10423000D858636AF700B307F7401CC45C2493E7BF
:1042400007085CA47DBD9726FF1F83A6A6C33697EB
:10425000DDB7F917A380F900F1BD83A781A7FC534F
:10426000B1E3EFF09F8C9727FF1F83A727BF89C774
:1042700089451305100882979727FF1F938747EFFB
:10428000C843B033B42301CD0C3109052254B250D8
:1042900092540259F249624A45616FF0DF8A8145C2
:1042A0000145EDB7D84CA147E314F7F48547238EB9
:1042B000F1943DBF41119727FF1F83A7E71006C662
:1042C00022C4858B95C79727FF1F23AF070E17249E
:1042D000FF1F1304E4E7EFF05F851C20A18B8DEF37
:1042E0001C480146814511452244B2404101828764
:1042F00083A781A7FC53B9E79727FF1F23AC070CBF
:104300001724FF1F1304C4E41C20A18B91E71C4851
:10431000014681455145C9BF9727FF1F938747E550
:10432000C843B033B42301CD0C310905EFF0BF8190
:104330001C20DD9B1CA0B2402244410182808145AB
:104340000145EDB78547238EF194F5B78147176690
:1043500001001306E6789306F00F3307F6001823E2
:104360006364E5006313D700828003D805006364AB
:1043700007019AA18280850793F7F70FF9BF4111D2
:1043800022C406C626C22E849397556063DA0702BC
:1043900097C0FE1FE780805FAA8401CD1C210547DE
:1043A00093C707086364F700EF7030002685EF10AD
:1043B000CFBB1315F468B24022449244410182807D
:1043C00093F7850099CB9727FF1F83A727E4BC5B52
:1043D00091C3829713458400F9BF93F7450099CBA9
:1043E0009727FF1F83A787E2FC5791C38297134546
:1043F0004400D1B793F7050281CF9727FF1F83A70A
:1044000027E283A7070991C382971345040265B782
:1044100093F7050181CF9727FF1F83A767E083A745
:10442000C70891C382971345040171B709656D8D63
:1044300059D19727FF1F9387E7D5F433F023CC3367
:10444000C823EFC0B0271315D468B5B7411122C4F3
:104450008145130600122A841725FF1F130585D3F3
:1044600006C626C223A801A497C0FE1FE78080616C
:104470000145EF10D00F0145EF1010179727FF1FD0
:10448000A3838798B707D7071724FF1F130484D087
:10449000B5075CC8B7C70D0D938707141CCCB7C709
:1044A000D707938707145CCCF177938707141EB066
:1044B0008147232EF40C9727FF1F9387A7D5B44776
:1044C0007D47232CE40C37772D071307F71FD98E70
:1044D000F84709661306E6B9518F9724FF1F9384A6
:1044E000E494B4C7F8C7B4CBF8CBFC24A30C040203
:1044F000A30CF40AA300F40CF977FD17231FF40EA4
:104500002310F410FD472301F410930730303EBC14
:104510005EBCEF101FBE9307C01C231BF406DE20F9
:104520006D461307B00FA983A300F4089E2828B096
:1045300023220404B3D7E70A3EB47EB49386E7008F
:10454000B3F7C70AB3C606083EB08E0693078014B9
:1045500033C706085AB41AB83377F70A8547A30F4A
:10456000F402B70703009387C71C3CC0B7170706C0
:10457000938707443CC4B7071600938707905AB047
:1045800076B01AB45CD8EFB0701BEF306053EFA078
:10459000B07E2244B240924441016F70B02D41116F
:1045A00026C206C622C44AC09724FF1F938484BE35
:1045B00003C7E40383C7F403636AF7000144B2400E
:1045C0002285224492440249410182802A8993052E
:1045D00010241305000C97E0FE1FE78060E72A8493
:1045E00071DD1306000C814597C0FE1FE7808049EE
:1045F00063140900C1571CA4FC4CA1EBA0CCE0CC77
:10460000A0D0232004008547238FF40285471CB4E3
:10461000930700F93CB49727FF1F9387A7DA985FA9
:10462000DC5F1725FF1F0345A58178C43CC8FD57F3
:104630007CA8A30EF40683C7A4042304A406230ABB
:10464000F40AEFB0002848B89DBFBC5080C3A0D08A
:104650002320040083C7E403850793F7F70F6DB7A2
:10466000011122CC06CE9727FF1F83C7B7B22A8439
:1046700085EB18288547631BF70C8347D403034752
:104680005404858B6312F70C1946930564041305D3
:10469000E40397C0FE1FE780004A3335A00099A8C5
:1046A00083475504D9CB8347B5041307000493F718
:1046B000070C6394E708085931C193056404130596
:1046C000A5022EC697D0FE1FE780C0548547B2458D
:1046D0006316F502085889472302F4043C31194651
:1046E00093E72700A302F404510597C0FE1FE7805B
:1046F000E0320545F2406244056182801428054796
:104700008347C403638BE60203470406118BD98FEA
:104710008DE71305440497D0FE1FE780205C08D87E
:1047200009CD89472302F4043C31194693056404FA
:1047300093E72700A302F40445BF8347C403898B92
:104740008DDB1C589C3395F701456DB783470406F4
:10475000918B85F75C3413F7170011CF34380D4770
:10476000639BE60068402C446244F240056117D325
:10477000FE1F67004367898BADDF38389547E31A22
:10478000F7F6CDB701119727FF1F83A727C422CCC7
:1047900006CE26CA858B1724FF1F0324E4A5BDC7B8
:1047A0009727FF1F23A407C2938401A99C409DC79C
:1047B000DC438DC789475C8283475404130561003D
:1047C0001946DC825C28930564045C8697C0FE1F52
:1047D000E780C0249C404800DC43829783477406EE
:1047E000858B81CB83455404082413066404EFE0D1
:1047F000806083477406898B91CB22856244F240A6
:10480000D244056117E3FE1F67008350228562448E
:10481000F240D244056117E3FE1F6700634B41116C
:104820004AC01729FF1F1309E9968327090B06C6FB
:1048300022C426C281EB0545B2402244924402497B
:1048400041018280AA8497F0FE1FE780C04F832732
:10485000090B8297EF3020002A8471DDDC50AC48D0
:104860002324F508B8349307A009631BF70E854786
:104870002300F51483C734062303F514A303F514AA
:10488000FC35F8250148A207D98F98291546F90566
:1048900042075D8F83C735FF13058413E207D98F65
:1048A000232CF40883C755FF03C765FFA2074207FF
:1048B000BA9703C745FFBA97232EF40883C775FF3D
:1048C000A30BF40283C795FF03C785FFA207D98F07
:1048D0001EBC83C7B5FF03C7A5FFA207D98F3EBC87
:1048E00083C7D5FF03C7C5FFA207D98F5EBC83C7A7
:1048F000F5FF03C7E5FF232E0413A207D98F7EBC63
:104900008147232CF41297C0FE1FE7802011B8487E
:1049100083473702FD8BA30AF40203473702ED17E2
:1049200093F7F70F15832308E4022D476365F70219
:104930003E3C05679306A7C7E917B3C7070863ECB2
:10494000F600563C9307301F63E7D7007E3C130701
:1049500007C86375F7020A24EF30E00E0145E9BD90
:104960008327090D1167F98F81DFFC4498239C216F
:10497000F98F93D757482300F51419B78327490BAC
:10498000228582978327890D0A24294693F70720D9
:1049900091E3054693050008EF7000388327090D61
:1049A0001167F98F99C70A24514693050008EF70E3
:1049B000A03683278905F84BB7070008F98FE38CE9
:1049C00007E68824238C0400494693050008EF700D
:1049D000A03495B5011122CC930545012A842849BC
:1049E00001464EC606CE26CA4AC897D0FE1FE780AB
:1049F000A06B89496318052083044401AA89130523
:104A00000004EF205FB71315456063CFA4202C4846
:104A100031479C3193F7F7033CA86399E7209C2129
:104A20000D47BD8B3CB86395E72013096403194615
:104A3000A1054A8597C0FE1FE780E00F630C051EA5
:104A40002C481305640419469C21890593D76748AF
:104A5000A302F40497C0FE1FE78040FC2285EFF01C
:104A60003FC0630B051C64449D471CA89CA0854760
:104A7000BCA0BCB0CA8519461385440097C0FE1F70
:104A8000E780C0F9BC20B8300149990793F7F70FC8
:104A900013678700BCA0B8B07844BA970357C40620
:104AA000B8B3BC207844834614063E978357C406A7
:104AB0009206A183BD8BD58F5CA3B820090713771D
:104AC000F70FB8A0762CD1CE83470406795993F717
:104AD000070491C375593309E9401379F90F6372DB
:104AE000D90883463406751985471379F90F6393FE
:104AF000F61293078042F9469387371AB3C7D70255
:104B00001716FF1F03464670136606019715FF1F11
:104B1000238CC56EC16503A681A70CC6B386D702D8
:104B2000860634D2B43093E60601B4B0744403462A
:104B30002406369730B3B420784436975CA3B82067
:104B40007C44BA97034734061607D8B3BC208D07B8
:104B5000BCA05C54CA973CDC7E2CB3872741231948
:104B6000F4068347040693F7070489CFB8307C44E2
:104B7000B42013670704B8B05838B697B8B3BC2050
:104B80008507BCA0BC206844722C8D074C543E9510
:104B900051C66365C90897C0FE1FE78020E8034936
:104BA000E401B8209377F70385073E99A308240111
:104BB000B8A083475403858B91E703474403894793
:104BC0006317F70078441C2393E707041CA37C4475
:104BD00018388145170500001305E53A98B397C0CA
:104BE000FE1FE780A02C8347B406834534061038A7
:104BF0000D45DD8D97D0FE1FE780805F97F0FE1F8B
:104C0000E7806014F2406244D24442494E85B24982
:104C100005618280856793878784F1BD4A8697C046
:104C2000FE1FE780A0DFB5BFAD49E9BF9149D9BFFD
:104C30008D49C9BF9549F9B7A549E9B7011122CCFA
:104C4000930545012A842849014626CA06CE4AC84A
:104C50004EC652C497D0FE1FE780004589446316B4
:104C600005142C481307200291449C3193F7F70355
:104C70003CA8639CE71284219547BD8824B8639FB4
:104C8000F412130A64031946A105528597C0FE1F4A
:104C9000E78060EA630B05102C4813096404194689
:104CA0009C214A85890593D76748A302F40497C0DD
:104CB000FE1FE780A0D62285EFF09F9AA54475C518
:104CC0009719FF1F9389891B83D7C90013070032E7
:104CD00093870719B3D4E70283A70900829783A6B5
:104CE0008900B30795003E8763E4A70063E4D7001B
:104CF0003387D7406444A1471CA858D09CA085475F
:104D0000BCA0BCB01946D2851385440097C0FE1FD5
:104D1000E780C0D0BC209907BCA0BC3093E7270037
:104D2000BCB08347540491C778441C2393E707F829
:104D30001CA31946CA851385A40097C0FE1FE780EF
:104D4000E0CDBC20990713F7F703050718B8BCA0FE
:104D500083475403858B91E70347440389476317CF
:104D6000F70078441C2393E707041CA318387C44FD
:104D70008145171500001305A5E098B39307A0F926
:104D80003CB497C0FE1FE78060128347B40683459A
:104D9000340610380D45DD8D97D0FE1FE780404565
:104DA000814497F0FE1FE78000FAF24062444249D6
:104DB000B249224A2685D244056182808D44F5B7E6
:104DC00041114AC0138981A78327090022C4130710
:104DD000800706C626C2F8D32A840945238E01948B
:104DE00097F0FE1FE780C0FD83A781A6D85737053F
:104DF00000827D15719B13671700D8D783250900A2
:104E0000D84113671700D8C183068406D85713F614
:104E1000F603698F6606518FD8D71307A003138551
:104E200081A86351D712144137060007F84E518FFD
:104E3000F8CE9843370633001377F7CF98C39843DB
:104E40001377F7CF1367072098C318411447D18E03
:104E500014C7B706030093868625B4C95457F59A3C
:104E600054D7984383462406137707F893F6F6073A
:104E7000558F98C337C7898E130767ED98C7375783
:104E80005500644413075755D8C39D471CA89CA0E0
:104E90008547BCA0A147BCB07C440357C406D8A337
:104EA000BC207844834614063E978357C406920676
:104EB000A183BD8BD58F5CA3A8209307E00F0905C4
:104EC0001375F50FA8A003562407898F63C4C70480
:104ED0007C442C5C0D053E9597C0FE1FE78000B416
:104EE000B820835724079376F7038507B6971CB835
:104EF000B8A083475403858B91E703474403894750
:104F00006317F70078441C2393E707041CA37C4431
:104F1000183898B3832709007844B2409244B8DF28
:104F20009717FF1F23A6074A834534068347B40615
:104F3000103822440249DD8D0145410117D3FE1F7F
:104F40006700032B130620021841635CD600744FE0
:104F5000370600F97D16F18E37060005D18E74CF25
:104F6000C9BD370600F969487D166357D800744FEC
:104F7000F18E37060003DDB7744FF18E93968629C4
:104F8000F9BF01119717FF1F83A7474422CC26CAF8
:104F900006CE9714FF1F9384E41F858BE050C9C78A
:104FA0009717FF1F23A4074283C74407C18B9DC3E4
:104FB00083C7440793F70702E5DF2285EFF05FE040
:104FC00083C7440793F7F70C238AF40697F0FE1F74
:104FD000E78060D7228597E0FE1FE78060CF93844B
:104FE00001A99C409DC7DC438DC789475C828347EC
:104FF0005404130561001946DC825C28930564049F
:105000005C8697C0FE1FE78060A19C404800DC439F
:10501000829783477406858B81CB8345540408248B
:1050200013066404EFD0305D97F0FE1FE780A0D137
:1050300022856244F240D244056117E3FE1F6700F7
:1050400023C939714ED6938981A783A6090022DC32
:1050500026DA06DE4AD852D456D25AD093078007B1
:10506000FCD2238E019483A781A6D857B7053300BD
:105070002A84719B13671700D8D798431377F7CF0B
:1050800098C398431377F7CF1367072098C303A7F4
:1050900081A810474D8E10C73706030013068625DA
:1050A000B0CA5057759A50D79843034625061377D0
:1050B00007F81376F607518F98C3DC420D4793E744
:1050C0001700DCC264459D471CA99CA08547A381AD
:1050D0000400BCA08347F5056384E70AFD1793F736
:1050E000F70F1547636BF700176701001307C7A099
:1050F000B3C7E7209C43BA9782870149BC2013F7C6
:10510000F70305073A990347E405A30824011A07A2
:10511000D98FBCA083475403858B91E70347440391
:1051200089476317F70078441C2393E707041CA3FF
:105130007C441838814517E5FE1F1305C5C298B396
:1051400083A709007844B8DF9717FF1F23A2072819
:1051500097C0FE1FE78080D5834534068347B40699
:1051600010386254F250D2544259B259225A925ACB
:10517000025BDD8D0145216117D3FE1F67004307E8
:105180008547BCB01946930564031385440097C056
:10519000FE1FE780A088BC209907BCA00347F40548
:1051A0009947631FF702BC301385A40093E72700DB
:1051B000BCB083475403898B6387072A0C58BC29EA
:1051C0006383072A1946D10597C0FE1FE780008533
:1051D00078441C2393E707F81CA3BC209907BCA0C4
:1051E000BC30B82093E78700BCB07C44BA97035723
:1051F000C406B8B3BC207844834614063E97835750
:10520000C4069206A183BD8BD58F5CA3B820090785
:105210001377F70FB8A0562C638B06268347040636
:10522000795993F7070491C375597C483309E940CC
:105230001379F90F918B81C739191379F90F8147C8
:105240006372D90883463406751985471379F90FB7
:10525000639BF62293078042F9469387371AB3C7B8
:10526000D7021716FF1F034626FA13660601971585
:10527000FF1F238BC5F803A60900C1650CC6B386C2
:10528000D702860634D2B43093E60601B4B0744433
:1052900003462406369730B3B420784436975CA38F
:1052A000B4207844369783463406960654B3B82023
:1052B0000D07B8A018544A9738DC5A2C33072741F9
:1052C0002319E406784811469376C700638BC6001D
:1052D00031466396C610034614068346F4076310EE
:1052E000D610218B630B071A032A840983A74196E2
:1052F00082971717FF1F130767B8636DAA18B74780
:105300000F00938707243305AA40B335F5025227CF
:1053100081463305F502EF30B109B7074B0013079B
:1053200045ED9387B7C7AA8A63EBE70A2A8A4946FD
:105330008145680097B0FE1FE780C074B7C70300BF
:10534000938737FC63D55719B7872500138737ED47
:105350006346571FB247938A6A099397D7283EC678
:105360009307C012B3CAFA02CE0A93D73A01324762
:10537000F976CE07758FCD83D98F03576408B3C7ED
:105380000708930604084207D98F3EC69C52D052A4
:10539000D8463EC89717FF1F83C7F7DF9D8B7D8ACE
:1053A000960793158700D18FCD8F3ECA9C4A6183A3
:1053B0004946A2075D8F3ACC8357840868446C0045
:1053C000FC86BC208D073E9597B0FE1FE7800065E8
:1053D000BC3093E70702BCB0BC20C907BCA0834720
:1053E000040693F7070489CFB8307C44B4201367D0
:1053F0000704B8B05838B697B8B3BC208507BCA02E
:10540000BC30684493F707029DCF0327C40A05CF39
:10541000B420254693873600AA9790A3130620034D
:1054200090B31023A906B0A31033B0B33023D0A398
:105430003033D0B35023F0A35033F0B3702390A790
:10544000783398B7B4A0522CE30906CABC200C5498
:105450008D073E95636AC91097B0FE1FE780005C18
:105460000349C40161B98347D40391C778441C231D
:1054700093E707F81CA319469305E40397B0FE1FB2
:10548000E780C05999BB856793878784F1B38147CB
:1054900001490DBD1C473E9A9DB5B8308346340680
:1054A000418B29C379470546B387E7020357240791
:1054B0006397C602130787070587BA97138A472998
:1054C00049468145680097B0FE1FE780A05B9307BF
:1054D000FA007947B3C7E702CE07CD8349BD13076A
:1054E0000707E1BFBC205A2C05463E979307070FDC
:1054F0006396C6001307870F935717401717FF1FB0
:10550000034797D0136717001716FF1FA30EE6CEA9
:1055100003A6090037070800138A875218C6938725
:105520005754794733E7E702998F86077CD683473C
:1055300014062300D408A30FF40659B763C8570113
:10554000B2479397E7283EC6814715B59886B78737
:10555000DAFF938767091377F7F913670706D88689
:10556000D6971307C012BDB74A8697B0FE1FE780D3
:10557000E04A69B68547BCB09305650319461385B3
:10558000440097B0FE1FE7806049BC20B830171A6E
:10559000FF1F130A2AC0990793F7F70F13678700B5
:1055A000BCA0B8B078440149BA970357C406B8B351
:1055B000BC207844834614063E978357C40692065F
:1055C000A183BD8BD58F5CA3B820914709071377C2
:1055D000F70FB8A08346F405639CF60883470406DA
:1055E000795993F7070491C375595E2C3309E94043
:1055F0001379F90F637EF9068346340675198547DA
:105600001379F90F6399F60C93078042F946938753
:10561000371AB3C7D70203464A07C16513660601A6
:10562000230ACA0603A609000CC6B386D70286065B
:1056300034D2B43093E60601B4B074440346240671
:10564000369730B3B420784436975CA3B8207C44B6
:10565000BA97034734061607D8B3BC208D07BCA001
:105660001C54CA973CDC5E2CB38727412319F406EF
:105670008347040693F7070489CFBC30B82093E72B
:105680000704BCB07C44BA975838B8B3BC2085072F
:10569000BCA00347F40591476319F704522C31C6A7
:1056A000BC2068440C548D073E95636AC90297B0CC
:1056B000FE1FE780A0360349C4010347F405914764
:1056C000631FF71E83474A0793F7070F93E75700B7
:1056D000230AFA0625B485679387878405BF4A861F
:1056E00097B0FE1FE7808033C9BF0149F9B78547EE
:1056F000BCB09305650319461385440097B0FE1F9F
:10570000E780C031BC209907BCA0BC3093E72700DC
:10571000BCB08347D40391C778441C2393E707F8B0
:105720001CA3834754031385A400898B638D07143E
:105730000C58BC29638907141946D10597B0FE1F80
:10574000E780C02D78441C2393E707F81CA3BC20F6
:10575000B830171AFF1F130AEAA3990793F7F70F38
:1057600013678700BCA0B8B078440149BA970357C3
:10577000C406B8B3BC207844834614063E978357CA
:10578000C4069206A183BD8BD58F5CA3B820854744
:1057900009071377F70FB8A08346F405639CF60852
:1057A00083470406795993F7070491C375595E2C12
:1057B0003309E9401379F90F637EF906834634060D
:1057C000751985471379F90F639FF60C930780428B
:1057D000F9469387371AB3C7D70203464A07C1650C
:1057E00013660601230ACA0603A609000CC6B3867F
:1057F000D702860634D2B43093E60601B4B07444BE
:1058000003462406369730B3B420784436975CA319
:10581000B8207C44BA97034734061607D8B3BC2097
:105820008D07BCA01C54CA973CDC5E2CB387274173
:105830002319F4068347040693F7070489CFBC3085
:10584000B82093E70704BCB07C44BA975838B8B383
:10585000BC208507BCA00347F4058547631FF704F8
:10586000522C21CEBC2068440C548D073E956360B9
:10587000C90497B0FE1FE780601A0349C4010347BB
:10588000F405854735BD8347D40391C778441C236D
:1058900093E707F81CA319469305E40397B0FE1F8E
:1058A000E780C0176DB585679387878415B74A86EB
:1058B00097B0FE1FE7808016D9B70149C9B7834763
:1058C0004A0793F7070F93E7670019B57E2D41113B
:1058D00022C406C699071CB97C45114718A998A38C
:1058E0007C4518392A8498B383475503858B91E703
:1058F0000347450389476317F70078441C2393E760
:1059000007041CA36844930564031946090597B06E
:10591000FE1FE780A0106844722C4C542244B24011
:105920002105410117B3FE1F6700430FAA87171512
:10593000FF1F0325E58B11E182801825E30EF7FE9A
:105940000841D5BF411106C622C426C24AC0EFF0A5
:10595000FFFD630C0518834755032A849714FF1F26
:105960009384448389EF19469715FF1F938585908B
:105970001305640397B0FE1FE780400A9DA8054702
:10598000639CE700BC2049456382071619469715BA
:10599000FF1F9385858EE9BF1C59B9E78347C5036F
:1059A000230A050291EB034754038547230AF402B7
:1059B0008947E319F7FC45BF1305C50397C0FE1FD0
:1059C000E780002D08D80DC1EF60E0460C58BC25DB
:1059D00081CF8947230AF4021946B10513056403F0
:1059E00097B0FE1FE7808003034744038947E31C09
:1059F000F7FA9C308DCB8347C40395C783473404A3
:105A0000130700041305C40393F7070C6396E70E0E
:105A100097C0FE1FE780802C08D811C53C2981C79C
:105A20008947230EF4025C24E9E31707FF1F2303D1
:105A30000776854778245CA41CB49704FF1F83C4B1
:105A40007440231B94061376F70099460359E40625
:105A500063F9C60A5A2C9306A00F9717FF1F83C736
:105A60008798B367F7203357D7029387970E1705A8
:105A7000FF1F0355654137460F0013060624814674
:105A800091042607BA97B3A5A7023305F502EF30B4
:105A900021122695231BA406231804066307090276
:105AA00068289307F00F6306F500EF00AFA4FD57D9
:105AB0007CA80356E406930664011206A285170526
:105AC00000001305A521EF00EF8583A7419682977B
:105AD0001A302A8693067401A28517E5FE1F130566
:105AE000058797D0FE1FE78040F60145B24022446B
:105AF000924402494101828097C0FE1FE78040190D
:105B000021BF23180406E31D09F8E310F7FC6828F9
:105B10009307F00F6306F500EF00CF9DFD577CA8BB
:105B2000930664011316B02851BF411106C622C462
:105B30002A8497E0FE1FE7800021228523060400C7
:105B4000A3050400A304040097D0FE1FE7804018BB
:105B500068389307F00F6306F500EF00AF99FD5723
:105B60007CB868289307F00F6306F500EF008F9864
:105B7000FD577CA8B2402244410182804111971711
:105B8000FF1F83A7A78422C406C6858B1704FF1FA7
:105B90000324846699CB22859717FF1F23A80782C9
:105BA000EFE0FFC72285EFF05FF822852244B24084
:105BB000410117D3FE1F6700A311411122C417042E
:105BC000FF1F0324A462284801469305440106C62A
:105BD00026C297C0FE1FE780204D75E12C487D4707
:105BE0009C3193F7F7033CA8E91793F7F70F636825
:105BF000F70C9C21BD8B3CB8F51793F7D70FE1E369
:105C00001946A1051305640397B0FE1FE780A0F2B3
:105C10005DC52C488544230294049C21130564042B
:105C2000194693D767488905A302F40497B0FE1F6D
:105C3000E780C0DE2285EFE0BFA251C134381547AE
:105C40001C286394E60263ECF40683A741968297CE
:105C500048D02285EFE0BFBC63139506228522441D
:105C6000B240924441016FF05FEC81C719476398DD
:105C7000E7048304440113050004EF10DF8F1315BC
:105C8000456063CEA4022285EFF05FC4814517F51D
:105C9000FFFF130565AF97B0FE1FE7802021103886
:105CA000834544060D4597C0FE1FE780605422449B
:105CB000B2409244410117E3FE1F6700C30897E01A
:105CC000FE1FE780400822852244B24092444101F1
:105CD00017D3FE1F6700C303011122CCFD5706CE68
:105CE0007CA98357E5062A849DC7834605070C25B2
:105CF0009307C0031CAD01461305C003EFD0600F2E
:105D0000094597E0FE1FE780A00B22856244F24020
:105D100005616FF09FE17C250547BD8B6386E70039
:105D200083470506918BE9DF9707FF1F83A7075479
:105D300093F7072085C302C402C202C0814801480C
:105D4000814701478146054681451305C003EFD0D1
:105D500080027DB702C081480148814701478146E2
:105D6000054681451305C003EFC0907E51BF23A2B5
:105D7000A1A482809707FF1F83C7F70885EF411111
:105D800017E5FFFF1305E55F06C6EF00AF98EFE0EC
:105D9000EFEBB2409707FF1F9387C73F17F7FFFF4F
:105DA00013072780B8D7170700001307E7B9F8D7FC
:105DB000410182809707FF1F9387C73D17E7FFFFC9
:105DC0001307277EB8D7170700001307E7B7F8D7E0
:105DD000828011C98327050A93E707082320F50A63
:105DE000FD572303F502828023A6A1A48280170712
:105DF000FF1F0327673FAA87085719C51A2D630598
:105E0000F70013058505DDBF8280011122CC06CE87
:105E10002A84034565029307F00F2E866309F50077
:105E20002EC6EFF03EED3246FD572303F4028347C2
:105E3000A402035784049306640293E7070623052C
:105E4000F40283570404A285F240BA972313F404A2
:105E5000624417050000130505F805616FF09ECC3C
:105E6000011122CC06CE2A84034575029307F00F58
:105E70002E866309F5002EC6EFF0DEE73246FD57A9
:105E8000A303F40293067402A2856244F24017153C
:105E90000000130505E405616FF0DEC8011122CC96
:105EA00006CE2A84034585029307F00F2E866309E8
:105EB000F5002EC6EFF01EE43246FD572304F4022F
:105EC00093068402A2856244F24017150000130570
:105ED000E5E205616FF01EC59706FF1F9386862BCE
:105EE000F236B7054801ED05BE329A3A232CB51CAF
:105EF000F632232EB51CED452318C51C3356B60AC1
:105F00002310C51E13068014231AF51C2319E51C43
:105F1000B3D7B70A231BD51C3357C70AB3D6C60A53
:105F20002312F51E2313D51E2311E51E2307F504A6
:105F300082808346651405478357651E6390E60299
:105F40009387C7FB1147B3C7E7020357451EB3C783
:105F50000708B357F70A2307F5048280938707FBE6
:105F60002147D5B78357051D0356C51D0357E51DAA
:105F70008356851D3356F60A8357251D8355651DA7
:105F800041113357F70A8357451D1318B02806C629
:105F9000B3D6F60A8357A51DB3D7B70A83250510D4
:105FA000B3F5050181ED8565938585843357B70A7F
:105FB000B3D7B70A33470708B3C707088355051E89
:105FC0001376F60F93F6F60F6396C5028355251EDA
:105FD0006392E5028355451E639ED5008355651E79
:105FE000639AF500230E0506EFF0BFF40945B240B1
:105FF000410182808545230EB5062310C51E23115D
:10600000E51E2312D51E2313F51EEFF09FF2014566
:10601000F9BF0357651D8357A51D411106C6B3D7A8
:10602000E70A0567130787846379F700832605105D
:106030001316B028F18E91E2BA870357651E6307E5
:10604000F7002313F51E8547230EF5060357251D7C
:106050008357E51DB3D7E70A05671307878463797C
:10606000F700832605101316B028F18E91E2BA8747
:106070000357251E6307F7002311F51E8547230EDE
:10608000F506EFF01FEBB240014541018280035756
:10609000A5049547723DB307F702363D93D53740C7
:1060A000635BB600118F0E073347D702B34707086B
:1060B0002314F5048280B3C7D702B3C70708CDBF46
:1060C000832745110D469306F00F98230D8B58B585
:1060D0006313C700B42374B99823418B38A99C3348
:1060E0007CA982805C25CD9B5CA58280832745119D
:1060F00058259C23935637408987B58F858B91C748
:106100001347870058A50145828005458280832773
:10611000451158259C23935627408D87B58F858B35
:1061200091E71347470058A50145828005458280C5
:106130008327450E85072322F50E91E78327850ED9
:1061400085072324F50E8327850E93F7070891C74B
:1061500085472322F50E2324050E8347A50293F7D6
:10616000070491CF8357050403578504BA97231377
:10617000F5048327450A93F7F7BF2322F50A8280A7
:106180008327C50E85072326F50E91E78327050F84
:1061900085072328F50E8327050F93F7070891C776
:1061A00085472326F50E2328050E8347A50213F7FE
:1061B000070409C793E707022305F50282809707C2
:1061C000FF1F83A76706014591E38280B83711E37B
:1061D00005059C43D5BF9707FF1F83A7E70401452B
:1061E000054791E38280B4376393E60005059C433D
:1061F000CDBF411122C491452A84014526C206C65D
:106200009704FF1F938404F9EFF01EF303D7C40A29
:10621000231BA404854763F9E7060357641E8357CD
:10622000241E1705FF1F035525C637460F00BA97D2
:1062300093878757B3A5A702130606248146330523
:10624000F502EF20F116835704040357E405835544
:10625000840503A344091D8F3307B702832704096C
:1062600005469388F5FF130E80023E97637E160164
:106270003308C6039A87FD563A9889C7631BF40012
:106280001C4081EB231BC404B240224492444101D0
:10629000828083AEC7086398BE0083A60709B30651
:1062A000D840B3F6B60263E4A6009C43F9B70906EA
:1062B00075BF411126C29704FF1F9384A4ED03D735
:1062C000C40A06C622C4854763F1E7060357651E64
:1062D0008357251E2A841705FF1F0355E5BABA9771
:1062E00093878757B3A5A70237460F0013060624E6
:1062F00081463305F502EF20B10B0346540583A810
:10630000440985467D161303800263F0C602338775
:10631000660283270409FD553E97C68789C7631B1C
:10632000F4001C4081EB231BD404B240224492446D
:106330004101828003AEC7080328C408631A0E0116
:1063400003A80709B305E84063640701B3050741E3
:1063500063E4A5009C43D9B7850645BF797156CA49
:10636000970AFF1F938A0AE3163D03D6CA0A9707C6
:10637000FF1F9387A7B022D44ECE52CC83D9C7003B
:1063800003AA870006D626D24AD05AC85EC662C47F
:1063900066C28547032785082A84850663F5C710EA
:1063A000B386360393070032014993860619B3D6A4
:1063B000F6023697BA846364D70063644701B30476
:1063C00047418357641E0355241E37460F00232878
:1063D00094083E9513058557B32535031306062407
:1063E0008146130B0032814B3385A902EF20417C9B
:1063F0002A8C83AC4A09814A8146130600645A8577
:10640000DE85EF20E17A3387A400E687FD56A1EB15
:10641000B3855903130600648146B3BA5903138543
:106420000532B335B500D695EF208178AA9433B5FF
:10643000A400A6876314A90063E44401B387444120
:10644000B2502328F408225492540259F249624A65
:10645000D24A424BB24B224C924C456182806394AB
:1064600087009C43D5D783A5C7080326C408639A31
:10647000C50003A60709B306E6406364C700B30678
:10648000C74063E486019C4359B7B3073B0133B768
:1064900067013E8B83477403850ABA9B8607FD1705
:1064A000E3ECFAF4B5B78347750393B7270093C7B6
:1064B0001700B697B38737039306003293870719FF
:1064C000B3D7D7023E97BA866364F7006364470187
:1064D000B3064741B687ADB79707FF1F938787CBB2
:1064E00083D6C70A411126C206C622C40547AA841C
:1064F0006377D70003A44709A28789EB01EC238EB9
:106500000400B2402244924441018280D83F75FB8E
:106510009C43E5B763149400004075D03C34C1E758
:106520000327C40883A7C408630FF706D82C930772
:1065300000086316F7043E3C8A241946239AF406A1
:10654000239BF4065E3C93050008239DF4047E3CE7
:10655000239EF404EF50407C8547DCBCDC2C93F791
:10656000F707DCAC130584062244B240924431465E
:106570009305F00F410117A3FE1F6700A350BE3C17
:106580000A241946231AF406231BF406DE3C93055D
:106590000008231DF404FE3C231EF404EF50C077D2
:1065A00089475CBCC1B7004091BF1707FF1F1307A5
:1065B00067BE8356C70A411126C206C622C4854754
:1065C000AA8463FFD71683278510898B638A0716F1
:1065D00083274709BE85BDE503D6441E01447D5887
:1065E0001306260205862D067D55ADE363000410D3
:1065F0003C343A3CC5E78947231CE404A30AF4046D
:1066000003570406835704042285BA97C1071D8BDC
:10661000998F231FF4045E3C231DF4047E3C231E4B
:10662000F404EFF01FBD8327440A93E717002322E9
:10663000F40A85475CA88D475CBCB2402244924472
:1066400041018280D83D75FB8C4171B763949700FE
:106650009C43C9DF83A6070903A7040963E2E60296
:106660003387E64083A6C40863F4E6003377D70295
:106670006376A7003A856373C700BE859C43B5B7B0
:10668000158F83A6C70863F4E6003377D702E37754
:1066900007FF3A88E374C7FE3E84CDB7BE3CB3F72C
:1066A000E702C1FF9D46994763F5E600058393071E
:1066B00037000567231AF406130707C88A07B3C70C
:1066C000E70A231BF4065E3C0A241306C002231DBE
:1066D000F4047E3C93050008231EF404C9475CBC07
:1066E0002244B240924441016F500063B1C9BA3CA8
:1066F000BE3DB3F7E702A9E78387C40163D207046D
:106700009D46994763F5E6000583930737000567C3
:10671000239AF406130707C88A07B3C7E70A239B1F
:10672000F406DE3C8A241306C002239DF404FE3CDA
:1067300093050008239EF404CD47DCBCEF50C05DF8
:10674000238E0400DDBD411122C406C617F4FE1FCE
:106750001304C4721C288DCF938781A4984319EB2E
:1067600018449706FF1F23ABE6AC17B7FE1F1307AD
:1067700047E598C388431707FF1F232B07AA97B045
:10678000FE1FE78080925C402244B2404101828734
:106790005A240356650823A401A49707FF1F23A9C1
:1067A00007A83306E60237470F009306F7231307BF
:1067B000072483270509AA8536963356E60217F77C
:1067C000FE1F034737683A9663E3C7022244B2408C
:1067D00003A7C5083386C7409386950217B5FE1FE9
:1067E0001305A5D8410117C3FE1F670003261844EF
:1067F000BA97E9BF01114EC69389C1A483A70900C6
:1068000026CA4AC806CE22CCAA8417F9FE1F13094D
:10681000E966B5CF1707FF1F035787A2854763189F
:10682000F7060357C9000354650883270509330495
:10683000E40237470F009306F72313070724369423
:106840003354E40263E487083384874083A7419686
:1068500082976361A408B307A44003A4090063CF2F
:10686000070617F7FE1F0347F75D05836378F706F2
:1068700037450F00998F13050524B3B5A7020356BA
:10688000C90081463385A702EF2081320294930725
:1068900000FBFCA48145014597A0FE1FE780006135
:1068A0008347090195CF03A581A49707FF1F23A163
:1068B000079897A0FE1FE780407F62448327490026
:1068C000F240D2444249B2490561828703278900D8
:1068D000BA979DBF832789003E94B5BF01457DB718
:1068E000624483C59402F240D2444249B249014510
:1068F0000561B315B028B3C5050817C3FE1F6700AF
:10690000C324411106C6EF00107519C983278511EC
:10691000014581E7B240410182809C430505D5BF16
:106920007D55CDBF411122C426C206C69707FF1F61
:1069300083A747902A84AE846396A7009707FF1F1A
:1069400023AA078E8327041299C70A2401469305B8
:106950000008EF50603C8357440499C70A244D4611
:1069600093051008EF50403B0A2415469305100884
:10697000EF50803A2305040023080400230A9404FE
:106980001707FF1F0327C7A595476316F70097074B
:10699000FF1F23A707A4B2402244924401454101AE
:1069A00082803C256383073283570508011122CC7E
:1069B00006CE26CA85072310F5087C35230C050072
:1069C0002A8413F7270015E303570504954763FD51
:1069D000E7269305E003EFF0FFF4A305A4020945C1
:1069E000F2406244D2440561828013F7070221CF4E
:1069F00093F7F7FD7CB58327050A3835A305050213
:106A000093E747002320F50A8547631EF7023E3DC2
:106A10009306204E03274509B387D702B3D7E70271
:106A200017F7FE1F034707421307C703BA97034729
:106A30007503B3C707082312F5083307D702B3A7B6
:106A4000E7202311F5081C38858BE9C78357E40537
:106A5000035704046396E7245E3C8355C40503454D
:106A600084022310F406834754056EBC9205A30BE1
:106A7000F40283576405F91597F4FE1F93840440CC
:106A80001EBC8357A4055EBCEFE0BEE7383423107C
:106A900004081E3C03568405631A071ADA248C4442
:106AA000B387E7021307003293870719B3D7E702CA
:106AB00003270409D1073E97BA866364F70063642D
:106AC000B700B306B7405C3C2328D40832BC81C76A
:106AD0002285EFF00FFEDA243E3C930600322311AC
:106AE0000402B387E70233D6D702B3F7D70293067F
:106AF000204E2326C408B387D702B3C7E7021EB0CF
:106B0000835704045EB07C3493E707027CB41C38DE
:106B1000F99B1CB81C38898BA9C78356E41203570C
:106B20000404B387E6409397576063C00718639ADD
:106B3000E60281470148232CF41213058413232E07
:106B400004131546930584122AC697A0FE1FE780FA
:106B5000E0EC3245EF0010781C38A306A412F59B38
:106B60001CB81C3813F707012DC70356C4148356ED
:106B700004043307D6401317576063480712631A9B
:106B8000D604BD9B1CB88347A41499C7898B63881E
:106B9000071285472303F4148347B41499C7898BDC
:106BA000638207128547A303F4142285EFF06FC6B2
:106BB0008347C40799C78327040A93E70710232054
:106BC000F40A8327040AA305040293E7072023207D
:106BD000F40A18389377070285CF97F7FE1F83A72B
:106BE000A760D423130680059C57B386C602B697C8
:106BF000D62F83570404B387F6409397576063C931
:106C000007008357C4146395D7001377F7FD18B8AE
:106C10008347A40293F7070485CB03576404835783
:106C200004046313F70218289307A0046314F70001
:106C300085471CA883278410C18B99C78327440AE2
:106C400093E707402322F40A014559BB0347E418A0
:106C5000218B11CF83560404035704192E3C158F42
:106C60003307B7023347C702BA962318D4189DC713
:106C7000DA248C44B307F70213070032938707190D
:106C8000B3D7E702032704093E97BA866364F70087
:106C90006364B700B306B7402328D40832BC25BDCF
:106CA000998F93975760E3D707E693058002228573
:106CB000EFF05FC7A305A4021305800215B32303F9
:106CC0000414D9BDA3030414CDB50545828005C5C0
:106CD00041119305200222C406C62A84EFF09FC406
:106CE000FD57A305A40223080400A303F402B24045
:106CF000224441018280828005C9411122C406C616
:106D00007C352A849305E003898B91C3A145EFF07C
:106D10007FC1FD57A305A402230804002304F40245
:106D2000B24022444101828082808327050A797122
:106D300022D406D626D24AD04ECE52CC56CA2A8467
:106D40006380074213F7270011CBF59B2320F50A38
:106D50000A25194693050008EF40107C8327040A92
:106D600013F7470051CF8344A402ED9B2320F40A7C
:106D700093F7040491CF83278410C18B99C783278D
:106D8000440A93E707402322F40A2285EFF02FB04C
:106D900038348547502883562406631AF7743E3CDE
:106DA0001307204EB387E70203274409B3D7E7024E
:106DB00017F7FE1F034707091307C703BA970347CF
:106DC000B402B3C707082312F40886072311F40896
:106DD0009307000419E3930700085CAC09E693E409
:106DE00014002305940299E60A240D469305000831
:106DF000EF40907223110406230A0400A30E04003E
:106E00008327040A13F7870005C30A24DD9B232088
:106E1000F40A154693050008EF4010708347A4025A
:106E200093E747002305F4028327040A13F70701B9
:106E300031C7BD9B2320F40A8347D4040A2421468A
:106E400089C7A30604041306000393051008EF4046
:106E5000B06C8347C40489CF83278410C18B89CB4E
:106E60008355A40422859205B3C50508EFE0FFF918
:106E70008347A40293E717002305F4028327040A3B
:106E800013F7070405CB0347F40493F7F7FB23201C
:106E9000F40AA14763FAE7003C3499E78327440AE0
:106EA00093E707012322F40A0A24314693051008C8
:106EB000EF4090668327040A13F7070205CF93F784
:106EC000F7FD2320F40A3434832784100327C410E9
:106ED00093F70702638E0662638807680A241146E7
:106EE00093050008EF4050638347A40293E717001F
:106EF0002305F4028327040A13F707101DC30A248D
:106F000093F7F7EF2320F40A230E04061D4693059A
:106F10000008EF4070608347A40293E71700230541
:106F2000F4028327040A13F7070801CF0A2493F712
:106F3000F7F72320F40A1306700593051008EF40B5
:106F4000B05D8327040A13F7072029C393F7F7DFFF
:106F50002320F40A83476414230F0400A2970385B7
:106F60000718A301A414EF80301C2301A414228568
:106F7000EFE03FFC0A24314693050008EF40D0596A
:106F80008347A40293E717002305F4028327040A2A
:106F900011677D8F630907129397E74897F9FE1FE2
:106FA00083A9C9262320F40A638A0952835744150A
:106FB0001167139637017D8F4D82630C075A1307B3
:106FC000C0123306E6029397576063D50700B78770
:106FD00025003E96035804048355841517FAFE1FB6
:106FE000130ACAE9832704098326C408832A8A006E
:106FF0000355440801496314B85863E0D758B38473
:10700000D7408357CA00329537460F00B335F50293
:107010008146130606243305F502EF107139B306D5
:10702000950033B5A6002E95B6846314A90063E4D9
:107030005601B3845641938A419683A70A008297EA
:1070400063E3A45A3385A44017F9FE1F130909DE30
:10705000834799018607637EF55803A7C90D8356B8
:10706000CA00835764152183334707083307D702C3
:1070700093060032850703268A00B3C70708130763
:1070800007193357D702B3069700B68463EEE65C60
:1070900063FCC65C2394F90823A0990A0347E4140F
:1070A000854683C729086311D76493E727002381A6
:1070B000F9084E85EF80A0200A241306600293058C
:1070C0000008EF4070458327040A09677D8F09C7D0
:1070D0009397D7482320F40A0327040AA167F98F5E
:1070E000B9C78345040317F5FE1F0345D50AEFE032
:1070F0005EFC3E3C1307204E232AA408B387E70218
:1071000033D5A70297F7FE1F83C7C7D39387C7035B
:107110003E958347A4022312A40893E71700230592
:10712000F4028327040A9397F7482320F40A83275D
:10713000040A858B91CF8347A402834544052285A9
:1071400093E717002305F402EFF0CFFDA305A40297
:107150008327040A63D607009397F7492320F40A8C
:107160008307B4179DC30307440399463306F740CA
:1071700063D6C6588327440A939747292322F40AE3
:10718000ED57A30FF416A30DE4168347441813F725
:10719000270049CF830644030307C41763DBE600D7
:1071A0000327440A131747292322E40A1147A30F90
:1071B000E4160307D417635BD7000327440A1317A9
:1071C00047292322E40A7157A30FE4160307A417E3
:1071D0001306F007630CC7020346741803458418AE
:1071E000158F13174760B306A6406354D75293F622
:1071F00007016390065293F7F7F893E7070123021C
:10720000F4188357A41885072316F4188357C41855
:1072100091CFFD17B3C707082316F41881EB0A2492
:107220001306000293050008EF40102F3C249DCF69
:107230008327041281CF3C2C91EB0A24014693054D
:107240000008EF40702D19E185473CAC835744049A
:1072500091CF8347140399EB0A244D4693051008F8
:10726000EF40902B01E58547A308F4028347E4181B
:1072700013F7070179C38324440ABD9B2307F4183D
:107280008988C5EC1828D5476309F70A1C38898B0B
:10729000CDE7814901498D4A130A50029397446012
:1072A0008987A29783C7771913F7340006073397A6
:1072B000EA00F98F630BF700268605458145EF103C
:1072C000D10CB3E9A9003369B9008504E39844FD02
:1072D000032784138327C413280033773701B3F7B8
:1072E00027013EC63AC4EF00E07E8347541363EEA5
:1072F000A700034544037D57854759152C003AC420
:107300003EC613154560EF80007503278413A2471E
:107310006317F7000327C413B2476300F70215464B
:107320002C00130584129790FE1FE780206F83279F
:10733000440A93E727002322F40A8346E418A5476A
:1073400013F796006314F7040357040483570419D2
:10735000636EF702B307F7409397576063C807025D
:107360008347F4181306000A0507B387C702323CA7
:10737000DD9A2307D418B3C7C702BA972318F418A5
:107380008327440A939777292322F40A8347A40288
:10739000E9C7918B89CF1028C165938505A0228507
:1073A000EFE01FAC8347A402ED9B2305F402834763
:1073B000A402858B8DC3034574029307F00F630706
:1073C000F500EFE03E93FD57A303F4028347A402C8
:1073D000F99B2305F4028347A402898B89CF6E3C75
:1073E000034584029205F915EFE0AED18347A4026C
:1073F000F59B2305F4028347A402A18B99CF6E3C31
:107400000D4622859205F915B3C50508EFE05FA585
:107410008347A402DD9B2305F4028347A40213F7EC
:10742000070101CF0345640293F7F7F82305F4023F
:10743000EFE05E8CFD572303F4028347A40213F7A9
:10744000070201CF8355A4040345640293F7F7FDB7
:107450002305F4029205EFE0CECA582C9307F003FF
:1074600063F9E7003834854722856314F72EEFF07F
:10747000CF9383570404BDC313074006B3F7E70255
:10748000B1EF83A701A5898BB1C397F4FE1F938445
:10749000E499985805CF17F9FE1F1309A9CF835710
:1074A0000901835529012545C207DD8D02979C58A6
:1074B0008355E900294582979C58831524032D455F
:1074C00082979C58830544033145829797F7FE1FA6
:1074D000239907CC97F7FE1F23A607CCB25022545E
:1074E00092540259F249624AD24A45618280930716
:1074F00000045CAC09E693E4140023059402E39DC8
:10750000068E0A240D4693050008EF40F000EDB00A
:107510001377070819C70327440A1317672923227B
:10752000E40AB9C38357241D0357241E6313F702CB
:107530008357641D0357641EE302F79A13078014F0
:10754000E37EF7988327440A9397B7282322F40A07
:1075500071B213078014E37DF7FC8327440A9397E5
:10756000B7282322F40AE9B78327440A9397B74838
:10757000F1BFF9473306F602B1BCD69749B41307F9
:10758000180063F605050D8F3307D70263EFE70296
:10759000B384E7408357CA00329537460F00B335AE
:1075A000F5021306062481463305F502EF1041600B
:1075B000B307950033B5A7002E95BE846314A900C8
:1075C000E3EB57A7B3845741BDB4D697D1B7998D94
:1075D000B385D502AE97BE8463E4B700E3EC57FBF6
:1075E000B384574145BF83278A00A6973385A740B8
:1075F000A1BC83A70A0063500508829783479901BD
:1076000003268A0081451397170033A5A720AA8770
:107610006364E5006364C500B307C54063E997048C
:10762000858F03A7C90D0355CA00835664152183AE
:10763000334707083307A70213050032130707195A
:107640003357A70213851600B3D7E702AA97B3C72B
:107650000708B386D7403387E602B306970033B7EF
:10766000E600B684E386E5A2B384C64025B43307BA
:107670009640BA977DB782978347990103268A007F
:107680001397170033A5A720AA876364E5006364F6
:10769000C500B307C54063E2F404B387F44083A692
:1076A000C90D8355CA0003576415A182B3C60608E5
:1076B000B386B6029305003293860619B3D6B60296
:1076C000B3D7D702B307F740B3C707081D8F3307F7
:1076D000D70263E9E400998C75BA3387C400B30715
:1076E000F74075BFB294C5BF89466315D70093F7BD
:1076F000970F75BAF59B93E7470055BA998FE3D674
:10770000F6A88327440A939747292322F40A95472A
:107710008DBC83465418834564183388B600635B78
:10772000E80013F807046317080093F7F7F893E7E6
:107730000704F1B42A96E34BC7AC8D8EE3C8E6ACE0
:1077400013F70702E31407AC93F7F7F893E7070280
:107750007DB4EFE07FD831BB411122C406C62A8434
:1077600083278411CDEB83270412F1E7032504114D
:1077700009C597B0FE1FE78000DA0345740293073E
:10778000F00F6304F500EFE0EED6034564029307C3
:10779000F00F6304F500EFE0EED503458402930794
:1077A000F00F6304F500EFE0EED403459402930775
:1077B000F00F6307F500EFE0EED3FD57A304F402EA
:1077C0000A24512497F7FE1F9387C79C03D7C70A43
:1077D0001DEF23A401A417E7FE1F0327A76A23A414
:1077E000E70A97E7FE1F83A7E76495C317E5FE1F27
:1077F0000325456309CD97B0FE1FE780C0D197E709
:10780000FE1F23A1076297E7FE1F23AF0760B24068
:10781000224441018280C84309C597B0FE1FE7801A
:1078200080CF83278411BA27136707F0BAA79C4338
:10783000232CF41035B7C84309C597B0FE1FE78065
:1078400080CD83270412BA27136707F0BAA79C4399
:107850002320F41209BFAA8717F5FE1F0325C59C34
:1078600011E182801A25E30EF7FE0841D5BF97E6A5
:10787000FE1F83C6965C17E6FE1F034626612A8715
:107880009387160017F5FE1F0325059B19C29397D2
:1078900016009207C166AA97FD166394A7000145DA
:1078A00082803225E30EE6FEE30CD6FE4105F5B7F5
:1078B00001114EC697F9FE1F9389C98D83A7490A06
:1078C00006CE22CC26CA4AC852C4ADEB17EAFE1F28
:1078D000130ACA558347FA0017E7FE1F0347075BE1
:1078E0001389170019C31399170003D4E90233054C
:1078F000F940931449001304140215841604334408
:1079000004083305A4029305402426953345050851
:1079100097B0FE1FE780C0B315C10346FA00C166E9
:1079200023A2A90AB3079500938846F53306C940F8
:1079300011050147938626F5631AE900F240624477
:10794000D2444249B249224A05618280637DC70020
:10795000BE853688A297231305010CC1A30205003A
:1079600005074105D1BF81454688F5B7411193050B
:1079700030261305801E06C622C426C297B0FE1FFD
:10798000E78000AD1306801E81452A849790FE1F74
:10799000E780400F01451DC497E4FE1F9384847F58
:1079A00083A64409854785CE368712276301F602F0
:1079B000184365FF1EA4B1E7228597B0FE1FE7803C
:1079C00080B50A24B2402244924441018280850756
:1079D0002167B3C70708E399E7FC8147E1BF1EA40D
:1079E00023AA840823AC84082396F40AEFF05FEC02
:1079F00083A7840923A007002305040023070400AC
:107A0000C9B783A7840980C383D7C40A23AC840879
:107A100085072396F40AE9BF17F5FE1F0325C581E4
:107A200011CD411106C697B0FE1FE780C0AEB2402F
:107A300097F7FE1F23A207804101828097E7FE1F70
:107A400023AC077E8280411122C417E4FE1F130479
:107A50006474832644092A8706C63685814731C95E
:107A60001225631CE6048DEB9C42232AF40897B090
:107A7000FE1FE78040AA8327840923A007008357BD
:107A8000C40A8DE7EFF05FF997E7FE1F23AE077892
:107A9000B240224441018280032784096315A70074
:107AA000232CF408E9B7184198C3D1B7FD17231662
:107AB000F40A8357C40AE9FFF1B7AA87084145B71A
:107AC0007146814517E5FE1F130505761793FE1FC6
:107AD000670043FB1C3118215421A207D98F38219C
:107AE000FD8A9305000242075D8F3C310145E207A4
:107AF000D98F01473316E0287D8E01C60505137521
:107B0000F50F0507E318B7FE8147214733D6F6483E
:107B100001C605051375F50F8507E399E7FE828019
:107B200001114AC84EC6032985138329C51322CCE7
:107B300026CA52C406CE2A84A30B0512A306051238
:107B40008144130A500226864A85CE85EF108101B2
:107B5000058911C58347D4128507A306F41285044D
:107B6000E39344FFF2406244D2444249B249224A7C
:107B7000056182808347651313D737002A978346B0
:107B800007139D8B33D6F640058A630C061001114E
:107B900022CC06CE1C392A84898BC1E78327450A6B
:107BA000898BC1E313058513EFF0DFF2034754130C
:107BB00083474403636DA7087D56FD46138567FF21
:107BC0002C0032C436C613154560EF70D06803260A
:107BD000841322478326C413B247718FF58F631431
:107BE000E600638AF6002800EFF0DFEEA54763EEBB
:107BF000A702A30AA4128347E41885E70346641387
:107C00002245B245EF001176058901CD8327C410C6
:107C100093F7070899C78327440A93976729232274
:107C2000F40AF2406244056182806D15A30AA41231
:107C300015462C00130584129790FE1FE78000DE86
:107C40008327440A93E727002322F40A6DB783456C
:107C50006413138547FF1315456097C0FE1FE78027
:107C6000A00151F90346641305458145EF00F17108
:107C700093070410985FDC5F15463375A740B3F592
:107C8000B7402AC42EC6130584122C009790FE1FFD
:107C9000E780C0D8130704085C5393E727005CD340
:107CA00099BFB396F6282308D7128280411122C4C7
:107CB00026C206C64AC08347650338392A84850729
:107CC000230BF502938481A75C25631C074C1439B0
:107CD000B19B93E73700130700045CA5A30D0500D3
:107CE00038B99397466063D8070093F6F60714B93E
:107CF000EF30606D39A88327850A13F7270031C755
:107D0000F59B2324F50A83270510918B85CFEF106F
:107D10008036343C854758246390F60E83278411BF
:107D2000DC4398A3832784115838DC4398B3032796
:107D300084119C405843B2402244B8DF9244024927
:107D400041018280EF102031E9B713F7170019C7FE
:107D5000F99B2324F50AEF10802365BF18290546F7
:107D60006314C724D5C713F7070119C7BD9B232484
:107D7000F50AEF10B00F71BF13F7070401CB93F7AB
:107D8000F7FB2324F50AEF10A03361B713F70708B8
:107D900001CB93F7F7F72324F50AEF10C03E95BF08
:107DA00013F7071009CB93F7F7EF2324F50A228581
:107DB000EF10C056B9BF13F7074001CB93F7F7BFD9
:107DC0002324F50AEF202003A9B71317B0287D8FCD
:107DD00001CB9397B7482324F50AEF10C06315BF72
:107DE00009677D8F01CB9397D7482324F50AEF10BD
:107DF000407005B72324050A83270411582498A34B
:107E000083270411583898B39C400327041125B7E1
:107E10008327450A638D073613F7070119C7BD9BF2
:107E20002322F50AEF10E07FEDB513F7070401CB2D
:107E300093F7F7FB2322F50AEF10A01BD9BD13F728
:107E400007200DCBCD8A639806188327451A89EF42
:107E50008327440A2322041A228593F7F7DF23227B
:107E6000F40AEF10F00975B59790FE1FE7806046A1
:107E700065F145B513F7170019CBCD8A639D06143C
:107E8000F99B2322F50A2285EF00907E59B513F75E
:107E9000270011CBCD8A63900614F59B2322F50AA7
:107EA000EF10406DBDB513F7074001CB93F7F7BF57
:107EB0002322F50AEF10401EA9BD1317B0287D8FAD
:107EC00001CB9397B7482322F50AEF10C02091B554
:107ED00013F707020DC39790FE1FE780803FE30A68
:107EE00005E28327440A228593F7F7FD2322F40A4B
:107EF000EF10E00B39BD13F7870001CBDD9B232288
:107F0000F50A2285EF10105D29B563DD0700939710
:107F1000F7492322F50A8327050A93E72700232040
:107F2000F50AD9BD05677D8F11CBCD8ACDE6939734
:107F3000C7482322F50AEF10A02DE1BB09677D8F0A
:107F400011C79397D7482322F50A95B541677D8FCE
:107F500001CB939707492322F50AEF10300E55BB4A
:107F6000370702007D8F01CB939717492322F50A2B
:107F7000EF10604879BB370710007D8F01CB9397D6
:107F800047492322F50AEF10A05161B3370740009B
:107F90007D8F01CB939767492322F50AEF10C05AD2
:107FA0008DBB2322050A89BD1DC79307700563E7B2
:107FB000E7069307600363E2E7029307100363ECAD
:107FC000E7009307500263EBE702E9476302F71407
:107FD000F5476305F714228521BB130797FC137738
:107FE000F70F93070002E3E8E7FE97360100938658
:107FF00026B23347D7201C43B69782871307A7FDC5
:108000001377F70FAD47E3E8E7FC97360100938657
:1080100066B83347D7201C43B6978287930720075B
:1080200063E6E7049307000763ECE7009307600645
:108030006306F71663EAE70093071006E31DF7F8F7
:108040002285EF304038A1A8130767F91377F70F9F
:108050000549E362E9F8EF3000378327040A230873
:1080600024019397B7282320F40A65B1930760078A
:10807000E305F7D693076008E31FF7F4EF106047B6
:1080800039A88347B50279476391E7028327051032
:10809000918B89CBBD472306F502EF00D07D854744
:1080A0001CA885B9EF00307BDDBF0549639B270124
:1080B0008357450703576507BA978587231CF5043F
:1080C000D9B3EF3040308327040A2308240193E713
:1080D00027002320F40A35B90347B502F947631D89
:1080E000F700EF00507785471CA88347A40293E769
:1080F00017002305F40231B9835744070357640777
:108100002285BA978587231CF404EF007056F1BFCF
:10811000EF00D061D947230AF404E5BE2285EF3091
:10812000802A8327040A2308040093E717002320EA
:10813000F40AC5B6EF00306AE9BE8547A306F50428
:108140009305C50A41461305C50C9790FE1FE780AD
:10815000E08C45BB8D472306F5042322050E23241E
:10816000050E2326050E2328050EEF00906055B658
:10817000EF3060251C38DD9B1CB88327040A93E789
:1081800007012320F40A21BFEF00907309BF9790E5
:10819000FE1FE7800014E30E05B635BDEF10B045B5
:1081A000FDBD17E7FE1F1307E7FE1E2B85071EAB5D
:1081B0008DB679714ECE97E9FE1F9389A9FD22D421
:1081C00003A4C90952CC56CA5AC8370A0300370B50
:1081D0000082B70A00F926D24AD05EC606D662C42B
:1081E00066C217E9FE1F1309E91D938481A7930B4B
:1081F0008A157D1BFD1A7C241307100C639EE7185B
:108200009C4098430D8B1DC3238E0194B84B13776C
:10821000F78FB8CB98431367870098C39C4393D7D5
:10822000374889C7010001000100010097E7FE1FE0
:1082300083C7C7C589E79790FE1FE780203290402B
:10824000938C81A603A70C00930780077CD2238E12
:1082500001945C57138C81A8F19B93E717005CD7BE
:108260008347241454579395476093F7F703B3F665
:108270006601E607D58F5CD79306A00383270C0021
:1082800063D0B606F44FB7050007CD8EF4CF832632
:108290008409228514C78326C40954C3544293E633
:1082A000160054C2D457F59AD4D7834664131C439E
:1082B00093F6F60793F707F8D58F1CC3EFF01F9FCF
:1082C0005C38C5C78347C404898BC5C3A2850545EF
:1082D000EF7080461DCD97C0FE1FE780C0A6ADA3FE
:1082E0009306200263D8B600F44FB7050005B3F635
:1082F000560161BFE94663D8B600F44FB7050003E5
:10830000B3F6560159B7F44FB3F656019396862942
:10831000B5BF03A70C00B70633001C4393F7F7CF94
:108320001CC31C4393F7F7CF93E707201CC3032715
:108330000C001C47D58F1CC79C4013078A27B8CB5D
:10834000930700082326F90097E7FE1F23A80708D4
:10835000503883456414930730FC7CA41106014512
:1083600097A0FE1FE780C0E879B503A70C00B70609
:1083700033001C4393F7F7CF1CC31C4393F7F7CF8D
:1083800093E707201CC303270C001C47D58F1CC78D
:108390009C4013078A2565B71307400C6392E7508A
:1083A0008327C900858B6380074C8327C90093F717
:1083B000070889CF0347641393573700A29783C6F2
:1083C00007131D8B3397E6482388E7127C3413F795
:1083D000270019EB93E72700130700F858AC7CB48B
:1083E00097E7FE1F23A807E403254411130624037F
:1083F0009305440397A0FE1FE78000CB03D76904D1
:1084000083474403232CA900998F230AF40283276E
:108410008901858B639307368347A402A30C04006C
:108420002310040893E727002305F4022285EFD0E8
:10843000FFCB29ED83278411A30904009DCF383C8D
:108440000DCF9837058B15EBBA27C843136707F094
:10845000BAA797A0FE1FE780000C83574404850746
:108460002312F404832784119C43232CF4108327C4
:10847000441A81C7FD172322F41A5C3881CB834745
:10848000C404898B81C72285EFD09FCA83278901C5
:10849000898B638F070E8347C404858B638A070E1D
:1084A0001C3C85071CBC228597E7FE1F23A207F210
:1084B0009790FE1FE78060FE85476311F5302285A7
:1084C000EFF0CFFE8347C404898B6381072C5C38AF
:1084D000638E072AA2850545EF700026E31D05DEA1
:1084E00003A781A61C43B706330093F7F7CF1CC33D
:1084F0001C4393F7F7CF93E707201CC303A781A87A
:108500001C47D58F1CC7B707030003A781A7938714
:1085100087273CCB4C3803456414910597A0FE1F78
:10852000E78060C283A781A698431317772998C371
:10853000D857719BD8D7930730FC7CA497E7FE1FD0
:1085400083C7C794A1E3832704128DCF7834058BAA
:1085500015CBD443D0278C270A248906EFA0007FAF
:1085600015E183270412BA27A3840700136707F0D5
:10857000BAA79C432320F4128357240481C7FD1714
:108580002311F40450388345641409451106C9BB0E
:108590002285EFD0DFB7E31805F02285EFD05FB278
:1085A0001C3813F7870021CB782831C7743805466B
:1085B0001387B6FF1377F70F637FE60245476369BA
:1085C000D7003727020011073357D700058B05E77F
:1085D0009307D003230AF404930770021CA883476F
:1085E000C404858BE38107EC7C28E38E07EA2285AF
:1085F000EFD01FB94DBD54340D47639FE6027C3860
:108600001307A002637FF7007C381D47E389E7FC6E
:10861000A306F4028327840A93E717002324F40AAD
:108620007DBF172701001307A763B3C7E7209C434B
:108630002285829771F965B7383805EF1828C14649
:108640006318D70093E717001CB885471CA815A02E
:10865000D5466315D70093E72700FDB7F1466314AD
:10866000D7028327040A2308040093E71700232076
:10867000F40A7C28ADD722859790FE1FE780E0D4CE
:10868000E31305E2A9BF930690056315D70A0347D4
:10869000A41421CB83466414B316D0286306D700F4
:1086A00093E707011CB821A80346B4142DEA7C2CDB
:1086B00099C78327040A93E707202320F40A058B30
:1086C0008357641E25C7938707FB2147B3C7E7027B
:1086D0000357441EB3C70708B357F70A2307F40428
:1086E000ADB70346B41411EA7C2CA5D38327040A42
:1086F00093E707202320F40A89BF8346741493E785
:108700000701B316D028E391C6F47C2C99C78327C0
:10871000040A93E707202320F40A05DB4DB78346BC
:108720007414B316D028E39DC6F6C5B79387C7FB6C
:10873000114769BF930770066316F70203A781A666
:108740003C57ED9B3CD797E7FE1F238E07C8371792
:1087500000401E2FC607C5831EAF5C2493F7F7FDAC
:108760005CA4E5B593075009E315F7F08347E418D7
:1087700093E747002307F418C9BD1C2C85071CACE0
:1087800083D7E90085072397F90031BB03A781A6AA
:108790001C43B706330093F7F7CF1CC31C4393F772
:1087A000F7CF93E707201CC303A781A81C47D58FE9
:1087B0001CC79C4013078A25B8CBA9BB97B0FE1FE6
:1087C000E780605897D7FE1F83C7476C95EF8327D4
:1087D00004129DCB7834058B05CBD443D0278C274E
:1087E0000A248906EFA0805605E183270412BA27E0
:1087F000136707F0BAA79C432320F412835724047D
:1088000081C7FD172311F4042285EFE00FD21C3C31
:1088100085C73D476379F7009305D0032285EFE0D4
:108820006F90A305A40297D7FE1F83A7276389C76C
:1088300095451305600882971C2C99C783C72905A5
:1088400081C72285EFF00FB322852254B250925493
:108850000259F249624AD24A424BB24B224C924CE4
:1088600045616FD03FF99C40FC53E396079897B061
:10887000FE1FE780404D8327C90093F7070891C783
:1088800083D7290185072399F9002285EFE0EFC9F5
:108890008327C90093F70708C5DBEFD01E9179BF86
:1088A0001307300CE399E7A283278900858BF9CF62
:1088B00097E7FE1F23AC07B08327040A858B85C783
:1088C00097B0FE1FE780204803457402EFD08EC2A8
:1088D00083454405FD57A303F4022285EFE08F840E
:1088E000A305A40295B78355041E0356241E034511
:1088F00074149105B3C5050897A0FE1FE780A0A8D2
:108900008347C404938C81A6138C81A8858BA1CB4B
:10891000A2850145EF60506803A70C00B70633003D
:108920001C4393F7F7CF1CC31C4393F7F7CF93E790
:1089300007201CC303270C001C47D58F1CC79C4075
:1089400013078A17B8CB0356041E930740FC8345D0
:10895000741411067CA405453346060811B403A718
:108960000C00B70633001C4393F7F7CF1CC31C431E
:1089700093F7F7CF93E707201CC303270C001C478E
:10898000D58F1CC79C4023A8770575BF9C40FC531E
:10899000E393078689B2011106CE22CC26CA4AC8C3
:1089A0004EC697D4FE1F9384E47EBC3097D9FE1F39
:1089B0009389C94C03D7C900A307F5023E3D1309AB
:1089C00000322A84B387E70237460F0013060624D5
:1089D00081468145B3D727032326F5081305C01226
:1089E0003305A702EF00C11C2312A4082285EFD093
:1089F000FF9603D7C9003E3C9306204E2285B387DD
:108A0000E702B3F72703B387D702B3C7E7021EB065
:108A10008357440886072311F408EFD0EFCB228553
:108A2000EFD0EFE66E3C22859205F915B3C5050837
:108A3000EFD0CFC62285EFF0AF8EE147A30AF41244
:108A400083A701A523A0840A898B85C397D4FE1F21
:108A50009384C43D9C5891CB8325840935458297E6
:108A60009C588325C4093945829722856244F24087
:108A7000D2444249B24997D7FE1F2394077297D731
:108A8000FE1F23A1077205616FD0FFCB411126C2E3
:108A900006C622C4AA84EFE01FDC19C52A842685F5
:108AA000EFD03FE62322A41AB2402244924441016F
:108AB0008280411126C206C622C44AC0EFE01FEBE5
:108AC000AA8431C9EFE03FD92A8463000516C14763
:108AD0003EA5930700FB7CA585471CA917D9FE1F5F
:108AE0001309C93483570901130740109305D02493
:108AF000950713050004B3C70708B3D7E70A33F592
:108B0000A70A97A0FE1FE780A0942328A41019E9C4
:108B10000A24EFE05FF3B2402244024926859244E2
:108B20004101828097E7FE1F83A7878D232AF410D7
:108B300097D7FE1F9387076683A6470D03A7070DE8
:108B4000232ED40E9433232CE40E89E61377F7F307
:108B5000232CE40EBA3F8326C40F0326840F23126E
:108B6000E4142326D41003C7A7048346E402232475
:108B7000C410A304E41693E616FC0327440A230753
:108B8000D40283A6870C136607042322C40A37067F
:108B9000000223130414F18E89C6136707052322EC
:108BA000E40A83C7270599C78327440A939767294F
:108BB0002322F40AFD572310F4047EB02304F402A8
:108BC0008567938787BB2315F4042285EFD08FD167
:108BD000034549012301A414EF60B04ED147A3031C
:108BE000F41893078002A302F4189307C04E231CC5
:108BF000F4169307F007230DF416F5779387A7EB88
:108C0000231EF4168327C40FA301A4142300A41861
:108C1000A300A41893F7070881C785472307F41812
:108C200097D7FE1F239C0756FDB58544EDB541112E
:108C300006C6EF500049EFE0B048B24097F7FFFF9B
:108C40009387675723AAF1A4410182807829894735
:108C50006304F7000545828083274511130700044C
:108C6000BC33A305F5021C2993F6B70F6396E60003
:108C7000930750041CA90DA0130750056390E70249
:108C80008327050A93E707202320F50A85471CA9B7
:108C90001C3993E707F81CB9014582801307500679
:108CA0006395E7009307A006F1B713075008639B8D
:108CB000E70085471CA98347A50293E71700230512
:108CC000F502F9B7383559F7130700026386E70054
:108CD000130730026395E7009307600261BF130733
:108CE000A007E399E7F6930710F869B778298D464E
:108CF000832745116311D706D423A305D502BC33BE
:108D00006392E7023C35A1EB1C291307000263863E
:108D1000E700130730026395E700930760021CA980
:108D2000014582807D476364F70235476375F7022A
:108D3000C91793F7F70F4547636FF700172701002F
:108D4000130747E8B3C7E7209C43BA978287130706
:108D50003002638BE706054582801C291307000457
:108D600093F7B70FE39EE7FA930750044DBF182916
:108D700093070003E311F7FE854755B718299307BA
:108D80000005CDBF182993075005E316F7FC83278C
:108D9000050A93E707202320F50A85471CA91C39FB
:108DA00093E707F81CB9ADBF182993075006E314E1
:108DB000F7FA9307A006A5B718299307A007E31CA5
:108DC000F7F8930710F8A1BF182993075008E31488
:108DD000F7F885471CA98347A50293E717002305E9
:108DE000F50275BF782989476304F700054582803D
:108DF0008327451117D7FE1F1307C7390346A7045A
:108E0000BC330347970493F6F7019983636AD7004D
:108E100003478516218B09C73357F640058B0DE7AD
:108E20006947B317F028F18F2306E5028D8B1307EE
:108E3000000291E379478327850AA305E50293E7BA
:108E400027002324F50A5DB718292307F516A30682
:108E5000D51685476317F700930760061CA90145DF
:108E600082808327850A93E707402324F50AC5BF3C
:108E7000B1475CB983270511C5CB0947A30AE504AF
:108E80008356E505035705048355050663E7E600A9
:108E900013865500998E6343D60297D6FE1F83D65C
:108EA000263A0D4811466365D800850613F6F60F7D
:108EB0002E972107A30AC504231FE5042381070079
:108EC00003475505B8B30347650503568505835623
:108ED000A505D8A303576505F0A394A72183D8B3AC
:108EE00013578600F8B313D7860098B70357C50504
:108EF00093558700ACB78345E505B8A7CCA7835544
:108F0000E505A181CCB72E3D81476399C500523D4F
:108F10006316D6007E3D998F93B717002311F5068F
:108F2000C1471CA901458280054582808327051120
:108F3000094758B999CFB8A303474505B8B3834744
:108F4000A50293E787002305F502F1471CA9014517
:108F500082801D45828085475CB98327051181CBBE
:108F60001547B8A39307B0021CA9014582800545A7
:108F7000828085475CB98327051181CB1947B8A347
:108F80009307D0021CA9014582800545828089474C
:108F90005CB98327051191CB1D47B8A38327051121
:108FA0000347D5020145B8B38280054582808547D5
:108FB0005CB98327051191CF2947B8A38347A50240
:108FC00093E747002305F502930750031CA90145C9
:108FD00082800545828085475CB98327051181CB56
:108FE0002D47B8A3930770031CA90145828005454E
:108FF000828099475CB9832705113147B8A317D7F9
:10900000FE1F13072719562BB4B3742BD4A3762B4A
:10901000A182D4B3142FF4A3183FF8B38347E50219
:1090200013F7070401CF9307A0031CA98347E502A8
:1090300093F7F7072307F50201458280858BFDD75B
:109040008327050AA30505022307050293E7070402
:109050002320F50AE1BF89475CB98327051191CB2D
:109060003547B8A3832705110347B5020145B8B3B7
:109070008280054582808D475CB98327051199CB95
:109080004547B8A30347C502B8B30347B502014536
:10909000D8A382800545828085475CB98327051166
:1090A00091CF4947B8A39307A0041CA98347A50201
:1090B00093E747002305F50201458280054582803C
:1090C00085475CB98327051189C74D47B8A301457A
:1090D00082800545828083270511C5C7254758B979
:1090E0005147B8A30347051D8356251DB8B3034751
:1090F000151DD4B3D8A313D78600F8A30347451D85
:10910000F8B30347551D98A70357651D13568700ED
:10911000B0A798B78345751409466383C502032633
:1091200005109315B0286D8E01EE05661306868432
:10913000B3D6C60AD4B333C6060893568600F4A342
:109140000346651489466303D60283260510131669
:10915000B028F18E81EE8566938686843357D70AD0
:1091600098B7B346070813D78600B8A78347A50268
:1091700093E747002305F502930700051CA9014565
:1091800082800545828083270511C9C3254758B9C8
:109190005547B8A30347051D0356251D8566B8B37B
:1091A0000347151D938686843356D60AD8A30347F2
:1091B000451DB3450608F8B30347551D98A7035747
:1091C000651DD0B313D685003357D70A98B7B34679
:1091D000070813D78600F0A3B8A78347C507A305E0
:1091E000050299C78327050A93E707102320F50A8C
:1091F0008327450A1317B0287D8F09C79397B7486F
:109200002322F50A85471CA90145828005458280F5
:10921000032705118D475CB9D9473CA38346451404
:1092200034B383475514918A5CA30357651EA1C6C6
:109230009306F034814763FDE600930787E8035700
:10924000851405CB8587938757FD8D87B3C707089E
:109250000357451EB357F70A2307F5048347A502B2
:1092600093E747002305F502930750051CA9014524
:1092700082808D87C9BF858B89CB130707FBA147E8
:109280003347F702B3470708E1B71307C7FB914716
:10929000C5BF032705118D475CB9DD473CA3834754
:1092A00045143CB38346551454A30347B514F98FB2
:1092B00093F647000357651EA1C69306F034814715
:1092C00063FDE600930787E80357851405CB858780
:1092D000938757FD8D87B3C707080357451EB357BC
:1092E000F70A2307F504930780051CA98347A50205
:1092F00093E747002305F502014582808D87C9BFAA
:10930000858B89CB130707FBA1473347F702B34788
:109310000708E1B71307C7FB9147C5BF95475CB97D
:109320008357050403270511E146A107B3C70708C2
:109330002316F51434A38346A51434B30346B51499
:10934000A30207002303070050A383258514416669
:1093500063F3C50081475CB3A1837CA393F7460008
:109360000357651E95CF9306F034814763FDE600F1
:10937000930787E80357851415C38587938757FD9F
:109380008D87B3C707080357451EB357F70A23074E
:10939000F504930790051CA9014582808D87F9BFCC
:1093A000858A89CA130707FBA1473347F702B347EA
:1093B0000708D1BF1307C7FB9147C5BF0327051196
:1093C0008D475CB9E5473CA3834675148347651414
:1093D000B317F028B397D7283CB3834715145CA381
:1093E0008347A50293E747002305F502930700068C
:1093F0001CA90145828089475CB9832705117547FF
:10940000B8A317D7FE1F034717D9B8B39307500760
:109410001CA90145828089475CB9832705117947DA
:10942000B8A30347F502B8B38327050A9397F72833
:109430002320F50A85471CA90145828017D7FE1F06
:10944000032787DA5C2393068005B387D702145776
:1094500003270511BE96A5475CB9930700023CA3FC
:109460000356651E8357251EB297D05A9387C7129D
:10947000B3F7C70A3CB313D68700C18350A35CB3CC
:109480009C5E7CA313D68700C18370B31CA7DC2E1F
:109490001CB7DC3E3CA79307C0071CA9014582808E
:1094A00091475CB98327051113073002B8A303471E
:1094B0002517118B1DC7034745177D173317E02864
:1094C000B8B30147D8A303473514D8B38347A502DF
:1094D00093E747002305F502930750F81CA90145BF
:1094E0008280034775143317E028B8B30307F517D4
:1094F000D1BF0327051195475CB9930740023CA3F0
:109500008306351483079517958F93B71700860741
:109510003CB3030685176315D60093E717003CB3E9
:109520000306751750A38347651754B37CA383477D
:109530002517858B81CB19C68327050A93970729A1
:109540002320F50A0145828091475CB983270511E4
:1095500013078002B8A317D7FE1F0347C7C8B8B3C5
:109560002947D8A313072003D8B3930750F91CA9A0
:1095700001458280411126C28324051106C622C4FA
:10958000A1475CB9A1C483570504035705062A8483
:1095900093058512BA97A9072317F5128547BCA032
:1095A0001385340015469770FE1FE78020478347D8
:1095B000E41201459CA48357E412A1839CB4D547CF
:1095C0001CA8B24022449244410182800545D5BF87
:1095D000411126C28324051106C622C4B5475CB9D1
:1095E0009DCC91472A84BCA09305451C2146138538
:1095F00034009770FE1FE78060421385B400114667
:109600009305C41C9770FE1FE7804041930720021A
:109610001CA80145B2402244924441018280054584
:10962000D5BFA5475CB9832705119DCF411122C441
:1096300006C62147B8A32A84032505119305840F84
:1096400021460D059770FE1FE780403D8347A40229
:10965000014593E747002305F402930700031CA884
:10966000B240224441018280054582808327051152
:10967000A9C3411122C406C6254758B9B8A32A84F4
:10968000032505119305840F21460D059770FE1FD4
:10969000E780C0388327040AA3050402014593E745
:1096A00007022320F40A85471CA8B2402244410146
:1096B000828005458280A5475CB9832705119DCF2F
:1096C000411122C406C63947B8A32A8403250511CF
:1096D0009305840F21460D059770FE1FE780003427
:1096E0008347A402014593E747002305F40293074B
:1096F00000031CA8B24022444101828005458280BB
:10970000411122C406C6E1472A845CB9032505112C
:1097100041C9BD473CA18347440739053146A30AE7
:10972000F5FE8347540793058406230BF5FE834714
:109730006407A30BF5FE83576407A183230CF5FE92
:109740008347A405A30CF5FE8357A405A183230D2D
:10975000F5FE8347C405A30DF5FE8347D405230E0C
:10976000F5FE83574406A30EF5FE83476406230FD8
:10977000F5FE83576406A183A30FF5FE9770FE1FC5
:10978000E780C0298347A402014593E747002305EA
:10979000F402930700041CA8B240224441018280D5
:1097A0000545DDBF411122C406C6E1472A845CB9E4
:1097B0000325051151C1C1473CA183474407390521
:1097C0003146A30AF5FE8347540793058406230B0D
:1097D000F5FE83476407A30BF5FE83576407A18357
:1097E000230CF5FE8347A405A30CF5FE8357A405BF
:1097F000A183230DF5FE8347C405A30DF5FE834722
:10980000D405230EF5FE83574406A30EF5FE8347C9
:109810006406230FF5FE83576406A183A30FF5FEAC
:109820009770FE1FE780801F930740041CA8014526
:10983000B2402244410182800545DDBF011122CCA6
:1098400026CA4EC606CE4AC8930730025CB99307B3
:109850000510804B7147AA8438A00347051583A9DA
:10986000070638B00347151558A06389091C8327DC
:1098700005090325C50817C7FE1F1307276063E105
:10988000A71A3385A74083A7090A63EEA718338573
:10989000A740B7470F0093870724B335F502522737
:1098A00081463305F502EFF0A030B7C70300096722
:1098B000938747FC7D1763FBA7169307C012B35726
:1098C000F502F98F0547B3C707085CB01607A183F7
:1098D000D98F138909087CA08327C9051946938568
:1098E000690DA1837CB033C70708935787001CA478
:1098F000834709031305D4011CB4834719033CA40F
:10990000834729033CB4834739035CA403274903F5
:109910005C347D8B819BD98F5CB403C7F90D93F7C1
:10992000F70FFD8B1607D98F5CB4834749017CA4E0
:10993000834759017CB4834769011CA88347790197
:109940001CB8834789013CA8834799013CB88347E9
:10995000A9015CA883D789089386170033C7060836
:10996000218354B878A803C7040478B803C7140443
:109970001CBCA18318AC3CAC83C7F40203C7490DDF
:109980009607D98F03C7590D1207D98F3CBC83C7DF
:10999000C90DFD17B317F0285CAC9770FE1FE78068
:1099A000E00783C7090EA9C71307B002D8B8130789
:1099B000A00238A003470904A302E40203471904E4
:1099C0002303E40203472904A303E4020347390401
:1099D000A304F4022304E40283C7190E2305F4024E
:1099E00083C7290EA305F40283C7390E2306F402A8
:1099F00023A00416138704081C5301459397F729E5
:109A00001CD383C70404A301F40283C714042302F4
:109A1000F402F2406244D2444249B2490561828074
:109A20001447B697B9BD1447B69795B5F947B357DC
:109A3000F502F98FB3C70708014741BD0329451651
:109A40000545E30809FC83A7040903A5C40817C753
:109A5000FE1F1307A74263EEA7143385A740832791
:109A6000890963EBA7143385A740B7470F00938795
:109A70000724B335F502522781463305F502EFF08E
:109A80002013B7C703000967938747FC7D1763F866
:109A9000A7129307C012B357F502F98F0547B3C752
:109AA00007085CB01607A183D98F7CA0834769089B
:109AB0001946930569037CB0835769081305D401DF
:109AC000A1831CA48347090A1CB48347190A3CA438
:109AD0008347290A3CB48347390A5CA40327490A0F
:109AE0005C347D8B819BD98F5CB483C7F40258347E
:109AF00096077D8B5D8F58B40347C90878A4034748
:109B0000D90878B40347E90818A80347F90818B832
:109B10000347090938A80347190938B80347290931
:109B200058A8035789089356870058B874A883C665
:109B300004047D1774B883C6140418BC14ACB3466F
:109B4000070813D7860038AC0347F907D98F0347B6
:109B500059031207D98F3CBC83470908B317F02873
:109B60005CAC9770FE1FE78060EB8327C90A9DCF2E
:109B70001307B002D8B81307A00238A09823A30295
:109B8000E40298332303E402B823A303E402B833C6
:109B90002304E402D823A304E402D8332305E40217
:109BA000F823A305E402FC332306F40223A20416DF
:109BB00091B51447B69755B51447B6976DB5F947A3
:109BC000B357F502F98FB3C707080147D9BD411153
:109BD00006C6AD475CB983270511130790029305AC
:109BE0007519B8A31385370029469770FE1FE780C3
:109BF000E0E2B240014541018280832545114111D7
:109C000022C426C206C6DC21B8312A84A207D98F15
:109C100005651387A7FF9306A5C7F94433470708CF
:109C200063E4E60AF821D431130505C82207558FED
:109C3000F944636BE5086369F7089025F43122065F
:109C4000558E9306301F63E1C608B42503C89500FE
:109C5000A206B3E606016369D5061305160033456F
:109C600005083305F50213983600635F0505A8352E
:109C700019C1636BA7040358A4038144639C0701C3
:109C8000631AF7000358C4036316C800663C958C3A
:109C900093B41400231DC4042312A406231AF4064B
:109CA000231BE406231ED404DC35D8253146A20745
:109CB000D98F2313F406B905130584069770FE1F88
:109CC000E780C0D591475CBCB240224426859244CF
:109CD0004101828079714AD00329051106D622D428
:109CE00026D24ECE52CCDD475CB9630409108D47B5
:109CF0002301F9002A84EFB07EB69304541B2AC4D2
:109D0000EFB0DEB521462C002AC626859770FE1FCF
:109D1000E780C0D08347741B0347641B9309D41B9F
:109D2000A2074207BA970347841BBA970347541BFD
:109D30006207BA972324F40C0347A41B8347B41B80
:109D40004207A207BA970347C41BBA970347941B5D
:109D50006207BA972322F40CEFB05EB02AC4114612
:109D60002C004E859770FE1FE78040CB8347E41B95
:109D70000347D41B2146A207D98F0347F41B930541
:109D8000B41A1305390042075D8F8347041CE207AC
:109D9000D98F232EF40C9770FE1FE78020C88347CD
:109DA000441B0347341B21462306F900A305E900A1
:109DB000A6851305D9009770FE1FE78020C61305FE
:109DC00059011146CE859770FE1FE78020C5834755
:109DD000A402014593E747002305F402930700021C
:109DE0001CA8B250225492540259F249624A456169
:109DF00082800545FDB7411122C406C685475CB97E
:109E00008345D5162A84032705110345E5168546A3
:109E100093176500CD8F3CA3ED473CB35C2403460C
:109E2000C41693E707025CA4EF5010369307700640
:109E30001CA8B2402244014541018280832745117C
:109E40001303000ECC23B433A205D58D938655FEA3
:109E5000B3C606086361D306F023D4331168220623
:109E6000558E930686EB13088814B3C60608636400
:109E7000D804942783C87700A206B3E61601938816
:109E800056FEB3C808086368130383C89700BC274D
:109E9000A207B3E71701938887EBB3C80808636C80
:109EA0001801231CB51C231DC51C231ED51C231FF4
:109EB000F51C6FC02F8B05458280AA872835054782
:109EC0006310E50AF42B3147639DE60803A74711A9
:109ED0003433A38AD70454335023A206D18E239B54
:109EE000D7046C337423A205D58D239CB704103797
:109EF00014272206558E239DC70434372827A2062F
:109F0000C98E239ED704482758372207498FAA3F76
:109F1000239FE70401476319B500CE3F6396C50050
:109F2000FA3F158F133717002391E706982B9306F6
:109F300000046300D702930640046314D70005476A
:109F400098AB983B9546D4BF136717F898BB01456B
:109F5000828003C7A702136717002385E702C5B7EE
:109F60000545828078298947631BF70083274511BF
:109F7000BC33230AF504F5471CA9014582801D4521
:109F800082802A8728353DE5742BB5476394F60611
:109F9000142B93070002639FF60483274711930550
:109FA0000708D433D023A2064206B296F023B29615
:109FB000B0336206B296B4C194379027A206420627
:109FC000B296B027B296F0336206B296D4DDD027AF
:109FD000B4372206558ED437FC27C206D18EE2074D
:109FE000D58FBCD11C3B93E787001CBB9307300285
:109FF0001CAB8280054582803835AA8719EF682915
:10A000000547631CE500942B130730026398E600B4
:10A010001307C00298AB0145828005458280AA875C
:10A02000682905476318E502982B9306B002631967
:10A03000D7001307E00298ABA38507020145828091
:10A040009306D0026319D7001307E002A385070225
:10A0500098ABEDB705458280782989476315F706E7
:10A06000E947A305F502832745113947BC336390BF
:10A07000E7021829930700036317F7048327050AEB
:10A0800093E707022320F50A85471CA979A0C51785
:10A0900093F7F70F51476368F7021717010013078B
:10A0A000E7B6B3C7E7209C43BA978287832785101A
:10A0B0001829F59B2324F510930700046315F70076
:10A0C000930760041CA90145828018299307A00406
:10A0D000E31BF7FE85471CA98347A50293E71700FA
:10A0E0002305F5021C3993E707F81CB983270510EF
:10A0F000C18BF1FB83278510BD9B2324F510E1B7AD
:10A10000182993070005E310F7FC85471CA983274E
:10A11000050A93E707102320F50A1C3993E707F88F
:10A120001CB955B7182993075005E31EF7F8832784
:10A13000050A93E70720B9B7182993075006E314D7
:10A14000F7F88327050A9397B7282DBF1829930797
:10A150005007E31AF7F68327050A9397F7281DB7E8
:10A16000182993075008E310F7F685471CA9834781
:10A17000A50293E717002305F50245B7AA872835FE
:10A180000547631DE500F82B631BA700982B631898
:10A19000A7001307600398AB0145828005458280C4
:10A1A000AA8768290547631EE504982B9306700368
:10A1B0006314D70203C7A702238607049376070414
:10A1C00099C61377F7FB136707012385E702130787
:10A1D000800398AB01458280930650036314D70235
:10A1E0001307800398AB03C7A7022386070493765F
:10A1F0000704EDD21377F7FB136707012385E70206
:10A20000D1BF05458280782999476315F7088327D0
:10A210004511B833A307E504D833D4232207558F5B
:10A220002318E504F823FC331429A207D98F231936
:10A23000F5041307A0038347E5026392E604858BC8
:10A2400099CB8327050AA30505022307050293E797
:10A2500007042320F50A8347A50293E71700230587
:10A26000F50285471CA91C3993E707F81CB98347F9
:10A27000E50293F7F7FB2307F502014582809397E8
:10A280004760E3D207FE8327450A93E707042322AA
:10A29000F50AD1BF05458280AA8768290547631062
:10A2A000E50403A78710418B05CF982B6317A70000
:10A2B0001307B00498AB014582809306A00463198C
:10A2C000D70003C7A70288AB136717002385E702EF
:10A2D00003A7870A1367070423A4E70AE9BF054514
:10A2E0008280AA87682905476310E502942B13072B
:10A2F000A004639CE60003C7A70288AB014513676F
:10A3000017002385E70282800545828078298D47E2
:10A310006315F71A1C39832645118D8B89EB0C299F
:10A320002147938705FC93F7F70F6361F702D9473D
:10A330002306F5029307A002A305F5028327850AE9
:10A3400093E727002324F50A014582803C35639A70
:10A350000714930750056398F500D9472306F502C3
:10A3600093073002D1BF97C7FE1F9387A7E2D02281
:10A3700003C7A70383C7B703718F2305E514B4325E
:10A38000F58F83466514A305F514B318D02863141C
:10A39000170123050514034675143318C028639468
:10A3A0000701A30505148347A5140347B514E9CF96
:10A3B00045CB93F627009DCA1376270039C693072D
:10A3C00020202315F5148347A5146394F800230572
:10A3D00005148347B5146314F800A30505148547D5
:10A3E000639CF50A930760051CA9B9BF13F64700E3
:10A3F0001DE6858BB9E785472305F514937727007C
:10A40000B9CB8947A305F5147DBF13F6470015C2E4
:10A410001376470001EE858B8DEB8947F1BF1376EC
:10A42000470009E6858B95E39147F9B793074040CC
:10A4300049BF858BFDD393771700E5D393071010A1
:10A4400049B793761700FDFA45BF93771700FDF7DC
:10A450009147E1F655B7118B85474DD791475DB7C9
:10A4600033D6C740058A01C623050515A9BF13F7D2
:10A47000270009C789472305F514B1B7918B99C304
:10A480009147D5BF8547C5BF1DDFB356D740858AE5
:10A49000B5D6A305151505BF8327850A93E70710D1
:10A4A00055B585476396F500DC22A305F5141DBF5D
:10A4B0008327850A93E7072071B5054582807429B3
:10A4C0000D47AA87639CE614142913075005054518
:10A4D0006397E614A8376313051483C6471403C7AC
:10A4E000571403A6471133F8E6004C22631E0800F8
:10A4F0006396B600034836006308E8002395071406
:10A500001307700598AB8280ED8E2385D714303207
:10A51000718F03C66714A385E714B318C02863942A
:10A5200016012385071483C577143318B0286314E4
:10A530000701A385071403C7A71483C6B71479C7F7
:10A54000D5C2137627000DC693F52600A9C11307BF
:10A5500020202395E71403C7A7146394E8002385FC
:10A56000071403C7B714E31DE8F8A385071449BF10
:10A57000937547009DE5058B39E705472385E7146B
:10A5800013F7260039CB0947A385E714E9B793757C
:10A59000470095C193F5460081ED058B0DEB09470A
:10A5A000F1BF93F5460089E5058B15E31147F9B72F
:10A5B0001307404079BF058B7DD313F7160065D391
:10A5C0001307101079B713F616007DFA45BF13F77D
:10A5D00016007DF7114761F655B7918A0547CDD62C
:10A5E00011475DB7B355B740858981C523850715E8
:10A5F0009DB79376270089C609472385E714A1BF35
:10A60000118B19C31147D5BF0547C5BFA9D633D68E
:10A61000C640058A35D6A385171535BF0545828006
:10A62000AA87283505476317E506F42B1547639479
:10A63000E606982B930650056306D700930680051F
:10A64000631BD70403C7A70283A54711136717002D
:10A650002385E702D0211147636BC702B4316368D9
:10A66000D7021307F6FF1388F6FF718F3378D800EF
:10A670003367070109EFF821C8312385C714220782
:10A68000498F2396E714A385D7141305A00588AB3B
:10A690000145828005458280AA87283509EDF42B83
:10A6A0000D47639AE600942B05476396E60013076F
:10A6B000100698AB82800545828078298947631708
:10A6C000F702832745111829BC332308F502854773
:10A6D0006317F700930760071CA901458280832751
:10A6E000850A9397B7282324F50AC5BF05458280BC
:10A6F00078298947631AF7021829930750076313CB
:10A70000F70283274511BC332308F5028327050A86
:10A710009397F7282320F50A85471CA91C3993E74E
:10A7200007F81CB9014582800545828074291547C8
:10A73000AA8705456390E60C942B1307500805453E
:10A74000639AE60A03A747113433A38AD716830610
:10A750004700A38FD71603065700238DC71678230B
:10A76000238FE71603C7271793754700A5C98946A6
:10A77000A389D71683A6070A6D9B2389E7169396AC
:10A78000062923A0D70A03C747189376170099CE46
:10A790009306F0076306D600136727002382E718A5
:10A7A00003A7070A1317172923A0E70A17C7FE1FD5
:10A7B0000347779EA387E70203C747030145A38D9D
:10A7C000E716054798AB03C7A70213671700238551
:10A7D000E702983B136707F898BB8280098B45D73F
:10A7E000DDD203A7070AA389A7161317072923A0F9
:10A7F000E70A51BF8280782995476311F70A03273A
:10A800004511BD463C3363E0F60697C6FE1F83C67E
:10A81000369CFD8EA9CA742313F61700230DD51696
:10A8200083065700A30FD51639C2814711A085476B
:10A830008507230AF5165C23A30AF5168347251717
:10A8400013F747001DCF0947A309E5160327050A9B
:10A85000ED9B2309F516131707292320E50A8347E3
:10A860004503A30DF516014582808947D1B713D65C
:10A87000174855FE13D627486DFA8D87CDDF8D47D3
:10A8800045BF898BE9DFE1DE8547A309F5168327FC
:10A89000050A939707292320F50AD1B70545828039
:10A8A00074291147AA870545639EE608B037054716
:10A8B00005456319E60883A64711A8326364A6021A
:10A8C000D822130810099305B7FF93F5F50F636BB2
:10A8D000B800CC329386B5FF93F6F60F6364D800C8
:10A8E00063F1E5027947A385E70213078002238617
:10A8F000E70203A7870A1367270023A4E70A014595
:10A90000828083A6C71093F60608F5DA83C6E71897
:10A910006316C50293E616002387D7189306000A2C
:10A92000A387E7183307D702B63F3347D70283D64A
:10A930000704850636972398E718D1B7D99A238755
:10A94000D71875BF828078299307B0026319F71C66
:10A950008357051E411126C206C622C44AC093066B
:10A96000A002AA8463F3F61A17C9FE1F0329098AF5
:10A970000545630D09188327C901B98B639807182A
:10A9800003A4441119465C2C1387F7FF9375F70F46
:10A99000636DB6167D8F631A071603C7E41463064A
:10A9A00007169028130700046313E60203A7040A9E
:10A9B000A385D4021367470023A0E40A13072007E6
:10A9C00098A803C7A402136717002385E40293D74E
:10A9D00017488507230EF90C3C3C19469305D40112
:10A9E00013F7F700230AE90C93D747481305690DBD
:10A9F000A30AF90C9760FE1FE78040025C34958340
:10AA0000A30FF90C78301C243438A30EE90C7834E9
:10AA1000230FF90C7C242207A2065D8F1C28C20795
:10AA2000D98F183862075D8F93070908D8CB38286B
:10AA3000D98E58284207558F98CF382414342207CE
:10AA4000558F3434C206D98E58246207558F54343A
:10AA500098DBFD8AD4DB0347640283465402220755
:10AA6000558F83467402C206D98E0347840262075B
:10AA7000558FB8C3834794022300F90E8347A4027D
:10AA8000A300F90E8347B4022301F90E8347C402E1
:10AA9000A301F90E5C203830A207D98F2399F41452
:10AAA0007C205830FD8BA207D98F7820239AF4148C
:10AAB0009376070281CA1377070439EF9397E72843
:10AAC000239AF4147C285838A207D98F239BF414B6
:10AAD0001C2C7838A207D98F239CF4143C2C183CEA
:10AAE000A207D98F239DF4148347440203473402FD
:10AAF000A207D98F239EF41483A7040A9397E7280B
:10AB000023A0F40A930710079CA80145B2402244F1
:10AB100092440249410182807177D98F55B705452A
:10AB200082807829AD476318F702411106C6834732
:10AB3000E51883254511294693E707012307F518F2
:10AB40008D05130575199760FE1FE78020EDB24053
:10AB500001454101828005458280782993073002B2
:10AB6000631EF7180357051E411126C206C622C4EC
:10AB70004AC093072002AA8463F8E71617B9FE1F9C
:10AB80000329C9680545630209168327C901B98BE2
:10AB9000639D071403A4441199465C2C1387F7FFA7
:10ABA0001376F70F63E2C6147D8F631F071203C786
:10ABB000E414630B07129428130700046395E6025C
:10ABC0001307A002A385E40203A7040A1367470042
:10ABD00023A0E40A1307200798A803C7A402136759
:10ABE00017002385E40293D717488507230EF90C35
:10ABF0003C3C19469305D40113F7F700230AE90CEE
:10AC000093D747481305690DA30AF90C9760FE1FF7
:10AC1000E780C0E05C349583A30FF90C1C247830E6
:10AC2000230FF90C7C34A30EE90C7824A207D98FEA
:10AC3000182842075D8F1C38E207D98F3838232A3D
:10AC4000F9083C2822075D8F5C28C207D98F232C86
:10AC5000F9083C241834A207D98F383442075D8F95
:10AC60005C24E207D98F58342328F90A7D8B232AE4
:10AC7000E90A5C203830A207D98F2399F4147C208C
:10AC80005830FD8BA207D98F7820239AF41493763D
:10AC9000070281CA1377070439EF9397E728239AAD
:10ACA000F4147C285838A207D98F239BF4141C2C49
:10ACB0007838A207D98F239CF4143C2C183CA207A7
:10ACC000D98F239DF4148347440203473402A2071B
:10ACD000D98F239EF41483A7040A9397E72823A00F
:10ACE000F40A930710079CA80145B24022449244FD
:10ACF0000249410182807177D98F55B7054582801D
:10AD00007829E1476319F70C03278510411122C404
:10AD100006C626C2098B2A84854719CF2435639C31
:10AD2000F404EFE09FED1C28A305A402639C9700A8
:10AD3000930710041CA88147B240224492443E85E8
:10AD40004101828013070004639CE700930710040D
:10AD50001CA88347A40293E717002305F402E1BF70
:10AD60008327040A93E727002320F40A1C3893E77B
:10AD700007F81CB8C9B718390D8B19CF9307A00273
:10AD8000A305F402BD472306F4028327840A93E750
:10AD900027002324F40A45B718296317F700EFE0CA
:10ADA000DFE5A305A40269B793060002631ED7007E
:10ADB000EFE0BFE4A305A4023DFD8327440A939777
:10ADC000F7292322F40A85BF93060004E316D7F679
:10ADD0009307300275B785473E858280411106C6CC
:10ADE00022C426C24AC00349B500631B090678295C
:10ADF000A5472A846316F7068327850FA18BADC369
:10AE000093040510CC48214626858D059760FE1FCA
:10AE1000E780C0C09C40373778081307070D13063A
:10AE20000408D98F385ED4407D8F7C5E93E606019E
:10AE300098C4F58FDCC418288547631CF700930776
:10AE400010031CA8B240224492444A8502494101A1
:10AE500082808327840A93E707012324F40ADDB75D
:10AE60000549CDB741114AC006C622C426C2782979
:10AE7000A54705496311F7061829930700032A849B
:10AE80000549631AF70493040510CC48214626852A
:10AE90008D059760FE1FE78060B89840B737780847
:10AEA0009387070D5D8F93070408B45FD040F98E38
:10AEB000F85F1366060194C4718FD8C4A305040219
:10AEC00098531367070298D31C38230824010149BB
:10AED00093E707F81CB8B240224492444A850249DD
:10AEE00041018280411122C406C626C22A84283527
:10AEF00085476318F5067828A5476318F7041C28CA
:10AF0000639AA70493040410CC48214626858D0536
:10AF10009760FE1FE78080B09C40373778081307A2
:10AF2000070D13060408D98F385ED4407D8F7C5EF0
:10AF300093E6060198C4F58FDCC4930710031CA8A0
:10AF40001C38014593E707F81CB8B24022449244EC
:10AF5000410182808327840A93E707012324F40AAE
:10AF6000C5B70545DDB7411122C406C626C22A84ED
:10AF7000283585476311F5047828A1476318F7023F
:10AF80008324441113058412154693853400976079
:10AF9000FE1FE780A0A89C3498240145A207D98F02
:10AFA0002317F4121C3893E727F81CB8B240224448
:10AFB0009244410182800545D5BF011122CC06CEC5
:10AFC00026CA4AC82A8428358547631CF510782884
:10AFD000DD476312F7108324441121461305B41A88
:10AFE000938534009760FE1FE78040A3B834DC24CB
:10AFF000A309E41A230AF41AEFA05E862AC4EFA07C
:10B00000FE852AC621462C001305441C9760FE1FAE
:10B01000E780C0A0FC34F8241305C41CA207420733
:10B02000BA97982811462C00BA97D8346207BA9775
:10B030002324F40CBC38B828A2074207BA97D828B2
:10B04000BA9798386207BA972322F40C0347541C26
:10B050008347641C4207A207BA970347741CBA9738
:10B060000347441C6207BA972320F40C0347941C3F
:10B070008347A41C4207A207BA970347B41CBA9798
:10B080000347841C6207BA97232EF40AA247374766
:10B0900003001307D73FB387E70237A7260013073C
:10B0A00037ECBA973EC49760FE1FE7802097FC28D4
:10B0B000D8380145A207D98FF83842075D8F9C2CFC
:10B0C000E207D98F232EF40C8327C41C2320F40E0F
:10B0D000930710021CA8F2406244D2444249056121
:10B0E00082800545CDBF78299147631DF712411134
:10B0F00026C28324451122C406C6BC302A8481CBD3
:10B100001387F7FF7D8F01E73D476376F7029307CB
:10B110000002A305F402930730022306F4028327FA
:10B12000840A93E727002324F40AB240224492447D
:10B13000014541018280D4301307E0076387E600B0
:10B1400013F7170021C3814721A0F947D9B78547D5
:10B150008507230AF41683874400C9C30305341402
:10B16000A30BF4163307F5001375F50F6356F002C1
:10B170008307941763D6E702898FA30BF4160DA0FB
:10B180008947F9B713D7174879F313D727486DFBC9
:10B190008D87F1D38D476DBF83078417E34EF7FC8E
:10B1A000834774173E9513154560EF40E077230100
:10B1B000A414EF40007103473414A301A41433070F
:10B1C000E540A30BE416EF4020768347441703477E
:10B1D00034142301A414A297A38FE7168307440312
:10B1E0008306C417014763D5F600958F13F7F70F51
:10B1F000230BE416DC300547230DF4161C28639658
:10B20000E700930760F81CA80DB713075008639672
:10B21000E700FD57230BF416EDB78327840A9397B5
:10B22000D72811B7054582807829A547631AF70406
:10B23000411122C406C61429130700052A84854734
:10B240006394E602EFE09FBF0DE58327040AA305A0
:10B25000040293E707102320F40A1C3893E707F849
:10B260001CB885471CA88147B24022443E85410155
:10B2700082808347A40293E717002305F402F1BFFD
:10B2800085473E8582807829A5476309F7000545F3
:10B2900082800545B2402244410182808327851087
:10B2A000411122C406C693F707022A84FDD3EFE0BA
:10B2B000FFB88547E30FF5FC18286317F7009307DD
:10B2C00010051CA80145F9B78327840A93E70708EE
:10B2D0002324F40AC5BF05458280411106C622C455
:10B2E00026C22435F9E07829E1472A84631FF70A4A
:10B2F000182993070004631AF70A83254511056589
:10B300009306A5C7D821BC3122075D8F9307A7FFFD
:10B31000B3C7070863E2F608FC21D431130505C85A
:10B32000A207D58F636AF50663E8E7069025F43136
:10B330002206558E9306301F63E0C606B42503C867
:10B340009500A206B3E606016368D504130516004E
:10B35000334505083305E50213983600634EA8020D
:10B36000A83519C163EAA702231DC4042312A40649
:10B37000231AE406231BF406231ED404DC35D82547
:10B380003146A207D98F2313F406B90513058406A5
:10B390009750FE1FE7808068930770041CA8B24096
:10B3A000224426859244410182808544CDBF0545D3
:10B3B000828005458280054582800545828005455D
:10B3C0008280054582805C25A30A0500F19B93E7F6
:10B3D00017005CA503250511133515008280014572
:10B3E0008280411106C6EFC00FC7B2401335150069
:10B3F0000605410182806FF0DFFE411106C6EFC0F5
:10B400008FC505C10357C5058356A50503566507B6
:10B41000835545070A25EF7090150145B24041015B
:10B4200082800945E5BF01111375F50F06CEEFA027
:10B43000EFCF29C997B7FE1F83A747E393F70720EC
:10B440009DC302C402C202C081480148814701472E
:10B450008146054681451305C003EF70D0110145B3
:10B46000F240056182808346D5031307E50302C0DD
:10B47000814801488147054681451305C003EF70A7
:10B48000300DF1BF0945E9BF97B7FE1F938787D0FD
:10B4900003A7C708094529CB83A7870D011106CE4D
:10B4A00093F707208DC302C402C202C0814801483D
:10B4B00081470147814601468145EF70D00BF2403C
:10B4C000014505618280835807020358A70183570D
:10B4D000070583465707014602C0130767078145E2
:10B4E0000945EF70F006E1BF8280011106CE22CC43
:10B4F000EFC06FB625CD303505472A8497B7FE1FBC
:10B50000938747C96312E604F853094515CB0346F0
:10B510000403834657048358E4030358C4033E3CA2
:10B520000E240345B4021307670432C00546EF70CA
:10B5300030027C34A3050402014593E717007CB474
:10B54000F24062440561828003A7C70809456DDBAC
:10B55000834657078358E4030358C4033E3C0E2434
:10B560000345B4021307670702C0D1B70945C9BF35
:10B57000397106DE22DC26DAEFC0EFAD71C938354D
:10B580002A8497B7FE1F9387E7C02DEBE453094544
:10B59000ADC01946814508109750FE1FE780804EC8
:10B5A0001946814528109750FE1FE780A04DC167BE
:10B5B000FD178358A40383C6540430340E24034576
:10B5C000B4023EC89C2413088102138764043EC65B
:10B5D000834704033EC47E3C3EC25E3C3EC01C101A
:10B5E000EF70E07B7C34A3050402014593E717006C
:10B5F0007CB4F2506254D25421618280A45F094528
:10B60000EDD81946814508109750FE1FE780804706
:10B610001946814528109750FE1FE780A04683D722
:10B62000240D8358A40383C6540530340E240345E7
:10B63000B4023EC89307F00F3EC602C47E3C130816
:10B640008102138764053EC25E3C3EC01C1049BFA8
:10B65000094545B7397106DE22DC26DA4AD8EFC043
:10B660008F9F630F0514343505472A8497B7FE1F53
:10B67000938747B2639AE60AE4530945C1C083C77A
:10B6800044041946898BC9C38C58BC25B5CFB10574
:10B6900028089750FE1FE780603883C75404138939
:10B6A00064041946898BA5CBCA8508109750FE1FE4
:10B6B000E780C0368C581946910528109750FE1F18
:10B6C000E780C035834704038358A40383C654042A
:10B6D00030340E240345B4023EC47E3C13080102FC
:10B6E00038103EC25E3C3EC03C08EF70C0687C34FF
:10B6F000A3050402014593E717007CB4F25062549D
:10B70000D254425921618280814528089750FE1FFA
:10B71000E780403759B7814508109750FE1FE780F2
:10B7200060361946CA8551BF83A4C7080945F9D4B4
:10B7300083C744061946898BB9CF938564062808C8
:10B740009750FE1FE780802D83C744071389640745
:10B750001946898BA1CBCA8508109750FE1FE78038
:10B76000E02B83A544081946281091059750FE1F29
:10B77000E780C02A83A74408BC3393E72700A38A45
:10B78000F4068358A40383C6540730340E240345BB
:10B79000B40202C499B7814528089750FE1FE7807C
:10B7A000602E5DB7081081459750FE1FE780802D01
:10B7B0001946CA8528109750FE1FE7802026D1B76A
:10B7C00009452DBF797122D426D206D6AA84EFC0AE
:10B7D0008F8817B4FE1F032464A339C5AA870945BF
:10B7E0001DCC83D7271519469305640D7C868547A4
:10B7F0007C878357440D13052101A3040100FC80BD
:10B8000064859750FE1FE78060218327C40D2800C0
:10B810003ECC8327040E3ECEEF70E05E0145B25071
:10B8200022549254456182800945D5BF011122CC32
:10B8300006CE2A84EFC02F823DC18347B50203475D
:10B8400045176083DC8283473517D8845C8495EF85
:10B8500083477517030795175C86830735145C8546
:10B86000631CF7008947DC854800EF70A05901454B
:10B87000F240624405618280030785176314F70074
:10B880008547D5B7A3050100C5B78347A5175C85D4
:10B8900083475517DC858347F5175C86F1B7094563
:10B8A000C1BF011122CC06CE2A84EFB0DFFA29C530
:10B8B0008307A517C084218040851307F00763899B
:10B8C000E70203474503998FDC858347451813F743
:10B8D00007010DE393F7070293B7170085072800C8
:10B8E0005C86EF7000520145F2406244056182803F
:10B8F000FD57DC858147E5B70945FDB7797122D44D
:10B9000026D206D6AA84EFB01FF517B4FE1F032473
:10B91000E48F21C5AA87094505CC83D72715194689
:10B920009305640DFC808547FC818357440D130506
:10B930006101A3060100FC8264879750FE1FE78027
:10B94000E00D8327C40D68003ECEEF70404B0145EB
:10B95000B25022549254456182800945D5BF4111AD
:10B9600006C6EFB05FEF11C9834505140A25EF70D5
:10B97000C0480145B240410182800945E5BF937549
:10B98000F50F01112E8506CE22CC2EC6EF901FFAA0
:10B9900005C1834605072A84B245082D0546EF7088
:10B9A00040450145230C0400F24062440561828059
:10B9B0000945DDBF411106C6EF706043B240014545
:10B9C00041018280411122C406C617B4FE1F032420
:10B9D000E483094509CC0355240DEF70004103258C
:10B9E000C40C9307F00F2319F40C11E50145B24084
:10B9F0002244410182809770FE1FE780C0B1A304FA
:10BA0000040CEDB797B7FE1F83A7478099CB411170
:10BA10001385070D06C6EF70003DB2400145410198
:10BA2000828009458280411106C622C4EFB0BFE280
:10BA300005C983467514034665140E252A840345FB
:10BA4000B5028506050693F6F60F1376F60FEF702E
:10BA500060370145A3050402B240224441018280BF
:10BA60000945DDBF411106C6EFB0FFDE05C1035732
:10BA7000251E8356051E0356651E8355451E0A2541
:10BA8000EF70202F0145B240410182800945E5BF9A
:10BA9000411106C622C4EFB01FDC15C52A84035726
:10BAA000C5058356A50503566507835545070A2531
:10BAB000EF70A02B1C38014593E747001CB8B2403B
:10BAC0002244410182800945DDBF411106C6EFB025
:10BAD0009FD805C18347451B0346351B9305B51AFF
:10BAE0000A25A2075D8EEF7000280145B240410192
:10BAF00082800945E5BF411106C622C4EFB0BFD51B
:10BB000005C10E252A84130605100345B502EF7002
:10BB100040250145A3050402B24022444101828030
:10BB20000945DDBF411106C622C4EFB0DFD205C50D
:10BB30000357C5058356A505035685050E252A849A
:10BB40000345B502EF70A0210145A3050402B240F0
:10BB50002244410182800945DDBF014582800145C3
:10BB600082800145828001458280014582800145B5
:10BB700082800145828001458280014582800145A5
:10BB80008280014582800145828001458280014595
:10BB90008280014582800145828001458280014585
:10BBA00082800145828001458280411106C622C4FF
:10BBB000182193060008AA876313D7021831930649
:10BBC000C002054563E3E60497F600009386061479
:10BBD0003347D720AA231843029701453DA0930677
:10BBE000100805456313D7029833E9466309D71057
:10BBF00063E5E604B1466303D70E63ECE6009546C1
:10BC00006304D706A146630AD70AB2402244410121
:10BC10008280CD46E31BD7FEAA23EFB0DFC32A8480
:10BC200029C90356450419C60E250545EF70201194
:10BC300023120404A30804024DB793067005630998
:10BC4000D70C9306F00FE30AD7F893060003E31E20
:10BC5000D7FAAA23EFB03FC02A8401CD0E250345B1
:10BC6000B502EF70400E85A8AA23EFB0DFBE2A848C
:10BC700019E1094559BF032785110DC783574504AD
:10BC80008507B3C7070818433E868507B3C707086B
:10BC90007DFB2312C40419C60E240545EF70200A4B
:10BCA000231204040345B402034644050E24EF7036
:10BCB000C0072285EFB05FAA0DB7AA23EFB0BFB9C6
:10BCC0002A8445D90346C5040E250345B5023336FB
:10BCD000C000EF70C005A305040201B7AA23EFB0AE
:10BCE0009FB72A8459D50357250583560505034672
:10BCF000F5040E250345B502EF70A003E9BFAA23A2
:10BD0000EFB07FB53DD50345B502EF708003F1B5C7
:10BD1000AA23EF708003D1B5011122CC37E400E0F3
:10BD200026CA04404AC84EC652C406CEB7072000F1
:10BD30002A892E8AB289FD8C2320F4180F10000066
:10BD400011459750FE1FE78040BE1DC523004501E9
:10BD5000A300350123112501232094106244F240F1
:10BD6000D2444249B249224AAA8517A5FE1F03457B
:10BD7000950905616F909EA423209410F2406244BF
:10BD8000D2444249B249224A11450561828041119B
:10BD90004AC037E900E026C28324090006C622C44F
:10BDA000B7072000FD8C2320F9180F100000EFB01A
:10BDB0009FAA11E9232099100945B24022449244D8
:10BDC00002494101828083270512230D05002A8440
:10BDD000A9CF78340A25058B11EF0A240146930573
:10BDE0000008EFF07FF329C5B7E700E023A0971024
:10BDF0000145E1B7D443D0278C278906EF60107541
:10BE000015E183270412BA27A3840700136707F0FC
:10BE1000BAA79C432320F4128357240481C7FD173B
:10BE20002311F40483270412CDFB231104046DBFF6
:10BE300085473CAC55BF411122C406C62A8497A74A
:10BE4000FE1F83A7674189E7B240224441018280F7
:10BE500063848700DC5FC5BF3C2499C79305C40099
:10BE60001305A401EFA0E0573C28F9DF9305440136
:10BE70001305A4022244B24041016FA08056AA8655
:10BE80002E86AA85170500001305C5006F909EC970
:10BE9000411126C297A4FE1F9384C42F83A7440C8C
:10BEA00022C406C62A8491E7B2402244924441014A
:10BEB000828063848700DC5FFDB73C2499C79305CB
:10BEC000C4001305A401EFA0C0513C2899C79305F5
:10BED00044011305A402EFA0C05022852244CC588F
:10BEE000B240924441016FF09FF901114AC817A96D
:10BEF000FE1F1309292A22CC0324490C26CA4EC648
:10BF000052C456C206CEAA84014A93094500854A06
:10BF100065E093052025130500049760FE1FE78068
:10BF200020532A841D4545CCBC30194693854400D6
:10BF3000130544003CB09750FE1FE78020AE938A63
:10BF4000A4014146814556859750FE1FE780C0C633
:10BF500079E19309A401D68541464E859750FE1F8D
:10BF6000E78020C285473CA43C309305C4004E8541
:10BF700093E727003CB4EFA0C0469384A402414657
:10BF8000814526859750FE1FE78000C341E993074E
:10BF9000A402A6853E854146BE849750FE1FE780D9
:10BFA00040BE85473CA83C3093054401268593E775
:10BFB00027003CB8EFA0E042A3000400832549031A
:10BFC0002285EFF0DFEB631E0A042322890C232E67
:10BFD00004028347090C014585072300F90CF24050
:10BFE0006244D2444249B249224A924A056182805F
:10BFF0003830BC306305F700228A405C11BF4146EF
:10C00000CE85130544009750FE1FE780C0B2E315AC
:10C0100055FF4945E9B72305040085B72309040006
:10C0200061BF232E8A0265B7411122C426C206C60B
:10C030004AC017A4FE1F03242422FD5419ECB24069
:10C04000224497A7FE1F23A9072097A7FE1F23833B
:10C05000072092440249410182800820EF909EC946
:10C060000329C40304A022859760FE1FE780A04A2D
:10C070004A84E9B797A7FE1F9387C7112380070C4F
:10C0800023A2070C6FA0A03F41114AC017A9FE1FB1
:10C090001309491026C28324890706C622C483C710
:10C0A000D404858BA9CB8347290049459DCF1946E8
:10C0B00097A5FE1F9385651C1385E4049750FE1F0A
:10C0C000E780C0958547BCB49CB8BCB8BC2809477C
:10C0D00098A4C1CBEF908079832789052A8485C7EE
:10C0E0009307004063EFA7001D45B24022449244ED
:10C0F000024941018280194697A5FE1F9385851745
:10C1000065BF130405C08357C90A81CF17A7FE1F57
:10C110001307C7D11E2B7837B387E702E3F687FCF6
:10C120001D8CEF90607C8D473354F4023355A40A84
:10C130001181334505082391A4045DD512059305AB
:10C14000E024334505089760FE1FE780603003D682
:10C150002404E8C02A871308F6FF814763CBC7048D
:10C16000A8C483C7040217A4FE1F1304A4C90D4763
:10C170002830639CE704F228BE383E969145EF9044
:10C180005EA6283091459770FE1FE780009C923C88
:10C1900019CA938614031206A685172500001305F5
:10C1A000A5F0EF903E9897A7FE1F238507FE014557
:10C1B0002DBF63D9070193060701B6850CC3850718
:10C1C000368769BFBA868145D5BF09476394E700C2
:10C1D000B2386DB7F2285DB741119305E02613051B
:10C1E000800E22C406C69760FE1FE78060262A8460
:10C1F0002DC91306800E81459750FE1FE780808869
:10C2000097A7FE1F23A4870023050400230404002E
:10C2100097A7FE1F9387071B985FDC5F78D83CDCED
:10C22000FD571EB8A30EF406A300F40897070000FC
:10C230009387C7E53CD497270000938767AE7CD4EB
:10C24000972700009387A7993CD897A7FE1F83C71D
:10C25000E7C381EB8D4503A581A59750FE1FE780BD
:10C26000E0C4B2402285224441018280411122C4AF
:10C2700006C626C28347C5052A84A5C79305E505DA
:10C2800019461305E5049750FE1FE780C08AAA846B
:10C2900029E91C28898BA5E397A7FE1F83C797EF81
:10C2A00085CF8347D4058DCB83473406130700041D
:10C2B00093F7070C6392E7021305C4059760FE1F0E
:10C2C000E78040A568D009C98947230EF404834755
:10C2D000D40493E7270089A80347C4058947631658
:10C2E000F70083474405A1E78544B24022442685F0
:10C2F0009244410182808347D405E5DB83473406BD
:10C300001307000493F7070CE391E7FE97A7FE1FBE
:10C3100083C757E8F9D71305C4059760FE1FE78068
:10C32000609F68D0F9574DF1A30EF4045DBF97A745
:10C33000FE1F83C737E6CDDB83475405130544054D
:10C34000A9CB8347B4051307000493F7070C639246
:10C35000E7049760FE1FE780609868D051D593048A
:10C360006405A685194651059740FE1FE780006BBE
:10C370006C508D47230AF404BC311946910593E7AC
:10C380002700A30AF40426859740FE1FE780006972
:10C39000A1BF9760FE1FE780A08F68D031D5894785
:10C3A000230AF4043C29A9D38D47230AF404043159
:10C3B000B33490001DBF034745051DC31829AA8744
:10C3C0000545058B05C3E84BAC4F411106C6976088
:10C3D000FE1FE78040A1B2403335A00041018280BA
:10C3E000054582808280797122D406D63C292A8430
:10C3F000BDC30357050483572504637EF704976084
:10C40000FE1FE780A09485476307F5000145B25001
:10C410002254456182805C341D4728446394E700C0
:10C42000834784025CA1834754051946930564053C
:10C430005CB18347940219057CA13E341EA5974048
:10C44000FE1FE780A05D8357040485072310F404D2
:10C450003C449C433CC4584CA1674834F98FE1C725
:10C46000994763E7A7047C2413075002E360F7FAB7
:10C4700097F600009386C6943345D5201841369729
:10C4800002874D472304E4027D57E917A304E40221
:10C49000231F0402A30604022307F40211A8930732
:10C4A00050F11EB4231F0402A30604022307040252
:10C4B000034EE402014363090E007C240323840736
:10C4C000B387C74189073E93034584028346C4026C
:10C4D0000347D4028347940203083402835EE403D3
:10C4E00083455405830854018506137F45001AC807
:10C4F00072C61306640593F6F60F63030F02130367
:10C50000E4051AC40343D4051AC276C0EF60D00B09
:10C510000545F5BD4147BDB76D47ADB749479DB727
:10C5200002C402C2DDB785476316F50417A7FE1FD4
:10C530000327C7CD182B8345540583075401098B66
:10C540001306640515C38346D40599CE0347340604
:10C55000130500041377070C6318A7001307E405FD
:10C560000545EF60F0056DB7014781460545EF6071
:10C57000C07E79BF742493075002E3E9D7E8894766
:10C580006307F50099476315F500094511A00D45AE
:10C59000E91693F6F60F2307D402014799C2385CD7
:10C5A0002107830754018345540513066405C1B769
:10C5B000411106C622C42A849770FE1FE780A07826
:10C5C000930700FA3CA4A14517A5FE1F0345B583B8
:10C5D000EF902EE917A7FE1F1307C7BB1C23762871
:10C5E000850793F7F70F1CA3130700643347D7029F
:10C5F00063C8E700EF907EBB97A7FE1F238C07B8A8
:10C60000B240224441018280411122C406C6B14792
:10C610005CA57C590D472A8498A35C25785993F72B
:10C62000F7031CB38347D50423060504898BA1C3F4
:10C6300083474505898BA1C76C5189ED6C50BC2996
:10C640009DCB68581946D10521059740FE1FE7800C
:10C65000E03C15A0BC25FDD389472306F5046859A5
:10C660001946B10509059740FE1FE780203B834727
:10C670004405898BE1F78347C404898B91EB6858A3
:10C6800019469305E40409059740FE1FE780003929
:10C69000034744058D47630BF70068581946930517
:10C6A000640521059740FE1FE78040378347D40487
:10C6B000858B91E70347C40489476317F7007858CF
:10C6C0001C2393E707041CA383475405858B91E73C
:10C6D000034744058D476317F70078581C2393E7F9
:10C6E00007F81CA358349D474C24631EF7000345EC
:10C6F0005402930760FA3CA42244B24041011763FC
:10C70000FE1F670043A4930720FA3CA40145EDB740
:10C71000411126C2938481A68C4097A7FE1F23A5B2
:10C7200007CA22C497A7FE1F23AE07C806C6D8555E
:10C730009797FE1F83C7C770B7060082FD16139632
:10C74000476093F7F703758FE607D98FDCD513079A
:10C75000A0032A8483A781A8635CC704F84FB706A7
:10C760000007558FF8CF2285EFF01FEA785883A78E
:10C7700081A72285B8DF9C4098431317772998C377
:10C78000D857719BD8D7EFF01FC69760FE1FE78080
:10C79000408F97A7FE1F83A727C3858BB1C797A795
:10C7A000FE1F23A307C2B24022449244410182806B
:10C7B00013072002635AC700F84FB70600F9FD16A9
:10C7C000758FB706000571BFB70600F96947FD16FA
:10C7D0006357C700F84F758FB706000359B7F84F76
:10C7E000758F13178729BDBF930700FA3CA465BF57
:10C7F000797122D4930555012A84285D014626D2F9
:10C8000006D69760FE1FE780208A894463140518C6
:10C81000305C9D46A1441C22BD8B5CB4183278A4C8
:10C82000639AD7163C22914493D6670093F7F70397
:10C8300063F2E7169944639F06149305F7FF9D8DF5
:10C8400093F5F50F2307B4022832C54493763500DB
:10C85000639206149376450063970610930646008C
:10C86000FD1793F4F70F9377850095CB9C3283489F
:10C87000940213D84700639408170568130808F05A
:10C8800083C80600A207B3F707010358A402B3E761
:10C8900017016316F814F914890693F4F40F41890B
:10C8A00035C19C220965130505F093F7F7032302B0
:10C8B000F402BC22A207E98F8832C98F9397576090
:10C8C0007EB08DCF038506006353050A1305C012A1
:10C8D00003485402B387A7020545631CA8082D0727
:10C8E0000A07998F138547ED1308405103478402C7
:10C8F0006374A808136707042304E402F5148D0683
:10C9000093F4F40F3C3213F7070261EF93F7070437
:10C9100099C79C22FD1493F4F40FA301F402E1E4FF
:10C920000346E4027C24385C8346C402918F890765
:10C93000BA9732C63EC802C402C27E3C850693F650
:10C94000F60F3EC083085401030834028347940263
:10C950000347D40283455405034584021306640546
:10C96000EF60804605A893065600F917DDBD7945AE
:10C9700085B729070E07B5B74A3CAA9517A5FE1F2C
:10C9800003554585635EB500136707042304E4027D
:10C9900093040002B250225426859254456182804D
:10C9A000136707022304E402138781A708434EBCE0
:10C9B0004C4513981549232605010F100000184314
:10C9C00037050200938757ED08C71305000817A81D
:10C9D000FE1F2321A8A086077CD34CC705B7D144EE
:10C9E00055BFD94445BFE14475B75D71A6C2B704D0
:10C9F0000300A2C4CAC04EDE52DC56DA5AD85ED654
:10CA000086C617A4FE1F03246480138981A7370AF2
:10CA1000020097A9FE1F9389E99A930A0008138BD5
:10CA200081A6938B81A89384841583270900F853EA
:10CA30007DFFD44713971649D8C70F10000003276E
:10CA4000090093072030B70533002324470123A8AA
:10CA500059017CD354C797A7FE1F23A50796834788
:10CA6000840293F7F7F92304F40297A7FE1F23A586
:10CA7000079697A7FE1F23A9079485471CC3832702
:10CA80000B00944393F6F6CF94C3944393F6F6CFFA
:10CA900093E6062094C383A60B0090464D8E90C665
:10CAA00024CBD856759BD8D6984383464402137737
:10CAB00007F893F6F607558F98C39750FE1FE78047
:10CAC000405C9770FE1FE780002883A70900858BD4
:10CAD00089CB228597A7FE1F23A6078EEFF05FD193
:10CAE00031C5930700FA3CA4034584028346C4027F
:10CAF000830854011375F5F9136505042304A40292
:10CB000003083402834794020347D4028345540543
:10CB100002C802C602C402C2723C850693F6F60F32
:10CB200032C013066405EF60202A09A883478402F7
:10CB30001307000293F70706638DE700B64026440B
:10CB400096440649F259625AD25A425BB25B61611D
:10CB5000828038249307500AE309F7EC71B75971C2
:10CB6000A2D4930555012A84285D014686D6A6D213
:10CB7000CAD0CECED2CCD6CADAC8DEC6E2C4E6C2AD
:10CB8000EAC06EDE9750FE1FE7800052094759ED5C
:10CB9000032B84071D461307000883460B00BD8A3C
:10CBA00054B483471B007CA46392C60883442B00C3
:10CBB000114713DC64002304840393F4F40363F744
:10CBC000F406138714006376F70089461947630F4C
:10CBD000DC04FD17858F2307F40283473B0013090C
:10CBE0004B00858B9DE7FD1483473B0093F4F40FC6
:10CBF000898BC5CB0347C4053C5C63000716894697
:10CC00009C236318D7069397476063C90706494773
:10CC100031A883474405130564058DCB1946CA85A1
:10CC20009740FE1FE78020F1454721E1B65026548A
:10CC300096540659F649664AD64A464BB64B264C98
:10CC4000964C064DF25D3A85656182808547230AE0
:10CC5000F40483470B001946CA8593D76748A30A93
:10CC6000F4049740FE1FE78060DB1309AB00E51476
:10CC7000A5BF0347D4059D83E31BF7F81946CA8572
:10CC80001305E4059740FE1FE780E0EA49D183479A
:10CC90008402E914190993E7470093F4F40F23047D
:10CCA000F4022285EFF08FDC254749D183463B0013
:10CCB00093F7460089C7FD14050993F4F40F93F721
:10CCC000860095CB8347190083459402514713D6BC
:10CCD0004700E39DC5F40567130707F0A207F98F26
:10CCE00003470900D98F3A346303F7003EB4F914BF
:10CCF000090993F4F40F93F70601C1C35547E317ED
:10CD00000CF2834709000967130707F093F7F7034D
:10CD10002302F40283472900A207F98F0347190071
:10CD2000D98F939757607EB00307090063550700BA
:10CD30006177D98F7EB07E30F5140D0993F4F40F2E
:10CD400093F6060299C78347840293E707022304F8
:10CD5000F40295EA231F04029DA80547230EE4046C
:10CD60009C231946CA859D83A30EF4041305E4058C
:10CD70009740FE1FE78080CA19BF93F60602F9DAD2
:10CD80005947E3150CEA4946CA8568089740FE1FD3
:10CD9000E780C0C8BC8709477EBC5C4CB98B6394F4
:10CDA000E70283472408858B6383071A9799FE1F40
:10CDB00083A9894693056405054A6390090C834756
:10CDC000C407639B0710B914490993F4F40F834710
:10CDD0003B0093F7070489CB83470900FD1405093D
:10CDE000A301F40293F4F40FC9C013062003A54570
:10CDF00005450347190083470900631BC70463996E
:10CE0000B7040347C4076315A704034739008346E3
:10CE100029002207558F83464900C206D98E034751
:10CE200059006207558F2320E40C03476900230053
:10CE3000E40E03477900A300E40E034789002301B1
:10CE4000E40E03479900A301E40E0947230EE4060C
:10CE500063FD970013871700B387F440FD1713771E
:10CE6000F70F93F4F70F3A99C9F42285EFF0AFD496
:10CE70008547630BF52E054755BB03C7490083471C
:10CE800094026313F70C8347540503C75900858B3D
:10CE9000631CF70A1946138569002EC69740FE1FCA
:10CEA000E78060C9B2456311450B83479402A3082C
:10CEB000040C2319440D230AF40C83475405194626
:10CEC0001305640DA30AF40C9740FE1FE78000B51C
:10CED0002320040E230E44079257A2561305040B79
:10CEE00013D757001D8BA30FE40C0347540213966E
:10CEF0008601A1820507230EE40C7A3CA30EE40C04
:10CF00002183230FE40C13D78700598E13070408DD
:10CF100014CF8356C10250CBFD8B2314D408825604
:10CF20005CDB14DBEFA01FBB0347D1018967A307BC
:10CF3000A40893760702F249FD17A1EEB3F9F900B0
:10CF4000F947B389F90295A083A90900BDB5034744
:10CF5000440D83479402E314F7E6834754050347DF
:10CF6000540D858BE31DF7E41946930564051305FD
:10CF7000640D9740FE1FE78000BC8547E311F5E490
:10CF8000A308040C2319A40C2320040E230EA406CA
:10CF9000A1B7B3F9F900137707049307C012B38957
:10CFA000F90201C7B7872500BE9983465402054799
:10CFB0007C246393E618AD078A07B389F940B70765
:10CFC0004B00138749ED938777DAE3EEE7DE979B13
:10CFD000FE1F938BABEA03D5CB0037460F0081468B
:10CFE000B3A5A9021306062423000408330535035C
:10CFF000EFB0103C83A70B002A8AAE8A8297B30752
:10D00000450133B5A700B305550183A68B003E87C4
:10D0100099E163E4D7003387D74083A74196232063
:10D02000E40A82971307204E33CDE90223A0A1A67C
:10D0300083D7EB00B74D0F00938D0D249387471FC7
:10D04000179AFE1F034A1AE083DCCB008146814514
:10D050006686B3C7FD02B30AED023305BA03135A5D
:10D060001A00B3DAFA02EFB0B034930600321307B5
:10D07000204E6686B387AC03AA9AB3F7D7028146DF
:10D08000B387E702B3C79703B335BA03B3C707083B
:10D09000BE9A3305BA03EFB0B03156956371350BC4
:10D0A000D289B3B55C03032A040A37460F0023264E
:10D0B000540B13060624814633855C03EFB0502FD2
:10D0C000636CAA083305AA402322A40A0345D407A7
:10D0D0009307F00F6304F500EF80DEC18327440A55
:10D0E0001795FE1F0325851363EC370733863741F9
:10D0F0008327C40D03D7CB009306D407A183B3C7FE
:10D100000708B387E70213070032A2859387071940
:10D1100033D7E7029760FE1FE78020930347D407C9
:10D120009307F00FE301F7CAFD572319F4085C4C8D
:10D1300093E747005CCC41B9A9078E07BDBD371501
:10D140003D0066868146130505908145EFB0502667
:10D15000B38AA9408D49B1B783A78B003E9A9DB78A
:10D1600003A78B00BA9759B78947631CFC007C342E
:10D17000858B81CB8347440589C71C38CDC3FD17F8
:10D180001CB89770FE1FE78000BC2285EFF0AFA5AA
:10D190008347840293F70702E38F07CC7E3013970F
:10D1A000576063520708CE07CD831307C0120346AA
:10D1B00054028546B387E70278246318D6062D0704
:10D1C0000A07998FB7064B00138647ED938686DAD8
:10D1D00013071002E3ECC6A413070064E36DF7C85D
:10D1E000138781A710435446939516494CC60F10D8
:10D1F0000000184337060200938757ED10C7130647
:10D2000000089795FE1F23A7C51C86077CD354C72B
:10D21000930750FA3CA48347E4025EBCA9B9228577
:10D22000EFF00FCF89B9794759B729070E0751BFDA
:10D23000411122C4930555012A84285D014626C266
:10D2400006C64AC09750FE1FE78000E6894435E5D0
:10D25000032984079D4693040008034709003D8B7A
:10D2600058B4834719007CA46319D7040347840288
:10D270009944136787002304E40203472900937647
:10D28000F70319831DEB1387160091446377F702A8
:10D29000FD17958F2307F402834739009305490052
:10D2A000858B8DCF834644050D47834709006392E4
:10D2B000E61293F7070489EBC544B24022440249C1
:10D2C0002685924441018280685019465105974055
:10D2D000FE1FE78040869305A90079DD834739006A
:10D2E000C94413F7270071FB230E040413F747000A
:10D2F000CD4461F793F40702639F041213F787008C
:10D3000005C398318566938606F02207758F9421B0
:10D310008905558F3AB403C7F5FF1183A304E402CE
:10D32000C18BB9CF9C210967130707F093F7F70367
:10D330002302F402BC21A207F98F9831D98F939769
:10D3400057607EB003870500635F07081307C012AC
:10D35000034654028546B387E70278246317D6084C
:10D360002D070A07998F138747ED9306405163F104
:10D37000E6088347840293E707042304F4028D053B
:10D380008347390093F7070481C79C21A301F40266
:10D39000030744013C38634AE00885475CA82C3801
:10D3A0000545EF807ED908B82285EFF0CF83854709
:10D3B000E315F5F0834784021307000293F707068D
:10D3C000E39DE7EE930750FA3CA48347E4025EBC7A
:10D3D000EDB50347540593D76748E31FF7EC1946AB
:10D3E00013056405EDB57947A5B729070E079DBF5D
:10D3F000138781A7104354461395164948C60F104A
:10D400000000184337060200938757ED10C7130634
:10D4100000081795FE1F232FC5FA86077CD354C733
:10D420008347840293E7070289BF858399C33CB889
:10D43000BDB78547EDBFD94449B5011126CA9384CC
:10D4400081A8984022CC4AC84EC606CE5C571389A4
:10D4500081A6938981A7F59B5CD7032709008346A2
:10D4600045021794FE1F1304E4F51C4393F6F607D8
:10D47000014693F707F8D58F1CC3B7C7898E9387EA
:10D4800067ED1CC7B7575500938757555CC303A773
:10D4900009009305F00F5C4393E717005CC3930703
:10D4A00010FA3CA503455502232004009750FE1FA7
:10D4B000E78060ED83A60900232A04000327090002
:10D4C0002322040085479CC21C433706330093F790
:10D4D000F7CF1CC31C4393F7F7CF93E707201CC378
:10D4E0009840F24062441C47D2444249D18F1CC745
:10D4F000B707030093878715BCCAB24905618280CC
:10D50000411106C622C4FD572308F50283471502C0
:10D510002A842301F502A147A300F502354597703F
:10D52000FE1FE780E0892285EFF03FF1938781A716
:10D53000984354471396164950C70F1000009C4358
:10D540003707020098C7130700081796FE1F23230A
:10D55000E6E80567130727A8F8D3D4C7930740FA6E
:10D560003CA4B240224441018280011122CC9305A7
:10D5700055012A84285D014606CE26CA4AC84EC6F1
:10D5800052C49750FE1FE78020B2631105428329E1
:10D5900084071307F00783C60900BD8A54B483C704
:10D5A0001900A301E402230A040493F7F7037CA4FF
:10D5B000230E04041D476399E632544C1167758F9E
:10D5C0006318073E03C929009374F90313871400F5
:10D5D0006392E73E135969002304240383C739008B
:10D5E000138A490013F7170051CB6317093CC18B0D
:10D5F00091C70347140289476300F73C8547230A14
:10D60000F40483C70900D285194693D767481305E8
:10D610006405A30AF4049730FE1FE780204083C707
:10D620003900E514138AA90013F7270093F4F40FC7
:10D6300025EB83C7390013F747006311073893F6CA
:10D640000701A18BC5C383471A000567130707F0BD
:10D65000A207F98F03470A00D98F3EB483471A0007
:10D660009183A304F402FD572301F402C1E6F914E7
:10D67000090A93F4F40FA3060402F9A0FD1413F7AA
:10D68000270093F4F40F55D7630C09008D44F24042
:10D6900062444249B249224A2685D24405618280C9
:10D6A000C18B91C7034714028947E301F7FE854701
:10D6B000230EF4043C5CD28519469C231305E40533
:10D6C000E9149D83A30EF4049730FE1FE780003514
:10D6D00083478402190A93F4F40F93E74700230465
:10D6E000F40281BFFD57A304F4022301F402C1D662
:10D6F000D54471BF9760FE1FE780E06483472A002E
:10D700000967130707F093F7F7032302F40283472F
:10D710004A00A207F98F03473A00D98F93975760C1
:10D720007EB003072A00635507006177D98F7EB06A
:10D7300083474A0009479583A302F402E36AF7FA94
:10D74000ED14150A93F4F40F83C7390013F7070299
:10D750006318072613F7070405C313F7070111C75A
:10D76000834614020947638FE62403470A00FD1429
:10D7700093F4F40FA301E40263980424631A0902EA
:10D780002285EFE0BFAE19E1A54411B72285EFE095
:10D790009FC27DD983C73900C18B95E39760FE1F77
:10D7A000E780605A228523070402EFE0DFC389B7D0
:10D7B000C18B91E79760FE1FE780E05815BF834754
:10D7C00054027230230604028507A306F40293175D
:10D7D000566063DF070C4E064D829307C012034765
:10D7E00014023306F60285476316F7007C24A90766
:10D7F0008E071D8EB7074B00130746ED938787DA18
:10D8000063E6E71C9307005063E6C70A938481A789
:10D810009C40D84793161749D4C70F1000009C406E
:10D82000B70602001799FE1F1309C9B994C713065A
:10D8300056ED930600082328D9000606F0D3D8C772
:10D84000F8537DFF8347140222852301F402A14788
:10D85000A300F402EFF07FBE9C40D847931617490F
:10D86000D4C70F1000009C40B706020093040002CA
:10D8700094C7930600082328D9009306A032F4D356
:10D88000D8C79740FE1FE780C07F83270900858B9C
:10D89000E38F07DE22856244F240D2444249B24916
:10D8A000224A9797FE1F23AF07B005616FF02FAB99
:10D8B000F94735B7034704039307F00F93041002A9
:10D8C000E317F7DC930710271306F6D83356F60252
:10D8D00093060403A285170500001305A5C293044F
:10D8E000F007EF802EA465B3130770043357D700F9
:10D8F000058B93040008E30C07D8E91793F7F70F9B
:10D900007D47E366F7D88544230A940483C709005A
:10D9100019469385290093D7674813056405A30A20
:10D92000F4049730FE1FE780600F5C34230E04047C
:10D93000639197022C5C230EF40419469C21130575
:10D94000E405A1059D83A30EF4049730FE1FE78034
:10D95000E00C2285EFE09F918547AA84E316F5E26B
:10D960002285EFE05FA5E31195E25C3481C719479A
:10D97000639CE7006434858881C88347440589C770
:10D980001C3889CFFD171CB89760FE1FE780A03BAD
:10D99000583491476318F7009D44D5B92285EFE0CC
:10D9A0003FD7F5B12285EFE01FA4FDB78944C5B18B
:10D9B000A144F1B99144E1B9C544D1B9CD44C1B94B
:10D9C000D944F1B1DD44E1B1E144D1B19304100295
:10D9D0007DB9411122C4930555012A84285D014671
:10D9E00026C206C69740FE1FE780006C894429E1E5
:10D9F0002C5C7D4791449C31230E040493F7F7037C
:10DA00007CA4E91793F7F70F6364F7029C21114791
:10DA1000A144BD8B5CB4639DE700834644050D477C
:10DA20009C21AA846395E60493F7070481EBC5441F
:10DA3000B2402244268592444101828068501946B2
:10DA4000890551059730FE1FE780E00E6DD1030771
:10DA500044013C386348E00285475CA82C38054502
:10DA6000EF808EED08B82285EFE0FF97D1B703472E
:10DA7000540593D76748E31CF7FA1946890513053F
:10DA80006405C9B7858399C33CB8C9BF8547EDBF55
:10DA9000011122CC1794FE1F1304C492584C26CABD
:10DAA00006CE4AC84EC695479784FE1F83A40476C7
:10DAB0006306F700584C8D47631FF7008347140235
:10DAC00081E7930760101EB0F2406244D24442499D
:10DAD000B249056182805C4C138981A783270900C4
:10DAE00037070200194523A2070698C79797FE1F1C
:10DAF00023A2078E938981A69760FE1FE780402CA2
:10DB000003A70900B7C7898E938767ED1CC7B7576E
:10DB10005500938757555CC383C724021307F00F42
:10DB20006387E700A380F402FD572381F4020327F3
:10DB3000090001469305F00F5C43014593E7170088
:10DB40005CC3930710FABCA499475CCC9797FE1F5F
:10DB500023AA0786138481A89750FE1FE780A0821E
:10DB600018405C57F59B5CD783A6090098349C420B
:10DB70001377F70793F707F8D98F9CC29787FE1F93
:10DB800083C7C73099C703A581A59730FE1FE780DB
:10DB9000003103A70900B70633001C4393F7F7CF02
:10DBA0001CC31C4393F7F7CF93E707201CC318400F
:10DBB0001C47D58F1CC703270900B70703009387AD
:10DBC00087153CCB9797FE1F23A807809787FE1FDA
:10DBD00023AC077E85471CC3C5BD411122C406C6C0
:10DBE00026C21784FE1F0324646203471402A14760
:10DBF000630BF70A9786FE1F83A6867E9947639478
:10DC0000F60A89441C346315970A1307700263806F
:10DC1000E71013075002930570026394E700930521
:10DC200060020CB483A781A698433706CEFF7D1609
:10DC30001377F7CF1367071098C303A781A814477A
:10DC400003A581A737083300F18E14C737060300F8
:10DC500030C99786FE1F23A706769786FE1F23AD41
:10DC600006769786FE1F23A10676854614C1944347
:10DC70001306861593F6F6CF94C3944393F6F6CF26
:10DC800093E6062094C31447B3E6060114C730C9CF
:10DC90005457F59A54D79843137707F84D8F98C384
:10DCA000930710FA3CA4B24022449244410182807E
:10DCB000130770026386E702930650026394D7004D
:10DCC0001307600218B483A681A8DC56F59BDCD646
:10DCD00083A681A69C4293F707F8D98F9CC2C9B747
:10DCE00083470402898B85C77238A1451785FE1FBB
:10DCF00003457511EF70FEEE93075002A3009402E6
:10DD00001CB42244B240924441016FF07FD8228576
:10DD10002244B240924441016FE09F899787FE1FE1
:10DD20009387474703A7070A25E31787FE1F1307B3
:10DD30006769504FA9466309D604544F2D47638540
:10DD4000E604411122C4A05F06C61785FE1F0345E5
:10DD5000950B8347040213F7170011C78547322C30
:10DD6000A300F40239A0898BF5DB72388947A30040
:10DD7000F402A145EF70FEE6930750021CB4224462
:10DD8000B24041016FF0DFD08280011122CC26CA5F
:10DD90004AC84EC652C456C25AC006CE1784FE1F89
:10DDA0000324C446930A200A1309100A9304600A44
:10DDB000130B400A9309500A178AFE1F130A8A6040
:10DDC0003C246398570B938781A798435447139635
:10DDD000164950C70F1000009C4337070200978474
:10DDE000FE1F9384245E98C71307000898C803A7F2
:10DDF00081A618431357774835C31307E018F8D3A3
:10DE0000D4C79740FE1FE780C0279C40858B8DCBF1
:10DE10009787FE1F23A8075A9760FE1FE780A0F28E
:10DE20002285EFF01FBB09CD030744013C38634A4C
:10DE30000702FD575CA82C380545EF80EEAF08B807
:10DE40001C24638807126244F240D2444249B2491A
:10DE5000224A924A024B05616FF09FC31307E01AF2
:10DE600079BF860793F7F70F99C33CB8E9B7FD5719
:10DE7000EDBF6391270383270A00858BF1D32285A9
:10DE80009787FE1F23A00754EFF02FEE3C24E39961
:10DE900027F37DB76392970A938781A798435447E6
:10DEA0001396164950C70F1000009C433707020015
:10DEB0009784FE1F9384045198C71307000898C8DD
:10DEC00003A781A618431357774821CF1307E018FB
:10DED000F8D3D4C79740FE1FE780A01A9C40858BDB
:10DEE00089CF9787FE1F23AF074C9760FE1FE780FF
:10DEF00080E52285EFF0CFB309CD030744013C381C
:10DF000063440702FD575CA82C380545EF80CEA27C
:10DF100008B838249307500AE314F7F2EFE0FFAC97
:10DF200005B71307E01A6DB7860793F7F70F99C384
:10DF30003CB8D9BFFD57EDBF639A67039740FE1FFA
:10DF4000E780201483270A00858B81CB2285978761
:10DF5000FE1F23A90746EFE09FC03C2463943701CE
:10DF6000EFE0BFA83C24E38D97E4D9BDE38A37FFF7
:10DF7000C1BD9787FE1F83C767F199CF6244F24006
:10DF8000D2444249B249224A924A024B01450561B4
:10DF90001733FE1F6700A3F0F2406244D2444249A7
:10DFA000B249224A924A024B056182804111B7E789
:10DFB00000E026C284433707200006C622C44AC0B8
:10DFC000F98C23A0E7180F1000009787FE1F938796
:10DFD000673F03C7170211CB83C607020947639641
:10DFE000E6001787FE1FA30F073ED44F2147638625
:10DFF000E600D44F1D476398E600D84F2380E70220
:10E000000547A380E7029760FE1FE780C0D317840F
:10E01000FE1F0324A41F68402315040023040400EA
:10E020009740FE1FE780204F1789FE1F130989DDE7
:10E0300003453900914523100404232204042324BA
:10E040000404EF701EC203453900A145EF707EC184
:10E05000034514039307F00F6307F500EF709EC9A3
:10E06000FD57A308F402034504039307F00F630769
:10E07000F500EF703EC8FD572308F4029787FE1F96
:10E0800083C7C7E091C701459730FE1FE78020E1B5
:10E09000B2402244B7E700E023A09710024992441F
:10E0A00041018280411106C6FD57A308F50245468D
:10E0B000930500080145EFD03FC6B24041016FF023
:10E0C000FFEE9787FE1F83C717D485EF41111765B1
:10E0D000FFFF1305052B06C6EF70DEE3EF600FB7F9
:10E0E000B24097E7FFFF9387670F1787FE1F232133
:10E0F000F71297070000938787C923ACF1A4410169
:10E10000828097E7FFFF9387670D1787FE1F232104
:10E11000F71097070000938787C723ACF1A482808C
:10E12000411126C206C622C44AC0EF903F84AA8489
:10E1300039C9EF904FF22A84630505109307101137
:10E140003EA5930700FB7CA585471CA91789FE1FE8
:10E150001309C9CD835709011307401093053025D2
:10E16000A50713050004B3C70708B3D7E70A33F5BB
:10E17000A70A9740FE1FE780A02D2328A41019E9C5
:10E180000A24EF905F8CB2402244024926859244D3
:10E19000410182809787FE1F83A78726232AF410D8
:10E1A0009787FE1F938707FF03A6070D83A6470DDA
:10E1B000BA3F83C7A704232CC40E232ED40EA30476
:10E1C000F416FD572310F4047EB01EB48347E40216
:10E1D0002324C4102326D41093E707FC2307F4025A
:10E1E0008567938787BB2315F4042312E4142285E3
:10E1F00023130414EF701FEF034549012301A414F6
:10E20000EF10206CD147A303F41893078002A302F8
:10E21000F4189307C04E231CF4169307F007230D40
:10E22000F416F5779387A7EB231EF416A301A41425
:10E230002300A418A300A4189787FE1F239007F6B5
:10E2400099B7854489B7411122C426C24AC006C67F
:10E250009784FE1F938404F42A84A8308345040322
:10E260001789FE1F130989BCA307A402EF707EE47F
:10E270009785FE1F938585C0D2253E3C93060032CC
:10E28000232AA4083387C7028C453358D702337733
:10E29000D702232604091308204E33070703B38748
:10E2A00007033347C702B3D7A7021AB00347890150
:10E2B000BA971A3C93878716B3C707080507330731
:10E2C000C7022312F408130707193357D70283260E
:10E2D0008408BA9663E5E600368663E4B6003386C2
:10E2E000B640034774039306204E2313F408330704
:10E2F000D7022328C40822852311E408EF70DFBD6C
:10E300002285EF70DFD86E3C22859205F915B3C5E2
:10E310000508EF70BFB82285EF909F8083A701A505
:10E3200023A0840A898B91CF8327090399CB832566
:10E33000840935458297832709038325C409394514
:10E34000829722852244B240924402499787FE1F59
:10E35000239907E49787FE1F23A607E441016F80F6
:10E360008FBE835745080357050889463357D70A98
:10E37000B397E7002313F5086F703EE3011122CC39
:10E3800026CA4AC806CE4EC68347650338392A8452
:10E390008507230BF502138981A75C25938481A649
:10E3A000631A07501439BD9B93E737001307000425
:10E3B0005CA5A30D050038B99397466063D80700A4
:10E3C00093F6F60714B9EFD00F8039A88327850A92
:10E3D00013F7270025C3F59B2324F50A832705108F
:10E3E000918BB1C7EFA03FC9343C8547582463994E
:10E3F000F60483278411DC4398A3832784115838BB
:10E40000DC4398B303278411832709005843B8DFFE
:10E410009C4098431317772998C3D857719BD8D736
:10E42000F2406244D2444249B24905618280EFA081
:10E430009FC25DBF13F717000DC3F99B2324F50A94
:10E4400083270411582498A383270411583898B3BC
:10E4500083270900032704115DBF1829854963102C
:10E46000371DE1C313F7070119C7BD9B2324F50A24
:10E47000EFB0CF9F95BF13F7070201CB93F7F7FDDE
:10E480002324F50AEFB00FB285B713F7070401CBC9
:10E4900093F7F7FB2324F50AEFA09FC2B1B713F758
:10E4A000070809CB93F7F7F72324F50A2285EFA095
:10E4B0009FCD1DBF13F7072009CB93F7F7DF232468
:10E4C000F50A2285EFA0FFDC05B713F7074001CB63
:10E4D00093F7F7BF2324F50AEFB0FF9131B7131775
:10E4E000B0287D8F01CB9397B7482324F50AEFA07E
:10E4F0009FF2DDBD05677D8F01CB9397C74823242D
:10E50000F50AEFA0BFF3CDB509677D8F01CB9397D7
:10E51000D7482324F50AEFA0DFFDF9B52324050A27
:10E5200005B78327450A6384073013F7070401CB37
:10E5300093F7F7FB2322F50AEFA0BFAB75B513F7EE
:10E54000071001CB93F7F7EF2322F50AEFB0AF9650
:10E5500061BD13F7072019CBCD8A6391060E93F79F
:10E56000F7DF2322F50AEFB0AF99BDBD13F70740DF
:10E5700001CB93F7F7BF2322F50AEFA0FFB1ADB5AA
:10E580001317B0287D8F01CB9397B7482322F50A44
:10E59000EFA07FB491BD05677D8F11CBCD8AD9EEF9
:10E5A0009397C7482322F50AEFA09FC635BD116790
:10E5B0007D8F01CB9397E7482322F50AEFA01FE058
:10E5C00025B541677D8F01CB939707492322F50A33
:10E5D000EFB0CFA611BD370702007D8F01CB939717
:10E5E00017492322F50AEFA01FE1FDBB37071000F2
:10E5F0007D8F01CB939747492322F50AEFA05FEA6D
:10E60000E5B3370780007D8F01CB939777492322AD
:10E61000F50AEFB0CFDBC9BB2322050A15B519CF28
:10E620001306A0056367E6041306F003636AE600B9
:10E6300015171377F70FF54763F4E702228561B3E7
:10E64000130707FC1377F70F6946E369E6FE17C661
:10E6500000001306A6783347C72018433297028775
:10E6600097C600009386467E3347D7201C43B69753
:10E6700082879307200763ECE7029307000763E8AC
:10E68000E722930760066301F722130767F9137700
:10E69000F70F8549E3E4E9FAEFC0FFD28327040AC4
:10E6A0009397B7282320F40A2308340135BB930736
:10E6B0006007E30EF7E293076008E311F7F8EFA0B5
:10E6C0005FE33DA01317B0287D8F2DDB9397B748EC
:10E6D0002324F50AEFA03FD4930700041CA829B314
:10E6E0008347B5029DC305476396E700EFB08F8B64
:10E6F0008547EDB783270510918BC5C7BD47230616
:10E70000F4022285EFA03F97E5B7EFC0DFCB832768
:10E71000040A93E727002320F40AD9BFEFC0BFCA39
:10E7200085471CA88327040A2311040693E74700A2
:10E730002320F40A55B9EFA06FFFD947230AF40448
:10E7400065B1EFC05FC88327040A93E71700232051
:10E75000F40A2308040049B99730FE1FE78060B728
:10E76000E30405C88547A306F4042285EFA0BF860D
:10E770008347C404F99B2306F404BDB1EFC0BFC4B2
:10E78000C9BF83278510858B81C7EFA07FE4A9B916
:10E79000E947A305F50283270510918B99C38D479F
:10E7A000B9BF2285EFA03F8BA1B7EFA0CFFA834777
:10E7B000D40491CB41469305C40A1305C40C972099
:10E7C000FE1FE780A0258347C4042326040E2328C8
:10E7D000040E93E717002306F40439B183270510CC
:10E7E000918B91CB8D472306F502EFA0DF881C3873
:10E7F000DD9B1CB8F5BDEFA01F86D5BF8347C504C0
:10E800002322050E2324050E93E727002306F50493
:10E81000EFA02FF61C38A3050402DD9B1CB883274C
:10E82000040A93E70701C5BDEFA09F89D1B59730D2
:10E83000FE1FE78000AAE30905BA09B50347A5143E
:10E8400011CB83476514B317F0286385E70093E67F
:10E85000060114B90347B41419CB83477414B317D2
:10E86000F0286386E7001C3893E707011CB87C2C6E
:10E8700091CF1C38C18B99EB8327040A93E70720BB
:10E880002320F40A2285EFC01FB49DB58307B41777
:10E89000F5DB83274410898BF5D78327440A9397A8
:10E8A00047292322F40AF9BFEFB0EFD491B5EFC0A6
:10E8B0009FB1DDBB1787FE1F1307C78D1E2B850772
:10E8C0001EAB1DB68347E518858B638C070E397127
:10E8D00022DC06DE26DA4AD84ED652D456D25AD098
:10E8E0005ECE62CC834765132A8413D737002A97FC
:10E8F000834607139D8B33D6F640058A55CE0345D4
:10E9000045037D57FD4759152C003AC43EC61315E3
:10E910004560EF1040140326841322478326C41356
:10E92000B247718FF58F6314E6006386F606280000
:10E93000EF904F9A894763F0A70629468145130552
:10E9400074199720FE1FE780E0132249B249814ADB
:10E950000D4C930B500256864A85CE85139A4A6019
:10E96000EFA04020135B2A40229B137A3A000589CE
:10E9700083447B19060A05CDB394442993F4F40F1C
:10E98000A30B9B18850AE3987AFD8347E41893E765
:10E9900087002307F418F2506254D2544259B259F6
:10E9A000225A925A025BF24B624C21618280331AE6
:10E9B0004C01B3E44401D9B7B396F6282308D71223
:10E9C000D9BF8280397126DA9774FE1F9384847CC4
:10E9D00022DC03A4C4094AD84ED656D23709030014
:10E9E000B74A0F00B709008252D45AD006DE5ECE75
:10E9F00062CC66CA6AC86EC6130A8915138BFA23DD
:10EA0000FD197C241307000D639BE71E938B81A7E0
:10EA100083A70B0098430D8B1DC3238E0194B84B25
:10EA20001377F78FB8CB98431367870098C39C433D
:10EA300093D7374889C7010001000100010097778B
:10EA4000FE1F83C7A74489E79730FE1FE78000B108
:10EA50008347C404858B89C7A2850545EF00D05341
:10EA6000138C81A603270C0083472414938C81A860
:10EA700054579395476093F7F703B3F63601E607CB
:10EA8000D58F5CD79306A00383A70C0063D8B6107C
:10EA9000F44F37060007D18EF4CF8327840983A66D
:10EAA0000B00178DFE1F130DED911CC78327C409A2
:10EAB0005CC3DC4293E71700DCC25C57F19B93E731
:10EAC00017005CD78355041E0356241E0345741497
:10EAD000930710FD7CA491059307000C2320FD00F3
:10EAE000B3C505089740FE1FE780E089834574148D
:10EAF000054683A60B000357240883576408639BCD
:10EB0000C50C13071703D046B3A7E7201317164900
:10EB1000D8C60F10000003A70B00B7060200860737
:10EB200014C7930600082328DD007CD350C79787BD
:10EB3000FE1F23A3078A03A60B009787FE1F23A5AA
:10EB4000078885471CC28346C40483270C0003A79B
:10EB50000C00858AD9C29443B705330093F6F6CFEB
:10EB600094C3944393F6F6CF93E6062094C31447D8
:10EB7000CD8E14C79306891734CA5457F59A54D7C3
:10EB800083466413984393F6F607137707F8558F77
:10EB900098C39730FE1FE780C04EA5B593062002AC
:10EBA00063DAB600F44F370600F97D16F18E3706AA
:10EBB0000005D5B5370600F9E9467D1663D7B600DE
:10EBC000F44FF18E37060003F9B5F44FF18E9396AA
:10EBD0008629D9B5130717043DB79443B705330009
:10EBE00093F6F6CF94C3944393F6F6CF93E60620BC
:10EBF00094C31447CD8E14C723284605BDBF130701
:10EC0000100D6390E752977BFE1F938BAB7B83A71E
:10EC10000B00858B638C074483A70B0093F70708D1
:10EC2000CDCF7C34177CFE1F034CCC2193F7070219
:10EC300099CF3E3C1307204EB387E70203274409D0
:10EC4000B3D7E7021307CC03BA972312F408977DD2
:10EC5000FE1F938DAD220355440803DDCD003746DA
:10EC60000F0013051504B325A503130606248146DA
:10EC700083AC4B033305AD02EF9090738327C40838
:10EC800003A68D003385A740B3079501BE8563E4D5
:10EC9000A70063E4C700B385C74003270409636F77
:10ECA000B712835664088357240813850A240D8FEE
:10ECB000B3A7F620B387A703DA97B3D7A702636594
:10ECC000F7001D8E6374E6002328B4088582B3F62E
:10ECD000860B231004082313D408032544111306BC
:10ECE0002403930544039730FE1FE780E03B03D7DE
:10ECF00064048347440323ACAB00998F230AF402D6
:10ED0000832744111307F0039C236364F7008D8B62
:10ED100081E7854723ACFB0083A78B01858B639933
:10ED200007268347A40293E727002305F40283A75D
:10ED30000B0093F7070889CF0347641393573700F5
:10ED4000A29783C607131D8B3397E6482388E712E3
:10ED50007C34898BD5C32285EF704FB951ED7C345B
:10ED6000A309040093E747007CB4832784118DCB6B
:10ED7000383C1DC79837058B05E7BA27C84313678A
:10ED800007F0BAA79730FE1FE780E0788357440466
:10ED900085072312F404832784119C43232CF41049
:10EDA0005C3881CB8347C404898B81C72285EF708F
:10EDB0002FB81C28130720026394E7028327040A54
:10EDC000A305040293E787002320F40A1C3893E785
:10EDD00087001CB8930740021CA839A83297D1B508
:10EDE00013070006639CE70A85471CA88347A40213
:10EDF00093E717002305F40283A78B01898BF5C3E2
:10EE00008347C404858BF1CF1C3C85071CBC7C3434
:10EE100013F7270031E393E727007CB4930700F84A
:10EE20005CAC3E3C1307204EB387E702032744093E
:10EE3000B3D7E7021777FE1F0347C7001307C703BF
:10EE4000BA97B3C707082312F40886072311F408FA
:10EE50009777FE1F23A0073E22859777FE1F23A3E7
:10EE60000756EFF0AFD14C38034564149105973045
:10EE7000FE1FE780402D5C386381071C8347C40474
:10EE8000898B638C071AA2850145EF00F00A63089D
:10EE900005109750FE1FE78000EB9DA41307700636
:10EEA0006397E70203A781A63C57ED9B3CD7977772
:10EEB000FE1F238A0752371700401E2FC607C5833F
:10EEC0001EAF5C2493F7F7FD5CA4854731B771470B
:10EED000E394E7F28327040A93E717002320F40A58
:10EEE00021BF2285EF70AFA21DF1A30C0400228583
:10EEF000EF700F9D1C38A18B8DCB7C289DC77C3873
:10EF0000094793F7B70F6382E7029307D003230AF9
:10EF1000F404930770021CA88347C404858BE3881C
:10EF200007EE2285EF70CFA5DDB55C340D47639405
:10EF3000E7047C381307A0026372F7027C381D4790
:10EF40006388E702A306F4028327840A228593E7F5
:10EF500017002324F40AEFA08F8319A817C7000015
:10EF6000130707D0B3C7E7209C432285829779F522
:10EF70007C28DDF369BDE38C07E87C28E38907E89A
:10EF800022859720FE1FE7804044E31205E8CDB7B5
:10EF90001C2C85071CACFE248507FEA48DBD03A791
:10EFA00081A61C43B706330093F7F7CF1CC31C435D
:10EFB00093F7F7CF93E707201CC303A781A81C474B
:10EFC000D58F1CC7B707030003A781A7938787279F
:10EFD0003CCB83A781A698431317772998C3D857AA
:10EFE000719BD8D7930720FD7CA49777FE1F83C71A
:10EFF000E7E9E39007BA83270412E38C07B8783473
:10F00000058BE30807B8D443D0278C270A24890648
:10F01000EF30D053E31F05B683270412BA271367D6
:10F0200007F0BAA79C432320F41283572404E382F9
:10F0300007B6FD172311F404A9BE03A781A61C433C
:10F04000B706330093F7F7CF1CC31C4393F7F7CFF2
:10F0500093E707201CC303A781A81C47D58F1CC7B3
:10F0600083A781A713078925B8CBA5B783A781A755
:10F07000FC53E39807989750FE1FE780C0CC83A706
:10F080000B00228593F707086381071EEFF06FAD31
:10F09000BE2822858507BEA8EFF0DF8283570404CF
:10F0A000A5C313074006B3F7E702B9EB83A701A591
:10F0B000898B9DCF1779FE1F130949D703270903B1
:10F0C00005CB9E28AE282545C207DD8D02978327F4
:10F0D0000903EE2429458297832709038315240316
:10F0E0002D45829783270903830544033145829781
:10F0F0009777FE1F2397070A9777FE1F23A4070A17
:10F1000022856254F250D2544259B259225A925A2C
:10F11000025BF24B624CD24C424DB24D21616F709A
:10F120006FED1307200DE396E7D6977BFE1F938BB9
:10F130006B2983A74B00858B638C07120327040A76
:10F140009777FE1F23A207288967F98FEDE72285AD
:10F150009720FE1FE78060348547631EF50C8355BA
:10F16000041E0356241E034574149105B3C50508F7
:10F170009730FE1FE78020218347C404138C81A7AA
:10F18000938C81A6858B138D81A8BDCBA285054567
:10F19000212503A70C00B70633001C4393F7F7CFD4
:10F1A0001CC31C4393F7F7CF93E707201CC3032727
:10F1B0000D001C47D58F1CC783270C001307891728
:10F1C000B8CB930710FD7CA483270C00D44713977A
:10F1D0001649D8C70F10000083270C00370702001C
:10F1E00098C71307000823A8EB0003A70C001843D7
:10F1F0001357774815CF1307E018F8D3D4C751BA7F
:10F2000003A70C00B70633001C4393F7F7CF1CC3CA
:10F210001C4393F7F7CF93E707201CC303270D0088
:10F220001C47D58F1CC783270C0023A8470551BF57
:10F230001307E01AD9B79750FE1FE780C0B01C3CF7
:10F2400085C73D476379F7009305D0032285EF70AA
:10F250006FEDA305A4029777FE1F83A727C089C778
:10F2600095451305500882972285EF701FAC49BD64
:10F2700083A781A7FC53639607F89750FE1FE7808A
:10F2800080ACDDB7411106C6EF60DFAE9777FE1F99
:10F29000938747F017F7FFFF1307C7E823A8E70A8C
:10F2A000B24017F7FFFF130747FA23AAE70A97F7B9
:10F2B000FFFF9387677123AEF1A4410182807971CA
:10F2C00022D42A841305050B06D626D24AD05AC862
:10F2D0004ECE52CC56CA5EC662C413894196EF80A8
:10F2E0006FFF832709008324040AA307A4088297D9
:10F2F000177BFE1F130B8BB863EAA416B74B0F00E6
:10F30000938B0B243385A440B33575030356CB0090
:10F310008146130C204E33057503EF907009832747
:10F32000090023000408AA89829723A0A1A6835775
:10F33000EB008324C40D177AFE1F034ABAB09387EB
:10F34000471FB3C7FB02A180B3C404080359CB0015
:10F35000814681454A86B38A840333057A03B3DA4A
:10F36000FA02EF90F004130700324A868146814585
:10F37000B307990293541A00AA9AB3F7E702B38726
:10F380008703B3C7270333857403B3C70708BE9A3F
:10F39000EF9010025695636E350137153D004A8691
:10F3A0008146130505908145EF909000B38AA940EE
:10F3B0008D44B33559038329040A37460F002326A9
:10F3C000540B13060624814633055903EF90407E03
:10F3D00063E2A90A3385A9402322A40A0345D4077E
:10F3E0009307F00F6304F500EF60DE908327440A73
:10F3F0001775FE1F032585E263E297083386974061
:10F400008327C40D0357CB009306D407A183B3C74A
:10F410000708B387E70213070032A285938707190D
:10F4200033D7E7029730FE1FE78020620347D407F7
:10F430009307F00F630FF7005C4C054723000408A7
:10F4400093E76700A308040C2319E40C5CCC230E9B
:10F45000E406B250225492540259F249624AD24A06
:10F46000424BB24B224C01454561828083278B0081
:10F47000BE9469B583278B00BE99A9BF03278B0073
:10F48000BA97ADBF01114AC81779FE1F130989D079
:10F4900022CC0324C90B26CA4EC652C456C206CE7D
:10F4A000AA848149130A2500854A39E0930570250D
:10F4B00031459730FE1FE780A0F92A84014539C8FD
:10F4C0009C301946938524001CB013052400971026
:10F4D000FE1FE780A0548327C90BB1E7232E890ABA
:10F4E000232404008347890B8507230CF90A15A000
:10F4F00018309C306305F700A28900447DB7194697
:10F50000D285130524009710FE1FE780C062E31523
:10F5100055FF0545F2406244D2444249B249224A6D
:10F52000924A05618280E38D09FA23A489004DBFC8
:10F530001775FE1F0325C5D111E99777FE1F23A973
:10F5400007D09777FE1F238307D08280411106C61C
:10F5500022C400459730FE1FE780E0FB228575F846
:10F56000B24022449777FE1F23A407CE9777FE1F51
:10F57000238E07CC410182809777FE1F938787C136
:10F5800023AE070A238C070A8280138741A61C43F7
:10F590009306001094C301000100010001001C4308
:10F5A00023A00700143103480500A206B3E60601B4
:10F5B0000348250042083368D8003431E206B3E638
:10F5C000060194D7543103484500A206B3E606016C
:10F5D0000348650042083368D8007431E206B3E698
:10F5E0000601D4D7143503488500A206B3E6060108
:10F5F0000348A50042083368D8003435E206B3E674
:10F60000060194DB54350348C500A206B3E60601A3
:10F610000348E50042083368D8007435E206B3E6D3
:10F620000601D4DB94318821A206C98EA8214205A7
:10F63000558DB431E206C98E94CFD431C821A206CB
:10F64000C98EE8214205558DF431E206C98ED4CF2A
:10F6500088259435A206C98EA8254205558DB43556
:10F66000E206C98E94D3D435C825A206C98EE825F2
:10F670004205558DF435E206C98ED4D3D443F59AAC
:10F68000D4C3D44393E61600D4C3944393E6160040
:10F6900094C31443DC42858BBDE39C4E01451CA200
:10F6A0001C439C4FA1831CB21C439C4FC1833CA2B2
:10F6B0001C439C4FE1833CB21C43D84F58A2D84F07
:10F6C000218358B2D84F418378A2D84F618378B252
:10F6D000985318A69853218318B69853418338A697
:10F6E0009853618338B6D85358A6D853218358B657
:10F6F000D853418378A6DC53E1837CB68280010035
:10F7000049BF011122CC2A84354506CE2EC632C40B
:10F710009740FE1FE780C06A03A781A73C4B228564
:10F7200093E707083CCB2246B245EFF01FE6F240D4
:10F73000624401450561828003A781A73C4B93E7A2
:10F7400007083CCB0100010001000100938505087A
:10F75000F851160583A741A61365050888C398CB01
:10F76000B8550145D8CBD85D98CFB841D8CFF8412E
:10F7700098D3B845D8D3F84598D7B849D8D7F849D9
:10F7800098DBB84DD8DBF84D98C7B851D8C7984327
:10F790001367070498C3828003A781A73C4B93E7B4
:10F7A00007083CCB0100010001000100938505081A
:10F7B000F855160583A741A61365050888C398CB9D
:10F7C000B8590145D8CBD85D98CFB841D8CFF841CA
:10F7D00098D3B845D8D3F84598D7B849D8D7F84979
:10F7E00098DBB84DD8DBF84D98C7B851D8C79843C7
:10F7F0001367070498C3930700081777FE1F232F8A
:10F80000F7BC828083A781A69843370600827D16C5
:10F810001317772998C31307F03F98DF13070005E4
:10F82000D8DBD8571317F729D8D7D4571767FE1F37
:10F8300003470761931547601377F703F18E660757
:10F84000558FD8D79306A00303A781A863DFB6021C
:10F85000744F37060007D18E74CF370702001307A5
:10F86000C720D8DF984B137707FC1367E70098CBC6
:10F8700037E700E0D147A309F7049727FE1F9387D6
:10F88000076D93E717007CD782809306200263DA26
:10F89000B600744F370600F97D16F18E3706000565
:10F8A0005DBF370600F9E9467D1663D7B600744F91
:10F8B000F18E3706000345B7744FF18E9396862973
:10F8C00061BF1307A003AA87636EA7041307A002F2
:10F8D0000D45636AF7041307200209456365F704C1
:10F8E000694705456361F70451470145636DF702B8
:10F8F00049477D556369F702394775556365F702D6
:10F9000029476D556361F70219476155636DF7002B
:10F91000114759556369F700094745556365F70075
:10F9200031558280114582803557AA87634CE504A2
:10F9300049570D4563C9E7045D57154563C5E7049D
:10F9400065571D4563C1E70471572D4563CDE70237
:10F9500079573D4563C9E7024D4563C607025545E2
:10F960009DC305476D456380E702094713053002D3
:10F97000638BE7000D471305B0026386E7001305AC
:10F98000B00382800545828019C5371700401E2FBD
:10F990009397F7281EAF8E0522069777FE1F2384C4
:10F9A000B7A4498E83A781A64D8E13164629B0D7DA
:10F9B000B85713674700B8D7B85789C61317272910
:10F9C000B8D7828013172749E5BF411122C406C664
:10F9D0001774FE1F1304049F03470402A147631812
:10F9E000F7021767FE1F0347A7769767FE1F9387E7
:10F9F0002778058BB033B42321CBC84331C50C31F4
:10FA00000905EF404F9401C58547A300F402034761
:10FA100004029947631AF7009767FE1F83A7077FC1
:10FA2000BC3795C7EFE0CF86034704029D476310BC
:10FA3000F7029767FE1F83A7A77EFC3389CB22447A
:10FA4000B24041016F60B056814501455DBFB24093
:10FA50002244410182805D71B7E700E0CAC003A97A
:10FA60000700A6C24EDE3707200086C6A2C452DCBD
:10FA700056DA5AD8AA84AE893379E90023A0E71868
:10FA80000F100000138481A61840138A81A8938A5E
:10FA900081A71C43370B03001306800293F7F7CFAF
:10FAA00093E707101CC383260A003707CEFF7D1794
:10FAB0009C46930510082800F98F9CC683A70A006E
:10FAC00023A867059710FE1FE780C0FB35459740C8
:10FAD000FE1FE780E02E1C4093F6F41F370633002C
:10FAE00023A40700984B130B8B15130510F813670D
:10FAF000F70398CBF84F130E401F914E137707E092
:10FB0000558FF8CF9843130380021367070898C3F3
:10FB10001777FE1F2322078C83A60A001777FE1F84
:10FB20002324078A054798C298431377F7CF98C3D1
:10FB300098431377F7CF1367072098C303270A006A
:10FB40001C47D18F1CC723A866053800814613F8CF
:10FB5000F60F135638004E961C2213787800B3D750
:10FB60000741858BD1CB1C4083280A0023AC0704B6
:10FB700023A0070683A5C802F59923A6B80283A887
:10FB8000070093F5F60793F808F8B3E8B80023A048
:10FB90001701CC539395F528CCD303AF0A008145C8
:10FBA0002322CF0783A807066382150383A80703D0
:10FBB0008305070093D8F8009398486063D5150132
:10FBC0008C5BBD810CA3AC5393F5F50F83284F06D6
:10FBD0006386080083A88705E3F41EFDCC53939544
:10FBE000F548CCD38305070063D6B4001C22B39735
:10FBF00007491CA233E5A50A85060507E39966F4C3
:10FC000018401C4B93F707FC93E7E7001CCBB6406A
:10FC10002644B7E700E023A0271196440649F2598D
:10FC2000625AD25A425B61618280011122CC2A84DD
:10FC3000114526CA4AC832C62E89B68406CE9740D8
:10FC4000FE1FE780E017938681A69C42138581A75B
:10FC5000938581A8D85737033300719B136717002A
:10FC6000D8D7832805001307800723A2E806984306
:10FC70001377F7CF98C398431377F7CF136707200D
:10FC800098C303A80500324603278800336767003E
:10FC90002324E800370703001307872523A8E80477
:10FCA0000327C802759B2326E8026305090A9843C7
:10FCB000136404041374F407137707F8418F98C38F
:10FCC000374776711307971298C78327480093F731
:10FCD000F7EF2322F8000100010098411764FE1F8E
:10FCE0001304446EA6855C4393E707105CC39842F7
:10FCF000B7575500938757555CC31C41185C0145A5
:10FD0000B8DF1767FE1F2323076C1767FE1F232129
:10FD1000076CD843799BD8C391475CCC9720FE1FD2
:10FD2000E780004D03A701A711C7544318479C4221
:10FD3000D98F9CC25C44858B81CB1767FE1F13074C
:10FD400067451E2785071EA7F2406244D2444249F8
:10FD50000561828098431374F407137707F8598C70
:10FD600037C7898E80C3130767EDB9BF011126CA53
:10FD70004AC84EC6C1643709006AB70900AC22CC34
:10FD800052C456C206CE1304F00FFD141309690EB7
:10FD90009389E90C614A930A0002A6850145EF6048
:10FDA0002EBC9317850013F7071033E5270119C3FD
:10FDB00033E5370181470147B356F5488507335688
:10FDC000F5486307D60005071377F70F6364EA0465
:10FDD000E39457FF81471306F003ED463357F500D0
:10FDE0001377F70305CB6307C7028507E398D7FEB0
:10FDF000135785009377F50F1377F70F639BE7028F
:10FE0000135705011377F70F6395E7021357850121
:10FE10006391E7027D141374F40F41F09305000F12
:10FE20004145EF606EB1B7B7006A4205938767CE70
:10FE30005D8DF2406244D2444249B249224A924A1C
:10FE4000056182809767FE1F9387C757D44F11477C
:10FE50006385E60E83C737026391070EB7C700407C
:10FE600003A741A6938707306319F70C011122CC31
:10FE700037E400E026CA044006CE4AC84EC652C443
:10FE800056C2B7072000FD8C2320F4180F10000085
:10FE900035459740FE1FE780A0F2938A81A6152280
:10FEA000A522EFF03F9683A70A00138A81A8B70620
:10FEB00033009843938981A7370903001367070824
:10FEC00098C398431377F7CF98C398431377F7CF26
:10FED0001367072098C303270A001C47D58F1CC748
:10FEE00083A7090013078955B8CBAD24EF00B01DD7
:10FEF0007522352403A70A001C4393F7F7CF93E735
:10FF000007101CC383260A003707CEFF7D179C46C7
:10FF1000F240224AF98F9CC683A70900924AB2494F
:10FF200023A827059767FE1F23AC074A23209410B8
:10FF30006244D2444249056182808280B7C7004052
:10FF40001387073023A2E1A613870720411123ACB2
:10FF5000E1A69387071037D7004022C406C617646E
:10FF6000FE1F1304244623A4E1A823A4F1A6854779
:10FF70005CCC9767FE1F9387E7335CDC9767FE1FB7
:10FF800083A7C7EA1CDC9727FE1F9387A7FC23AA39
:10FF9000F1A6EFF03FEBB7E700E0A301040203C7CF
:10FFA000574113670708A38AE740B2402244370746
:10FFB000100023A0E7103707200023A0E71041011D
:10FFC000828083A781A71307C008D8CB9306600758
:10FFD000D4CFD8D31306E006D0D7D8DBD0DFF8C310
:10FFE000F4C7D843059BD8C30547FAA323AA07043F
:10FFF0001767FE1F0327C740F8DF7D5798C73707ED
:020000022000DC
:100000001F003D07D8C7828083A781A81307004837
:1000100098D7D85FB70600F9FD16758F1317972983
:10002000D8DFD85F9D663706FDFF0E070D831317D7
:10003000E729D8DF985B7D161367077098DB985B1C
:10004000558F98DB985BB7060700558F98DB985B58
:10005000B7060090FD16758F1317C72998DBB447B4
:100060003707F9FF7D17F98EB4C7F447E19AF4C753
:10007000F44793F6F6F8F4C7F447F18EF4C7F44F5B
:10008000758FF8CFF84FB70690FFFD16758FF8CF34
:10009000930740060100FD17F5FF8280138781A8B2
:1000A0001C43B44B93960649B4CB94479396562978
:1000B00094C7D44793E60601D4C7D447BD9AD4C7A2
:1000C00001000100010001001C43D44793E6060132
:1000D000D4C7D4439396C628D4C303A681A7930656
:1000E000400674D2745291C683A6C70993D6864837
:1000F000F5DA01000100010001001C431387070825
:10010000544FB84BFD8A13170729B8CBB84B019B46
:10011000558FB8CB98471317574998C7828083A744
:1001200081A8B44F41777D17F98EB4CF9447939649
:10013000062994C7D44793F6F6EFD4C7D443758FF6
:10014000D8C3D84713670710D8C7D8431317072950
:10015000D8C38280397122DC4ED652D406DE26DA2C
:100160004AD856D25AD05ECE62CC66CA6AC86EC62B
:1001700003A481A85C40938971A8138A51A893F7BE
:10018000F7EF5CC01C549397C7481CD45C54BD9BCC
:100190005CD41C44939717291CC45C4093E7070167
:1001A0005CC0B757341203A7C1A793878767630959
:1001B000F7705C4001791309F90FF99B5CC01C5C76
:1001C0003167130707F0B3F72701D98F1CDC5C40B8
:1001D0009304040893E717005CC09720FE1FE78094
:1001E00080249C4893F7F7032380F900DC48A98317
:1001F00093F7F7072383F1A85C403D671307078057
:10020000F99B5CC01C5CB3F72701D98F1CDC5C40F8
:1002100093E717005CC09720FE1FE780C0209C4832
:1002200093F7F703A381F1A8DC48A98393F7F707B5
:100230002381F1A85C40356713070740F99B5CC038
:100240001C5CB3F72701D98F1CDC5C4093E71700D7
:100250005CC09720FE1FE780001D9C4893F7F703C2
:100260002300FA00DC48A98393F7F7072382F1A85B
:100270005C404167130707C0F99B5CC01C5CB3F787
:100280002701D98F1CDC5C4093E717005CC09720E6
:10029000FE1FE78040199C4893F7F703A380F1A85D
:1002A000DC48A98393F7F7072380F1A8834C0A0061
:1002B00003C70900930760021306500233079741F2
:1002C000B307F7029306700293054002130530024C
:1002D00013082002130E1002F94E754FFD4FF14A1C
:1002E0003306C7026D4BE94B654CD942D543DD4817
:1002F000D14DCD444949B3C7D7023D43B949294DF2
:10030000354A3346D60292072206D18F3306B7020A
:10031000D98F95453346D6023206D18F3306A702D0
:10032000130504083346D6024206D18F330607036D
:100330003346D6025206D18F3306C703254E3346C5
:10034000D6026206D18F131657003346D6027206C4
:10035000D18F1CD13306E703194FB307D7039D4E46
:10036000B3C7D7023346D60292072206D18F33068F
:10037000F7038D4F3346D602D18F33065703B14A68
:100380003346D6023206D18F330667032D4B3346F0
:10039000D6024206D18F33067703E14B3346D602AD
:1003A0005206D18F33068703454C3346D602620688
:1003B000D18F330677033346D6027206D18F5CD1D4
:1003C00033067702B30757023346D602B3C7D702C4
:1003D00022069207D18F330617033346D602D18FF8
:1003E0003306B7033346D6023206D18F330697025F
:1003F0003346D6024206D18F330627033346D60250
:100400005206D18F330687033346D6026206D18F58
:10041000131647003346D6027206D18F1CD5B30798
:1004200067023346F703B3C7D7022206D18F3306DC
:1004300037033346D6021206D18F330657033346AD
:10044000D6023206D18F330667033346D602420600
:10045000D18F3306A7033346D6025206D18F330617
:10046000C7033346D6026206D18F131637003346D0
:10047000D6027206D18F5CD5B307D7033346470344
:10048000B3C7D7024206D18F3346D7026206D18F57
:100490003306E7033346D6021206D18F3306B7027E
:1004A0003346D6022206D18F131627003346D602D2
:1004B0003206D18F131617003346D6025206D18F5B
:1004C0001CD983C731A8B387FC4033C6A70393FC6C
:1004D000FC03B3CDB7033206920DB3EDCD00130686
:1004E000800233C8C702B3ED0D01214833C80703AA
:1004F000420833E80D01B3CDB702F20D3368B801FD
:10050000B38DF703B3CDCD02A20D3368B801B38D1F
:10051000E703B3CDCD02D20D3368B801B38DD70355
:10052000B3CDCD02E20D3368B801338B6703232AC4
:1005300005031148B38DC703B38A5703338A4703B2
:10054000B389370333C80703B3CDCD021208334B49
:10055000CB0233E80D01B3CACA02220B336B680128
:10056000334ACA02B20AB36A5B016D4BB3C9C9020E
:10057000420A33EA4A01F14AD20933683A01B3899F
:100580006702754A13034002B3C9C902E209B3699D
:100590003801139847003348C802338C8703720828
:1005A000B3E909010948232C3503F94933892703A5
:1005B000B3849702B3837702B3825702B3881703D9
:1005C000B38B770333C80703334CCC02320833496B
:1005D000C90233680C01654CB3C4C4021209336903
:1005E0002801B3C3C302A204B36499001309100223
:1005F000B3C2C202C203B3E3740093046002B3C87F
:10060000C802D202B3E2530093032002B3CBCB0261
:10061000E208B3E8120193023002F20BB3E878016A
:10062000E94B232E150333887703B38867033348D8
:10063000C802B3C8C8021208A20833681801B388F8
:100640008703B3C8C80233681801B3885703B3C817
:10065000C802B20833681801B3884703B3C8C80298
:10066000C20833681801B3883703FD49B3C8C8020C
:10067000D20833681801B3883703B3C8C802E20848
:100680003368180193985700B3C8C802F20833685A
:10069000180123200505338827039398C7013348A1
:1006A000C80233681801B3887702B3C8C802920839
:1006B00033681801B3885702B3C8C802A208336868
:1006C0001801B3886702B3C8C802B20833681801BA
:1006D00093085002B3881703B3C8C802C20833682E
:1006E0001801B3889702B386D702B3C8C802B3C64D
:1006F000C602D20833681801E206B366D80074C196
:1007000093069002B386D70203288504137808FF66
:10071000B3C6C602BD8AB366D80034C59306A0022C
:10072000B386D702B3C6C60230451376F6F0BD8A4B
:100730009206D18E34C503C641A803C821A8330848
:100740000641B306A80303238504B308B802B3C661
:10075000F602B3C8F802A206F208B3E61601B3081F
:10076000C803B3C8F802B208B3E6160193183800FC
:10077000B3C8F802C208B3E61601B308D803B3C879
:10078000F802D208B3E61601B308E803B3C8F802CA
:10079000E208B3E61601B798888893880880B3E624
:1007A0001601B3E66600931828003343F80234C5F7
:1007B00083C661A8918E1376F6076206B3C8F80265
:1007C0003203B3E868003383F6033343E302B30F25
:1007D000F8037203B3E86800060833C3E602B3CF38
:1007E000FF025203B3E868003348F802920FB3E8FF
:1007F000F8012208B3E70801139816003348E8020D
:100800006208B3E70701256813088888B3E7070182
:100810007CC5338FE603B387B60293952600B3C732
:10082000E702334FEF029207B3C5E502220FB3E7A9
:10083000E701B38ED603CD8F93953600338EC60372
:10084000B386A603B3CEEE02B3C5E502B20EB3E79C
:10085000D701334EEE02C205CD8FB3C6E602520E6B
:10086000B3E7C701370700817D17E206D58F3CC982
:100870005C40BD9B5CC05C40F99B5CC01C54939782
:10088000C7281CD45C5493E707015CD41C5C93F725
:1008900007FCB3EC9701232C94031C5CF98FD18FD8
:1008A0001CDCF2506254D2544259B259225A925A24
:1008B000025BF24B624CD24C424DB24D21618280C0
:1008C00023AE01A6E5B203A781A85C4393E7071016
:1008D0005CC38280411106C6EF00807093056040C2
:1008E000EF20A045B2400145410182806F00407475
:1008F00011C589C501C61E2201458DE3011105659B
:10090000C9471306F100130555C3854506CEDC879C
:10091000EF206042F2408887056182808280011169
:100920009767FE1F2381A78C05651306F100130549
:1009300095C4854506CEA3070100EF20C03FF240D5
:1009400088870561828001111305910006CEEF00B2
:10095000A07048840565300025059D45EF20A03D29
:10096000F24008840561828001119305F10006CEF2
:1009700022CC2A84EF00607048860565C08670002E
:1009800021801305554091454087EF20C03AF24041
:10099000624408860561828001111305D10006CEEC
:1009A000EF00C06F48860965700009059145EF208A
:1009B0008038F240088605618280011106CEEF0082
:1009C000806FC88709651306F10015058545EF207E
:1009D0008036F240888705618280011106CEEF00E3
:1009E0008077C88709651306F10029058545EF2042
:1009F0008034F240888705618280011106CEEF00C5
:100A0000B003C88709651306F10039058545EF2055
:100A10008032F240014505618280011106CEEF006F
:100A2000F042C88709651306F10041058545EF20AE
:100A30008030F240888705618280011106CEEF0088
:100A40009022C88709651306F10045058545EF200A
:100A5000802EF240888705618280411106C622C43B
:100A6000EF00B0278965CD052A84EF20002DB24024
:100A7000228522444101828001111305510006CED6
:100A8000EF0050414882096550006105A545EF20FF
:100A9000802AF240014505618280411106C6EF00BF
:100AA000B0428965E505EF204029B240014541018A
:100AB0008280011106CE22CC2A84EF00F0514886B4
:100AC0000965C0867000218069058D454087EF204B
:100AD0008026F2406244014505618280011106CE04
:100AE00022CC2A84EF00905D48860965C08670009C
:100AF00021806D058D454087EF20E023F240624460
:100B0000014505618280011106CE22CC2A84EF00C6
:100B1000C07448860965C0867000218013050502EF
:100B20008D454087EF202021F24062440145056158
:100B30008280011106CE22CC2A84EF00500648861E
:100B40000965C08670002180130515028D45408718
:100B5000EF20601EF2406244014505618280011170
:100B600006CE22CC2A84EF00700748860965C0862D
:100B700070002180130525028D454087EF20A01BC2
:100B8000F2406244014505618280011106CEEF000A
:100B90009057C88709651306F1001305750285454E
:100BA000EF206019F240888705618280011106CE2E
:100BB000EF00905EC88709651306F10013059502E2
:100BC0008545EF204017F24088870561828001113A
:100BD00006CEEF005060C88709651306F1001305C3
:100BE000D5028545EF202015F24088870561828077
:100BF000011106CEEF001063C88709651306F100E6
:100C00001305E5028545EF200013F2408887056152
:100C10008280011106CEEF003065C8870965130692
:100C2000F100130515038545EF20E010F240888799
:100C300005618280011106CEEF108010C88709651A
:100C40001306F100130575038545EF20C00EF24031
:100C5000888705618280011106CEEF10A024C88725
:100C600009651306F100130585038545EF20A00CE7
:100C7000F240888705618280011106CEEF10A03B0B
:100C8000C88709651306F100130595038545EF2014
:100C9000800AF240888705618280797102C08148AC
:100CA00001488147014706D6EF10C053A30FA100AA
:100CB00009651306F1011305E5038545EF20A0073B
:100CC000B2500345F10145618280011106CEEF105B
:100CD000006BC88709651306F1001305F503854508
:100CE000EF206005F240888705618280011106CE01
:100CF000EF10207EC88709651306F100130505046F
:100D00008545EF204003F24088870561828001110C
:100D100006CEEF10F00CC88709651306F100130525
:100D200015048545EF202001F24088870561828007
:100D3000011106CEEF10F01BC88709651306F100FC
:100D4000130525048545EF10107FF2408887056163
:100D500082807971064306D61AC872531AC6625346
:100D60001AC452531AC242531AC0EF101022896596
:100D700093853504EF10707CB25001454561828047
:100D80009757FE1F2398A74401458280011106CE84
:100D9000EF10905FC88709651306F100130515056C
:100DA0008545EF105079F2408887056182800111F6
:100DB00006CEEF103066C88709651306F1001305EB
:100DC00025058545EF103077F240888705618280E0
:100DD0005D711303D1031AD20343010786C61AD0EB
:100DE0000343C1061ACE034381061ACC03434106CE
:100DF0001ACA034301061AC80343C1051AC60343AE
:100E000081051AC4030341051AC2034301051AC030
:100E1000EF005049230EA102096570181305650300
:100E20008945EF105071B6400345C103616182806E
:100E30009756FE1F93860636BE2681E79307F01F5E
:100E4000BEA6BE262146014513F707103357C740FB
:100E50008607B3C70708598D93D5574013D79740D6
:100E60002D8F058B7D161375F50FD98F71FEBEA6DC
:100E700082801757FE1F1307E7315E2789E7E17766
:100E800093C7F7FF5EA75E27B9460145916899456C
:100E900033F617013356D6408607518D33C80708FD
:100EA00013D6E748FD1693D7F748B18F1375F50FA2
:100EB000B367F800E39EB6FC5EA78280797126D204
:100EC0004AD04ECE52CC06D622D456CA5AC85EC696
:100ED000AE84B289368A1759FE1F032929522DC5BF
:100EE000AD472A8463E8A7021304F5FF1374F40FD7
:100EF000138BD1A883470B00C9E39D47494563EA9B
:100F0000370317A70000130727FDB3C7E9209C4349
:100F1000BA978287B147630CF5029307600263E5D5
:100F2000A7001304E5FFD9B7930770024945E30111
:100F3000F4FCB250225492540259F249624AD24A05
:100F4000424BB24B456182801304500255B71304E3
:100F5000600279BFCA8AB38B2401638D5B01EFF015
:100F60005FF12381AA00850ACDBFCA8AB38B240111
:100F700063965B0385472300FB0093F9F900930612
:100F8000FAFF228523003901A300990093F6F60F9A
:100F900026868545EFE07FC9014561BFEFF05FE937
:100FA0002381AA00850AE9B726869305000F130559
:100FB00029009700FE1FE780E0AC6DBF26869305F1
:100FC000A00AF5B726869305F00FD5B7268681458A
:100FD000F9BF2686BD45E1BF268693055005C1BFF2
:100FE00041119317B02806C622C4E98F95C3EF407C
:100FF0001FE0AA87094589CB9423114731456395A2
:10100000E600154798A34945B24022444101828039
:101010002E84EF605F8465D93C25C18BEDD73C35CC
:10102000230A8504B337F000E9071CA90145E9BF8D
:10103000011106CE22CC2EC6EF60FF8101CDB24554
:101040002A84EF503F8EA305A4020145F24062447A
:10105000056182804945DDBF1757FE1F13078713BF
:10106000814799468345070E3306F50085070CA294
:101070000507E399D7FE01458280411122C406C6C7
:101080002E84EF604FFD09C98307450301451CA06D
:10109000B2402244410182800945DDBF9757FE1FBF
:1010A0009387C7D89A2B18A19A2B218318B1FC37A4
:1010B0003CA10145828019E1494582809757FE1F76
:1010C0009387470DB84FAA8501C75827314575F753
:1010D000B85F01C7383731456DF303A7C70801C7AB
:1010E0007833314579FB0111054706CE194617556E
:1010F000FE1F13058518B8A32EC69700FE1FE780B4
:10110000E091B2459306000CD8319377070C639FAA
:10111000D70019461755FE1F130585169700FE1FA9
:10112000E780C08F0145F240056182809306F0039D
:1011300063E8E60019461755FE1F1305C514F9BFED
:10114000130700044945E390E7FE19461755FE1FB3
:101150001305C513E1B7411126C29754FE1F9384AE
:10116000640322C4A04C06C639E4BC5499E749453F
:10117000B240224492444101828035CD0547E318B4
:10118000E5FE014582972A8455C59317B0281EB104
:10119000930700707EA58D471CBDA30A0502194662
:1011A0009755FE1F9385050D130565039700FE1FD8
:1011B000E780C08621A87848B7070008F98FADEB13
:1011C000BC54D5D70DC98547E313F5FA5824854794
:1011D000E30FF7F87C24B98B95CB74240547894736
:1011E000639FE6021EB02244FC54B24092441305B1
:1011F000000F410182871305000FEF402FF325D91F
:101200005C25B5D7EF407F9201459DB7EF40BFFC0D
:101210009757FE1F83C7E7C2E311F5FC89BF1E3055
:1012200013070002B3F7E70A1167B3D7E70A5DBFF8
:1012300031453DBF1D452DBF9757FE1F83A747FE74
:10124000314599CBFC3389CB411106C6EF60005F75
:10125000B2400145410182808280011126CA4AC8FC
:101260004EC652C456C25AC02E89368ABA893E8B9F
:1012700006CE22CCB284C28AEF60EFDD8567130709
:10128000A9FF9386A7C73347070863E8E61093874B
:1012900007C82A84494563E4970A63E2240B1307CD
:1012A000301F636E470963EC370993071A00B3C711
:1012B0000708B38797021397390063D2E70841C044
:1012C0001C3813F747003DC3ED9B1CB83C34231A70
:1012D0002407231B9406D5EB03578406C167FD172B
:1012E0006309F706631799063E3C231BE404231C9D
:1012F000F4049757FE1F83D7A7F48D46114763E583
:10130000F600850713F7F70FA30AE4042285EF40E0
:101310005FEE83570404A907231FF4048327440ABC
:1013200093E717002322F40AC5475CBC231C64071B
:10133000231D5407231D4405231E34050145F24097
:101340006244D2444249B249224A924A024B056160
:1013500082800356440601CEB3D4C40233069602FB
:10136000334606083376260B231CC40459B7B3054D
:10137000990085814A85EF40BEDE231CA4049305B5
:1013800084052685EF209FFCADB78327840A93E769
:1013900007022324F40AC14749BF49454DB741110B
:1013A00022C406C62E84EF600FCB11E54945B2403A
:1013B0002244410182801C39A305850213F74700AE
:1013C00075D7ED9B1CB9BD472306F5028327850A17
:1013D00093E727002324F50A0145D1BF411122C418
:1013E00026C206C62E84B284EF60EFC6032785109E
:1013F000137707023DC7130754FE9306000EAA8712
:1014000033470708494563E0E6021167938684EB9A
:1014100013078714B3C606086367D70003D7471EB0
:10142000631887000145B240224492444101828002
:101430009756FE1F938606D6BA36A38E8706239F3D
:1014400097063357870A239AE71CDA363357970AE9
:10145000239BE71C03A7470A1317B72823A2E70A11
:10146000D1B74545C9B79757FE1F9387A7D2B44F49
:101470002A8791C6D02601C6D436494585EAB45F8D
:1014800099C6B03609C6942A4945858A85E283A65D
:10149000C70891C6F03201C6D436494581EA83C6F1
:1014A000870B83C7970B63E8F6001D4582801D45B7
:1014B000F24005618280011119461305A10006CE94
:1014C000D88497F0FD1FE78060552800EFD09FFB80
:1014D0008547E31EF5FC0145E1BF797126D24AD06C
:1014E0004ECE52CC56CA5AC85EC606D622D42E89D3
:1014F000B289B68A3A8ABE8B428BEF60CFB5C944B7
:1015000055C105679307A9FF9306A7C7C944B3C789
:10151000070863E9F608130707C86365370963E33B
:1015200029099307301F63EF5707636D4707138738
:101530001A00334707083307270393173A0063530A
:10154000F70604392A848588639E040E8327450A9A
:1015500093F71720E5EB3835231A2507231B3507AA
:10156000231C7507231D6507231D5505231E4505EF
:101570005C3D4DE385EB83270510898BA1C3314684
:101580009305F00F1305850697F0FD1FE780804F48
:101590008327440A2314040693E707202322F40A2E
:1015A000C9475CBCB25022540259F249624AD24A3D
:1015B000424BB24B268592544561828063093905BE
:1015C000B385290185814A85EF409EB9231CA40477
:1015D000930584054E85EF207FD79757FE1F83D74D
:1015E00027C68D46114763E5F600850713F7F70F09
:1015F000A30AE4042285EF40DFBF83570404A90750
:10160000231FF4048327440A93E7170041BF231CD8
:101610002505E1B7C1FB83278510898B95C7314626
:101620009305F00F1305850697F0FD1FE7808045B1
:101630008327440A2314040693E707202322F40A8D
:10164000CD4785B7B144B9BFE944A9BF9757FE1F3D
:10165000938747B4B84F11C7542781C658374945B7
:101660000DEBB85F19C7343789C6182B4945058B70
:101670000DE383A7C70891C7F83301C7DC37494595
:1016800089EB411106C6EFD0BFEAB24001454101E6
:1016900082808280411122C426C24AC006C6AA8422
:1016A000014421499305F00F0545EF40FEA8B3879B
:1016B000840088A30504E31724FFB2402244924427
:1016C0000249014541018280797122D44ECE06D66D
:1016D00026D24AD02EC6B2893684EF60CF977DC914
:1016E0000349B500B245AA846316090E21461305C5
:1016F000B51A97F0FD1FE7806032A389341B93D998
:101700008900238A341B7C2450346C345424A2076F
:10171000420603C5C404B297E206AE97B69703A784
:10172000440A9386040835C1DCD63C241034136780
:101730000702A2074206B2973034B297102462061D
:10174000B2979CDA7C205030A2074206B2977030E4
:10175000B29750206206B297DCDA3C201030A20724
:101760004206B2973030B29710206206B2979CDEE4
:101770008547A386F40423A2E40AB250225492546B
:10178000F2494A85025945618280FCC63C241034E6
:1017900013678700A2074206B2973034B29710242D
:1017A0006206B297BCCA7C205030A2074206B297AC
:1017B0007030B29750206206B297FCCA3C201030BD
:1017C000A2074206B2973030B29710206206B29755
:1017D000BCCE55B7094955B7411122C406C62E845F
:1017E000EF606F8771C9343585472A870545639C4B
:1017F000F606142B930740026396F6067C245434B5
:10180000A207C206B6977434B6975424E206B69778
:101810008346D704A9CE93060708DCD63C241034AF
:10182000A2074206B2973034B29710246206B297EC
:101830009CDA7C205030A2074206B2977030B297F3
:1018400050206206B297DCDA3C201030A207420634
:10185000B2973030B29710206206B2979CDE9307A1
:10186000A0021CAB0145B240224441018280930694
:101870000708FCC63C241034A2074206B297303455
:10188000B29710246206B297BCCA7C205030A207DF
:101890004206B2977030B29750206206B297FCCAE7
:1018A0003C201030A2074206B2973030B297102089
:1018B0006206B297BCCE65B7054575B7411106C63D
:1018C000EF507FF91DCD34350547AA870945639749
:1018D000E602942B130740026392E6020D4723862B
:1018E000E7021947A385E7021307500298AB03C725
:1018F000A7020145136717002385E702B2404101A3
:1019000082800945E5BF5D71A2C4A6C286C697570D
:10191000FE1F93872788368494332A87B2848DC22A
:10192000B44F81C6D4263145BDE2B45F81C6B4361A
:101930003145B1EE83A6C70881C6F4323145A1EA2C
:1019400003C6070C83C6170C1D456372D60483A714
:10195000070D494593F707049DCB19462800D88306
:1019600097F0FD1FE780800B4146A6851305E10235
:1019700097F0FD1FE780800A1305E1014146A2852B
:1019800097F0FD1FE78080094800EFA00FD6B64012
:1019900026449644616182809747FE1F9387877F24
:1019A00098330DC3B84F01C75827494505E7B85FBD
:1019B00001C73837494519EF83A7C70881C7FC33EA
:1019C000494589EB411106C6EFA00FE6B24001453B
:1019D0004101828082809747FE1F9387A77B9433C3
:1019E0002A878DC2B44F81C6D42649459DEAB45F8B
:1019F00081C6B436494595E683A6C70881C6F43248
:101A0000494585E203A6870D98B383A5C70D937654
:101A1000F69F19C39366066023ACD70C23AEB70CB0
:101A200001458280930700643305F502411126C207
:101A30009744FE1F9384047622C403A4440C4AC036
:101A400006C61309F00FC8D801E8B24022449244F8
:101A50000249014541018280082063052501CC58D7
:101A6000EF303EEA405CCDB79747FE1F9387877201
:101A7000A38CA7021377150011EB03C7C7036D8F63
:101A80006304B70049458280238DE702098919C1A3
:101A90000145828003C7D703718FE315C7FEA38D6D
:101AA000C702FDB75D716ECE974DFE1F938D8D6E93
:101AB00052DC3E8A83A78D05A6C2CAC04EDE56DA26
:101AC0005AD85ED662D46AD086C6A2C466D246C64A
:101AD000B684830B410583468105834901062A8D1F
:101AE0002E89B28A3A8C428B99C7EC4BB707000417
:101AF0003145ED8F85EF8D4763E94701937C0901FF
:101B000063870C0085476389F604494505A09375F2
:101B10003900E38CF5FE93758900E5F96397F602C9
:101B200083C7CD033145918B63930720B64026448C
:101B300096440649F259625AD25A425BB25B225C21
:101B4000925C025DF24D616182806394F91E83C7ED
:101B5000CD03918B3145F9DB6A85EF303FDD2A8477
:101B600011E983A78D06054582972A841D455DDC12
:101B70002304A40193070002639FF4008D47639937
:101B8000F904562C9307900F13055004E3E0D7FA9D
:101B9000762CE3EDD7F89376F90F2300D406638E05
:101BA0000C101379F9009547631BF902930710F89D
:101BB0007CA44545E3EC54F7FD474545E3F857F76A
:101BC0009167E3E597F6D6948580B3C4040831A8FD
:101BD0008547E392F9FC562C9307D02E75B7B5478D
:101BE0006313F90C85477CA4894406B0A3078401DC
:101BF00063160C1085471CBC93F6060299E2A30AF3
:101C0000440332451946814597F0FD1FE780C0FA2D
:101C100063140510B2458547230EF402A30E640336
:101C200019461305E40397F0FD1FE78020DF834783
:101C300001055CB49307F0076393FB0E5657974773
:101C4000FE1F83C7E71F1CA303055401EFD0DFCDA0
:101C50002304A406EFD0FFC6D65748B888A383470D
:101C6000C1052305040623020406A302F4068347E4
:101C70000406C18B99EBFD1993F9F90F8947E3E647
:101C800037E9A3050406A30134078347410601454C
:101C9000A300F40683478106A303F4067C489397C8
:101CA000B7297CC861B589476314F900994709B71A
:101CB000E30009F023070400EDBD9D477CA493F5E4
:101CC000160093F7460089C991E39145A30FB40428
:101CD0008547230FF404F1BD93F5260081C989459A
:101CE00091C39545A30FB4048947E5B78D4591C3CA
:101CF0009945A30FB404230F040465BDA30C04008D
:101D000081478D453356FC4801C6103C050610BC82
:101D10008507E399B7FECDB5230E040209BF9147AD
:101D200063C57701A30A740105B75CB831BFE385C9
:101D3000D9E28947E392F9E283C7CD03898B19BDC4
:101D400001114EC69749FE1F9389C94483A789058F
:101D500026CA4AC852C406CE22CC2E89B6843A8AF4
:101D600099CFF84BB7070004F98F91CB3145F2407A
:101D70006244D2444249B249224A05618280EF302E
:101D8000FFBA2A8419E583A7890513052004F9FF02
:101D9000F9BF782585473D8B630EF70E034705068F
:101DA000418B41CF8D476304F9004945C9B7FD47D1
:101DB000E3ED97FE231E0400F1C85E2C03D76907EC
:101DC0001D45B3869700E344D7FA582405C716305B
:101DD000130700026390E602034734068D46631D35
:101DE000D70A1307900F13055004E362F7F87E2C0F
:101DF000E36FF7F68D471D45E31BF9F637E900E081
:101E000083290900B70720002320F918B3F9F90046
:101E10000F1000009305800C0545EF40EEB183578D
:101E2000C4061205232444038507BD8BC98F2316DE
:101E3000F40646AC23203911B1A8631AF900231E19
:101E40000500A5D458248547E319F7F605B70D47D3
:101E5000E302E9F61147E316E9FE7449370700018A
:101E6000758F21F75825E312F7F45E2D9DDF95FC61
:101E70009305800C0545EF402EAC8357C406120530
:101E80008507BD8BC98F2316F40629A07C4893973C
:101E900087497CC80145E1BD8546E31DD7F413079A
:101EA000D02E91B701114EC69749FE1F9389892EF6
:101EB00083A7890526CA4AC852C406CE22CC2E89D9
:101EC000B6843A8A99CFF84BB7070004F98F91CBC3
:101ED0003145F2406244D2444249B249224A056146
:101EE0008280EF30BFA42A8419E583A789051305F2
:101EF0002004F9FFF9BF782585473D8B6304F7126D
:101F000003470506418B71C38D476304F9004945BA
:101F1000C9B7FD47E3ED97FE231F0400638004105B
:101F20007E2C03D769071D45B3869700E343D7FA94
:101F3000582405C71630130700026390E6020347D2
:101F400034068D466312D70E562C1307900F1305D7
:101F50005004E360D7F8E36EF7F68D471D45E31AAA
:101F6000F9F65C5485C783476406898B85C3085896
:101F700011CD3C2581CFEF90BFF10C5819461305C8
:101F80006403B10597F0FD1FE78040A937E900E041
:101F900083290900B70720002320F918B3F9F900B5
:101FA0000F1000009305800C0545EF40EE98835715
:101FB000C4061205232644038507BD8BC98F23164B
:101FC000F40666AC23203911B1A8631AF900231F67
:101FD000050095DC58248547E314F7F4D5BD0D477B
:101FE000E30CE9F21147E316E9FE744937070002F2
:101FF000758F11FF5825E31CF7F07E2D89DB81F8E2
:102000009305800C0545EF402E938357C4061205B7
:102010008507BD8BC98F2316F40629A07C489397AA
:1020200097497CC8014575B58546E318D7F2562C0B
:102030001307D02E29BF5D71CAC01749FE1F1309AF
:102040006915AA8703258905A6C286C6A2C44EDEE5
:1020500052DC56DA5AD85ED662D466D26AD06ECED8
:1020600032C23AC4B68405E5858B95EFA9C1014516
:10207000B640264496440649F259625AD25A425B07
:10208000B25B225C925C025DF24D616182807449B8
:1020900037070004758F63120714858B89E781C9A0
:1020A000EF30BFA8E9B7639D050E4945D1B70324BA
:1020B000C90555DC2285EF305FA70040DDBF7849B8
:1020C0003377EC00631B07100347F50563049701A2
:1020D0006316A70103D7EA016301071003C75A0378
:1020E000630E370703C7EA006317370133279420CD
:1020F0001A23E3ECEDFA0327C9067D141374F40FD9
:1021000079CFA247B3249A209A203E9A9305800C57
:102110002397EA0603470A00054523980A06A38485
:10212000EA06EF406E8103D7CA061205264405076A
:102130003D8B498F2396EA068327C90603C50B000A
:10214000B64096440649F259625AD25A425BB25B93
:10215000225C925C025DF24D6161828793878A0501
:10216000194681453E853EC697F0FD1FE780C0A415
:10217000631D350119469745FE1F9385051013858C
:102180008A0597F0FD1FE780608919468145138510
:102190008A0597F0FD1FE78020A2E31535F531B7DA
:1021A000FD1513F4F50F370C0003894C154D8549C7
:1021B000930D0008130BF00F9247228AB38B870010
:1021C00003C50B00EF308FF6AA8AE31A05EE8327CA
:1021D000890513052004E38D07E8314551BDE31D52
:1021E00064FDE1B539714AD84ED656D25AD05ECE8A
:1021F00062CC66CA6AC83E8B06DE22DC26DA52D47E
:102200009747FE1F83A787FE834B0104AE8A32895E
:10221000368CBA89C28C468D95C7F84BB707000437
:10222000F98F8DC3314AF2506254D2544259B25997
:10223000925A025BF24B624CD24C424D5285225A6A
:1022400021618280EF308FEEAA84130A200461DDC1
:1022500063745901494AC1BF9547E3FD57FF83475E
:10226000050693F73703FDF7034AE505E31C0AFA71
:102270007C49918BC5FBEF302067F94763E4A700E9
:102280001D4A55B783C7340691EB03D7440893071B
:10229000D02E63F5E700994763F0270F6384090C9C
:1022A000B3C73A03E3C867FB639B0B0203A4C40AEA
:1022B0002DC42302340123047401A3026401FC48E9
:1022C00056991359194093E72700FCC883C70406A1
:1022D00023932409B3E787012380F406A9B7E3FB1E
:1022E0006CF785476383FB02B3079B412947B3879C
:1022F000E702B3C77703E3CFA7F503A4C40A11CC61
:1023000023023401A303A40131A003A4C40A11C40D
:10231000230234012303940179BF138619001206A6
:102320009305E010328532C69700FE1FE780401209
:102330002A8439D53246814597E0FD1FE7808074B5
:10234000B7C7898E23A6840A938767ED1CC09307BD
:1023500004015CC423023401E38F0BF48547E3934B
:10236000FBFA4DBF03A5C40A39D99700FE1FE780C9
:10237000801A23A6040AA1B7130A50046DB50111EF
:1023800026CA4AC84EC606CE22CC52C49747FE1F64
:1023900083A7C7E5AE843289B68991C7F84BB707E2
:1023A0000004F98FA9E3EF306FD82A8413052004C5
:1023B00059C07C48898B8DC38347340691EF0357FE
:1023C00044089307D02E63F9E70003576408994740
:1023D0001305500463F1E70693F7D40F05476386AE
:1023E000E700630209063145B9A0B7E700E003AA98
:1023F00007003707200023A0E718337AEA000F1000
:1024000000000325840A19C59700FE1FE780A0106D
:102410002324040A23120408B7E700E023A047118D
:102420006312090A8D476393F4027C48231204085F
:10243000F99B7CC80145F2406244D2444249B2490A
:10244000224A056182809147E38FF4F84945E5B758
:10245000F51493F4F40F8547E3E797F893055010CC
:102460004A859700FE1FE780A0FE2324A40A25DDED
:10247000B7E700E084433707200023A0E718F98C72
:102480000F1000007C4893F7074091CF9305800C14
:102490000545EF307ECA8357A40812058507BD8B1A
:1024A000C98F2315F4080325840A4A86CE8597E050
:1024B000FD1FE780A056B7E700E02312240923A000
:1024C00097108DBF7C48918BC1F78D47E388F4F856
:1024D00019BF41114AC01749FE1F1309A9CB832711
:1024E000890526C206C622C4AA842E8589CFF84B48
:1024F000B7070004F98F81CB3145B24022449244A2
:10250000024941018280EF306FC22A841305200402
:102510006DD413F714007C484DCB13F7170069FFF7
:10252000034704061377370361FB8988C1CC03276F
:10253000490D454593E70740418B61D3C1657CC890
:10254000FD150145EF30DEC12314A408EFD01F8232
:1025500093040408B7050001C8C4FD150145EF3018
:10256000BEC288C89304040A15469745FE1F93858A
:1025700045D2268597E0FD1FE780404AA6851305D2
:1025800000FBEFD04FCD2685EF50CFD47C485824A8
:10259000A300A408DD9B93E747007CC88547631F21
:1025A000F7009305800C0545EF301EB98357C4062C
:1025B00012058507BD8BC98F2316F406EF6060599D
:1025C000014525BF93F7F7BF95BF0345D407CD9BC2
:1025D0007CC89307F00FE303F5FEEF30AEF1F9BFCF
:1025E00001114AC83A891747FE1F1307A7BA0328E3
:1025F000870722CC26CA4EC652C456C206CE2A8AA5
:10260000AE8A3284B684BE89630808008326C80176
:1026100091673145F58F9DE3785F314505C3937729
:10262000A4FF454581EF93775400314581CB63107A
:10263000080202972A880D45631F0800F240624491
:10264000D2444249B249224A924A05618280834774
:10265000B8003145E5F78D474945E3E147FFA3065B
:10266000480523085801230008029375140085C902
:102670009C20A307F80083570900231BF80003D60A
:1026800009003356F60A93075005231CC800330689
:10269000F60285472300F8022186231DC800118811
:1026A00029C0AE949C2033A92521B3A53521A307C9
:1026B000F800A307F802035709002319E8029E2136
:1026C000B3D7E70A13075005231AF802B387E702C6
:1026D000A187231BF8028347080293E72700230002
:1026E000F8028327C80101459397F728232EF800A5
:1026F000B1B71747FE1F1307E7A93C5F011122CCB2
:1027000026CA4AC806CE2E89B284368489E77C5F01
:102710008DEB314521A8D04F9166F18EFDFA785F9F
:102720006DDB19C905476309E5024945F24062447A
:10273000D2444249056182802AC6EFB03F873245C4
:10274000F5B70547E313E5FE8297AA870DCD11473C
:10275000A30605047AA91AADB4370547E387E6FC5A
:1027600085C086BFA2BF01C41E04E3D084FC2389B8
:1027700027016244F240D2444249BC570561828736
:1027800023AC0702EDB70D4555B75D7162D466D233
:102790006ECED084AA8DAE8C328CB68519461305C8
:1027A000A100A2C4A6C2CAC04EDE52DC56DA5AD874
:1027B0005ED63E8A564BE64A86C66AD0B68B3A84C7
:1027C000C28946899744FE1F9384C49C97E0FD1FED
:1027D000E780C024BC5C8DC7D84F9167F98F8DC34B
:1027E0003145B640264496440649F259625AD25AB7
:1027F000425BB25B225C925C025DF24D6161828061
:1028000083A70409F1DFEF309F9B9737FE1F83C733
:102810005763E307F5FC9D474545E3E487FC937761
:10282000540099E3494575BFBC5C99C7D44F116703
:10283000758F5DF7BC37CDF703ADC40863150D3058
:1028400083A7040982972A8D41DD0D47E36C97FD2C
:10285000A306BD01A3029D07194681455E8597E049
:10286000FD1FE78060356316052E05472306ED063C
:10287000A3068D071946DE851305ED0697E0FD1FBB
:10288000E780C019230C0D02937B1400814C6388F0
:102890000B0C83560A001146C647B3F6C60A231A24
:1028A000DD0203D7090093050D05DE8C3357D70AE7
:1028B000930650053377C70A231BED023307D7026F
:1028C00021872319ED020547230CED020357090068
:1028D0002317ED008A232A970587231AAD002318B2
:1028E000ED04EF10BFA683560D058565938505C8D9
:1028F0001947B3D6B60AB3C60608B3F6E60A2318D4
:10290000DD0403560B001307301FF6473356E60A63
:10291000130716003307D702231DCD0003D50A0085
:1029200009873367A70A334707082310ED028A2374
:1029300086573357B70A2313AD02A9458A23334775
:1029400007083377B70A2310ED020A073347D70287
:102950002316AD027D173347C70A231DED00137CF4
:102960002400630C0C0A33A72C211A23C6479305B5
:102970002D052318ED00B3A6FC208A22939D1C0090
:10298000850C2A970587231BAD002319ED04EF1052
:10299000FF9B83562D050565130505C81947B3D65A
:1029A000A60AB3C60608B3F6E60A3307BB01231925
:1029B000DD040E231307301F3386BA01B3D5E50AB1
:1029C000138715003307D702231EBD001222F647D6
:1029D00093FCFC0F09873367C70A3386B701334777
:1029E00007082311ED02122286573357A70A231432
:1029F000CD023386B7011222334707082317CD02D1
:102A000029463377C70A2311ED020A073347D70255
:102A10007D173347B70A231EED001188630E041299
:102A200033AA4C2183560A001146B3A93C21B3F6C0
:102A3000C60A2313DD0403D7090033A92C21C64796
:102A40003357D70A930650053377C70A2314ED048A
:102A50003307D70213941C00B3ACFC2093054D053B
:102A6000229BA29A21872315ED0403478D03136748
:102A70002700230CED02035709002319ED0003D5AD
:102A80000C002A970587231CAD00231AED04EF10D4
:102A9000FF8B83564D050565130505C81947B3D649
:102AA000A60AB3C60608B3F6E60A231ADD04835560
:102AB0000B001307301FF647B3D5E50A138715003F
:102AC0003307D702231FBD0003D60A0009873367E7
:102AD000C70A33868700334707082312ED02122204
:102AE00086573357A70A2315CD0233868700122253
:102AF000334707082318CD0229463377C70A231224
:102B0000ED020A073347D7027D173347B70A231F61
:102B1000ED0063100C02638E0B0403570D0523199F
:102B2000ED040357AD01231EED0003570D022311E1
:102B3000ED0203A7840D83278D081367072023ACBC
:102B4000E40C829779B983467D000547E39FE6CE82
:102B500041B923060D063DB303570D05231AED04B5
:102B60000357AD01231FED0003570D022312ED02A1
:102B70004DB703574D052319ED040357ED01231EEF
:102B8000ED0003574D0265B7011122CC26CA4AC891
:102B90004EC606CE2E893284B689BA84EF201FD95C
:102BA0003DC503284505AA8731451377082029EB41
:102BB0001737FE1F1307075E83469704454563E1F9
:102BC000260503C6470B33568640058A15CA832659
:102BD000070D37060800F18E85C603478704636139
:102BE0009702238B870AA38A270BA38B370B11C06D
:102BF000268413680810238C870A23AA0705014539
:102C0000F2406244D2444249B249056182801305D0
:102C10002004FDB7411122C406C62E84EF201FD127
:102C200015C17849AA8731459376270081CA9376E2
:102C3000F7DF19C093660720F4CB0145B240224468
:102C40004101828013052004D5BF011126CA4AC85C
:102C500052C406CE22CC4EC62E8A3289B684EF40AC
:102C60009FBF71C19387C1A8631D0900054798A341
:102C70000145F2406244D2444249B249224A0561C8
:102C80008280982385472A846315F700238601A84C
:102C9000094AB7E700E083A907003707200023A00F
:102CA000E718B3F9E9000F1000004165130545F579
:102CB000EF40FFBB29C93C253EA583278411A1E332
:102CC000232CA410232EA410930710F8F9141CB57C
:102CD00023200500231625012304450144C1834513
:102CE00094020145B315B028B3C505089700FE1F2F
:102CF000E780A0E5B7E700E023A0371195BF832761
:102D0000C41188C3C1B79737FE1F83A7271591C782
:102D100095659385555505458297B7E700E023A053
:102D200037111D45B9B70945A9B76F008FF66F0078
:102D30002FFB6F003F806F007F866F005F8C6F00FE
:102D4000FF986F005F906F00DF9382806F005F9C41
:102D5000034301001AC06FF0DEC26FF0DECE6FF0E9
:102D60007ED86FF0FEDE6FF05EE56FF03EEB6FF049
:102D7000BEF16FF03EF679711303F00F1AC81AC650
:102D80000343810306D61AC4035341031AC20353F3
:102D900001031AC0EFF0DEFAB2504561828003539E
:102DA0000100035E4100834E8100034FC100835F39
:102DB000010176C47AC67EC872C21AC06FF05EF88E
:102DC0006F00CF8B6F008F9703530100034E4100BC
:102DD000834EC10093F8F80F1378F80F76C672C2CD
:102DE0001AC06F00AF9B6F002FAB6F002FB46F0046
:102DF000CFB76F000FBB6F00CFC06F006FC76F0002
:102E0000AFCB828082806F000FDE411126C206C6E2
:102E100022C4AE849397556063DA071603C581A96F
:102E200097E0FD1FE78080B62A8409CD1C21130797
:102E300010096380E7021307000D6387E708228506
:102E4000EF20BE921395F468B240224492444101AF
:102E500082801C3139476397E7025A21856793873F
:102E60005740E31EF7FC1C45A8239833AC332205DA
:102E700083A741A9598DE1D79C43F1D39395456030
:102E8000829775BF1307E003E39BE7FA38219D475C
:102E9000E317F7FA4A219700FE1FE78080E045D14B
:102EA0005825A147E31DF7F883A741A9C9DB9C4733
:102EB000D9D732246E204A207116F1153346060800
:102EC000B3C505088297A5BF3C2119476383E70274
:102ED000636EF70095C315476380E70A83A741A98E
:102EE000B9DFDC43A9DF2285829791BF3147E397A1
:102EF000E7FEEF10F01EDDB71C31EDF383C791AE96
:102F0000B9E341469735FE1F9385C5521735FE1F1D
:102F10001305455497E0FD1FE780E0C11DED17360E
:102F2000FE1F13062653C1450945EF304EEC1736F8
:102F3000FE1F13062651C1450D45EF304EEB03C56C
:102F4000C185EF308EE5194693053400138581AFB6
:102F500097E0FD1FE78080AC51B741469735FE1FD3
:102F60009385454C1735FE1F1305C54D97E0FD1F92
:102F7000E78060BC4DD5C1BF1C31ADF33225930550
:102F800045002831A146EF10202189BF11656D8DC4
:102F9000E30C05EA138601B091451145EF302EE5AB
:102FA00003C5C185EF306EDF1395E46871BD411133
:102FB00022C406C69737FE1F2389A718328481C50D
:102FC0002E85EF10801519C023AA81A883C791AE62
:102FD0008DE72244B24003C6A1AE03C581A9938701
:102FE00001B01737FE1F1307E7459736FE1F93867C
:102FF0006646A14541016F707E92B2402244014570
:1030000041018280011183C781A9C8824C83D0838A
:1030100028001946B68506CE5C8297E0FD1FE78042
:10302000E09F4800EF606E86F240056182800111EA
:10303000C88683C781A9680006CE5C864C87D08786
:10304000EF503EF8F240056182802384A1AE03C7B1
:1030500001B19307F00F6308F7008547A384F1AE31
:10306000B147A384F1B082809737FE1F83C777DD15
:1030700081EB614582806145B240224441018280FA
:10308000411117050000130585D822C406C6138414
:1030900081A9EF203EE808A01307F00FE30DE5FC3F
:1030A000A147A384F1B0EFF05FFA83C791AE99C353
:1030B0000145D9B71736FE1F1306C639C145094564
:1030C000EF30CEAC1736FE1F1306C637C1450D458F
:1030D000EF30CEAB41469735FE1F9385A5371735A8
:1030E000FE1F1305253597E0FD1FE780209341461D
:1030F0009735FE1F938505351735FE1F130585325D
:1031000097E0FD1FE7808091138601B0914511453E
:10311000EF30CEA70820EF402ECD59BF130705038F
:103120001E21110593C7F7FF231EF5FE8347E5FF18
:1031300093C7F7FF230FF5FEE314E5FE828099475E
:103140003305F50201110A86C14506CE1305052097
:1031500033450508EF308EA309E50886F240056186
:1031600082800145E5BF011122CC26CA4AC84EC65D
:1031700006CE81440144138951AB9389C1AB834787
:103180000900636AF400F24062444249B24926856C
:10319000D2440561828083A70900131544001946B3
:1031A0009305F00F3E9597E0FD1FE780E0A001E555
:1031B000850493F4F40F05041374F40FC9B703A541
:1031C00001AB11CD411106C6EF202EDAB24023A883
:1031D00001AA83C751AB238AF1AA4101828083C728
:1031E00051AB238AF1AA82805971A6D286D6A2D485
:1031F000CAD083C741ABAA84639EA7001384C1AD24
:1032000008208545EF20EEEB08208945EF206EEB86
:10321000EFF0FFFA1949338924035000C145130424
:1032200009202285EF308E9609C90144B6502285C7
:103230002654965406596561828019469305F00F0D
:10324000480097E0FD1FE780209765F14800414660
:103250009305F00F97E0FD1FE780C0824808714694
:103260009305F00F97E0FD1FE780C0810818130653
:1032700000039305F00F97E0FD1FE780A08050004A
:10328000C1452285EF30AEB650082A84F1451305BA
:103290001920EF30CEB55008498CF145130529208F
:1032A000EF30EEB41374F40F5008498CC145130588
:1032B0003920EF30CEB31374F40F5008498CC14558
:1032C00013054920EF30AEB21374F40F5008498C47
:1032D000914513055920EF308EB11374F40F498CCA
:1032E0001D651018930500032695EF304EB013743A
:1032F000F40F498C03C5C1851374F40FEF30EEA9A8
:1033000035B7011122CC26CA4EC606CE4AC80144A2
:10331000EF00EFE5938951AB9384C1AB83C70900FC
:103320006369F400F2406244D2444249B249056103
:10333000828088401319440019469305F00F4A957E
:1033400097E0FD1FE780408711E58C40CA95E8357E
:10335000EF002FE205041374F40FC9B7397122DCB2
:1033600026DA4ED652D406DE4AD80144EF004FE3A7
:10337000938951AB9384C1AB194A83C70900636A2F
:10338000F400F2506254D2544259B259225A216187
:10339000828088401319440019469305F00F4A951E
:1033A00097E0FD1FE78040811DE5330544030A8651
:1033B000C1451305352033450508EF203EFD1008B3
:1033C000C1450945EF209EFC8C4014080A86CA9529
:1033D000E835EF00AFDC05041374F40F79BF011179
:1033E00006CEEFF05FD8054789476363A700A9477A
:1033F0001306F100854513052004DC87EF70CE84A9
:10340000F24005618280011122CC26CA4EC652C408
:1034100006CE4AC80144938951AB9384C1AB194A83
:1034200083C709006367F402EFF0FFD383C781AB62
:1034300099C3EFF01FED83C771AB99C3EFF01FF293
:103440006244F240D2444249B249224A05616FF0D7
:103450001FF933054403904013194400C1454A96AF
:103460001305052033450508EF205EF205C98840A5
:1034700019469305F00F4A9597D0FD1FE7808060AD
:10348000884019469305F00F4A95190597D0FD1FFE
:10349000E780405F9C40CA97239607000504137499
:1034A000F40FBDBF2A2183C5C1AD6F80FEB099471F
:1034B000B385F502397122DC26DA4AD84ED606DE0B
:1034C000A1472A84B2843A89938925206384F6002F
:1034D0009389152071468145480097D0FD1FE780EC
:1034E000605A5000F1454E85EF205EEA05E18347C2
:1034F000E1012547E51793F7F70F6369F700CA86DF
:10350000500093F514002285EF30BEFCF250625457
:10351000D2544259B25921618280797122D426D283
:103520004AD0AE842A8932848145130600020A8576
:1035300006D697D0FD1FE780E05483C7E1852310AE
:103540002101230EF100B4843DCC83C7B1AD03C784
:1035500081AD5C8283C7A1ADDC8213564748937767
:1035600077002206D18F135657482606D18F13575E
:1035700067482A07D98F93F6868FD58F41469735AE
:10358000FE1F938525E913056100FC8497D0FD1F7C
:10359000E780C04883C791AD13F7170011C789C4EE
:1035A000B88413672700F88403476101A2850A8560
:1035B000D98F230BF100EF30DEE3B2502254925446
:1035C00002594561828083C731AD03C701AD5C827A
:1035D00083C711ADDC8213564748937777002206E4
:1035E000D18F135657482606D18F135767482A079D
:1035F000D98F93F6868FD58F41469735FE1F9385D9
:1036000065E013056100FC8497D0FD1FE780004151
:1036100083C721AD51B7011122CC06CE2A842EC614
:1036200032C497F0FD1FE780C06705C55825A14744
:103630002246B245631CF70083A701AC99CBDC435B
:1036400089CB22856244F2400561828783A741AC21
:10365000F5B7F240624405618280011122CC26CA8E
:103660004AC84EC606CEAA840144138951AB938939
:10367000C1AB83470900636BF4003E84F2402285AE
:103680006244D2444249B2490561828083A709005D
:10369000131544001946A6853E9597D0FD1FE78077
:1036A000804969FD05041374F40FE1B75D71A2C48C
:1036B000138401AB1C40CAC04EDE86C6A6C252DCD3
:1036C00056DA5AD82A89AE89A1EF6300051A638EAB
:1036D0000518EFF09FF8938A51AB83C70A00138A4D
:1036E00041AB2300AA00636DF5028144138BC1AB8B
:1036F0000DA083270B001395440019469305F00F86
:103700003E9597D0FD1FE780204B09E9850493F48F
:10371000F40F83C70A00E3EEF4FCBE8423009A0092
:10372000938441AB9C2003C751AB63F0E71418406E
:103730003DEB1947B387E7024A86C14593870720C7
:1037400033C50708EF20BEEA130600039305F00F08
:103750000A8597D0FD1FE780E03288209D670A86A2
:103760003E959305000333450508EF205EE89C2055
:1037700003A5C1AB41469207CA853E9597D0FD1F70
:10378000E780C0292320340103C5C185EF20FEE076
:103790000145B640264496440649F259625AD25A27
:1037A000425B616182801047014719CE194733851A
:1037B000E702F1451305152033450508EF203EE3E8
:1037C0001C40054723A407001C40904B39CE88209D
:1037D0009947F1453305F5021305252033450508C2
:1037E000EF20FEE01C40D04B23A8070029E2D04781
:1037F00041DE88201949C1453305250313054520BD
:1038000033450508EF20BEDE88201C409145330576
:103810002503D04741061305552033450508EF2001
:103820001EDD1C4023A6070085B7D04B05C28820AB
:103830009947C1453305F502130535203345050881
:10384000EF20FEDA1C4023AA070055B7D04755F2F7
:1038500005FF83C781AB99C3EFF0BFAA83C771ABE4
:1038600099C3EFF0BFAFEFF09FB705451DB701114A
:10387000994722CC3304F50226CA0A86AE84C14594
:1038800006CE13040420334404082285EF201EB022
:1038900019C50145F2406244D2440561828019464F
:1038A0009305F00F0A8597D0FD1FE780E03075F192
:1038B00038869377D70F89C49377F70F93E727005C
:1038C000630CF7000A86C14522857C86EF203ED234
:1038D00003C5C185EF207ECC05456DBF411122C4D3
:1038E00026C206C601450144938451AB9C206373F4
:1038F000F40011C5B24022449244410182802285E5
:103900000504EFF07F8E1374F40FCDB783C751AB6E
:10391000637EF502011122CC06CE2E8485C599471F
:103920003305F5020A86C145130505203345050810
:10393000EF20DEA501E919468A85228597D0FD1F73
:10394000E780C00DF2406244056182808280994721
:10395000B307F5021D71A2CCCEC63284AE890A86A9
:10396000C145A6CA86CE93870720CAC8AA8433C594
:103970000708EF20BEA111C90149F6406644D644AC
:10398000B6494A8546492561828019469305F00F5C
:103990000A8597D0FD1FE780202279FD9D67BE94A0
:1039A0001008930500032685EF205E9E2A8919C121
:1039B0000549E1B70808EFF06FF6639409041306B0
:1039C00000038145080897D0FD1FE780E01E6DF1D8
:1039D000130600038145080897D0FD1FE780800A81
:1039E000854708082384F1ACEFF04FF310089305E6
:1039F00000032685EF20BEBF03C5C185EF20FEB9B9
:103A000045BF1C083E8716236385360311079400C3
:103A1000E31BD7FE3DD09A2311C791079800E39C82
:103A2000E7FEA1BFB82323903701E30387F8A0A3E3
:103A300045BF3C23E38E87F620A35DF023100700EB
:103A400045B7011126CA4AC84EC606CE22CC52C47A
:103A50009729FE1F9389893D03C5E900FD5793050A
:103A600020041205238EF1AC9384C1ABA38A01AA72
:103A700023AE01AA97F0FD1FE780809D88C01389BF
:103A800051AB05C183C7E90001442300F900834716
:103A900009006360F40C83A78900638B070E2386FB
:103AA00001AA834709000544414681451735FE1F99
:103AB00013054596238AF1AAA380818623A801AA2B
:103AC000A38D01AC238D01AC97D0FD1FE78080FB57
:103AD00093047007414681451735FE1F13058592F3
:103AE000238C91AC23808186A38C01AC23AA01ACEA
:103AF000238901ACA38901ACA38801AC97D0FD1F39
:103B0000E78040F8238891AC23A601ACA38401ACE4
:103B10009547A38FF184C147238FF184238401AC9F
:103B20008947A38EF184F240238E8184A38D818402
:103B3000238D8184624423A201AC23A001AC238C99
:103B400001AA238B01AAD2444249B249224A056103
:103B500082808840131A440019469305F00F52954D
:103B600097D0FD1FE78000F2884019469305F00FBB
:103B70005295190597D0FD1FE780C0F09C400504C1
:103B80001374F40FD297239607002387070001B719
:103B9000930700F82386F1AA29B71971A6DACAD8C3
:103BA000CED6D2D4D6D286DEA2DC8144938951AB64
:103BB0001389C1AB194A9D6A83C7090063E3F40204
:103BC00003C5C185EF207E9D83C70900F65066546A
:103BD000238AF1AAD6544659B659265A965A0961EB
:103BE0008280032509001394440019462295930509
:103BF000F00F97D0FD1FE780E0E803250900194684
:103C00009305F00F2295190597D0FD1FE78080E7F7
:103C10008327090041469305F00FA297338444039C
:103C20002396070023870700480097D0FD1FE780F1
:103C300060E571469305F00F480897D0FD1FE780B7
:103C400060E4130600039305F00F081897D0FD1FDA
:103C5000E78040E3334404085000C14513050420C5
:103C600033450508EF20BE985008F1451305142090
:103C700033450508EF20BE975008F1451305242071
:103C800033450508EF20BE965008C1451305342082
:103C900033450508EF20BE955008C1451305442063
:103CA00033450508EF20BE94500891451305542074
:103CB00033450508EF20BE93338554011018930552
:103CC000000385043345050893F4F40FEF203E927A
:103CD000E5B5411122C4930705C006C613072002AB
:103CE0002E84B3C70708636EF70C1777000013071D
:103CF000A720B3C7E7209C43BA97828783C7118662
:103D00001CA08147B24022443E854101828083C786
:103D100091AD93D72748EDB783C7B1ADD5B783C76A
:103D2000A1ADF9BF41469725FE1F9385A56E22855B
:103D300097D0FD1FE78080CEE9B783C791AD858B13
:103D4000C1B783C781AD6DBF83A741AD1CC055BF4F
:103D500083C7018675B783C721AD65BF83C731AD02
:103D600045B783C711AD69BF41469725FE1F9385AF
:103D7000656975BF83C721ADD9B783C701AD49B7A1
:103D800083A7C1ACE1B783C791AC9DBF83C7F18561
:103D900085BF83C7E185ADB783C781AB95B783C7BF
:103DA00071ABB9BFEFF02FBC08A0A1BF83C7A1853D
:103DB00081BF83C791AD93D7374899B783C721ADEA
:103DC000DDBF130700048947E36EA7F2EF30AEFAB8
:103DD0000AA005BF011106CE22CC26CA4AC84EC68B
:103DE00052C4EF307ECA3DED03C761AB85472A84DC
:103DF000938451AB630CF7021389C1AB054A9C2035
:103E00006370F4048327090093194400CE97FC27BC
:103E1000639A47012285EFF02FBD83270900CE97D3
:103E20002387070005041374F40FD1BFEFF01FAB15
:103E30009820238B01AA83A7C1ABB907631DE400B7
:103E4000EF20DEA06244F240D2444249B249224A05
:103E500005616FF04FDB0504238007001374F40F36
:103E6000C107E9BFF2406244D2444249B249224A02
:103E70000561828079714AD04ECE52CC06D622D4CA
:103E800026D256CA938951AB894703C409002E8AAA
:103E90003289630AF50663F1A7028D478144994A86
:103EA000630AF506B2502285225492540259F2490F
:103EB000624AD24A456182802E85EFF00FFA83C7AD
:103EC00009002A84E370F5FEE30E09FC1946D28549
:103ED0004A8597D0FD1FE78060B4E9B703A50A00C3
:103EE0009397440019463E95D285190597D0FD1F3A
:103EF000E78060C429ED850493F4F40F03C409003E
:103F0000E3EE84FC45B78144938AC1ABC5BF850409
:103F100093F4F40F03C40900E3F684F833855403E3
:103F20000A86C1451305352033450508EF200EC626
:103F300079FD41469305F00F0A8597D0FD1FE78074
:103F4000A0C771F5D2850A85EF30AEEA69F183C763
:103F5000090063E4F4002684B1B7E30E09FECA85C4
:103F60002685EFF0BF9AC5BF797126D206D622D436
:103F70004AD0AA8402CC231E010097F0FD1FE780DF
:103F800040D20DCD13890186034709008947630795
:103F9000F702930565002A8448313008EFF09FED61
:103FA00083C751AB6372F5022AC6EFF04F99B24551
:103FB0002A860547A1462685EFF06FCFB2502254DE
:103FC00092540259456182808347090091E79545E3
:103FD0002685EF309EA8DDB70547E391E7FE4C301C
:103FE00001462685EFF06FD3D1BF0111C16726CA04
:103FF00006CE22CC4AC84EC6FD17AE846309F5062C
:1040000097F0FD1FE780E0C92A84514929C993052B
:104010006500483101465549EFF0DFE583C751ABF4
:104020006376F500A685EFF09F8401498DC822854F
:10403000EFF04FC72DA0A6852285EFF05F8311C159
:10404000014905041374F40F83C70900E365F4FE06
:1040500099C417F5FFFF13052545EFB09E83F24085
:104060006244D244B2494A85424905618280014492
:104070005549938951ABC9BF0111C1674AC84EC6A2
:1040800006CE22CC26CA52C4FD172E89B2896300FF
:10409000F50697F0FD1FE780C0C0D14421C193050C
:1040A000650048310146D544EFF0DFDC83C751ABF2
:1040B0006376F5024E86CA85EFF07F89814439A880
:1040C0004E86CA852285EFF09F8811C18144050480
:1040D0001374F40F83470A00E364F4FEF240624471
:1040E0004249B249224A2685D24405618280014470
:1040F000D544138A51ABF9BF411122C406C61384BB
:10410000C1AD0C2023A2A1AC6145EF30BEA00820B8
:104110002244B24041016F908EFC411122C406C678
:104120001384C1AD0C2023A0A1AC6145EF309E9E4D
:1041300008202244B24041016F906EFA411106C638
:1041400022C426C28DEDAA85AA8437450F00130527
:1041500005243375A602EF30EEC32A8401E9014439
:10416000B240228522449244410182809307E00FAD
:10417000E308F5FE85452685EF303E8ED5B7EF3056
:10418000DE8DF1BF138711861C2383C591AD93E7A4
:1041900007F81CA36F303E815971A2D432845000BD
:1041A000CAD0D2CC86D6A6D2CECE2A89368A02C230
:1041B00023140100EFF01FCC83C751AB6374F50EDD
:1041C000AA84EFE0DFF79147AA896316FA0C03C7C8
:1041D000118679171337170091461949338924033B
:1041E0004E86A6852285EFF08FAC5146814568004A
:1041F00097D0FD1FE7800089700033490908C14549
:104200001305492033450508EF204E9805E941463E
:104210009305F00F680097D0FD1FE780E09919ED36
:10422000700891451309592033450908EF200E966F
:10423000700093F519002285EF308EFB9D67BE94C8
:1042400010109305000333C50408EF202E9419EDD8
:104250000810EFE0BFEC04108E2089C5B020228545
:10426000EF804EB991049C08E398F4FE93F929007D
:104270006387090083C5C1AD2285EF70FED39147E6
:104280006314FA0403C711868947631FF702228566
:10429000EFF05FEF15A803C70186791713371700F2
:1042A000D28625BFA147E31CFAFC03C701868947D4
:1042B000631CF7000146CA852285EFF00FA6014670
:1042C00081452285EFF02FB5B650265496540659F5
:1042D000F649664A014565618280411122C42A84FB
:1042E00006C6EFF00FF6238E81AC2244B2404101A6
:1042F0006FF06F911D7186CEA2CCA6CACAC8CEC679
:10430000D2C4D6C2EFF0CEE983C7B18599CB0144C0
:10431000138A51AB1389C1AB994A83470A00636B77
:10432000F400F6406644D6444649B649264A964AC1
:1043300025618280032509009319440019469305DD
:10434000F00F4E9597D0FD1FE780008729E9B30451
:1043500054035010F145B3C40408138514203345A9
:104360000508EF20AE8205ED0347F1039307F00F38
:104370006317F7025000C145138534203345050803
:10438000EF20CE805008C1450945EF202E808325BF
:10439000090054085000CE95E835EFF02EE00504F2
:1043A0001374F40F9DBF5D71A6C2CAC0930705C008
:1043B00086C6A2C44EDE52DC56DA5AD81307200253
:1043C0002A89B284B3C707086368F74E17770000DD
:1043D000130747BBB3C7E7209C43BA97828785473B
:1043E00061446393F5021C220947636FF700A380C1
:1043F000F186014411A8854761446397F5001422B2
:10440000138791AD63FAD50CB640228526449644B5
:104410000649F259625AD25A425B616182808547ED
:104420006144E393F5FE1C221147E36FF7FCA38D73
:10443000F1ACC1B785476144E398F5FC1C22E3E584
:10444000F5FC238DF1AC75B7C1476144E39EF5FAE5
:104450004146A6851725FE1F1305C5FB97C0FD1F06
:10446000E780C05B79B785476144E39FF5F8142284
:10447000138791ADE3EAD5F81C236381062093E707
:104480001700B9A885476144E390F5F81C22238CF6
:10449000F1AC85B791476144E398F5F61842B74708
:1044A0000F009387F723E3E1E7F623AAE1AC91B786
:1044B00085476144E39AF5F41C220947E366F7F463
:1044C0002380F1863DB785476144E39FF5F21422CE
:1044D000E3ECD5F2138721AD1C2389C693E747008F
:1044E0001CA301BFED9BEDBF85476144E39EF5F042
:1044F0001C221147E36AF7F0A389F1ACDDBD8547C3
:104500006144E393F5F01C22E3E0F5F0A388F1ACFD
:10451000CDB5C1476144E399F5EE4146A68517251F
:10452000FE1F130525EE1DBF85476144E39EF5EC94
:104530001422E3EBD5EC138721AD3DBF85476144E1
:10454000E394F5EC1C222388F1AC65B591476144F6
:10455000E39CF5EA1842B7470F009387F723E3E59A
:10456000E7EA23A6E1AC71B56144E39F05E8EF30CB
:10457000AED101E9EFF08FB6EF204EADEFE0BFE82E
:104580008DBD8547238BF1AAADB59D476144E39D61
:10459000F5E6938514001946680097C0FD1FE78073
:1045A000E047882050086C00EFF0DF8C83C751ABE8
:1045B000AA840944E37AF5E44808EFB0EE8D2A8432
:1045C00009E92685EFE05FC2EF204EA8EFE0BFE3E8
:1045D00025BD83A7C1AB9204A6970547F8A7594408
:1045E00025B59D47639EF50819469385140068001C
:1045F00097C0FD1FE7808042882001466C00EFF0E5
:104600007F8783C751AB6377F5049947B304F502FD
:104610005008F14593841420B3C404082685EF1094
:10462000FED62A8415E51307A0419307F00F631304
:10463000E90085475008F1452685A307F102EF10F0
:104640001EFB03C5C185EF105EF5EFF0BFCA6DBB61
:104650000944E5BF83C7C1AA0944E38707DA138782
:10466000B1AA9306A0411C23631AD90093E717004F
:104670001CA31D46A685138541AACDB3F99B8DB514
:1046800085476144E392F5D81387B1AA9306A04108
:104690001C236315D50093E7270099B5F59B89B5D1
:1046A000A38D0184EFF01FC5A9B38547A38DF184C5
:1046B0000144138951AB9949130AF00FFD5A138B2A
:1046C000C18583470900E37FF4FCB3043403500839
:1046D000F14593841420B3C404082685EF101ECB43
:1046E00005E18347F102638D47015008F1452685B6
:1046F000A3075103EF10BEEF03450B00EF10FEE9D7
:1047000005041374F40F75BF85476144E39EF5CE2D
:104710001C22E3EBF5CEA384F1ACE1B985476144FB
:10472000E394F5CE1C222547E360F7CEA38FF184F6
:10473000C9B185476144E399F5CC1822A546930792
:1047400097FF93F7F70FE3E1F6CC238FE18455B1A0
:1047500085476144E39AF5CA138781AB1C22142371
:104760001CA3E39806C8E396B7C809BD8547614412
:10477000E39CF5C8138471AB1C2218201CA009E728
:104780006394B700EFE03FC80820EFF0AEA195B109
:1047900085476144E39AF5C61C220D47E366F7C6D8
:1047A000A38EF184B9B185476144E39FF5C41C220F
:1047B000238EF1843DB90545EF103EDE1DB98547D6
:1047C0006144E393F5C41C22238DF1841DB193074A
:1047D00040026144E39AF5C2883001469385240083
:1047E000EFF04FE983C751AB6364F500094429B981
:1047F00099473305F5029820A14733490508631FFF
:10480000F702130929205008F145334909084A8560
:10481000EF10DEB72A8415E59385840048086D46BD
:1048200097C0FD1FE780801F5008F1454A85EF10B3
:104830001EDC03C5C185EF105ED6F9B61309192039
:10484000D9B70544D1B61717FE1F0357275F930743
:1048500040046D44E3FAE7BA85476144E396F5BA4C
:104860001C22E3E3F5BA81CF83A701AA5544E38D67
:1048700007B8138791AD1C2393E7870095B1138781
:1048800091AD1C23DD9BA9B91717FE1F0357075BCA
:10489000930740046D44E3F9E7B685476144E39527
:1048A000F5B61C22E3E2F5B6F9DB83A701AA55446D
:1048B000138721ADE9F389BE93070004E3E827F3EA
:1048C0008947E395F5F226448E20B6409644F25986
:1048D000625AD25A425B4A85064961616F308EA3A3
:1048E000797106D622D426D23C215147E91793F795
:1048F000F70F6367F7041767000013076771B3C703
:10490000E7209C432A84BA97828726255025543570
:10491000268532C636C497E0FD1FE7808038AA8717
:1049200005C1D827A147A246324613053400631EAD
:10493000F70283A701ACA68599CB9C4389CB8297CC
:104940008544B2502254268592544561828003A545
:10495000C1ACEF203EC46DD59307E00FE302F5FE36
:1049600085452685EF306E8FE1BF83A741ACA685D4
:1049700099C39C43E9F703A541ADE1BF2E252E85E0
:104980002EC497E0FD1FE780C031AA8755D9D827EC
:10499000A147A245130534001306C4009306C401C1
:1049A0006319F70083A701ACC1DF9C47D1DB829775
:1049B00041BF83A741ACCDBF10314DEE7C21858B2B
:1049C000CDCB83A701ABD5E781454146080897C009
:1049D000FD1FE780200B4C48A5C5FC291946C105E1
:1049E000A30FF100080897C0FD1FE7802003B886D9
:1049F0007C2093D72748D98FFC86EFE0CFF683C77A
:104A000051AB639FA70083C7A18599C3EFF0EF98CF
:104A10009717FE1F83A7874481C785452145829745
:104A2000EFE06FF4A2850808EFE05FC8AA841DE5F7
:104A3000894503C5C1AD97E0FD1FE780001111B79F
:104A40004A2097E0FD1FE780C025E30B05EE5C31AF
:104A5000194693056500A30FF10069B710304A208D
:104A60008545EFE05FBB55468D454A20EFE0BFBA74
:104A7000C1BD01468545D5BF183099474A21631805
:104A8000F70297E0FD1FE780C021AA840DC183C70C
:104A9000D18509476386E7020D47638DE700054727
:104AA0006397E7004C314A200146EFE01FA7103022
:104AB000894565BF0146814513050041EFF0BF8E72
:104AC0004E2088201546EF207EFCD5B79305450083
:104AD00028310146EFF00FBA83C751ABE372F5E618
:104AE00099473305F5021306C40091451305552077
:104AF00033450508EF10BEAF03C5C185EF10FEA911
:104B000081B583C791AC4A2181C783C5F18599BD21
:104B100083C7118699E39545B1B597E0FD1FE780FE
:104B20004018AA84E30E05E03C244831858B85C7F4
:104B3000854763F2A7025E2493F7072089EF1008E8
:104B400093856400EFF00FB383C751AB6395A70063
:104B50004A208D4501BDCC304A2013068400EFE089
:104B6000DF9B0146814511B74A21EFF0EFBFC9BB7A
:104B70004A21EFF02FA6138711861C2393F7F7071E
:104B80001CA37DBB797126D206D622D44AD04ECE44
:104B900052CCAE849397556063D9070803C5C1AD65
:104BA00097C0FD1FE78080DE2A8431C11C211307D6
:104BB000100B6389E7041307000D6384E7021307F2
:104BC000000B6393E7025821F9476316F7002A2187
:104BD0008145EFF08FC14C2013058400EF606EE03B
:104BE00021A0EFF0FFCF01C52285EF001EB813947E
:104BF000F468B2502285225492540259F249624A12
:104C0000456182805C21EDF312256E212A212384E7
:104C100001ACEFF06FC683C781ACF9D703C5C1857E
:104C2000238401ACEF107E97C1B793F7250095C39D
:104C300081450145EFE09FA79387C1AD894511C12B
:104C40008545882313C4240097E0FD1FE780E0EF2B
:104C50004DB793F71500DDCB138901AB832709000E
:104C60001384C1A903DA47001C4081EFC165138793
:104C7000A1A989461386418EFD150545EF70DEBC5E
:104C800008C00C4093C4140085E98327090001463D
:104C90008545CA2333C40408EFE0FF978327090042
:104CA00001468D45CA23EFE01F9703C5C185EF106C
:104CB000DE8EEFE0CFD035BF9389A1A903D60900DE
:104CC0009308F00F094881471307E10074005285EB
:104CD000EF80CE8801E9308611C61C405285AE2790
:104CE000EFF08FB9084003D60900C1658146FD1574
:104CF000EF705EFC08C033C4040841D9854503C584
:104D0000C1AD97E0FD1FE78040E4E5B513F4450031
:104D1000E30104EE13C44500E9BD3421F14763EF1C
:104D2000D726176700001307E733B3C7E6209C4375
:104D3000411122C4BA9706C626C22A8482871C3132
:104D40009384C1B0D1E741469715FE1F9385856EC8
:104D50001715FE1F1305057097C0FD1FE780A0DD26
:104D600029E91716FE1F1306E66EC1450945EF1027
:104D70001E881716FE1F1306E66CC1450D45EF1081
:104D80001E8703C5C185EF105E819305340013852E
:104D900081AF194697C0FD1FE78040C8854785450C
:104DA00003C501B19CC097E0FD1FE78000DA884091
:104DB000D9A041469715FE1F9385C5661715FE1F9E
:104DC0001305456897C0FD1FE780E0D659D975BF28
:104DD00099479CC0E9BF18313C3129E309476394E6
:104DE000E7021387C1B01C438145014593F7F7F0F3
:104DF00093E707021CC3EF401ECF08B0B240224425
:104E00009244410182800547814501456395E70051
:104E1000EF401EC1DDB7EF405EB4C5B70947E38F71
:104E2000E7FC1387C1B01C43C19B13E5670008C3AF
:104E300099A01C319384C1B0BDEF8D47639FF604E8
:104E4000138771B01C239396476063DC060093F7C9
:104E5000F707894503C501B11CA397E0FD1FE78053
:104E6000C0CE9C40914613F7F7006311D702C19B57
:104E700013E5570088C083A701AEC9D39C43BDDFAB
:104E8000A2852244B2409244410182878946E307C9
:104E9000D7F6C19B13E52700F1BF238401B09C40E6
:104EA000954613F707FFBD8B13653700E394D7FCD6
:104EB00013654700C1B79C40C19B13E567005DBF08
:104EC0009384C1B09C401831C19B11EF93E7470018
:104ED0009CC032259305450028319146EFF0CFABB9
:104EE000238401B0E9B5930610036317D700238428
:104EF00001B093E73700F1BD93E76700D9BDEFF04C
:104F00003F9E1387C1B01C43954613F6F700C19B23
:104F100013E53700E31DD6F013E5270009BF93849E
:104F2000C1B09C40183193F7F7F021E34D47639AE5
:104F3000E60293E70701138761B09CC01C23939698
:104F4000476063DC060093F7F707914503C501B19D
:104F50001CA397E0FD1FE78040BF9C401395872965
:104F600019BF93E707029CC0CDBF93E70703E5BFD6
:104F70001386C1B01842FD770C319387F70F7D8FF0
:104F80009367073081E9ED45936707206394B60086
:104F9000936707101CC213959729F1BD82801821D1
:104FA000930610096307D7009307000D630EF702FD
:104FB000828014313947639BE60256210567130747
:104FC00057406395E6021C451307F00783853700B9
:104FD000638EE50003A701AE11CB584301CB8833A4
:104FE000BC23A2075D8D02876FF03FD38280011141
:104FF00026CA06CE22CCAE849397556063DF070A9B
:1050000003C501B197C0FD1FE78040982A8409C9F4
:1050100083C791AE89EFEFF09FF82285EF00EEF4A1
:105020001395F468F2406244D244056182801C21E9
:105030001307000D639BE7043C2181E7EFF03FF687
:1050400001A81547639CE7005825A147E395E7FCB5
:10505000A28503C581AEEF006EF6D9B72147E38F75
:10506000E7FC99466394D7007C31CDB71D47E394A4
:10507000E7FA4A2197E0FD1FE780A0C259DD5825D5
:10508000A1472285E319F7F8E1B71307200AE38463
:10509000E7F813071009E393E7FA1831B947E31F5C
:1050A000F7F85A21856793875740E319F7F81C45AD
:1050B0008833BC23A2075D8D75BF9167ED8F91CFBB
:1050C000138601B091451145EF106ED203C5C1851D
:1050D000EF10AECC1395E468B1B793F71500BDCBD4
:1050E00083C781B0A9C7EFA09E809717FE1F83C713
:1050F00047D56361F5048D475C8283C7C1AE5C868A
:105100004C0083C7B1AE03C501B1DC86EF402ED39E
:1051100019CD9387C1B0884341991365650088C351
:1051200083A701AE89C79C4399C38145829713C564
:105130001400CDBD83C771AF5C82194683C761AFD0
:10514000938501AF13056100DC8297C0FD1FE780E6
:10515000E08C65B793F7250095CB83C771B0858B3D
:105160009DC303C501B1EF40EEF911CD9387C1B0E6
:1051700088431375F5F088C383A701AE89C79C43A4
:1051800099C38145829713C5240069BD13F5450075
:10519000E30A05E883C761B08DC703C501B1EF40DD
:1051A0006EF905C11387C1B00843FD779387F70FE8
:1051B0007D8D08C383A701AE89C79C4399C38145F0
:1051C000829713C54400B9BD397122DC26DA4AD86A
:1051D0004ED652D406DE2A8AAE893289B6843A8403
:1051E0003EC697E0FD1FE780C0AB29C17E25324651
:1051F00063EB37016369F9001E29639697003E2926
:105200006145638D87002C085285231C3101231DC5
:105210002101E486E087EFA0CEB10145F25062544F
:10522000D2544259B259225A216182805145FDB768
:10523000411122C406C69717FE1FA387A7F0328428
:1052400081C52E85EFE05FEB83A7C1B08DEB19C060
:1052500023A081AE2244B24003C6A1AE83C591B063
:1052600003C501B1938701B01717FE1F1307871DF0
:105270009716FE1F9386061E41016F502EEAB2401C
:1052800022444545410182809717FE1F83C767BBB3
:1052900089EB614582806145B240224492444101DC
:1052A0008280411126C206C622C4938401B18020A7
:1052B0009307F00FE311F4FE17050000130565D303
:1052C000EF005EC588A0E30885FC23A001AE23A6FD
:1052D00001B09147A384F1B0EF200EB14146814562
:1052E0001715FE1F1305051797B0FD1FE78080797E
:1052F000414681451715FE1F1305C51497B0FD1FC4
:10530000E780407823A001B0A38B01AE238B01AED0
:105310009D471716FE1F1306E613C1450945238650
:10532000F1AEA38501AEEF106E861716FE1F1306B1
:105330006611C1450D45EF106E8541469715FE1F5C
:10534000938545111715FE1F1305C50E97B0FD1F58
:10535000E780C06C41469715FE1F9385A50E171573
:10536000FE1F1305250C97B0FD1FE780206B1386E9
:1053700001B091451145EF106E81014531BF1717FE
:10538000FE1F130727DCFD575CB37CA3A38401B089
:1053900005472384E1B023A001B019472393E1AE70
:1053A0000567130707C82392E1AE2384F1AE8D474A
:1053B000238501AEA38401AEA382F1B02382F1B0B4
:1053C00019468145138501AF17B3FD1F6700836B35
:1053D000411122C4930705D006C65D472E84B3C78A
:1053E00007086367F70C176700001307E7CEB3C71A
:1053F000E7209C43BA97828783C791B01CA019A865
:1054000041469715FE1F9385E504228597B0FD1F41
:10541000E780C0608147B24022443E8541018280DE
:1054200041469715FE1F9385E501C5B783A701B0D7
:105430009CC1CDB71946938581AFC1BF83C781B0E9
:1054400075BF2E85EF402EF6F1B72E85EF40CEF7D3
:10545000D1B783C771AF5DB783C761AF45B7194691
:10546000938501AF5DB783C7C1AE49BF83C7B1AEF6
:1054700071B783A7C1B059B783C7A1AE41B783D76E
:1054800061AE1EA041BF83D741AEE5BF83C751B017
:10549000B5B783C741B09DB72E85EF40CEF59DBF10
:1054A00083C771B093F7F70791BF83C761B0B9B7EE
:1054B000130700048947E360A7F6EF20CE8B0AA00C
:1054C00091BF2A879307F7CFD9462E85B3C7070820
:1054D000B28563EDF624976600009386E6C5B3C7F0
:1054E000D7209C43411106C6B69782874147E147C2
:1054F000631EE50241461715FE1F1305A5F597B07B
:10550000FD1FE780A05115A04147E1476310E50268
:1055100041461715FE1F1305E5F2D5B71147E147C0
:105520006316E5001C4223A0F1B08147B2403E85DE
:10553000410182800547E147E31AE5FE138781B008
:105540001C2214231CA385C2EDF303A7C1B03D8B1D
:1055500093074002B3D7E700858BE1DB03C501B1B8
:10556000EF406EA2D9B7F1D383A7C1B06386A7007D
:10557000BD8BF517E36BF5FA854503C501B197D0EF
:10558000FD1FE780805C55B79307C01C63ECA7182C
:10559000630A0618B24041016F402EBC9307C01C3D
:1055A00063E2A71863000618B24041016F404EC77E
:1055B0000547E147E31CE5F61822A946E3E8E6F6CD
:1055C000A38BE1AE9DB70547E147E311E5F618224D
:1055D0008D46E3EDE6F4238BE1AE81BF1947E14749
:1055E000E316E5F41946138501AF11BF0547E147FE
:1055F000E31EE5F218229D46E3EAE6F22386E1AED9
:105600002DB70547E147E313E5F218228D46E3EF96
:10561000E6F0A385E1AE11BF0547E147E318E5F0E9
:105620001C222385F1AE11B70947E147E310E5F0ED
:10563000122205671307A7C79306A6FFB3C606087D
:10564000E366D7EE2393C1AECDB50947E147E31F2B
:10565000E5EC122205671307A7C79306A6FFB3C69A
:105660000608E365D7EC2392C1AEC1B50C2203C690
:1056700041B0A382B1B00145EFE04EB37DB5102239
:1056800083C551B02382C1B0FDB79307C01C63EB43
:10569000A70849CAB24041016F40EEC40547E1473F
:1056A000E316E5E8138771B014231C22858A1CA336
:1056B00013F6170091C6E31A06E6EF40EEA6B5B55D
:1056C000E30506E683A6C1B0B98A8945E39706EAF1
:1056D00093E707F81CA391BD0547E147E318E5E40C
:1056E000138761B01C2214231CA391C6E39F07E219
:1056F000EF40EEA51DBDE38A07E283A6C1B093F695
:10570000060FF9D6914595BD9307000463EEE700B7
:1057100089468947E31CD5E0B2400E223A85410113
:105720006F204EBFE14719B5894709B593070004BB
:1057300063E9E700894689476316D5000E223A855A
:10574000C5B789473E8582806FE02EA10148814719
:105750006FE06EA2011106CE2AC697D0FD1FE7802A
:10576000405401C9B245F24008214D4605616F2001
:10577000EEB1F240494505618280411106C6EF90C5
:105780007FB01795FEFF130505C9EF00AEF8EF8057
:105790001EB51725FEFF1305E542EF00AEF7EF201B
:1057A0000EBE1765FEFF130565A8EF00AEF6EF50BD
:1057B0001EA517B5FEFF1305850FEF00AEF5EFB080
:1057C000CEA217F5FFFF1305253CEF00AEF4EFE086
:1057D000DFB01785FEFF1305852CEF00AEF3EF80D9
:1057E000AEA8B24041016FF03FAA411106C6EF30AA
:1057F0000FC483C701B1FD1793F7F70F1307D00F3D
:105800006372F7061795FEFF1305E5C0EF008EF0F3
:10581000EF80FEAC1725FEFF1305C53AEF008EEFB3
:10582000EF20EEB51765FEFF130545A0EF008EEEE5
:10583000EF50FE9C17B5FEFF13056507EF008EEDD8
:10584000EFB0AE9A17F5FFFF13050534EF008EECAD
:10585000EFE0BFA81785FEFF13056524EF008EEB70
:10586000EF808EA0B24041016FD01F8083A7C1B1ED
:1058700003A741B101456313F7008280F62399E243
:10588000D62336959C43C5BF1707FE1F1307075A3B
:105890001C435A23411193860711E117BA97856576
:1058A00023AED1B023AAF1B006C69D05135637002A
:1058B00063F4E500130600203387C60023ACE1B093
:1058C000611698C2D2A2239306001CC3998FE117D8
:1058D0005EA323130700EFF07FF9B2409707FE1F86
:1058E0002395A7524101828083A7C1B103A741B18B
:1058F00001456313F7008280F62381E6D6233375D2
:10590000D50A9C43FDB79C211CA1BE211CB1BE2120
:10591000A1833CA1DC213CB11145828023A201B2CC
:1059200023A001B282800DCD411122C426C206C639
:10593000AA842E84014585C12285414697650000D1
:105940009385458597B0FD1FE780400D9C20054558
:105950005CA49C305CB4B2402244924441018280F9
:1059600001458280011122CC26CA06CE8947AA842D
:105970003284639FF5006384B60241478147639791
:10598000E6048A85EFF03FFA41468A85228515A80C
:1059900041476393E504638FF600639FB6022E864A
:1059A000A2856244F2402685D244056117B3FD1FEB
:1059B000670063188A853285EFF0FFF641468A85D5
:1059C000268597B0FD1FE7800017AA87F240624442
:1059D000D2443E85056182808147CDBF23A0A1B21C
:1059E000828023A2A1B28280011122CC622106CE44
:1059F00026CA4AC84EC63DC8832985002A88AE8477
:105A000003C9090081471317496063550702B1476D
:105A1000054563F6870403552800511433440408F0
:105A20004E8633878900A2868545EFA03ED3B337E3
:105A3000A0008507135569487D141379F903334491
:105A400004089CA088B023812401C2A0014719C08A
:105A50001387190098C409476383E7000145F240A2
:105A60006244D2444249B249056182800545C5BFBE
:105A7000C167F917630AF502D94763F7B702011145
:105A800022CC2EC606CE2A84EF80AEF5B2456368DE
:105A9000B50022856244F24005616F90DEDCF24081
:105AA000624405450561828005458280C167F9171A
:105AB0006314F5006F80EEF2411106C6EF909EC9A7
:105AC00011E15D45B240410182809147639DF5003F
:105AD0001C211CA23C211831A207D98F3EA23C31C7
:105AE00001455CA282801145828039714ED652D424
:105AF0005AD05ECE06DE22DC26DA4AD856D22A8A70
:105B00002E8BB289B68B15E7EFF05FFA9145EF80E7
:105B10002EFA2A844D49854A19EDF2506254D25426
:105B2000B259225A925A025BF24B4A85425921617C
:105B300082803A84814A230034018544630A0B0041
:105B4000DE8513051400029B93041500B3C40408FA
:105B50009399496063D30902C1455285EF909ECD68
:105B6000654915E533069400A6852285EFA07E9051
:105B70002A8911EDB104B3C4040891472C00528561
:105B80007C8422C66485EF902EE52A8959D5E38668
:105B90000AF8228597D0FD1FE780E097BDBF01116D
:105BA00022CC26CA4AC84EC606CE2A893284B68975
:105BB000EFF0BFF3AA8419ED83A741B281CF054767
:105BC0006317E40003C4090005041374F40FA285ED
:105BD0004A858297F24062444249B2492685D244BE
:105BE00005618280AE8601470546970500009385D2
:105BF000C5D16FF0DFFA9E211CA19E21A1831CB1AB
:105C0000094582809E211CA19E21A1831CB1BE2139
:105C10003CA1BE21A1833CB1114582809E211CA1E3
:105C20009E21A1831CB1BE213CA1BE21A1833CB118
:105C3000DC315CA1FC215CB18A25190533450508DE
:105C400082809E211CA19E21A1831CB109458280D6
:105C50009E211CA19E21A1831CB1BE213CA1BE217D
:105C6000A1833CB1114582809E211CA19E21A1836C
:105C70001CB1AA2109053345050882809E211CA17B
:105C80009E21A1831CB1BE213CA1BE21A1833CB1B8
:105C9000CA2111053345050882809C211CA10545B8
:105CA00082809E21411122C406C61CA19E212E8401
:105CB0001105A183A30EF5FEBE219505230FF5FE68
:105CC00083D7D5FFA183A30FF5FE03C6F5FF97B0D9
:105CD000FD1FE780A0D44820B240224411054101B5
:105CE000828089476399F5001C3118210145A2077C
:105CF000D98F1EA28280114582809A21011106CE81
:105D000022CC2EC6D94763F5E7022A84EF806ECDF8
:105D1000B2469E22636EF50022856244F24001473E
:105D2000094697050000938545ED05616FF0FFDB9F
:105D3000F2406244094505618280AE860147114602
:105D400097050000938545EC6FF03FDA13F73500B7
:105D5000AA8701EB8981114591C50EA25CC201455C
:105D6000828011458280D8218947631CF702011186
:105D700022CC2A84C84506CEAE8601C92EC69D45D2
:105D800097D0FD1FE7806085B2462A87228562444E
:105D9000F240194697050000938585E805616FF08C
:105DA000DFD40945828099E1114582801C21054795
:105DB0003EA2E37BF7FEFD1593F5F50F33D7F50211
:105DC000B387E702E392F5FE050548C21AA2014532
:105DD0008280DC210947AE866385E7004147639AEC
:105DE000E70001472146970500009385C5EB6FF05A
:105DF000DFCF094582800EA291E1014548C20145ED
:105E00008280AE8601472946970500009385A5E369
:105E10006FF0BFCDAE8601473146970500009385F0
:105E200065E36FF09FCCDC210947AE866385E70010
:105E30004147639AE7000147414697050000938573
:105E400085E66FF09FCA094582803335B0000A05A8
:105E50008280011122CC26CA06CE98258547AA84C5
:105E60002E8449466310F702EFF05FC43E204915C7
:105E70001306200963C8A700F2406244D2440945D2
:105E800005618280183485476314F70013660604A1
:105E9000484001C98D4532C697C0FD1FE780E073B9
:105EA0003246A2866244F2402A872685D24497056C
:105EB00000009385A5DB05616FF03FC3011122CC83
:105EC0002A84884506CEAE8601C92EC6954597C060
:105ED000FD1FE7808070B2462A8722856244F24027
:105EE0005946970500009385A5D905616FF0FFBF5E
:105EF0003335B0000A058280AE86014761469705BA
:105F000000009385C5D96FF05FBE8547114563F1E9
:105F1000D7021C320C220945A207CD8F814563842C
:105F2000A60093052600F9161EA336A34CC301450F
:105F300082809E211CA19E21A1831CB109458280E3
:105F4000BC2105471CA18A216397E7000A050505C6
:105F5000334505088280C9473305F502CDBF8A2144
:105F60000A05334505088280BE211CA18A21BE2175
:105F70003305F50205053345050882808A218280B4
:105F80008A2182808A218280BE211CA18A21BE2191
:105F90003305F50205053345050882809E211CA1C5
:105FA0009E21A1831CB1BE213CA1BE21A1833CB195
:105FB000CA2111053345050882809E211CA19E211E
:105FC000A1831CB1AA2109053345050882808947B0
:105FD00011456398F6001C3214220145A207D58FA3
:105FE0001EA382809A21D947AE8663FAE700014753
:105FF0000D4697050000938505F46FF05FBA0945DB
:1060000082801145639DA6001C3214220145A2071F
:10601000D58F1EA33C323422A207D58F3EA38280A7
:10602000BC210547FD1793F7F70F6362F7049E2124
:106030009DCF011122CC2A84C84106CE2EC61DC197
:10604000894597C0FD1FE78040592A872285624411
:10605000B246F2401546970500009385A5EE05610E
:106060006FF0FFB3F2406244094505618280094543
:106070008280954763F0D706411122C426C24AC0E8
:1060800006C61C323A841822A207B284D98F1EA0F9
:106090003C32382293854400A207D98F3EA089471D
:1060A0005CA0094613055400368997B0FD1FE780B0
:1060B000E096194781476304E900938764006919F2
:1060C00023142401B2405CC4224492440249014595
:1060D00041018280114582809E219DCF011122CCF9
:1060E0002A84C84106CE2EC61DC1854597C0FD1F16
:1060F000E780A04E2A8722856244B246F2401D46C0
:10610000970500009385E5E505616FF05FA9F24012
:106110006244094505618280094582809947B285BC
:106120006388F600D147114541466384F6008280BA
:106130000946411106C650A39C319421130557000E
:10614000A207D58F1EA3BC31B4219105A207D58F1C
:106150003EA397B0FD1FE780608CB240014541012E
:1061600082809E219DCF011122CC2A84C84106CE77
:106170002EC61DC1894597C0FD1FE78000462A87AE
:1061800022856244B246F240254697050000938579
:10619000E5DD05616FF0BFA0F2406244094505618D
:1061A000828009458280894711456398F6001C3238
:1061B00014220145A207D58F1EA38280011122CC93
:1061C0002A84C84106CEAE8601C92EC6854597C031
:1061D000FD1FE7808040B2462A8722856244F24054
:1061E0002D46970500009385A5D905616FF03F9B6B
:1061F0006FF03FE1011122CC2A84C84106CEAE8661
:1062000001C92EC6854597C0FD1FE780003DB246F7
:106210002A8722856244F24035469705000093851F
:1062200065D605616FF0BF9793F71600114581EBB6
:1062300089476386F600858256A310C30145828094
:10624000011122CC2A84C84106CE2EC61DC1854527
:1062500097C0FD1FE78060382A8722856244B246D6
:10626000F2403D4697050000938505D205616FF029
:106270001F93F24062440945056182809E219DCFB3
:10628000011122CC2A84C84106CE2EC61DC18945E3
:1062900097C0FD1FE78060342A8722856244B2469A
:1062A000F240454697050000938545CE05616FF0A5
:1062B0001F8FF24062440945056182800945828052
:1062C000854763F4D70208A70CB71C320C22094596
:1062D000A207CD8F81456384A60093052600F91699
:1062E0001EA336A34CC3014582801145828001471D
:1062F00081464D4681456FF09F8A8D47114563F574
:10630000D7021C320C22A207CD8F1EA33C322C22B6
:10631000A207CD8F81456384A60093054600F11640
:106320003EA356A30CC701458280011122CC2A84CA
:10633000884506CEAE8601C92EC6954597C0FD1F7D
:10634000E780A029B2462A8722856244F2405D4652
:10635000970500009385C5C405616FF05F8485478C
:1063600011456395F6001C2201451CA3828001475C
:106370008146654681456FF09F82011122CC2A84B7
:10638000C84106CEAE8601C92EC68D4597C0FD1FF9
:10639000E780A024B2462A8722856244F2406D46F7
:1063A000970500009385A5C105616FF00FF40111F9
:1063B00022CC2A84C84106CEAE8601C92EC68D45A0
:1063C00097C0FD1FE7806021B2462A87228562447C
:1063D000F240754697050000938565BE05616FF034
:1063E000CFF0397126DAAE84B70540004ED6F915E4
:1063F000AA89054506DE22DC4AD8EFF0FDD8131441
:10640000652997450000938525E241460A85EFD02E
:106410009DAC414697450000938505E10808EFD003
:106420009DAB93178400135904013347040821835B
:10643000D98F1379F90F10088A854E857C87A306BA
:106440002101EF900FAC8347E1010347D101A0B0D8
:10645000A2074207BA970347F1012180C0A0BA976B
:106460009CA013D78700C18398B0BCA0A38224014D
:10647000F2506254D2544259B259216182800111C2
:1064800019469705FE1F9385059C1705FE1F1305EA
:1064900065DE06CE22CC26CA4AC891644EC697A0B5
:1064A000FD1FE780A0579385F4FF0145EFF05DCB1A
:1064B0002A84FD550145EFF03DCDA287FD147D599D
:1064C00033F79700B366E500CDC663142501630278
:1064D000970A1704FE1F1304E4CB2308F40EA183CC
:1064E00093E707FC1169C1692326A40EA308F40EE3
:1064F0007D19FD19CA850145EFF09DC6AA84FD5599
:106500000145EFF07DC8B3679500EDD7FD576314E3
:10651000F500E38124FF0357040E93570501230A76
:10652000F40E93578501A30AF40E8356240EB34745
:106530000508B98F0357440F230B940EA18093F4E1
:10654000F403358FA30B940ED98F8356440E035753
:10655000640F2319A40E358FD98F93975760B3F723
:106560003701C9DBF2406244D2444249B249056175
:106570008280A6850145EFF0BDBE2A84FD55014508
:10658000EFF09DC0A2872DBF411193059024130504
:10659000000A22C406C697C0FD1FE78060EB2A846C
:1065A0002DC91306000A814597A0FD1FE780804D85
:1065B0001707FE1F130707E1145F585F9707FE1FB9
:1065C00023A087C69307040898CFD4CB7D57230018
:1065D000E404130710FB78A023020400170700004F
:1065E0001307070498C71707000013074743D8C7C6
:1065F000170700001307472F98CB9707FE1F83C785
:10660000E78881EB914503A581B297B0FD1FE78034
:10661000E089B2402285224441018280411126C294
:106620009704FE1F938404B722C403A4C40806C6BB
:10663000834754062302040685E385472302F406B4
:1066400019469705FE1F9385E5C21305640697A0BA
:10665000FD1FE780A03CB5A80547639AE700B82076
:106660000DE74945B240224492444101828083258E
:106670004408DDED8347C4068DE30347540689478C
:10668000E30DF7FABC20F1DF85472302F406194633
:106690009705FE1F938565BE4DBF1305C40697B0D1
:1066A000FD1FE780E05E2322A40819CD3C2589CF99
:1066B00089472302F40619469305C50013056406AD
:1066C00097A0FD1FE7808035034744068947E316FE
:1066D000F7FAB7050001FD150145EFF0FDAA68CCFA
:1066E000EF90CFE828CCC1451545EFF0FDA48547D4
:1066F0007CB0834784030D4748A458A097F4FD1F3E
:1067000093844470639EE702523883576404A83030
:10671000C1453E96EFF0EDCCA830C14597C0FD1FB6
:10672000E780A04201459707FE1F238507A61DBFEE
:10673000BC25A1D789472302F4061946B105BDBF80
:106740000947A8306396E70003566404C145D9B7EA
:106750005238EDBF411106C622C42A8497D0FD1FCE
:10676000E780605E930700FB7CA09305000217F5AD
:10677000FD1F03455569EFF0CDCE1707FE1F130728
:1067800067A11C235638850793F7F70F1CA313073F
:1067900000643347D70263C8E700EFF01DA19707F5
:1067A000FE1F2389079EB2402244410182800111CD
:1067B00026CA9704FE1F9384E4C0D84C22CC06CE90
:1067C0004AC84EC695471704FE1F032464A56306F6
:1067D000F700D84C8D47631FF70083C7140281E789
:1067E000930770109EB0F2406244D2444249B249CD
:1067F000056182800D4597D0FD1FE780605C93891D
:1068000081A603A70900B7C7898E938767ED1CC7C8
:10681000B7575500938757555CC30347A4039307A5
:10682000F00F6305F700FD57230DF402138981A7CC
:10683000032709008547A30CF4025C430145014688
:1068400093E717005CC3930720FB7CA09D47DCCC3B
:10685000930550029707FE1F23A607B6938481A8CD
:1068600097C0FD1FE78020B2984001455C57F59B1B
:106870005CD783A6090058309C421377F70793F73B
:1068800007F8D98F9CC297F7FD1F83C7276099C36C
:1068900003A581B297A0FD1FE780606003A70900F0
:1068A000B70633001C4393F7F7CF1CC31C4393F781
:1068B000F7CF93E707201CC398401C47D58F1CC710
:1068C00003270900B7070300938787153CCB970779
:1068D000FE1F23A307B09707FE1F23A707AE854718
:1068E0001CC311B7411122C406C626C21704FE1FDD
:1068F0000324049303479403A1476303F70A8944DD
:106900005C306314970A130770026381E710130762
:106910005002130570026394E7001305600248B04B
:1069200083A781A698433706CEFF7D161377F7CF4E
:106930001367071098C303A781A8144783A581A7ED
:10694000F18E14C737060300B0C99706FE1F23ABAC
:1069500006A6545713068615F59A54D7944393F612
:1069600006F8C98E94C39706FE1F23A706A69706AE
:10697000FE1F23AB06A4854694C1944393F6F6CF3D
:1069800094C3944393F6F6CF93E6062094C31C4732
:10699000B7063300D58F1CC7B0C9930720FB7CA076
:1069A000B240224492444101828013077002638600
:1069B000E702930650026394D7001307600258B0B1
:1069C00083A681A8DC56F59BDCD683A681A69C42D3
:1069D00093F707F8D98F9CC2C9B783478403898B83
:1069E00095C70356A4049305000217F5FD1F034540
:1069F0009541EFF00D9F93075002A30C94025CB0F9
:106A00002244B240924441016FF07FDA2285224451
:106A1000B240924441016FF0FFD397F7FD1F938777
:106A2000677703A7070A35E3411122C403A4C70807
:106A300006C69307000B78206306F70097D0FD1F6A
:106A4000E78060308347840317F5FD1F0345B53B9E
:106A500013F7170011C785473238A30CF40201A8B9
:106A6000898BF5DB0356A4048947A30CF402930534
:106A70000002EFF00D9793075002230F04025CB061
:106A80002244B24041016FF09FD2828001114EC674
:106A9000938981A783A7090022CC26CA4AC806CEBB
:106AA000D843138981A62A8413671700D8C3832685
:106AB000090037C7898E130767ED98C63757550009
:106AC00013075755D8C2D8439704FE1F9384848F69
:106AD000014613671700D8C3930730FB7CA1034519
:106AE000C5039D47DCCC9305F00F23A0040097C09D
:106AF000FD1FE780408903A6090023AA040023A202
:106B0000040085471CC283270900B705330098435A
:106B10001377F7CF98C398431377F7CF13670720FE
:106B200098C303A781A81447CD8E14C7B7060300E6
:106B30009386861534CA5457F59A54D78346B403BE
:106B4000984393F6F607137707F8558F98C3F240EA
:106B50006244D2444249B249056182807D57230094
:106B6000E50403479503411106C6230DE5022147BD
:106B7000A30CE5020347B50358B1EFF03FF193874B
:106B800081A7984354471396164950C70F10000029
:106B90009C4337070200B24098C713070008170646
:106BA000FE1F2329E6820567130727A8F8D3D4C759
:106BB00041018280011122CC06CE26CA4AC84EC6A7
:106BC00052C403479503A1472A84631FF720930704
:106BD00050FB7CA10345C5039305200297B0FD1F20
:106BE000E78060568347C403094733D9E70A832403
:106BF0004409930720021CA495479CA07820930782
:106C0000400B97F9FD1F9389E958631AF70083A792
:106C1000090D1167F98F81C7930750029CA0930754
:106C200020029CB0034744068947130A6406631B8D
:106C3000F7008325440819465285B10597A0FD1F2A
:106C4000E780C0DD83475406858B91E70347440600
:106C500089476316F7009C2093E707049CA0194618
:106C6000D2851385240097A0FD1FE78020DB834792
:106C7000540789C79C2093E707F89CA01946930501
:106C800064071385840097A0FD1FE78020D9834700
:106C90008405FCA483479405FCB48347A4059CA801
:106CA0008347B4059CB87C4C13D78700BCA8C1832C
:106CB000DCA8B8B889476313F9008D47DCB8B3275F
:106CC000892003C707058325440998AC03D7070526
:106CD000218398BCB82FB8ACBA2F2183B8BC03C7A6
:106CE00007029E33D8ACA183DCBC9C3D982DA20743
:106CF000D98F03D7C90A630707148D472317F404F4
:106D000097F7FD1F9387871783DEC700930600322E
:106D100003D7A90213860E193356D602345013072F
:106D2000270283A2490903AF870005872D07814306
:106D300013090032954F369616857D538357E40428
:106D400061E1636967008507B3C707082317F40487
:106D5000E3F4FFFE8347E404B7060082FD16FCA8B7
:106D60008357E404A183FCB883C7E90FFCAC83C755
:106D7000F90FFCBC83C709102380F40283C71910E4
:106D8000A380F40283C729102381F4025C24FD8BC5
:106D9000A381F40283C7390003C735029607D98F50
:106DA000A381F50283A581A6D85597F7FD1F83C758
:106DB00027091396476093F7F703758FE607D98F76
:106DC000DCD51307A00383A781A86355C708F84F34
:106DD000B7060007558FF8CFF2406244D2444249CB
:106DE000B249224A05618280930740FB7CA193054A
:106DF0002002014597B0FD1FE780E0340149C5BB83
:106E0000B386D703032E050993860619B3D6260346
:106E1000B388C600B3B6D80046886394D30063E451
:106E2000E8013388E841B306C84163690E01B3063F
:106E30000E4163F5E60085072317F4040841335338
:106E4000D30AEDBD8D838D071947B3D7E70A231702
:106E5000F40409B713072002635AC700F84FB706B6
:106E600000F9FD16758FB7060005ADB7B70600F936
:106E70006947FD166357C700F84F758FB7060003C3
:106E800091BFF84F758F13178729B1B7411106C607
:106E900022C426C297F4FD1F9384C4F62A84A83026
:106EA000C145EFE01DDCA83093050002EFE07DDB7B
:106EB0002302040023130400B240224492444101FF
:106EC0008280411106C626C222C44AC0AA84EF109D
:106ED0005FBEEF005F9879C5B85083A744090148A9
:106EE0002324E508B84C2A841546232CE508F84CE1
:106EF00097F5FD1F9385E539130585132322E5F6E4
:106F0000D83B17F9FD1F1309E928A30FE5EEF83B5D
:106F1000F42B2207558F2310E5F0983F942F22077A
:106F2000558F2311E5F0B83FB42F2207558F231258
:106F3000E5F0D82FDC3FA207D98F2313F5F0DC242E
:106F400023220501A30EF5EE81471CC197A0FD1F6A
:106F5000E780C0ACF8209307600B631DF7048547FA
:106F60002300F41483C7C4032303F414A303F41409
:106F70002285EF105FA28327890D0A24294693F703
:106F8000072091E3054693050008EF40FFD88327CB
:106F9000090D1167F98F99C70A2451469305000816
:106FA000EF409FD72244B2400249268592444101D6
:106FB0006FF0DFED8327090D1167F98FD5DB83A70C
:106FC0004409982383A784099C23F98F93D75748B2
:106FD0002300F41471BF011122CC06CE2A8426CAE4
:106FE0004AC88347C4070325450899EB032544088D
:106FF0004DE158348547631DF71268582C5C19A27F
:1070000031C53C25A1C78347D407C9C3834734088A
:107010001307000493F7070C639AE7069305E40748
:1070200069052EC697B0FD1FE780C0BE05478327C0
:107030004408B245631CE5020947230EE4061946DD
:107040001385C70097A0FD1FE780409D0347C40735
:107050008947E30DF7F819469305E407130564061D
:1070600097A0FD1FE78020AD51F119A09C3389EB5B
:107070008144F240624442492685D24405618280BF
:1070800097F7FD1F83C71711F1D3DDB71C31DDFF63
:10709000C5B73C29B9DF83475407D9C78347B4072D
:1070A0001307000493F7070C6390E7089305640740
:1070B0001305A5022EC697B0FD1FE780A0B52A894B
:1070C0008547AA84B245032544086316F904194686
:1070D000510597A0FD1FE780609497F7FD1F83C7B8
:1070E000770B81DB8947230AF4065C34E39327F9A5
:1070F00083274408AA23DA23EE239E274207598DCB
:10710000C207DD8D6244F240D2444249056117B3A3
:10711000FD1F670043CD1C31A1DF97F7FD1F83C71B
:107120007707E38807ECA9B71C31E39407EC89B72C
:107130000347D40683475407E31CF7F21946930527
:1071400064071305E40697A0FD1FE780C09EB334D3
:10715000A00005B7411106C622C42A84EFF09FA5FE
:107160000327440983A781A7B8DF83A781A6984393
:107170001317772998C3D857719BD8D797B0FD1F9D
:10718000E78020F0B2402244014541018280011194
:1071900022CC2A84032585090146814506CE26CACC
:1071A00097B0FD1FE78040F071ED832484099D4670
:1071B0009C20BD8B1CB4983038A46397D70CBC209E
:1071C0000346D40393D667006312D60C93F7F703F4
:1071D0009385440063FEE70A230A0406BC30858BCE
:1071E00095C38547230AF4069C20194613056407B6
:1071F00093D76748A30AF40697A0FD1FE780008293
:107200009385A400230E0406BC30898B85C785476F
:10721000230EF4068327840919461305E4079C23EB
:107220002EC69D83A30EF4069790FD1FE780007F76
:10723000B2459905BC30A18B99C79C310347F40333
:1072400091836319F7042285EFF0FFD8854763091E
:10725000F5001305F007F2406244D24405618280D4
:107260008347E40389CBFD17230FF40297D0FD1F5A
:10727000E78060ADF9BF22856244F240D2440561E7
:107280006FF05FED0945C1BF2145F1B71945E1B781
:107290001145D1B75145C1B7011122CC2A8403252C
:1072A00085090146814526CA06CE4AC84EC697B012
:1072B000FD1FE78060DF894449E903298409A1466D
:1072C000A14483470900BD8B1CB40347190038A4AF
:1072D000639DD7068349290093D46900BDEC938749
:1072E000190093F7F70F631CF706034739008D4722
:1072F0006319F7068347090019469305490093D798
:10730000674813056407A30AF4069790FD1FE780FA
:10731000E0708547230EF4068327840919469305F8
:10732000A9009C231305E4079D83A30EF406979000
:10733000FD1FE780A06EB5476397F9022285EFF045
:107340009FC905C52285EFF0DFB7F240624442498C
:10735000B2492685D244056182809944FDB7E5444F
:10736000EDB7C544DDB7E144CDB7A544F9BF011180
:1073700022CC2A84032585090146814506CE26CAEA
:107380004AC84EC697B0FD1FE78000D26314052897
:10739000032984091D46034709009376F70014B4B6
:1073A0008347190093F7F7033CA46394C61E7D57E7
:1073B000230DE40203472900054693566700A30EF8
:1073C000D402639BC6241377F70305076398E72469
:1073D00003473900E1479376F7FB6393F6249377ED
:1073E0008700AA849309490085C7834759008566A9
:1073F000938606F0A207F58F83464900930969003A
:10740000D58F2312F404834759009183A30FF4020C
:107410009377070195E31377070419C7034794038C
:1074200089476313F700DD44F24062444249B249A0
:107430002685D2440561828097D0FD1FE780A09009
:1074400083C7090093F7F703A30DF40203C62900CD
:107450008967938707F022067D8E83C719005D8EAA
:10746000131656602311C40483C729009583230E85
:10747000F4028387090063D8070E9307C0120347FD
:1074800094033306F60285476316F7003C24A907E8
:107490008E071D8EB7070080930646ED938737ED64
:1074A00063E2D718230DE4028347390093F70704FA
:1074B00081C78947E309F7F69307F00FE306F7F66C
:1074C000130700506363C70A138981A78327090044
:1074D000D84793161749D4C70F1000008327090017
:1074E000B706020097F9FD1F9389C9ED94C71306EB
:1074F00056ED9306000823A8D9000606F0D3D8C796
:10750000F8537DFFA147A30CF4022285EFF00FD8BA
:1075100083270900D84793161749D4C70F100000D6
:1075200083270900B706020094C79306000823A822
:10753000D90093062030F4D3D8C797B0FD1FE78059
:1075400040B483A70900858BE38007EE228562445F
:10755000F240D2444249B24997F7FD1F23A407E6FF
:1075600005616FF0DFC2F94719BF03470404E31D4B
:10757000F7EA930710271306F6D83356F602930658
:107580000404A28517F5FFFF1305855DEFE08DD993
:1075900061BD398B59EBE91793F7F70F7D479304DA
:1075A0000008E363F7E88544230A9406834709004B
:1075B00019469305290093D7674813056407A30A62
:1075C000F4069790FD1FE78060451C34230E0406E7
:1075D0006392970283258409230EF40619469C21A1
:1075E0001305E407A1059D83A30EF4069790FD1FE4
:1075F000E780C0422285EFF01F9E8547A544E31532
:10760000F5E222856244F240D2444249B249056122
:107610006FF05FB4894409BD994439B5914429B5E7
:107620008D4419B59304100201B593040008EDBB15
:10763000797122D44AD04ECE52CC56CA5AC85EC6B0
:1076400062C466C206D626D26AC017F4FD1F0324A0
:1076500024BD130A200B930A400B130B600B930BF2
:10766000300B130C500B17F9FD1F1309A9D597F90F
:10767000FD1F9389A980930C800F7C20639F470195
:1076800083270900858BD9C3228597F7FD1F23AB7C
:1076900007D2EFF0DFCD75D195A8639B570997F717
:1076A000FD1F83A767D2858BB5C317E9FD1F13099B
:1076B000E97C0355C90097F7FD1F23A707D093075F
:1076C000800F3305F50237460F0081461306062466
:1076D0008145EF10E04D83270900AA84AE89829787
:1076E000B307950033B5A700B3053501832689009C
:1076F0003E8799E163E4D7003387D74038D097C0FD
:10770000FD1FE78040642285EFF0AFFB5C206389BA
:1077100007102254B25092540259F249624AD24A96
:10772000424BB24B224C924C024D45616FF02F8878
:10773000639C6707938781A798435447139616491C
:1077400050C70F1000009C433707020097F4FD1F3D
:10775000938444C798C71307000898C803A781A655
:1077600018431357774815CF1307E018F8D3D4C739
:1077700097B0FD1FE780E0909C40858B89CF97F7FD
:10778000FD1F23A107C497C0FD1FE780C05B2285B2
:10779000EFF09FB025DD8347E4038507230FF40254
:1077A000B5B71307E01AD9B7639E7701832709009D
:1077B000858BA9DF228597F7FD1F23A507C0EFF072
:1077C0001F9DD1BDE39487F583274900858B9DDFFD
:1077D00003D5C90037460F008146330595031306CC
:1077E0000624814597F7FD1F23A007BEEF10403CFC
:1077F00083A70900AA842E8D8297B307950033B51D
:10780000A700B305A50183A689003E8799E163E43B
:10781000D7003387D740930760FB38D07CA0B1BD39
:10782000B250225492540259F249624AD24A424B0F
:10783000B24B224C924C024D45618280411122C4D0
:1078400006C697F7FD1F9387E7B703C7170217F41C
:10785000FD1F0324E49C11CB83C607020D476396EA
:10786000E60017F7FD1FA30F07B6D44F2147638625
:10787000E600D44F19476398E600D84F2380E7020B
:107880000547A380E70297C0FD1FE780C04B228514
:10789000EFF0CFDF1306A002930500080145EF408B
:1078A000AFC7034504049307F00F6307F500EFE04B
:1078B0006DC4FD572300F404B2402244410182808C
:1078C00097F7FFFF938787CC17F7FD1F232CF794BB
:1078D00097070000938707D623A4F1B28280411155
:1078E00026C2AA8428490146814506C622C44AC048
:1078F00097A0FD1FE780407B89470DEDA0482146FA
:10790000A14718203D8BB8B81430B4A86314C7023F
:107910000349240099471357690009EF1307190019
:107920001377F70FE5476397E60038308D47630A12
:10793000F700C547B2402244924402493E854101C6
:10794000828003A5040B1946930544001105979006
:10795000FD1FE780401E71DD19469305A4001385C5
:1079600064039790FD1FE780001DC94761D5354727
:10797000E147E311E9FCEF10CF93EFF0DEED2A844D
:1079800071C183A6040BD850FC4401482324E508A8
:10799000984E97F5FD1F9385C58F130585132320FA
:1079A000E5F6D84A17E9FD1F1309C97E2322E5F63B
:1079B000D83BA30FE5EEF83BF02B2207518F2310A5
:1079C000E5F0983F902F2207518F2311E5F0B83F43
:1079D000B02F2207518F2312E5F0D82FDC3F154638
:1079E000A207D98F2313F5F0DC2E23220501A30E65
:1079F000F5EE81471CC19790FD1FE7802002854767
:107A00002300F41483C7040822852303F414A3037A
:107A1000F414EF005FF88327890D93F7072081CBDB
:107A20000A241306900293050008EF40EFAE832767
:107A3000090D1167F98F99C70A245146930500086B
:107A4000EF408FAD83A7C40A0D47B8B78547DDB5B2
:107A5000397152D417FAFD1F130ACA9683270A03F5
:107A6000B706080022DC4ED666CA938981A797EC38
:107A7000FD1F938C2C7206DE26DA4AD856D25AD0D5
:107A80005ECE62CCF58F03A48C0503A709009DE3AD
:107A90007C5781C78547238EF194F2506254D254AB
:107AA0004259B259225A925A025BF24B624CD24C62
:107AB00021618280930780070329C40A7CD3238E27
:107AC000019483479900032CC90092073E9C834789
:107AD0002C0095CB834769009306204E03461C007B
:107AE000B387D702938787FD11CA83467900B3868F
:107AF000C6021306D007B386C602B697B7060800BB
:107B000014C786077CD71C438D8B91C7094597C046
:107B1000FD1FE780E02A138B81A683270B00938A41
:107B200081A837063300D857370800827D18719B2B
:107B300013671700D8D798431377F7CF98C39843A4
:107B40001377F7CF1367072098C303A70A001447DA
:107B5000D18E14C783A609003706030013068625B5
:107B6000B0CA5057759A50D790438345E4071376AF
:107B700006F893F5F5074D8E90C303058406D0579C
:107B80009375F503E605337606014D8ED0D71306BF
:107B9000A003635CA628704FB70500074D8E70CF19
:107BA00003270409D8C30327C40898C78327C40A36
:107BB000B83785476313F72E832B040B03479900CF
:107BC00083C71B00631BF72C23A60606B707080014
:107BD0009CC697F7FD1F23AD0780DC42154793E74E
:107BE0001700DCC26444930720021CB898A09CB024
:107BF00083475403858B91E7034744038947631503
:107C0000F700930750049CA019469305640313855D
:107C100024009790FD1FE78060E083C73B0089C781
:107C20009C2093E707F89CA0194693854B00138589
:107C300084009790FD1FE78060DE83C78B01FCA462
:107C400083C79B01FCB483C7AB019CA883C7BB015E
:107C50009CB883A74B0113D78700BCA8C183DCA8BD
:107C6000B8B80347040889476313F7008D47DCB8A9
:107C700003D7CB0083D7AB00BA97858313D7870090
:107C800098BC03C7EB009CAC8D83B8AC03D7EB006A
:107C90008D072183B8BC03C70B01D8AC03C71B01F8
:107CA000D8BC1947B3D7E70AFCA8A183FCB883C79F
:107CB000EC0FFCAC83C7FC0FFCBC83C70C1023800B
:107CC000F40283C71C10A380F40283C72C10238105
:107CD000F40283C7CB01FD8BA381F402784483C7F0
:107CE0003C00834637029607D58FA301F70297E73A
:107CF000FD1F83C7E71483250B00B7060082FD161E
:107D0000D8551396476093F7F703758FE607D98F19
:107D1000DCD51307A00383A70A006354C714F84FE8
:107D2000B7060007558FF8CF103883450408014582
:107D300097E7FD1F23AE076897A0FD1FE780404B24
:107D400083278A00858BC9C797EAFD1F938A0A1388
:107D500003D5CA0097E7FD1F23AA07669307800F84
:107D60003305F50237460F00814613060624814588
:107D7000EF00106483A70A00AA842E8B8297B307B2
:107D8000950033B5A700B305650183A68A003E8739
:107D900099E163E4D7003387D7400345040858D0FE
:107DA0000146B94597A0FD1FE780E05D014681458A
:107DB000054597A0FD1FE780A04397C0FD1FE78002
:107DC00080F88327CA00858B81C72285EFF03FB1F9
:107DD0008347990003474900850793F7F70FA304EA
:107DE000F90063F3E73297E4FD1F938424099C288C
:107DF000638E07268327C40A130770FA17B5FD1F81
:107E00001305A580B8A79790FD1FE780002A62544C
:107E1000DC40F250D2544259B259225A925A025B73
:107E2000F24B624CD24C2161828713062002635AC6
:107E3000A600704FB70500F9FD156D8EB70500055A
:107E4000B1BBB70500F96946FD156357A600704F31
:107E50006D8EB705000399B3704F6D8E131686298A
:107E60003DBB13072002635AC700F84FB70600F95D
:107E7000FD16758FB706000575B5B70600F9694799
:107E8000FD166357C700F84F758FB706000359BD3D
:107E9000F84F758F1317872979B5DC42F99BDCC23F
:107EA00064449D47832B8C00834A3C001CA89CA003
:107EB0008547A3810400BCA07C4893F707209DC799
:107EC0009147BCB08347640B8346540B78449A07B0
:107ED000D58F5CA3BC2081468507BCA00346840BDC
:107EE0008345540B0345640BEF701FAA7C4893F73E
:107EF000074095CBB8307C44B42013678700B8B0F6
:107F00000357A408B697B8B3BC2078448346F40757
:107F10003E978357A4089206A183BD8BD58F5CA39F
:107F2000BC208907BCA08347040693F7070489CFC8
:107F3000B8307C44B42013670704B8B05838B697FB
:107F4000B8B3BC208507BCA08347C4070547C11749
:107F500093F7F70F6362F706BC20032BC4041546A2
:107F60008D073E9BA1472300FB0093078002A300DF
:107F7000FB0097E5FD1F9385C53113052B009790F6
:107F8000FD1FE780A0A98346C407414783578408A3
:107F90006395E60CA1072311F408C547230EF406E8
:107FA00083472408A303FB0083572408A1832304E9
:107FB000FB00BC20A507BCA0638C0B00BC20684460
:107FC00056868D07DE853E959790FD1FE78000A5BC
:107FD000B82001459377F7038507BE9A93FAFA0F05
:107FE000A3085401B8A07C44A380570183A70900CB
:107FF0007844B8DF10388345040897E7FD1F23A9AC
:10800000073C97A0FD1FE780A01E97C0FD1FE780DB
:1080100080D383A709003707020023A2070698C769
:1080200017E7FD1F2328073A03472C00E30207DA6E
:10803000FC57E38F07D817A5FD1F1305C56E979052
:10804000FD1FE780C0E503A709007C57FDFF014540
:108050009790FD1FE780A0E4A5BB03572408B30752
:10806000F7400947E34EF7F2C9470DBF938A41969F
:1080700083A70A0082972A8B83A70A008297E30DC1
:1080800065FF03475900834799009444B387E7028B
:10809000DA24B387E7021307003293870719B3D7AF
:1080A000E702032744093E973A846364F700636458
:1080B000D7003304D74083A70A008297B307A440B0
:1080C0006374A4009844BA9737450F00130505243C
:1080D000B3B5A702D22481463385A702EF00502D05
:1080E000AD472A84170500001305C596232EFA0014
:1080F0009790FD1FE780A0DA83A7090037070800E3
:10810000060498C7E0D751BA8327C900884719EDFC
:108110001C24680023070100DC868327C40ADC23B3
:10812000DC87EFB0AEA32305090085BA97A0FD1F39
:10813000E780603E0327C90083464900814763C545
:10814000D7001C47EDF3E9B7232407008507C5BF17
:108150005D714EDE938981A703A60900A2C452DC9B
:108160005ED686C6A6C2CAC056DA5AD862D466D2CD
:108170006AD06ECE930780077CD2238E0194138A37
:1081800081A683270A00938B81A8B7053300D857AF
:108190002A84719B13671700D8D798431377F7CFBA
:1081A00098C398431377F7CF1367072098C303A7A3
:1081B0000B001447CD8E14C7B7060300938686259F
:1081C00034CA5457F59A54D78345E507944393F539
:1081D000F50793F606F8CD8E94C35442F99A54C22B
:1081E00083058506D4573705008213F6F5037D1500
:1081F0006606E98ED18ED4D79306A00363D0B62A43
:10820000744F37060007D18E74CF13070408544704
:10821000184B9305300294C7D8C3054597E7FD1F57
:1082200023A8071AEFD05DF164449D471CA8230FD3
:10823000A4069CA08547A3810400BCA07C4893F7BA
:1082400007209DC79147BCB08347640B8346540BFE
:1082500078449A07D58F5CA3BC2081468507BCA0D3
:108260000346840B8345540B0345640BEF70CFF139
:108270007C4893F7074095CBB8307C44B420136713
:108280008700B8B00357A408B697B8B3BC207844A9
:108290008346F4073E978357A4089206A183BD8BBB
:1082A000D58F5CA3BC208907BCA0B020035744082D
:1082B0009307D00F918F17E9FD1F1309A9ED63DF15
:1082C000E7200347040885476316F7209307804299
:1082D00079479387371AB3C7E70283464907C165D1
:1082E00093E60601230AD90683A609008CC63387C4
:1082F000E7020607B8D2B83013670701B8B0784470
:108300008346E407329734B3B420784436975CA3AD
:10831000B8207C44BA97034704081607D8B3BC209A
:108320008D07BCA08347040693F7070489CFB830B4
:108330007C44B42013670704B8B05838B697B8B374
:10834000BC208507BCA08347C4070547C11793F726
:10835000F70F6362F706BC20832AC40415468D0715
:10836000BE9AA1472380FA0093078002A380FA00F7
:1083700097E5FD1F9385E5F113852A009780FD1F82
:10838000E780C0698346C407414783578408639EDA
:10839000E614A1072311F408C547230EF40683470A
:1083A0002408A383FA0083572408A1832384FA00B6
:1083B000BC20A507BCA003564408814A21C2B820AE
:1083C00068448325840A930737003E95BC30C18BEF
:1083D00063860712F95AB38AEA4093FAFA0F56866F
:1083E0009780FD1FE78080638327840AD6973CDC53
:1083F00083574408B38757412319F406B820014531
:10840000056B9377F7038507BE9A93FAFA0FA308D3
:108410005401B8A07C44130D8007B70D3300A3802E
:10842000570183A709007844B70A0300938A8A2575
:10843000B8DF1038834504081D4C854C97A0FD1FFC
:10844000E78000DB97C0FD1FE780E08F03270A006D
:10845000130B8B843C57ED9B3CD797E7FD1F238480
:1084600007F8371700401E2FC607C5831EAF834786
:108470004907C18BD9EB22852644B640964406496C
:10848000F259625AD25A425BB25B225C925C025D44
:10849000F24D616117B3FD1F6700838393062002CD
:1084A00063DAB600744F370600F97D16F18E370691
:1084B000000591BB370600F9E9467D1663D7B60083
:1084C000744FF18E370600033DBB744FF18E9396C7
:1084D00086291DBB856793878784DDBB8347490752
:1084E00093F7F70E230AF90635BD03572408B3079F
:1084F000F7400947E345F7EAC94745B59780FD1FAF
:10850000E780C051834A4408D5BD8347490793F7A4
:108510000702E5DF8347490703A6090093F7F70C35
:10852000230AF9062322A607238E019483270A0033
:10853000D857719B13671700D8D798431377F7CF95
:1085400098C398431377F7CF1367072098C303A7FF
:108550000B001447B3E6B60114C723285605545739
:10856000F59A54D798438346E407137707F893F6B0
:10857000F607558F98C3644423088401238084013F
:10858000A3810400238194017C4893F7074095C799
:10859000A147BCB07C440357A408D8A3BC207844AE
:1085A0008346F4073E978357A4089206A183BD8BA8
:1085B000D58F5CA3BC208907BCA0B020035724073B
:1085C0009307E00F918F63D3E70603470408DA8728
:1085D000631497019307804279479387371AB3C78B
:1085E000E70283464907C16593E60601230AD906D7
:1085F00083A609008CC63387E7020607B8D2B830D5
:1086000013670701B8B078448346E407329734B360
:10861000B420784436975CA3B8207C44BA970347CB
:1086200004081607D8B3BC208D07BCA00356240746
:1086300081470DCEB82068442C5C930737003E95E7
:10864000BC30C18BA5C3F957998F93F7F70F3E86BE
:108650003EC69780FD1FE780603C385CB2473E977E
:1086600038DC035724071D8F2319E406B420014585
:1086700013F7F6030507BA9793F7F70F1CB8B4A0E2
:1086800078441CB310388345040897E7FD1F23A1E5
:1086900007D497A0FD1FE780A0B597B0FD1FE78026
:1086A000806AF1B39780FD1FE78040378347240736
:1086B0002319040665BF8347C507638B073E79719D
:1086C00022D406D626D24AD04ECE52CC49472A844E
:1086D000639CE70203572508835785086316F70252
:1086E0001305050A154697E5FD1F938585BA2AC629
:1086F0009780FD1FE78080323245EFF0AEBD914795
:10870000A300A408230EF40622859790FD1FE7809E
:108710006029094597B0FD1FE780806A0327C40AD6
:10872000138941968347C40783260900630E071EF9
:108730000D476398E70C9147230EF4067C4893E7B6
:1087400087007CC897E7FD1F9387C7A403C7570717
:10875000098B6DDF03C757071377C70FA38AE70697
:10876000829697D7FD1F93876771D62703576408B2
:10877000232AA4089C473307D70293060032130725
:1087800007193357D702B306E500368663E4A6001F
:1087900063E4F6003386F640232CC40897D6FD1F09
:1087A00083C6566A636CD604158E9306D407A285D9
:1087B00017050000130565F097A0FD1FE780E0286E
:1087C000AD4717F5FFFF1305E52817E7FD1F232920
:1087D000F7C09780FD1FE780806C83A781A70947BA
:1087E000F8D783578408B250925485072314F408AD
:1087F00022540259F249624A45618280958F3E9621
:108800006DB783298409829697D4FD1F93840467EA
:1088100063E6A9043385A94097D7FD1F83C79762F4
:1088200063E5A700854763EEA702DA24835764084F
:108830009044B387E7021307003293870719B3D731
:10884000E702032784093E97BA866364F7006364EE
:10885000C700B306C740232CD40861B79C44BE9917
:1088600055BF8326C40AA3840600D2248357640814
:10887000032784098C44B387C70213060032232AD6
:10888000E40893870719B3D7C7023E973A86636413
:10889000F7006364B7003306B7409C28232CC40854
:1088A00099CF930770FABCA617A5FD1F1305E5D550
:1088B0009780FD1FE780607FDC4082971DB783278C
:1088C00009008297AA89832709008297E38DA9FE70
:1088D0008327090083294409829763E4A904AD47EB
:1088E00017E7FD1F232EF7AEB7470F009387072426
:1088F0003385A940B335F502D22481463305F5020C
:10890000452C83A781A73707080098C70605E8D735
:1089100017F5FFFF130505149780FD1FE78020580A
:10892000C9B59C44BE9965BF0D47639EE708914752
:10893000230EF4067C4893E787007CC897E7FD1F69
:108940009387478503C75707098B6DDF03C7570711
:108950001377C70FA38AE706829697D7FD1F9387E1
:10896000E751D62703576408232AA4089C473307F6
:10897000D70293060032130707193357D702B306FD
:10898000E500368663E4A60063E4F6003386F6402D
:10899000232CC40897D6FD1F83C6D64A6362D6022D
:1089A000158E9306D407A285170500001305E5D0A0
:1089B00097A0FD1FE78060092285EFF06FF915B5DC
:1089C000958F3E96F9BF8296AA84832709008297E5
:1089D000E38DA4FE832709008324840917D9FD1F92
:1089E0001309C949829763EEA4023385A44097D73F
:1089F000FD1F83C737458359C90063E3A70015E509
:108A0000835764081307003203268900B3873703AE
:108A100093870719B3D7E702032784093E97BA86DD
:108A20002DB583278900BE94C9B797D7FD1F83C78B
:108A3000B77D93E7170097D4FD1F9384A475A38A8D
:108A4000F40603AA81A7B70708002324FA00B74752
:108A50000F0093870724B335F5024E868146330510
:108A6000F502B92206052326AA0683C75407898B77
:108A7000EDDF83C75407130700320326890093F7FD
:108A8000C70FA38AF40683576408B3873703938715
:108A90000719B3D7E702032784093E97BA866364B0
:108AA000F7006364C700B306C740232CD40829B776
:108AB0008280411126C2AA84284922C401462E84FC
:108AC000850506C69790FD1FE780005E3DEDBC481A
:108AD0001D4621459423BD8AB4B89833B8A8639D38
:108AE000C604B423114513D6660093F6F60363F566
:108AF000E604194531E27D17158F58B0B833454566
:108B00009376270095EA9376470085EE91079306C2
:108B1000F00F34A093768700514599EE93760701C4
:108B2000554599EA137507021DE11377070493066B
:108B3000F00711C3942314A0B2402244924441018F
:108B40008280D42395078D8AE9B70945F5B7594541
:108B5000E5B797070000938747B617D7FD1F232374
:108B6000F76A828009CE93070002918F635AF00062
:108B7000B397F5003355C500B3D5C5005D8D828030
:108B8000011633D5C5008145828009CE93070002C6
:108B9000918F635AF000B357F500B395C5003315B4
:108BA000C500DD8D82800116B315C50001458280A8
:108BB0003288AA882E87CDEA63FFC50EC167636A33
:108BC000F618B7070001B337F600B307F040E19B92
:108BD000E1073353F600972600009386A65C9A9629
:108BE000942213030002B697B306F340630BF3001D
:108BF0003397D500B357F5003318D6005D8FB318FF
:108C0000D500135608013355C702B346080893D759
:108C100008013377C702B385A6024207D98F63FAEA
:108C2000B700C2971307F5FF63E4070163E8B730A5
:108C30003A858D8F33D7C702B3C80808B3F7C70288
:108C4000B386E602C207B3E8F80063FBD800C29817
:108C50009307F7FF63E50801791763E3D8003E87C0
:108C60004205598D8145828063F5D50081450145D6
:108C70008280C16763E5F618B7070001B3B7F60055
:108C8000B307F040E19BE10733D8F6001727000057
:108C90001307475142971823930800023E973388E1
:108CA000E8406392E81863EDB6263335C5001345F6
:108CB00015008145828045C6C167637BF624133762
:108CC0000610134717000E07B356E600972700005B
:108CD0009387474DB6979C2393060002BA97B38EAD
:108CE000F640639DF608B387C54085459356060157
:108CF0003346060833D5D70213D70801B3F7D70296
:108D00003303C502C207D98F63FA6700C2971307FE
:108D1000F5FF63E4070163E067223A85B3876740A4
:108D200033D7D702B3C80808B3F7D7023306C70250
:108D3000C207B3E8F80063FBC800C2989307F7FFC7
:108D400063E50801791763E3C8003E874205598D42
:108D500082809337061093C717008E079DBD81460A
:108D60009727000093870744B6979C2301479306F3
:108D70000002BA97B38EF640E387F6F63318D601B1
:108D800033D3F50093560801335ED302B395D50172
:108D9000B357F500CD8F3346080813D70701B31832
:108DA000D5013373D302B305C603420333676700AB
:108DB000637BB70042971305FEFF636A071763786A
:108DC000B716791E42970D8F3355D702B3C70708E0
:108DD0003377D7023303A6024207D98F63FB6700BC
:108DE000C2971307F5FF63E0071563FE6712791555
:108DF000C29793150E01B3876740C98DE5BD93B740
:108E0000061093C717008E0733D8F6001727000007
:108E10001307473942971823930800023E97338877
:108E2000E840E382E8E8335EE600B3960601336E7D
:108E3000DE00B3D8E500935E0E01B3D7D803B39537
:108E400005013357E5004D8F33430E089356070154
:108E500033160601B3F8D803B305F302C208B3E62C
:108E6000160163FBB600F2969388F7FF63E3C60D25
:108E700063F1B60CF917F2968D8EB3D5D60333474E
:108E80000708B3F6D603B308B302C206558F637B57
:108E9000170172979386F5FF6369C709637717090E
:108EA000F9157297C207C16ECD8F9386FEFFB3F599
:108EB000D70013D30701F18E4182338ED5023307D9
:108EC0001741B306D30293580E01B385C502B69578
:108ED000C6953303C30263F3D500769393D6050199
:108EE0009A966363D7026305D7003E8581458280E9
:108EF000C166FD1633F7D5004207337EDE00331519
:108F000005017297E373E5FE1385F7FF81458280C3
:108F1000B70700016377F6029356060141477DB318
:108F20008145054582803A85E9B5B685A5BF2A8E7B
:108F300059BDC68791B77915C297CDB37915C29738
:108F4000CDB993568601614751B35D7122D406D6DF
:108F50002A842EDA32DC36DEBAC0BEC2C2C4C6C62D
:108F600003A5418611C51C4D81E72AC6A12B3245B8
:108F70000C455418228636CEEF00B022B25022544F
:108F800061618280011126CA06CE22CC4AC84EC633
:108F900052C4AA8419E11C4502901C4D2E89ADE3F0
:108FA00015239C4C8044B9CF9727000093878733C3
:108FB000631DF404C0407C50858B99E75E2493F7D1
:108FC000072099E3284C69255E24A18B99C31C488E
:108FD000D5E3A2852685A52A51CDFD547C50858BED
:108FE00099E75E2493F7072099E3284C9D25F240EA
:108FF00062444249B249224A2685D24405618280B0
:1090000000455DB726857D2945B7972700009387E2
:10901000672B6314F400804479BF9727000093877F
:109020006728E31AF4F8C04479B71CC4050963C87B
:1090300007021C401387170018C08CA31C448345EB
:109040000900FD17FDF11CC463D907022286A9455A
:1090500026858120FD57E302F5F8A94441B7184C55
:1090600063C4E700E39745FD228626851D20E317AC
:1090700035FDA5B7FD59294AD1B71C401387170004
:1090800018C0294798A3D1BFAA8503A541866FF0D0
:109090007FEF011122CC26CA4AC806CE4EC6AA844A
:1090A0002E89328401C51C4D91E3292997270000A0
:1090B000938747236317F402C0401C4C1CC45E24F2
:1090C000A18B99C31C4895EFA2852685492015C917
:1090D0007D59F2406244D244B2494A854249056111
:1090E0008280972700009387E71D6314F400804473
:1090F000E9B7972700009387E71AE310F4FCC04410
:109100006DBF1C4808409379F90F1379F90F1D8D35
:109110005C486346F500A2852685912C55F91C44D0
:109120000505FD171CC41C401387170018C02380B9
:1091300037015C486388A7005E24858BD9DBA9478B
:10914000E319F9F8A28526851D2441D551B74111AF
:1091500022C426C24AC006C683A441862A892E8418
:1091600089C49C4C99E32685B12E972700009387EC
:1091700067176313F402C0408317C40013F7870016
:1091800025E713F707010DEB25472320E90093E7B7
:1091900007045EA47D5571A097270000938787126E
:1091A0006314F4008044C9BF972700009387870F9A
:1091B000E314F4FCC044C9B7918B9DC34C5889C9D2
:1091C000930744046384F5004A859D2B232A0402F7
:1091D0005E242322040093F7B7FD5EA41C481CC044
:1091E0005E2493E787005EA41C4899EB5E24130776
:1091F000002093F707286385E700A2854A857D2133
:109200008317C40013F717001DC358482324040014
:109210003307E04018CC1848014501E713F7070869
:109220003DF7B2402244924402494101828013F743
:109230002700814611E3544814C4F1BF8397C50049
:10924000011122CC26CA06CE4AC84EC613F78700A3
:10925000AA842E8479E3D8416345E000B84163567F
:10926000E008585459C303A9040023A004000C507B
:1092700093D7C748A9CB70485E24918B99C75C40AF
:109280001D8E5C5899C33C401D8E5C540C50814629
:1092900026858297FD57630CF5041C480567232239
:1092A00004001CC05E24F98F91C368C84C5823A0E9
:1092B000240185CD930744046384F5002685492164
:1092C000232A04021DA00146854626850297FD57E4
:1092D0002A86E313F5FA9C40C5D375476385E700FA
:1092E00059476395E70623A024010145B5A098409E
:1092F0008317C40001CFF5466305D700D94663192B
:10930000D7041C48232204001CC04DB71848232250
:10931000040093D7C74818C041BF83A90501E3865D
:1093200009FC03A905008D8B23A0350133093941C0
:10933000014791E3D84918C4E35920FB1C540C5051
:10934000CA864E8626858297634FA0008317C40085
:1093500093E707045EA47D55F2406244D24442493B
:10936000B24905618280AA993309A940F1B79C49A5
:10937000411106C622C426C281EB8144B240224478
:109380002685924441018280AA842E8401C51C4D09
:1093900091E30D2A972700009387C7F4631DF40219
:1093A000C0408317C400F1DB7850058B11E793F7B9
:1093B000072099E3284C692C2685A285EFF01FE849
:1093C0007C50AA84858BDDFB5E2493F70720DDF7B4
:1093D000284C412465B7972700009387A7EE6314B4
:1093E000F40080447DBF972700009387A7EBE31A22
:1093F000F4FAC0447DB7411122C406C62A844EA5A2
:1094000072A5232005002322050023240500232222
:10941000050623280500232A0500232C05002146E4
:1094200081451305C505EFA07DAC97170000938714
:1094300087855CD097170000938787871CD4971780
:1094400000009387478B5CD4971700009387878D24
:10945000B24000D01CD82244410182809705000010
:10946000938525F149A2411126C293078006938472
:10947000F5FFB384F4024AC02E8922C406C6938540
:109480004407452E2A8401CD2320050023222501EF
:10949000310508C4138684068145EFA03DA5B2407E
:1094A000228522449244024941018280138501B3FE
:1094B00045A2138501B371AA138541B351AA13853F
:1094C00041B341AA411122C406C62A84EFF0DFFE4F
:1094D0001C4C91C72244B24041016FF05FFE9707D8
:1094E00000009387E7F71CD42324040423260404F4
:1094F0002328040483A741906394870085471CCCEC
:109500002285152848C022853D2008C422852520B3
:1095100048C4484001469145EFF0FFED0844054638
:10952000A545EFF05FED48440946C945EFF0BFECB3
:1095300085471CCC45B7411126C24AC006C622C485
:109540002A89EFF0BFF683A441909C4C81E72685E1
:10955000EFF05FF7938484048044DC40FD1763D60A
:1095600007009C40A5C78440C5BF0317C40021EF76
:10957000C17785075CC41305840523220406C1282E
:10958000EFF03FF32146232004002324040023228C
:10959000040023280400232A0400232C040081450E
:1095A0001305C405EFA09D94232A0402232C040272
:1095B0002324040423260404B24022852244924436
:1095C0000249410182801304840649BF91454A85BE
:1095D000EFF07FE988C02A8459F5EFF09FEDB1479D
:1095E0002320F900D1BF797122D44AD04ECE52CC7B
:1095F0005AC85EC606D626D256CA2A892E8A1304AF
:1096000085048149054BFD5B0444832A4400FD1A0F
:1096100063D00A0200406DF8B250225492540259AD
:10962000624AD24A424BB24B4E85F2494561828032
:10963000DE24637BFB008397E40063877701A685C4
:109640004A85029AB3E9A90093848406C9B7828047
:10965000828082805971A2D42E848395E500A6D29F
:10966000CAD086D6B284368963D205025E2493F7C7
:1096700007088DEB13070040B65026542320F9004D
:1096800098C0065996540145656182803000ED25E9
:10969000E34E05FC3247BD67F98F7977BA9793B7E8
:1096A0001700C9BF814713070004F9B7DE25797198
:1096B00022D406D626D24AD04ECE898B2E8491CF84
:1096C000930774041CC01CC885475CC8B250225460
:1096D00092540259F2494561828074003000AA8494
:1096E000EFF05FF7A2492A892685CE85992219E9EC
:1096F0008317C40013F7072071FBF19B93E7270042
:109700005EA47DBF97070000938787D59CD45E2415
:1097100008C008C893E707085EA4B247232A3401AB
:1097200099CB8315E4002685A52D11C55E24F19BF8
:1097300093E717005EA45E2433E527014AA479B7B6
:10974000D1CD83A7C5FF011122CC06CE1384C5FF5E
:1097500063D307003E942AC6452D1387C1B31C432B
:10976000324581EB2322040000C36244F2400561CC
:1097700045A5637DF4001040B306C4006396D7008E
:109780009443DC43B29614C05CC0F9BF3E87DC430F
:1097900099C3E37DF4FE14433306D700631F8600AC
:1097A0001040B29614C33306D700E390C7FC904331
:1097B000DC43B29614C35CC34DBF6375C400B147AC
:1097C0001CC165B71040B306C4006396D70094432C
:1097D000DC43B29614C05CC040C341BF82804111DB
:1097E0004AC0138981B38327090022C426C206C652
:1097F000AA842E8489E781458D212320A900A28592
:109800002685A1297D59631A25017D54B240228500
:109810002244924402494101828013043500719828
:10982000E30685FEB305A44026850529E31025FF40
:10983000E9BF011126CA93843500F1984AC8A104F2
:10984000B14706CE22CC4EC62A89B3F4F40A63C4CB
:10985000040063FDB400B1472320F9000145F24044
:109860006244D2444249B24905618280712B938996
:10987000C1B383A709003E8421E8A6854A85EFF09D
:109880001FF6FD572A846317F50A03A40900A2876F
:10989000C9EB8329040081454A85A2997D2E6395F1
:1098A000A9081C408D044A859D8CF198B147A104FC
:1098B000B3F4F40AA685EFF09FF2FD576306F506B0
:1098C0001C40A6971CC015A01440858E63C80604D2
:1098D0002D47637DD70204C0330794006396870247
:1098E00023A0E9005C4014C35CC34A85152313051B
:1098F000B4009307440061993307F540E301F5F69E
:109900003A94898F1CC0A1BFD8C3E9BF5840639562
:10991000870023A0E900D1BFD8C3C1BFA2874040C0
:10992000A1BF3E84DC43ADB7B1472320F9004A858F
:10993000C5212DB704C155BF1C46FD171CC663DAEF
:109940000700184E63C5E700A9476394F5006FF060
:109950004FF41C422E851387170018C28CA38280F7
:10996000011122CC26CA4AC84EC652C406CE2A8944
:10997000AE893284B304D6007D5A63149400014545
:1099800009A80C204E864A85EFF01FFB0504E3165C
:1099900045FFF2406244D2444249B249224A05613D
:1099A0008280357122CD26CB4AC94EC706CF52C51B
:1099B00056C35AC1DEDEE2DCAA892E843289B6841F
:1099C00009C51C4D99E3EFF0FFAF9727000093877F
:1099D00067916318F40403A449007C50858B81EBE4
:1099E0005E2493F7072081E7284CEFF07FC65E24C2
:1099F000A18B99C31C48A5E3A2854E85EFF02FF5F6
:109A000039C97C50858BA1C37D55FA406A44DA443C
:109A10004A49BA492A4A9A4A0A4BF65B665C0D6182
:109A20008280972700009387E7896315F40003A4D9
:109A3000890065B7972700009387C786E31FF4F86E
:109A400003A4C90059BF5E2493F70720D5FF284C13
:109A5000EFF03FC055BF93070002A304F102930744
:109A6000000302D22305F10226C6930B5002972A67
:109A70000000938A2A89294BCA849C2099C3639A3F
:109A80007709338C2441638E2401E2864A86A285BD
:109A90004E85EFF0FFECFD576306F5189257E297FD
:109AA0003ED29C2063800718FD571389140002C81A
:109AB00002CE3ECA02CCA309010482D48345090028
:109AC000154656853526C2479304190029E513F734
:109AD000070109C713070002A309E10413F7870070
:109AE00009C71307B002A309E1048346090013075D
:109AF000A0026389E602F247CA848146254698207F
:109B000093851400130707FD6372E60685C63ECEF3
:109B100015A085049DB733055541B397A72826891D
:109B20003EC869BF324793064700184336C66348AC
:109B300007023ACE98209307E002631CF70498309E
:109B40009307A002631AF702B247890413874700FC
:109B50009C433AC67D57B3E7E70A3ECA1DA83307C0
:109B6000E04093E727003ACE3EC8E9B7B3876703E2
:109B7000AE848546BA9761B7850402CA814681479B
:109B80002546982093851400130707FD6372E606A7
:109B9000E9F68C200D461715000013052577892C52
:109BA00011CD97170000938767761D8DC247130765
:109BB00000043317A700D98F85043EC88C201946AE
:109BC000171500001305C574138914002304B1028E
:109BD000052435C99307000095E74247B24713773C
:109BE000071009CF91073EC69257D2973ED269B56A
:109BF000B3876703AE848546BA9761B79D07E19B3B
:109C0000A107D5B77800970600009386A6D52286CF
:109C10000C084E8597000000E7000000FD572A8AD7
:109C2000E314F5FC7C50858B81EB5E2493F70720D1
:109C300081E7284CEFF0FFA15E2493F70704E3953A
:109C400007DC1255D9B3780097060000938686D1B9
:109C500022860C084E85F124D1B7411122C42A84F2
:109C60002E8523A001B406C6EFA00DE1FD576316B3
:109C7000F50083A701B491C31CC0B2402244410146
:109C80008280411122C42E848395E50006C6012BF3
:109C9000634905007C48AA977CC8B2402244410130
:109CA00082805E249397C7485EA4C5BFDE2501115C
:109CB00022CC26CA4AC84EC606CE93F70710AA84FD
:109CC0002E843289B68991C78395E500894601467D
:109CD000DD285E248315E400F2409397C7485EA414
:109CE0006244CE864A86B24942492685D2440561FD
:109CF0001DA8411122C42E848395E50006C6E120EB
:109D00007D575E246319E5009397C7485EA4B2406F
:109D10002244410182809397C72868C85EA4C5BFCA
:109D20008395E5003DA0411122C42A842E85B28589
:109D3000368623A001B406C6EFA0EDD1FD57631609
:109D4000F50083A701B491C31CC0B2402244410175
:109D50008280411122C42A842E8523A001B406C624
:109D6000A521FD576316F50083A701B491C31CC05C
:109D7000B240224441018280411122C42A842E85AE
:109D8000B28523A001B406C6B121FD576316F500C4
:109D900083A701B491C31CC0B24022444101828018
:109DA000411122C42A842E8523A001B406C60D29A0
:109DB000FD576316F50083A701B491C31CC0B240E0
:109DC000224441018280411122C42A842E85B28519
:109DD000368623A001B406C61129FD576316F50087
:109DE00083A701B491C31CC0B240224441018280C8
:109DF00093F5F50F2A966314C500014582801C2156
:109E0000E38EB7FE0505C5BF1385C1B26FF05F8451
:109E10001385C1B26FF0FF83797156CA9C49BA8A23
:109E2000984522D44AD04ECE52CC06D626D25AC815
:109E30005EC6B3E7E70A1CC203C73504AA892E84AD
:109E40003289368A19C385071CC21C4093F7070262
:109E500091C78327090089072320F90004409988C6
:109E600091E8130B9401FD5B5C4403270900998F73
:109E700063CCF40483473404B336F0001C4093F7FA
:109E80000702A5EB13063404D2854E85829AFD574E
:109E90006303F5041C4011478144998B6399E700E3
:109EA0008327090044449D8C8147B3E4F40A1C4491
:109EB00018486354F700998FBE94014969047D5B8B
:109EC00063982405014509A885465A86D2854E85A2
:109ED000829A631E75017D55B250225492540259E4
:109EE000F249624AD24A424BB24B456182808504B4
:109EF000A5BF3307D40013060003A301C70403471B
:109F0000540493871600A2978906A381E7049DBF96
:109F100085462286D2854E85829AE30E65FB050929
:109F200045B7797122D44AD04ECE52CC06D626D22D
:109F300056CA5AC803C88501930780072A892E8408
:109F4000B289368A63E207039307200693863504B5
:109F500063E10703630C081C9307800517160000D4
:109F60001306863B6308F8149304240423010405B4
:109F700015A89307D8F993F7F70F5546E366F6FE51
:109F8000171600001306C63BB3C7C7209C43B29701
:109F900082871C4393842504938647009C4314C303
:109FA0002381F504854775A290411C43137506086B
:109FB0009385470029C19C430CC3584063DF0712B7
:109FC0009305D002A301B40418C4635E0702B3076B
:109FD000F04017160000130626342948B68433F7DC
:109FE0000703FD143297182398A03E87B3D70703C1
:109FF000E37707FF85A09C43137506040CC355DD6A
:10A00000939757605DBF6D9A10C0D1B790411C43C4
:10A01000137506089385470001C50CC39C4331A006
:10A02000137606040CC37DDA9E231307F006171679
:10A0300000001306662E6310E80C2148A3010404F7
:10A04000584018C4E34C07F80C40ED990CC0D9F700
:10A05000B68449F7A147631EF8001C40858B91CB5D
:10A0600058401C4863C7E70093070003A38FF4FE22
:10A07000FD14858E14C85287CE867000A2854A854D
:10A08000EFF09FD9FD5A631A550D7D55B2502254F9
:10A0900092540259F249624AD24A424B4561828047
:10A0A0009C4193E707029CC1130880071716000024
:10A0B0001306C627A30204050C401C4313F8050829
:10A0C000138547006305080008C39C4339A013F8B3
:10A0D000050408C3E30B08FE9E2313F7150001C710
:10A0E00093E505020CC099C3414889BF1840137716
:10A0F000F7FD18C0D5BF294891B717160000130601
:10A10000A621294835BF90411C43CC491378060845
:10A11000138547006306080008C39C438CC339A01D
:10A1200008C3137606049C4375DA8EA32328040023
:10A13000B68491B71C43D04181459386470014C330
:10A1400084432685EFF0DFCA01C5B30795405CC0A4
:10A150005C401CC8A301040439BF14482686CE8580
:10A160004A85029AE30355F31C40898B85E74844EE
:10A17000B2473365F50A19BF85465686CE854A85AE
:10A18000029AE30465F185045C443247998FE3C584
:10A19000F4FEF1BF8144930A94017D5BF5B7411150
:10A1A00022C42A842E85B285368623A001B406C631
:10A1B000A120FD576316F50083A701B491C31CC00D
:10A1C000B2402244410182809307800523A0F1B46C
:10A1D0007D5582809307800523A0F1B47D55828050
:10A1E0009307800523A0F1B4014582809307800581
:10A1F00023A0F1B47D5582809307800523A0F1B49C
:10A200007D558280F401FA00960064004B00320014
:10A210001E0014000000000000000000000000000C
:10A22000000000000000000000000000000000002E
:10A23000000000002E9FFDFF469FFDFF6A9FFDFF6F
:10A24000749FFDFF8A9FFDFF3CA1FDFF58A1FDFF0C
:10A2500074A1FDFF90A1FDFFACA1FDFFC8A1FDFF12
:10A26000E4A1FDFFFE006578706572696D656E742E
:10A27000616C00004D616E75666163747572657224
:10A28000204E616D65000000536F667477617265E2
:10A29000205265766973696F6E00000048617264D0
:10A2A00077617265205265766973696F6E00000090
:10A2B0004669726D77617265205265766973696F60
:10A2C0006E00000053657269616C204E756D6265A9
:10A2D000720000004D6F64656C204E756D62657292
:10A2E000000000006EA3FDFF8CA3FDFF9CA3FDFFFB
:10A2F000ACA3FDFFBCA3FDFFDCA3FDFFF2A3FDFFAC
:10A30000FAA3FDFF02A4FDFF0AA4FDFF2A2000001E
:10A3100043483538355F424C455F4C49425F5631C2
:10A320002E340000686561642066696C6520657282
:10A33000726F722E2E2E00004C494220696E697495
:10A34000206572726F7220636F64653A20257820F1
:10A350002E2E2E0A0000000020484349206461741C
:10A3600061206C656E677468206368616E67656400
:10A370002C2054783A2025642C2052783A202564E9
:10A380000A00000052535349203A202D25642064CE
:10A3900042200A00446973636F766572696E672EA6
:10A3A0002E2E0000446576696365202564202D20EB
:10A3B000416464722025782025782025782025782E
:10A3C000202578202578200A000000004465766961
:10A3D0006365206E6F7420666F756E642E2E2E007E
:10A3E00044657669636520666F756E642E2E2E0057
:10A3F000436F6E6E656374696E672E2E2E000000CB
:10A40000436F6E6E65637465642E2E2E000000002F
:10A41000436F6E6E656374204661696C65642E2EB1
:10A420002E526561736F6E3A25580A004469736352
:10A430006F6E6E65637465642E2E2E526561736F48
:10A440006E3A25780A000000506172616D205570E7
:10A45000646174652E2E2E00DCA9FDFFA8A8FDFF07
:10A4600064A9FDFF64A9FDFF64A9FDFF00A9FDFF2C
:10A47000A8A9FDFFEAA9FDFF64A9FDFF64A9FDFFEE
:10A4800064A9FDFF64A9FDFF64A9FDFFAEA7FDFF60
:10A4900050617373636F64653A253036640A000057
:10A4A00045786368616E6765204D5455204572722A
:10A4B0006F723A2025780A004D54553A2025780AC3
:10A4C0000000000052656164204572726F723A208C
:10A4D00025780A0052656164207273703A202578ED
:10A4E0000A0000005772697465204572726F723AF3
:10A4F0002025780A00000000577269746520736592
:10A500006E743A2025780A00526563656976652085
:10A510006E6F74693A2025780A000000466F756EE8
:10A52000642050726F66696C65205365727669634A
:10A53000652068616E646C65203A202578207E2055
:10A540002578200A00000000466F756E642043687D
:10A550006172616374657269737469632031206824
:10A56000616E646C65203A202578200A00000000A6
:10A5700050616972696E6720737461727465643AC0
:10A5800025640A0050616972696E672073756363A0
:10A590006573730050616972696E67206661696CEA
:10A5A00000000000426F6E64696E6720737563631C
:10A5B00065737300426F6E642073617665207375F6
:10A5C0006363657373000000426F6E64207361768D
:10A5D00065206661696C65643A2025640A000000A4
:10A5E00043656E7472616C000000000000000000A2
:10A5F000000000000000000052535349202D256444
:10A6000020644220436F6E6E20202578200A0000CF
:10A6100070726F66696C65204368616E676543425E
:10A620002043484152312E2E2000000070726F6688
:10A63000696C65204368616E676543422043484109
:10A6400052332E2E00000000557064617465202581
:10A6500078202D20496E74202578200A0000000003
:10A660004552522E2E000000496E697469616C6972
:10A670007A65642E2E000000446973636F6E6E6508
:10A68000637465642E2E526561736F6E3A25780A85
:10A69000000000004164766572746973696E672E0C
:10A6A0002E000000436F6E6E656374696F6E206DDF
:10A6B00061782E2E2E000000436F6E6E20257820CC
:10A6C0002D20496E74202578200A0000436F6E6E9D
:10A6D00065637465642E2E00436F6E6E65637465EA
:10A6E00064204164766572746973696E672E2E000A
:10A6F00057616974696E6720666F72206164766560
:10A7000072746973696E672E2E0000004572726F55
:10A71000722E2E00D8ACFDFFECACFDFF92ADFDFF1C
:10A7200010ADFDFF88ADFDFFC2ADFDFF3ED6FDFFC4
:10A73000BED6FDFFBED6FDFF92D6FDFFDCD5FDFFE8
:10A74000DCD5FDFFDCD5FDFFDCD5FDFFDCD5FDFF55
:10A750009CD6FDFFB4D6FDFFD8D8FDFFF8D8FDFF8D
:10A7600094D5FDFF94D5FDFF00D9FDFF94D5FDFFE5
:10A7700094D5FDFF94D5FDFF94D5FDFFECD8FDFFEA
:10A7800054D9FDFF5AD9FDFF94D5FDFF94D5FDFFA7
:10A790007AD9FDFF82D9FDFF8AD9FDFFA0D9FDFF3F
:10A7A00094D5FDFF94D5FDFF94D5FDFF94D5FDFF15
:10A7B00094D5FDFF94D5FDFF94D5FDFF94D5FDFF05
:10A7C00094D5FDFF94D5FDFF94D5FDFF94D5FDFFF5
:10A7D00094D5FDFF94D5FDFF94D5FDFF94D5FDFFE5
:10A7E00066D9FDFF6ED9FDFFB4D9FDFF94D5FDFFFD
:10A7F00094D5FDFF52D8FDFF74E6FDFFEEE5FDFFA9
:10A800006CE6FDFFEAE5FDFFEEE5FDFF60E6FDFF1E
:10A81000EEE5FDFFEEE5FDFFEEE5FDFFEEE5FDFFFC
:10A82000EEE5FDFF78E6FDFFEEE5FDFF60E6FDFFEE
:10A830000EEFFDFF04EFFDFF0AEFFDFF2AEFFDFF26
:10A840002EEFFDFF32EFFDFF3EF6FDFFD2F6FDFFDE
:10A8500002F7FDFF88F7FDFF6CF6FDFF6CF6FDFFCC
:10A860006CF6FDFF6CF6FDFF98F7FDFFA0F7FDFF0E
:10A87000D2F7FDFF2AF9FDFF5AF9FDFF46F9FDFF6A
:10A8800064F9FDFF42FCFDFFDEFCFDFFECFCFDFF7B
:10A89000FAFCFDFF12FDFDFF22FDFDFF0AFCFDFF9E
:10A8A00030FDFDFF44FDFDFFA600FEFFC000FEFFE2
:10A8B0003A01FEFFD000FEFF3A01FEFF3A01FEFF23
:10A8C0003A01FEFFF200FEFF3A01FEFF3A01FEFFF1
:10A8D0003A01FEFF1601FEFF2402FEFF1802FEFFF2
:10A8E0002402FEFF1402FEFF2402FEFF1402FEFFFC
:10A8F0002402FEFF1402FEFF2402FEFF1C02FEFFE4
:10A900002402FEFF1402FEFF2402FEFF2402FEFFCB
:10A910001402FEFF1402FEFF1402FEFF2002FEFFDF
:10A920002002FEFF1402FEFF1402FEFF1402FEFFCF
:10A930002402FEFF1402FEFF2402FEFF4C26FEFF4F
:10A940008426FEFFA026FEFFAE26FEFF6432FEFF39
:10A95000EC31FEFF9632FEFFEC31FEFFA232FEFF2D
:10A96000EC31FEFF5C33FEFFEC31FEFFF633FEFF01
:10A97000EC31FEFF0234FEFFEC31FEFF0E34FEFF31
:10A98000EC31FEFFEC31FEFFEC31FEFF1E34FEFF2A
:10A99000EC31FEFF3434FEFFCE5F020054BD0000F8
:10A9A0000260020078C90000726002004AC900001B
:10A9B0001C6102001CC90000A6610200FAD300005D
:10A9C000F0610200FAD30000286202005CD30000AC
:10A9D0001C610200D0C80000C0620200D8CB000099
:10A9E0000000000000000000FA6202007CCC0000C1
:10A9F0005E630200CCBD00005658FEFF5658FEFFB5
:10AA0000D858FEFFD858FEFF7858FEFFD858FEFFF2
:10AA1000AC58FEFFD858FEFFC058FEFFD858FEFFC6
:10AA2000C858FEFFD058FEFFD858FEFF8058FEFFE2
:10AA300001010201020101020101040406010401F5
:10AA400001010101040102010100000001010201F4
:10AA500002010102010204040601040101010101D5
:10AA600004040201040000001665FEFF2A65FEFFD3
:10AA70006865FEFF8266FEFF8A66FEFFCA66FEFF0D
:10AA80000267FEFF3C67FEFF6E67FEFF2466FEFF67
:10AA9000A267FEFF1268FEFF7673FEFF7679FEFF67
:10AAA0002076FEFF8076FEFF5679FEFF9077FEFF50
:10AAB000D077FEFF0A78FEFF4078FEFF7A78FEFF2F
:10AAC0007679FEFFBC78FEFF2E79FEFF00000000C5
:10AAD000000000000000000000000087070B0D11BF
:10AAE00013171D1F25292B2F353B3D4347494F5336
:10AAF0005961FF00FAABFEFF80AAFEFF06A6FEFF2B
:10AB000080AAFEFFFAABFEFF8CA6FEFF2ED6FEFF4C
:10AB100028D6FEFFCAD4FEFFCAD4FEFFCAD4FEFF69
:10AB2000CAD4FEFFCAD4FEFFCAD4FEFFCAD4FEFFB9
:10AB3000CAD4FEFF76D5FEFFCAD4FEFFCAD4FEFFFC
:10AB4000CAD4FEFFECD5FEFFECD5FEFFCCD5FEFF50
:10AB5000CAD4FEFFCAD4FEFFCAD4FEFF7CD6FEFFD5
:10AB6000CAD4FEFFCAD4FEFFCAD4FEFFCAD4FEFF79
:10AB7000CAD4FEFF8ED2FEFFCAD4FEFFCAD4FEFFA7
:10AB8000CAD4FEFF82D6FEFFA2D2FEFFA2D2FEFFF3
:10AB9000E0D5FEFF8CD5FEFF46D4FEFF46D4FEFF77
:10ABA00046D4FEFF46D4FEFFC4D5FEFF46D4FEFFCA
:10ABB000E0D5FEFF46D4FEFF46D4FEFFE2D1FEFF05
:10ABC000AEE1FEFF9AE1FEFF96E1FEFF96E1FEFF99
:10ABD00096E1FEFF96E1FEFFBCE1FEFF96E1FEFF7F
:10ABE000C4E1FEFF96E1FEFF96E1FEFF96E1FEFF67
:10ABF000E8E1FEFF96E1FEFF96E1FEFF96E1FEFF33
:10AC000096E1FEFFF8E1FEFFA4F4FEFFBEF4FEFFB6
:10AC1000BEF4FEFFC2F4FEFFBEF4FEFFF8F4FEFF3A
:10AC2000BEF4FEFF1CF5FEFFBEF4FEFFBEF4FEFF09
:10AC3000BEF4FEFF30F5FEFFBEF4FEFFBEF4FEFFE5
:10AC400044F5FEFFBEF4FEFFBEF4FEFFBEF4FEFFC1
:10AC5000BEF4FEFFBEF4FEFF58F5FEFFBA9E0100F3
:10AC600066AF0100649F0100BAAF0100829F01003E
:10AC7000F89F01001EA0010058A00100E4AE0100F1
:10AC800064AE01007CA10100A0A1010006A20100A8
:10AC90004C8C0100DCAD010000AD0100DAB2010016
:10ACA000EC8C010098A20100E2A2010086B2010032
:10ACB00028B201000CA30100BEA4010020A60100DF
:10ACC00098A60100E48D0100AEB301005AAB01006B
:10ACD000BAA60100F0A60100B2B30100B6B30100AC
:10ACE000BAB30100BEB30100E6B001002CA7010019
:10ACF000F6A70100C2B30100D6B20100A0A801006E
:10AD000022AB010046A901008EBD0100EAB401009A
:10AD1000DEB3010024BB0100F6BA0100CABA01008B
:10AD200090BA010064BA010062BB010066BB010079
:10AD300054B601006ABB010026BA01006EBB0100D7
:10AD400004BA010072BB0100C4B90100B4B901002A
:10AD50007EB9010076BB01005EB901007ABB01003B
:10AD60007EBB010082BB0100FCB80100E2B3010020
:10AD7000F6B3010086BB01008ABB01008EBB010057
:10AD800092BB010096BB0100A2B801002CB80100E3
:10AD90009ABB01009EBB0100A2BB0100A6BB010043
:10ADA000C4B701005ABB01005EBB010070B50100D1
:10ADB00088B4010026B40100FAB30100C616FFFFF3
:10ADC000E216FFFF5817FFFFCC16FFFF5C17FFFFCF
:10ADD000CC16FFFF6017FFFFEC38FFFF0839FFFFBD
:10ADE0006438FFFF6438FFFF6438FFFF4439FFFF1A
:10ADF0004439FFFF6438FFFF6438FFFF6438FFFF0A
:10AE00006438FFFF503AFFFF6438FFFF6438FFFFEC
:10AE10006438FFFF6438FFFF6438FFFFD436FFFF5C
:10AE20006438FFFF6438FFFF6438FFFF563AFFFFC6
:10AE3000EA36FFFF6438FFFF563AFFFF6438FFFF32
:10AE4000643AFFFFF238FFFFF837FFFFFE38FFFFDD
:10AE5000F837FFFFF837FFFFF837FFFF3E39FFFFF6
:10AE6000F837FFFFF837FFFFF837FFFF9839FFFF8C
:10AE7000F837FFFFFE38FFFFF837FFFFF837FFFF17
:10AE80006639FFFFF837FFFFF837FFFFF837FFFF9E
:10AE9000B839FFFFF837FFFFF837FFFF2C36FFFF09
:10AEA000F837FFFFF837FFFFF837FFFFF837FFFFEE
:10AEB0001439FFFFF837FFFF3839FFFF43483538B3
:10AEC000355F424C455F4C49425F56312E342E343B
:10AED000000000009660FFFFD460FFFFE860FFFF06
:10AEE0008060FFFFF060FFFFF860FFFFFE60FFFF84
:10AEF0000461FFFF088EFFFF1A8EFFFF248EFFFF05
:10AF00002A8EFFFF308EFFFF468EFFFF4E8EFFFF23
:10AF1000548EFFFF5C8EFFFF628EFFFF688EFFFF87
:10AF20006E8EFFFF748EFFFF808EFFFF868EFFFF09
:10AF30008C8EFFFFCE8EFFFF928EFFFF988EFFFF5D
:10AF40009E8EFFFFA48EFFFFB08EFFFFCE8EFFFF11
:10AF5000CE8EFFFFCE8EFFFFCE8EFFFFCE8EFFFF89
:10AF6000CE8EFFFFCE8EFFFFCE8EFFFFB88EFFFF8F
:10AF7000AA8EFFFFCE8EFFFFBE8EFFFFC88EFFFFA3
:10AF80005E94FFFF7694FFFF9E94FFFFB494FFFF53
:10AF9000C894FFFFE694FFFF0495FFFF1495FFFFA1
:10AFA0003095FFFF4695FFFF6895FFFF7E95FFFFF9
:10AFB0009295FFFFA895FFFFBC95FFFFCC95FFFF83
:10AFC000E895FFFF8897FFFF9C97FFFFB297FFFF71
:10AFD000D097FFFF3899FFFF1098FFFF0A96FFFFF9
:10AFE0002698FFFF3698FFFF6296FFFF6296FFFFED
:10AFF0002097FFFF2A97FFFF3E98FFFFEC97FFFF88
:10B000004E98FFFFC698FFFF0899FFFF649BFFFF64
:10B010003499FFFF3499FFFFC09AFFFFAC99FFFFFF
:10B02000FE98FFFF5C9BFFFF3499FFFF6C9AFFFFC8
:10B03000F69AFFFF3499FFFF3499FFFF3499FFFF21
:10B040003499FFFF3499FFFF3499FFFF3499FFFFD4
:10B050003499FFFF3499FFFF3499FFFF7099FFFF88
:10B06000DE9CFFFF9C9DFFFF769DFFFFD29DFFFFB3
:10B07000D29DFFFF609EFFFF9E9EFFFF9C9DFFFFF6
:10B080009C9DFFFF9C9DFFFF9C9DFFFF9C9DFFFFE4
:10B090009C9DFFFF9C9DFFFF9C9DFFFF9C9DFFFFD4
:10B0A0009C9DFFFF9C9DFFFF9C9DFFFFBE9EFFFFA1
:10B0B000BE9EFFFF9C9DFFFF9C9DFFFF9C9DFFFF91
:10B0C0009C9DFFFF9C9DFFFF9C9DFFFF109FFFFF2E
:10B0D000109FFFFF24A3FFFF2CA3FFFF4CA3FFFF44
:10B0E00058A3FFFF60A3FFFF68A3FFFF6EA3FFFF4E
:10B0F00076A3FFFF7EA3FFFF84A3FFFF8AA3FFFFCA
:10B1000092A3FFFF98A3FFFF9EA3FFFFA4A3FFFF4F
:10B11000DCA3FFFFDCA3FFFFAAA3FFFFB2A3FFFF97
:10B12000B8A3FFFFBEA3FFFFC4A3FFFFCCA3FFFF95
:10B13000D6A3FFFFB8A3FFFFD4A3FFFFE8A3FFFF41
:10B14000D4A5FFFF00A4FFFF54A4FFFF68A4FFFFE6
:10B150007CA4FFFF92A4FFFFA8A4FFFFB8A4FFFFF9
:10B16000CEA4FFFFD4A5FFFFE4A4FFFFD4A5FFFFFB
:10B17000D4A5FFFFF4A4FFFF16A5FFFF38A5FFFF2E
:10B180004AA5FFFF56A5FFFF68A5FFFFA4A5FFFF87
:10B19000FB349B5F80000080001000000000000076
:10B1A000000102020303030304040404040404046E
:10B1B000050505050505050505050505050505053F
:10B1C000060606060606060606060606060606061F
:10B1D000060606060606060606060606060606060F
:10B1E00007070707070707070707070707070707EF
:10B1F00007070707070707070707070707070707DF
:10B2000007070707070707070707070707070707CE
:10B2100007070707070707070707070707070707BE
:10B22000080808080808080808080808080808089E
:10B23000080808080808080808080808080808088E
:10B24000080808080808080808080808080808087E
:10B25000080808080808080808080808080808086E
:10B26000080808080808080808080808080808085E
:10B27000080808080808080808080808080808084E
:10B28000080808080808080808080808080808083E
:10B29000080808080808080808080808080808082E
:10B2A000000000000000000000000000000000009E
:10B2B000000000000000000000000000000000008E
:10B2C000000000000000000000000000000000007E
:10B2D000000000000000000000000000000000006E
:10B2E000000000000000000000000000000000005E
:10B2F000000000000000000000000000000000004E
:10B30000232D302B20000000686C4C0065666745DB
:10B310004647000030313233343536373839414210
:10B32000434445460000000030313233343536376F
:10B3300038396162636465660000000056ECFFFF07
:10B340006CECFFFF2CECFFFF2CECFFFF2CECFFFF65
:10B350002CECFFFF6CECFFFF2CECFFFF2CECFFFF55
:10B360002CECFFFF2CECFFFFCAEDFFFFD0ECFFFF42
:10B3700064EDFFFF2CECFFFF2CECFFFFF8EDFFFF6F
:10B380002CECFFFFD0ECFFFF2CECFFFF2CECFFFFC1
:04B390006CEDFFFF62
:10B39400FC42000000000000000000000200000069
:10B3A4005843002001000000C842002002000000B1
:10B3B4004C43002001000000734200200200000002
:10B3C400F0420020010000006C4300200200000055
:10B3D4004C430020010000007242002002000000E3
:10B3E400EC42002001000000D4A202000200000090
:10B3F4004C430020010000007142002002000000C4
:10B40400E842002001000000C4A202000200000083
:10B414004C430020010000007042002002000000A4
:10B42400E442002001000000B0A20200020000007B
:10B434004C430020010000006F4200200200000085
:10B44400E0420020010000009CA202000200000073
:10B454004C430020010000006E4200200200000066
:10B46400DC4200200100000088A20200020000006B
:10B474004C430020010000006D4200200200000047
:10B48400D84200200100000074A202000200000063
:10B494004C430020010000006C4200200200000028
:10B4A400D44200200100000064A202000200000057
:10B4B4004C430020010000006B4200200200000009
:10B4C400D042002001000000644200207A440000C1
:10B4D400E84400000000000002000000584300207F
:10B4E40001000000F8420020020000004C4300204C
:10B4F40001000000784200200200000010430020F8
:10B50400030000008C430020020000004843002098
:10B514000100000038410020020000004C430020DC
:10B524000100000077420020020000000C430020CC
:10B53400010000008843002002000000484300206E
:10B544000100000024410020020000004C430020C0
:10B5540001000000764200200200000008430020A1
:10B564000200000084430020020000004843002041
:10B574000100000010410020020000004C430020A4
:10B584000100000075420020020000000443002076
:10B59400000000008043002002000000444300201B
:10B5A400030000007C430020020000004843002008
:10B5B40001000000FC400020020000004C43002079
:10B5C400010000007442002002000000004300203B
:10B5D40004000000744300200200000048430020DF
:10B5E40001000000E84000204368617261637465F3
:10B5F40072697374696320350000000043686172E6
:10B6040061637465726973746963203400000000B7
:10B61400436861726163746572697374696320332A
:10B624000000000043686172616374657269737439
:10B6340069632032000000004368617261637465CD
:10B644007269737469632031000000004E4E00007B
:10B65400DC51000000000000CC4B0000DC4B00007B
:10B66400B04B0000C6530000FC52000044530000DD
:10B6740053696D706C65205065726970686572619C
:10B684006C00000000000000120953696D706C65C5
:10B69400205065726970686572616C0512140064EB
:10B6A40000020A0006A1000022A20000000000001F
:10B6B4000000000028BF000000000000020000009D
:10B6C4005843002001000000AC42002002000000AA
:10B6D4004C43002001000000B94200200200000099
:10B6E40020430020000000000000000002000000D1
:10B6F400444300200300000000000000000000009C
:10B70400E0B20200C0B20200A0B2020000000000D9
:10B714000000000000000000000000000000000025
:10B724000000000000000000000000000000000015
:10B734000000000000000000000000000000000005
:10B7440000000000000000000000000000000000F5
:10B7540000000000000000000000000000000000E5
:10B764006064002001D707000010010202020202F7
:10B7740002020202021008020A01FEFF020203E4AE
:10B78400C28400000E5300000201060302E0FFFF22
:10B79400C3812F0102020201020000005000A00038
:10B7A4000000E80302080202020200000200000096
:10B7B4005C4300200100FFFFFF200101010210058E
:10B7C40001010000FC41002002000000F4420020BE
:10B7D400502A00002A2A0000292A0000282A0000F2
:10B7E400272A0000262A0000252A0000242A000017
:10B7F400232A00000A18000002000000144300205D
:10B80400E5FF0000E4FF0000E3FF0000E2FF0000AA
:10B81400E1FF0000E0FF00000200000060430020A0
:10B82400052A0000882B0000A62A0000C92A00006F
:10B83400042A0000032A0000022A0000012A000052
:10B84400002A00000229000001290000032800004A
:10B854000228000001280000002800000118000050
:08B8640000180000FC41002067
:00000001FF
