:040000006F30D05D30
:100004000000000000000000A000002010040020F8
:10001400A9BDF9F3FC01002000000000000000006D
:10002400FC010020A00000200000000000000000EF
:10003400A000002000000000A0000020000000003C
:10004400A0000020A0000020A0000020A0000020AC
:10005400A000002090040020A00000200000000068
:10006400A0000020A0000020A0000020A00000208C
:100074003C050020A0000020A0000020A0000020DB
:10008400A0000020A0000020A0000020A00000206C
:10009400A0000020A0000020A0000020A00000205C
:1000A40001A0B7170040984B41111367070198CB83
:1000B400982B1377E70F98AB1307800873370780E3
:1000C400137787083AC60F100000130770052380C2
:1000D400E704130780FA2380E7040F100000B847F1
:1000E400B70600069506558FB8C703C7B70413773C
:1000F400F70DA385E704B82713672701B8A71307EB
:1001040050149AA7372700408346578093F6F60E7B
:10011400A302D7808946A303D78003C7E7041377D4
:10012400C70F136717002387E70403C7F702136792
:100134002700A387E702982B1367170098AB238047
:100144000704B247F3A707800F1000004101828023
:10015400EFF03FF513050020970500009385450A4D
:1001640017460000130686C763FAC50083220500FC
:1001740023A0550011059105E3EAC5FE177502E0B9
:10018400130585DB97450000938545C51386C18D0E
:1001940063FAC5008322050023A0550011059105CB
:1001A400E3EAC5FE1385018E976500009385052E4D
:1001B4006377B500232005001105E36DB5FE9302B6
:1001C4005002739002BC8D427390428085427390BA
:1001D40012BC93028008739002309702000093824D
:1001E40062E293E2320073905230974200E09382CD
:0C01F400027E7390123473002030000073
:100200009305000273A04580824573901534924097
:100210002242B2424243D2436244F24402559255D2
:100220002256B2564257D2576258F258064996495A
:10023000264AB64A464BD64B664CF64C065D965D52
:10024000265EB65E465FD65F0961730020304111BD
:1002500006C6EF00504CF5BF4111B7170040985F3C
:100260003AC6945F3247E39CE6FE32454101828004
:10027000B7F70700DC53411123A0F190B7170040F6
:10028000984B1367070198CB982B1377E70F98AB20
:100290001307800873370780137787083AC60F1053
:1002A0000000130770052380E704130780FA2380FA
:1002B000E7040F1000001307000C6315E5029A27EE
:1002C0001367070C9AA7B7170040982B13671700FE
:1002D00098AB23800704B247F3A707800F100000F4
:1002E00041018280B82793760520ADCA118B29E39E
:1002F00003C7E70403C6E7041377F70F1366360056
:100300002387C704B02713664600B0A792278E271D
:100310003346060893E5050C8EA7A5470100FD1797
:1003200093F7F70FE5FFB717004092A72387E7047D
:1003300093770510DDC3371700403C2793E707018B
:100340003CA79377F50199EFB727004003C7578083
:1003500013670701A382E7801D470DA013672700DD
:10036000B8A7F9B725476366F704B727004003C766
:1003700057801377F70EA382E7800547A383E780B2
:1003800033450508B71700401367050C9AA78AA7DD
:10039000B5CE03C7570483C65704418B858A558F52
:1003A0001DF3B82B418B05D3B8271377D70FB8A708
:1003B00019BF9377050199EBB727004003C7578012
:1003C0001377F70EA382E78009474DBFB727004098
:1003D00003C757801377F70EB5BF9377850181EF79
:1003E000B727004003C757801377F70EA382E78033
:1003F0001307100561B7B727004003C7578013776D
:10040000F70EA382E780130770058DBFB827137717
:10041000B70F71BF41118146014681451145D52A6B
:1004200013078008F337078093F787083EC40F103F
:100430000000B7170040130670052380C704930619
:1004400080FA2380D7040F100000FD55CEB723801B
:100450000704A245F3A505800F100000733707803D
:10046000137787083AC60F1000002380C704238043
:10047000D7040F10000003C7670413671700238316
:10048000E70423800704B247F3A707800F1000009A
:1004900001A00000197106C212C416C61AC81ECAED
:1004A00022CC26CE2AD02ED232D436D63AD83EDA34
:1004B00042DC46DECAC0CEC2D2C4D6C6DAC8DECA64
:1004C000E2CCE6CEEAD0EED2F2D4F6D6FAD8FEDA14
:1004D0009385C1908841E700050092402242B242D4
:1004E0004243D2436244F244025592552256B256D8
:1004F0004257D2576258F25806499649264AB64A98
:10050000464BD64B664CF64C065D965D265EB65E57
:10051000465FD65F0961730020304111B717004074
:10052000985F3AC6945F3247E39CE6FE324541014C
:100530008280B7E700E03707001023A0E720828021
:10054000B7170040130700032388E702854723AA53
:10055000F190730020302303048015472303E480C7
:1005600001002302A480828083076480E3CE07FE1B
:1005700023030480828083076480E3CE07FE034563
:100580004480828083076480E3CE07FE2302A48038
:100590008280411126C44AC24EC006C61377F50BAD
:1005A000AD47AA892E8995446306F700194565373A
:1005B000653F8D444E854537FD59FD1463983401E0
:1005C000B240A24412498249410182801355090177
:1005D0001375F50F453F2209CDB7011126CC06CE84
:1005E000B704080051371545BD37713769372AC63A
:1005F000A53F32459377150089EB136515001375F8
:10060000F50FF240E24405618280FD14E9FC0145EA
:10061000CDBF3971B7F7070006DE26DC4ADA4ED8BF
:1006200052D656D45AD25ED062CE03AB47027D5723
:10063000B7E700E083AA070022C603AA470023A069
:10064000E71823A2E718B71B004093077005238023
:10065000FB04930780FA2380FB0483C74B041147F4
:10066000AA8993E7070E2382FB0437240040130571
:10067000F00F2303E4802E8C3289B684E93DED35FA
:10068000938779FF93F7F70F0947137BFB006362AA
:10069000F712A147370708006307FB00B7070700F9
:1006A0003E9C378707007955637EEC02B38784014F
:1006B000636AF702A9476398F90689E481446D35B6
:1006C00026850DA0E2850945E93505090345F9FFB1
:1006D000FD14050C453D81C49377FC0FFDF7F53DF6
:1006E00069FD7D55B7170040130770052380E704A7
:1006F000130780FA2380E70403C74704418B238252
:10070000E704F250B7E700E023A0571123A24711F6
:10071000E25432445259C259325AA25A125B825B95
:10072000724C21618280A547639AF906A1478569C9
:10073000631DFB029387F9FFB3869700B374FC0037
:10074000B69493C7F7FFFD8C33FC8701416B856B33
:100750009387F9FFB3F7870199E363FF340193D9D6
:100760004900C147E3E637FF91BF9307F00FE9B7B0
:100770008567C169FD17C9B71305800D63886901D5
:10078000130500026384790113051008E285113511
:10079000A93521D94E9CB3843441C1B7E2852D459A
:1007A000CD3BCA94E30C99F00509F133A30FA9FEE0
:1007B000D5BF9387F9FF93F7F70F636FF70AA14748
:1007C0006319FB06B70708003E9C83C75B04370725
:1007D000070093F7070299E337870700B707080078
:1007E0003E977955E370ECF0B3079C00E36CF7EEAD
:1007F0008947639AF9048980D549E38104ECE2854D
:100800000945413B11090327C9FF91472320E48093
:1008100003076480E34E07FE23033481FD17EDFBDD
:10082000FD14110C81C49377FC0FE9FF7D3371F542
:100830004DBD83C75B043707070093F70702D5F365
:100840003787070079BF8547E384F9F2E2852D45B4
:1008500089339389F4FFE38304E6313B93F739004E
:1008600091EB832604800327090093074900E3984E
:10087000E6E43E89CE84F1BFB5476396F9001305DF
:10088000900BD13925BDB1471305B00AE38BF9FEB2
:1008900099476394F904A1476315FB00B707080063
:1008A0003E9CE2852D45F53181440D4BA149E13156
:1008B00063966401832704802320F9008504E3986C
:1008C00034FF8327048013172C016355070023127C
:1008D000F900EDB32322F900D5B39D476399F902DE
:1008E00081451305B0047531BD442320090023223E
:1008F0000900FD59493193F77400CA9703C70700EF
:10090000FD14398D2380A700E39634FF45BB914742
:100910006399F900130560063D39B9311305900953
:100920008DB7E38D09D8F15459BB23AC05FE1C41AA
:1009300099E30CC182803E8783A787FFEDFF232CBC
:10094000B7FE8280411126C2B7E400E04AC003A985
:100950000400B707200006C622C43379F90023A09B
:10096000F4180F10000009E523A02411014535A05B
:100970009565938505D0C98D2A842105B3C50508E1
:1009800033450508EF10502165D1FD5723200500A0
:1009900042A17CA123A024112105B240224492440B
:1009A0000249410182804111B7E700E04AC003A932
:1009B000070026C23707200006C622C4AA8433795E
:1009C000E90023A0E7180F10000083A781910144DC
:1009D000014685E301C8A28513858191975000E007
:1009E000E780401AA1652685975000E0E780E06A1D
:1009F0000DA003C7E7FF6319970205CCA2851385F5
:100A00008191975000E0E780E017A1652685EF20EF
:100A10004008B24022852244B7E700E023A0271116
:100A2000924402494101828011E03E8683A787FFFC
:100A30004DB73E84E5BF37E700E01C43B706200012
:100A40002320D718F58F0F10000019C191C111E6AE
:100A500037E700E02320F71082802E960F70B65003
:100A6000D5BF37E700E01C43B70620002320D71886
:100A7000F58F0F10000019C1014785E137E700E04D
:100A80002320F7108280B386E50003A80600B30692
:100A9000E5007D1623A00601110775F6C5B737E7F7
:100AA00000E01C43B70620002320D718F58F0F1055
:100AB000000001C53307C50011E637E700E0232039
:100AC000F71082800505A30FB5FEE31DE5FEF5B71F
:100AD000B7E600E09C42370620002A87F18F23A06A
:100AE000C6180F1000000145B306A7008386060054
:100AF00091E637E700E02320F71082800505EDB787
:100B00000111B7E700E026CA84434AC8370720002E
:100B100006CE22CC2A892E86F98C23A0E7180F1046
:100B200000009305F00432C633450608EF10D006E6
:100B30002A8401C53246CA85FD3DF24022856244C1
:100B4000B7E700E023A097104249D24405618280B4
:100B500037E700E01C43B70620002320D718F58FA5
:100B60000F10000001C599C1014711EA37E700E005
:100B70002320F710054582800507E309E6FE3308C8
:100B8000E500B386E500034808009422E306D8FE9A
:100B900037E700E02320F7100145828037E700E0C7
:100BA0001C43B70620002320D718F58F0F10000034
:100BB0001307F6FFBA952A966317C50037E700E0DA
:100BC0002320F71082809821FD150505A30FE5FE6F
:100BD000E5B737E700E01C43B70620002320D7180D
:100BE000F58F0F10000001C53307C50019E637E780
:100BF00000E02320F7100145828014210505E398C9
:100C0000B6FEE31CE5FE37E700E02320F7100545BC
:100C10008280797126D29384019322D4804006D6B3
:100C20004AD04ECE52CC56CA5AC85EC662C44DC4D3
:100C300037C9C901814B138B81921309F937175AB0
:100C40000000130A2A21975A0000938A2A1E9759F6
:100C50000000938929253E2099EF5C44639A0B009C
:100C60009CC0032CC4002285EF10607F628489A899
:100C700023A6FB00FDB783270B0082971C44330794
:100C8000F5406376F50003A789001D8F2A976368F6
:100C9000E9062E200820EF10D05F5C405844A9CB15
:100CA0000C441756000003266620AE97BE8663E408
:100CB000B70063E4C700B386C74014C4A28B3A846C
:100CC00059F81757000003276717894763E6E700BD
:100CD0009757000023A40716B25022549254025989
:100CE000F249624AD24A424BB24B224C4561828061
:100CF00063940B0098C0B5B723A6EB009DB70327FC
:100D00004A021DCB63EDA7023385A7401C2099EF53
:100D100003479A0183A689006117B307A7003E85A0
:100D200063E4E70063E4D7003385D74083A70A0173
:100D30006374F50023A8AA00A28B404451B703A70F
:100D40008900BA97D1B7011126CA06CE9754000080
:100D50009384441522CC4AC84EC652C49C28884469
:100D6000D9CFB7E700E003A907003707200023A089
:100D7000E7183379E9000F10000003C7019219CB7F
:100D800023A02711F2406244D2444249B249224A88
:100D90000561828017570000130787428357C70AEF
:100DA000A1CB9C440324870A6304F40497590000F0
:100DB0009389C90703A709012285630BF702138AE8
:100DC000819283270A0082976368A40C83270A0014
:100DD000098C829783A7090198443354F40AB30716
:100DE000A4003E8563E4870063E4E7003385E740C1
:100DF000B7E700E023A027119C44639BA702175488
:100E000000001304A402184883A781926319A7085D
:100E100082979444374736FE130707C83697B307BF
:100E2000A7003E8563E4E70063E4D7003385D7403D
:100E3000175400001304C45B5C5C89CB83A6C1A477
:100E40009C463707CDFF7D17F98F9CC611E188447A
:100E500085475CD09757000083A70702829715E16A
:100E60005C5C99CF5C5089CF97C001E0E78020FEA1
:100E700097C001E0E780C0819757000023AC075876
:100E8000493B5C5CE38007F003A7C1A41C47B7069D
:100E90003300D58F1CC7FDB59C443E9405BF829797
:100EA00014489844B387A6003E8563E4D700E3E185
:100EB000E7F83385E740ADBF23AEA19001C5854774
:100EC0002380F1928280AA8799E517570000034793
:100ED00067FE09C7D5B711476369B7001757000008
:100EE000130707FBB3C5E5209CC1828083A7C1918E
:100EF00081CF411106C6829783C7019299E323AE41
:100F00000190B2404101828083C7019281E723AE04
:100F1000019082808280411122C426C206C64AC046
:100F2000975400009384C44C83C7340217540000C4
:100F3000130404F6B9C317540000130424EF1389F3
:100F40004193032709001C2014300146B3A5E72074
:100F50008E21B5C911C21CA00820636DD506975714
:100F60000000238507EC83A78192D5E7B240224495
:100F7000924402494101828082971C40F5FF9757B5
:100F8000000083C727F385E3DC48858B89CFD84CE5
:100F90009947631EF7009757000023A50746EF10F7
:100FA000C0025C4482971C44D9D7829769B7D84C59
:100FB0009D47E31AF7FE9757000023A50744EF105B
:100FC000C0001C48C5B7850793F7F70F0546E3EF48
:100FD000D7F651B73327E5200E23231007002391BE
:100FE000019283A7C192B347F5209C4382971C20AE
:100FF0008326090003D721923377E540B3A6D72093
:101000009222518F9AA299C385071CA018201C30E8
:10101000E36EF7F4A9B79757000083A727E91CC828
:10102000CD3E83C73402B9F383C7140299CBDC4C9D
:1010300089EB97570000A38D073C97C001E0E7803C
:1010400080819757000083A727E38DD31C4899DF41
:10105000183083260900814763C7E702D84C9147BF
:10106000E3E6E7F09757000083C7C713918BE39F30
:1010700007EE83C70192E39B07EE2244B2409244FD
:1010800002494101C9B133A6D7201222E31006EE6E
:101090008507D9B7B7C700401387C72014431396F5
:1010A000264910C3010001009387872617550000C9
:1010B000032585D99C436A0514C393C7F7FF998319
:1010C0005D8D828023AEA1928280411122C417548B
:1010D00000001304E4311C4426C206C6858B9754D5
:1010E000000083A4241491EBEF20703A2244B24014
:1010F0002685924441016F1030369828975700009A
:1011000023AC072E8947E301F7FE01469305500201
:101110000145EF10C01B8145175501E013050595EA
:101120005D33014681450545EF1000015C44858B28
:10113000C5DFB240224492444101828097570000AB
:1011400083A70712639B0716011122CC2A84094545
:1011500006CE26CA4AC84EC6EF20103B9389C1A3CB
:1011600003A60900930780071389C1A27CD22380BC
:101170000192832709009384C1A4B7053300D8578F
:101180002285719B13671700D8D798431377F7CF41
:1011900098C398431377F7CF1367072098C39840F5
:1011A0001447CD8E14C7B70603009386862534CA2C
:1011B0005457F59A54D798433424137707F893F685
:1011C000F607558F98C3EF10504083A609003705E6
:1011D00000827D15DC4293E71700DCC2032609007C
:1011E000030784065C569375F703E605E98FCD8FF8
:1011F0005CD69305A0039C4063D5E508F84FB7057E
:1012000000074D8FF8CFB7C7898E938767ED1CC64F
:10121000B7575500938757555CC28347A40683444C
:101220004406DD8C8947175700002321F71E975786
:10123000000023A5071C7C44BCDE9757000083C731
:1012400067C799C7FC52FDFF9757000023A6071AEE
:1012500018289D47814517250000130585F663066C
:10126000F70017050000130585E6B1391038624410
:10127000F2404249B249A685D244014505616F005A
:10128000B06B9305200263DAE500F84FB70500F96B
:10129000FD156D8FB7050005ADB7B70500F96945B8
:1012A000FD156357E500F84F6D8FB705000391BF3B
:1012B000F84F6D8F13178729B1B7828097570000B9
:1012C000938707F0E853054754256390E60203C768
:1012D00047079147631AF700011106CE2AC6EF109F
:1012E000B0133245F240056191BD8280832785119C
:1012F000E5CB411122C406C658258345E504943741
:10130000D2272A841377C70F1395466063F7C50663
:1013100063510506882793F6F60794B7054693664A
:1013200027006314C5009366170054A4D843090727
:10133000D8C3032504114CB82E86CC430905EFF021
:101340008FEF832784115438D8433697D8C3DA27D0
:10135000158FDAA789473CBC034764039757000001
:1013600083C767B06369F706B24022440145410173
:1013700082801367170058A46DBF9376F60F6355EC
:10138000050288278545136627006314B500136698
:10139000170050A454B8A384070085473CBC83279A
:1013A00084119C43D5FBC9B71367170058A454B8E0
:1013B000A384070003250411CC430905EFF0AFE730
:1013C000832784115438D8433697D8C3DA27158F2A
:1013D000DAA78D47E1B75C2493E707015CA469B7FE
:1013E00005458280411183A741A122C406C6858B91
:1013F0002A84CDEB78298357051D63E5E70A41650B
:10140000130525F5976001E0E780003041CD3C25CC
:101410003EA583270412ADE32320A4122322A412A5
:1014200085472311F404232005007C2854415EA540
:10143000583418A5054718B513851702175700002B
:101440000327C7FE15811C437D151375F50F9CC23C
:101450005C43DCC21C479CC65C47DCC61C4B9CCA78
:101460005C4BDCCA1C4F9CCE5C4FDCCE0DC193861E
:10147000060213070702C1BF8327441288C383579C
:1014800024042322A4128507B3C7070859BF17579E
:1014900000001307E7D21E2785071EA7B24022448B
:1014A000410182805C2423090400054593C747005D
:1014B0005CA4EDB7142D854763ECD70A1C3D2A8741
:1014C0000145CDEB5C2713F507013C2B99CB8346F7
:1014D00067039757000083C7179963ECF60001E58F
:1014E000828049E582808357271E0357671EBA977B
:1014F00021A08357271E75F90145ADCF9387C712E9
:10150000175500000355C59AB3B5A70237460F001B
:10151000411113060624814622C426C206C67D5404
:101520003385A702973002E0E780E0A297540000DD
:1015300083C4D493AA949757000083A7A7D103A785
:1015400007099C433354E40AFDFB83A781928297E9
:1015500081476364A400B307A440B240224433B57A
:101560009700134515009244410182808147B5BF21
:1015700001458280828003A7C1A33C5BFDFF01007F
:101580000100828039C901116C0022CC06CE2A8468
:10159000EF20C03D15C9FD57630DF502B2479755C1
:1015A000000083C5B58C63EBB70003459402624429
:1015B000F240B385B74005616F1000521757000025
:1015C0000327C78EBA97D5B76244F24005616F1002
:1015D000707EF2406244056182808280797152CCD3
:1015E000175A0000130ACABD26D283244A0906D618
:1015F00022D44AD04ECEC5C897570000938747DF04
:10160000D44F15476384E604DC532A8989CF97C0F9
:1016100001E0E780C08397B001E0E780600797575B
:10162000000023A907DEFD596C002685EF20003459
:101630001DE517250000130525F8EFF0FF8783A7A8
:10164000C1A33707100098C70547B8DB0D45B25056
:10165000225492540259F249624A4561828063746D
:1016600035013244AA898440E1F0FD571305F00F9B
:10167000E38FF9FC914763F187029307B4FF2320BE
:10168000F9002324FA0A99E79757000083A70782F5
:101690002320F900014565BF9757000083A7078104
:1016A000ED17A297E9BF09455DB7797126D206D635
:1016B00022D44AD04ECE52CC56CA5AC85EC68347B0
:1016C000550303447513AA843E941374F40F9307CF
:1016D000400263F687001304B4FD1374F40F03A9EA
:1016E000841383A9C413A38B841222864A85CE85D2
:1016F000973002E0E7806081058915E503CBD412BD
:10170000014A814A337B6403930B500252864A8517
:10171000CE85972002E0E780407F05890DC5639163
:101720006A031374FA0F238B8412B250225492541A
:101730000259F249624AD24A424BB24B4561828019
:10174000850A939A4A60050AE3127AFDE9BF832766
:10175000850903560504797193D60701BD8EB3C67A
:101760000608358E93575640898B135776485D8F00
:1017700093573640918B5D8F93571640A18B5D8FA9
:1017800093171600C18B5D8F9317360093F70702EE
:101790005D8F9317560093F707045D8F93177600BC
:1017A00093F7F70F22D45D8F2A849357D6001355F1
:1017B000B6001189898B93558600C98F1355F600A1
:1017C0002582C98F218AD18F13961500418AD18F26
:1017D0001396350013760602D18F139655001376B3
:1017E0000604D18F139675001376F60FD18FA207DA
:1017F000C5455D8F3307B70226D24AD04ECE0329A6
:1018000084138329C4135AC806D652CC56CA3697B5
:101810003347070813565740098A93577748D18FA3
:1018200013563740118AD18F13561740218AD18F12
:1018300013161700418AD18F13163700137606024C
:10184000D18F1316570013760604D18F1316770025
:101850001376F60FD18F1358B7001356D7001378AD
:101860004800098A13558700336606011358F700AC
:10187000258333660601218B518F13161500418A8B
:10188000518F1316350013760602518F131655002B
:1018900013760604518F131675001376F60F518FC9
:1018A0002207D98FB387B7025EC6B697B3C70708BA
:1018B00013D55740098913D77748498F13D5374037
:1018C0001189498F13D517402189498F1395170026
:1018D0004189498F1395370013750502498F139578
:1018E000570013750504498F139577001375F50F8D
:1018F000598D13D8B70013D7D70013784800098B38
:1019000013D687003367070113D8F700A583336721
:101910000701A18BD98F13171600418BD98F13178D
:10192000360013770702D98F131756001377070471
:101930001E06D98F1376F60FD18FA2073367F500F5
:101940003307B702130650024A85CE853697B98E03
:10195000B3C4060833F6C402137BF60F972002E0E7
:10196000E780A05A058905E9834AD412014A930BFE
:101970005002B38A9A02814493DA0A0126864A8584
:10198000CE85972002E0E780405805890DC5639118
:101990004A0313FBF40F230B6413B25022549254E6
:1019A0000259F249624AD24A424BB24B45618280A7
:1019B000050A137AFA0F8504E39274FDE9BF8327C1
:1019C000C50803568508797193D60701BD8EB3C645
:1019D0000608358E93575640898B135776485D8F8E
:1019E00093573640918B5D8F93571640A18B5D8F37
:1019F00093171600C18B5D8F9317360093F707027C
:101A00005D8F9317560093F707045D8F9317760049
:101A100093F7F70F22D45D8F2A849357D60013557E
:101A2000B6001189898B93558600C98F1355F6002E
:101A30002582C98F218AD18F13961500418AD18FB3
:101A40001396350013760602D18F13965500137640
:101A50000604D18F139675001376F60FD18FA20767
:101A6000C5455D8F3307B70226D24AD04ECE032933
:101A7000040A8329440A5AC806D652CC56CA369755
:101A80003347070813565740098A93577748D18F31
:101A900013563740118AD18F13561740218AD18FA0
:101AA00013161700418AD18F1316370013760602DA
:101AB000D18F1316570013760604D18F13167700B3
:101AC0001376F60FD18F1358B7001356D70013783B
:101AD0004800098A13558700336606011358F7003A
:101AE000258333660601218B518F13161500418A19
:101AF000518F1316350013760602518F13165500B9
:101B000013760604518F131675001376F60F518F56
:101B10002207D98FB387B7025EC6B697B3C7070847
:101B200013D55740098913D77748498F13D53740C4
:101B30001189498F13D517402189498F13951700B3
:101B40004189498F1395370013750502498F139505
:101B5000570013750504498F139577001375F50F1A
:101B6000598D13D8B70013D7D70013784800098BC5
:101B700013D687003367070113D8F700A5833367AF
:101B80000701A18BD98F13171600418BD98F13171B
:101B9000360013770702D98F1317560013770704FF
:101BA0001E06D98F1376F60FD18FA2073367F50083
:101BB0003307B702130650024A85CE853697B98E91
:101BC000B3C4060833F6C402137BF60F972002E075
:101BD000E780A033058905E9834A1408014A930B7D
:101BE0005002B38A9A02814493DA0A0126864A8512
:101BF000CE85972002E0E780403105890DC56391CD
:101C00004A0313FBF40F230F6407B250225492547B
:101C10000259F249624AD24A424BB24B4561828034
:101C2000050A137AFA0F8504E39274FDE9BF79710E
:101C300022D426D22E84AA844146974502E0938579
:101C4000E5F30A8506D6972000E0E780C01D4146EF
:101C5000974502E0938585F20808972000E0E78029
:101C6000801C3C3010088A85DC875C2026855C87D8
:101C70005C30DC8697A001E0E780E0790347F10162
:101C80001C200145631EF7000347E1011C3001459C
:101C90006318F7000345D1013C201D8D1335150055
:101CA000B2502254925445618280011122CC26CA3E
:101CB0004AC84EC606CEAA84174400000324845C9A
:101CC00013092500854905C09C303830858B630495
:101CD000F700405CCDBF1946930544004A85EFE00C
:101CE0003FE7E31835FFF24022856244D24442497F
:101CF000B24905618280411122C426C24AC006C68B
:101D0000174400000324045893042500054901E802
:101D1000B240228522449244024941018280A68534
:101D20001305A4022937E30525FF405CCDB7011157
:101D300022CC26CA06CE2AC42EC61744000003248D
:101D4000E453854419E001450DA09C841830858B2F
:101D50006304F7000044FDB719469305A10013057D
:101D60002400EFE0FFDEE31795FEF2406244D24428
:101D700005618280EFF08F97730000000000000083
:101D8000938201920383020023800200630F030009
:101D9000F32510342EC0970500009385E5FD739060
:101DA0001534EF00405B7300203086DCEF00A05A52
:101DB000E6508280000041114AC01389C1A2032766
:101DC000090026C206C61C5F22C4938481A293D751
:101DD0006748B5CF930700061CDF174400001304C3
:101DE0002461184C930700086317F7009C409C433C
:101DF00093F707041CCC1C4093F7070489CB83A7F7
:101E00008192829748D81C4093F7F7FB1CC01C4076
:101E100093F7070289CF1C4003A7C1A3B7060800A8
:101E200093F7F7FD1CC05C5414C786077CD71C4889
:101E300093F7070489EF85475CC83707020083A73B
:101E4000C1A398C71307000C18C81854F8D38327E8
:101E50000900985F1357474811CF985F1367070130
:101E600098DF83A7C1A323A2070685471747000071
:101E70002328F7589C40D8431357174819C7D8430D
:101E8000759BD8C3D843799BD8C3B24022449244AF
:101E900002494101828005377300203097470000D6
:101EA000938707553707040088DB698F01CF03A7A5
:101EB000C1A3FD5634D797460000938626F7D84E27
:101EC0000507D8CE1377850019CF984783A6C1A2FE
:101ED0001367170098C71307000898CBD856719B53
:101EE00013671700D8D61377150001CFD84383A600
:101EF000C1A213671700D8C3D856719B1367170088
:101F0000D8D61377650019CF1377450059C3984386
:101F10001367170098C383A6C1A2D856719B136795
:101F20001700D8D64167698F0DC39746000083C656
:101F30006630C18A1747000013078728A5C2834669
:101F4000470793E60602230AD70637070200698F80
:101F500001CF984B1377070819C3054798CB83A780
:101F6000C1A33707020098C7B70708007D8D0DC1D0
:101F7000174700000347172C058B974700009387EE
:101F800027241DCB03C7570713672700A38AE7063B
:101F90008280D84713671700D8C7B5BF8346470765
:101FA0000946BD8A6388C600834647070D46BD8A39
:101FB000E39DC6F8914641BF03C75707118B69DB04
:101FC00003C7570713678700D1B783A6C1A3174775
:101FD00000001307E7411C43858B91E75C43858B29
:101FE00099E3FC52EDFB9747000023AD0740828048
:101FF0009386C1A22A8788421C5D93D75748D1E7B0
:1020000081C51C59BD839CA115C69C42945BC60624
:1020100093D7660163D6060093E707C0B3C70708E6
:102020008316060093975760B9C6BE968947B3C614
:10203000F60216A283A7C1A3BC4B083393D7574817
:102040008DCF29C59746000083A6063C93F606046B
:102050009307950009459DCABA979C2305471945E2
:1020600093F6F7066394E60201459397476063DFB2
:102070000700394582801EA275BF2A974833137521
:10208000F5077D153335A00082800545828083A742
:1020900041A399CB944BD04B9842518F98C2944313
:1020A0009C479842D98F9CC21386C1A30548184209
:1020B00083A6C1A297470000938787336312050563
:1020C00003A806001368080823A0060183C6270298
:1020D000B3C5D52054479385A50C139816492326DC
:1020E00007010F100000184237060200860510C7CE
:1020F0001306000890CB6CD354C72388A1A282801A
:1021000088421375F5F788C283C62702B3E5D52048
:1021100054479385E50E1395164948C70F100000E4
:10212000184237060200860510C71306000890CB38
:102130006CD354C70945D1B7411122C4AA8706C63A
:1021400026C22E851384C1A3B285DDE71C40F85357
:102150007DFF3707020098C79747000023AE072886
:1021600097440000938404CFDC5085C7B7E700E0B4
:102170003707200023A0E728B7F700E0938707D0B0
:10218000984B6D9B98CB984B1367870398CB730044
:102190005010F53D83A7C1A298431317772998C320
:1021A000D857719BD8D79747000023AD072497478E
:1021B000000023A107241C40094798C3DC5099CB99
:1021C00037F700E0832707D193E787002328F7D06C
:1021D00073005010144017470000130767211C4775
:1021E000858B91E75C47858B99E3FC52EDFBB24010
:1021F00022449244410182800D47639EE704974741
:10220000000023AB071E9747000023A9071E974431
:102210000000938424C4DC5085C7B7E700E037078B
:10222000200023A0E728B7F700E0938707D0984B5A
:102230006D9B98CB984B1367870398CB7300501016
:10224000B93583A7C1A298431317772998C3D857E4
:10225000719BD8D7A5B70547E39EE7F697460000E0
:10226000938646BFDC5285C7B7E700E037072000FA
:1022700023A0E728B7F700E0938707D0984B6D9B22
:1022800098CB984B1367870398CB730050101C4072
:10229000D04713171649D8C70F1000001C40370746
:1022A000020098C7130700089745000023AAE51409
:1022B00003A7C1A218431357774819C71307E0189B
:1022C000F8D3D0C7DC52E5BD1307E01AD5BF83A70A
:1022D00041A389CFD44303A88700984233670701FD
:1022E00098C2D447DC4B9842D98F9CC2054783A73C
:1022F000C1A29505631EE50298431367070898C3BA
:10230000984F137707C01367A71398CF1307800759
:10231000B8BB939735009387C7031747000013078F
:10232000270D1CD72388A1A219C2060610D78280C8
:10233000984309451377F7F798C3984F137707C069
:102340001367271398CF1307F007B8BB939745007F
:102350009387C703D9B783A7C1A38847D847798D87
:1023600011C588C783A781A391C3828782808967AB
:1023700003A7C1A3938707F47CD383A6C1A483A733
:10238000060993D7A74991C783A7060993D7974909
:1023900099E37C53EDF782804111B7E700E022C456
:1023A00080433707200006C6798C23A0E7180F105A
:1023B000000011C199E5B7E700E023A087100145AF
:1023C00049A80D0533450508130740037199B34724
:1023D00005086362A70203A5C1AD83A641AD639F53
:1023E000A600174700000327E7A971D7C207DD8DB4
:1023F00005450297C9B703A581ADC5B77A2131EF6D
:102400005A21636CF704B306F740214817460000D1
:102410001306C6A16375D802832805000358660019
:10242000938687001D8FAA966117DAA223A0160152
:102430002393060014C15EA1130788FF7AA27A22B3
:102440006EA12105B307F7407EA2B7E700E023A005
:102450008710B240224441018280084149B7B7E762
:1024600000E08C433707200023A0E718F98D0F10F8
:10247000000001E523A0B710828003A3C1AD83A8AB
:1024800041AD9A87814663F8170903A8070063677F
:10249000F5086365A80813878700636EE506F223D5
:1024A000216705076317E6001386319F1822050789
:1024B00018A21745000013056597D2237A212393AC
:1024C00007003297334707087AA16383670203A3A3
:1024D00081AD630FF30003D36600631B0300DE22AC
:1024E00023A0060121073E962106D2A27AA1B68733
:1024F00098436302170383A681AD630ED70076234A
:1025000099EAD62352231843A106B296D6A398C3BC
:102510007E21A1077EA1B7E700E0A9BFBE86C287E2
:102520009DB7AA8703A7C1AD03A641ADB305B540CA
:102530006314E6003E8529A8930687001843E3E963
:10254000D7FEE3F7E7FE2E85E3E4D5FEE3F2E5FEF2
:102550008280411126C206C622C44AC097440000A8
:1025600083A484CB6383041003A4C40AAA8605450C
:1025700035C03C241307700A6390E70858301C34B8
:10258000174900001309099203268900B387E7025F
:102590000357C900B387E70213070032938707196F
:1025A000B3D7E70203A744093E97BA846364F700F0
:1025B0006364C700B304C74083A7819284C2829733
:1025C000B387A44063F5A40003278900BA9789EB79
:1025D0001305F00FB2402244924402494101828027
:1025E00058309306204E3307D702E3F3E7FE9307F4
:1025F00080FA3CA40145F9BF1307800AE39AE7FC7F
:1026000083A7819282972A893545EF10E06FAD4705
:1026100017470000232CF7DE58301C341746000003
:1026200013064688B387E7025A261046B387E702A7
:102630001307003293870719B3D7E70203A74409AA
:102640003E97BA866364F7006364C700B306C74069
:10265000E310D9F8170502E01305E579EFE0DF850F
:1026600083A7C1A30947F8D7A5B70545A5B7397111
:1026700056D2974A0000938AAAD783A70A0337073E
:10268000080026DA06DE22DC4AD84ED652D45AD0CA
:102690005ECE62CC66CA6AC86EC6F98F97440000E7
:1026A00083A484B76384071C83A9C40A83C79900E1
:1026B00003A4C90092073E942820B14705053305BD
:1026C000F5025E203E9533450508EFE0AFA7AA8CE2
:1026D0006305051A130DC5002324A50134203146D6
:1026E000370B0300B386C602231304000149138A83
:1026F000C1A3938BC1A2938DC1A4130B8B15054C61
:10270000EA9654C483C679009307D00783250A004C
:10271000B386F602C1679CC5370833008606B4D17C
:1027200083A60B0090421376F6CF90C290421376A8
:10273000F6CF1366062090C203A50D001045336640
:10274000060110C503A6090023A8650593055002DC
:1027500090C672205444B2962324DD001430014602
:10276000CA96A301DD0003C504089746000023A311
:1027700006C8B13E83260A00CC4613961549D0C63A
:102780000F10000083260A003706020090C61306C9
:10279000000823A8CA0003A60B001042135676486F
:1027A000631F860B1306E018F0D2CCC61746000054
:1027B000232A06C417460000232E06C223A0860142
:1027C000EFF0BF80EF10A04C83A64A00858AD9CADB
:1027D000EA852685971002E0E78000680DE9034648
:1027E0005D0049C276204E20B29663DDB606B4285D
:1027F000AC4803258D00918E8906B695EFE0AFA316
:1028000023020D0003465D007620B29676A00326D3
:102810000A00310D3452FDFE342005091379F90FF9
:10282000E362D9EE9C246685A381FC001C20A38270
:102830000C002383DC002382FC006254F250D2544B
:102840004259B259225A925A025BF24B624CD24C14
:10285000424DB24D2161171301E06700A3A1130699
:10286000E01A99B7FD562302DD0055B783A7C1A32F
:10287000FC5781C785472380F192F2506254D254AD
:102880004259B259225A925A025BF24B624CD24CD4
:10289000424DB24D21618280411122C406C626C23A
:1028A0004AC02E848DCD13F915008147414763023C
:1028B0000904131745003E97B1463307D70283A496
:1028C0008193B317F02833C90708BA949C40C840D5
:1028D000829723A0040023A2040033448900B2405D
:1028E000228522449244024941018280B356F44831
:1028F000E9F28507E39CE7FECDB7011126CA06CEB3
:1029000022CC4AC84EC6AE84A1C593F71500014437
:102910004147B1CB93174500A2973147B387E702F0
:102920009389819303A909003E998327090081C7F0
:1029300003254900829731473307E40283A7090042
:10294000BA979C478DC733148028B3470408BD8CC1
:10295000F24062444249B2492685D24405618280F0
:10296000B3D68448C5FA0504E31CE4FECDB72320A2
:10297000090023220900C1BFAA8703A5019311E121
:1029800082803A216315B7001821E30BF7FE484512
:10299000FDB77971B7E700E022D4804352CC06D668
:1029A00026D24AD04ECE56CA5AC85EC662C43A8AA9
:1029B00037072000798C23A0E7180F10000005E1ED
:1029C00023A087100945B250225492540259F2496B
:1029D000624AD24A424BB24B224C4561828083A765
:1029E0008192B6892A89AE8A328B938B81938297A2
:1029F00003A70B008144B146C147338CD402330690
:102A00008701104235EEC165938505F04145EFF031
:102A1000BF9819ED9737000083A7C74681C7814546
:102A200011458297B7E700E023A087102D4561BFCD
:102A3000138701931C43A1E308C323000500B317C8
:102A400090283EA183A70B002326050023246501BF
:102A500023224501E29723A0270123A2570123A4A3
:102A600047016384090023809900B7E700E023A0B1
:102A70008710014589BF3E87DC47F5FF48C775BF12
:102A80008504E39CF4F6B7E700E023A08710214516
:102A90001DBFB7E700E09843B706200023A0D71872
:102AA000758F0F1000009736000083C636386371AB
:102AB000D50283A641933325D5201621D58D0EA1AD
:102AC0009736000023AC063623A0E710014582802C
:102AD00023A0E7100D4582800111B7E700E022CC6A
:102AE00080433707200006CE26CA4AC8798C23A027
:102AF000E7180F100000BD4763E7A704314733070D
:102B0000E50283A78193BA979C4395CF3315A028FC
:102B10002E89B345050801452EC6B93DAA8409C9C9
:102B2000B2450145973000E0E780201D23A4240131
:102B3000B7E700E023A087100145F2406244D24489
:102B4000424905618280B7E700E023A0871009456C
:102B5000EDB79736000083C6E66183A7819B0147E6
:102B60006394E600014582808E2313868702639476
:102B7000A5003E85828005071377F70FB287CDB792
:102B80009737000083C7175FAA86850703A5419C76
:102B9000014712216307D60005071905E36BF7FE0D
:102BA000014582802A8703A5C19C11E182801C45D2
:102BB000B227636BC70003584500B306C8006355CE
:102BC000D7008146639406010841C5B703D3A70027
:102BD000938807016316E30091C192A13E8582802C
:102BE0008506C687B3C60608F1BF9736000083C6C0
:102BF000665883A7819F01476394E6000145828060
:102C0000AE231386C7036394A5003E858280050723
:102C10001377F70FB287CDB7411122C406C6973795
:102C200000002389076003A481A005C06C39014519
:102C3000B315B028B3C50508973000E0E780C0564B
:102C4000930710273305F50202942244B2408145D0
:102C5000014541016FE02FA7411106C6383D19C754
:102C60003425631ED702B24041017DB73C2DE5DF1C
:102C70003825E30AF7FE3CA5814517E5FFFF13055C
:102C80002564EFE04FA49737000083C7A72289C7C8
:102C900083A7C1A35147F8D3B240410182803C2DA4
:102CA00089C7E39AF6FC38A5C1BFD5FEEDBF411137
:102CB0004AC0173900001309A9738327890022C469
:102CC00026C206C6973400009384844F858BE0505B
:102CD0009DCB9737000023A1077283C74407C18BA0
:102CE00085CFEF00D07A83C7440793F70702E5DF6B
:102CF00083C74407228593F7F70C238AF4069720AD
:102D000001E0E78000F7EF00907822852244B2408E
:102D100092440249410109B783C75407858B91CB7F
:102D2000EF00F0768D47230EF406BC58228582977B
:102D3000D9BF83C744071547BD8B6395E704834715
:102D4000B406034534060146930550025D8DEFF04D
:102D50000FD8014681450545EFF00FBE8327C90016
:102D6000858BD5D322859737000023A90768972044
:102D700001E0E780C0D741F9B240224492440249C1
:102D80004101828083C744071947BD8BE39DE7F665
:102D90008347B406034534060146930550025D8D12
:102DA000EFF0EFD2014681450545EFF0EFB88327FC
:102DB000C900858BA9DB22859737000023A0076413
:102DC000972001E0E78020AC7DB7411122C426C2E4
:102DD00006C67C2578452A84BD8B1CA91CA31D47EB
:102DE00064456395E7340547B8A08347F5058D46EC
:102DF0006393D7185E2DCDE37C491147B18B638D6A
:102E0000E70831476398E700034715068347F5074E
:102E10006304F7088547BCB019469305640313851E
:102E20004400EFD05FC1BC20990793F7F70FBCA017
:102E3000034704061377070401CFB830136707046C
:102E4000B8B07844BA975838B8B3BC208507BCA04E
:102E5000973700002380073EBC2013F7F7030507D0
:102E600018B80347E4051A07D98FBCA08347540359
:102E7000858B91E70347440389476317F70078443C
:102E80001C2393E707041CA37C44183898B3B24072
:102E90002244924441018280A147BCB08357C406BA
:102EA000973500009385C5311386C1A3DCA08357F5
:102EB000C406034714067444A1831207BD8BD98F3F
:102EC000DCB2B4208547890693F6F60FB4A0173715
:102ED000000003472736631EF706183C9387E60079
:102EE0008E07231AF4069387C708B387E70279454C
:102EF00010420948238A0507C1650CC6938707FB62
:102F0000B3C7070893877716B3C7A70233C7070865
:102F1000B387A70286073CD2BC3093E70701BCB059
:102F20007C44B6978346240693E60604B4B3B420E3
:102F30007C44B697D8A3B4207C4421837D8BB6977C
:102F4000834634069606558FD8B3BC208D07BCA0A7
:102F500021B71042F947385205833357F7023C52E4
:102F600068528583FD8BAA977CD28D47238AF5060C
:102F70003347070855B71946639BC7125E2DC1E357
:102F800093056503B8B013854400EFD0DFAABC20D9
:102F90001385A4009907BCA0BC3093E72700BCB000
:102FA00083475403898B95CF0C58BC299DCB194678
:102FB000D105EFD05FA878441C2393E707F81CA342
:102FC000BC20990793F7F70FBCA0034704061377BB
:102FD0000704E30F07E6B430784493E60604B4B080
:102FE00095B58347D40391C778441C2393E707F82A
:102FF0001CA319469305E403EFD0FFA3D1B7A14763
:10300000BCB08357C506DCA08357C506034615062A
:103010006C45A1831206BD8BD18FDCB1B020173572
:1030200000001305E5199385C1A309061376F60F71
:10303000B0A09737000083C7E71F6398E704183CE8
:103040009307E6008E07231AF4069387C708B38711
:10305000E70279488946230AD5069441C1658CC6A2
:10306000938707FBB3C7070893877716B3C7070390
:1030700033C70708B38707038607BCD2BC3093E782
:103080000701BCB07C44B29771BD8C41B851F9477F
:1030900005833357F702BC5103A845068583FD8B92
:1030A000C297FCD1230AD50633470708C1BFA14701
:1030B000BCB08357C506DCA08357C506034615067A
:1030C0006C45A1831206BD8BD18FDCB1B0201735C2
:1030D00000001305E50E09061376F60FB0A097372A
:1030E000000083C7271583A5C1A3E391E7FA183C25
:1030F0009307E6008E07231AF4069387C708B38761
:10310000E702F9460948230A0507416588C5938700
:1031100007FBB3C7070893877716B3C7D70233C730
:103120000708B387D7028607BCD189BF0547639ECE
:10313000E706B1471CB983475503898BA1CB0C59CE
:10314000BC29A9C71946D10513858400EFD0BF8ECD
:1031500078441C2393E707F81CA368441946930599
:1031600064030905EFD03F8D11679737000083A7EF
:103170002712F98FE38C07CE7C24B98BE39807CE16
:1031800078441C2393E707021CA3CDB18347D403E3
:1031900089C79C2093E707F89CA0684419469305CB
:1031A000E4032105EFD03F894DBF522D0C55930705
:1031B000660093F7F7031CB913858400E5B7011186
:1031C00026CA973400009384A4229C4422CC06CEC5
:1031D000173400001304C4FE858B6850C9C32AC687
:1031E0009737000023AA0720EF00702A03474407FF
:1031F000894732456307F700034744078D47631C3F
:10320000F70283A6C1A3BC52035745078583130762
:10321000C71263F2E702BC528583B1C391470347EB
:103220004407E31EF7FE6244F240D24405611723CF
:1032300001E0670023CC382D3C3D09CF34256309DC
:10324000D7026388F60238A56244F240D244056191
:103250006FD0DFEE99CF382509EF3CA5F5B72AC628
:10326000EF00F02262443245F240D24405616DB273
:10327000EDF7DC4CEDF70347440789476307F70098
:10328000034744078D47E31CF7FC91470347440776
:10329000E31EF7FE49BF630E0530011122CC06CEB6
:1032A00026CA4AC84EC652C456C2582585472A84E3
:1032B0006316F72C9737000093878713D44F154771
:1032C000638AE600D44F0D476386E600D84FAD47CA
:1032D0006312F7026C386244F240D2444249B24968
:1032E000224A924A01450561B315B028B3C50508C5
:1032F0006FF02FFA1631130700649734000093849F
:1033000024EC3347D7029C20E8D0850793F7F70FCA
:103310009CA063CAE700973000E0E780802C9737D5
:103320000000238F07E878249D47631FF704834735
:103330009406B1C38356040763ECF6020C2493078A
:1033400030041CAC1305300493F6F60F014697C009
:1033500001E0E780803E22856244F240D244424947
:10336000B249224A924A0561172301E067000367C8
:1033700085062318D406930530020545973000E0F2
:10338000E780001F2301A4060549238A2407183C6F
:103390008D47631CF70E973000E0E780A08F0D8902
:1033A000630F051463162517930760023CA4930767
:1033B00050023CAC9307700278243CBC8547630202
:1033C000F70889659385F57013051027173A0000F3
:1033D000130A4AAD83497401973000E0E780C01BAF
:1033E0000E30835ACA002A8913060064B385550338
:1033F000814613850532B335B500971002E0E780AA
:1034000080B5AA84B335590337460F001306062446
:10341000814633055903971002E0E780C0B3832744
:103420000A00AA948297B307950003278A00BE85F5
:1034300063E4A70063E4E700B385E7404E85EFF05F
:10344000AFE983475403898BE9CB8347C403F1C7B2
:103450000C58E1C5BC25F1C38947230AF40219467B
:10346000B10513056403EFD00FDD0347C407894797
:1034700063E9E70A22856244F240D2444249B249F4
:10348000224A924A05616FD07FCB89467C3463150E
:10349000D70213F7170019CB898B1307500291EB52
:1034A0009307700238A43CAC814739B71307600218
:1034B000C5BF93076002FDB799CF93F617001307B6
:1034C000500291E6898B13B717001307670238A4DF
:1034D000230D0400D1BF3C2C130740026368F700A2
:1034E000930750023CAC3C2C3CA47DBF850793F76E
:1034F000F70F3CAC13077002E364F7FEEDB7130758
:103500007002930750023CAC38A4930760026DB57B
:103510001307500293077002FDB78547230AF40290
:10352000A9B70327C40A83A681923C27ADC31C37E1
:103530005833973400009384E4969044B387E702AD
:10354000DA24B387E7021307003293870719B3D74A
:10355000E702032744093E973A896364F7006364EE
:10356000C7003309C7408296B307A9406374A90016
:103570009844BA9703576407E3FEE7EEF2406244CB
:10358000D2444249B249224A924A05618280832448
:103590008409829663E9A400835764073385A440B5
:1035A000E37AF5ECE1BF9737000083A72790BE943C
:1035B000E5B7828001114EC697390000938949C052
:1035C00022CC03A4C9094AC8173900001309898D00
:1035D0000357C90026CA835464088327040906CE0A
:1035E000B384E40237470F009306F7231307072439
:1035F00052C456C25AC0B694B3D4E40263EE9702E2
:10360000138A8192B384974083270A00829763E9E3
:10361000A4023385A4406349050283570404A30F21
:10362000040085072310F40483470414639E0710E5
:103630002285EFE08F8721AA03278900BA97C9B7AF
:1036400083278900BE94F1B783270A008297032756
:1036500084086366E50A198D7E3C0357C9008E070E
:10366000B387E7021307003293870719B3D7E7023E
:1036700063ECA708B74A0F00138BFA23938A0A2436
:103680008357040485072310F4048347041481E757
:103690002285EFE08F812285973001E0E780001AD4
:1036A00063130524032604090327C408832689001D
:1036B0003297BA876364C7006364D700B307D74003
:1036C000783C0356C9002328F408050778BC035743
:1036D00064083307C7025A9733575703B384E74048
:1036E00063F5E700998EB384F60083270A0082977A
:1036F00063E6A4043385A440E34405F839BF832777
:103700008900998F3E9589BFA1452285973001E0B8
:10371000E780E00AA305A4029727000083A7877625
:103720006383071C6244F240D2444249B249224AB0
:10373000924A024B89451545056182878327890096
:10374000A6973385A7404DBF2285EFE04F802285A5
:10375000973001E0E780800E631705180355C90014
:1037600083576408B7460F001386F623B387A70272
:103770009386062403270409230B0402832A890065
:10378000B297B3D7D702636AF716B307F740832619
:10379000C4082324F408014BB387E600BE8463E425
:1037A000D70063E45701B38457411E30232894089F
:1037B000A1CB835604045A3037460F0056B03387E6
:1037C000E640B387E7023A30130606248146814576
:1037D000BA97B3C707083385A7023EB0970002E047
:1037E000E780607711CD2695B3349500A695AA871A
:1037F0006314BB0063645501B30755412328F408E3
:1038000083270A008297AA8483270A008297E30D00
:1038100095FE83270A0083248408829763E4A40E1C
:103820003385A440630B050E035AC900835764080F
:10383000B7440F001387F423B3874703938404240A
:10384000BA97B3D797021727000003473762BA9792
:1038500063E5A70CB3359502835A2402528681464C
:1038600033059502970002E0E780E06E3389AA00F5
:1038700033854A0337460F001306062481468145E7
:10388000970002E0E780206D15C1B337950252869C
:103890008146B385B4023385A402BE95970002E049
:1038A000E780606BB38AAA40231154033545A929E8
:1038B00023AE890838348547631AF704930700FD5F
:1038C0007CA4814503A501A2EFD0EFDF9547173710
:1038D0000000232DF7B23707100083A7C1A398C7B4
:1038E000060923A82707F2406244D2444249B2495C
:1038F000224A924A024B05618280B3065701B38780
:10390000F64071B583278900BE9419BF930710FC58
:103910007CA4814503A581A145BF9737000023AF53
:103920000792834709018DC303A5C1A0EFD08FF98A
:10393000624483274900F240D2444249B249224AB4
:10394000924A024B05618287834594026244F240A9
:10395000D2444249B249224A924A024B014505618A
:10396000B315B028B3C505086FF0AF92011122CC92
:1039700026CA4EC606CE4AC852C456C25AC03835A8
:103980008547832405092A84AE896314F70C83577D
:103990000508835AC503172A0000130AAA50035BBF
:1039A000CA0063FC571914296399E6180327851187
:1039B000631507180327450A6311071874351D4757
:1039C000639DE6162A3DB38AFA409307204E3305DD
:1039D00055030329440937460F0013060624814680
:1039E0003305F5029727000083C74748335925035D
:1039F000B335AB023E993349090823132409330533
:103A0000AB02970002E0E7800055B307950033B59D
:103A1000A7002E9503278A00BE8419E163E4E7001E
:103A2000B384E740B307690337470F009306F723D2
:103A30001307072423A09900B697B3D7E702D697B8
:103A400063E4F4009D8C31A003278A00B307F7409C
:103A5000BE94138981928327090023A0990082973D
:103A600063E2A4103385A440635D050A832709003F
:103A7000172B0000130B0B43829703A70900636900
:103A8000E50E198D7E3C0357CB008E07B387E70206
:103A90001307003293870719B3D7E70263EFA70C28
:103AA000374A0F00930AFA23130A0A24835704049F
:103AB00085072310F4048347041481E72285EFD09F
:103AC000DFBE2285973001E0E78040D761E583269D
:103AD00004098327C40803278B00B697BE8463E4D8
:103AE000D70063E4E700B384E7407C3C8356CB0017
:103AF0002328940885077CBC83576408B387D702C2
:103B0000D697B3D7470363E6F40A9D8C8327090051
:103B100023A09900829763E1A40A3385A440E34778
:103B200005F89727000083C7773463E6A706972731
:103B3000000023A587720145B9A883576408374759
:103B40000F009306F723B387670313070724B6977D
:103B5000B3D7E702E3F8F4EE03278A002697B3040D
:103B6000F740C5BD9727000083A74734BE94DDBD4D
:103B700083278B00998F3E9531B7A14522859730D9
:103B800001E0E780C0C3A305A4029727000083A734
:103B9000672F81EF7D55F2406244D2444249B249D9
:103BA000224A924A024B05618280894515458297D7
:103BB000D5B71D8FBA9499BF83278B00BE94B1BF30
:103BC00083A7C1A298433706CEFF7D161377F7CFA0
:103BD0001367071098C303A7C1A41447370803004D
:103BE0001375F51FF18E14C783A6C1A323A806057C
:103BF00023A40700904B93F5F50713088815136667
:103C0000F60390CB90431366060890C3F04F1376EB
:103C100006E0498EF0CF23AC070423A007065057D7
:103C2000759A50D79043137606F84D8E90C31306BD
:103C3000401FF0D2172600002326067C172600001E
:103C4000232A067A054690C29043B70533001376BF
:103C5000F6CF90C390431376F6CF1366062090C339
:103C600010474D8E10C723A80605D8531317F72801
:103C7000D8D32547F05201C6B04FE37DC7FED853D5
:103C80001317F748D8D3A8531335450082801387FC
:103C9000C1A31443BC4ABD9BBCCA01000100010082
:103CA00001001C43B44B93F6F68FB4CB944393E6D8
:103CB000860094C3010001000100010083A6C1A297
:103CC0009C4293F7F7CF93E707109CC203A6C1A4C9
:103CD0001C46B706CEFFFD16F58F1CC61C433707E2
:103CE0000300B8CB83A741A399CBD4439047984214
:103CF000518F98C2944BDC4B9842D98F9CC2972726
:103D0000000023A50770828083A7C1A39C438D8BED
:103D1000E9C74111B7E700E04AC003A9070026C27E
:103D20003707200006C622C4AA843379E90023A0FD
:103D3000E7180F100000172400001304646B584CA0
:103D40008D47631AF7009727000083A7E7430146D2
:103D500081454545829719476391E40483471402DE
:103D600089CB834704026396970097270000A381BD
:103D7000076A584CA1476315F700930780101EB0DF
:103D8000238001922937B2402244B7E700E023A004
:103D9000271192440249410182809D47639BF400B0
:103DA00083471402F9D7034704028D47E313F7FC56
:103DB0006DBF544C6389E600584C6306F700584CBD
:103DC000A147E31FF7FA83471402DDFB5C4C230095
:0C3DD000F4028547A300F40265B782806E
:103DDC00971100209381C1A517C101201301C121A6
:103DEC001305400097C5FF1F9385052117C6FF1FBC
:103DFC001306464063FAC5008322050023A0550034
:103E0C0011059105E3EAC5FE17C5FF1F1305C53360
:103E1C0002852A8309CA83830500230073007D165B
:103E2C00050385056DFA82802A8311C62300B30031
:103E3C007D16050365FE8280011122CC26CA06CEB2
:103E4C002E84B684EF10D063B7470F0093870724F6
:103E5C003376F50291C8B28517250200130505D3F8
:103E6C0032C6EF00B222324622856244F240D2447E
:103E7C00814505616FC0910C011122CC06CE17044F
:103E8C0000201304E41A1C2049476386E710636C76
:103E9C00F70041476389E7064547638EE708F24020
:103EAC006244056182804D47E39BE7FE5C21154728
:103EBC006385E7220547E394E7FE03C7018E854738
:103ECC001384C18E630CF728138741B09707002029
:103EDC00238007163E23172502001305E5CF93E731
:103EEC0027003EA3EF00722E0820914597F0FF1F8C
:103EFC00E78060B908206244F2401306C01289457D
:103F0C0005616F10B06F414697250200938505C47B
:103F1C000A85013783C6C18E41468A8503C541B0E7
:103F2C002392018E2391018EA380018EEF70C01419
:103F3C00C5471CA0ADB75C211D476383E70205474D
:103F4C00E39FE7F483D5218E95EDFD571CA06244C9
:103F5C00F24017250200130565C405616F00F226B7
:103F6C001E2591CF58451C331423A207D58F2391BE
:103F7C00F18E3C333423A207D58F2392F18E183166
:103F8C00E9477DBF2A2183C6C18E03D6418EEF60DF
:103F9C00306AC94779BF5C21254781456384E702B4
:103FAC000547639FE71083C7118E138701C9E1EBA7
:103FBC000E23F1ED172502001305C5BFEF00F2200B
:103FCC00FD5785BF1A251DCF3625D547639CF602B4
:103FDC00938F118E8328C50083C70F00216E396F14
:103FEC0009681377F70F0146138301C9130EBEBF7F
:103FFC00938E41B0130F9F9D1308D8DB19E719C29C
:10400C002380FF001831E94769BF83C5480083C688
:10401C00380083C25800A205D58D83C66800A2065D
:10402C00B3E6560089CF03C6180083C20800B3A7B5
:10403C0067202206336656007D1692A305466389D7
:10404C00C6036380E6038147639806012393BE0091
:10405C002310B300054685477D17D5081377F70F56
:10406C0071BF2392BE002313B30005469147EDB7F1
:10407C002395BE002315B30005469947F1BFB3A79E
:10408C00E72083D6418E96A3A380018E15B73223E9
:10409C0063FFC5002A21850583C6C18EB3C50508FB
:1040AC00EF60705485472380F18ECD4759B51725A5
:1040BC000200130565B1EF005211239801C809B72E
:1040CC006244F2402A21850583C6C18E03D6418EF7
:1040DC000561B3C505086F60B05583588500638FC3
:1040EC00080438258547631BF70454458D658147C3
:1040FC009385259033C6D720383203432600139876
:10410C002700220733676700131757606312B70441
:10411C0093071800B6979823142283C8018E2207A0
:10412C000548558F938541B0938601C9639B08015F
:10413C009AA59C231822A207D98FDEA21831E94731
:10414C009DBBDAA59C231822A207D98FFEA6FDB72A
:10415C00850793F7F70FE3EF17F9CDB7938701C9ED
:10416C00FA27E31307D6AE27D22714202A21850578
:10417C00B3C50508EF6030472380018E0DB34111A4
:10418C0022C406C626C24AC02E849397556063D5B6
:10419C00070A03C5C18E97D0FF1FE7800080AA8451
:1041AC000DC518219307000B631EF700938641B0D1
:1041BC00BE221309850013F7170005E3CC204A85AE
:1041CC00EF70E0192685EF10901C1315F468B240BF
:1041DC002244924402494101828013F7270019E3DB
:1041EC006139E9BF5821130657FE1376D60F01E645
:1041FC00EF007071E1B72D46E302C7FC0546631171
:10420C00C7020C252947E38BE5FA4947638DE50086
:10421C005025172502001305659DEF00226779BF15
:10422C004D46E31DC7F8D84EBD9BBEA241DBCC2446
:10423C00138541B0029759B793F7150085C317063C
:10424C0000201306A6B997050020938565B803C511
:10425C00C18EEFD0E15D1345140095BF93F7450077
:10426C009DC783A7818ECC43138541B0EF00F042EC
:10427C0001CD930780F86309F5001306000A9145F8
:10428C0003C5C18EEF1090371345440089B793F7DF
:10429C0025009DC783A7818E8C43138541B0EF0009
:1042AC00F03501CD930780F86309F5001306000A79
:1042BC00894503C5C18EEF1070341345240001BF2E
:1042CC0093F7850091C70145453E1345840001B71E
:1042DC0093F7050195C383C7C18E1307A0028146CE
:1042EC0013068002E145170500200355A5D4EFD035
:1042FC00A14D13450401E1BD13F50502E30905ECDD
:10430C00014789460946814517050020035585D28A
:10431C00EFD0F125AA85172502001305E58EEF00D5
:10432C00E2561345040265B536879706002093863E
:10433C0066D0AE878E22639DA500D2A2BEA2FAA241
:10434C00172502001305858DB2863E866F00025438
:10435C00172502001305858E6F002267AE8717257F
:10436C0002001305258EB285ADC70547639DE70096
:10437C00172502001305458E09C6172502001305E3
:10438C00A58E6F008264411106C60947639AE70047
:10439C00172502001305458E01CEB24041018280E3
:1043AC000D47E39CE7FE05E2172502001305C58DBA
:1043BC00EF00A261B24003C5C18EA145410117E3D4
:1043CC00FF1F6700436CB240172502001305058DD3
:1043DC0041016F00A24B170700201307A7C55621F8
:1043EC001E23639AF6020111C16706CEF9171CC38E
:1043FC009707002023A207C485471306F1008545C3
:10440C0013055030DC87EFD0C16BF240138541B0FF
:10441C0005616F00501D17250200130525826F00E2
:10442C00C25A3D897D15954763E2A71417270200F0
:10443C00130787943345E5201C41411122C4BA97D8
:10444C0006C62E848287172502001305A5862244F2
:10445C00B24041016F006257BC2119476390E702DB
:10446C002E85953F6C20172502001305A585EF00BE
:10447C00E241172502001305A586D1BF0D47E38A3B
:10448C00E7FEB240224441018280B8219547E31AED
:10449C00F7FE970700209387E7B9962341677917B2
:1044AC00AA25638FE600EFD0310A17250200130509
:1044BC002584EF008251172502001305A58641BF04
:1044CC00FA258AA30566BAA39A29130606C8DAA3A5
:1044DC00BA29C145FAA3938741B0BA2388A303C56F
:1044EC00C18E13671700BAA3EF105011C1471707FD
:1044FC000020230FF7B23A28162872242E241725F1
:10450C00020013052580EF00623875B7B8218D477E
:10451C00172502001305C581E315F7F60DBFAC2175
:10452C0091476397F500172502001305E58105B740
:10453C009947639EF5002285793D6C201715020082
:10454C00130545782244B24041016F00223495474F
:10455C006399F5001C30E1FB1725020013058580DB
:10456C00FDB51725020013056580E9BF828023A4E1
:10457C00A18E8280011117050000130585C006CE9F
:10458C0022CC26CAEF10505B9384C18E9947054408
:10459C0088A07C851306910093074006854513057A
:1045AC0050307C86C084EFD0C15117060020130612
:1045BC00E686BD4513057030EFD0A15017060020DC
:1045CC0013060684ED4513056030EFD0814F1306BA
:1045DC00A100894513051031EFD0A14E700089451B
:1045EC0013052031EFD0E14D930500050D45EF305B
:1045FC00F014930500051145EF30501485457945AD
:10460C00EF30D0137000914513057040C083408487
:10461C00C08402C623050100EFC0E1381306710007
:10462C00854513050040EFC0013830008545130562
:10463C001040EFC041371306A100854513052040FB
:10464C00EFC0613613069100854513055040EFC04D
:10465C008135EF70007B8820EF70002A4D45EF60AC
:10466C0020174D45EF90E034EF00104BD54517F671
:10467C00FF1F130666770145EF507078624488205F
:10468C00F240D2448545056117E3FF1F6700A33F45
:10469C009307200A6380F50463EFB7009307000AC1
:1046AC006384F5029307100A17150200130585722F
:1046BC006380F50282809307300A171502001305F8
:1046CC00E57A6387F5008280171502001305456CA7
:1046DC006F00A22F1715020013050574D5BF9C415E
:1046EC00411122C406C626C22E8489CB054763829B
:1046FC00E706B24022449244410182801387C1DC18
:10470C00938445003146A6853A85EFF08FF05C41E5
:10471C00122197260200938666A8B3C7D72015C22C
:10472C0010458C43171502001305C578EF000216CF
:10473C001C44E1F33146A685138501DCEFF06FEDE7
:10474C004DBF8C431715020013054577EF0002147B
:10475C00C5B7DE2185C32244D045B240924497159B
:10476C00020093856576171502001305A5744101A7
:10477C006F00C2112244B2409244971502009385F7
:10478C00A574171502001305657341016F00021023
:10479C006396050E411122C4138481DDB2852285F6
:1047AC00514606C6EFF0EFE6171502001305C57269
:1047BC00EF00A2215C4017270200130727A0171552
:1047CC00020013056572B3C7E7208C43EF00020C9F
:1047DC005C44172702001307279F171502001305C7
:1047EC00E571B3C7E7208C43EF00420A0C2817157C
:1047FC0002001305E571EF0062090C401715020069
:10480C0013054572EF008208171502001305C572D7
:10481C00EF00A21B1C24858B99C7171502001305EA
:10482C002572EF00821A1C24898B99C71715020078
:10483C0013058571EF0062191C24918B99C717150C
:10484C00020013052571EF0042181C24A18B99C797
:10485C001715020013050571EF0022171C24C18BDC
:10486C0091CB2244B240171502001305E5704101AB
:10487C006F00A215B2402244410182808280011156
:10488C0022CC06CE26CA4AC84EC6937715002A8477
:10489C00BDCB97C0FF1FE780609BEFF0117A97F7B5
:1048AC00FF1F9387677E9043D4439389018FEFF06A
:1048BC00F122EFF0317383A70900130770252A89C1
:1048CC00B307F540636FF70A938401DCDC4095EB8A
:1048DC009E2085CB8C44171502001305256BEFF039
:1048EC00F17A8C449220970600009386A6DA138501
:1048FC0041B0EF001001AA85171502001305456A97
:10490C00C5E123A02901098835C497C0FF1FE780A2
:10491C00E093EFF0917297F7FF1F9387E776904340
:10492C00D4439384018F138981DDEFF0311BEFF0B9
:10493C00716BDC40130770252A84B307F540636460
:10494C00F706171502001305E56CEF000208970631
:10495C000000938626D4054683250900138541B0B3
:10496C00B92DAA8519C5171502001305656CEFF052
:10497C00F171C0C0F2406244D2444249B24905616F
:10498C008280938581DD170600001306A6D013855F
:10499C0041B0B92DAA8535D5171502001305C5638D
:1049AC00EFF0D16EB9BF171502001305A56AEF0021
:1049BC00C201970600009386E6CD014671BF4111F6
:1049CC001305403406C697C0FF1FE780A089B717B0
:1049DC000040116723ACE70AC1450545EF00D03C08
:1049EC008D451165EF003034EF00B04C17250200F7
:1049FC0013054506EFF0717DEF009076EF10E007A0
:104A0C00170500001305E5E7EF009050138541B042
:104A1C006D2E6313050A93060002138601DA814595
:104A2C00138541B0B52D6319050893060002138652
:104A3C0001CA8145138541B0792D3DED93060002E5
:104A4C00138601D88545138541B0992D35E593061C
:104A5C000002138601D48D45138541B0912529EDB3
:104A6C0093060002138601D68945138541B00D2D9E
:104A7C0021E593060002138601D29145138541B0BE
:104A8C0005251DE993060002138601D09545138573
:104A9C0041B0392515E193060002138601CE9945E4
:104AAC00138541B0F52B09E993060002138601CC5E
:104ABC009D45138541B0ED2317F5FF1F13050537F1
:104ACC007D34EFD0012B7D3497B0FF1FE7806077EA
:104ADC005DC63E21011122CC4AC84EC606CE26CA5E
:104AEC0052C493E7070113090502232205143EA1C2
:104AFC0033092041930940062A84630E3905854702
:104B0C002300F00093073006B387274113071600E4
:104B1C00B28463E2E7040545368A97C0FF1FE7803D
:104B2C00C0F0B3C4040893871400B3C707082380EC
:104B3C0007008347441293852400B3C505088DC72D
:104B4C002E878D04B38929418547B3C50408639E1C
:104B5C00E900232A0412F2406244D2444249B24989
:104B6C00224A5155056182808147232AF4125286CC
:104B7C002285D926832744132320F414E9BF295511
:104B8C0082808327050A91C382878280011122CCFF
:104B9C004AC84EC652C456C206CE26CA5AC02A8429
:104BAC002E89B2890147A14A171A0200130ACA6456
:104BBC00BA844E8763EC3401F2406244D2444249D9
:104BCC00B249224A924A024B0561828083274414DF
:104BDC0063ECFA1CB3C647219442D29682861387A3
:104BEC001400CA949C202324F41491CB854663832F
:104BFC00D702A147BA842322F414268755BF930702
:104C0C00440A232CF412A147232EF412232C04144F
:104C1C008547CDB793064412232CF414232EF4129B
:104C2C00232CD412232A04148947E9B7B30699001C
:104C3C009C3298229104A207D98FB82242075D8F2B
:104C4C00BC32E207D98F2324F4168D476DB70327A6
:104C5C004415FD4663E0E60293861400CA94902046
:104C6C00B305E4002386C51609CA0507232AE414F4
:104C7C00B68451B7A686A147E5BF8D47D5BF9386AD
:104C8C001400CA949C200327C4132320F416E3F4C5
:104C9C00E7FE0327841392073E975C472322F41602
:104CAC0083270414E9DB182301C7FD172320F41410
:104CBC0091477DBFB30799009C238504231EF414F0
:104CCC00954715BF138B1400CA949C200357C41529
:104CDC0083260416A207D98F032784139206231E5A
:104CEC00F41423180414369791CB16279D4789C6C4
:104CFC005C4793B717009907DA84F5BD1C2389C765
:104D0C00930584152285B53D032704148D476DF753
:104D1C00A147DDB703260416832684130357041515
:104D2C001206B29696266372D7028356C415637E1A
:104D3C00D700130617002318C41483264416330611
:104D4C00990010223697850410A303260416032716
:104D5C00841383560415120632970356C415630642
:104D6C00D60012277D16E398C6E81C2391C783272B
:104D7C004416B69723800700835604150357C415B1
:104D8C009D47E3EAE6E603270416832784131207FC
:104D9C00BA979C2389C7930584152285DD33032795
:104DAC0004148D47E31907E4A147B1B50357041563
:104DBC008356C4156376D70005072318E4148504BD
:104DCC0003570415E319D7E27DBF01CD411113063A
:104DDC00C018814506C6EFF02F85B2400145410150
:104DEC00828029558280230005002311050023228F
:104DFC00050023240500231605008280411126C2DC
:104E0C0006C622C44AC0A9543DC9B5C93E212328AF
:104E1C00B5082A8493E747003EA108210147814643
:104E2C000946C945EF60800F2324A408930470F948
:104E3C0039C589472313F40885471CA183278408A7
:104E4C001309440803C6C18EA38007001E24082042
:104E5C00231604082312F408CA85EF604005AA84BF
:104E6C0015C53E20C9454A85ED9B3EA0EF60204FFD
:104E7C00A685171502001305653AEFF03121B240F3
:104E8C002244024926859244410182801715020072
:104E9C001305C53BEFF07133DDB7411126C206C6D1
:104EAC0022C44AC0A9543DC9B5C93E212320B50A24
:104EBC002A8493E787003EA10821014781460946D1
:104ECC00C945EF60A005232CA408930470F939C5DB
:104EDC008947231BF40885471CA1832784091309E0
:104EEC00440903C6C18EA38007005E240820231E3C
:104EFC000408231AF408CA85EF50707BAA8415C5E0
:104F0C003E20C9454A85DD9B3EA0EF604045A68505
:104F1C001715020013058530EFF05117B2402244EB
:104F2C00024926859244410182801715020013051F
:104F3C00E533EFF09129DDB7011122CC26CA4AC81E
:104F4C004EC606CE2A84930905010821AE84328907
:104F5C0001472E868146C945EF50507C48C829CD63
:104F6C005E20268626A81EA893050402232E240163
:104F7C0097C0FF1FE78060AB0820231C040003C60A
:104F8C00C18ECE85EF50B072AA8419CD3E20C94592
:104F9C004E85BD9B3EA0EF60803CA6851715020098
:104FAC001305452EEFF0910EF24062444249B2498E
:104FBC002685D24405618280930470F9F5B73A21B5
:104FCC00A300B502A302C502136707013AA1094762
:104FDC002300E50233C70508C1812183A301B50273
:104FEC00A1812302B5022301E50236869945A9B7B2
:104FFC00D841894763E4E70AD845AD4763E0E70A3F
:10500C003A219C4123220514136707013AA1A300FE
:10501C00F50233C70708C1832183A301F502A183DD
:10502C002301E5022302F50213030502232A0512CC
:10503C00230005021307450A95458147214E894EE9
:10504C001423938817001308070195CE330FB30070
:10505C002300FF00FD179386150063E0FE021E2758
:10506C009A968D059CA2A1839CB2832745134287F7
:10507C008507232AF512C687E1B783274513B68522
:10508C008507232AF512C6874287E39BC8FB832733
:10509C004513B3C505082320F51479BD7D558280D1
:1050AC00AA87295585CB1DC61387F6FF7D48334744
:1050BC0007086361E8021D47636EB70092053385EC
:1050CC00B70085472302F50A2316D50A2328C50AFB
:1050DC00014582808280AA8729559DC315C21387FA
:1050EC00F6FF7D4833470708636CE80091E90547F4
:1050FC002382E7122396D71223A8C7120145828078
:10510C0082806FF0FF9C0E252A87938601C9814708
:10511C0021468A226309B500850793F7F70F8906A4
:10512C00E399C7FE828089C79546638ED706828035
:10513C00362779715C47138541B006D62147032881
:10514C000509638AE600630508007000A9550298FA
:10515C00B25045618280882383464101FD552AC89F
:10516C009833819A7D8B558F230AE100B02332CC82
:10517C00B833230EE100D433D823A206D98EF823FA
:10518C00FC334207558FE207D98F3EC6894763E649
:10519C00A7001336C6009305F6FFE30B08FA700060
:1051AC00138541B06DB732274C47138541B06FF072
:1051BC00FF9D3285D041411106C60C3203480600D2
:1051CC000D66A205B3E505019308A6A213985560D8
:1051DC0063C80803130626A26358060375761306E4
:1051EC00C65DB2951946B3C505086363B6021718B8
:1051FC0002001308680AB3C5052190414296028645
:10520C00130606A5630DC80E23900600A94515A02C
:10521C001D469D45636FE6002146198E3356F60AEE
:10522C009385818F92A2BA9597B0FF1FE780E07F9C
:10523C008145B2402E85410182802D469D45E36A11
:10524C00E6FE3146198E3356F60A97150200938501
:10525C00650D92A2C9BF31469D45E36CE6FC35460F
:10526C00198E3356F60A971502009385A50A92A259
:10527C005DBF41469D45E36EE6FA4546198E3356B1
:10528C00F60A971502009385A50792A269BF4146BD
:10529C009D45E360E6FA4546198E3356F60A971596
:1052AC0002009385A50492A2BDBF41469D45E362D1
:1052BC00E6F84546198E3356F60A97150200938583
:1052CC00A50192A28DB741469D45E364E6F645469D
:1052DC00198E3356F60A971502009385A5FE92A2F5
:1052EC0099B735469D45E366E6F43946198E335633
:1052FC00F60A971502009385E5FB92A22DB7194685
:10530C009D45E368E6F2998D33D6F50A97F5FF1FB4
:10531C009385C5D292A201BF97F6FF1F9386C6B1A3
:10532C004146CD4517F5FF1F1305C5B16F80806150
:10533C00B717004003C777051377E70FA38BE70474
:10534C00130700F8A38DE7043D47238CE7041307EC
:10535C005003A38CE70403C7A7051377D70F238D3E
:10536C00E704828041112A830148930E407E130F7B
:10537C000019930F4006B348030863EF1E01130393
:10538C000019337365028542FD4363F6B2088D4FF5
:10539C00214F930E4006A1A07D13336EE3039308B7
:1053AC00E016630E0E00336EF3039308D0166308F9
:1053BC000E009378330093B818009388D816C298CF
:1053CC0033C808084DBF93F81500138EF5FF637CA6
:1053DC00BF02F908C29833C80808B3450E08E39415
:1053EC00F5FF8545630B0300B378D50381456386D0
:1053FC0008009375350093B51500F105C29533C8B7
:10540C0005088945E9BFB3881341C29833C8080819
:10541C00B3450E089DBF7D16329879463307C702F7
:10542C0013D61700BE073348080832976146B3F607
:10543C00C60213068070B386C6023697A166F58F36
:10544C004207D98FB716004003C7F6021377070837
:10545C00D883908303C7F60213770708E316E6FE9A
:10546C009883B71600404DCF130780087337078019
:10547C00137787083AC40F100000371700409306C3
:10548C0070052300D704930680FA2300D7040F106D
:10549C000000232A07038346170393E60608A30894
:1054AC00D702230007042247732707800F10000040
:1054BC001166371700407D16545B4C5FAD8EF18E34
:1054CC00E5FE93068008F3B6068093F6860836C68A
:1054DC000F100000930670052300D704930680FA82
:1054EC002300D7040F1000005CDB8347170393E7FE
:1054FC000704A308F70223000704B247F3A70780A9
:10550C000F1000004101828003C7F60213770708D1
:10551C00D883908303C7F60213770708E316E6FED9
:10552C0098837DD391B7914763ECB704971702002A
:10553C00938747E0B3C5F52098413E97B7170040D5
:10554C009387470B0287944337170040B3F6A64066
:10555C0094C39306070B9C42B3F7A74019A8944336
:10556C0037170040B3F6A64094C39306070B9C4232
:10557C00C98F9CC29307070A98433377A74098C3F7
:10558C008280944337170040C98ED9B7984333773C
:10559C00A74098C3B71700409387070A9843498FD1
:1055AC00F9BF9843498FF5B719C5371700401E2F1F
:1055BC00CD8F1EAF8280B71700409A2FB375B740BE
:1055CC008EAF8280B71700409A279306000C216596
:1055DC001377070C630ED7049A27137707100DC7A0
:1055EC009A279E277D8B09EB93F7072095CF37558C
:1055FC00E80113050580828037C59812FD8B1305D1
:10560C0005E03345F50282809A279E271377072001
:10561C00FD8B11C73755E80113050580DDB737251C
:10562C00F40013050540F1BF3725F40013050540C0
:10563C008280B7F700E08847828032858147373710
:10564C000040A14663C3A70082803037E30FD6FE2B
:10565C003386F5001022850710A7EDB79386C1811C
:10566C00AA87884217170020130787E1AA9763E9D6
:10567C00E7000A87130707FC6364F7009CC282806B
:10568C007D558280411122C406C62A84253F2947B4
:10569C00B307E502B2408D83B3D787022244950746
:1056AC00B3D7E70237370040B3C707085EA74101FD
:1056BC008280716541111305052006C6E137B737A5
:1056CC000040130770F8B8A30D47B8B313070004D4
:1056DC0098B30547F8A7B24041018280238401901A
:1056EC0023A20190B71700401387070C144393872C
:1056FC00070D9396664914C394439396662994C3F5
:10570C001443BD9A14C398431367070198C382804E
:10571C0023A2A19013064006894503C50191F9AD5A
:10572C00371700401307470C1C43B7064000F58F92
:10573C001443138781901023C18A13B5170091EA83
:10574C0013652500630DA60008A383A7419081CBA8
:10575C0082876306A60008A399E30545FDB78280FE
:10576C00411193962500AA852D4506C697B0FF1FBB
:10577C00E78060E9B240014541018280011122CCF1
:10578C0006CE3714004026CA4AC84EC652C48344BB
:10579C007405034AB4058349840503499405493EBD
:1057AC008347A40593F4F40F137AFA0F93E71700C9
:1057BC00230DF40493F9F90F1379F90FB71700407F
:1057CC0003C7A705058B6DFF03D5C705A38D47053B
:1057DC00238C3705A38C2705A38B9704F2406244D6
:1057EC00D2444249B249224A05618280411122C405
:1057FC0006C62E849397556063DE070097B0FF1F93
:10580C00E780A01911C161261315F468B240224437
:10581C004101828093F7150013C51500E5FB93F742
:10582C00250099CBF53D1306000A894503C5019166
:10583C00F12313452400D9BF8967ED8F91CFEF7009
:10584C00E14737F60200130606E0896503C50191AE
:10585C0075231315D4685DBF11656D8D45D917156A
:10586C000200130565AEEFF0411613060064916556
:10587C0003C5019161231315E46849BF2D71232AD7
:10588C009110FD74E98C232C8110232821112326DF
:10589C0031112A84AE893289930600100A86A685B6
:1058AC002D45232E111097B0FF1FE780C0D513157F
:1058BC004401498113962900CA850A9597B0FF1FA8
:1058CC00E780A016A68585660146254597B0FF1F83
:1058DC00E78060D30A86A68593060010294597B009
:1058EC00FF1FE78040D28320C11103248111832440
:1058FC004111032901118329C11015618280011105
:10590C0083A7019006CE22CC26CABD8B2147639972
:10591C00E700AD37F2406244D24401450561828014
:10592C00B7F70700DC532A84B284BD8B939625000D
:10593C006397E7008567FD17F58F91C301A0A285DA
:10594C000146254536C697B0FF1FE780C0CBB2464F
:10595C002686A285294597B0FF1FE780C0CA5DBF88
:10596C001D714946971502009385459E1715020037
:10597C001305450E86CEA2CC97B0FF1FE780801C86
:10598C0001E9171502001305A59DEFF0010401A014
:10599C00B7F700E023A40700795798CB3D4798C38D
:1059AC000564B7E700E023A087180F10000017C7A5
:1059BC00FF1F1307273C23A6E190130700F8A38AC7
:1059CC00E7401306C0038145480897B0FF1FE780E6
:1059DC00400C97F7FF1F938767C43ECA896793876C
:1059EC000780FC849D673ECEB7070105938707109F
:1059FC003ED0ED472312F10285472303F1029707AE
:105A0C000000938727D6BEC497070000938767EFE3
:105A1C00BEC6930754D12314F102B7F507009707BC
:105A2C000000938747C13EDA8146970700009387B1
:105A3C0027D57000E10519453EDE97B0FF1FE780C2
:105A4C0080BC19466C001305E102EFE08FBCD24715
:105A5C0081C7BC8463F3870001A04808EF00701075
:105A6C00AA8501C9171502001305C590EFE0116254
:105A7C0001A0F640664425618280411117050000A3
:105A8C00130505D706C622C4EF00100B1384019131
:105A9C0008A01128A13108202244B240130600327C
:105AAC0089654101A1AE397106DE13078008F33711
:105ABC00078093F787083EC20F100000B71700400D
:105ACC00930570052380B704130680FA2380C7045E
:105ADC000F10000083C6F70293F6D60FA387D702E8
:105AEC00238007049246F3A606800F10000073373C
:105AFC000780137787083AC40F1000002380B7047F
:105B0C002380C7040F10000003C7F7021367570068
:105B1C00A387E70223800704A247F3A707800F108F
:105B2C000000814701478146054685451305407EA7
:105B3C00EFF05F83680013064002814597B0FF1FAA
:105B4C00E78020F5B707C0A83ECAB78732003ECC25
:105B5C0097B7FF1F9387A79B3EC6680097B7FF1F99
:105B6C009387679C3EC8EF00502CF25021618280D5
:105B7C00184183A785FF6319B7001CC1FD5723ACDF
:105B8C0005FE238FF5FE8280232CF6FEC5BF411146
:105B9C0022C437E400E026C204403707200006C6C2
:105BAC00F98C2320E4180F10000009E9232094102D
:105BBC001545B24022449244410182800347E5FFDF
:105BCC009307F00F6306F700232094101145D5B707
:105BDC0097D0FF1FE780E087014523209410D1BFA9
:105BEC0041114AC037E900E022C403240900B70779
:105BFC00200006C626C27D8C2320F9180F10000049
:105C0C0089E523208910154515A0AA849707002043
:105C1C0083C7D7202E8563F5F400894763EE970080
:105C2C00BD37B7E700E023A087100D45B2402244F2
:105C3C00924402494101828083A785FF99E703C7FB
:105C4C00E5FF9307F00F6308F7009137B7E700E023
:105C5C0023A087104DBF238F95FE1385819197B09C
:105C6C00FF1FE780C0CBA165268597D0FF1FE7807B
:105C7C0080E101452320891055BF23AC019082801F
:105C8C004111B7E700E026C284433707200006C65F
:105C9C0022C4F98C23A0E7180F10000097070020EE
:105CAC0083A7471C1384018291C782971C40AA9733
:105CBC001CC021A083A78192EDFB0840B7470300CD
:105CCC009387D73F3305F502B7A72600938737ECA8
:105CDC00B2403E9508C02244B7E700E023A09710DD
:105CEC00924441018280B7E700E09843B706200058
:105CFC0023A0D718758F0F1000009706002083C6BD
:105D0C00F611637ED50083A641933325D520162149
:105D1C00B3F5B6400EA123A0E7100145828023A065
:105D2C00E7100D4582807971B7E700E026D28443F5
:105D3C003707200006D622D44AD04ECE52CCF98C4E
:105D4C0023A0E7180F100000930705FF93F7F70F38
:105D5C007D47636FF70831473307E50283A78193CB
:105D6C00BA979C43D1C7135445003D893315A028DD
:105D7C00AE89B345050822852EC697D0FF1FE78054
:105D8C00E0BE2A8929C9B2452285170A0020130AC8
:105D9C006A10913F83A7819282978357CA002A8405
:105DAC0081463387370313060064B3B737031305F3
:105DBC000732B335E500BE95EFE0A118B3078500B7
:105DCC0083268A003E8763E4A70063E4D700338709
:105DDC00D7402324E900B7E700E023A09710014542
:105DEC00B250225492540259F249624A456182805F
:105DFC00B7E700E023A097100945DDB7797122D4ED
:105E0C0037E400E04AD003290400B707200006D687
:105E1C0026D24ECE52CC56CA5AC85EC63379F90039
:105E2C002320F4180F1000009707002083C717FFDA
:105E3C006376F50083AB819263970B00B7E700E0C4
:105E4C0023A0271199A0970A0020938AAA0403ABD8
:105E5C008A00B74736FE938707C83E9B83D7CA0094
:105E6C002E8AAA84B385C702B2898146B3B7C7020A
:105E7C0013850532B335B50013060064BE95EFE00B
:105E8C00410C6370AB02232024110145B250225403
:105E9C0092540259F249624AD24A424BB24B456182
:105EAC008280829B83D7CA002A8413060064B38540
:105EBC0037038146B3B7370313850532B335B500C5
:105ECC00BE95EFE00108B307850003A78A003E8466
:105EDC0063E4A70063E4E7003384E740D2852685BA
:105EEC0097D0FF1FE78080A801C900C5B7E700E085
:105EFC0023A02711054559BF93E504F04145B3C5CF
:105F0C00050897C0FF1FE780604811E9970700203C
:105F1C0083A747F685D7A6851145829705B71387C2
:105F2C0001931C4389EF08C385472326050000C550
:105F3C002311450104A11CB12322050045BF3E8756
:105F4C00DC47F5FF48C7CDB77971B7E700E026D23B
:105F5C0084433707200006D622D44AD04ECE52CCEA
:105F6C0056CA5AC85EC662C466C2F98C23A0E7182A
:105F7C000F10000025C12A892E8AB28AB6894144A5
:105F8C00B14C138B8193130C0003B30B9403832735
:105F9C000B00DE979C43B9EF135544409375F40006
:105FAC0056861375F50FB315B028B3C50508B9356A
:105FBC0031C183270B00DE9723A0270123A24701C1
:105FCC006384090023808900B7E700E023A09710C1
:105FDC00014521A023A097100945B2502254925498
:105FEC000259F249624AD24A424BB24B224C924C71
:105FFC00456182800504E31A84F9B7E700E023A029
:10600C0097102145D9BF011122CC37E400E026CAF4
:10601C0004404AC84EC652C406CEB70720002A898F
:10602C002E8AB289FD8C2320F4180F100000F9334E
:10603C00D2854A8597D0FF1FE780409301ED23203E
:10604C0094102145F2406244D2444249B249224A5A
:10605C00056182809707002083D787E4B3853703D7
:10606C002A89130600648146B3B7370313850532BA
:10607C00B335B500BE95EFD0D16C2322A9002320F7
:10608C0094100145C1B7011126CAB7E400E04AC813
:10609C0003A9040022CC4EC6B707200006CE52C47A
:1060AC00AA892E843379F90023A0F4180F1000006C
:1060BC0097D0FF1FE780808B170A0020130A0AD69F
:1060CC001DE1A2854E85053183470A0063803705A3
:1060DC0023A024111945F2406244D2444249B249EA
:1060EC00224A0561828023110500A2854E85E53E7A
:1060FC0083470A006386370123A024110145E1BFC1
:10610C00138721921E23C18F1EA3FDB79387219263
:10611C009A23598C82A36DBF01114AC837E900E05C
:10612C0022CC03240900B707200006CE26CA4EC68F
:10613C007D8C2320F9180F1000009307F00263E503
:10614C00A704B144B30495029389819383A70900F2
:10615C00A6979C4395CB9375F5001181B315B02888
:10616C00B3C505080D3783A709000145A69723A0E1
:10617C00070023A2070023208910F2406244D24476
:10618C004249B24905618280B7E700E023A087103D
:10619C000945E5B74111B7E700E026C2844306C6BE
:1061AC0022C437072000F98C23A0E7180F10000039
:1061BC0097C0FF1FE780807B19E90145B24022445C
:1061CC00B7E700E023A0971092444101828000457C
:1061DC0083A781928297970700209387A7CB636749
:1061EC00A4029847B74636FE938606C83305A440EA
:1061FC003697E374E5FC13070064B335E502D22748
:10620C0081463305E502EFD0D1534DBF98473A9400
:10621C00C9BF411106C623A2A1920295B2409707AD
:10622C00002023A9A7C0014541018280411151469C
:10623C008145170500201305A5C406C622C426C235
:10624C0023A8019223A2019223A4019223800192FC
:10625C0023AE019097B0FF1FE780A0831306800246
:10626C00814517050020130565BB97B0FF1FE7801C
:10627C004082EFB0D138970700209387A7BCE82B5A
:10628C00FC3B17040020130464B985453E958D47EB
:10629C003305F50293070004938481933905137534
:1062AC00F50F3375F50A994728A03305F502130548
:1062BC0005243345050897C0FF1FE780200D88C0D3
:1062CC003DC53020994781453306F6021306062456
:1062DC0097A0FF1FE780E07B9C4038209384C192FD
:1062EC00938707249CC0B347F72023AAF192EFF0C1
:1062FC00DF9829291C30944017C6FF1F1306265F10
:10630C0033C7D72010C3138717001377F70F17C69F
:10631C00FF1F1306A6573347D72010C31387370028
:10632C00890718B093F7F70FB3C7D72090C3B240C3
:10633C00224492444101828097060020938606AE47
:10634C002A87BC228832637BF5001306150083A7CD
:10635C00C19290B2B347F52098C382801305F00F19
:10636C0082801C41F5C7370700F07D8FB7060020EF
:10637C0089476310D70E5A21411122C406C62A84BC
:10638C0079C319469305F00F690597B0FF1FE78095
:10639C00808305478D476308E50A1C4491C758580C
:1063AC00994755C3185C45C31306C00381451705AF
:1063BC000020130525A997A0FF1FE780806D130609
:1063CC00C003A285170500201305C5A797A0FF1FC2
:1063DC00E780A065970700209387C7A6DA2701E717
:1063EC0013070010DAA7F82719E30547F8A79A2B2B
:1063FC0019E36D479AABF83719E31547F8B7B82B83
:10640C0019E30547B8ABB83B19E3F837B8BBD83B31
:10641C0011C7937637000983F4ABF8BBD82B19E37B
:10642C005547D8AB182C01E71307C00398AF9C57FE
:10643C0091C78297970700202396A79EFD57238824
:10644C00F1ACED338147B24022443E85410182805C
:10645C0089473E85828079714ECE970900209389B9
:10646C0069A383A7090006D622D426D24AD052CCDF
:10647C00829713090064B335250303D6C9008146FE
:10648C00170A0020130A8A9932C633052503EFD068
:10649C00512B83248A012A84014563868402324667
:1064AC003305944063EF840003A589008146B3351E
:1064BC00A9023305A902EFD0D128B3079540338543
:1064CC008700232C8A00B250225492540259F2496C
:1064DC00624A45618280011122CC0A852E84414694
:1064EC0097F501009385856706CEEFD09F9218082B
:1064FC003324E420035704FFF24062449707002042
:10650C0083D7279A37450F00BA97130505243355BF
:10651C00F502056182809707002083D78798514741
:10652C001D45637CF702794719456378F702130719
:10653C00200315456373F7021307B0041145637EFE
:10654C00F700130740060D456379F7001307600940
:10655C0009456374F70013B5B70F8280411122C44B
:10656C0026C22E84AA8406C6058CEFF06FF1B327E1
:10657C00A402B2402244338597001375F50F924460
:10658C0041018280411122C426C22E84AA8406C6EF
:10659C00058CEFF0EFEEB327A402B2402244338512
:1065AC00970033450508924441018280411122C471
:1065BC0026C22E84AA8406C6058CEFF06FEC333508
:1065CC00A402B2402244269592444101828041119A
:1065DC004AC0170900201309E9868327890206C6D9
:1065EC0022C426C28DCF8297970400209384048303
:1065FC009E242A848DC733F7A70A33470708B3D7DD
:10660C00A70AB3C70708B307F74051476359F70008
:10661C008327C90291C38297EF60416A82A4B2407A
:10662C0022449244024941018280011122CC23AEC2
:10663C000192170400201304E4805C5406CEAA8552
:10664C0081C72AC68297B245C9C59C410545B5CFBD
:10665C009C45A5CFDE25B5CBFE25A5CB9C2981CBB2
:10666C007C287838BA976342F506DC41B9CF13061B
:10667C004002170500201305E58197A0FF1FE78056
:10668C00C03A970700209387E780984323A4E192B0
:10669C00183C19EFCA279307805737460F0033056C
:1066AC00F5021306062481468145EFD0910908BCFA
:1066BC00183C9D4763E4E700A1471CBC170500008C
:1066CC001305A5D9EFF0FFB40145F2406244056112
:1066DC00828097F7FF1F23A1077697F7FF1F9387F9
:1066EC00677B17B7FF1F1307279A98C337873200AA
:1066FC00FD56130727A194C7D8C797F7FF1F23830D
:10670C00077AB7C7004023A4D726A5BF011122CC16
:10671C0017F4FF1F13040473084406CE26CA4AC894
:10672C0001E90545F2406244D24442490561828048
:10673C005C58E5DB185C75D770008545829718446A
:10674C00B247E300F7FE4A249305E00417F9FF1F54
:10675C001309C96C97C0FF1FE78040C32320A9020F
:10676C0069D152249305F00F814497A0FF1FE78055
:10677C0040327C240326090263C1F402328597C09F
:10678C00FF1FE78000CD014597F7FF1F23A8076A7D
:10679C0097F7FF1F23A6076A71B74E241844B387D7
:1067AC009502898185043385E7001C5C08C28297B9
:1067BC00C9B7011122CC17F4FF1F1304A4681C44A1
:1067CC0026CA4EC656C206CE4AC852C45AC0AA845D
:1067DC00AE89B28A6388071A585839CB1307F01F51
:1067EC006366A71017FAFF1F130A4A6303290A02EC
:1067FC00631209044A249565938515E097C0FF1F21
:10680C00E780C0B82320AA022A861DC14E245C58FA
:10681C000844898182971C4403290A022322FA0224
:10682C008947639EF402C1479305090C6381F904FF
:10683C002945BDA003274A02E384E7FE4A24956557
:10684C00938525E097C0FF1FE78040B42A896DD15E
:10685C004E242A865C58084489818297D1B78D478B
:10686C00639AF404C1479305490DE393F9FCB821ED
:10687C009307A0056312F7069E21639F97044E862B
:10688C009105568597A0FF1FE780201A83270A02DF
:10689C00638727014A8597C0FF1FE78080BB0145AE
:1068AC00F2406244D2444249B249224A924A024BD3
:1068BC000561828091476397F4009305890EE399F3
:1068CC0099F675B793070010E394F4F6A147E3E14A
:1068DC0037F79305090F61BF83270A02E38A27F56F
:1068EC004A8597C0FF1FE780C0B699B71D67637FC5
:1068FC00E506130705E099463347D702562417FBE4
:10690C00FF1F130BAB513307D702330AF700832752
:10691C004B026396470103290B02631109024A24B7
:10692C009305E00497C0FF1FE78040A62A8909D190
:10693C004E245C582A86898152858297914513078B
:10694C00A00593F5C50FB307B900B4236399E6020C
:10695C0096236394960291054E86CA95568597A008
:10696C00FF1FE780800C83270B021DB7A166F91669
:10697C00E3E0A6EC3307E54051B7AC33D9B7832736
:10698C000B02A9BF97F5FF1F83A5454BE38205EAD0
:10699C0091479306A00593F7C70F3387F500302373
:1069AC00E318D6E81223631B960091074E86BE951A
:1069BC00568597A0FF1FE7804007D5B53C33E1BF54
:1069CC0097F7FF1F93870748984721C7985F31C3F4
:1069DC0085466310D504411122C417F4FF1F13041C
:1069EC00E443105006C615C2CE2748508981029741
:1069FC00085097C0FF1FE780C0A597F7FF1F23AF74
:106A0C00074297F7FF1F23AD0742B24022444101D2
:106A1C008280828001114AC817F9FF1F130989422D
:106A2C004EC68329890022CC26CA52C406CE56C231
:106A3C00AA842E84328A638D091A8327890399EBE1
:106A4C002945F2406244D2444249B249224A924A10
:106A5C000561828083274903E5D79307F01F63E024
:106A6C00A70C97F9FF1F9389693B83A7090295CF60
:106A7C000325890083A749026395A7048947639F6F
:106A8C00F404C147E31EF4FA03A509021305050C2F
:106A9C009307A0053CA106A12286D285110597A0DB
:106AAC00FF1FE78080F8014569BF0355C9009305B6
:106ABC00E00497C0FF1FE780608D23A0A9024DF969
:106ACC0041B78355C9008327490303A6090289816D
:106ADC0082978327890023A2F9024DB78D47639AC9
:106AEC00F400C147E31EF4F403A509021305450D98
:106AFC0045B791476399F400E31494F403A5090294
:106B0C001305850E71B793070010E39BF4F2A147B0
:106B1C00E3E887F203A509021305050F95BF9D67EE
:106B2C006373F506930705E01947B3C7E7020357EC
:106B3C00C90097FAFF1F938A6A2EB387E702BE99A2
:106B4C0083A70A02A1CB83A74A026391370703A547
:106B5C000A0291479305A0051308F00F13F7C70F0E
:106B6C00B306E500B0226313B60683D80600B03234
:106B7C00639C9804B307F64063C68704110722860A
:106B8C00D2853A9529BF21677917E36BA7EAB3073A
:106B9C00F54071BF0355C9009305E00497B0FF1F82
:106BAC00E780C07E23A0AA0259FD59BD8355C900B8
:106BBC008327490303A60A0289814E85829723A263
:106BCC003A0371B723900601B28749BF3386870019
:106BDC0011061308F00B6374C8002D459DB5ACA2CB
:106BEC0013063400719A1106B29786A2BCB279B71B
:106BFC0097F9FF1F9389892283A709029DCB03A5CF
:106C0C00090291471308A0059305F00F13F7C70F5E
:106C1C00B306E500B0226310060583D80600B03237
:106C2C0063979800B307F640E3DA87F48EA2B28735
:106C3C00F1BF8347E9000355C9009305E004330510
:106C4C00F5023345050897B0FF1FE780207423A099
:106C5C00A90255F5F5B30356C9008345E900B38580
:106C6C00C502338687001106E3E9C5F623810601C8
:106C7C0085BF01458280011106CE2EC6EF80F0390A
:106C8C0019C5B245F2402A2105616FC0F034F240BB
:106C9C00494505618280A38401962384019623A231
:106CAC00019623A0019623AE019423AC019423A258
:106CBC00019423A0019497F7FF1F9387E71F3706D2
:106CCC00840390D33707B40037C6070098C3130664
:106CDC0006B83747A000D8C3D0D337071000416699
:106CEC009306070AB70550009308060194C723A41E
:106CFC00170393860501930816F8D4C723A6170328
:106D0C00B706D007B7087F001308070513850601DF
:106D1C00410723A81703B0C39308160093860605F2
:106D2C0013861500D8CBF8C323A8070188CF23AE50
:106D3C00070023AA170323AC070223AE070223A4E0
:106D4C000704F0C7B4CB23AA0704ACCF23AE0705C6
:106D5C00B8D33707A000F8D71307000AB8DB13071E
:106D6C00C01CF8DB37071400B8DF0547F8DFE8D3A1
:106D7C0023A40706930710F817F7FF1F232EF71A03
:106D8C008280011152C42A8A214522CC26CA4AC8C3
:106D9C004EC606CE2E84B2893689BA8497A0FF1FC0
:106DAC00E78080B905C9930700FD1CA19947A30092
:106DBC0045013CA12303250164B123123501AA85A9
:106DCC0022856244F240D2444249B249224A0561CA
:106DDC006FE01FE1F2406244D2444249B249224A78
:106DEC000561828023A2A196828023A0A196828035
:106DFC0023AEA194828023ACA1948280011122CC79
:106E0C0026CA4AC806CE4EC62A89AE840144B309A6
:106E1C00890063699400F2406244D2444249B24909
:106E2C0005618280EFE0DFE5B3470508A18323808D
:106E3C00F9009307140093F7F70F850963F897008F
:106E4C00CA97090488A31374F40FD1B73E84D1B741
:106E5C00411122C417F4FF1F1304440E6A20C167AA
:106E6C0006C6FD17630CF50017F6FF1F0346062F29
:106E7C0093858194EF80E07BFD577EA0B240224445
:106E8C004101828009C925151375F50F1335850E3F
:106E9C001345150082800145828023900500C9C2EC
:106EAC00797122D426D252CC56CA5AC806D64AD0A8
:106EBC004ECE5EC62A8B2E8AB28A3684814463FFFC
:106ECC005405B307940083C9070013891400334990
:106EDC00090863850904B387290163C1FA04B30760
:106EEC00240183CB07005E85713F0DC99387F9FFA1
:106EFC002310FA0063906B03050933052401B2508B
:106F0C00225492540259F249624AD24A424BB24B31
:106F1C0045618280CE94B3C4040855B70145C5B70A
:106F2C0001458280011122CC26CA4AC84EC606CE23
:106F3C0097F4FF1F938484002E89D0C88CC8C8C4D2
:106F4C002A8441469305F00F4A8597A0FF1FE780DE
:106F5C0080C78549631935038848C1454535414685
:106F6C009305F00F228597A0FF1FE780C0C5054948
:106F7C00631525036244C844F240D2444249B249E5
:106F8C00C1450561A5BD414681454A8597A0FF1FB6
:106F9C00E78060C3E31535FDC1B7414681452285C5
:106FAC0097A0FF1FE78020C2E30625FDF240624454
:106FBC00D2444249B24905618280411122C426C2A1
:106FCC002E84AA8413060002814517F5FF1F1305B2
:106FDC00E5F606C64AC097A0FF1FE78080AB17F9FD
:106FEC00FF1F1309A9F597F7FF1F238B8716A30122
:106FFC009900EFC0B000854719C18147494523006E
:10700C00F900B240224492440249410182809DC958
:10701C001DC985476318F500DC3193E707FCDCB12B
:10702C000545828089476316F500DC3193F7F70339
:10703C00FDB78D47E316F5FEDC3193F7F70393E7C5
:10704C000704F1BF014582808DC10DC1DC311307EE
:10705C00000C054593F7070C638AE700130700043F
:10706C0009456395E7000D458280014582804111F9
:10707C0022C4005D06C626C21DC8AA84085009C5D4
:10708C0097B0FF1FE780E03C485009C597B0FF1F41
:10709C00E780203C085409C597B0FF1FE780603B90
:1070AC00228597B0FF1FE780C03A23AC0402B240A0
:1070BC00224492444101828009ED97F7FF1F83C758
:1070CC0007E817F5FF1F1305E5E881CB138501953C
:1070DC00828017F5FF1F1305E5E7828017F5FF1F68
:1070EC000345E5E5828017F5FF1F0325E5E5828062
:1070FC0017F5FF1F032585E5828097F7FF1F83A7F0
:10710C0027E58843828017F7FF1F130727E3544BAB
:10711C009C4285079CC228339307F00F6307F50048
:10712C00916517C3FF1F670003968280011122CC63
:10713C0006CE2E8432C6EF80407E9147B245631C4A
:10714C00F50083A7819589CF9C4399CB2285624416
:10715C00F2400561828783A7019699C3DC43F5B79A
:10716C00F2406244054505618280797122D42A84FB
:10717C004A214ECE06D626D24AD097C0FF1FE780B2
:10718C0000A69389819631E583C409009307F00F1B
:10719C00639AF40083C591962685EFF0DFAD19E173
:1071AC00238401964A20EF8040779147631CF500B9
:1071BC0097F7FF1F938787D85620FA236394E6002E
:1071CC007D57FAA3B250225492540259F2494561A8
:1071DC008280582504212A893AC6513D4A85EF8080
:1071EC0010314A20EF80A06E83C70900324799C343
:1071FC00E38297FA9307F00F5220E385F4FA742098
:10720C002820A685EFF0FFB771BF79715AC82A8B79
:10721C002E854ECE52CC56CA06D622D426D24AD071
:10722C005EC62E8AB28AB68997C0FF1FE780209B64
:10723C0075C5045D2A89FDC09C501305400391E37C
:10724C0061459C5489C79307450133C5070863867C
:10725C0009009307C50133C50708DC5089C793079C
:10726C00750133C507089790FF1FE780E06C2A84EF
:10727C0055C56146814597A0FF1FE780808197FB2C
:10728C00FF1F83CB6BC663940B00834B09009307E2
:10729C0000FD1CA0A947A30064013CA023035401DA
:1072AC008C50231244011305840191C908C4714602
:1072BC00130A44039790FF1FE780207752858C5464
:1072CC0091C948C45146130A45019790FF1FE780A6
:1072DC00C0755285638C090008C87146CE85130AA7
:1072EC00C5019790FF1FE78040745285CC5099C51B
:1072FC0048C85D469790FF1FE7802073A2855E8586
:10730C00EFE01F8E2254B2509254F249624AD24A94
:10731C00424BB24B4A850259456191BBB250225443
:10732C0092540259F249624AD24A424BB24B4561DD
:10733C00828001114EC6AA892E8526CA06CE22CC81
:10734C004AC8AE8497C0FF1FE780608921C917F92E
:10735C00FF1F034969B96314090003490500194566
:10736C009790FF1FE780405D2A840DC9814519461F
:10737C009790FF1FE780E071930700FD1CA0B947B1
:10738C00A30034013CA046A0A2856244F240D24442
:10739C00B2494A85424905616FE09F84F2406244DC
:1073AC00D2444249B24905618280797162C42A8C07
:1073BC002E8526D24ECE52CC56CA5AC85EC606D69A
:1073CC0022D44AD0AE84B28B368BBA8A3E8AC2891A
:1073DC0097C0FF1FE780A08035C52A89414597904B
:1073EC00FF1FE78060552A8431CD41468145979037
:1073FC00FF1FE780006A17F5FF1F0345E5AE19E193
:10740C0003450900930700FD1CA0BD47A3008401A0
:10741C003CA023047401A304640123055401A305B7
:10742C00440146A023263401A2852254B250925422
:10743C000259F249624AD24A424BB24B224C456144
:10744C006FE00FFAB250225492540259F249624A38
:10745C00D24A424BB24B224C45618280011126CA62
:10746C00AA8439454AC84EC652C406CE22CC2E8AAE
:10747C00B28936899790FF1FE780004C15CD930792
:10748C00000D1EA1B1472A84231245013CA1CE85D3
:10749C00190519469790FF1FE780205923062401F0
:1074AC00A2856244F2404249B249224A13F5F40FD4
:1074BC00D24405616FE0CFF2F2406244D2444249BB
:1074CC00B249224A05618280411126C206C622C4F5
:1074DC004AC097F4FF1F938464A6B8309307F00F4B
:1074EC006308F7042A8939459790FF1FE780C04449
:1074FC002A841DCD930700FD1CA1A30025012301A7
:10750C00050097F5FF1F9385E5A40D051946979087
:10751C00FF1FE78080519E24A285A8303EA49C309A
:10752C005CA42244B2409244024941016FE04FEB0B
:10753C00B24022449244024941018280011156C258
:10754C00AA8A314526CA4AC84EC652C406CE22CC97
:10755C005AC0AE84328AB6893A899790FF1FE78069
:10756C00A03D3DC92A84268597B0FF1FE780206780
:10757C0009C55825A1476311F70417FBFF1F034BDF
:10758C001B9C930700FD1CA09D47A30054013CA02D
:10759C0046A0231344012314340123152401A2858E
:1075AC006244F240D2444249B249224A924A5A8534
:1075BC00024B05616FE0CFE217FBFF1F034B5BBA79
:1075CC00E3910AFC83A701AA9C47C5DFCA864E86B5
:1075DC00D2852685829775B7F2406244D2444249DF
:1075EC00B249224A924A024B05618280411126C25D
:1075FC00AA84214522C406C62E849790FF1FE780DB
:10760C00A03315C5930700FD1CA1C5473CA13C3018
:10761C00AA853CB15E205EA17C207CA17C307CB133
:10762C002244B2402685924441016FE06FDBB240A8
:10763C00224492444101828041114AC02A897145F9
:10764C0026C206C622C4AE849790FF1FE780C02EC8
:10765C003DC5930700FD1CA1F5473CA1BC302A8415
:10766C009385C4003CB1DE2031051946231CF5FE80
:10767C00FE20231DF5FE9E24231EF5FEBC24230FA5
:10768C00F5FEBC34A30FF5FE9790FF1FE780E039A1
:10769C00BC28A2854A853CA8DE285EA8FC287CA8CC
:1076AC00FC387CB89C2C1CAC9C3C1CBCBC2C3CAC56
:1076BC002244B2409244024941016FE06FD2B24081
:1076CC002244924402494101828001114AC82A890C
:1076DC00614526CA4EC606CE22CCAE89B28497909E
:1076EC00FF1FE780602525C1930700FD1CA1BC305E
:1076FC002A84938584001CB195473CA1FC3011056C
:10770C001946A30FF5FE9790FF1FE7800032DE208D
:10771C0023063401A2853EA4BE2C4A857EA4DE2C11
:10772C001EA8FE2C3EA883C704025CA883C71402C3
:10773C005CB8BE30F240D2447EA862444249B249A1
:10774C0005616FE0EFC9F2406244D2444249B2494C
:10775C0005618280411122C406C617E4FF1F130481
:10776C00E47D3C208DC7AA85194613850195979019
:10777C00FF1FE780802B282093850195EFF03F8930
:10778C002244B2401385019541016FC0A007B2405D
:10779C002244014541018280411126C206C622C401
:1077AC004AC097E4FF1F93846479B8309307F00FB5
:1077BC006300F7042A8929459790FF1FE780C017BB
:1077CC002A841DC5930700FD1CA1A147A300250118
:1077DC003CA1BC20938501951105A30FF5FE19461C
:1077EC009790FF1FE7806024A830A285EFE04FBF81
:1077FC00B8208D47631DF70083A7C19589CB9C47A3
:10780C0099C72244B2409244024941018287B24056
:10781C0022449244024941018280797122D406D6D5
:10782C0026D24AD04ECE52CC56CA09444DCD2A89C6
:10783C000A212E8A514497B0FF1FE780403AAA8450
:10784C005DC197FAFF1F938A6A9183C74A00054767
:10785C004944FD1793F7F70F6377F7085825A147AD
:10786C006314F70063110A089C5C4544ADEF916505
:10787C00938545711305C00297B0FF1FE78000B1D7
:10788C0088DCAA894D4425C11306C0028145979016
:10789C00FF1FE78000208357090093864900368537
:1078AC002391F90071469305490036C69790FF1F46
:1078BC00E780A01789472380F900DC24B2460356E1
:1078CC00090083C50A00E11713B51700EF80906C0F
:1078DC002A8463060A00D2852685EF80A06F01C436
:1078EC002685EFF0CFF8B2502285225492540259DB
:1078FC00F249624AD24A4561828097F7FF1F83C7DB
:10790C002786FD1793F7F70F05476377F7080111E3
:10791C004AC806CE22CC26CA4EC652C432898947E2
:10792C002DC22A8AAE89368497B0FF1FE780202BA0
:10793C00AA84D14739C5485509C597B0FF1FE780C0
:10794C0040B1F1454A859790FF1FE780A01AC8D433
:10795C00AA85CD471DC5D824A147631DF70209C8C8
:10796C00382D1229930625015285EF80C06C2A848C
:10797C00D820936747006384090093676700DCA0F5
:10798C00A287F2406244D2444249B249224A3E851F
:10799C00056182800144E9BFC9473E858280930717
:1079AC00000463EAA70097E7FF1F9387E75033258E
:1079BC00F5200A21828041657D158280011122CC3F
:1079CC002A842E8526CA06CEAE8497B0FF1FE78088
:1079DC0000210DCDB7470F009387F723094563E2CC
:1079EC00870281450A8541469790FF1FE780600A10
:1079FC00A68560800A8541804081A3010100EF804B
:107A0C007045F2406244D244056182804945D5BF3D
:107A1C0097E7FF1F2385A77482806F8010527971BE
:107A2C0052CC2A8A328526D24AD04ECE56CA5AC851
:107A3C005EC662C406D622D42E8CB28A368BBA8B22
:107A4C003E89C289C68497B0FF1FE780401905C9DB
:107A5C002A84631A0A1893774B000343450085CF99
:107A6C001363230163940B1663100914639F0908B5
:107A7C0085E81C5C1373B3FF23026400C5EBB250A2
:107A8C00225492540259F249624AD24A424BB24BA6
:107A9C00224C456182801373D3FF13630301D9B762
:107AAC0013634300230264009C484146A6851CD402
:107ABC00130584019790FF1FE78020F763130C12C6
:107ACC00638C0B0A485409C597B0FF1FE780609878
:107ADC00F1455E859790FF1FE780C00148D4005C9C
:107AEC0059DC1C5091EB916593853571714597B0BC
:107AFC00FF1FE780A08908D008500DC17146DE85B4
:107B0C009790FF1FE78060F211A8136343002302D4
:107B1C006400D9F8005C630C0C0235D0639A09023E
:107B2C00A5E029A0005C21DC639409022254B25028
:107B3C009254F249B24B224CCA865A860259424B95
:107B4C00D6855285D24A624A45616FF00FEC05D852
:107B5C005C5091EB9165938525715D4597B0FF1F46
:107B6C00E780C08248D0485045DD5D46CE85979071
:107B7C00FF1FE78080EB6DB7005C11D0E39A09FC26
:107B8C001C5491EB916593851571514597A0FF1F7E
:107B9C00E780C07F08D4085451D95146A6859790E8
:107BAC00FF1FE78080E859B713634300230264008A
:107BBC00E39C04EEE3080CF6485405EDF1454A85C8
:107BCC009790FF1FE78000F348D431A8136343005C
:107BDC0023026400E39A04ECE3060CEEE31E09FCBA
:107BEC00FDBDE31B09FC005CE30B04E8E39B0BEE1F
:107BFC0035B797B0FF1FE780C085C9B7011126CAFA
:107C0C0052C406CE22CC4AC84EC62A8AAE8497B03D
:107C1C00FF1FE780C0FC35C12A8939459790FF1FAB
:107C2C00E78080D12A8431C997E9FF1F83C9C92B0A
:107C3C0063940900834909009307000D1EA0AD470A
:107C4C003CA0930569001305340019469790FF1F5B
:107C5C00E780A0DD93F714005CA493D4144844B4DB
:107C6C0023154401A2856244F240D2444249224A7F
:107C7C004E85B24905616FD0BFF6F2406244D244E2
:107C8C004249B249224A0561828001114EC652C452
:107C9C0056C206CE22CC26CA4AC8AA8A2E8AB289D5
:107CAC0097B0FF1FE780A0F335CDAA841305C0025F
:107CBC009790FF1FE78040C82A842DC517E9FF1F46
:107CCC00034989226314090003C904009307000DBA
:107CDC001EA0E9473CA093856400130534001946A7
:107CEC009790FF1FE78060D4D285231554011305AC
:107CFC00C40041469790FF1FE78020D3CE85130523
:107D0C00C40141469790FF1FE78020D2A2856244B0
:107D1C00F240D244B249224A924A4A85424905610C
:107D2C006FD01FECF2406244D2444249B249224A1D
:107D3C00924A0561828003A5019401CD411106C6CA
:107D4C0097A0FF1FE780E070B24023A0019441018F
:107D5C0082808280411122C406C626C24AC02E846B
:107D6C0097B0FF1FE780A0E729CD00D517E9FF1FCB
:107D7C0003498917AA846314090003490500414586
:107D8C009790FF1FE78040BB2A8405CD9307000D19
:107D9C001EA1A5473CA1DC30938564001105A30FFF
:107DAC00F5FE19469790FF1FE78020C89C54A285CA
:107DBC00B2405CC4224492444A85024941016FD0CE
:107DCC003FE2B240224492440249410182805D71FB
:107DDC00A2C4A6C286C6AA842E8497B0FF1FE780D1
:107DEC0000E00DC954251147AA874945639FE60059
:107DFC009C5F91C3E02B97A60000938606870A86AA
:107E0C00894526854080EF80E013B6402644964491
:107E1C00616182805145D5BF97E7FF1F83C7473407
:107E2C00FD1793F7F70F0547637AF704411126C244
:107E3C0006C622C44AC0B284894715CA2E8997B097
:107E4C00FF1FE780C0D92A84D14715C163060900FA
:107E5C005C2193E727005CA14146A68513058401AC
:107E6C009790FF1FE78060BC9C481CD48147B240B0
:107E7C002244924402493E8541018280C9473E8595
:107E8C008280011122CC26CA06CE2A84AE8497B0F9
:107E9C00FF1FE780C0D419C96C0022854486EF808F
:107EAC000010F2406244D244056182805145D5BF36
:107EBC006F70F01BC1671387E7FF6391E50283A71F
:107ECC00019691EB494582804945B2402244924447
:107EDC000249410182809C43F5D78287411122C41B
:107EEC0026C24AC006C6FD172A892E84B284639422
:107EFC00F50283A7019689C79C4399C3829711C544
:107F0C00A6854A85EFE03FD769F123842197A384A6
:107F1C00919601455DBF2E8597B0FF1FE78020CC61
:107F2C0045D51C210D45E39227FB22852244B24006
:107F3C000249A685924441016FB0100A93070004D0
:107F4C0063E1A7064111C16722C426C206C6FD170C
:107F5C002A84AE8409456380F502C5476312F40296
:107F6C002E85EFB0900E97E7FF1F9387E7F433242D
:107F7C00F420014506A0B240224492444101828083
:107F8C009307A0036316F4002E85EFB0B005E1BF94
:107F9C009307B003E319F4FC13F5F50FEFB0D0041D
:107FAC00D9B709458280011106CE2AC6EFE0BFCEB3
:107FBC00EF109065EF10C044EF90711C324597E7BD
:107FCC00FF1F9387A7F7130700F0BAA323820700BC
:107FDC007D5797E7FF1F93876718B8A388A3F240D4
:107FEC00954505616F60A038757126C306C722C51B
:107FFC004AC1CEDED2DCD6DADAD8DED6E2D4E6D28C
:10800C00EAD0EECEAE849397556063D9075217EA47
:10801C00FF1F130AAA1403450A00130B200A930B23
:10802C00F00F9790FF1FE7804097C167FD172A84D8
:10803C00130C1009954C394D97EDFF1F938D0DF0D6
:10804C003ECC15E01395F468BA402A449A440A4988
:10805C00F659665AD65A465BB65B265C965C065D4C
:10806C00F64D496182801C20639A670103C93D006B
:10807C00E2452A202286EFF06F8BD1A003492A001B
:10808C00639A87091C30639097032285EFF0EF8D7C
:10809C002285EFD0DFAF03450A009790FF1FE780E2
:1080AC00C08F2A8479BF6393A7194A208567A507D7
:1080BC00631AF5040C4497E9FF1F938929E888217A
:1080CC0015E51946850517E5FF1F1305A5E89790DB
:1080DC00FF1FE780809503C709008547631CF702E3
:1080EC0089472380F900EFB0A0715DB703C7090081
:1080FC0085476311F70297E7FF1F238107E4EFF031
:10810C00AFBC79B709679307C70063EDA7040507F0
:10811C006369A702E30E79F7A2854A85EFD05FACBD
:10812C009DBF370700181307F770B357F748F5C30F
:10813C0083A7C195B1DF9C43A1DF2285829729F9E2
:10814C00D1BFF977F917AA972947B3C70708636214
:10815C00F70C17E701001307E723B3C7E7209C438D
:10816C00BA978287F9779387A7FCAA97F146B3C78A
:10817C000708E3F8F6FA3907E31EE5F883A701963A
:10818C00E38807F0DC43E38507F00965A285390530
:10819C0095A883298400E38F09F603C7090097E7A4
:1081AC00FF1F9387A7D919EB03C7290083C61900B2
:1081BC002207558F9AA703C7390098B39423094710
:1081CC00E39AE6F403C7090001CB97E7FF1F238767
:1081DC0007D603C5090025B78C338A270D4798A30A
:1081EC00EF60801BFDB71C448823EFF0EFDA4DB530
:1081FC0083A74196E38E07E89C43E38B07E8096568
:10820C00A2852D05829725BF1C449C23E39407F07F
:10821C0041B5896793871704E31EF5EE83A7419652
:10822C00E38807E69C43A285F1FF9DB53D47639E1D
:10823C00E7044A2089671387D7006306E500138794
:10824C0097016318E50083A70196E38307E4DC43F9
:10825C00D9BFCD07E310F5ECC16717E7FF1F035734
:10826C0047CEFD17631DF70083A70196E38207E253
:10827C00DC43E38F07E00965A2854D0561B783A751
:10828C008195E38707E09C43EDB71307E003E39385
:10829C00E7E83C200547639EE7107C20938A019415
:1082AC00639A070E83A70A006381070E83C9070030
:1082BC002149683093078400BE853ECEEFE0DFD8BD
:1082CC0068B013064002814568109780FF1FE78055
:1082DC00407C3C30194693058400A307F1027C30A6
:1082EC004818A309F1029780FF1FE78000745E20F5
:1082FC007010CA852318F1027E244E852313F104D5
:10830C001E282314F1043E282315F1045C282306AF
:10831C00F104FD57A306F1042317F104EFF0EFBAB3
:10832C003C309DE3DD47835804010358E40074306E
:10833C004E203EC23E28130784003EC0CA87054625
:10834C004E85EF70007428B083A70A0081C71145D1
:10835C00EFF07F9E9389819603C50900E30A05D24D
:10836C0083C59196EFE03F91E30405D23430930737
:10837C0010036389F600522083C509004A873685AD
:10838C00EFE03FA02384019621B397E9FF1F83C937
:10839C0019BB39BF83A7C19597E9FF1F83C939BAA8
:1083AC0099C3DC4399E3114929B78145014582976B
:1083BC00DDBFF91793F7F70F13077002E36CF7D4CF
:1083CC0017E701001307C7FFB3C7E7209C43BA9711
:1083DC0082877C20938A0194A9EB83A70A00A9C306
:1083EC0083C907002149683093772500B1CF0589EF
:1083FC001307440168B02286CA854E853ACEEFF049
:10840C00CFAC3C307247A9F3DD478358C401035805
:10841C00A40174304E203EC27E2C3EC0CA8705B7E4
:10842C0097E9FF1F83C9B9B175BF83A7C19597E9B8
:10843C00FF1F83C9D9B099C3DC4399E3114965B7D0
:10844C00814501458297DDBF13078400BA853ACE7A
:10845C00EFE09FBF724779BF83A74196E38A07C2BB
:10846C00DC43E38707C2228582971DB183A741961F
:10847C00E38007C29C47F5B722868D454A20E5BEAE
:10848C009305A10213051031EF9081546C10130564
:10849C002031EF90E15372208357C1024A2063E7E9
:1084AC00C70016240357A10263F7E60093050002E8
:1084BC00EFB0A038F1BE6373E6007AA063F3D70087
:1084CC001EA45A24362412246E2001488147EFB092
:1084DC0080367DBE2286B14555B783A74196E38988
:1084EC0007BADC47BDBF2285EF00E07655B683A7FF
:1084FC004196E38F07B89C4BADB72285EF00A07F68
:10850C0041BE0145EF00700E61B683A7C195E383B0
:10851C0007C0DC43E38007C0814505458297DDBE7B
:10852C0083A7C195E38807BEDC43E38507BEA2851C
:10853C000945EDB722869305600289B793F71500BC
:10854C0099CB83A7419689C7DC4399C30145829790
:10855C0013C51400D5BC93F7250081CF83A7C19513
:10856C0091C7DC4381C781450545829713C524001B
:10857C00E1BC13F54500E30905AC83A7419417E46E
:10858C00FF1F1304A49B99CB85475CA083A7C195BF
:10859C0091C7DC4381C781450545829748446C10DF
:1085AC00EF70D0776810EFF0EF9A97E7FF1F83D743
:1085BC00C79281CF130600643386C702914517E535
:1085CC00FF1F0345A5B9EFD07F8313C54400ADBC95
:1085DC00011122CC2A84554506CE26CAEFF02FBCB9
:1085EC00AA8413054002EFF08FBB2AC61305500274
:1085FC00EFF0EFBAAA86228562443246F240B335D8
:10860C009000D24405616FB0E02A397122DC06DE9D
:10861C000D472E84631AE500BA259625F2212830E1
:10862C00CE21EFE0BFF189A809679306D700AA878E
:10863C006319D504BC21A9C3138401940C408DCDBE
:10864C00DC87BC31194691054808A309F1009780D5
:10865C00FF1FE780803D930700F03ED61C40231897
:10866C0001002313010202D4882370008145EFF02E
:10867C00CF850545EFF02FEC0545F2506254216192
:10868C0082809306E700E309D5FE93063701631950
:10869C00D500A82175D1014781460146814551B7C6
:1086AC006507E30BE5FC31476319E50017E5FF1F90
:1086BC000345F588EFE09FF3C1B713076002631918
:1086CC00E50017E5FF1F03459587EFE0FFF66DB753
:1086DC0041677D170145E392E7FAD831C947E31D9D
:1086EC00F7F8F625D2250A24AE25EFB0A01D854754
:1086FC0011C55D45EFF0AFAAB337A0004C202A207E
:10870C0030007C84EF6050743C84BDF79305A1006D
:10871C0013051031EF90C12B6C0013052031EF9035
:10872C00212B3C851A246373F7001EA43C863A2443
:10873C0063F3E7003EA41E243A246373F7003EA4BF
:10874C002A20EFF0E03A7A24562432240E242A20F0
:10875C0001488147EFB0400C05B741114AC006C62D
:10876C0022C426C217E9FF1F1309499F034779004A
:10877C009307F00F6302F706AA8439CD68255105DB
:10878C009780FF1FE780401B2A8439C59307000D93
:10879C001EA1D9473CA1DE205EA1FC207CA1FC30AF
:1087AC007CB19C241CA5DC345CB5F02470A515C2EE
:1087BC008C48510508C89780FF1FE7800027A285C9
:1087CC00224403457900B2409244024941016FD0E2
:1087DC002FC123280500E5B7B24022449244024938
:1087EC0041018280C1679386E7FF2A87639BD5008E
:1087FC0083A7019499CF9C230D45639DE7006FB02F
:10880C00E000FD1749456397F50083A70194E5FB4C
:10881C00828049458280397122DC06DE26DA4AD80C
:10882C004ED652D456D25AD0182185472A84630B7F
:10883C00F7001025930695009305E1010545EFE03F
:10884C00CFE51DE98147014514201147638DE602F0
:10885C0003A7419718338D466307D7028DC705C709
:10886C0011ED0145F2506254D2544259B259225A78
:10887C00925A025B216182801C21F9B78546631DE7
:10888C00D7028D8BF9DF0830930524002EC6EFE05C
:10889C00AFFB08B01389819783270900AA8981440B
:1088AC008DC3B245138AC197130BF00F83470A008F
:1088BC0063EBF400814481A08946E314D7FA858BDD
:1088CC00D1B7054545B783270900939A4400D6973D
:1088DC009823630C6705983363193705194613857C
:1088EC0027002EC69780FF1FE780C025B24515CD07
:1088FC0083240900D69418209147C1E8E303F7F6C6
:10890C0083240900B9DC83460A0081471306F00F63
:10891C00E389F6F403C8040013850401630BC80053
:10892C00850793F7F70FAA84E5B7850493F4F40F42
:10893C00B5BF98A01C301385240019469CB09780B5
:10894C00FF1FE780800E082491659385F57105055E
:10895C0097A0FF1FE78080A305C1182091476314DF
:10896C00F702C8C41024930594000505A30FC5FE97
:10897C009780FF1FE780600B1C24A1F708207D1552
:10898C0013351500C5B588C4F1BF6311F706C8448B
:10899C001C2405C11021630DF604182091476317A0
:1089AC00F706C84419C597A0FF1FE78080AA23A625
:1089BC000400082491659385E571050597A0FF1FB8
:1089CC00E780C09C05C118209147631AF704C8C4FE
:1089DC001024930594000505A30FC5FE9780FF1F77
:1089EC00E780A00408243335A000ADBD88444DB702
:1089FC009305940005059780FF1FE780A014854719
:108A0C00E31DF5F85545EFE09FF99DBF884455D11E
:108A1C0097A0FF1FE780E0A323A4040059BF88C4DC
:108A2C0045BF397122DC4AD84ED652D406DE26DA3E
:108A3C0056D25AD05ECE2A84130925000831CA8535
:108A4C00138A4197EFE04FE008B083270A000D47E7
:108A5C00AA899C33639DE700138A819783270A00B8
:108A6C008144938AC197639F070E05452DA0EDD7CE
:108A7C00144C70389305E1000545EFE00FC2AA8451
:108A8C001DC903270A0085461C2118336310D70221
:108A9C008D8BF9F30145F2506254D2544259B259BC
:108AAC00225A925A025BF24B216182808946858B55
:108ABC00E314D7FAF9BF1C2011476385E7002D4753
:108ACC00E39AE7FC938A819783A70A00014A938B68
:108ADC00C197E9D303C70B00B3470A0863E4E70067
:108AEC00A5FC4DBF03A50A00131B4A001C205A9578
:108AFC0018216310F7021C31639D37011946CA8592
:108B0C0009059780FF1FE780E00301C583A40A00D5
:108B1C00DA94050AC1B783A9840059A80C4C1385B3
:108B2C0019009780FF1FE780E00185476317F50860
:108B3C005545EFE0DFE64DC1B1BF1C201147638501
:108B4C00E7002D47639DE700C8C470380505A30FE7
:108B5C00C5FE0C4C9780FF1FE78020EDB5A888C49C
:108B6C00EDB7850403C70A00B3C7040863F8E7062A
:108B7C0003250A00139B44001C205A951821E3126C
:108B8C00F7FE1C31E39F37FD1946CA85090597800E
:108B9C00FF1FE78020FB71D583240A001C2011479E
:108BAC00DA946385E7002D47E397E7F683A9C400C1
:108BBC007C3803C60900E303F6F64E8597A0FF1F29
:108BCC00E7802089683891659385E5710505979054
:108BDC00FF1FE780A07B35F1E39904E803C70A0087
:108BEC0083240A0081479306F00FE3F0E7E88C201A
:108BFC00138604016387D5008507B284B3C70708C1
:108C0C00EDB7E38404E61C20CA85138524009CA0E0
:108C1C001C3019469CB09780FF1FE78000E1683834
:108C2C0091659385F57105059790FF1FE780007698
:108C3C00E30D05E218209147631DF700C8C4703896
:108C4C000505A30FC5FE0C4C9780FF1FE780E0DDE8
:108C5C0029BD88C4EDB701114AC806CE22CC26CA5C
:108C6C0017D9FF1F1309894F034779009307F00F9A
:108C7C00630DF706AA8435C961459780FF1FE7800D
:108C8C00A0CB2A843DC19307000D1EA1D5473CA162
:108C9C00BC30938584002EC63CB1DE205EA1FC2046
:108CAC007CA1E830EFE04FBAB24568B01946130525
:108CBC0084009780FF1FE78040D7FC24A2850345E2
:108CCC0079007CA49E281EA8BC283CA8BC383CB8C3
:108CDC00DC285CA8DC385CB8FC287CA86244F24038
:108CEC00D244424905616FC0BFEFF2406244D244A6
:108CFC00424905618280411126C206C622C497D41E
:108D0C00FF1F9384A445F8309307F00F6309F70213
:108D1C002A8415C519459780FF1FE780E0C1AA85F5
:108D2C0019CD9307000D1EA1DD473CA15E20224406
:108D3C00B2405EA1E830924441016FC07FEAB2407C
:108D4C002244924441018280011126CA9384819766
:108D5C009C4006CE22CC4AC84EC652C48DC32A892A
:108D6C00AE89131A45000144884063124403638A98
:108D7C0009049790FF1FE780C06D23AC0196F24069
:108D8C006244D2444249B249224A05618280B30707
:108D9C008500884709C99790FF1FE780806B9C402E
:108DAC00A29723A407009C40A297C84709C9979093
:108DBC00FF1FE780006A9C40A29723A6070041048E
:108DCC0065B755DD228681459780FF1FE78060CC13
:108DDC00944081477D5613F7F70FE37227FB1397E7
:108DEC004700369710A38507FDB7797152CC138ACB
:108DFC00419783270A0006D622D426D24AD04ECEDB
:108E0C0056CA5AC85EC6CDCF2A89938AC197814467
:108E1C0009ED83A6819791CA03C60A008147930581
:108E2C00F00F13F7F70F6369C70213953400210590
:108E3C009780FF1FE78040B02A8415E92145978071
:108E4C00FF1FE78060AF2A8425C1C5679387073D64
:108E5C001CC12322040099A01397470036971823AE
:108E6C006305B700850493F4F40F85075DBF930782
:108E7C0000FD1CA18547A30025013CA124B1F1D81C
:108E8C0013098500232225018149138B8197930BAC
:108E9C00F00F83C70A0063F3F90095EC83270A00EF
:108EAC00A2858823EFC0DFD303C50A008145693D45
:108EBC0003250A009790FF1FE780A05923AA01966B
:108ECC00B250225492540259F249624AD24A424B4D
:108EDC00B24B4561828083250B0093974900BE9568
:108EEC009C21638377032300F9009C31130529002F
:108EFC00FD14A300F9001946890593F4F40F97802B
:108F0C00FF1FE78080B22109850993F9F90F51B74A
:108F1C0083A74197A9C7411122C406C62A8415E12B
:108F2C000945EFE0DFA72A8601C9854517D5FF1F44
:108F3C000345C522EFC09FEC0545EFF06FE92A848D
:108F4C0011C9854517D5FF1F03454521EFD0AF93B8
:108F5C002285613DB2402244054541018280014594
:108F6C00828089679386B7006315D5009C4588235A
:108F7C0045B79386C7006317D5009C458546882363
:108F8C0019C9FDB793861704E302D5FE938727040E
:108F9C008146E304F5FE36858280011106CE22CC93
:108FAC0026CA4AC84EC652C456C255CD3C312A892F
:108FBC0099CF444189CC5945EFE07F9E8149938AF2
:108FCC004197131A45608347390063EBF900F2406F
:108FDC006244D2444249B249224A924A0561828093
:108FEC008387840263C8470783A70A00A5C7268521
:108FFC00EFF07F8225C1882451059780FF1FE78001
:10900C00A0932A8421C99307000D1EA1B5473CA14A
:10901C009C201946938524003CB183878402150556
:10902C007CA19C30A30FF5FE9780FF1FE780E09F8B
:10903C00902450A415C61305440108C893859400C8
:10904C009780FF1FE780609E83A70A00A285882374
:10905C00EFC01FB985099384940293F9F90FA5B752
:10906C0023280400D5B783A74197B5D3BD3B6244F1
:10907C00F240D2444249B249224A924A0145056122
:10908C006FF00FD5797106D622D426D24AD04ECEA7
:10909C0052CC56CA5AC85EC645CD3C312A899DC3AE
:1090AC0044418DC05945EFE09F8F89048149938AD3
:1090BC004197130B00FDC14B131A456083473900D0
:1090CC0063EDF900B250225492540259F249624AAB
:1090DC00D24A424BB24B456182808387D40063C431
:1090EC00470783A70A00A5C351459780FF1FE78058
:1090FC00A0842A8429C923006501A300050023014B
:10910C00750183C7E4FF1946A6853CB18387D4005B
:10911C0015055CB583C7F4FFA30FF5FE9780FF1F01
:10912C00E780A090FC20938574001305C4003CB428
:10913C0019469780FF1FE780408F83A70A00A285FE
:10914C008823EFC0FFA9850993F9F90FC104BDB7B6
:10915C0083A74197A5DBEFF05FC92254B25092541C
:10916C000259F249624AD24A424BB24B014545611F
:10917C006FF00FC6797106D622D426D24AD04ECEC5
:10918C0052CC56CA5AC85EC662C466C2630A05226D
:10919C003C312A8995C7404105C45945EFE03F80D1
:1091AC0009048149138A4197914B354C17DB010017
:1091BC00130B0B2B931A45608347390063EFF900AF
:1091CC00B250225492540259F249624AD24A424B4A
:1091DC00B24B224C924C456182808307A40063CA37
:1091EC00571583270A0063860714834CE4FF93F713
:1091FC000C01CDC793870CFF93F7F70F6369FC0045
:10920C00B3C767219C43DA978287230F04FE1305AB
:10921C00E4FFEFF01F81630E05108347E4FF63EF5B
:10922C00FB1005476398E70A51459770FF1FE780CD
:10923C00A070AA84630F050E930700FD1CA1C14703
:10924C00A30005003CA18347E4FF1946A2853CB16D
:10925C008307A40015055CB58347F4FFA30FF5FE47
:10926C009770FF1FE780607C7C2419469305F400FF
:10927C00BCB41385C4009770FF1FE780007B65A00A
:10928C008547230FF4FEA30A040051B78947230F27
:10929C00F4FEB5BF8D47E5BF9147D5BF93F78C0062
:1092AC0099C3AD47EDB713F71C0093F74C0011C7EA
:1092BC0099C39547F9B7A147D9BF13F72C0011C72C
:1092CC0099C3A5477DBF9947D9B799C3A947C1B7DA
:1092DC009D4775BF483851059770FF1FE780C065E3
:1092EC00AA8421C99307000D1EA1B5473CA1834751
:1092FC00E4FF1946A2853CB18307A40015057CA1A7
:10930C008347F4FFA30FF5FE9770FF1FE780E07112
:10931C005038D0A419C61385440188C8832564012C
:10932C0099BF23A8040083270A00A6858823EFC0D1
:10933C003F8B850993F9F90F7104BDBD48381305AE
:10934C0005029770FF1FE780205FAA847DD19307E9
:10935C00000D1EA1C9473CA18347E4FF93FC0C06FA
:10936C001946B3E797013CB18347F4FFA285150575
:10937C00A30FF5FE9770FF1FE780206B7C2019462A
:10938C009305F400BCB47C3013853401DCA41C249C
:10939C00DCB41C34FCA48307A400FCB45E249EA89B
:1093AC007C24BCA89770FF1FE7802068503890BCC5
:1093BC0009C613850402C8CC95B723AE0400A5B723
:1093CC0083A74197E38E07DEEFF03FA22254B25001
:1093DC0092540259F249624AD24A424BB24B224C45
:1093EC00924C014545616FF0AF9E97D7FF1F83C725
:1093FC0027D7A18B1385C19691E301456FD0FF9EB2
:10940C00238E0196FD5717D7FF1FA30CF7D423AC5F
:10941C00019623AA019697D7FF1F938727B41707A6
:10942C000000130747B498C317070000130727B7AA
:10943C00D8C317070000130727C598C717070000E4
:10944C00130787D3D8C717F7FFFF1307473198CBFC
:10945C009387C19617F7FFFF1307073998C317F7C0
:10946C00FFFF1307C71AD8C38280411122C426C23A
:10947C0006C61384C197AA8408208545EFF0DF8CBB
:10948C0097D7FF1F83C7C7CDA98BADC717D5FF1FB4
:10949C001305C5AC04A0EFD0FF94938481979C4036
:1094AC0099C74D45B2402244924441018280082024
:1094BC0019E10145C5BF91659385B571120597906A
:1094CC00FF1FE780A0EC88C069DD102081451206E3
:1094DC009770FF1FE780E05B142090408147FD559B
:1094EC0013F7F70FE377D7FC1397470032970CA3CA
:1094FC008507FDB70145238E0196EFD0BF8E55BF72
:10950C0003A5419401CD411106C69790FF1FE7803A
:10951C0040F4B24023A20194410182808280011167
:10952C001305700306CEEFE08FC72AC61305800320
:10953C00EFE0EFC62AC413059003EFE04FC62246B6
:10954C00B245F240AA86054505616FA0E0355D7114
:10955C001305D00386C6A2C4A6C2CAC0EFE02FC4AE
:10956C002A841305C003EFE08FC3AA841305E0031C
:10957C00EFE0EFC22A891305F003EFE04FC28A87B0
:10958C001377F50F9376F90F13F6F40F9375F40F19
:10959C000545EFA06032B640264496440649616109
:1095AC008280011122CC06CE26CA0D472E84631769
:1095BC00E504B831E947CA2197D4FF1F9384049876
:1095CC006315F700FE206387A7049790FF1FE780C1
:1095DC000061722011C172A53A2416244E20283045
:1095EC00EFD0DFF55A20FE206314F700FD57FEA0E4
:1095FC000545F2406244D2440561828009674D07FB
:10960C00AA87631CE500BC2131476385E700454709
:10961C00E390E7FEEFD0DF83E1BF31476319E5004C
:10962C0017D5FF1F0345D5B3EFD05FFCD1B7130798
:10963C0060026319E50017D5FF1F034575B2EFD023
:10964C00BFFF7DB741677D170145E394E7FAD83139
:10965C00C947E310F7FACC212A203000231401006B
:10966C00EF50907971B71971A2DC138441941C40AE
:10967C0086DEA6DACAD8CED6D2D4D6D2DAD0054572
:10968C00638A070C9305F1051305F041EF609146D1
:10969C009305F1051305F041EF60D14597D7FF1FF6
:1096AC009387C789BC230347F105B337F00011C377
:1096BC0089071840BEC6283393054700EFD03F9565
:1096CC001840AAC40D452C23AEC2EFE04FADAAC082
:1096DC001145EFE0CFAC832A04002ADE654503C7B1
:1096EC00AA0003CBBA003ADCEFE06FAB2A846945E1
:1096FC00EFE0EFAAAA847145EFE06FAA2A896D45C5
:10970C00EFE0EFA9AA897545EFE06FA92A8A7945A0
:10971C00EFE0EFA82648B6476257F2560646964544
:10972C001375F50F137AFA0F93F9F90F1379F90FE3
:10973C0093F4F40F2ACC1314446002D002CE52CA14
:10974C004EC84AC626C422C25AC093884A00054550
:10975C00EFA06010F6506654D6544659B659265AA6
:10976C00965A065B09618280411122C44AC006C622
:10977C0026C213895199834709001307E00F2E84E1
:10978C006382E7041307F00F6385E70211459770B6
:10979C00FF1FE780601AAA8509CD930700FD1CA165
:1097AC0089473CA1854700B13CB103450900EFC096
:1097BC002FC3F9572300F900B240224492440249C6
:1097CC0041018280AA8411459770FF1FE780C01663
:1097DC00AA857DD1930700FD1CA1894700B13CA14E
:1097EC0024B12244B2409244024903C5419941013B
:1097FC006FC00FBF79714AD0138941948327090038
:10980C0022D406D626D24ECE52CC4544D5E797D498
:10981C00FF1F9384A494DC204944958BD1CF2E8ACE
:10982C009165238AA198AA89938575713145979082
:10983C00FF1FE780A0B52320A9004D4435CD2300A0
:10984C003501A30005002946D28509059770FF1F35
:10985C00E780A01D0327090091463C2363E7F60629
:10986C00CD4691CF0546F546638BC7000946C946E0
:10987C006387C7000D46C1466383C700D54634A332
:10988C00930571001305F041EF60D1269C83C5E36D
:10989C0017C7FF1F0347A76A8D47631AF708EFD056
:1098AC009F842C00EF6090472800EFD0BFEA45451D
:1098BC00EFE0EF8E25E50144B250228522549254FC
:1098CC000259F249624A45618280ED1793F7F70F0E
:1098DC0095460544E3E2F6FE97D601009386C6BB97
:1098EC00B3C7D7209C43B697828789473CA319A05E
:1098FC00230107006545EFE08F8A9307F007E3012A
:10990C00F5F8032709003C2393E707043CA38DBF1C
:10991C008547E9BF9947D9BF9147C9BF1306006472
:10992C003306C50288209145EFC04FCD69B7EFF0E3
:10993C009FD32A8449D1EFF0BFBCBDBF011126CA09
:10994C00938441949C4022CC06CE4AC84944B1C36E
:10995C009C230D44639FA70217D9FF1F130909808D
:10996C00034509008945EFC00FF2034509009145F5
:10997C0023980198EFC02FF19C400147814680B39A
:10998C001306F100854785450145DC87EF90907102
:10999C002A84F24022856244D24442490561828085
:1099AC00011106CE22CC26CA4AC84EC6854763187A
:1099BC00F506138401991E20A1CB17C7FF1F03477F
:1099CC00275839E31307B003636CF70297C4FF1FE2
:1099DC009384C47888208945EFC0EFEA122093075E
:1099EC00006488203306F6028945EFC02FC1239806
:1099FC000198F2406244D2444249B24905618280E6
:109A0C00938747FC1EA0F5B783A74194FDD362440E
:109A1C00F240D2444249B2498823056105B7938983
:109A2C00419483A70900F1D717C9FF1F13090973C4
:109A3C0083474900918BD5DF89476311F5062D4586
:109A4C00AE849770FF1FE78020EF2A845DD19307C7
:109A5C0000FD1CA1E547A30005003CA1BC30150589
:109A6C001946230FF5FEDC2093855400A30FF5FE59
:109A7C009770FF1FE78060FB034559009307F00FB9
:109A8C006315F50083A709008823A2856244F24080
:109A9C00D2444249B24905616FC08F940345090015
:109AAC008945EFC04FDE6244F240D2444249B2498C
:109ABC002398019805616FF0BFA497C7FF1F83C758
:109ACC00276A958B89CB83A7419881CB8547A3893E
:109ADC00F1986FF0DFA44945828041458280A389CB
:109AEC000198854501456F90B05C97C7FF1F83C7F0
:109AFC002767958B91C785472389F1986FF03FA510
:109B0C004945828023890198814505456F90105BFA
:109B1C009307C01C63FCA700094582800945F240ED
:109B2C006244D2444249B24905618280011122CC7F
:109B3C0006CE26CA4AC84EC62A8431CDAE89916556
:109B4C00210593856571334505089790FF1FE780C4
:109B5C00E083AA8461D51389C1980325090009C53E
:109B6C009790FF1FE780E08E1385840088C02286C3
:109B7C008145232099009770FF1FE78080F1832790
:109B8C0009002286CE8588439770FF1FE780E0E9A5
:109B9C0083270900C2A383A7419495CB97C7FF1FC6
:109BAC0083C7075C958B95C783A7C19891CF9843C2
:109BBC00D6236244F240D2444249B24905468D450F
:109BCC00054505616F90904D01478146DDB7014514
:109BDC00B9B74945A9B79307C01C63FCA700094551
:109BEC0082800945F2406244D2444249B24905613F
:109BFC008280011122CC06CE26CA4AC84EC62A84BF
:109C0C0031CDAE8991652105938555713345050894
:109C1C009780FF1FE7808077AA8461D5138981988C
:109C2C000325090009C59790FF1FE78080821385E3
:109C3C00840088C022868145232099009770FF1FDD
:109C4C00E78020E5832709002286CE85884397701C
:109C5C00FF1FE78080DD83270900C2A383A74194FF
:109C6C0095CB97C7FF1F83C7A74F958B95C783A726
:109C7C00819891CF9843D6236244F240D244424912
:109C8C00B24905468D45054505616F907041014708
:109C9C008146DDB70145B9B74945A9B79307C01C43
:109CAC0063F4A70009458280797122D406D626D2A6
:109CBC004AD04ECE2A8439CDAE8991652105938543
:109CCC007571334505089780FF1FE780206CAA84C7
:109CDC000945A9C4138941980325090009C5978032
:109CEC00FF1FE78000771385840088C0228681459A
:109CFC00232099009770FF1FE780A0D983270900C4
:109D0C002286CE8588439770FF1FE78000D2832779
:109D1C000900C2A383A7419489EB0145B250225498
:109D2C0092540259F2494561828097C7FF1F83C73D
:109D3C002743958B4945FDD36C001305D030EF704C
:109D4C003149B24793F7070FE9DB83A74198944356
:109D5C00D2238D450545EF907035C9B783A7C198BF
:109D6C0089CFD2238C43411106C69770FF1FE78021
:109D7C00C0CBB2400145410182800945828083A756
:109D8C00C19895C303A78198894719CF52230C43D7
:109D9C00411106C69770FF1FE78020C9B24081476A
:109DAC003E854101828089473E85828083A7C19888
:109DBC0095C303A74198894719CF52230C434111EE
:109DCC0006C69770FF1FE78040C6B24081473E85AC
:109DDC004101828089473E85828097C7FF1F83C7D8
:109DEC002738918B99CF41111385019806C6EFD076
:109DFC008F80B240FD5717C7FF1F2314F714410182
:109E0C00828001456FC03FFFFD57238AF198F957B7
:109E1C00A38AF198A3890198238901982398019822
:109E2C0023A6019823A4019823A2019897C7FF1F8A
:109E3C0093870714170700001307271F98C31707EA
:109E4C000000130727B6D8C3170700001307E781D4
:109E5C0098C717F7FFFF1307C76CD8C717F7FFFF93
:109E6C001307276F98CB97F7FFFF9387C77323A030
:109E7C00F1988280411126C2938441949C4006C67D
:109E8C0022C495CB2A840D459770FF1FE780C0AA8A
:109E9C00AA8519C9930700FD1CA18D4700B13CA1EF
:109EAC009C408823EFB0DFD319C42244B2409244C3
:109EBC0041016FF0EFE4B2402244924441018280B0
:109ECC0079714AD0138941948327090006D622D48C
:109EDC0026D24ECE638F070C98338547AA8497C938
:109EEC00FF1F9389A9056301F70483C749008DE718
:109EFC000D459770FF1FE78020A4AA8501CD93071D
:109F0C0000FD1CA1914704B13CA1832709008823C3
:109F1C00EFB01FCDEFF0CFDE0545B2502254925476
:109F2C000259F2494561828083A7C19889CB944339
:109F3C00D2239305E1000545EFC03FF611ED014535
:109F4C00EFD0FFA52A8631C2894517C5FF1F0345EF
:109F5C00E520EFB0BFEA15A81C21858BEDD3054594
:109F6C00EFD0FFA39307B0032A8463FFA7025D66BB
:109F7C0013060670894517C5FF1F0345251E1304DC
:109F8C0044FCEFC04F882398819883270900094728
:109F9C0098B383C7490091C797C7FF1F238207FA5D
:109FAC00A5BF2685C13D8DBF930700643306F5021E
:109FBC0059BF01459DB7411122C42A840D4506C6DF
:109FCC009770FF1FE780409719CD930700FD1CA1E8
:109FDC00CD4700B13CA12244B240AA8503C54199AA
:109FEC0041016FB0FFBFB240224441018280411158
:109FFC0022C42A840D4506C69770FF1FE780C093C4
:10A00C0019CD930700FD1CA1ED4700B13CA12244E2
:10A01C00B240AA8503C5419941016FB07FBCB240E3
:10A02C002244410182805A210111896606CE22CC3C
:10A03C0026CA13866600AA876316C7009C4701458B
:10A04C008C2351A8138606046365E6041386560315
:10A05C00636FE600138696006307C7081386A60095
:10A06C006303C712A1066305D706014585A8F976D7
:10A07C009386A6FC3697A94633470708E3E7E6FE26
:10A08C0097C601009386C6423347D72018433697AC
:10A09C00028713861605630AC71693862605E316F0
:10A0AC00D7FC1C45802383C7219922856392071610
:10A0BC000D459770FF1FE7802088AA8519CD93075F
:10A0CC0000FD1CA1F14700B13CA103C5419905AAB3
:10A0DC009C4705458C23EFF02FE90545F24062447F
:10A0EC00D2440561828003A74194014565DB9C47FE
:10A0FC00882359E585471CB30545EF90E070F1BF07
:10A10C001C45938451991307E00F80239C20638B8B
:10A11C00E7021307F00F6384E70211459770FF1FE6
:10A12C00E7808081AA8501CD930700FD1CA189479A
:10A13C0000B13CA1A30105008820EFB07FAAF9571C
:10A14C009CA061BF938441949C400145C1DB05E810
:10A15C0005447D454085EFD09F8468861305000239
:10A16C00EFD0FF839C40C8851307B10080B3740007
:10A17C001306A10085450545EF90C072B9BF228535
:10A18C00EFF05FCF99BF9C476244F240D2448823E2
:10A19C0005616FF0FFD21C4509458C232DBF1C4572
:10A1AC0088232DE16C001305D030EF707102B2479B
:10A1BC00414793F7070FE382E7F29305B1001305CC
:10A1CC006031EF70F10088858545EF90606E31B796
:10A1DC001C45802383C7319922858DE70D459760F7
:10A1EC00FF1FE7806075AA85E30905EE930700FD64
:10A1FC001CA1D14700B13CA183A741948823EFB0A7
:10A20C003F9EE1BDEFF03FDBC9BD1C45882301C576
:10A21C00EFF0FFDDD9B585450545EF90206A75BD9A
:10A22C00411122C417C4FF1F034484F306C61588CA
:10A23C0009CC17C5FF1F1305A5D3EFC07FBB4D4439
:10A24C00B24022852244410182800145EFC05FBAB1
:10A25C00C5BF9821937625009377D70F99C2936742
:10A26C00270093F6F707131745606354070093E62E
:10A27C0007081378850093F7760F6304080093E7BB
:10A28C0086009376050299CE93E707029CA163574B
:10A29C0007001C2293E7C7001CA282801375A5023D
:10A2AC006DF9828093F7F7FD9CA1E34407FE937749
:10A2BC00A502E5F37DF11C22CD9BF9BF2D45631C56
:10A2CC000710011126CA4AC84EC606CE22CC9821C8
:10A2DC00BE8989472E89B684631EF704DC4132841B
:10A2EC00983394232207558F8D66938746A01316B7
:10A2FC00576063C9C7029386F69F63DDC602F57784
:10A30C009387F75F3E978D47C8453347070863E748
:10A31C00E70297C601009386661C3347D7201C437F
:10A32C00B6978287938766AA630EF608938686B8DB
:10A33C00630FD60823900400054525A09760FF1FE6
:10A34C00E7804078334605083356360B92A08325B8
:10A35C00C9001DA01E2109479AA01CA0A1831CB0F6
:10A36C000145F2406244D2444249B24905618280BF
:10A37C0099479EA01946AA8522859760FF1FE78002
:10A38C00C06AF9BF85479EA01C211CA0D1BF05C97E
:10A39C00A1479EA01E211CA01E21A1831CB03E2102
:10A3AC003CA03E21A1833CB05E215CA05E21A18338
:10A3BC005CB07E217CA07E21A1837CB055B723901C
:10A3CC00040079BF85479EA0DC459C237DBFE147F7
:10A3DC009EA06146ADBF8280797122D44AD006D648
:10A3EC0026D24ECE52CC56CA3A89982189472E8411
:10A3FC00631DF7025C40B684B28503C81700942332
:10A40C008D6722083368D800938627A013185860EC
:10A41C006301D8102A8A63CC0601938607A0630BCC
:10A42C00D802938717A0630CF808854711A81387E7
:10A43C0037A06309E80A138767AA8D47E317E8FE7C
:10A44C00B250225492540259F249624AD24A3E8581
:10A45C0045618280484432C69760FF1FE780806662
:10A46C009D4733450508E36D25FD938A819A83C783
:10A47C000A00B3099900B24563D43701B547C9B78F
:10A48C0048442686B3C909084A959760FF1FE780A0
:10A49C00C05903C60A0048448145050633063641B7
:10A4AC004E959760FF1FE780C05E83A7C19A99E322
:10A4BC00814779B79C438145E5DF528515A0AD47AF
:10A4CC00E31009F8E39CE4FA1C321822A207D98F96
:10A4DC0058441EA383A7C19AE1DF9C438545E9DB61
:10A4EC008297F9B703C7319A8D4739DBAD47E3192A
:10A4FC0009F49947E394F4F8484419469760FF1F10
:10A50C00E780A05283A7C19AC5D79C43D5D38D456C
:10A51C006DB703C76183218B8D471DD3AD47E31105
:10A52C0009F28547E39CF4F4182293070008E3E949
:10A53C00E4F05C4498A3ADBF411122C40944A38C40
:10A54C008182A38B8182238B818223A6019A238B08
:10A55C0001982384019A2393019AA381019AA1471C
:10A56C00194681451385C19906C6A38AF182976065
:10A57C00FF1FE7800052238A8182B707A000138750
:10A58C00C182938707051CC3B707E8035CC3238408
:10A59C00818285476146814517C5FF1F130585B12B
:10A5AC00A383F18223838182A3828182238C0198ED
:10A5BC009760FF1FE780E04D13060013814517C518
:10A5CC00FF1F1305259C23828182A38B0198976022
:10A5DC00FF1FE780004C97A7FF1F9387A799B240F6
:10A5EC002244170700001307A7CD98C317070000D4
:10A5FC001307C7DED8C323A40700410182807971F9
:10A60C0022D426D206D64AD04ECE52CCA1472E8486
:10A61C00B28463EBA70017C70100130727ED33457E
:10A62C00E5201C41BA97828793071008630CF51834
:10A63C0063ECA70093072004630AF5149307000842
:10A64C00630DF514094581A093072008E31CF5FE62
:10A65C0085476399F50208229377250085E783C720
:10A66C00219A1387F7FF97C5FF1F9385A5911207B2
:10A67C0092072E97A1075047BE9591A29307800F82
:10A68C0063FBB7006145B250225492540259F2490F
:10A69C00624A45618280138A818383470A0017C905
:10A6AC00FF1F1309298E9207CA97C84719C59780AF
:10A6BC00FF1FE78000DA2384019A13061400137637
:10A6CC00F60F916593850571328583490A0032C670
:10A6DC009780FF1FE78080CB83470A009209CA99B5
:10A6EC00920723A6A900CA97C84749DD324681457F
:10A6FC009760FF1FE780E03983470A002286A68512
:10A70C0092073E990325C9009760FF1FE780E0314F
:10A71C002384819A014585BF8947E395F5F61E226E
:10A72C002393F19AC5BF8547E39EF5F41C22A381C0
:10A73C00F19ACDB79947E397F5F41946A685138599
:10A74C00C1999760FF1FE780402EE9B7A147E39BB3
:10A75C00F5F22146A6851385C182E5B78547E393BB
:10A76C00F5F21C22A383F18275B7E147E39CF5F067
:10A77C006146A68517C5FF1F1305C593D9B7854735
:10A78C00E392F5F01C22A38BF19869B78547E39B04
:10A79C00F5EE1C22238BF182B5BF8547E394F5EED1
:10A7AC0083C781831387F7FF97B5FF1F9385857D3B
:10A7BC0012072E97920750478820A107BE95EFF0FD
:10A7CC005FA989BF8547E39FF5EA83C7419AD9BF43
:10A7DC00630F052E938761999823631A072E0547FB
:10A7EC0098A397B7FF1F9387E779894698A717B760
:10A7FC00FF1F231E07781387018994A39386C18CAE
:10A80C00D8C7D4C37D576302E52C13771500854553
:10A81C000DCF17B6FF1F2314067809479386018CBA
:10A82C001386918398ABD4CBD0CF8546238CE18211
:10A83C002380E7021387818BD8D394AF2384D7026C
:10A84C0017B7FF1F231507768D451377250031C7E2
:10A85C00139745003E979386018C094654C3138881
:10A86C007183854610A314A723260701231507001F
:10A87C0013871500334707082382E19A12073E9786
:10A88C0010A314A71386418B9386619A890550C334
:10A89C002315070054C7B3C505081377450031C706
:10A8AC00139745003E979386018C094654C3138831
:10A8BC006183854610A314A72326070123150700DF
:10A8CC0013871500334707082381E19A12073E9737
:10A8DC0010A314A71386018B9386319A890550C354
:10A8EC002315070054C7B3C505081377850021C786
:10A8FC00139745003E971386018C50C30546894635
:10A90C0010A71386518314A32315070050C7138770
:10A91C0015003347070812073E9714A39386C18A84
:10A92C0054C3A14614A79386C19989052315070022
:10A93C0054C7B3C505081377050121C71397450004
:10A94C003E979386018C094654C3138841838546F0
:10A95C0010A314A72315070023260701138715003E
:10A96C003347070812073E9710A314A71386818A52
:10A97C009386C182890550C32315070054C7B3C5FC
:10A98C0005081377050221C7139745003E97938658
:10A99C00018C094654C313888182854610A314A7E1
:10A9AC0023150700232607011387150033470708D3
:10A9BC0012073E9710A314A71386018A93867182FF
:10A9CC00890550C32315070054C7B3C50508137771
:10A9DC00050421C7139745003E979386018C0946C1
:10A9EC0054C313886182854610A314A7231507004E
:10A9FC0023260701138715003347070812073E97D4
:10AA0C0010A314A71386418A93868199890550C394
:10AA1C002315070054C7B3C505081377050831C7BC
:10AA2C00139745003E971386018C50C351468946B7
:10AA3C0010A71386518214A32315070050C7138740
:10AA4C0015003347070812073E9714A39386C18954
:10AA5C0054C3854614A797B6FF1F9386A665890530
:10AA6C002315070054C7B3C505081375051039C164
:10AA7C00139745003E979386018C54C3094685462F
:10AA8C001385418210A314A72315070048C7138709
:10AA9C001500334707081207BA971387C189D8C323
:10AAAC0013877199890590A394A723950700D8C79C
:10AABC00B3C505089796FF1F9386C64B414617B53D
:10AACC00FF1F1305254C6F20F0674D4599B30145C9
:10AADC0082800111FD1522CC06CE328426CA3E8618
:10AAEC004AC813F8F50FAD4763E8070B3A8917C747
:10AAFC0001001307E7A13348E82083270800B68438
:10AB0C00BA9782878545EFC04FCB01E5EFF04FF147
:10AB1C000145F2406244D244424905618280894534
:10AB2C00EFC0AFC97DF52285EFE03F94D5B79145D5
:10AB3C0032C6EFC08FC8324669FDCA852685EFC084
:10AB4C006FBEEFF0EFEDEFF04FA9EF503078C9B7D3
:10AB5C00A14532C6EFC06FC6324645FDCA85268573
:10AB6C00EFC04FBC2285EFE05F90EFE01F88EF5005
:10AB7C00107479BFB14532C6EFC02FC4324651F9BB
:10AB8C00CA852685EFC00FBA2285EFE01F8EEFE055
:10AB9C00DF85EF50D07175B70945A5BF397126DA3D
:10ABAC00AE844C0022DC4AD84ED652D406DEAA899A
:10ABBC003289368AEF0010332A8421E9A685630D89
:10ABCC0009009E202C007C84BE207C8593072030BD
:10ABDC007C86930780025C874E85EF7021742A84F3
:10ABEC000DE55946A6851305A100230421019760A4
:10ABFC00FF1FE78080E3124552879776010093860A
:10AC0C00666F25462C00EF001048F25022856254E6
:10AC1C00D2544259B259225A216182807547AA876F
:10AC2C006365B702114701456378B702ED1593F5DB
:10AC3C00F50F61476361B70297C601009386469092
:10AC4C00B3C5D52098413697028793F5F5071307BE
:10AC5C002005638AE50001458280C84782808843CD
:10AC6C00828088478280C84382809307F00F630FED
:10AC7C00F506011126CAAA841305000222CC4AC883
:10AC8C004EC652C456C206CE2E8AB28AB6893A89AC
:10AC9C009760FF1FE78040CA2A844D450DC8930773
:10ACAC0000FB1CA0A3005401231144012302340116
:10ACBC0013058400614663050902CA859760FF1F6E
:10ACCC00E780A0D6A2852685EFA09FF10145F24032
:10ACDC006244D2444249B249224A924A0561828076
:10ACEC0081459760FF1FE780C0DAE9BF0945828084
:10ACFC00011122CC06CE2A844C86D0869780FF1F69
:10AD0C00E780E0ED05C15425214797B7FF1F9387D6
:10AD1C00E744639DE600E82378009306E0070146CC
:10AD2C00A285A137F240624405618280C833780065
:10AD3C009306E0070146A285EDB79307006433063E
:10AD4C00F6026FB06FA015C1411122C406C62A8449
:10AD5C0008219307D00F63E6A700EFB0EFBBFD57B8
:10AD6C001CA0B2402244410182808280797122D49D
:10AD7C0006D626D24AD04ECE9E2509448DEBAE8403
:10AD8C006C00AA893289EF00F0152A840DE1A685A2
:10AD9C004E85EF70C15E2A8419E932454A87977651
:10ADAC0001009386865D4D468145EF00D02DB25053
:10ADBC002285225492540259F249456182801A210B
:10ADCC009307000B6310F7025C214947639AE70075
:10ADDC00183985476398E7002A2185456F30C050A4
:10ADEC006D47CDBF828001116C846C0022CC26CAC9
:10ADFC004AC806CE2A89B6847085EF00B00E2A8424
:10AE0C000DE12C004A85EF70E1472A8419E932459F
:10AE1C002687977601009386A64215462C00EF00F4
:10AE2C009026F24022856244D244424905618280D8
:10AE3C007971930720306C8470857C862C00930785
:10AE4C008002014606D65C87EFF05FD5B2504561B3
:10AE5C008280011122CC26CA4AC806CE2A84AE842E
:10AE6C00328936C69780FF1FE78060D715C95025F9
:10AE7C00A146324797B7FF1F9387472E631DD60015
:10AE8C00E823CA862686A2856244F240D24442490F
:10AE9C0005616FF09FDDC833CA862686A285EDB7A3
:10AEAC00F2406244D24442490545056182802394B4
:10AEBC0005006FF0BFEB23AAA19A828023A8A19A68
:10AECC008280011122CC26CA06CE2A84AE849780B9
:10AEDC00FF1FE780C0D0A6852285EF70C11005E961
:10AEEC00228564869780FF1FE78060CF0DC15425B3
:10AEFC00214797B7FF1F93876726639FE600E823D8
:10AF0C0078009306F0070146A285EFF01FD6F240B9
:10AF1C006244D24405618280C833DDB7797122D492
:10AF2C004AD0AE8706D6BA8526D24ECE7547328425
:10AF3C0036896364F7042147636CF700154763880F
:10AF4C00E7021947638DE708C167FD1785441DA00B
:10AF5C0037061400DD1713060620B317F0287D8E74
:10AF6C0049EE19677D8F25EB93F71710F1DFC16759
:10AF7C00FD1789446316F40221A813F7F70793060B
:10AF8C002005E313D7FC41677D17631EE6048D444F
:10AF9C002EC6EF700109B2453304954033440408C2
:10AFAC003385840033450508EF308040AA87B3C948
:10AFBC00040821C963040900231089002254B250EB
:10AFCC0092540259B3053041F2493E8545611773DD
:10AFDC00FF1F67004354C167FD17954461BFC167EC
:10AFEC00FD179D4441BF1307200D8D44E39AE7FAEA
:10AFFC001304C6003344040865B7C167FD178D44BC
:10B00C0095BFB250225492540259F2494561828044
:10B01C00011122CC26CA06CED0212E8413070002A1
:10B02C0081469945AA84EFF07FEF2AC621C51E20E0
:10B03C005020930554007C803E207C8189477C8283
:10B04C00930780025C839760FF1FE780009E5C2063
:10B05C008A8526857C84EF70A1252A8411C532450A
:10B06C009770FF1FE780E03EF24022856244D24495
:10B07C00056182804D44CDBF397122DC26DA4AD875
:10B08C0006DE89472A84AE8436896306F600C147FA
:10B09C0009456315F60432C6A9C04C0822859925CA
:10B0AC0032460DEDC1778507A6851305D1013ECC3F
:10B0BC00230EC1009760FF1FE78020972C08228584
:10B0CC00EFF01FF501ED52454A8797760100938604
:10B0DC00C61C1D462C08EF00007B0145F250625443
:10B0EC00D254425921618280397126DA4AD84ED61F
:10B0FC003289AE893686BA84814613071002D94547
:10B10C0022DC06DE2A8432C6EFF05FE12ACE1DCDAA
:10B11C003246A685231A3101F084231B2101976046
:10B12C00FF1FE780809022854C08EF70E12B2A846A
:10B13C0011C572459770FF1FE780A031F250228530
:10B14C006254D2544259B259216182804D44FDB7A8
:10B15C00011122CC06CE26CADD472A846390F50A5B
:10B16C005439B1441C49B38696023287B697904342
:10B17C0014436306D6020A20230601006C00EF700C
:10B18C00612A0824B165938505B8EFA0DFB9E547BE
:10B19C003CA0977701009387A7285CC099A85623F9
:10B1AC00D223E31AD6FC88470C479760FF1FE78031
:10B1BC006099AA870A2089E7230601006C00C1B7B1
:10B1CC005C385828850793F7F70F5CB863F5E702EE
:10B1DC00B38797021848BA979847D623B2238E2381
:10B1EC00EFF09FF049F90824B165938505B8EFA0FD
:10B1FC009FB3D94431A87C285C86C9B70A21AE8498
:10B20C006C0023060100EF70E1218547E39BF4F607
:10B21C00F24062442685D24405618280011122CC21
:10B22C0006CE26CADD472A840A216398F508EF600A
:10B23C00515F522C3E284E286D162A96334606082E
:10B24C003307F64052ACAA86334707080A206372CC
:10B25C00B7061388C6FFB388E54063D40803AE97DE
:10B26C00918FB3C607081C4C0E283E97EFF0DFE712
:10B27C0009ED0824B165938505B8EFA0DFAAD94480
:10B28C00B1A0ED16B3C60608F9BF0A2023060100CB
:10B29C006C00EF7021190824B165938505B8EFA0F7
:10B2AC009FA8E5473CA097770100938767175CC080
:10B2BC00F9B785475C866C00E9BFAE846C00230649
:10B2CC000100EF7021168547E397F4FCF2406244CD
:10B2DC002685D2440561828079714ECEAE89C165D6
:10B2EC0026D20147AA84894613868189FD15054516
:10B2FC0022D406D64AD0EF10E06C054429C92A891D
:10B30C001307300281461146F5452685EFF01FC123
:10B31C002AC655440DCD0357A900CE860146788424
:10B32C0011477885054718A1B2472C002685A380C4
:10B33C0007003247FD573CA332473CB3EF10C05DCA
:10B34C002A8411C532459770FF1FE7808010B250D8
:10B35C002285225492540259F2494561828041114E
:10B36C0006C6EFF0BF8B19C5B24041011773FF1F22
:10B37C006700230EB24041018280011106CE2AC61D
:10B38C00EF6031313245914523AA019A23A8019AE5
:10B39C0097B7FF1FA384A7DCEF20707DF2400561F7
:10B3AC006F20806D79714AD006D622D426D20149FD
:10B3BC009397556063D8070417B5FF1F034515DA3B
:10B3CC002E899750FF1FE780405D2A844DC51821B8
:10B3DC009307000A631EF70885474C08DC85EF606D
:10B3EC001138AA841DC59C8599C7084409C5977056
:10B3FC00FF1FE78000062A208545EF20F06ECD4721
:10B40C006398F406B250225492544A85025945610D
:10B41C0082808347610191CF71476361F7064D4785
:10B42C006376F7069386C7FE130730143357D74855
:10B43C0031CF03A7019B01C7034751013DC79C8531
:10B44C0099C7084409C59770FF1FE78080005247D1
:10B45C00B7070001938707F07D8FB707120093871A
:10B46C0007106307F70003476101ED47630EF70808
:10B47C002285EFA0CFF11319F96869B7138717FE6E
:10B48C001377F70F93060002E3F5E6FA858B8DCB65
:10B49C0083A7419BB5C32A201306B1004C088297A1
:10B4AC009C85AA84BDE7C5D4B9B75C8699472308A7
:10B4BC00F1002A206C0023170100EF60114A41B7FC
:10B4CC0083A7019B85CB2A201306B1004C088297D9
:10B4DC00AA8435D583475101E39707F023089100DF
:10B4EC00834761012A206C005C8623170100EF6002
:10B4FC00D146D5BD9944F9BF9C8599C7084409C567
:10B50C009770FF1FE780E0F42A208545EF20D05D7F
:10B51C0085B7084449D99770FF1FE78080F361B75E
:10B52C005D71A2C4A6C286C6CAC04EDE52DC56DA13
:10B53C005AD85ED6A5472A84B2846392F50E834707
:10B54C0045021A22322285072302F5029307F7FFE0
:10B55C00B307F602D440B3C70708B697542503CBFC
:10B56C00070003C917008547638BF60493178900FE
:10B57C00B3E7670141677D17638AE70A1A2863F707
:10B58C00E70A50248507B3C7070885467EA40A201E
:10B59C009305E400631BD6007C84930720307C86E3
:10B5AC009307800278855C872C00EF603157082464
:10B5BC00B165938505B8EFA00FF759458DA83307F2
:10B5CC00C702239004008149014A930B3501B34A09
:10B5DC000708E3FD59F9B620DC402C2813865900E6
:10B5EC00ED163E965E85B3C60608EF60110F1DC1C1
:10B5FC00630B3A01C840B220B30535015295975000
:10B60C00FF1FE7808042BE203E9A9E20334A0A08E4
:10B61C0085079EA0BE20BE99B3C909085DBF5822FC
:10B62C00A9476311F7028347450289CF0145B6400C
:10B63C00264496440649F259625AD25A425BB25B8E
:10B64C00616182803428130934014A868945138547
:10B65C00C18CEF60910829E934284A868945138505
:10B66C00818CEF60910729E134284A86894513853E
:10B67C00418CEF6091060DE934284A868945138583
:10B68C00018CEF6091050DE1DC2009476380E70236
:10B69C00ED1793F7F70F29476368F70013079048E6
:10B6AC00B357F700858B99E3054551B7834744029F
:10B6BC0085072302F402BE2075BD411122C406C6C3
:10B6CC002E849770FF1FE780004809C93C2513871B
:10B6DC0017006315E40093F707F83CA5B240224429
:10B6EC0041018280411122C406C62E849770FF1F2F
:10B6FC00E78060451DC111C008C01C251307E00F71
:10B70C005D456388E7001307F00F59456393E70025
:10B71C000145B2402244410182800945DDBF4111FF
:10B72C0022C42A84210526C206C64AC0EFF0AFE126
:10B73C002420A51493F4D40F81E858248547631D65
:10B74C00F7041C483149A1E3FD57230104001CB444
:10B75C00230204021305C4002244B240924402495D
:10B76C006146814541011753FF1F67008332B38740
:10B77C0024033E95084509C59770FF1FE78060CDEF
:10B78C00850493F4F40F5C280848E3E2F4FE977008
:10B79C00FF1FE78000CC4DBF084C75F975B7411100
:10B7AC0022C4416406C626C29307E4FF6301F50276
:10B7BC00AA849DE19770FF1FE780E03809E9130523
:10B7CC00F4FF9770FF1FE780003811C106A1B2404B
:10B7DC00224492444101828085476392F50497701C
:10B7EC00FF1FE78040362A847DD1FD571EA11C2403
:10B7FC001307F00F6382E7021307E00F6389E7007A
:10B80C003420083401475146A685EFF00FC6228537
:10B81C00EFF0FFF0FD571CA4230504004DBF894732
:10B82C00E397F5FA8545EF40E01055F126859770C2
:10B83C00FF1FE78040312A845DF951BF21C50111FA
:10B84C0022CC06CE18259307F00F2A846308F70242
:10B85C0034210E21083501475D46EFF00FC1382029
:10B86C00E1476318F7000A206C0023060100EF6023
:10B87C00713BF9571CA42285EFF07FEAF240624439
:10B88C000561828082809307F00F6306F706011131
:10B89C0022CC26CA2A844AC84EC652C4B689328AD9
:10B8AC003A8993068500AE847946AA85170500006F
:10B8BC00130505F906CEEFF04FC8A30424012301AC
:10B8CC0044012322340185C01305C4006244F240B4
:10B8DC004249B249224AA685D244614605611753B2
:10B8EC00FF1F67008314F2406244D2444249B249BC
:10B8FC00224A056182808280238EA19A8280411126
:10B90C0022C406C695472A846391F50683474502EF
:10B91C00854685072302F5021E2258423022FD1768
:10B92C00B3C70708631ED602B3C7E72098239C331E
:10B93C000145A207D98F7A2463F0E7020A20850714
:10B94C005EA49305C400EF60F1130824B1659385E0
:10B95C0005B8EFA04FBD5945B24022444101828049
:10B96C00C946B387D702BA97D1B75822A94705451C
:10B97C00E314F7FE0345440213351500F1BF4111E2
:10B98C0022C406C69D472A846396F5048347450264
:10B99C0085072302F5021E225842FD17B3C7E72084
:10B9AC0098239C33A207D98F7A25014563F0E702CF
:10B9BC000A2085075EA49305C400EFF06FE5082408
:10B9CC00B165938505B8EFA00FB65945B240224436
:10B9DC00410182805822A9470545E319F7FE03452A
:10B9EC00440213351500DDB7411122C426C206C628
:10B9FC00B5472A84B2846394F504834745028507CE
:10BA0C002302F5020A21EF60C1619E201307F5FFA6
:10BA1C00014563C1E7027A240A209305C400BA9752
:10BA2C007EA4EF60F1110824B165938505B8EFA0F1
:10BA3C008FAF5945B2402244924441018280582232
:10BA4C009D470545E318F7FE0345440213351500E1
:10BA5C00D5B7411122C406C6C5472A846390F506A2
:10BA6C001E223A22FD17B387E7020347450205075A
:10BA7C002302E5025842B3C707083E973C333823EC
:10BA8C00A207D98F41677D176397E7000145B24044
:10BA9C00224441018280138717005AA57A25E3F7C7
:10BAAC00E7FE9305C5000A21EF60B10A0824B165D1
:10BABC00938505B8EFA02FA75945D1BF5822A947A8
:10BACC000545E316F7FC0345440213351500C1B7D1
:10BADC00011126CA4AC84EC656C206CE22CC52C442
:10BAEC00BC211547AA8A2E89B289B684639EE702C7
:10BAFC003686CE854A85EFF09FE02A84631E0510BA
:10BB0C008547034599006393F910D820A947631919
:10BB1C00F70C054A834629000345990001476946FD
:10BB2C00D685EFF08F94F9A83547638CE7086361ED
:10BB3C00F7041D47638BE7062547638EE706A54789
:10BB4C00638FF90A0544034599002687CE86014682
:10BB5C00D685EFF08F91054A19E5CE852685EFF055
:10BB6C00EF8B133A15005DD4D9476306F40259A83C
:10BB7C004547638EE7045D47E393E7FCD82585478B
:10BB8C003686CE854A85631AF704EFF06FDC85475D
:10BB9C00054AE306F5FAF2406244D2444249B249FE
:10BBAC00924A5285224A056182803686CE854A8524
:10BBBC00EFF0FFDC99B73686CE854A85EFF05F96BD
:10BBCC002DBF3686CE854A85EFF01FE23DB736860F
:10BBDC00CE854A85EFF0FFE70DB7EFF02FE445BFB8
:10BBEC00268785460146D685EFF02F88E31305F2AC
:10BBFC0085452685EFF08F82133A150021BF9E20D4
:10BC0C00B1F3054A4A85EFF09FB171B7A547E39CA4
:10BC1C00F9F29E208DFBF5BDA547E396F9F29E2027
:10BC2C00E39307F2054A89B79E216399071C397182
:10BC3C0026DA4ED652D406DE22DC4AD8A021ED47B5
:10BC4C00AA89AE84328A6313F40203C7C19B93079B
:10BC5C00F00F0144631DF7049947F2506254D2541B
:10BC6C004259B259225A3E8521618280F547631DA3
:10BC7C00F40683C6C19B1307F00F9947E38FE6FCCC
:10BC8C009770FF1FE78020EC2A8415C1302505C270
:10BC9C009317466063D407008147C1B7F5454E85BD
:10BCAC00EFF00F853C2493E707F83CA4F5B7D620BA
:10BCBC0090448C3088203800EF60E177AA8751FDE2
:10BCCC00B42038000146CE8503C5C19BEFE0FFF9D7
:10BCDC00AA8741F5B24799C323000A00BC207547D7
:10BCEC00E39CE7FA79F04DBF9770FF1FE780A0E562
:10BCFC002A895DD185476317F404CE20884430002F
:10BD0C00EF600134AA8731F9834729001547638214
:10BD1C00E702E51793F7F70FC14663E1F604331713
:10BD2C00F0281377574411E7639AD7028327090148
:10BD3C0095C7B0203400CA854E85EFF07FD923001B
:10BD4C00AA0099BF38219147E31987F05841E306BF
:10BD5C0007F0CE208844300002976DB70345990058
:10BD6C0097A7FF1F83C7973F6381A702B4203800B2
:10BD7C000146CE85EFE07FEF2A8409E9AC2028004C
:10BD8C00EFE0DFE919C123000A0001440347290051
:10BD9C008D476318F7043C840357C90063F4E7002C
:10BDAC002316F9008355C9004E85EFF08F9117A724
:10BDBC00FF1F0357270AED4763F5E7028357C900B6
:10BDCC00DD4663F0F6029386370063D1E602116616
:10BDDC009385470013060629B3C505084E85EF70F9
:10BDEC0030204A85EFF0BF93A28785BD116693057D
:10BDFC00B00F13060629B355B70ACDB799473E8540
:10BE0C008280011106CE26CA4AC822CC4EC652C424
:10BE1C0097A4FF1F93848434882493078002916530
:10BE2C003305F502938565701389819B33450508AD
:10BE3C009760FF1FE780805590249307800281450F
:10BE4C003306F6022320A9009750FF1FE78060C439
:10BE5C00832709004D459DCB0144130A8002FD59EF
:10BE6C009C24636DF40217050000130525DCEFF02C
:10BE7C008F841705000013058584EF60810D17056D
:10BE8C00000013050592EF3010220145F240624488
:10BE9C00D2444249B249224A05618280B307440325
:10BEAC00032509006146814505041374F40F3E9582
:10BEBC00231035012301050023143501230505004A
:10BECC002302050231059750FF1FE78080BC49BF54
:10BEDC000145828017A7FF1F0347D728814763E4DA
:10BEEC00E700014582809221938645006314A600E9
:10BEFC002E8582808507B685DDB71DC5411122C40C
:10BF0C0006C638219307D00F2A8463EBE7000E2175
:10BF1C0028310147F9465D46EFE03FD5F9573EA081
:10BF2C00B240224441018280828017A7FF1F034741
:10BF3C0077238147FD5663E3E700828016A1230136
:10BF4C00050085071105C5BF014582809385918445
:10BF5C009307000285469CA1FD572384F184A3839B
:10BF6C00F1842383F1842392D184239C019C23AA02
:10BF7C00019C23A8019C23A6019C1386C183938753
:10BF8C00018D5CC2A38E019A9787FF1F93870700D0
:10BF9C00094718A298A398AB2380E7022388E702ED
:10BFAC001387C18B94A7D0C794AFD8DB1385C18CF2
:10BFBC000D471386018C93868189238CE702C8C3B5
:10BFCC0023950700D0CB239D0700CCCFD4D323845B
:10BFDC0007022395070223A60702239D070203A746
:10BFEC00019CD8DF9787FF1F938787F917070000FD
:10BFFC001307870B23A00700D8C323A40700828054
:10C00C00411106C6EFF01FED09C52821B2404101D0
:10C01C0082800145E5BF411122C426C24AC006C632
:10C02C00AA842E893284EFF0FFEAAA8711E94165D0
:10C03C00CA857D15EFF01FEAAA87454581C786A3FF
:10C04C00A0A30145B240224492440249410182809E
:10C05C0021E309483547639E0603011106CE22CC25
:10C06C00182210322206598E32C6B377F64085E775
:10C07C00CC452A842EC4EFF0BFF832460147630E3C
:10C08C00C50022856244A245F24005616FF0BFF8FD
:10C09C002D473A85828013070008F24062443A85A6
:10C0AC000561828083C80500094863910803DC415F
:10C0BC0003C807009C33A207B3E707010D681308F8
:10C0CC0028906395070189476FF09FF8054582809A
:10C0DC0001114EC606CE22CC26CA4AC89389718459
:10C0EC0003C709009307F00F630FF7022A8929454C
:10C0FC00AE8432849750FF1FE7800084AA8505C563
:10C10C009307100B1EA12302050002A56244231104
:10C11C00250166A1F24003C50900D2444249B24947
:10C12C0005616F90FFABF2406244D2444249B24980
:10C13C0005618280411126C2AE8483A5019C22C474
:10C14C0006C62A84EFF0DFEB098909C9228522444F
:10C15C00B240A685924441016FF00F98B240224440
:10C16C009244054541018280411122C426C24AC035
:10C17C0006C6AA84130445001309850B1E209DC313
:10C18C00084409C59760FF1FE780A02C2285314623
:10C19C0081459750FF1FE780C08F3104231A04FE9E
:10C1AC00E31E24FDB2402244FD579EA00249924456
:10C1BC004101828097A6FF1F83C6D6FA83A7819C74
:10C1CC0001476394E600014582808E231386870B1A
:10C1DC006394A5003E85828005071377F70FB2871D
:10C1EC00CDB7AA8703A5019D01C95A216314F70095
:10C1FC00084582800841CDBF8280411106C6EFF010
:10C20C005FFE09C50845B240410182800145E5BF8A
:10C21C00797122D41384450026D24AD052CC5AC804
:10C22C002E8A06D64ECE56CA5EC622892287014B6E
:10C23C00814481468147BD45122345CAB5EE46234C
:10C24C003E23B286A697B3C70708050B3107E31543
:10C25C00BBFEADC491659385457026859760FF1F25
:10C26C00E780C012AA8B39C90C44D1C9814A8149D3
:10C27C00522033853B019740FF1FE780007B5E20F7
:10C28C000844BE99B3C909089760FF1FE780601C7A
:10C29C0063980A003109854A832589004A84E9F9A3
:10C2AC00314681452285850A9740FF1FE780607ED5
:10C2BC0063826A053109CDB7630ED6000145B250D1
:10C2CC00225492540259F249624AD24A424BB24B1E
:10C2DC00456182803223E313F6FE5223B294B29767
:10C2EC00B3C40408B3C707088DB78547E3E367F702
:10C2FC000545F1B723267A0123149A00D5BF1309FB
:10C30C00C400854A814949BFAA8703A5C19C11E194
:10C31C00828018453A276314F70011058280084182
:10C32C00FDB7411106C6EFF03FFE09C50A21B24028
:10C33C00410182800145E5BF411106C6EFF0DFFCEB
:10C34C0009C52821B240410182804145E5BF411118
:10C35C0022C42A84090506C6EFE0FF9EFD573CB0B7
:10C36C00B240224441018280411122C4416406C67C
:10C37C0026C29307E4FF6301F502AA849DE197604E
:10C38C00FF1FE780207F09E91305F4FF9760FF1F6B
:10C39C00E780407E11C106A1B24022449244410183
:10C3AC00828085476392F5049760FF1FE780807C4D
:10C3BC002A847DD1FD571EA13C201307F00F638208
:10C3CC00E7021307E00F6389E70028300147F946BD
:10C3DC005146A685EFE07F892285EFF05FF7FD5788
:10C3EC003CA0230204004DBF8947E397F5FA85452D
:10C3FC00EF30405455F126859760FF1FE78080771A
:10C40C002A845DF951BF5D71A2C4CAC086C6A6C29A
:10C41C004EDE52DC56DA5AD82E84AC21F9472A89E2
:10C42C006392F5049760FF1FE780C0742A8405C1EE
:10C43C0038219307D00F63ECE70028310147F94608
:10C44C000146CA85EFE07F822285EFF05FF001455F
:10C45C00B640264496440649F259625AD25A425B77
:10C46C0061618280832A0400B7070001938707F07B
:10C47C0037071200B3F7FA0013070710B28981448B
:10C48C006388E7022EC69760FF1FE780A06EB24557
:10C49C00AA8419CD502109CE93174660E3C907FA37
:10C4AC004A85EFE0FF84DC2093E707F8DCA045B772
:10C4BC00138A818403470A009307F00F1945E30997
:10C4CC00F7F8E147E3E6B7F893D71500FD1717A780
:10C4DC0001001307E712B3E7E72003A80700E309FD
:10C4EC0008F603AB4700E3050BF6B3CA0A086385ED
:10C4FC000A00C947E39EF5F4562010440C3008207E
:10C50C003808029831F52C084A85029B1DCD18304D
:10C51C0021F33820230AA100B9472308E100631452
:10C52C00F702E24798239C33A207D98F0C084A855F
:10C53C00FC81EF50914201DD14080546D9454A852E
:10C54C00EFE03F9131B7BC84D5B734209147E380FD
:10C55C00F6F003450A0038080146CA85EFE0EFF013
:10C56C00E31805EE2C202808EFE04FEB19C12380CF
:10C57C0009001840B7070001938707F07D8FB707B4
:10C58C00120093870710E304F7ECE38204EC3C20E1
:10C59C0031BF411122C406C62E849760FF1FE7806D
:10C5AC00605D09C95C21138717006315E40093F7DC
:10C5BC0007F85CA1B240224441018280397152D407
:10C5CC002E8A4ED69305E100AA89528522DC4AD8E0
:10C5DC0056D25AD05ECE06DE26DA3289368BBA8B2C
:10C5EC00BE8A9760FF1FE780205B054425C1AA84A3
:10C5FC0028873944EFF0FFBE31C903284500630793
:10C60C000804D6875E87DA864A86A6854E85029808
:10C61C002A840DED9307E00F638AFA02982089476C
:10C62C006316F702DC4098239C33A207D98F0D6761
:10C63C0013072790639CE700834719000346090002
:10C64C00D285A2075D8E4E85EFF09FA8F250228511
:10C65C006254D2544259B259225A925A025BF24B4A
:10C66C0021618280797122D422214ECEAA89228521
:10C67C0056CA06D626D24AD052CC5AC85EC662C416
:10C68C00AE8AEFF03FB305E52285EF6001215944F6
:10C69C0011E10144B2502285225492540259F249BC
:10C6AC00624AD24A424BB24B224C4561828003C74C
:10C6BC00890085476307F700EFF01FAB03D529000E
:10C6CC00E9B7AA85AA8413858900EFF07FB42A8480
:10C6DC0015CDFA209624D044CE2003D52900E1476D
:10C6EC00EFF0DFEDD9472A846318F50023A6040088
:10C6FC002685EFF07FA771BF19E1268575BFDE2077
:10C70C0026852390FA00EFF03FA669B71389440001
:10C71C00014AB94B594C3D4B8355090085CDE14736
:10C72C0063077A010357C900D94711E3E14703575F
:10C73C002900835649000326890003D52900EFF010
:10C74C00FFE72A846310850323240900050A3109B5
:10C75C00E3146AFD2685EFF03FA12DD0D947E31BEA
:10C76C00F4F205BF65D5835709002390FA00F9BF91
:10C77C00011170879307E00F1306E100014789460A
:10C78C0006CEEFF0BFE3F2400561828079714AD0AA
:10C79C000359850022D426D22A84AE844A85930577
:10C7AC00210106D69760FF1FE780003F79C51C2545
:10C7BC002AC693F707029DC7A881EFF01FA4B245C4
:10C7CC00AA8711E9239024013945B250225492547E
:10C7DC000259456182802A204946829701C51E2450
:10C7EC009EA0E5B7035924004A85EFF0BF9C01EDEC
:10C7FC0041657D15EFF01F9C09E51E2425459EA083
:10C80C00E9B723102501130745008147BD461223C4
:10C81C0039EE3147B387E7029305840031462EC6C3
:10C82C0091073E959740FF1FE7802020B245314687
:10C83C0048089740FF1FE780401F52242A20414799
:10C84C008146DD45EFE08FED2ACE09E51E244545F6
:10C85C009EA0A5BF0C4852249740FF1FE780E01C08
:10C86C002A204C08EF50317F2DD15945B9BF85078F
:10C87C003107E39ED7F825459DB705458DB77971EE
:10C88C0022D42A840A254AD02E899305E1004ECE63
:10C89C0006D626D2B2899760FF1FE780E02F2DC9FC
:10C8AC001C25AA8493F707028DEF183893072005EF
:10C8BC0011E35C20362450440E242A200147EFF06B
:10C8CC00FFCF21E11C38B9E32A20EF501175AA875C
:10C8DC0059458DCFB250225492540259F2494561B8
:10C8EC0082802887EFF07F91AA870DC52A204946C0
:10C8FC00A68582975DD91E242310F9001C3899E770
:10C90C00D1BFD947E319F5FE238009000145D9B7FA
:10C91C000545D5B73945C5B7797122D44AD04ECE25
:10C92C0052CC56CA06D626D2AA892E8AB28A368903
:10C93C009760FF1FE780002409440DC53C211307B5
:10C94C00E00FAA845D44638FE7001307F00F59448E
:10C95C00639AE70063920A02D2854E85EF50B17458
:10C96C002A8421C1B2502285225492540259F24990
:10C97C00624AD24A4561828003550A009305E10060
:10C98C00231701009760FF1FE78000212887EFF035
:10C99C00BF9AAA8505464E85EF20D0592A844DDDD5
:10C9AC00D1B79307F00FE30FF9FA93862400794679
:10C9BC00A68517F5FFFF13058554EFE00FB8A3818B
:10C9CC0024014DB7797126D24ECE52CC56CA5AC8D4
:10C9DC005EC606D622D44AD062C466C2AA8A2E8B00
:10C9EC00B28B368ABA8983A4C19CB9C0804483DCDB
:10C9FC0044000149035CA400631499018440F5B719
:10CA0C003E2463F757010509410433490908EDB782
:10CA1C00E36BFBFE63090A000C204840D2865E865D
:10CA2C00EF50A14B6DD16384090023908901A2843E
:10CA3C00B25022540259F249624AD24A424BB24B8A
:10CA4C00224C924C26859254456182809A21B621C3
:10CA5C00854763E1E6041DCFD421011113865500EF
:10CA6C0022CC1385C18C2E84894506CE32C6EF505C
:10CA7C00C146C14719C9542032462E200A2001470D
:10CA8C00EFF05FF4A94711C18147F24062443E8543
:10CA9C00056182803E8582802E860A22AE218547E2
:10CAAC0063E1A50219CD542241110147150606C6B2
:10CABC00EFF05FF1A94711C18147B2403E854101BA
:10CACC0082803E8582802E860A22AE21854763E1D4
:10CADC00A50219CD542241110147150606C6EFF0E7
:10CAEC007FEEA94711C18147B2403E85410182804A
:10CAFC003E85828039714ED6BE2183D9050006DE73
:10CB0C0022DC26DA4AD852D456D25AD05ECE62CC27
:10CB1C0066CA63E437152A8A054563830912416B9B
:10CB2C00AE8A2314010002C6014401497D1B894BC6
:10CB3C00054CC94C83D52A000147814601464E85D8
:10CB4C0023130100EFF01FE8AA8471C509EC130749
:10CB5C002002930661005A8695455285EFE00FBC82
:10CB6C002A84630E050E38849C2025C71885630122
:10CB7C00870541476394E70ABE2441461305240008
:10CB8C001CA0BE24A1831CB0CC409740FF1FE780A3
:10CB9C00C0E949043C848507B3C707087C8463FC5F
:10CBAC002707BE24638967078509B3C9090859B7E4
:10CBBC0063967707BE240946130524001CA0BE24E7
:10CBCC00A1831CB0CC409740FF1FE78000E6110406
:10CBDC00D1B722C603596100B82413052400638F12
:10CBEC007701335999032305710118A0BE244146DE
:10CBFC00A1831CB0CC401379F90F41BF23058101EF
:10CC0C0018A0BE24135929001379F90FA1831CB065
:10CC1C00CC4009464DBF3C8429459DC32C00528510
:10CC2C00EF50D11209CD34001546D9455285EFE0AD
:10CC3C004FA211C532459760FF1FE78080810145E7
:10CC4C00F2506254D2544259B259225A925A025B4F
:10CC5C00F24B624CD24C216182800545D5B74545DB
:10CC6C00C5B7411122C406C626C293F705022A8411
:10CC7C00328585C3EFF04FECAA8505462285EF205F
:10CC8C00702B95476305F500BD476315F5022145EB
:10CC9C0015A093F78500B6849DC3EFF0EFE9AA8544
:10CCAC0005462285EF20102909C59C3481C79C2498
:10CCBC0091C30145B2402244924441018280939732
:10CCCC00456063D70700EFF02FE7AA850146D1BF77
:10CCDC0089890D45F9FDF9BF7971AE8622D42A8474
:10CCEC008A229305E10106D636C69760FF1FE780BE
:10CCFC00A0EA11C90C2522852254B246B087B25045
:10CD0C0045616FF01FF6B250225405454561828093
:10CD1C00411122C406C693F705022A8432858DC3BD
:10CD2C00EFF08FE1AA8505462285EF20B02015474C
:10CD3C00AA876305E5003D47631DE502A14715A8D9
:10CD4C0093F7850099CBEFF02FDFAA850546228556
:10CD5C002244B24041016F20F01D13974560635788
:10CD6C000700EFF06FDDAA850146D5B7898991E1FF
:10CD7C008D47B24022443E85410182807971AE8656
:10CD8C0022D42A848A229305E10136C606D69760FE
:10CD9C00FF1FE78060E0B24609C90C2522852254AA
:10CDAC00B087B25045616FF0BFF6B25022540545C2
:10CDBC00456182803E257971416722D426D24AD0C2
:10CDCC004ECE06D6231701007D17AA8432843689ED
:10CDDC008149638DE7009420D04013851700130719
:10CDEC00E10033450508EFF0FFBDAA899420D0403F
:10CDFC0089451385C18CEF50410E15C5A22422859F
:10CE0C00EFF02FD209C57D142A943344040863042F
:10CE1C00090023108900B2502254925402594E85B5
:10CE2C00F249456182809420D04089451385818CDC
:10CE3C00EF50A10A61F59420D04089451385018CEF
:10CE4C00EF50A10911C9E38C09FA3C87E39987FAE1
:10CE5C0003D4A9007D1455BFA22455BF397122DC1F
:10CE6C0026DA4AD84ED652D456D25AD05ECE06DEE8
:10CE7C00BE8B9C252A8AAE84C18BB28A36843A89B1
:10CE8C00C289468B9DEF942089476383F6065685AD
:10CE9C00EFF02FB505CD83280500638908022286A3
:10CEAC006254F250925A5A88CE87025BB2595E870E
:10CEBC00CA86F24B4259A6855285D254225A216118
:10CECC0082883285EFF06FB3AA8709ED3945F250AD
:10CEDC006254D2544259B259225A925A025BF24BC2
:10CEEC00216182802946A6855285829749DDC5B786
:10CEFC00DC4003C3170098238D6722033363E300E0
:10CF0C001386479013175360E343E6F81386F78FA5
:10CF1C00634BE60293862780630FD70863C8E60449
:10CF2C00F977938707803E93854733430308E3E003
:10CF3C0067F62D45E39D0BF8DC449023CC4323107E
:10CF4C00C90022850DA2F5779387F76F3E938D4725
:10CF5C003343030863EE67101797010013078764C8
:10CF6C003343E32083270300BA9782879387378064
:10CF7C00E31FF7F02D45E39C0BF485472310F900D4
:10CF8C00DC4481459C231CA0AA24050533450508D7
:10CF9C009760FF1FE78040C0835709005DE591074C
:10CFAC002310F90011468145130514009740FF1F0B
:10CFBC00E78020AE71A02D45E39B0BF0DC446C00A8
:10CFCC0083C917009823A209B3E9E900114723107C
:10CFDC00E9009C234E851CA0DC449C331CB097605C
:10CFEC00FF1FE78060BBAA8431CD3086C1659306F4
:10CFFC00E100FD158329C500EFF0DFDB19E9942072
:10D00C00D04089451385818CEF40316D19E1FD5776
:10D01C007C8703C7090089476310F70283A5490081
:10D02C000946130544009740FF1FE78000A0835773
:10D03C00090089072310F9003C873CA0A1833CB070
:10D04C00014571B523173101C5BF18218907BA975E
:10D05C002310F9003E251CB03E25A1833CA01021D5
:10D06C004C41130534009740FF1FE780009CC9BF5B
:10D07C002D45E39E0BE42310D900DC449C231CA01B
:10D08C00DC449C331CB06DBFC8449740FF1FE78045
:10D09C0060A3334705081D45E36B77E36380EB0220
:10D0AC00B386790163C6E60033077741B3490708B5
:10D0BC00CC44231039014E86DE9561B58149CDBF34
:10D0CC002D45E3960BE0CC445285EFE07FF3894786
:10D0DC002310F90008A0218108B09DB72D45E398D5
:10D0EC000BDE89472310F90049BF2D45E3910BDE78
:10D0FC00DC441D472310E900982318A0983318B07E
:10D10C00BA2338A0BA23218338B0D82358A0FA23E5
:10D11C0058B0FE23A1837CA025B75D71A6C2AA845A
:10D12C002A214EDE52DC56DA5AD85ED662D466D24A
:10D13C006AD06ECE86C6A2C4CAC0AE8AC16BEF409E
:10D14C00516E130CF5FF2A8A8149979DFF1F938D11
:10D15C00EDF7938C419D138B819DFD1B334D0C087A
:10D16C00DE2463F6F90083D70D0063CD8701AA2076
:10D17C009795FF1F938585F5EF50415F2A841DCD50
:10D18C0059442DA89C449305E100B3A7F92003C989
:10D19C0017009C2322093369F9004A859760FF1F09
:10D1AC00E780809FAA851DE923902A0103A54D00E5
:10D1BC0009C59750FF1FE780C0290544B64022855A
:10D1CC00264496440649F259625AD25A425BB25BE3
:10D1DC00225C925C025DF24D6161828083C84400E6
:10D1EC0083A60C003087AA206A8881475A87EFF003
:10D1FC00FFC62A8419C923902A0103A54D005DDDC1
:10D20C009750FF1FE780E02455BF83A74D0099EF8F
:10D21C00AA20514781465E86BD45EFD03FD023A260
:10D22C00AD0009E523902A01454449BF83D70D0081
:10D23C0003570B003E97634747013307FA407D17AE
:10D24C002310EB0003A54D0003560B0083A50C0027
:10D25C003E9585099730FF1FE780207D83D70D0011
:10D26C0003570B00B3C90908BA972390FD00CDBD35
:10D27C00397126DAAA842A214ED65AD006DE22DC4F
:10D28C004AD852D456D25ECE62CC66CA6AC82E8BAD
:10D29C00EF403159AA89D424AE248A24780013860D
:10D2AC00D400EFF02FF205C1938BB9FF2A84E51956
:10D2BC000149138C419D938C819D33CA09086349A4
:10D2CC007901631B09109E2429452310FB009DA89E
:10D2DC00035DC10083C8440083260C00AA20528839
:10D2EC00814766876A86A285EFF05FB719C9AE24BD
:10D2FC0022859306E1006A86EFF0DFAB2A8461F0A9
:10D30C00C9B783D70C009228E313F6FE83250C00D3
:10D31C00C8489740FF1FE780E08271D99799FF1F9B
:10D32C009389C9DA83A7490095EFAA20416645473E
:10D33C0081467D169D45EFD07FBE1DE19E2445455F
:10D34C002310FB00F2506254D2544259B259225A63
:10D35C00925A025BF24B624CD24C424D216182805C
:10D36C0023A2A900AE24835AA40022859306E100CF
:10D37C006A86EFF03FA42A84E3830AF883A7490066
:10D38C001307190033470708CA972380570183A74F
:10D39C00490093DA8A0093062900BA972380570133
:10D3AC0013073900110983A74900B3C60608334790
:10D3BC0007083349090811C93087B69790A383A78A
:10D3CC0049002182BA9790A3DDBDB697FD5694A370
:10D3DC0083A74900BA9794A3AA209795FF1F93851A
:10D3EC00E5CE1359290023902501EF50A12139D9FD
:10D3FC00594589BF411122C406C693F705012A84F9
:10D40C00328585C3EFE05FF3AA8505462285EF20C0
:10D41C00603295476305F500BD47631DF502214554
:10D42C0015A893F7450099CBEFE01FF1AA850546A7
:10D43C0022852244B24041016F20C02F93F705048E
:10D44C0091C7EFE07FEFAA850146DDB713C5F5FF65
:10D45C0005890605B240224441018280797122D4AB
:10D46C0026D252CC06D64AD04ECE56CA5AC82A8A92
:10D47C00AE840144DE206364F400014581A083AADC
:10D48C0004009319140013891900B327542103CBFA
:10D49C000700B3872A0188239305E1002205336531
:10D4AC0065019750FF1FE780206F1DE123806A0103
:10D4BC009C4005453E990347090098B3B25022544D
:10D4CC0092540259F249624AD24A424B45618280D7
:10D4DC000C2530875285EFF0FFF101CD9C40BE99B1
:10D4EC0003C7090098A39C403E990347090098B3D1
:10D4FC00F1B7050433440408B5BF0111AE8722CC43
:10D50C002A848A239305E10006CE9750FF1FE780FB
:10D51C00A06809C90C25228562443087F240056158
:10D52C006FF05FEDF2406244054505618280397110
:10D53C005AD02A8B2A2126DA4AD806DE22DC4ED68D
:10D54C0052D456D25ECE62CC66CAAE84EF40712DF8
:10D55C002A898346CB008355AB0003558B0078009A
:10D56C001306DB00EFF00FC6630B0514C16A130A38
:10D57C00A9FFAA8B01449389419D979CFF1F938C13
:10D58C00ECB4FD1A6D19334A0A08035CC10083C55B
:10D59C008B0003552B006286EFF0DFE5631005145A
:10D5AC0083484B0083A6090003552B005288814702
:10D5BC001387819D6286DE85EFF05F8A631005120A
:10D5CC0015C883D72C0003D7819D11076395E700FD
:10D5DC00A29763C227079795FF1F938525AFBE219E
:10D5EC0003552B003354F40282A1EF50E11B15C1FB
:10D5FC00594505A003552B00494781465686C5451C
:10D60C00EFD0DF9123A2AC0015E183D7AB004545E9
:10D61C009EA0F2506254D2544259B259225A925A94
:10D62C00025BF24B624CD24C2161828083D7819D8C
:10D63C0091072391FC0083A74C0003D7AB006286B3
:10D64C00A29798A383A74C0013071400334707082D
:10D65C00BA9703D7AB009306E1005E85218398A3AC
:10D66C008355AB00138C819DEFF0CFF403A74C00D6
:10D67C003C87130624003346060832971CA303A7E5
:10D68C004C0093063400A183B3C6060836971CA33E
:10D69C00AA8B03A54C0011043344040803560C0058
:10D6AC0083A50900229563910B029730FF1FE78039
:10D6BC00C03783570C00A29733C4070809FC835763
:10D6CC008B0029459EA0B1B79730FF1FE780E0354E
:10D6DC0083570C003E943344040845BD83D7AB00FC
:10D6EC009EA0E31A04EE83578B009EA01DB71D71FC
:10D6FC00A6CACAC8AA84035985002A21A2CCCEC6C0
:10D70C00D2C4D6C2DAC05EDE62DC6AD886CE66DAF5
:10D71C006ED6AE8AEF40F110130BD5FF0144711594
:10D72C00138CD400938B419D138A819D179DFF1FF1
:10D73C00130DCD99B3490508635D6411D424AE244F
:10D74C001307E10162864A85EFF0CFA7AA8C63022A
:10D75C0005100359A500B0870C25AA2032C6EFF09E
:10D76C007FC9631D050E83C8440083A60B00324697
:10D77C00AA204E8881475287E685EFF02FEE79ED8F
:10D78C0015C483570A0003572D0089076302F70657
:10D79C009795FF1F93858593BE21AA20B357F4025A
:10D7AC009EA1EF40D16E0DC1594539A8AA20416602
:10D7BC004D4781467D16A545EFD04FF62322AD008F
:10D7CC001DE123902A014545F6406644D64446495E
:10D7DC00B649264A964A064BF25B625CD25C425DC5
:10D7EC00B25D2561828083570A0089072311FD00F1
:10D7FC0083570A00A29763DE670583274D0003D782
:10D80C00AC00930D2400A29798A383274D0003D757
:10D81C00AC000504334404082183A29798A3032584
:10D82C004D0003560A0083A50B00B3CD0D086E9571
:10D83C009730FF1FE780601F83570A00BE9DC167AA
:10D84C00FD1733C40D08E309F9EE0509334909083E
:10D85C00E5B5294515FC23902A01BDB76DDC0DBF3C
:10D86C001E21411126C206C622C44AC0444189EB7E
:10D87C008947B2402244924402493E85410182804C
:10D88C009420D0402A8489451385C18CEF40E164F3
:10D89C0011C93C202547E51793F7F70F637DF70077
:10D8AC00E147C1BF9420D04089451385818CEF405E
:10D8BC00C16265F175BF13894184835609008547A0
:10D8CC00CDDA1A203697C166E3C5E6FA91659385E1
:10D8DC00257031459750FF1FE78040ABAA84CD4798
:10D8EC0049D9314681459730FF1FE780801A1A20AD
:10D8FC008355090001468147B386F500B3C6060877
:10D90C0063E7E70201C62E972310E90023A0040069
:10D91C002146A285138544009730FF1FE780E01055
:10D92C001387C19C1C4381CF3E879C43EDBF504065
:10D93C001395470085072A9636A6054675BF04C37E
:10D94C00814705BF011106CE22CC26CA4AC809E977
:10D95C000944F24022856244D244424905618280E6
:10D96C002AC6AA84280036896C845085EFF05FEFB4
:10D97C002A8465F1E30F09FCBE24F9DB91659385DC
:10D98C00557031459750FF1FE78040A0AA8705C10D
:10D99C00BA249386019D232005005AA19842232482
:10D9AC00250101C7BA861843EDBF9CC25DB74D4433
:10D9BC004DB79387D19B98230DE3054798A3058911
:10D9CC0009CD9766FF1F9386A65B41469145176567
:10D9DC00FF1F1305A55B6FF0FFF601458280A38343
:10D9EC00A184828041677D176315E5002E856FE069
:10D9FC00CFD3411106C6EFE0EFCD09C5FD571EA1EF
:10DA0C0023010500B24041018280011126CA06CED5
:10DA1C0022CC4AC88547AA846390F5042685EFE09A
:10DA2C006FF921E941699305F9FF1307E100894674
:10DA3C001386C18B0545EFE0FFF82A847D1905C4D8
:10DA4C004C442685EFF01FFA308722858146CA8523
:10DA5C00EFF04FB62A84E5B789476396F500854504
:10DA6C00EF10506D45DDF2406244D24442490561ED
:10DA7C008280EFE06FEF7DB7411122C406C626C24B
:10DA8C001784FF1F1304846D083423A4019C23A264
:10DA9C00019C23A0019C49C19307200C3305F5027E
:10DAAC009165938515709384819C19053345050800
:10DABC009750FF1FE780808D10349307200C814511
:10DACC003306F60288C019069730FF1FE78060FC0A
:10DADC009C4018348145938647007D5563E6E506E6
:10DAEC009306800BB306D70201460507FD55B69782
:10DAFC0023A2F19CBE868EA2ACB2ACA223820600FD
:10DB0C0005069906E369E6FEF95696A3994633078E
:10DB1C00D702BA9723A0F19C17F5FFFF1305E58EEA
:10DB2C00EFD0CFB917F5FFFF1305E5A6EF40C142C3
:10DB3C0017F5FFFF13058583EF10F056B240224412
:10DB4C009244014541018280239EA6FE36861388AD
:10DB5C00460B23100600232406003106E31B06FFA8
:10DB6C0085059386860B9DBF411106C622C42A8467
:10DB7C00EFC09F9CEFE08FBD03A5019C23838184A4
:10DB8C00EFE0AFBA238481842244B2401705000031
:10DB9C001305E5E741016F1010519397556063D75A
:10DBAC00072E797103C5618422D44AD006D626D2B9
:10DBBC004ECE2E899730FF1FE78020DE2A8451C974
:10DBCC0018219307000B6313F70885479384419D35
:10DBDC00DC849C402315010081EFEF00807091657F
:10DBEC00938535709740FF1FE780407A88C031C914
:10DBFC00614681451785FF1F1305454D9730FF1F63
:10DC0C00E78020E98349440089476393F908D12DC3
:10DC1C009784FF1F9384844B8AA02A20A685EF400B
:10DC2C00310FAA869E202A201A248DEE6363F700FA
:10DC3C001EA40E24EFD0EFA82285EFD04F989C8421
:10DC4C0091C74C2013058400EFD06FF12285EF7043
:10DC5C001FF4B25022549254F2491315F968025928
:10DC6C00456182806363F7001EA41E24D945978604
:10DC7C00FF1F9386A6450D469EA0EFD08F9D8D4528
:10DC8C0045DD1785FF1F13056544EFD04FED6DB7CC
:10DC9C009387A9FF93F7F70F4947E36FF7F81797A7
:10DCAC00010013072791B3C7E7209C43BA978287DB
:10DCBC009305A1002285EFF0AFDBAA8435DDD947AF
:10DCCC006394F40A85092A2093F9F90F9786FF1FAC
:10DCDC009386C63F4E86D945EFD0AF9731DDCE85C2
:10DCEC004DB79305A1002285EFF07FA0F9B78359BA
:10DCFC0084006C004E859750FF1FE780E0E9AA84F2
:10DD0C002DC12A2041669306E10055477D16AD458D
:10DD1C00EFD0CFA09789FF1F9389493B23A2A9007D
:10DD2C00AA8655CD834844000358E10030862A204A
:10DD3C00A68581474E87EFF06F92AA846312050E79
:10DD4C002A20CE85EF40511AE30805EE2A20D9454A
:10DD5C00CE862D46EFD0EF8FAD45E30F05EC4E850B
:10DD6C002DB72315310185441830D147E306F7EC64
:10DD7C005C209789FF1F938969352A202380F9003D
:10DD8C003C85CE85238299002391F900EF40E13C3C
:10DD9C00E30405EA2A20CE860546D945EFD06F8BE1
:10DDAC00E30C05E8854565BF835984006C004E85FE
:10DDBC009750FF1FE78040DEAA8445D52A20416694
:10DDCC009306E10059477D16B545EFD02F959789FD
:10DDDC00FF1F9389A92F23A2A900AA8609E51E2457
:10DDEC00C5447C8551B7834844000358E1003E2468
:10DDFC0030862A20A6854E87EFF04F86AA840DE147
:10DE0C002A20CE85EF40D111E30805E22A20D9451E
:10DE1C00CE863546EFD0EF83B545E30F05E081B7ED
:10DE2C00D94703A549006397F4009740FF1FE7808B
:10DE3C00406219B59740FF1FE780A0611E247C85C6
:10DE4C0025B79305A1002285EFF02FADBDB5930545
:10DE5C00A1002285EFF0AFED8DB51306910093056F
:10DE6C00A1002285EFE0BFA189BD9305A100228509
:10DE7C00EFE0DF91AA84E31405E4A30401006DBB79
:10DE8C009305A1002285EFE0EFFD05BD01458280E1
:10DE9C00F1C6011156C2AE8A854526CA4EC652C479
:10DEAC0006CE22CC4AC82A8AB284B689EF109028B2
:10DEBC00D1470DC103C7519F83C7119F014999E0F9
:10DECC003E89BA871317490003A4419E3A94636DA7
:10DEDC00F900D547F2406244D2444249B249224A41
:10DEEC00924A3E850561828036201307040191C653
:10DEFC0005091379F90F3A84D9BFA1C895659385A3
:10DF0C0025C0130500029740FF1FE780204848C436
:10DF1C0069D1130600028145130909049730FF1FCC
:10DF2C00E78020B7230004002311240123134401AC
:10DF3C009C3403A7819E998C1CA45C449184918091
:10DF4C00C4AF23A08900814771B7232604002300A6
:10DF5C0004002313440123045401E5B785473E858F
:10DF6C008280AA8683C5519F03A7419E81476394F3
:10DF7C00F5000145828032233A8519C2E30CD6FEA6
:10DF8C00850793F7F70F4107DDB7AA8603C6519FA4
:10DF9C0003A7419E81476314F600014582802E231E
:10DFAC003A8581C54C23E38BD5FE850793F7F70F94
:10DFBC004107D5B7AA8683C5219F03A7819E8147B8
:10DFCC006394F5000145828012233A8519C2E30C53
:10DFDC00D6FE850793F7F70F4107DDB7AA8603C86E
:10DFEC00119F83A7419E01476314E800014582807D
:10DFFC00B2233E8509CAF2236317D600D04701C667
:10E00C003222E306B6FE05071377F70FC107E9BF07
:10E01C00411126C2444522C406C62A8495C0C84470
:10E02C0009C59740FF1FE780C042C84809C5974003
:10E03C00FF1FE780004226859740FF1FE780604165
:10E04C002285414681459730FF1FE78080A4FD570C
:10E05C001CB4B2402244924441018280011122CC72
:10E06C002A842A2106CE2EC6EF10205A324622854B
:10E07C008145EF00104E22856244F24005616FF03D
:10E08C003FF905C53E21411122C406C62A8491CB15
:10E09C00DD45EF00104F22852244B24041016FF064
:10E0AC003FF7B2402244410182808280411122C458
:10E0BC00B1471304C5FFB307F40226C29784FF1FB0
:10E0CC009384440206C6A697BA276315B702C843C1
:10E0DC0015C19307F00F6305F6001C21639CC70064
:10E0EC009740FF1FE780E036B1473304F402A29457
:10E0FC0023A20400B2402244924441018280411187
:10E10C0022C42E8426C24946AA848145228506C68D
:10E11C009730FF1FE780E0978DC8D82C83A7819E8E
:10E12C001207BA979A231AA0BA23FE233AA003D750
:10E13C00C19E5AA09A207AA0BA201AA4DA203AA436
:10E14C00FA205AA49A241EA87AA4B24022449244DB
:10E15C00410182802A8683C5519F03A8819E83A694
:10E16C00419E014701456393E50082809C2281CF4B
:10E17C00DC4691CBDC2F9207C2976316F60093070F
:10E18C00150013F5F70F05071377F70FC106E1BF5D
:10E19C00130600643386C50293069500AA851705FD
:10E1AC000000130545EE6F703FDA411122C406C61C
:10E1BC002A840835EF705FF6FD571CB4B240224438
:10E1CC0041018280011122CC4AC84EC652C456C2AB
:10E1DC005AC006CE26CA2A89AE890144138A119FD9
:10E1EC00938A419E1D4B83470A006365F40463992F
:10E1FC0009029389519F138A419E930AF00F83C79A
:10E20C0009006364F4061144A14422851306F00F3F
:10E21C00CA850504EFF09FE933440408E31794FE24
:10E22C00F2406244D2444249B249224A924A024BD9
:10E23C000561828083A40A0093174400BE949C203D
:10E24C008DC3FE20639F270163956901AA20EF10FF
:10E25C00C03B26854E868145EF00B02F2685EFF01A
:10E26C003FDB05041374F40FBDBF83240A0093171E
:10E27C004400BE949C208DC39C34638F5701FE20B8
:10E28C00639C27012685EFF05FF22685D145EF00D0
:10E29C00502F2685EFF0DFD705041374F40F85B7E4
:10E2AC00C167F917630BF502411122C406C68547F5
:10E2BC002A846399F50022852244B24081454101AC
:10E2CC006FF05FF089476396F5008545EF10806627
:10E2DC007DD1B24022444101828082809D456FF005
:10E2EC007FEE03D5C19E8280011106CE68876C86B5
:10E2FC0003C7019F85476318F70070009305E10081
:10E30C000545EF50A04EF24005618280A947631D80
:10E31C00F6029C319821A207D98F1EA1BC31B821DD
:10E32C00A207D98F3EA1DC31D821A207D98F5EA1DB
:10E33C00FC31F821A207D98F7EA19C359825A20724
:10E34C00D98F1EA501458280054582809147631EA9
:10E35C00F6009C319821A207D98F1EA1BC31B8219F
:10E36C00A207D98F3EA10145828005458280938703
:10E37C00C5FF0D47B3C60708636ED7003147338717
:10E38C00E7029787FF1F9387E7D5BA97A8A38EA3B9
:10E39C000145828009458280930740203355F50A58
:10E3AC0071152396A19E238AB19EA389B19E82806A
:10E3BC00956541111905938535C006C63345050889
:10E3CC009740FF1FE78080FC01C9B240E95541012D
:10E3DC001743FF1F67002314B24041018280A38AB8
:10E3EC00019E238A019E2389019EA388019E238876
:10E3FC00019E85474111A387F19E06C622C426C201
:10E40C002A842387019E2396019E23A2019EEF104E
:10E41C00A0281785FF1F1305E5CC130600038145C3
:10E42C00238B819E9720FF1FE780A0661384C19DDC
:10E43C0008209384119F1DC59565938545C01205D1
:10E44C009740FF1FE78080F423A4A19E01CD1C30D0
:10E45C00102081459CA02389C19E12069720FF1F86
:10E46C00E78020639C201785FF1F0345A5CF1384ED
:10E47C00519F3E951375F50F956508A0938555C072
:10E48C0012059740FF1FE78060F09384419E88C07F
:10E49C0025CD1020814512069720FF1FE780605F75
:10E4AC0098401420814725077D566399F604EF1098
:10E4BC00E03EB1473305F5029565938565C033455C
:10E4CC0005089740FF1FE78060EC23A0A19E2A84DB
:10E4DC0001CDEF10A03C31463306C50281452285A3
:10E4EC009720FF1FE780E05A2244B2409244170560
:10E4FC000000130525DB41016F10E03A850710A3DE
:10E50C0093F7F70F410755B7A38A019EA388019E85
:10E51C0079BF411126C206C622C44AC0AE84939765
:10E52C00556063D707081389619F0345090097203D
:10E53C00FF1FE78080462A8431C518219307000904
:10E54C00631FF7021831CD476312F7069386419F7C
:10E55C0028219C221788FF1F0348B88F13066400DC
:10E56C00814501476318E50291C19CA29C2281CB95
:10E57C000345090085459740FF1FE780C050228561
:10E58C00EF70EFE01395F468B240224492440249D4
:10E59C00410182800E2205071377F70FAE9793F790
:10E5AC00F70F09068545B3D7070B6DBFC529C1BF4A
:10E5BC0013F5150071D9EF00904E19C983C7419F0F
:10E5CC0081CB854503C5619F9740FF1FE780A04B1A
:10E5DC0013C5140055BF0547637EC7029C319421B7
:10E5EC00A207D58F1EA16399E700BC31B821A20701
:10E5FC00D98F3EA1014582800947E39DE7FEBC31DE
:10E60C00B821A207D98F3EA1DC31D821A207D98F1E
:10E61C005EA1CDB7054582809147631EF6009C3103
:10E62C009821A207D98F1EA1BC31B821A207D98F7E
:10E63C003EA101458280054582809147631EF6000C
:10E64C009C319821A207D98F1EA1BC31B821A207F9
:10E65C00D98F3EA10145828005458280A147631870
:10E66C00F6029C319821A207D98F1EA1BC31B8218A
:10E67C00A207D98F3EA1DC31D821A207D98F5EA188
:10E68C00FC31F821A207D98F7EA101458280054576
:10E69C00828089476319F6009C319821A207D98F93
:10E6AC001EA101458280054582803E2279714ECEA5
:10E6BC0006D622D426D24AD01307F007AE8963714E
:10E6CC00F70209473AC47C86300093F5F50FEF004A
:10E6DC00B072B250225492540259F2494561828070
:10E6EC005A22D9462A89328463F7E6007E2263F4E3
:10E6FC00F6006379F70023140100300093F5F90F4D
:10E70C004A85F1B70A2202C4EFF0DF8AAA8435C524
:10E71C00EFF05FA49C246369F5001146A246CE85F8
:10E72C004A85EF00B06475B7340026869305F00F68
:10E73C004A85EFF0EFF575F1A2471A24DC479AA34E
:10E74C003A20BAA35A20DAA37A20FAA3DA209AA79D
:10E75C00DC4495C793F4F90F2286A6854A858297E7
:10E76C00C167FD172A86E31BF5FA22459947F9453F
:10E77C001CA144A1EFF0DFA1A9BF094645B7014692
:10E78C0071BFA947631DF6029C319821A207D98F4E
:10E79C001EA1BC31B821A207D98F3EA1DC31D821F2
:10E7AC00A207D98F5EA1FC31F821A207D98F7EA1D7
:10E7BC009C359825A207D98F1EA501458280054559
:10E7CC0082809C211CA19C311CB1BC31B821A207B8
:10E7DC00D98F3EA1828023220500D821894763046A
:10E7EC00F70005458280F62101114EC606CE22CCDB
:10E7FC0026CA4AC80D47AE896379D7049C45843331
:10E80C009023A033A204D18CB0232204938744001C
:10E81C00518C639CD7029307C4FF2A89B3C707089E
:10E82C006361F70203A58900231199002310890065
:10E83C00F1559740FF1FE78000CE2322A900014528
:10E84C0031A02285EFF0EFF171FD0545F2406244F5
:10E85C00D2444249B24905618280797122D426D2D0
:10E86C002E8406D64AD01C201947AA84B285639000
:10E87C00E70630202800EFF03FDA0DE92884EFF0AE
:10E88C004FEE0C302A890DC92E861717000013077E
:10E89C00A7CC34009D452685EF00102C4A850946EF
:10E8AC00814545294A85EFF0AFF60145B250225417
:10E8BC00925402594561828089477C803C840A8647
:10E8CC007C813C857C822685EF001053F9BF49473B
:10E8DC006395E70232202800EFF05FD861F91785C5
:10E8EC00FF1F130525805E25E9D3183068253C00F1
:10E8FC00C9460146A685FD244DBF5147639DE700DF
:10E90C0032202800EFF09FA055F10C303000268506
:10E91C00EFF0BFD959BF59476398E704322028005C
:10E92C00EFF0DFA241F52C842685EFF02FEB15C517
:10E93C00584534851E23B697B3C707081EA3B5D711
:10E94C005C47A5D783C7419FADD3854503C5619F60
:10E95C009740FF1FE780201389BF89473EC03C8446
:10E96C000C300A867C8285B70C30231001000A8695
:10E97C00A1BF5D71A2C456DA86C6A6C2CAC04EDE5D
:10E98C0052DCAA8A88312E8432C6EFF00FE0B245F1
:10E99C0001ED0144B6402285264496440649F259BD
:10E9AC00625AD25A6161828023020500231105004C
:10E9BC00834904008547AA846399F900302028080C
:10E9CC00EFF07FC12A8405491DA09D476391F9048E
:10E9DC0018218D47E31FF7FA302028080549EFF07E
:10E9EC00DFC52A8409E50546814526859D262685B1
:10E9FC00EFF0AFFB88243C080147CE862286D685F3
:10EA0C00D522E30909F82685EFF08FE061B7CD47F1
:10EA1C00639BF90018219147E31DF7F63020280875
:10EA2C00EFF03FC745B7D547E395F9F6034A050024
:10EA3C008947E310FAF6302028080549EFF07FD417
:10EA4C002A8455F583570102A1EBB8841306F00311
:10EA5C00DC44930607FCB3C60608636AD600B0858F
:10EA6C00D94663F6C600B486D94563EDD500BAA382
:10EA7C000145EF009039054903560102D2852685E0
:10EA8C008D2CB5B7AC87BAA3D2A38EA3F6A38547BA
:10EA9C009CA0014A0149CDB7014AF9BF7971AA85F9
:10EAAC0022D426D22221AA84280806D64AD0EFF0F6
:10EABC009FD2F24599E53DE185452285EFF0DF8255
:10EACC0075A0BC8415476395E706B8858D4763F739
:10EADC00E7046800EFF0FFCE0359E100DD4763FB6C
:10EAEC0027018C86B70717008507100822853EC8BA
:10EAFC00EF009030BC851109638527012285EFF06A
:10EB0C00EFFD1C8672466C00858B1106228591CF19
:10EB1C00EFF03FE601C52285EFF04FFC884449DD5C
:10EB2C009740FF1FE780E09241BFEFF01FD3DDB7A6
:10EB3C0011476389E7001387A7FF8546334707080A
:10EB4C0063ECE6023147F117B387E7021777FF1F33
:10EB5C0013074759BA979A2371D3A8233008A28573
:10EB6C000D204DFDB8849147E318F7F4B2502254B0
:10EB7C0092540259456182802C082285012E59FD40
:10EB8C00F5B701114AC82A89314526CA4EC606CEA8
:10EB9C0022CCAE89B2849720FF1FE780E0D929C12F
:10EBAC009307000A231135011EA12A842146110561
:10EBBC0095C0A6859720FF1FE78020E7A2854A8590
:10EBCC00EF700F820145F2406244D2444249B2498F
:10EBDC000561828081459720FF1FE78080EBF9BF9C
:10EBEC000545D5B701114AC82A891305000226CA62
:10EBFC004EC652C456C25AC006CE22CCAE8A328BF6
:10EC0C00B6893A8ABE849720FF1FE780E0D221C9DB
:10EC1C00930720FA1CA1A3006501231155012302BF
:10EC2C004501A30235012A84614621059DC0A685B4
:10EC3C009720FF1FE78060DFA2856244F240D24438
:10EC4C00B249224A924A024B4A85424905616F6099
:10EC5C003FF981459720FF1FE780A0E3F1BFF24009
:10EC6C006244D2444249B249224A924A024B05615B
:10EC7C0082805C45797122D406D62A84AE86A5C3DF
:10EC8C00BA23F885130720066394E504FA2303D608
:10EC9C00C19E3357C70AB22B9E2B1377F70F918F58
:10ECAC0093F7F70F01E6890793F7F70FBA97FD175C
:10ECBC00B3C7E702FC863E206E200824FC84014783
:10ECCC003C080146EFF01FF2B2502254456182809D
:10ECDC00D82F83A7819E1207BA97FE23E1BF2EC6B9
:10ECEC001946814528089720FF1FE78080DAB24635
:10ECFC00D9B7797122D406D626D22A8491CD08248C
:10ED0C002E866E202254B2509254814701479306AE
:10ED1C00000645616FF01FEDB2842800594697201C
:10ED2C00FF1FE78000D7648499E43E2048446C00C0
:10ED3C007C85EFF0CFBC6E2008243C000147930685
:10ED4C0000060146EFF01FEAB2502254925445617E
:10ED5C008280797106D6814799E53E2170867C8444
:10ED6C005C4589EF3C002E866E21082501479306F1
:10ED7C000006EFF03FE7B25045618280BE237C85F0
:10ED8C00D5B7411122C406C61C2111472A846392AF
:10ED9C00E7022E866E21082581470147CD46EFF00C
:10EDAC007FE449466E202244B240154541016FF084
:10EDBC00EFAF13F7B70F89466317D7000146EFF093
:10EDCC005FF35146C5B70D476398E7002244B24044
:10EDDC00014641016FF0FFF7B240224441018280AD
:10EDEC009A21B14771173307F7029777FF1F938763
:10EDFC00672FBA97D84301EBD841AAA70145D8C3CE
:10EE0C00BA219AA7828059458280797126D24445CD
:10EE1C0022D44AD006D62A842E89B1C4C84419C536
:10EE2C009730FF1FE780E06223A604009E206E202F
:10EE3C0008247C85BE200147930640067C869E24D0
:10EE4C004A867C879C483EC83E207C843C00EFF080
:10EE5C007FD9A38E240123A80400B25022549254CB
:10EE6C000259456182802800314681459720FF1F59
:10EE7C00E78020C23E206E2008247C8401473C00A1
:10EE8C00930640064A86EFF0FFD5C1BF797152CC8C
:10EE9C002A8A8A2126D206D622D44AD04ECE56CAE7
:10EEAC00AE84EFF00F8C6300051240452A89630C89
:10EEBC0004107E21639947111E2463880710542C7B
:10EECC00938A819E03A70A009206FD1736977A2330
:10EEDC00B3C707081EA46316F70093053006EFF0BE
:10EEEC005FD95C48B5EBC840834915001C21A209C9
:10EEFC00B3E9F900BE2013872900631AF702F9550C
:10EF0C009730FF1FE7802061C8C02391340103456F
:10EF1C0089002686D285EFF0DFC61DEDB250225453
:10EF2C0092540259F249624AD24A456182809565EF
:10EF3C00938515C04E859730FF1FE780204548C844
:10EF4C00C840231C3401F9559730FF1FE780A05CA3
:10EF5C00BE20C8C0F917BEA048482DCDB220362C13
:10EF6C001E2C3308D60063C90707582C83A70A0048
:10EF7C0095451207BA97BE2363CA0705CC40369550
:10EF8C009720FF1FE78060AA3A2CBE20BA971A2C54
:10EF9C00B3C707083EAC6398E70203572900034543
:10EFAC008900300078845848D2857C853AC6EFF0C9
:10EFBC005FBD11C548489730FF1FE7808049232A61
:10EFCC000400232C0400054591BF99454A85EFF0B8
:10EFDC00EF88D5BFA545DDBF9145CDBFBE21CDCFB7
:10EFEC00011126CA06CE22CC03D7C19EAA846D4538
:10EFFC00636FF7082E84484091459730FF1FE780D8
:10F00C0080513E20AA861CA13E20A1831CB11E204B
:10F01C003CA11E20A1833CB13220C167F917110617
:10F02C0033460608639DF4022AC4314532C6972044
:10F03C00FF1FE7806090AA854D45B1C9930700F981
:10F04C003246A2469CA1F957BEA18947DCA1F2A188
:10F05C0094C503C5619FEF60BFB801450DA88145FC
:10F06C002685EF40F00501E91387419F1C23F5D756
:10F07C00FD171CA3DDB789476302F5029D476301A9
:10F08C00F502C9476300F502FD47E30FF5FCF240BA
:10F09C006244D244056182806D4582805145C5BF72
:10F0AC001145F5B70945E5B7011122CC4AC83144E1
:10F0BC001309C5FF3304890226CA9774FF1F938472
:10F0CC00640206CE26945C409DCF03C7419F0DC7BA
:10F0DC0068843EC62A241E242C007C85EFF01FF089
:10F0EC0011C548409730FF1FE780A036B147330960
:10F0FC00F902CA9423A204000545F2406244D244AA
:10F10C004249056182800145CDBF797126D24445C3
:10F11C004ECE52CCFE20BA2883D9C19E06D622D41C
:10F12C004AD056CAB3D9F90A2A8A9E282DCF998F6C
:10F13C004E8463D4370133C4070889452285EFF028
:10F14C002FA72A89CD4A31C5BE202AC660857C846A
:10F15C00BE2899EB9E28130925001CA19E28A1838B
:10F16C001CB1637434058228BE28CC4422864A859F
:10F17C00BE959720FF1FE780408B03556A002C003B
:10F18C00EFF0DFE5AA8A15C54A859730FF1FE780A7
:10F19C00402CB250225492540259F249624A56857C
:10F1AC00D24A45618280890761B7791433440408D7
:10F1BC0065BFBA289E203A949A28FD17B3C7070852
:10F1CC00334404089EA0A2A86376E400F9F3FD572B
:10F1DC00DCBCC1B781455285EFF03FC35DBF79718F
:10F1EC0022D44ECE56CA5AC85EC662C406D626D2A1
:10F1FC004AD052CC9389E19E03CA0900938A419E5E
:10F20C00054B5284930BF00F138C119F83A40A00AF
:10F21C0093174400BE9403C9040063176907DC44C8
:10F22C00A5C7D84735C39A2329C783C7419F89CF20
:10F23C002685EFF09FEDAA8505E9050483C7119F8C
:10F24C006351F40223808900B25022549254F24943
:10F25C00624AD24A424BB24B224C4A850259456112
:10F26C0082802387019ECDB72685EFF01FBA014916
:10F27C00E1BFDC3F639A7701930520062685EFF00A
:10F28C005F9FDC44A38E070083470C0005041374B6
:10F29C00F40F6363F4000144E31A44F7C9BF41114E
:10F2AC00154506C6EFF05FE009C50545B2404101C2
:10F2BC0082801945EFF05FDF6DF91145EFF0DFDE6D
:10F2CC006DF51D45EFF05FDE6DF103C5119F79DD26
:10F2DC00B24041016FF0BFF09E210D47F117B3C74B
:10F2EC000708636FF704DC41411122C406C626C22D
:10F2FC002E84A9CB8545AA84352D39C92685992B11
:10F30C00C167F917638DF40019E93E2089CB1620EB
:10F31C0019476391E60403D7C19E63FDE70283C7D7
:10F32C00419FA285268599C72244B240924441014F
:10F33C006FF0DFCA2244B240924441016FF05FAAE1
:10F34C00094582800945B2402244924441018280A1
:10F35C005145D5BF6D45C5BF797126D252CCAA8413
:10F36C002E8A5D4589454AD04ECE56CA06D622D441
:10F37C00B289B68A3A89EFF0AF8335C12A84014548
:10F38C0063060900D685130544000299935785003E
:10F39C003CB093074500230044017C85954728A089
:10F3AC007C84A300340122C683C7419F2C00268590
:10F3BC0085C7EFF0BFC2AA8411C522859730FF1F05
:10F3CC00E7802009B25022540259F249624AD24ACB
:10F3DC002685925445618280EFF09FA0E9BFCD4411
:10F3EC00D5B7797126D24AD052CC56CA2E8906D6B8
:10F3FC00BE8522D44ECE9947B284368ABA8A63121D
:10F40C00F9062A220944EFE0DFB52AC635C15C456E
:10F41C0083596500BE239EA0B24715472380570130
:10F42C00BAA31387F19E10239305160093F5F50FDD
:10F43C000CA3D0A399E1854614A351476317E900A7
:10F44C001547BAA0DC479A249AA75287A686CA8584
:10F45C004E85EFF07FF02A8432450DC4EFE05FBBA0
:10F46C0001A842867400AA89EFE09FA22A844DD598
:10F47C00B2502285225492540259F249624AD24A1D
:10F48C0045618280F945EFE0BFD0DDB79E211CA11C
:10F49C009E21A1831CB1BE213CA1BE21A1833CB104
:10F4AC00114582809E211CA19E21A1831CB1BE21ED
:10F4BC003CA1BE21A1833CB1DE215CA1DE21A18354
:10F4CC005CB1FE217CA1FE21A1837CB1214582800F
:10F4DC009E211CA19E21A1831CB1094582809E21E5
:10F4EC001CA19E21A1831CB1BE213CA1BE21A183E4
:10F4FC003CB1DE215CA1DE21A1835CB1FE217CA1AB
:10F50C00FE21A1837CB19E251CA59E25A1831CB543
:10F51C00294582809A218546AA8718A19A212183A0
:10F52C0018B19A216319D700BA2138A1BA212183C5
:10F53C0038B1114582800945631DA700BA211945D0
:10F54C00B8A3BA212183B8B3DA21D8A3DA21218355
:10F55C00D8B382809E211CA19E21A1831CB1BE2107
:10F56C003CA1BE21A1833CB111458280797126D288
:10F57C004AD04ECEB2842A89AE89294681454800AC
:10F58C0022D406D636849710FF1FE78080506486FD
:10F59C008DE03E207C8283D7C19E7C845C4491CBE1
:10F5AC00D42F03A7819E9E27920636973A237C85FB
:10F5BC0078834A85170700001307A7F2540013F647
:10F5CC00F90FD545EFF05FD92A8911C195E0854730
:10F5DC001CA023020400014681452285EFF06FF147
:10F5EC00B25022549254F2494A85025945618280A4
:10F5FC002285EFE0FFA1EDB7B286170700001307D5
:10F60C00A7F12E8685456FF03FD5011168874165BE
:10F61C00700001489307F00F0D4797060000938682
:10F62C0026E799457D1506CEEFF0BFDBF24005616C
:10F63C008280B28701482E86114797060000938678
:10F64C00A6E6C9456FF0FFD9B2861707000013076D
:10F65C0067E82E86CD456FF03FD0011122CC26CA2B
:10F66C004AC84EC606CEAA842E891774FF1F1304EF
:10F67C0064AA9779FF1F9389E9AC1C4081C7CA859E
:10F68C00268582971104E31A34FFF2406244D24477
:10F69C004249B24905618280411122C406C626C284
:10F6AC001767FF1F1307077A7C2B783B1774FF1F14
:10F6BC001304C4AA1CB4BA9793F7F70F1CA4B5C7CC
:10F6CC001305C0033385A702A56585059384819F27
:10F6DC009730FF1FE78080CB10249307C003814530
:10F6EC003306F60288C09710FF1FE780803A142477
:10F6FC009C4001477D566341D7022244B24092445C
:10F70C001306000381451775FF1F1305A5A04101C2
:10F71C001713FF1F6700E337B2A32382070023A64A
:10F72C00070205079387C703F9B7B24022449244F6
:10F73C0041018280411122C426C24AC006C62A89D0
:10F74C002E84B2849730FF1FE780604909EDC167B2
:10F75C00F91751456313F9000145B2402244924414
:10F76C0002494101828054555C2195C213F727014F
:10F77C004146630BC700C18B3D45E5D3BC2E01450B
:10F78C00E3FD87FC3145D1BF1545F5D4F9B7C18BE5
:10F79C000145E1F71545D1B779714AD0416922D4B9
:10F7AC0026D24ECE52CC56CA5AC806D6AA8401448A
:10F7BC009779FF1F9389899A138A819F930AC003B3
:10F7CC007D19054B83C789006364F400014525A8A6
:10F7DC003307540383270A00BA97BA236316270109
:10F7EC0005041374F40FF9BFC83330009385670018
:10F7FC00EF00714A1946A68528009710FF1FE78075
:10F80C006034E31F65FDB250225492540259F24900
:10F81C00624AD24A424B456182804166AA869775FC
:10F82C00FF1F83C5259403A7819F81477D16639491
:10F83C00F50001458280035827003A856306C8000D
:10F84C0003480700E308D8FE850793F7F70F130763
:10F85C00C703F1BF411106C69730FF1FE780203860
:10F86C0009C54A29B240410182800145E5BF03A781
:10F87C00819F9776FF1F83C6E68E1107814701454E
:10F88C006393F6008280102301C605051375F50FEE
:10F89C00850793F7F70F1307C703DDB71775FF1F1E
:10F8AC000345458C82801777FF1F1307A786814776
:10F8BC003A86B1460C4391E5B3C7C72088C30145CE
:10F8CC00828085071107E397D7FE4D458280411151
:10F8DC0006C622C49730FF1FE78060300DCD2A8406
:10F8EC002A218545EFF07FD7485409C59730FF1F73
:10F8FC00E78020B622851306C00381459710FF1FB1
:10F90C00E7802019FD573EA0230204000145B240B8
:10F91C002244410182800945DDBF411106C6973062
:10F92C00FF1FE780C02B09C54825B24041018280EA
:10F93C000145E5BFC167F9176305F502411122C402
:10F94C0006C62E849730FF1FE7806029AA870145E1
:10F95C0089C7DC237D8C33358000B24022444101C1
:10F96C00828005458280411122C406C62E849730C0
:10F97C00FF1FE780C02601CD5A29AA8705456304DD
:10F98C008700C2AB0145B24022444101828005454B
:10F99C00DDBF29CD01114AC8416922CC26CA4EC609
:10F9AC0052C456C206CEAA8401449769FF1F93899C
:10F9BC00E97A138A819F930AC0037D1983C7890052
:10F9CC00634BF400F2406244D2444249B249224AA9
:10F9DC00924A05618280B307540303250A003E95C1
:10F9EC003E216383270182940504C9BF828083A7CB
:10F9FC00819FC1661766FF1F0346C67689070145BE
:10FA0C000147FD1691456313E600828003D8070079
:10FA1C006309D80003C8A7006315B8000505137562
:10FA2C00F50F05071377F70F9387C703E9BF83A675
:10FA3C00819F1766FF1F0346E672910601478147B7
:10FA4C00631FE600858393C7F7FF0545B3C7070817
:10FA5C006361E5023315A0283345050882808C22AA
:10FA6C0099C1CE36CD8F05071377F70F9386C60352
:10FA7C00C1BF93F61700F9FE050585831375F50FC5
:10FA8C00C1BF797156CAAA8A2E8526D24AD04ECECB
:10FA9C0052CC5AC85EC662C406D622D4AE84328B0F
:10FAAC00368CBA8B3E8AC28946899730FF1FE78015
:10FABC0000133DED41657D159730FF1FE780201247
:10FACC002A84554531C81946DE8513056400A30206
:10FADC0084019710FF1FE78040F58357010326A090
:10FAEC00230264013EA883574103230054012326BB
:10FAFC0004025EA8230644012317340123182401B1
:10FB0C00EFF0FFF20AB8232A04022685232C040204
:10FB1C008145EFF09FB40145B250225492540259E2
:10FB2C00F249624AD24A424BB24B224C4561828026
:10FB3C004545DDB79766FF1F83C6C66203A7819F45
:10FB4C0081476395F60041657D1582800E3B130657
:10FB5C00C7036394A5002A238280850793F7F70FC8
:10FB6C003287C5B741661768FF1F0348A85F83A695
:10FB7C00819F01477D16954811436314E8000145A8
:10FB8C008280BE223685638EC702CC5A9DC9BC3199
:10FB9C00AC2189CD938597FD93F5F50FE372B3FEF8
:10FBAC009387D7FA93F7D70F89EF82809385F7FD68
:10FBBC0093F5F50FE3F6B8FC9387D7FA93F7D70FC5
:10FBCC00E1D305071377F70F9386C6037DB741661C
:10FBDC009765FF1F83C5055903A7819F81477D1634
:10FBEC0025486394F5000145828036233A85638B62
:10FBFC00C600545B81CAB4329386E6FD93F6F60FC9
:10FC0C00E374D8FE850793F7F70F1307C703D1BF2B
:10FC1C00011122CC2A84494506CEEF705FD81DC154
:10FC2C002AC622859730FF1FE78060FB01CD624416
:10FC3C0032460E39F2401765FF1F034555520561D8
:10FC4C006F60CF9BF24062440561828079714ECE29
:10FC5C0052CCAE892A8A93053005414526D24AD02A
:10FC6C0056CA5AC806D622D4328B3689BA8A9720FD
:10FC7C00FF1FE780A071CD4429C92A848944638180
:10FC8C00090441468145231261019710FF1FE7804B
:10FC9C0040E05686CE8522859710FF1FE780E0D87E
:10FCAC002146630F0902CA8528009710FF1FE780C1
:10FCBC00C0D7A28650002C005285EF307036AA8433
:10FCCC0022859720FF1FE780C078B250225402593A
:10FCDC00F249624AD24A424B26859254456182804F
:10FCEC00814528009710FF1FE780A0DAD9B7411192
:10FCFC0022C4405926C206C6AA8429CC085409C578
:10FD0C009720FF1FE780E074285809C59720FF1F34
:10FD1C00E7802074685809C59720FF1FE78060733F
:10FD2C00285C09C59720FF1FE780A072685C09C595
:10FD3C009720FF1FE780E0710325040809C5972071
:10FD4C00FF1FE780007122859720FF1FE7806070FE
:10FD5C0023AA040222448E38B24092441765FF1F36
:10FD6C000345F53F41016F600FB2411126C206C633
:10FD7C0022C4AE849730FF1FE78060E631C90323AD
:10FD8C0045032A84630603048328C30703288307D7
:10FD9C0083274307032703078346630003560300A7
:10FDAC00834523002685EF709FC72285EFF03FF433
:10FDBC00EFF0FFE111CD2244B24092441765FF1FD2
:10FDCC000345F539854541011733FF1F6700A3CB68
:10FDDC00B2402244924441018280411122C426C285
:10FDEC0006C6AA842E849730FF1FE78040DF5C593B
:10FDFC0089CF9E23639B970085476318F4002244A8
:10FE0C00B240924441016FF09FEEB24022449244C2
:10FE1C0041018280411106C622C426C2EFF09FD454
:10FE2C000DCD44592A8495C8BC208DC783A701A049
:10FE3C0089C7DC4399C326858297B8309307F002B3
:10FE4C00631DF7002A202244B240924481454101AF
:10FE5C006FF0BFF183A7C19FE1BFB240224492442F
:10FE6C0041018280411126C24AC006C622C4AA841E
:10FE7C002E899730FF1FE78080D605CD405955C09D
:10FE8C001E206390970A3C30130710026391E70819
:10FE9C003C20BDCB7C5403270408DE2B15E313F761
:10FEAC00170019CF18545A23058B19CB930720022E
:10FEBC003CB0B24022449244024905454101828043
:10FECC0013F7270001CB18545A23098B01C793074A
:10FEDC004002F9BF918B81CB1C54DE23918B81C7DF
:10FEEC0093076002F1B783A701A0E1D7DC43F1D3FC
:10FEFC002285829738309307F0028145E31BF7FA8D
:10FF0C002685EFF09FE675B783A7C19FF9BF13074E
:10FF1C00A0026398E7006304090013092003CA8553
:10FF2C00C5B7631C090026859730FF1FE78020CBDF
:10FF3C0009C55C2193E707015CA1A6854A85EF7092
:10FF4C004FBF85BF011126CA99476C85AA842E859F
:10FF5C008D4522CC4AC806CE328936847C84EFE0AB
:10FF6C002FC52AC61DC9AA854A8502942A8419E57B
:10FF7C002C002685EFF04FB62A8411C53245972008
:10FF8C00FF1FE780004D2685EFF09FC8F2402285C9
:10FF9C006244D2444249056182804D44EDB741111F
:10FFAC0022C42E862E84971600009386A66A894555
:10FFBC0006C626C24AC02A89EFF0DFF80C20AA84B4
:10FFCC004A85EFF09FDAB2402244024926859244DA
:10FFDC004101828083A7C19F85CB9C4395C71D712E
:10FFEC00A2CC86CE984110082A843AC8D8418545BF
:04FFFC003ACA8297E4
:020000021000EC
:1000000011C548862A206C00EFF03FFAF64066449E
:10001000256182808280AA872E8591CFFC5781CF6F
:10002000982398A1983398B1B82BB8A1982FDC4B9E
:10003000B8B1DCC18280414681451713FF1F6700BC
:1000400003A683A701A081C79C4791C38287094566
:10005000828003A701A61DC75843AA8705450DC77F
:1000600003A50708411106C6930605021306050CF1
:1000700093050506130505040297B2401375F50FA5
:10008000410182800545828082804DC9357122CD33
:100090002A840A2126CB52C556C35AC106CF4AC963
:1000A0004EC7DEDE2E8AB28A368B9730FF1FE7807E
:1000B000C0B3AA8431C50C182285EFF0DFF53C20CF
:1000C000938B6400A9CBEF702F822A89014583C9E5
:1000D0005400EF603FFFAA840C100818EF10803A1C
:1000E00008542C10EF10A03ADE88A68B5AC04E8818
:1000F000DE874A8714103010D6855285EF20806243
:10010000FA406A44DA444A49BA492A4A9A4A0A4BA6
:10011000F65B0D618280EF603FFDAA89014503C94E
:100120005400EF603FFA2ACE08540C10EF108035CF
:100130002C100818EF10A035F2484DBF8280AA8716
:1001400001CD1855414511CBFC5781CB28333D4794
:100150006375A700882F8280414582806DC541115B
:1001600022C406C626C2AA872E840945E1C998334F
:100170007D761306F67F98A1B8234D4598B1B83324
:10018000B8A1D823B8B1D433DA21858AA20613776F
:10019000F7EF558FDAA1D433334707081377F7DF2A
:1001A00093D61648A606558FDAA1D43333470708ED
:1001B0001377F7BF93D62648AA06558FDAA1D43312
:1001C00033470708718F93D63648AE06558FDAA1AC
:1001D000F42333470708799B858A558FDAA1F423E6
:1001E00033470708759B898A558FDAA1F423334773
:1001F00007086D9B918A558FDAA1F823DE21218BA8
:10020000DD9BD98FDEA1EF704FFAAA845145EF70C4
:10021000CFF9383093F4F40FAA8749456360970209
:1002200093F7F70F63ECE70018209147614563E708
:10023000E7001830854763E3E7000145B2402244F8
:100240009244410182800945828015C52A87AE8784
:10025000094585C5411106C6143313851700194693
:1002600094A1930527009700FF1FE780C07CB24050
:100270000145410182800945828082800DC9AA879B
:100280002E8709459DC5411106C6B4239033130539
:100290002700A206D18E96A12146938537009700AC
:1002A000FF1FE7804079B240014541018280094546
:1002B000828082801DC12A87AE8709458DC1411188
:1002C0003E8541469305170006C69700FF1FE7804D
:1002D0008076B2400145410182800945828082805A
:1002E000AA87094591CB89C99C333D476145636520
:1002F000F7009CA101458280828005C52A87AE87D0
:10030000094595C141113E85130600049305170068
:1003100006C69700FF1FE7800072B2400145410109
:1003200082800945828082801D71A2CC2A84084582
:1003300086CEA6CA23060100042135479387F4FF21
:1003400093F7F70F6360F70A176701001307073287
:10035000B3C7E7209C43BA9782870C08EFF01FE0F1
:10036000C947631AF50499475C862A206C00EFF0B0
:10037000DFC3F6406644D644256182800C08EFF066
:100380003FF60DED2A209730FF1FE7800086A1473A
:1003900011CD5825631AF70403A701A09D4719C77B
:1003A000184309C71008A6850297AA875C8629A06A
:1003B0000C08EFF0BFEC79D51C86C5FB2A20EFF0C6
:1003C000FF8545BF0C08EFF05FE8F5B71C31230847
:1003D000F1004DBF0C08EFF05FF2F1BF0C08EFF039
:1003E0007FEDD1BF9D4749B703A7C19F45BF4111CD
:1003F00022C406C626C24AC01821930720092A84AF
:100400006314F7101C3139476391E70A56210967D5
:10041000610781476394E608938441A088403DCDFD
:100420000C4403C90500631D09001C2185052146F4
:10043000A9CB29059700FF1FE780E05F9C40B1CF63
:1004400049459700FF1FE780E04F2A841DC19307AD
:1004500010FC1CA1A30025018C400905414689051B
:100460009700FF1FE780205D9C40A2858833EF50F6
:10047000EFF788409720FF1FE78060FE23A201A0CE
:1004800029A809059700FF1FE780E05AEF30C0391F
:1004900005494DF59C40238027018547B240224401
:1004A000924402493E85410182801307E003639B29
:1004B000E706382195476317F7024A21EFF0AFC6E8
:1004C0009147E31CF5FC83A7C19FE1DB9C47F1D773
:1004D00072244A20930564002244B24092440249A7
:1004E00041018287A147631BF7006C204A20224408
:1004F000B2409244024941016FF09F979306000376
:100500008147E31DD7F8D5B79306000A8147E31763
:10051000D7F8EFF07FE1084449D19720FF1FE7802B
:1005200000F4A5BF81479DBF011122CC06CE26CA8B
:100530004AC8094415CDAE8409449DC92A898D4510
:100540006800EF607F8C1C8726866C0093F7F703AA
:1005500093E707044A855C87EF20C0132A8409E9E2
:100560000D466C00138534009700FF1FE780A04CF8
:10057000F24022856244D2444249056182805D7125
:100580004EDE86C6A2C4A6C2CAC052DC56DA5AD80B
:100590005ED6894955C9328989495DC6138B4500A4
:1005A0002A8AAE8A334B0B08930530055A8597206B
:1005B000FF1FE78060DE2A84CD4959C5EF60BFB4D4
:1005C000AA845686D28593DA840013DA040193FB59
:1005D000F40F1305440093FAFA0F137AFA0FE1802F
:1005E0009700FF1FE780805BA30174012301540182
:1005F000A300440104A0EF607FB0AA85414608082B
:100600009700FF1FE7808059214734005A86A28552
:100610000808EF20A02EAA891DE121462C00230006
:100620007901A300590123014901A3019900130590
:1006300049009700FF1FE7806056EF609FAD22855D
:100640009720FF1FE780A0E1B64026449644064964
:10065000625AD25A425BB25B4E85F2596161828026
:10066000411126C2AA842E854AC006C622C42E89FC
:100670009720FF1FE780605779C1405979C05C30EF
:10068000094793F6B70F6387E60011471305E00F9C
:100690006393E7081E200945639F27071309840019
:1006A0004146A6854A859700FF1FE780C03841462E
:1006B000A685130584019700FF1FE780C0373830F7
:1006C00085469307F7FE93F7F70F63ECF604930460
:1006D000C40383A701A6C14526858DC79C4F9DC332
:1006E00082979306C4022686CA852285EFF0FF9979
:1006F0003C2081CF22852244B240924402494101EC
:100700006F00507EEF604FF0E9BF3830C947E30318
:10071000F7FE3CB00145B2402244924402494101F7
:10072000828093071005E317F7FE3C20E5D722856A
:100730002244B2409244024941016F10E000094551
:10074000D9BF4945C9BF39C9011122CC26CA06CE35
:10075000AA842E84094595CD0D468D052800970065
:10076000FF1FE780402D1C8570002C0093F7F703D6
:1007700093E7070426855C85EF10D07119E90D46D3
:10078000A28568009700FF1FE780803C7D15333508
:10079000A000F2406244D244056182800945828013
:1007A000011152C42A8A32854EC656C25AC006CE9C
:1007B00022CC26CA4AC82E8BB28AB6899720FF1F40
:1007C000E780A04209ED8944F24062444249B249BF
:1007D000224A924A024B2685D244056182805C59A6
:1007E0002A89C544F5F34D45EF702F9C1374F50F1E
:1007F0005145EF708F9BE38809FC03C78901E364CF
:1008000087FC9377F50FE3E0E7FC930530051305CC
:1008100040089720FF1FE78020B8232AA9022A84D6
:10082000CD445DD11306400881459700FF1FE78046
:100830000027A301040023014401230264012310C3
:1008400054012326340723240402A302040063076F
:100850000A002285EF005063AA8419E18144ADB7F4
:100860004A85EFF08FC98DB7397122DC06DE26DAB2
:100870004AD84ED652D456D25AD05ECE62CC66CA30
:100880000944630A0610BA84094463060710AA8B58
:100890002E89328B368C9720FF1FE7800035AA8A7D
:1008A000514475C99305300541459720FF1FE780E6
:1008B000A0AEAA894D4465C198309C2003CA34007B
:1008C00022075D8FBC20620AC207D98F336AFA0003
:1008D00083A78A0263E647017D5709446398E70AC4
:1008E0006307090083C74A000544898BC5C32146B5
:1008F00081450A859700FF1FE780601A930C4C0022
:1009000093053005B3CC0C0866859720FF1FE78060
:10091000A0A82A894D443DC96286DA851105970051
:10092000FF1FE780A0271146A6854A859700FF1F75
:10093000E780C026414693858A014E859700FF1FB8
:10094000E780C02521478A866686CA854E85EF10D6
:10095000F07A2A841DE521468A8528009700FF1F2A
:10096000E780C02321469385440028009700FF1F9D
:10097000E780001E8547631EF502D2855E85EF7015
:100980002FBE4A859720FF1FE78060AD4E859720D8
:10099000FF1FE780C0ACF25022856254D254425906
:1009A000B259225A925A025BF24B624CD24C2161EC
:1009B00082800544F9B7797122D406D626D24AD06E
:1009C0004ECE2E849397556063D607049754FF1F2D
:1009D00093848479A8309700FF1FE780C0FC2AC663
:1009E00009CDEFF0DFA0B24511E5A8209307F00F85
:1009F000631FF5002E85EF504F9A1319F468B2501B
:100A000022549254F2494A85025945618280EF503E
:100A1000EF9DE5B713F9150063070900EFF04FC02C
:100A200013491400E9BFE1DD854421A0850493F456
:100A3000F40FEFE07FE7E3F4A4FCB3179028B3C909
:100A40000708E18FE5D74E85EFF08F8FC167FD175F
:100A50006305F500DD45EFF00FB23349340145B7CA
:100A600023A201A023A001A023AE019E9757FF1F40
:100A70009387C76E170700001307075D98C3170712
:100A800000001307472ED8C317F7FFFF1307071DF2
:100A900098C79757FF1F9387A76B17170000130777
:100AA000874298C317170000130707FDD8C317170D
:100AB00000001307872798C782809757FF1F83C7B7
:100AC000E76AA18B014789C71757FF1F13070769FB
:100AD00023A0E1A0014582809757FF1F83C70769C4
:100AE000918B014789C71757FF1F1307676623AE0E
:100AF000E19E01458280011106CE2AC6EFF05FF625
:100B0000324599459757FF1FA381A766EFD0FF860F
:100B1000F24017F5FFFF1305452D05616FE07FD902
:100B20001C5599C321458280411122C426C22A84C2
:100B3000AE84130500049305300506C64AC097200D
:100B4000FF1FE780608508D479C513060004A685D9
:100B50009700FF1FE78020EE7454B82A9377870030
:100B6000EDCB1C54BC23A18BEDC783270408C5E73C
:100B700093053005130500109720FF1FE780C08103
:100B8000AA872320A4080D45C1CB74549C30983209
:100B9000D1CB3337E0000E07936707016C545CB08C
:100BA000B829058B19CB1854854638230D8B63164D
:100BB000D70078201367170078A00327040809C717
:100BC00078201367870078A00547639DE70C130919
:100BD0008400414681454A859700FF1FE78020EC4D
:100BE00081451305840141469700FF1FE78020EBF4
:100BF0009304C40383A701A6C1452685B5CF9C4FA6
:100C0000A5CF829783270408BDCB2285EF00D03380
:100C10009307000549C12145B2402244924402494C
:100C200041018280A1473DFBBC20918B91E7BC2A0A
:100C3000918B99E385479DB7982094229547330778
:100C4000F702976701009387E7A5BA97B6979C23A9
:100C5000B1B79C3081C79032E14729F2BC205D8F4B
:100C6000118B69DB9820954794223307F702976729
:100C700001009387E7A4D1BFEF600F9961B7228588
:100C80009306C4022686CA85EFF02FC02285EF00A6
:100C9000702551F1C1470A203CB08145EF60DFF675
:100CA00001459DBF13F7870141C7C18B93048400A1
:100CB0004146A1CB890526859700FF1FE780A0D775
:100CC00081451305840141469700FF1FE78020DD21
:100CD0007C201309C403C14593E747007CA083A788
:100CE00001A64A8595C79C4F85C78297832704082C
:100CF0009DC32285EF00502519FD930720053CB0C8
:100D000045B7814526859700FF1FE78040D94DBF35
:100D1000EF608F8FE1BF9306C4024A86A6852285C5
:100D2000EFF0AFB62285EF00F01BCD4769D9E5B5EE
:100D3000094785456388E70093F7D70F1147639606
:100D4000E70089450A20EF603FEC7C2093E74700ED
:100D50007CA08327040881C7930710054DB7C547BA
:100D600079BF3C2163830726397122DC06DE26DA4F
:100D70004AD84ED652D43C31130750052A84639585
:100D8000E70803497500138A01A69309C503935721
:100D90003900AA97842783270A00C1454E85B5C329
:100DA0009C4FA5C3829783270A00A1C79C47B1C364
:100DB0000325040813797900B3D62441858A930565
:100DC0000504180893E606084E8613050508829761
:100DD0001375F50F19ED41460C081305C402970071
:100DE000FF1FE78040C52285EF00D00F9307600505
:100DF0003CB0F2506254D2544259B259225A216145
:100E00008280EF606F8045B7130710026392E7029C
:100E10001C5503270508DE2361EB13F7071069C78C
:100E200078555A2B1377071061C3930770023CB0B3
:100E30003C3013077002639FE70C3C5885E3930531
:100E4000300571459710FF1FE780005528D819C558
:100E5000714681459700FF1FE78060C42458A1C8F0
:100E6000BC2C89E72285EFF08FADA8AC28588145CE
:100E700041469700FF1FE78080C228583D472C2D30
:100E80009387F5FF93F7F70F6364F700EF50DFF7F1
:100E9000EF40DFDF3C58A1458AAB13852701EF50B7
:100EA000BFF62C580A20EF003033631A0510930761
:100EB00080023CB00A209720FF1FE78000D3414604
:100EC00009C57E2513D617003E966254F250D254BF
:100ED0004259B259225A1755FF1F034515290606D4
:100EE000854521616F405FF213F7072009CB7854E5
:100EF0005A2B1377072001C7930790020DBF93F772
:100F000007409DD77C54DE2B93F7074095D393077A
:100F1000B00231BF130780026397E7023C5899C7BC
:100F20008E2B0A2013862701EF0070301C54DE231D
:100F300013F7072029CF78545A2B1377072021CB9A
:100F400093079002BDB713079002639BE700EF6021
:100F50004F9AAA850A20EF00902C9307A00291BF18
:100F60001307A0026390E704EF600F98AA858547F6
:100F700001456384F500814505452EC6EF608F94D9
:100F80002A86B2450A20EF0030261C54DE2393F750
:100F900007409DC37C54DE2B93F7074091CF930706
:100FA000B00201BF1307B0026398E700EF600F952E
:100FB000AA850A20EF00102B9307F00215BD3830E8
:100FC0009307F002E318F7EE2DB58280411122C499
:100FD000405926C206C67C54AA84DE2B13F707109C
:100FE00011C718545A23137707100DE313F707207E
:100FF00011C718545A231377072009EB93F70740BA
:101000008DCB1C54DE2393F7074085C7930710024E
:101010003CB02285EFF0FFD438309307F002631E16
:10102000F7002244AA20B2409244814541016FE07A
:101030009FD49307F0023CB0EDB7B24022449244F3
:1010400041018280397122DC405926DA4AD84ED6D5
:1010500006DE2A89AE84B289630204382A211E2062
:10106000639FA7103C20638607389387E5FF93F7BB
:10107000F70F2D47636FF736175701001307076601
:10108000B3C7E7209C43BA97828722856254F25007
:10109000D2544259B259B28521616FF07FA84146BE
:1010A000CE851305C4049700FF1FE780C0982285F2
:1010B0009D25383093074005631AF7009307900584
:1010C0003335A000931435003CB05DA8930660054D
:1010D000D147E317D7FE9307A005DDB71309C40571
:1010E0004A854146CE859700FF1FE780C0940325BF
:1010F00004084DC53C30130790056397E70022852F
:1011000055259307E00595A81307A0056392E70806
:101110007C3013D73700229714279D8BB3D6F64027
:10112000858A83A701A693E60608B1CB9C47A1CB8D
:101130009305050818084A86130505048297137558
:10114000F50F15ED41460C081305C4049700FF1F69
:10115000E78000A07C304D47850793F7F70F7CB000
:10116000E36FF7F885451755FF1F034515009720D6
:10117000FF1FE7800092930750053CB031A8A144BF
:10118000F25062544259B2592685D254216182806C
:101190001307C005E385E7F68144DDB793098400B2
:1011A0004A86CE8522851408EFE03FEE414693053E
:1011B000C40408089700FF1FE780809971D18A86D0
:1011C0001306C403CA854E85EF10E069A1440DE102
:1011D0002285EFE0DFF62A870A209757FF1F83A7B3
:1011E00067F8814601468A858297B334A0008E0451
:1011F00093072002D1BD0C22EFE0FFB771BF38305A
:10120000930720026317F71E7C5889EB930530057E
:1012100071459710FF1FE780201868D86858630A47
:10122000051C4146CE859700FF1FE780C0806458AB
:101230002285EFE0DFF0A8AC930730023DBF3830E5
:10124000930730026317F71A1E22685821469385C8
:1012500029001EA9490597F0FE1FE780C07D7C5438
:10126000DE2B13F727002DC718545A23098B2DC3E3
:101270009307400219B7383093074002631BF716F3
:101280003C5C81EB85455D459710FF1FE780C010F2
:1012900028DC285CE30205F083C709004146CE85BF
:1012A0007CA997F0FE1FE780007993075002F1B503
:1012B000383093075002631EF712285C1946938555
:1012C0001900410597F0FE1FE780E0767C54DE2B85
:1012D000918B95CF1C54DE23918B95CB93076002A5
:1012E00069BD7C5C89EB9305300551459710FF1F64
:1012F000E780800A68DC685CE30305E84146CE8548
:1013000097F0FE1FE78020737C5C7D5798CB4A8561
:10131000EFF0DFCB51B50325040813060004CE859A
:101320001305050497F0FE1FE780E0702285EFE0CB
:101330005FD23C30130700056395E7009307400533
:101340002DBD13071005E38FE7E013072005E39594
:10135000E7E483A701A6E38407E29C47E38107E271
:1013600083250408930484001808938505088146A2
:1013700026862E8582970A201008A685EF60BF91E9
:101380009307B005DDBB38309307E0056313F7061C
:101390008325040841464E8597F0FE1FE780407B79
:1013A000AD44E30F05DC032504084146CE8597F0E4
:1013B000FE1FE78040682285EFE07FD82A872C58FF
:1013C0000A209757FF1F83A7E7D9814601468297D6
:1013D000B334A0008E0493071002FDB1AD47E39D26
:1013E000F5DA14222E21130665000821EF60CF875D
:1013F00065B39D4471B3AA87094541C6D9C11CA2F2
:101400009C211CB29C313CA2BC213CB2BC31A30249
:1014100006005CA2DE2193D787485CB2DA211377FD
:10142000072001C793E727005CB2DE2193F707404E
:1014300089C75C3293E747005CB2DE211317B028FE
:10144000F98F89C75C3293E787005CB223030600FB
:10145000DE21858B7CA2DA21098B01C793E7270067
:101460007CA2DE21918B89C77C2293E747007CA276
:10147000DE21A18B89C77C2293E787007CA20145EE
:10148000828082802E86AA8505456FF0DFF62E8643
:10149000AA8509456FF03FF68DC52A87094505C71E
:1014A000411106C6AE878D4694A1138517004146AB
:1014B000BA8597F0FE1FE7800058B2400145410110
:1014C00082800945828082808DC52A87094505C7AB
:1014D000411106C6AE87914694A113851700414677
:1014E000BA8597F0FE1FE7800055B24001454101E3
:1014F00082800945828082808DC52A87094505C77B
:10150000411106C6AE87994694A11385170041463E
:10151000BA8597F0FE1FE7800052B24001454101B5
:1015200082800945828082809DC92A87094515CB22
:10153000411106C69D4694A11623AE871385370038
:1015400094B116232146A182B4A19305270097F0F8
:10155000FE1FE780404EB2400145410182800945AF
:10156000828082808DC52A87094505C7411106C63C
:10157000AE87A14694A1138517004146BA8597F01E
:10158000FE1FE780404BB240014541018280094582
:101590008280828085C92A8709451DC7411106C6F8
:1015A000A54694A11423AE871385270094B119464C
:1015B0009305170097F0FE1FE780E047B240014512
:1015C000410182800945828082808DC52A87094534
:1015D00005C7411106C6AE87A94694A11385170019
:1015E0004146BA8597F0FE1FE780E044B2400145CE
:1015F0004101828009458280828095C52A870945FC
:101600000DC7411106C6AE87B14694A113851700D8
:1016100013060004BA8597F0FE1FE780C041B24070
:101620000145410182800945828082808DC52A87DB
:10163000094505C7411106C6AE87B54694A1138575
:1016400017004146BA8597F0FE1FE780C03EB240C2
:10165000014541018280094582808280AA8709452F
:1016600081C999C7154798A19C2301459CB18280E7
:101670008280AA87094581C999C72D4798A19C23D3
:1016800001459CB1828082800DC55D718A8586C6C8
:10169000A2C42A84EFE03F980A200A869706000039
:1016A000938686DE9D45EFE0BF8AB64026446161A1
:1016B0008280054582800DC55D718A8586C6A2C47B
:1016C0002A84EFE05F950A200A8697060000938639
:1016D00046DC9D45EFE0DF87B640264461618280AD
:1016E000054582805D71A2C49305C5022A844146E6
:1016F0000A8586C697F0FE1FE780E0330A200A8637
:1017000097060000938686D9C545EFE07F84B640F2
:101710002644616182805D71A2C49305C5032A8459
:1017200041460A8586C697F0FE1FE780C0300A2032
:101730000A8697060000938666D9C545EFE05F816B
:10174000B64026446161828083A701A6A9CB9C4351
:101750005D71A2C486C62A841305E00F8DCF0325D0
:1017600004089305050C13050508829783250408D2
:10177000130600040A859385050897F0FE1FE7808D
:10178000802B0A2097060000938666E70A86930559
:101790001004EFE0EFFBB640264461618280130540
:1017A000E00F8280317122DD2A840A2126DB06DFE8
:1017B0004AD94ED752D556D35AD15ECF62CD66CBD9
:1017C0009710FF1FE78060423C58AA8489EB93057D
:1017D000300571459710FF1FE78000BC28D82858B6
:1017E000CD4705C97146814597F0FE1FE780202B44
:1017F000032904072285EFE09F94230DA9003C20D4
:10180000138901A663820712832709008DE39307DA
:10181000E00FFA506A54DA544A59BA592A5A9A5A75
:101820000A5BFA4B6A4CDA4C3E852961828003AC34
:101830000701E30E0CFC032B0408EF50FF8AAA8B70
:101840000145EF503F88DC303458130B0B029309ED
:10185000C403130AC405938A64002A8736C0B337C9
:10186000F000930801045688B33670015286CE8585
:101870005A85029C1C54B8232307E1029833A3061F
:10188000E1029C232306F10283270900C9D383AB1D
:101890004701E38E0BF6DC30B337F0003ECEEF505D
:1018A000BF842A8B0145EF50FF8103270408F247CC
:1018B0002AC03AC2B3386001568878109306840073
:1018C0004E86D2858800829B7C54B82B2305E1028A
:1018D0009833A304E1029C232304F1028327090027
:1018E00003AB4701EF505F802A890145EF508FFD20
:1018F00083C854009C082A883EC2B3381001B3370D
:1019000020013810930684015286CE8556C0880087
:10191000029B0A2097060000938686D19008C54551
:10192000EFE00FE3AA87F5B5D43083270900032B36
:101930000408B336D00083AC070136CEEF50CFFA9F
:10194000AA8B0145EF500FF83C58F246130B0B02DF
:10195000130AC4059309C403938A64002A88930870
:1019600001044E86D2853EC05687B33770015A8532
:10197000829C1C54930B0103B8232307E102983384
:10198000A306E1029C232306F1028327090083AC0E
:101990004701DC30B337F0003ECEEF50EFF42A8B36
:1019A0000145EF502FF2F2472AC0B3386001568844
:1019B0007810930684004E86D2855EC28800829C91
:1019C0008325040841465E8597F0FE1FE780401896
:1019D000AD47E31B05EE35BD2E86970600009386C6
:1019E000E6B1C5456FE0CFD65D71B287A2C44C8029
:1019F0002A84BE8513051100194686C697F0FE1F7E
:101A0000E78060030A862285970600009386C6B8A1
:101A1000A145EFE0EFD3B6402644616182802E8677
:101A200097060000938646B4C5456FE06FD25D719E
:101A3000B287A2C46C802A84BE851305210021468A
:101A400086C697F0FE1FE78000FF0A86228597066C
:101A500000009386A6ADAD45EFE08FCFB64026449B
:101A6000616182802E8697060000938646B6C54542
:101A70006FE00FCE797122D406D626D24AD03C31FF
:101A8000130730052A846385E7081307500563961A
:101A9000E708034975009307A0053CB19357390047
:101AA000AA97842783A701A61305C503C145B1CF13
:101AB0009C4FA1CF829713797900B3D62441858AB0
:101AC00093E6060883A701A69DCB9C478DCB0325F3
:101AD000040818081306C403930505041305050834
:101AE00082971375F50F01ED1305C40241460C08EA
:101AF00097F0FE1FE78020F42285EFF0BFBEB250C2
:101B000022549254025945618280EF50EFAF65B77D
:101B1000930790053CB1814675B713071002639196
:101B2000E7027C5503270508DE2B79EF13F7170032
:101B300061CF18555A23058B61CB930720023CB027
:101B40003C30130720026398E70E3C5889EB93055D
:101B5000300571459710FF1FE780008428D824586E
:101B6000A5CC2285EFE0AFDDA8AC285881454146E1
:101B700097F0FE1FE780A0F228583D472C2D938751
:101B8000F5FF93F7F70F636BF70283C7C1A6CDC3C9
:101B900041468145080897F0FE1FE78040F019464E
:101BA0009745FF1F9385C53B080897F0FE1FE78008
:101BB00080E830580C082E85EFA0F01CEF400F8D08
:101BC0003C58A1458AAB13852701EF50EFA32C5851
:101BD0000A20EFF07FE001E5930730023CB00A20D5
:101BE0009710FF1FE7806000414611C17225225403
:101BF000B250925402591745FF1F03451557060668
:101C0000854545616F404FA013F7270001CB18545D
:101C10005A23098B01C79307400215B7918B8DD3C7
:101C20001C54DE23918BE38D07F09307600201BF04
:101C3000EF508F9D61B7130730026396E7023C585F
:101C400099C78E2B0A2013862701EFF05FDE7C54A4
:101C5000DE2B13F7270039CB18545A23098B39C7C9
:101C600093074002A5BF13074002639CE700EF50B3
:101C70004FC8AA850A20EFF09FDA9307500239DD9A
:101C8000B9BF13075002639CE702EF50EFC5AA8566
:101C9000054599C1854501452EC6EF50AFC22A863C
:101CA000B2450A20EFF05FD47C54DE2B918B95C3B4
:101CB0001C54DE23918B91CF9307600205B7130765
:101CC00060026398E700EF506FC3AA850A20EFF027
:101CD0007FD97C5403270408DE2B09EF13F7071084
:101CE00011CB18545A231377071009C793077002B2
:101CF0003CB031B513F7072009CB18545A2313779A
:101D0000072001C793079002E5B793F7074089CBF7
:101D10001C54DE2393F7074081C79307B002C9BF65
:101D20009307F002F1B7397122DC26DA4AD84ED691
:101D300006DE52D42E89B289AA849710FF1FE7804D
:101D4000C0EA4059414681450A8597F0FE1FE78069
:101D500000D535C4035A040063139A06383093073C
:101D60001002631FF7028327040899CF2C58A1C9DA
:101D70005285EF10902C0545F2506254D2544259CE
:101D8000B259225A216182808A861306C4059305BE
:101D9000C40313058400EF00102D15E18A85C9BF27
:101DA0002C5891CD9E29639C37012146C9054A854F
:101DB00097F0FE1FE780C0D919C12C5855BF268562
:101DC0009710FF1FE78060E22A8455D54C55B9C1B2
:101DD0009E29639137052146C9054A8597F0FE1F64
:101DE000E78000D785476317F50283C7B18489C7A9
:101DF0004C54BC3D6392A70CBD452685EF10D01E08
:101E00009747FF1F83A7C70781C789451D4582974D
:101E100001459DB71389B1A6834709009749FF1F64
:101E200093890903858B8DCF583083C741A66319E9
:101E3000F7021946938551A61305640097F0FE1F1B
:101E4000E78000D18547631DF50083A7090381C79B
:101E500091451D458297BD452685EF10F01821BF9D
:101E600003C7C1A683A7090331CB03470900098B28
:101E700009CB81C795451D4582972685EF10301CFB
:101E8000DDBD81C78D451D458297414681450808C6
:101E900097F0FE1FE780A0C019469745FF1F938566
:101EA000250C080897F0FE1FE780E0B80C082E8587
:101EB0000A86EFA0406D8A85268565BD8545C5FFEC
:101EC0006DBF797122D4405926D24AD04ECE06D663
:101ED000AA892E89B284630404622A211E20638B9E
:101EE000A7002149B25022549254F2494A8502591E
:101EF000456182803C20639207629387F5FF93F7E8
:101F0000F70F3147636BF76017570100130707801E
:101F1000B3C7E7209C43BA9782871C54F9F3930513
:101F20003005130500049700FF1FE780E04608D442
:101F30004DD99820914763F4E7000D4965B7983073
:101F40008547E3ECE7FE13060004A68597F0FE1F25
:101F5000E78060AE18547C54A30204005443D04B75
:101F6000FD75858A758ED62B9385F57FF99AD18E6E
:101F7000D6ABD04B5443758ED62B098AF59AD18EA9
:101F8000D6ABD04B5443758ED62B118AED9AD18E99
:101F9000D6ABD04B5443758ED62B218ADD9AD18E89
:101FA000D6ABD04B5443758ED62B1376061093F6D2
:101FB000F6EFD18ED6ABD04B5443758ED62B13761D
:101FC000062093F6F6DFD18ED6ABD04B5443758EF8
:101FD000D62B1376064093F6F6BFD18ED6ABD44BF4
:101FE0005043F18ED22B93D6B648AE066D8ED18E6D
:101FF000D6ABBC2B03250408A18BEDC73C23A18BDA
:10200000F5C3E31005EE93053005130500109700A6
:10201000FF1FE78060382320A40805D17C54A30269
:1020200004009830943399E649CB5C3093E707017C
:102030005CB021A0A1475CB06DFB2285EFF0AFE75B
:102040006C54BC29858B89CB1C54BC238D8B89C7D0
:102050007C2093E717007CA08327040889C77C2095
:1020600093E787007CA05C300547639EE70A414602
:1020700081451305840097F0FE1FE78040A281454B
:1020800013058401414697F0FE1FE78040A183A716
:1020900001A61305C403C145C1C79C4FD1C3829794
:1020A00003270408C14719C3930700050A203CB061
:1020B0008145EF507FB5014935B5B82B118B11E73C
:1020C000B820118B19E38547A5B79823942095472D
:1020D0003307F702974701009387C75CBA97B69713
:1020E0009C23B9B719C59700FF1FE780403723200D
:1020F00004087C54983309C7983019C3E1470DBFD1
:10210000B82B118B01E7B820118B55DF9823954729
:1021100094203307F702974701009387675A7DBFE2
:10212000EF409FCEB5BF13F7870135C3C18B1305B1
:1021300084004146B1C3890597F0FE1FE780A08F58
:10214000814513058401414697F0FE1FE7802095E5
:102150007C201305C403C14593E747007CA083A7F7
:1021600001A68DC39C4F99CF82978327040891CFF6
:10217000930720053CB081B7814597F0FE1FE780AB
:1021800000927DBFEF405FC8CDB7CD47E5B70947A7
:1021900089456386E70011476397E70085450A2074
:1021A000EF509FA621A01947E38AE7FE7C2093E722
:1021B00047007CA08327040881C7930710055DBFF3
:1021C000C5474DBF4146A6851305C40497F0FE1FC1
:1021D000E78060863C3013076005639EE700854515
:1021E0001745FF1F034575F89710FF1FE780608AAA
:1021F0009307500541B745476384E7029306C4023D
:102200001306C403930584002285EFD01FE82285BE
:10221000EFF04FCD3339A0000E09D1473CB0D9B112
:10222000C94789BF9309C4054E854146A68597F0E5
:10223000FE1FE78040800325040879C138309306EB
:1022400090056318D7002285EFF0EFCC9307E005E7
:1022500015B79306A0056318D706783003A601A624
:1022600093563700A29694266309062A032886000F
:102270006305082A1D8BB3D6E640858A0A8793E654
:102280000608930505084E86130505040298414685
:102290008A851305C40497F0FE1FE780608B13390D
:1022A00015002285EFF02FC77C30CD460A0985073F
:1022B00093F7F70F7CB01307600563F4F60013077C
:1022C000E00538B005B19306C005E316D7DE03A7D5
:1022D00001A66304072403288700630008249305EC
:1022E0000508930484000A87814626862E85029875
:1022F0000A200A86A685EF501F9A9307B0059DBD58
:102300008A864E86930584002285EFD01FD84146E9
:102310009305C4040A8597F0FE1FE7806083854714
:10232000E312F5BC2285EFF00FBF93071002E30321
:1023300005E445BE3830930770026310F71E7C58E1
:1023400089EB9305300571459700FF1FE780C004B6
:1023500068D868586303051CA685414697E0FE1FB0
:10236000E780606D64582285EFD07FDDA8AC9307CD
:10237000800209B53830930780026310F71A1E22D5
:1023800068582146938524001EA9490597E0FE1F41
:10239000E780606A7C54DE2B13F7072035C718549A
:1023A0005A23137707202DC393079002E1B33830E7
:1023B000930790026313F7163C5C89EB9305300595
:1023C0005D459700FF1FE78020FD28DC285C630641
:1023D00005144146A68597E0FE1FE780C065930778
:1023E000A00249BB38309307A0026318F7121C22E1
:1023F000285C1946938514007CA9410597E0FE1FCF
:10240000E78060637C54DE2B93F70740A1C71C5420
:10241000DE2393F707409DCF9307B002A1BB38306E
:102420009307B002631BF70E7C5C89EB93053005C4
:1024300051459700FF1FE78020F668DC685CE302E7
:1024400005AA4146A68597E0FE1FE780C05E7C5C3A
:102450007D5798CB03D529008145EFD0DF91A1B9F5
:1024600038309307F004E3FEE7A603250408E30AE7
:1024700005A613060004A6851305050497E0FE1FB4
:10248000E780605B2285EFF02FAC2A892285EFD0B0
:102490005FBC3C3013070005639FE70003D6E900EB
:1024A00085451745FF1F034555CC0606EF30DF95E0
:1024B00093073005A5B3130710056395E70093074D
:1024C0006005A9BB13072005E39EE7A09307C0059D
:1024D000B1B338309307E005E315F7A003250408EE
:1024E0004146A68597E0FE1FE780E0542285EFF085
:1024F0006FAB2A899307100215B30C22B9BF854729
:10250000E39BF5BA032846003C32382214322E21D0
:1025100010220145EF403FEA79BE1D49E1B28147F3
:10252000C1463307F500B388F500182383C80800B7
:102530003308F6008507334717012300E800E392CC
:10254000D7FE82803D4781477D583306E50014223F
:10255000B388E5007D178606D58F2380F8001C22FE
:102560009D83E31407FF82800147C1469377F70FED
:1025700063FDC700B307E5009C233388E500230013
:10258000F8000507E314D7FE8280918F93B71700F8
:102590009E07E5B701114AC84EC62E89AA89930540
:1025A0003005414506CE22CC26CA52C4328A970055
:1025B000FF1FE78060DE2A849305300541459700C0
:1025C000FF1FE78060DDAA845DC059C14146814597
:1025D00097E0FE1FE780A04C4E852286A685EF90EF
:1025E000907AAA8929E18307040063D90704A685A4
:1025F0002285EFF03FF54A86974501009385451403
:102600002685EFF0DFF18307090063DE0702A68568
:102610004A85EFF03FF352869745010093854512B6
:102620002685EFF0DFEF22859700FF1FE78020E38C
:1026300026859700FF1FE78080E20DA0CA852285CE
:10264000EFF05FF0C9B7D2854A85EFF0BFEFE1BF89
:1026500022859700FF1FE78080E0CD49F240624469
:10266000D2444249224A4E85B2490561828075D5DD
:10267000CD497DBF81474146B306F5003387F5005C
:10268000182303C8060085073347070198A2E3957E
:10269000C7FE8280011126CA4EC6AE84AA89930560
:1026A0003005130500034AC806CE22CC32899700B4
:1026B000FF1FE78060CE2DC51306000381452A84E5
:1026C00097E0FE1FE780A03D4146CE85228597E03A
:1026D000FE1FE780A04CA6850D461305D40197E0A8
:1026E000FE1FE780A04B1306040293050401228518
:1026F000EF907069AA840D469305D4024A8597E04D
:10270000FE1FE780A04922859700FF1FE78020D5A4
:10271000F24062444249B2492685D2440561828032
:10272000CD44FDB75D7152DC62D42E8A2A8C9305AC
:10273000300513050003A6C2CAC04EDE56DA5AD8C9
:102740005ED686C6A2C4B28B368BBA84BE8A428954
:10275000C6899700FF1FE78020C463040510130695
:10276000000381452A8497E0FE1FE78040334146FD
:10277000E285228597E0FE1FE78040424146814581
:102780000A8597E0FE1FE78080311D46DE850A85B9
:1027900097E0FE1FE78080401D46DA851305710033
:1027A00097E0FE1FE780803F33392001B33490006B
:1027B00041468145080823072101C48797E0FE1F91
:1027C000E780E02D1946D685480897E0FE1FE78090
:1027D000E03CCE8519461305A10197E0FE1FE78076
:1027E000E03B130904014146D2854A8597E0FE1F6C
:1027F000E780C03A8A854A85EFF0DFE79309040253
:102800004E86CA852285EF901058AA840DE941466C
:10281000CE854A8597E0FE1FE780E0210C084A85B7
:10282000EFF05FE54E86CA852285EF90D055AA84E9
:1028300046454146CE8597E0FE1FE780203622853B
:102840009700FF1FE780A0C1B64026440649F25911
:10285000625AD25A425BB25B225C26859644616121
:102860008280CD44D5B701114EC652C4AE892A8AA2
:10287000930530051305000326CA4AC806CE22CCAC
:10288000B28436899700FF1FE78000B135C52A84DE
:10289000D285414697E0FE1FE7804030130A0401CD
:1028A000CE852146528597E0FE1FE780202FA68522
:1028B00021461305840197E0FE1FE780202E93092F
:1028C00004024E86D2852285EF90F04BAA844146C1
:1028D000CE854A8597E0FE1FE780402C2285970031
:1028E000FF1FE780C0B7F24062444249B249224A22
:1028F0002685D24405618280CD44F5B739715ECE1C
:1029000062CCAA8B2E8C41459305300506DE4ED64F
:1029100052D45AD066CA6AC8B289B68C3A8D22DCC3
:1029200026DA4AD856D29700FF1FE780E0A62A8A07
:102930009305300541459700FF1FE780E0A52A8BEE
:1029400063040A1415E552859700FF1FE78020B144
:102950004D44F25022856254D2544259B259225AFF
:10296000925A025BF24B624CD24C424D2161828002
:102970002A86D2855E85EFF0FFC12A8401CD52857B
:102980009700FF1FE780A0AD5A859700FF1FE780E3
:1029900000ADC1B79305300541459700FF1FE780A3
:1029A000A09FAA849305300541459700FF1FE7804B
:1029B000A09EAA8AF9C409ED26859700FF1FE7802B
:1029C00000AA52859700FF1FE78060A94D446DBFA4
:1029D0001389F9001359494013F6F90063050904F6
:1029E0007D193349090829E2131549005686D28515
:1029F0006295EFF0DFB241468145268597E0FE1FE4
:102A0000E780E0098149B3C7090863F827051DC4B9
:102A100026859700FF1FE78080A456859700FF1F3B
:102A2000E780E0A3A9BF0149131549008A85629593
:102A3000EFF09FB35686DA850A8565BF9395490006
:102A40000A86E2952685EFF09FAD26868A855E850B
:102A5000EF9070332A8485097DB75DF80A86D685A4
:102A60002685EFF0DFAB26868A855E85EF90B03154
:102A70002A846A86A685668597E0FE1FE780A0FB0C
:102A800041BF21D14D4451BFE30405EC81B73971F9
:102A90005ECEAA8B594526DA4AD84ED652D456D2A3
:102AA0005AD062CC06DE22DC034C01042E8BB28AA3
:102AB000368A3AC6BE894289C68497E0FE1FE780FF
:102AC00060E825CD9167938717E91EA185473CA152
:102AD0002A84B2452105638A0B04930710033CB096
:102AE0001946814597E0FE1FE78060FB23035401F0
:102AF000A3034401230A8401231264012317340130
:102B00002318240126A8A2856254F250D2544259B7
:102B1000B259225A925A025BF24B624C1735FF1F90
:102B20000345856421616F306F8CA3010400194651
:102B300097E0FE1FE78020F055BFF2506254D25458
:102B40004259B259225A925A025BF24B624C2161AD
:102B50008280011152C42A8A314522CC26CA4AC831
:102B60004EC606CEAE893289B6843A8497E0FE1FFF
:102B7000E78040DD0DCD9167938717E91EA18D4752
:102B80003CA1A301450122A5624423123501231370
:102B9000250106A5F240D2444249B249224AAA85FB
:102BA0001735FF1F0345455C05616F302F84F240E8
:102BB0006244D2444249B249224A056182800111ED
:102BC0004EC6AA89394526CA4AC806CE22CC2E89C5
:102BD000B28497E0FE1FE780E0D621C1916793871A
:102BE00027E91EA19147A3013501231225012A845B
:102BF0003CA1A6851905214697E0FE1FE780A0E3CA
:102C0000A2856244F240D2444249B2491735FF1FBF
:102C10000345855505616F207FFDF2406244D24433
:102C20004249B2490561828001114AC82A89414559
:102C300026CA06CE22CC2EC6B28497E0FE1FE780BD
:102C400060D015CD9167B245938727E91EA19547BE
:102C50002A84231225013CA12146190597E0FE1F75
:102C6000E78060DDA28566A46244F240D244424916
:102C70001735FF1F0345754F05616F203FF7F24081
:102C80006244D244424905618280011152C42A8AB9
:102C9000394522CC26CA4AC84EC606CEAE893289EC
:102CA000B6843A8497E0FE1FE780C0C90DCD9167D6
:102CB000938717E91EA199473CA142A562442312BC
:102CC0004501231335012314250126A5F240D244E2
:102CD0004249B249224AAA851735FF1F0345C54814
:102CE00005616F20BFF0F2406244D2444249B249CC
:102CF000224A05618280797122D426D24AD04ECEF2
:102D000052CC06D62A842E8AB2893689BA84970094
:102D1000FF1FE78080ED11CD1306F00F2C002285F8
:102D20002314410123153101231621016487EFC0CB
:102D30001F91B250225492540259F249624A45619D
:102D40008280011152C42A8A394522CC26CA4AC837
:102D50004EC606CEAE893289B6843A8497E0FE1F0D
:102D6000E78040BE0DCD9167938717E91EA19D476F
:102D70003CA142A5624423124501231335012314CB
:102D8000250126A5F240D2444249B249224AAA85E9
:102D90001735FF1F0345453D05616F203FE5F240B4
:102DA0006244D2444249B249224A056182805D713F
:102DB0005AD82A8B13054002A2C4A6C2CAC04EDE4E
:102DC00056DA62D466D26AD06ECE86C652DC5ED641
:102DD000835D0105035D4105834C8105034CC105FD
:102DE000835A0106AE893289B6843AC43EC042C2D3
:102DF000468497E0FE1FE780E0B469C911672A8A1C
:102E0000130717E91AA193074A011307900238A183
:102E10003EC6A2452105930BEA0063020B08130787
:102E20001003A301EA001946814597E0FE1FE780E1
:102E300000C7194681455E8597E0FE1FE78020C6E2
:102E40001946814513054A0197E0FE1FE78020C51A
:102E500023032A01A3039A0023009A03A3008A03F1
:102E6000231D8A00264423123A01231EBA01231F80
:102E7000AA0123115A03B64096440649F259D25A80
:102E8000425BB25B225C925C025DF24DD285625A7B
:102E90001735FF1F0345452D61616F203FD5A30105
:102EA0000A00194697E0FE1FE780E0B882455E857C
:102EB000194697E0FE1FE78000B8924519461305B2
:102EC0004A0197E0FE1FE78000B759B7B640264495
:102ED00096440649F259625AD25A425BB25B225C6E
:102EE000925C025DF24D6161828001114EC6AA8939
:102EF000214522CC26CA4AC806CE2E89B284368401
:102F000097E0FE1FE78000A415C99167938717E932
:102F10001EA1B1473CA1A301350164A160B1624487
:102F200023122501F240D2444249B249AA851735FD
:102F3000FF1F0345652305616F205FCBF2406244AC
:102F4000D2444249B24905618280411126C2AA8415
:102F5000614506C622C497E0FE1FE780A09E3DC9DA
:102F60009167938717E91EA1930740023CA19C300B
:102F70002A84938564003CB1BC30B8202105A207A7
:102F8000D98F231EF5FEDC201946230FF5FEDC3019
:102F9000A30FF5FE97E0FE1FE780E0A9DC24A285E1
:102FA0001735FF1F0345451C7CA4FC24D834A20719
:102FB000D98F1EA8FC343CA89C283CB89C385CA83F
:102FC000BC285CB8BC387CA82244B2409244410181
:102FD0006F20DFC1B24022449244410182804111FE
:102FE00022C42A84194506C697E0FE1FE780809513
:102FF00015C19167938717E91EA1C1473CA142A162
:103000002244B240AA851735FF1F0345E51541014B
:103010006F20DFBDB24022444101828041110D4545
:1030200006C697E0FE1FE780E09115C1930710F9EF
:103030001CA19307E0031CB1C5473CA1B240AA857F
:103040001735FF1F0345451241016F203FBAB240BB
:103050004101828001114EC6AA89294522CC26CA87
:103060004AC806CE2E89B284368497E0FE1FE780D8
:10307000608D15C99167938717E91EA1C9473CA1C7
:10308000A30135012302250100A5624466A1F24097
:10309000D2444249B249AA851735FF1F0345C50CE2
:1030A00005616F20BFB4F2406244D2444249B24944
:1030B0000561828001114EC6AA892D4526CA4AC8DB
:1030C00006CE22CC2E89B28497E0FE1FE78080874F
:1030D00031C1930710F91CA19307E0031CB1CD4740
:1030E000A3013501230225012A843CA1A6851505EB
:1030F000194697E0FE1FE7800094A2856244F240E3
:10310000D2444249B2491735FF1F0345E505056121
:103110006F20DFADF2406244D2444249B2490561BA
:103120008280411126C2AA84214522C406C62E846B
:1031300097E0FE1FE780008105C59167938717E937
:103140001EA1D1473CA160A1224446A1B2409244B5
:10315000AA851735FF1F0345250141016F201FA9CF
:10316000B2402244924441018280411126C2AA8485
:10317000714506C622C497D0FE1FE780A07C59C1C6
:103180009167938717E91EA1930760023CA19C30C9
:103190002A849385A4003CB1BC30B8203105A20735
:1031A000D98F231CF5FEDC30D8201946A207D98F11
:1031B000231DF5FEFC30F820A207D98F231EF5FE53
:1031C0009C24230FF5FE9C34A30FF5FE97E0FE1F11
:1031D000E78060869C28A2851735FF1F0345C5F848
:1031E0003CA8BC289838A207D98F5EA8BC38A30B8E
:1031F0000400230C04007CA82244B2409244410104
:103200006F20DF9EB24022449244410182804111EE
:1032100026C206C622C49734FF1F9384E4F4F83014
:103220009307F00F630FF7022A84194597D0FE1F0A
:10323000E7804071AA8515C5930700FD1CA193077F
:103240007002A30005003CA11C303CB13C205CA1F5
:103250003C305CB12244E830B240924441016F20DE
:10326000FF98B24022449244410182809737FF1F69
:1032700083C7F7EF1307F00FAA856396E70017F3EC
:10328000FE1F6700C31D1307000D1AA1130780025C
:1032900038A13E856F209F95411126C2AA847145B1
:1032A00006C622C497D0FE1FE780C06959C5916742
:1032B000938717E91EA1930760023CA19C302A84E2
:1032C0009385A4003CB1BC30B8203105A207D98F4A
:1032D000231CF5FEDC30D8201946A207D98F231D08
:1032E000F5FEFC30F820A207D98F231EF5FE9C24A2
:1032F000230FF5FE9C34A30FF5FE97D0FE1FE78049
:1033000080739C28A2851735FF1F0345E5E53CA87F
:10331000BC289838A207D98F5EA8BC387CA8DC28C6
:103320007CB8DC381CACFC281CBCFC383CAC22440F
:10333000B240924441016F207F8BB24022449244BC
:103340004101828041114AC02A89214522C426C2F6
:1033500006C6AE84328497D0FE1FE780A05E05C506
:10336000930710591EA12301250160A1224446A103
:10337000B24092440249AA851735FF1F0345C5DEB6
:1033800041016F20BF86B24022449244024941016C
:103390008280411126C2AA84214522C44AC006C6A1
:1033A0002E89328497D0FE1FE780C0591DC59167D2
:1033B000938727E91EA1A1473CA164A160B12244E3
:1033C00023122501B24092440249AA851735FF1FF6
:1033D0000345B5D941016F207F81B2402244924418
:1033E000024941018280011152C42A8A314522CC0E
:1033F00026CA4AC84EC606CEAE893289B6843A84F9
:1034000097D0FE1FE78000541DC98567938717C9B1
:103410001EA1230145012303250122A56244231295
:10342000350106A5F240D2444249B249224AAA8552
:103430001735FF1F034545D305616F202FFBF24071
:103440006244D2444249B249224A05618280011154
:103450004AC82A891385C50026CA06CE22CCAE8466
:1034600032C697D0FE1FE780E04D0DCD8567B2458F
:10347000938717E924A1231225012A841EA131056F
:1034800008C4268697D0FE1FE780E05AA2856244D2
:10349000F240D24442491735FF1F0345E5CC056190
:1034A0006F20CFF4F2406244D244424905618280E9
:1034B000411126C2AA84194522C406C62E8497D07B
:1034C000FE1FE780204805C58567938717F91EA171
:1034D000854724A13CB142A12244B2409244AA852E
:1034E0001735FF1F034545C841016F202FF0B2403B
:1034F0002244924441018280411122C42A840D4514
:1035000006C697D0FE1FE780E0430DC1930710F970
:103510001CA1E9471CB120A12244B240AA8517355D
:10352000FF1F034565C441016F204FECB2402244A8
:1035300041018280411122C42A84214526C206C647
:10354000AE8497D0FE1FE780E03F0DC5916793875B
:1035500027E91EA1930700033CA160A1224446A1D4
:10356000B2409244AA851735FF1F034515C041019B
:103570006F20CFE7B2402244924441018280411142
:10358000214522C426C206C6AE84328497D0FE1FCF
:10359000E780403B15C18567938707391EA18547A2
:1035A0003CA162A1224446A1B2409244AA8503C52F
:1035B000619F41016F208FE3B24022449244410158
:1035C0008280011122CC26CA4EC652C456C25AC0AD
:1035D0001304F5FF06CE4AC8094BAA89AE84328A85
:1035E000B68A3344040863946513138B319F834771
:1035F0000B00C9CB03C916009C2222093369F900CC
:103600009737FF1F83D7C785F517635BF91C9307AF
:10361000C6FF6314F908314597D0FE1FE78080325A
:103620002A8439CD23134501930700F9150AA165B2
:103630001EA12311350144A18505528597F0FE1F77
:10364000E78080D508C405C983470B009385EAFF4E
:1036500013562A00FD172300FB0097D0FE1FE780BA
:1036600040401C44A28503C5619F89071CC4EF200C
:10367000EFD7814401A8228597F0FE1FE78020DE66
:103680009304F00FF24062444249B249224A924AFE
:10369000024B2685D244056182809307D6FFE34121
:1036A000F9FEB1473304F4029384019E9C40A29733
:1036B000B82719C7884309C597F0FE1FE78020DAAD
:1036C000A16513054900850583A904003345050854
:1036D00097F0FE1FE78040CC9C40A29923A0A90050
:1036E000A297884351DD0547B8A783470B00528650
:1036F000D685FD172300FB0097D0FE1FE780A0337F
:103700009C40A29723934701239227019DB78547A9
:10371000E398F5F6B1473304F4021389019E832739
:103720000900A297FA23884351CBDE23B306C700D2
:10373000910763C5D7083A95D68597D0FE1FE780D5
:10374000802F83270900A297FA233306EA00334625
:103750000608F2A3DE239107E31DF6F0314597D06A
:10376000FE1FE780201EAA851DC9930700F91EA130
:10377000832709002302650123113501A297FA234B
:103780009C437AA11CC503C5619FEF202FC68327E8
:103790000900A2972393070023850700D9BD83273B
:1037A0000900A297884365D597F0FE1FE78020CBDC
:1037B00083270900A29723A00700D1BF11C997F062
:1037C000FE1FE780C0C983270900A29723A0070036
:1037D00083270900A29723930700238507005DB57F
:1037E00091444DB56F9050776F9070786FA0C01B6B
:1037F0006FA0A03A6F90D07A411106C6EF90707713
:10380000B2400145410182806F90107C6F90D07D65
:103810006F90907F6FA020016FA0E0026FA0A004C6
:103820006FA060066FA020086FA0C0091C3218228C
:10383000A20733E6E7006FA0000B6FA0400C6FA05B
:10384000A00E6FA000116FA060136FA0A0186FA052
:10385000801A6FA0601C6FA0401E6FA020206FA078
:103860000022411122C60344C10226C4834401033D
:1038700003430101030E4101834E8101034FC10146
:10388000834F0102834241028343810222D63244A4
:1038900026D8A2441ED416D27ED07ACE76CC72CA56
:1038A0001AC841016FA060346FA0601F6FA0402153
:1038B0006FA020236FA000256FA0C0276FA0A029B4
:1038C0006FA0802B6FA0202E6FA000306FB0504EE5
:1038D00085672A871388A7C7691533450508636E6E
:1038E000A802138807C80145636AB80263E8E502C5
:1038F0001307301F6364C702138766FF938767C788
:103900003347070863ECE700050633460608B305AE
:10391000B6028E0633A5D500828001458280173815
:10392000FF1F130828850345180003A7C1A483A619
:10393000C1A21375F507D1C59042832748001376BD
:1039400006F8498E90C213F6150001CA93F50503D7
:1039500041466385C506938787C14165130505A068
:10396000B3D5A7025057B70810FEFD1813662600FE
:1039700050D7704333761601B3F7A702FD89D205FD
:103980004D8E70C31306A00FB705FCFFAA07B3D76F
:10399000C70270436D8EBA07B983D18F7CC383474A
:1039A0000800898B99CB98429C421377F7071367DD
:1039B000070493F707F8D98F9CC282809387078307
:1039C00069BF5C57F59B5CD79C4293F707F8C98F9A
:1039D0009CC2F1B7411106C69727FF1F2383077CBE
:1039E0009700FF1FE780A02AB24001454101828075
:1039F0007971B7E700E026D284433707200006D666
:103A000022D44AD04ECE52CC56CA5AC85EC662C4E0
:103A100066C26AC0F98C23A0E7180F1000001724B3
:103A2000FF1F13042475184415E323A097100545C0
:103A3000B250225492540259F249624AD24A424B3D
:103A4000B24B224C924C024D456182801737FF1FCA
:103A50000327C78009C723A097100945D1BF1C20A1
:103A6000328BB68A858BADC31729FF1F1309897264
:103A7000832749002A8AAE8999EB483C9305900434
:103A8000090597F0FE1FE78020912322A9008327D4
:103A9000490099E7B7E700E023A097100D4549BF1B
:103AA0000347290098A383274900630D0A04638B09
:103AB0000904A3803701032549004E86D2850905F4
:103AC00097D0FE1FE78020F79739FF1F938909924F
:103AD00003A7C9019547630AF70083C7090219477D
:103AE0006385E7000D476392E70283C7190289E700
:103AF000930780102390F902B7E700E023A0971006
:103B000001453DB7A3800700C1B7138AC1A383272E
:103B10000A0098430D8B1DC323800192B84B137785
:103B2000F78FB8CB98431367870098C39C4393D70C
:103B3000374889C70100010001000100832C0A00F9
:103B4000B7070200834B040023A20C0623A4FC0049
:103B50009737FF1F23A4078A9727FF1F83C7476450
:103B6000918B1729FF1F1309E96289E793F70B046B
:103B7000639A071008308145EFF07FDA138DC1A2F8
:103B800003270D00138CC1A4B70633001C4313D5C3
:103B90004B40014693F7F7CF1CC31C430D8993F7A5
:103BA000F7CF93E707201CC303270C001C47D58FD2
:103BB0001CC74C2CB70703009387871523A8FC0468
:103BC00097E0FE1FE780A07083270D0018441420A3
:103BD00098C75844858AD8C303270A005C43F99BD9
:103BE000D58F5CC3832749003CDF03270C005C436F
:103BF00093F7F7EF5CC30100010003270C005C435F
:103C000093E707105CC38347E900A301690123011F
:103C1000590193E747002307F9009307000423A005
:103C2000F9009727FF1F23AB077CA14723AEF900BC
:103C30009727FF1F83A7472481CB0345090113065C
:103C40000064C145EF204F9C83270A001705000040
:103C500013058529DC43858B89E7170500001305CB
:103C6000650397D0FE1FE78020259727FF1F23A914
:103C700007789727FF1F23AD077683270A0005479C
:103C800098C39DBD93F50B03484093E51500EDB532
:103C9000797122D41724FF1F130444755C4006D6A3
:103CA00026D24AD04ECE858B6387071E9727FF1FEB
:103CB00023A007748329C403A3070100EFF09FD159
:103CC0009727FF1F83C7C74D918B9724FF1F9384AE
:103CD000644C1729FF1F1309E9496384071683C73A
:103CE0001900CE979823930700086318F7008347BD
:103CF000090093E787002300F9005C580D476377BC
:103D0000F70EF1175CD85C58984463E7E70E3387E9
:103D1000E74083C71900D424CE979C33939646601E
:103D20008E0763DA060E63FFE70C1D8F9306000211
:103D300063E8E6005858636AF70CB307F7409CC481
:103D40008828894597F0FE1FE780A0D483450900A5
:103D500093F78500F5C383A6C1A39307800CFCD21B
:103D60001C5C1307F00F3706330098C39727FF1F1B
:103D700023A207689727FF1F23A007689727FF1F25
:103D800023AE07669727FF1F23AC076603A7C1A2D0
:103D90001C4391858D8993F7F7CF1CC31C430145C4
:103DA00093F7F7CF93E707201CC303A7C1A41C47D1
:103DB000D18F1CC7B707030093878725BCCA054668
:103DC00097E0FE1FE780403783470900B420B030FA
:103DD000DD9B814501452300F900EFF07FC1B25022
:103DE000225492540259F249456182801727FF1FDD
:103DF0000327870BBA9731B79726FF1F83A6C60AFA
:103E0000B69731B73387E74015B79726FF1F83A6CC
:103E1000A60936971DB75858636AF700B307F740ED
:103E20009CC4DC2493E70708DCA419BF9726FF1F76
:103E300083A686073697DDB783C71900F917A380D5
:103E4000F900485C01469305F10097E0FE1FE7800A
:103E5000201A5C5C9306F00F98236303D702BC30F2
:103E60006380D702630EF700936525009395456044
:103E700083270901505C93F5F50F0D45829785B7AF
:103E80008307090093154560E3C407FEF5F19C879D
:103E90002380F900F1BF83A7C1A3FC5385EFEFF0A6
:103EA0007FB39727FF1F83A7A7FD89C78545130504
:103EB0001008829722549727FF1F9387A72DB2508F
:103EC00092540259F249B423B0338145014545610A
:103ED0006FF01FB2584CA147E313F7F085472380DA
:103EE000F192F5BD797126D29724FF1F9384045077
:103EF0009C4006D622D44AD04ECE52CC858B6383CA
:103F0000072083A9C40301469305F1004E85A3074A
:103F100001009727FF1F23AB074C97E0FE1FE780A8
:103F2000200D1724FF1F1304E4261729FF1F130970
:103F30006924131A4560631F0A123C309306F00F80
:103F40006389D700D85C18236305D700094A631337
:103F5000F7128307090063C507009C872380F900D7
:103F60005C24918BADCFDC580D476373F714F117C8
:103F7000DCD8DC58184463E3E7143387E74083C791
:103F800019005424CE979C33939646608E0763D6CF
:103F9000061463FBE7121D8F9306000263E8E60038
:103FA000D8586366F712B307F7401CC40828894540
:103FB00097F0FE1FE780E0AD83C719003387F90053
:103FC000142313070008639BE6129C5C1307F00F91
:103FD00098C38347090093E787002300F90003A7EC
:103FE000C1A45C5793D71748A1C383274900C16573
:103FF000938505A033D6B7027443370510FE7D15AF
:10400000E98EB3F7B7027D8A5206D18E74C3930648
:10401000A00F3706FCFFAA07B3D7D7027443F18E6F
:10402000BA07B983D58F7CC35C40034509008C3344
:1040300011850D8997E0FE1FE780600517050000D8
:104040001305251297D0FE1FE78000E783A7C1A2C2
:1040500098431317772998C3D857719BD8D78347AC
:104060000900A18B9DEB83270901D05C81450D459B
:10407000829725A09700FF1FE78060C1D05C83274F
:1040800009010D459375FA0F82974840342030306E
:1040900009CD0C310905EFF0BF95B250225492546E
:1040A0000259F249624A4561828081450145E5B77E
:1040B0001727FF1F032747DFBA9755BD9726FF1F16
:1040C00083A686DEB69755BD3387E740F1B59726C0
:1040D000FF1F83A666DD3697F9B5D858636AF700E7
:1040E000B307F7401CC45C2493E707085CA47DBDBC
:1040F0009726FF1F83A646DB3697DDB7F917A38007
:10410000F900F1BD83A7C1A3FC53B1E3EFF09F8C8D
:104110009727FF1F83A7C7D689C7894513051008AE
:1041200082979727FF1F9387E706C843B033B423CE
:1041300001CD0C3109052254B25092540259F24972
:10414000624A45616FF0DF8A81450145EDB7D84C81
:10415000A147E314F7F485472380F1923DBF411155
:104160009727FF1F83A7C72806C622C4858B95C73C
:104170009727FF1F23AE07261724FF1F130484FF72
:10418000EFF05F851C20A18B8DEF1C480146814517
:1041900011452244B2404101828783A7C1A3FC5349
:1041A000B9E79727FF1F23AB07241724FF1F13042A
:1041B00064FC1C20A18B91E71C48014681455145B8
:1041C000C9BF9727FF1F9387E7FCC843B033B423C9
:1041D00001CD0C310905EFF0BF811C20DD9B1CA037
:1041E000B24022444101828081450145EDB78547B7
:1041F0002380F192F5B78147172601001306465533
:104200009306F00F3307F60018236364E500631389
:10421000D700828003D80500636407019AA18280D9
:10422000850793F7F70FF9BF411122C406C626C2CE
:104230002E849397556063DA070297C0FE1FE780CC
:104240008076AA8401CD1C21054793C707086364C3
:10425000F700EF6020632685EF103F941315F46894
:10426000B240224492444101828093F7850099CB69
:104270009727FF1F83A707FCBC5B91C38297134559
:104280008400F9BF93F7450099CB9727FF1F83A7B9
:1042900067FAFC5791C3829713454400D1B793F74F
:1042A000050281CF9727FF1F83A707FA83A7070976
:1042B00091C382971345040265B793F7050181CF37
:1042C0009727FF1F83A747F883A7C70891C3829743
:1042D0001345040171B709656D8D59D19727FF1FEB
:1042E0009387C7EDF433F023CC33C823EF90B01E8F
:1042F0001315D468B5B7411122C4814513060012C5
:104300002A841725FF1F130565EB06C626C223AABC
:1043100001A097C0FE1FE78080780145EF10D00F05
:104320000145EF1010179727FF1FA38087B0B7072D
:10433000D7071724FF1F130464E8B5075CC8B7C785
:104340000D0D938707141CCCB7C7D70793870714A5
:104350005CCCF177938707141EB08147232EF40CB1
:104360009727FF1F938787EDB4477D47232CE40CE5
:1043700037772D071307F71FD98EF84709661306FD
:10438000E6B9518F9724FF1F938484ACB4C7F8C754
:10439000B4CBF8CBFC24A30C0402A30CF40AA300B6
:1043A000F40CF977FD17231FF40E2310F410FD47CA
:1043B0002301F410930730303EBC5EBCEF206F96B3
:1043C0009307C01C231BF406DE206D461307B00FB5
:1043D000A983A300F4089E2828B023220404B3D79D
:1043E000E70A3EB47EB49386E700B3F7C70AB3C6C4
:1043F00006083EB08E069307801433C706085AB4E9
:104400001AB83377F70A8547A30FF402B7070300FA
:104410009387C71C3CC0B7170706938707443CC463
:10442000B7071600938707905AB076B01AB45CD8D5
:10443000EF801019EF30E051EF70507C2244B24011
:10444000924441016F60B010411126C206C622C4D9
:104450004AC09724FF1F938464D603C7E40383C72D
:10446000F403636AF7000144B24022852244924477
:104470000249410182802A89930510241305000C0A
:1044800097E0FE1FE78040F12A8471DD1306000CDF
:10449000814597C0FE1FE780806063140900C15703
:1044A0001CA4FC4CA1EBA0CCE0CCA0D023200400A9
:1044B0008547238FF40285471CB4930700F93CB469
:1044C0009727FF1F938787F2985FDC5F1725FF1FF1
:1044D0000345459978C43CC8FD577CA8A30EF40653
:1044E00083C7A4042304A406230AF40AEF80A025AA
:1044F00048B89DBFBC5080C3A0D02320040083C710
:10450000E403850793F7F70F6DB7011122CC06CEB0
:104510009727FF1F83C797CA2A8485EB18288547EA
:10452000631BF70C8347D40303475404858B631242
:10453000F70C1946930564041305E40397C0FE1FA6
:10454000E78000613335A00099A883475504D9CB93
:104550008347B5041307000493F7070C6394E70837
:10456000085931C1930564041305A5022EC697D0DE
:10457000FE1FE780C06B8547B2456316F5020858F9
:1045800089472302F4043C31194693E72700A3022C
:10459000F404510597C0FE1FE780E0490545F2404D
:1045A000624405618280142805478347C403638BF6
:1045B000E60203470406118BD98F8DE713054404E7
:1045C00097D0FE1FE780207308D809CD89472302C2
:1045D000F4043C3119469305640493E72700A302D1
:1045E000F40445BF8347C403898B8DDB1C589C337F
:1045F00095F701456DB783470406918B85F75C34C9
:1046000013F7170011CF34380D47639BE60068405D
:104610002C446244F240056117D3FE1F67002371EA
:10462000898BADDF38389547E31AF7F6CDB701111E
:104630009727FF1F83A707DC22CC06CE26CA858BCF
:104640001724FF1F0324C4BDBDC79727FF1F23A343
:1046500007DA938441A59C409DC7DC438DC78947F9
:104660005C8283475404130561001946DC825C2890
:10467000930564045C8697C0FE1FE780C03B9C40A6
:104680004800DC43829783477406858B81CB834542
:104690005404082413066404EFB0E0098347740649
:1046A000898B91CB22856244F240D244056117E3A5
:1046B000FE1F6700635A22856244F240D2440561BE
:1046C00017E3FE1F6700435541114AC01729FF1F1A
:1046D0001309C9AE8327090B06C622C426C281EB83
:1046E0000545B24022449244024941018280AA8495
:1046F00097F0FE1FE780A0598327090B8297EF20D0
:10470000B07E2A8471DDDC50AC482324F508B8342F
:104710009307A009631BF70E85472300F51483C791
:1047200034062303F514A303F514FC35F8250148DA
:10473000A207D98F98291546F90542075D8F83C7CF
:1047400035FF13058413E207D98F232CF40883C7A0
:1047500055FF03C765FFA2074207BA9703C745FF86
:10476000BA97232EF40883C775FFA30BF40283C7FF
:1047700095FF03C785FFA207D98F1EBC83C7B5FF6E
:1047800003C7A5FFA207D98F3EBC83C7D5FF03C7C8
:10479000C5FFA207D98F5EBC83C7F5FF03C7E5FF3E
:1047A000232E0413A207D98F7EBC8147232CF41239
:1047B00097C0FE1FE7802028B84883473702FD8B4B
:1047C000A30AF40203473702ED1793F7F70F158397
:1047D0002308E4022D476365F7023E3C0567930614
:1047E000A7C7E917B3C7070863ECF600563C930761
:1047F000301F63E7D7007E3C130707C86375F702D5
:104800000A24EF30600D0145E9BD8327090D1167CA
:10481000F98F81DFFC4498239C21F98F93D7574867
:104820002300F51419B78327490B22858297832724
:10483000890D0A24294693F7072091E3054693053D
:104840000008EF60001B8327090D1167F98F99C7D6
:104850000A24514693050008EF60A01983278905B3
:10486000F84BB7070008F98FE38C07E68824238C00
:104870000400494693050008EF60A01795B50111A3
:1048800022CC930545012A84284901464EC606CE0E
:1048900026CA4AC897D0FE1FE780807589496318E9
:1048A000052083044401AA8913050004EF30EF8F2B
:1048B0001315456063CFA4202C4831479C3193F7F2
:1048C000F7033CA86399E7209C210D47BD8B3CB8BA
:1048D0006395E720130964031946A1054A8597C02B
:1048E000FE1FE780E026630C051E2C4813056404B8
:1048F00019469C21890593D76748A302F40497C001
:10490000FE1FE78040132285EFF03FC0630B051CBC
:1049100064449D471CA89CA08547BCA0BCB0CA8528
:1049200019461385440097C0FE1FE780C010BC20C5
:10493000B8300149990793F7F70F13678700BCA0B8
:10494000B8B07844BA970357C406B8B3BC207844CB
:10495000834614063E978357C4069206A183BD8BF7
:10496000D58F5CA3B82009071377F70FB8A0762C72
:10497000D1CE83470406795993F7070491C375593B
:104980003309E9401379F90F6372D9088346340675
:10499000751985471379F90F6393F61293078042CF
:1049A000F9469387371AB3C7D7021726FF1F034666
:1049B0002688136606019725FF1F238BC586C165D0
:1049C00003A6C1A30CC6B386D702860634D2B43080
:1049D00093E60601B4B0744403462406369730B318
:1049E000B420784436975CA3B8207C44BA97034738
:1049F00034061607D8B3BC208D07BCA05C54CA97F8
:104A00003CDC7E2CB38727412319F4068347040638
:104A100093F7070489CFB8307C44B42013670704A8
:104A2000B8B05838B697B8B3BC208507BCA0BC2036
:104A30006844722C8D074C543E9551C66365C90875
:104A400097C0FE1FE78020FF0349E401B820937759
:104A5000F70385073E99A3082401B8A083475403B0
:104A6000858B91E70347440389476317F700784430
:104A70001C2393E707041CA37C44183881451705C1
:104A800000001305E53A98B397C0FE1FE780A043E6
:104A90008347B4068345340610380D45DD8D97D025
:104AA000FE1FE780606997F0FE1FE780401EF2401E
:104AB0006244D24442494E85B2490561828085678D
:104AC00093878784F1BD4A8697C0FE1FE780A0F6D2
:104AD000B5BFAD49E9BF9149D9BF8D49C9BF954916
:104AE000F9B7A549E9B7011122CC930545012A84FC
:104AF0002849014626CA06CE4AC84EC652C497D097
:104B0000FE1FE780E04E8944631605142C48130706
:104B1000200291449C3193F7F7033CA8639CE71271
:104B200084219547BD8824B8639FF412130A640357
:104B30001946A105528597C0FE1FE7806001630BEF
:104B400005102C481309640419469C214A858905DF
:104B500093D76748A302F40497C0FE1FE780A0ED37
:104B60002285EFF09F9AA54475C59719FF1F938979
:104B7000293383D7C9001307003293870719B3D4A9
:104B8000E70283A70900829783A68900B3079500EF
:104B90003E8763E4A70063E4D7003387D7406444CB
:104BA000A1471CA858D09CA08547BCA0BCB0194602
:104BB000D2851385440097C0FE1FE780C0E7BC2064
:104BC0009907BCA0BC3093E72700BCB083475404CE
:104BD00091C778441C2393E707F81CA31946CA859C
:104BE0001385A40097C0FE1FE780E0E4BC2099076E
:104BF00013F7F703050718B8BCA083475403858B48
:104C000091E70347440389476317F70078441C235F
:104C100093E707041CA318387C448145171500004E
:104C20001305A5E098B39307A0F93CB497C0FE1F05
:104C3000E78060298347B4068345340610380D4564
:104C4000DD8D97D0FE1FE780204F814497F0FE1F37
:104C5000E780E003F24062444249B249224A268595
:104C6000D244056182808D44F5B741114AC0138951
:104C7000C1A38327090022C41307800706C626C2E2
:104C8000F8D32A8409452380019297F0FE1FE7801C
:104C9000A00783A7C1A2D857370500827D15719B55
:104CA00013671700D8D783250900D8411367170069
:104CB000D8C183068406D85713F6F603698F6606B3
:104CC000518FD8D71307A0031385C1A46351D712FE
:104CD000144137060007F84E518FF8CE9843370637
:104CE00033001377F7CF98C398431377F7CF136741
:104CF000072098C318411447D18E14C7B706030084
:104D000093868625B4C95457F59A54D79843834659
:104D10002406137707F893F6F607558F98C337C71D
:104D2000898E130767ED98C73757550064441307FA
:104D30005755D8C39D471CA89CA08547BCA0A14738
:104D4000BCB07C440357C406D8A3BC207844834637
:104D500014063E978357C4069206A183BD8BD58F58
:104D60005CA3A8209307E00F09051375F50FA8A011
:104D700003562407898F63C4C7047C442C5C0D054B
:104D80003E9597C0FE1FE78000CBB82083572407CD
:104D90009376F7038507B6971CB8B8A083475403EA
:104DA000858B91E70347440389476317F7007844ED
:104DB0001C2393E707041CA37C44183898B383276B
:104DC00009007844B2409244B8DF9717FF1F23A52B
:104DD0000762834534068347B406103822440249EB
:104DE000DD8D0145410117D3FE1F6700E334130633
:104DF00020021841635CD600744F370600F97D1617
:104E0000F18E37060005D18E74CFC9BD370600F983
:104E100069487D166357D800744FF18E370600033A
:104E2000DDB7744FF18E93968629F9BF011197175C
:104E3000FF1F83A7275C22CC26CA06CE9714FF1F2C
:104E40009384C437858BE050C9C79717FF1F23A3EE
:104E5000075A83C74407C18B9DC383C7440793F791
:104E60000702E5DF2285EFF05FE083C7440793F791
:104E7000F70C238AF40697F0FE1FE78040E12285B5
:104E800097E0FE1FE78040D9938441A59C409DC7D1
:104E9000DC438DC789475C82834754041305610056
:104EA0001946DC825C28930564045C8697C0FE1F6B
:104EB000E78060B89C404800DC43829783477406D3
:104EC000858B81CB83455404082413066404EFA02A
:104ED000900697F0FE1FE78080DB22856244F24057
:104EE000D244056117E3FE1F670003D339714ED624
:104EF0009389C1A383A6090022DC26DA06DE4AD8FC
:104F000052D456D25AD093078007FCD22380019204
:104F100083A7C1A2D857B70533002A84719B1367B2
:104F20001700D8D798431377F7CF98C398431377D0
:104F3000F7CF1367072098C303A7C1A410474D8E6E
:104F400010C73706030013068625B0CA5057759A56
:104F500050D7984303462506137707F81376F607CC
:104F6000518F98C3DC420D4793E71700DCC26445BC
:104F70009D471CA99CA08547A3810400BCA0834732
:104F8000F5056384E70AFD1793F7F70F1547636B81
:104F9000F700171701001307277DB3C7E7209C43CD
:104FA000BA9782870149BC2013F7F70305073A999E
:104FB0000347E405A30824011A07D98FBCA083473F
:104FC0005403858B91E70347440389476317F70030
:104FD00078441C2393E707041CA37C4418388145BC
:104FE00017E5FE1F1305A5CC98B383A709007844E5
:104FF000B8DF9717FF1F23A1074097C0FE1FE78068
:1050000080EC834534068347B40610386254F2506E
:10501000D2544259B259225A925A025BDD8D01454F
:10502000216117D3FE1F670023118547BCB01946C5
:10503000930564031385440097C0FE1FE780A09F7B
:10504000BC209907BCA00347F4059947631FF702EA
:10505000BC301385A40093E72700BCB083475403FA
:10506000898B6387072A0C58BC296383072A194652
:10507000D10597C0FE1FE780009C78441C2393E76E
:1050800007F81CA3BC209907BCA0BC30B82093E74C
:105090008700BCB07C44BA970357C406B8B3BC20A1
:1050A0007844834614063E978357C4069206A1832C
:1050B000BD8BD58F5CA3B82009071377F70FB8A075
:1050C000562C638B062683470406795993F7070409
:1050D00091C375597C483309E9401379F90F918BD5
:1050E00081C739191379F90F81476372D90883464B
:1050F0003406751985471379F90F639BF6229307D8
:105100008042F9469387371AB3C7D7021716FF1F95
:1051100003460612136606019715FF1F238AC51062
:1051200003A60900C1650CC6B386D702860634D231
:10513000B43093E60601B4B07444034624063697AF
:1051400030B3B420784436975CA3B42078443697C3
:1051500083463406960654B3B8200D07B8A01854F9
:105160004A9738DC5A2C330727412319E40678483C
:1051700011469376C700638BC60031466396C6100E
:10518000034614068346F4076310D610218B630B85
:10519000071A032A840983A7819282971717FF1F92
:1051A000130707D0636DAA18B7470F00938707242A
:1051B0003305AA40B335F502522781463305F5027F
:1051C000EFE0F058B7074B00130745ED9387B7C7DB
:1051D000AA8A63EBE70A2A8A49468145680097C094
:1051E000FE1FE780C08BB7C70300938737FC63D5EA
:1051F0005719B7872500138737ED6346571FB24706
:10520000938A6A099397D7283EC69307C012B3CAF8
:10521000FA02CE0A93D73A013247F976CE07758F54
:10522000CD83D98F03576408B3C7070893060408D2
:105230004207D98F3EC69C52D052D8463EC89717D7
:10524000FF1F83C7D7F79D8B7D8A9607931587002D
:10525000D18FCD8F3ECA9C4A61834946A2075D8F9C
:105260003ACC8357840868446C00FC86BC208D07C8
:105270003E9597B0FE1FE780007CBC3093E70702A5
:10528000BCB0BC20C907BCA08347040693F7070441
:1052900089CFB8307C44B42013670704B8B05838BD
:1052A000B697B8B3BC208507BCA0BC30684493F760
:1052B00007029DCF0327C40A05CFB4202546938754
:1052C0003600AA9790A31306200390B31023A906D3
:1052D000B0A31033B0B33023D0A33033D0B35023B6
:1052E000F0A35033F0B3702390A7783398B7B4A0ED
:1052F000522CE30906CABC200C548D073E95636A04
:10530000C91097B0FE1FE78000730349C40161B95B
:105310008347D40391C778441C2393E707F81CA361
:1053200019469305E40397B0FE1FE780C07099BB50
:10533000856793878784F1B3814701490DBD1C4779
:105340003E9A9DB5B83083463406418B29C37947D0
:105350000546B387E702035724076397C60213077E
:1053600087070587BA97138A472949468145680008
:1053700097B0FE1FE780A0729307FA007947B3C782
:10538000E702CE07CD8349BD13070707E1BFBC2065
:105390005A2C05463E979307070F6396C6001307DE
:1053A000870F935717401717FF1F034777E81367B7
:1053B00017001716FF1FA30DE6E603A6090037071F
:1053C0000800138A875218C693875754794733E7E2
:1053D000E702998F86077CD6834714062300D408FA
:1053E000A30FF40659B763C85701B2479397E7284C
:1053F0003EC6814715B59886B787DAFF9387670958
:105400001377F7F913670706D886D6971307C012E4
:10541000BDB74A8697B0FE1FE780E06169B6854751
:10542000BCB09305650319461385440097B0FE1F71
:10543000E7806060BC20B830171AFF1F130A0AD833
:10544000990793F7F70F13678700BCA0B8B07844AB
:105450000149BA970357C406B8B3BC2078448346C1
:1054600014063E978357C4069206A183BD8BD58F41
:105470005CA3B820914709071377F70FB8A08346BC
:10548000F405639CF60883470406795993F70704EB
:1054900091C375595E2C3309E9401379F90F637E86
:1054A000F90683463406751985471379F90F639910
:1054B000F60C93078042F9469387371AB3C7D70291
:1054C00003464A07C16513660601230ACA0603A6F6
:1054D00009000CC6B386D702860634D2B43093E6F0
:1054E0000601B4B0744403462406369730B3B420A2
:1054F000784436975CA3B8207C44BA9703473406B7
:105500001607D8B3BC208D07BCA01C54CA973CDC3E
:105510005E2CB38727412319F4068347040693F7CB
:10552000070489CFBC30B82093E70704BCB07C44A3
:10553000BA975838B8B3BC208507BCA00347F40518
:1055400091476319F704522C31C6BC2068440C54AF
:105550008D073E95636AC90297B0FE1FE780A04D94
:105560000349C4010347F4059147631FF71E8347AE
:105570004A0793F7070F93E75700230AFA0625B463
:1055800085679387878405BF4A8697B0FE1FE780AB
:10559000804AC9BF0149F9B78547BCB09305650387
:1055A00019461385440097B0FE1FE780C048BC2011
:1055B0009907BCA0BC3093E72700BCB08347D40355
:1055C00091C778441C2393E707F81CA3834754032F
:1055D0001385A400898B638D07140C58BC2963893B
:1055E00007141946D10597B0FE1FE780C0447844E0
:1055F0001C2393E707F81CA3BC20B830171AFF1F21
:10560000130ACABB990793F7F70F13678700BCA06B
:10561000B8B078440149BA970357C406B8B3BC2060
:105620007844834614063E978357C4069206A183A6
:10563000BD8BD58F5CA3B820854709071377F70F7B
:10564000B8A08346F405639CF6088347040679599D
:1056500093F7070491C375595E2C3309E940137918
:10566000F90F637EF9068346340675198547137969
:10567000F90F639FF60C93078042F9469387371A18
:10568000B3C7D70203464A07C16513660601230A5A
:10569000CA0603A609000CC6B386D702860634D212
:1056A000B43093E60601B4B074440346240636973A
:1056B00030B3B420784436975CA3B8207C44BA97C2
:1056C000034734061607D8B3BC208D07BCA01C5472
:1056D000CA973CDC5E2CB38727412319F406834725
:1056E000040693F7070489CFBC30B82093E707047A
:1056F000BCB07C44BA975838B8B3BC208507BCA06E
:105700000347F4058547631FF704522C21CEBC20C4
:1057100068440C548D073E956360C90497B0FE1F22
:10572000E78060310349C4010347F405854735BD6F
:105730008347D40391C778441C2393E707F81CA33D
:1057400019469305E40397B0FE1FE780C02E6DB5A0
:1057500085679387878415B74A8697B0FE1FE780D1
:10576000802DD9B70149C9B783474A0793F7070F77
:1057700093E7670019B57E2D411122C406C699072B
:105780001CB97C45114718A998A37C4518392A846F
:1057900098B383475503858B91E7034745038947B2
:1057A0006317F70078441C2393E707041CA368449D
:1057B000930564031946090597B0FE1FE780A027EB
:1057C0006844722C4C542244B2402105410117B365
:1057D000FE1F67004326AA871715FF1F0325C5A3D1
:1057E00011E182801825E30EF7FE0841D5BF411173
:1057F00006C622C426C24AC0EFF0FFFD630C05189E
:10580000834755032A849714FF1F9384249B89EFB1
:1058100019469715FF1F938565A81305640397B074
:10582000FE1FE78040219DA80547639CE700BC2040
:1058300049456382071619469715FF1F938565A68C
:10584000E9BF1C59B9E78347C503230A050291EB59
:10585000034754038547230AF4028947E319F7FCF9
:1058600045BF1305C50397C0FE1FE780004408D855
:105870000DC1EF50E0290C58BC2581CF8947230A80
:10588000F4021946B1051305640397B0FE1FE780C3
:10589000801A034744038947E31CF7FA9C308DCBF9
:1058A0008347C40395C783473404130700041305D3
:1058B000C40393F7070C6396E70E97C0FE1FE780BB
:1058C000804308D811C53C2981C78947230EF402BB
:1058D0005C24E9E31717FF1F2302078E854778240E
:1058E0005CA41CB49704FF1F83C41458231B9406A4
:1058F0001376F70099460359E40663F9C60A5A2C51
:105900009306A00F9717FF1F83C767B0B367F720F1
:105910003357D7029387970E1705FF1F0355055975
:1059200037460F0013060624814691042607BA97CE
:10593000B3A5A7023305F502EFE060612695231BAE
:10594000A406231804066307090268289307F00FCA
:105950006306F500EF000FFDFD577CA80356E40633
:10596000930664011206A285170500001305A52100
:10597000EF004FDE83A7819282971A302A86930622
:105980007401A28517E5FE1F1305E59097D0FE1F51
:10599000E78020000145B24022449244024941017F
:1059A000828097C0FE1FE780403021BF2318040685
:1059B000E31D09F8E310F7FC68289307F00F63066E
:1059C000F500EF002FF6FD577CA89306640113162F
:1059D000B02851BF411106C622C42A8497E0FE1F99
:1059E000E780E02A228523060400A3050400A3041F
:1059F000040097D0FE1FE780202268389307F00F3D
:105A00006306F500EF000FF2FD577CB86828930796
:105A1000F00F6306F500EF00EFF0FD577CA8B240F1
:105A200022444101828041119717FF1F83A7879C61
:105A300022C406C6858B1704FF1F0324647E99CBFE
:105A400022859717FF1F23A7079AEFE0FFC722853C
:105A5000EFF05FF822852244B240410117D3FE1FC8
:105A60006700831B411122C41704FF1F0324847A9B
:105A7000284801469305440106C626C297C0FE1F6A
:105A8000E780005775E12C487D479C3193F7F70379
:105A90003CA8E91793F7F70F6368F70C9C21BD8BBF
:105AA0003CB8F51793F7D70FE1E31946A1051305A5
:105AB000640397B0FE1FE780A0095DC52C488544AC
:105AC000230294049C2113056404194693D7674864
:105AD0008905A302F40497B0FE1FE780C0F5228574
:105AE000EFE0BFA251C1343815471C286394E60289
:105AF00063ECF40683A78192829748D02285EFE079
:105B0000BFBC6313950622852244B24092444101F2
:105B10006FF05FEC81C719476398E7048304440181
:105B200013050004EF107FE81315456063CEA4024F
:105B30002285EFF05FC4814517F5FFFF130565AFC0
:105B400097B0FE1FE78020381038834544060D4586
:105B500097C0FE1FE780405E2244B240924441015C
:105B600017E3FE1F6700A31297E0FE1FE7802012D5
:105B700022852244B2409244410117D3FE1F6700A0
:105B8000A30D011122CCFD5706CE7CA98357E50653
:105B90002A849DC7834605070C259307C0031CADC7
:105BA00001461305C003EF90D038094597E0FE1F6A
:105BB000E780801522856244F24005616FF09FE125
:105BC0007C250547BD8B6386E70083470506918BDF
:105BD000E9DF9707FF1F83A7E76B93F7072085C3CC
:105BE00002C402C202C08148014881470147814680
:105BF000054681451305C003EF90102E7DB702C006
:105C00008148014881470147814605468145130582
:105C1000C003EF90502A51BF23A4A1A08280970710
:105C2000FF1F83C7972085EF411117E5FFFF13057D
:105C3000E55F06C6EF000FF1EFE0EFEBB24097072C
:105C4000FF1F9387A75717F7FFFF13072780B8D7C2
:105C5000170700001307E7B9F8D7410182809707BB
:105C6000FF1F9387A75517E7FFFF1307277EB8D7B6
:105C7000170700001307E7B7F8D7828011C98327F9
:105C8000050A93E707082320F50AFD572303F502C9
:105C9000828023A8A1A082801707FF1F03274757F0
:105CA000AA87085719C51A2D6305F700130585053E
:105CB000DDBF8280011122CC06CE2A840345650215
:105CC0009307F00F2E866309F5002EC6EF008FC5EF
:105CD0003246FD572303F4028347A402035784048A
:105CE0009306640293E707062305F402835704042E
:105CF000A285F240BA972313F4046244170500000A
:105D0000130505F805616F00EFA4011122CC06CE42
:105D10002A84034575029307F00F2E866309F50068
:105D20002EC6EF002FC03246FD57A303F4029306A0
:105D30007402A2856244F24017150000130585E243
:105D400005616F002FA1011122CC06CE2A840345E4
:105D500085029307F00F2E866309F5002EC6EF002B
:105D60006FBC3246FD572304F40293068402A285D9
:105D70006244F24017150000130565E105616F00EC
:105D80006F9D9706FF1F93866643F236B70548015D
:105D9000ED05BE329A3A232CB51CF632232EB51CE3
:105DA000ED452318C51C3356B60A2310C51E13062D
:105DB0008014231AF51C2319E51CB3D7B70A231B3B
:105DC000D51C3357C70AB3D6C60A2312F51E2313B0
:105DD000D51E2311E51E2307F50482808346651432
:105DE00005478357651E6390E6029387C7FB1147FB
:105DF000B3C7E7020357451EB3C70708B357F70AEF
:105E00002307F5048280938707FB2147D5B7835783
:105E1000051D0356C51D0357E51D8356851D3356C5
:105E2000F60A8357251D8355651D41113357F70A1F
:105E30008357451D1318B02806C6B3D6F60A8357F4
:105E4000A51DB3D7B70A83250510B3F5050181ED6C
:105E50008565938585843357B70AB3D7B70A334727
:105E60000708B3C707088355051E1376F60F93F688
:105E7000F60F6396C5028355251E6392E50283558E
:105E8000451E639ED5008355651E639AF500230E5B
:105E90000506EFF0BFF40945B24041018280854517
:105EA000230EB5062310C51E2311E51E2312D51E91
:105EB0002313F51EEFF09FF20145F9BF0357651D4F
:105EC0008357A51D411106C6B3D7E70A0567130717
:105ED00087846379F700832605101316B028F18EA6
:105EE00091E2BA870357651E6307F7002313F51E77
:105EF0008547230EF5060357251D8357E51DB3D7A8
:105F0000E70A0567130787846379F700832605107E
:105F10001316B028F18E91E2BA870357251E630746
:105F2000F7002311F51E8547230EF506EFF01FEB52
:105F3000B2400145410182800357A5049547723D57
:105F4000B307F702363D93D53740635BB600118F38
:105F50000E073347D702B34707082314F50482809E
:105F6000B3C7D702B3C70708CDBF832745110D4676
:105F70009306F00F98230D8B58B56313C700B42315
:105F800074B99823418B38A99C337CA982805C2505
:105F9000CD9B5CA582808327451158259C23935671
:105FA00037408987B58F858B91C71347870058A5E0
:105FB00001458280054582808327451158259C2311
:105FC000935627408D87B58F858B91E71347470000
:105FD00058A501458280054582808327450E8507A7
:105FE0002322F50E91E78327850E85072324F50EDE
:105FF0008327850E93F7070891C785472322F50E5F
:106000002324050E8347A50293F7070491CF8357F6
:10601000050403578504BA972313F5048327450A1B
:1060200093F7F7BF2322F50A82808327C50E8507E1
:106030002326F50E91E78327050F85072328F50E04
:106040008327050F93F7070891C785472326F50E89
:106050002328050E8347A50213F7070409C793E712
:1060600007022305F50282809707FF1F83A7471EBB
:106070000145054791E38280B4376393E600050547
:106080009C43CDBF411122C491452A84014526C2BB
:1060900006C69704FF1F93846412EF00EFCC03D76A
:1060A000C40A231BA404854763F9E7060357641E4B
:1060B0008357241E1705FF1F035545DF37460F0082
:1060C000BA9793878757B3A5A7021306062481467C
:1060D0003305F502EFD0B067835704040357E40596
:1060E0008355840503A344091D8F3307B702832713
:1060F000040905469388F5FF130E80023E97637EE0
:1061000016013308C6039A87FD563A9889C7631B60
:10611000F4001C4081EB231BC404B240224492448F
:106120004101828083AEC7086398BE0083A6070939
:10613000B306D840B3F6B60263E4A6009C43F9B7B1
:10614000090675BF411126C29704FF1F93840407F7
:1061500003D7C40A06C622C4854763F1E70603577E
:10616000651E8357251E2A841705FF1F035505D476
:10617000BA9793878757B3A5A70237460F00130630
:10618000062481463305F502EFD0705C03465405C2
:1061900083A8440985467D161303800263F0C60276
:1061A0003387660283270409FD553E97C68789C752
:1061B000631BF4001C4081EB231BD404B240224437
:1061C00092444101828003AEC7080328C408631AC1
:1061D0000E0103A80709B305E84063640701B3058E
:1061E000074163E4A5009C43D9B7850645BF797193
:1061F00056CA970AFF1F938A6AFC163D03D6CA0A3D
:106200009707FF1F9387C7C922D44ECE52CC83D99C
:10621000C70003AA870006D626D24AD05AC85EC64F
:1062200062C466C28547032785082A84850663F50C
:10623000C710B386360393070032014993860619C7
:10624000B3D6F6023697BA846364D7006364470115
:10625000B30447418357641E0355241E37460F007D
:10626000232894083E9513058557B3253503130657
:1062700006248146130B0032814B3385A902EFD0EF
:10628000104D2A8C83AC4A09814A8146130600646A
:106290005A85DE85EFD0B04B3387A400E687FD56E4
:1062A000A1EBB3855903130600648146B3BA5903C1
:1062B00013850532B335B500D695EFD05049AA9471
:1062C00033B5A400A6876314A90063E44401B3872F
:1062D0004441B2502328F408225492540259F249FE
:1062E000624AD24A424BB24B224C924C4561828068
:1062F000639487009C43D5D783A5C7080326C408A9
:10630000639AC50003A60709B306E6406364C700A5
:10631000B306C74063E486019C4359B7B3073B010A
:1063200033B767013E8B83477403850ABA9B8607A0
:10633000FD17E3ECFAF4B5B78347750393B727006D
:1063400093C71700B697B387370393060032938736
:106350000719B3D7D7023E97BA866364F700636420
:106360004701B3064741B687ADB79707FF1F93872D
:10637000E7E483D6C70A411126C206C622C40547F0
:10638000AA846377D70003A44709A28789EB01ECAD
:10639000238E0400B2402244924441018280D83FBF
:1063A00075FB9C43E5B763149400004075D03C3402
:1063B000C1E70327C40883A7C408630FF706D82CD6
:1063C000930700086316F7043E3C8A241946239A73
:1063D000F406239BF4065E3C93050008239DF40419
:1063E0007E3C239EF404EF40C0608547DCBCDC2C7F
:1063F00093F7F707DCAC130584062244B2409244BD
:1064000031469305F00F410117A3FE1F6700236972
:10641000BE3C0A241946231AF406231BF406DE3C6C
:1064200093050008231DF404FE3C231EF404EF40F2
:10643000405C89475CBCC1B7004091BF1707FF1F94
:106440001307C7D78356C70A411126C206C622C4FE
:106450008547AA8463FFD71683278510898B638AB3
:10646000071683274709BE85BDE503D6441E0144B0
:106470007D581306260205862D067D55ADE3630083
:1064800004103C343A3CC5E78947231CE404A30AC2
:10649000F40403570406835704042285BA97C107FE
:1064A0001D8B998F231FF4045E3C231DF4047E3C56
:1064B000231EF404EFF01FBD8327440A93E717005F
:1064C0002322F40A85475CA88D475CBCB240224475
:1064D000924441018280D83D75FB8C4171B7639431
:1064E00097009C43C9DF83A6070903A7040963E259
:1064F000E6023387E64083A6C40863F4E6003377F8
:10650000D7026376A7003A856373C700BE859C43B4
:10651000B5B7158F83A6C70863F4E6003377D702B3
:10652000E37707FF3A88E374C7FE3E84CDB7BE3CED
:10653000B3F7E702C1FF9D46994763F5E60005837F
:10654000930737000567231AF406130707C88A075D
:10655000B3C7E70A231BF4065E3C0A241306C002F5
:10656000231DF4047E3C93050008231EF404C94750
:106570005CBC2244B240924441016F408047B1C9A3
:10658000BA3CBE3DB3F7E702A9E78387C40163D2F3
:1065900007049D46994763F5E60005839307370096
:1065A0000567239AF406130707C88A07B3C7E70AE3
:1065B000239BF406DE3C8A241306C002239DF404C8
:1065C000FE3C93050008239EF404CD47DCBCEF405D
:1065D0004042238E0400DDBD411122C406C61704CB
:1065E000FF1F1304E48B1C288DCF9387C1A0984311
:1065F00019EB18449706FF1F23A6E6C617B7FE1F20
:106600001307C7FD98C388431707FF1F232607C436
:1066100097B0FE1FE78000AB5C402244B2404101CE
:1066200082875A240356650823A601A09707FF1FF7
:1066300023A407C23306E60237470F009306F72369
:106640001307072483270509AA8536963356E602E1
:106650001707FF1F034757813A9663E3C702224497
:10666000B24003A7C5083386C7409386950217B585
:10667000FE1F130525F1410117C3FE1F670063319B
:106680001844BA97E9BF01114EC6938901A183A7A7
:10669000090026CA4AC806CE22CCAA841709FF1FC1
:1066A00013090980B5CF1707FF1F0357E7BB8547BD
:1066B0006318F7060357C9000354650883270509C3
:1066C0003304E40237470F009306F7231307072428
:1066D00036943354E40263E487083384874083A705
:1066E000819282976361A408B307A44003A40900C0
:1066F00063CF070617F7FE1F0347177705836378F5
:10670000F70637450F00998F13050524B3B5A70287
:106710000356C90081463385A702EFD05003029487
:10672000930700FBFCA48145014597A0FE1FE7806D
:1067300080798347090195CF03A5C1A09707FF1F63
:1067400023AC07B097B0FE1FE780C0976244832751
:106750004900F240D2444249B24905618287032789
:106760008900BA979DBF832789003E94B5BF014534
:106770007DB7624483C59402F240D2444249B24993
:1067800001450561B315B028B3C5050817C3FE1F41
:1067900067002330411106C6EF00107519C9832721
:1067A0008511014581E7B240410182809C43050586
:1067B000D5BF7D55CDBF411122C426C206C697075D
:1067C000FF1F83A7A7A92A84AE846396A700970713
:1067D000FF1F23A507A88327041299C70A2401468F
:1067E00093050008EF40E0208357440499C70A242A
:1067F0004D4693051008EF40C01F0A241546930527
:106800001008EF40001F2305040023080400230A9A
:1068100094041707FF1F032727BF95476316F70048
:106820009707FF1F23A207BEB240224492440145AE
:10683000410182803C25638307328357050801119B
:1068400022CC06CE26CA85072310F5087C35230CFA
:1068500005002A8413F7270015E30357050495471D
:1068600063FDE7269305E003EFF0FFF4A305A40220
:106870000945F2406244D2440561828013F7070261
:1068800021CF93F7F7FD7CB58327050A3835A3059B
:10689000050293E747002320F50A8547631EF702A8
:1068A0003E3D9306204E03274509B387D702B3D751
:1068B000E70217F7FE1F0347275B1307C703BA97C3
:1068C00003477503B3C707082312F5083307D70238
:1068D000B3A7E7202311F5081C38858BE9C7835738
:1068E000E405035704046396E7245E3C8355C4051E
:1068F000034584022310F406834754056EBC9205B9
:10690000A30BF40283576405F91597F4FE1F9384D3
:1069100024591EBC8357A4055EBCEFF08EC13834E9
:10692000231004081E3C03568405631A071ADA2450
:106930008C44B387E7021307003293870719B3D754
:10694000E70203270409D1073E97BA866364F7007C
:106950006364B700B306B7405C3C2328D40832BC5C
:1069600081C72285EFF00FFEDA243E3C9306003209
:1069700023110402B387E70233D6D702B3F7D70255
:106980009306204E2326C408B387D702B3C7E70275
:106990001EB0835704045EB07C3493E707027CB4D6
:1069A0001C38F99B1CB81C38898BA9C78356E41284
:1069B00003570404B387E6409397576063C00718F2
:1069C000639AE60281470148232CF41213058413CD
:1069D000232E04131546930584122AC697A0FE1F82
:1069E000E78060053245EF0010781C38A306A4123A
:1069F000F59B1CB81C3813F707012DC70356C414A8
:106A0000835604043307D6401317576063480712B0
:106A1000631AD604BD9B1CB88347A41499C7898BFD
:106A20006388071285472303F4148347B41499C776
:106A3000898B638207128547A303F4142285EFF044
:106A4000EFC78347C40799C78327040A93E7071052
:106A50002320F40A8327040AA305040293E70720EE
:106A60002320F40A18389377070285CF97F7FE1F83
:106A700083A7077AD423130680059C57B386C602E2
:106A8000B697D62F83570404B387F6409397576081
:106A900063C907008357C4146395D7001377F7FDC4
:106AA00018B88347A40293F7070485CB03576404FF
:106AB000835704046313F70218289307A004631490
:106AC000F70085471CA883278410C18B99C78327AB
:106AD000440A93E707402322F40A014559BB0347C0
:106AE000E418218B11CF83560404035704192E3C5C
:106AF000158F3307B7023347C702BA962318D41845
:106B00009DC7DA248C44B307F7021307003293873A
:106B10000719B3D7E702032704093E97BA866364CF
:106B2000F7006364B700B306B7402328D40832BC2B
:106B300025BD998F93975760E3D707E693058002A9
:106B40002285EFF05FC7A305A4021305800215B3E9
:106B500023030414D9BDA3030414CDB505458280D5
:106B600005C541119305200222C406C62A84EFF010
:106B70009FC4FD57A305A40223080400A303F40245
:106B8000B240224441018280828005C9411122C461
:106B900006C67C352A849305E003898B91C3A14501
:106BA000EFF07FC1FD57A305A402230804002304CE
:106BB000F402B24022444101828082808327050A88
:106BC000797122D406D626D24AD04ECE52CC56CA9D
:106BD0002A846380074213F7270011CBF59B2320FB
:106BE000F50A0A25194693050008EF3090608327BF
:106BF000040A13F7470051CF8344A402ED9B2320DE
:106C0000F40A93F7040491CF83278410C18B99C7AA
:106C10008327440A93E707402322F40A2285EFF0F2
:106C2000AFB138348547502883562406631AF77469
:106C30003E3C1307204EB387E70203274409B3D72E
:106C4000E70217F7FE1F034727221307C703BA9768
:106C50000347B402B3C707082312F40886072311B9
:106C6000F4089307000419E3930700085CAC09E6F5
:106C700093E414002305940299E60A240D46930533
:106C80000008EF30105723110406230A0400A30E56
:106C900004008327040A13F7870005C30A24DD9B39
:106CA0002320F40A154693050008EF3090548347DB
:106CB000A40293E747002305F4028327040A13F78D
:106CC000070131C7BD9B2320F40A8347D4040A245B
:106CD000214689C7A3060404130600039305100880
:106CE000EF3030518347C40489CF83278410C18B90
:106CF00089CB8355A40422859205B3C50508EFE02E
:106D00007FFB8347A40293E717002305F402832740
:106D1000040A13F7070405CB0347F40493F7F7FBC2
:106D20002320F40AA14763FAE7003C3499E783275C
:106D3000440A93E707012322F40A0A243146930503
:106D40001008EF30104B8327040A13F7070205CF12
:106D500093F7F7FD2320F40A3434832784100327A4
:106D6000C41093F70702638E0662638807680A24DB
:106D7000114693050008EF30D0478347A40293E7FC
:106D800017002305F4028327040A13F707101DC315
:106D90000A2493F7F7EF2320F40A230E04061D4676
:106DA00093050008EF30F0448347A40293E71700EF
:106DB0002305F4028327040A13F7070801CF0A24E6
:106DC00093F7F7F72320F40A1306700593051008CC
:106DD000EF3030428327040A13F7072029C393F7C3
:106DE000F7DF2320F40A83476414230F0400A297DB
:106DF00003850718A301A414EF50501B2301A4140A
:106E00002285EFE0BFFD0A24314693050008EF30EC
:106E1000503E8347A40293E717002305F40283271B
:106E2000040A11677D8F630907129397E74897F962
:106E3000FE1F83A929402320F40A638A095283573D
:106E400044151167139637017D8F4D82630C075AE5
:106E50001307C0123306E6029397576063D5070005
:106E6000B78725003E96035804048355841517FA06
:106E7000FE1F130AEA02832704098326C408832A13
:106E80008A000355440801496314B85863E0D75891
:106E9000B384D7408357CA00329537460F00B335C5
:106EA000F5028146130606243305F502EFD0200AC9
:106EB000B306950033B5A6002E95B6846314A900D9
:106EC00063E45601B3845641938A819283A70A00F2
:106ED000829763E3A45A3385A44017F9FE1F130970
:106EE00029F7834799018607637EF55803A7C90DE3
:106EF0008356CA0083576415218333470708330735
:106F0000D70293060032850703268A00B3C7070815
:106F1000130707193357D702B3069700B68463EEF9
:106F2000E65C63FCC65C2394F90823A0990A034736
:106F3000E414854683C729086311D76493E72700C3
:106F40002381F9084E85EF50C01F0A241306600202
:106F500093050008EF30F0298327040A09677D8F25
:106F600009C79397D7482320F40A0327040AA16787
:106F7000F98FB9C78345040317F5FE1F0345352470
:106F8000EFF02ED63E3C1307204E232AA408B387E9
:106F9000E70233D5A70297F7FE1F83C7E7EC938775
:106FA000C7033E958347A4022312A40893E7170062
:106FB0002305F4028327040A9397F7482320F40A51
:106FC0008327040A858B91CF8347A4028345440518
:106FD000228593E717002305F402EFF0CFFDA30508
:106FE000A4028327040A63D607009397F749232056
:106FF000F40A8307B4179DC3030744039946330675
:10700000F74063D6C6588327440A9397472923221B
:10701000F40AED57A30FF416A30DE41683474418A2
:1070200013F7270049CF830644030307C41763DB24
:10703000E6000327440A131747292322E40A1147CD
:10704000A30FE4160307D417635BD7000327440A92
:10705000131747292322E40A7157A30FE4160307E5
:10706000A4171306F007630CC70203467418034500
:107070008418158F13174760B306A6406354D75280
:1070800093F607016390065293F7F7F893E7070129
:107090002302F4188357A41885072316F41883577E
:1070A000C41891CFFD17B3C707082316F41881EB56
:1070B0000A241306000293050008EF3090133C24C5
:1070C0009DCF8327041281CF3C2C91EB0A240146EB
:1070D00093050008EF30F01119E185473CAC835768
:1070E000440491CF8347140399EB0A244D4693053A
:1070F0001008EF30101001E58547A308F40283471C
:10710000E41813F7070179C38324440ABD9B2307BE
:10711000F4188988C5EC1828D5476309F70A1C3884
:10712000898BCDE7814901498D4A130A5002939713
:1071300044608987A29783C7771913F7340006073D
:107140003397EA00F98F630BF700268605458145E2
:10715000EFC0905DB3E9A9003369B9008504E398F5
:1071600044FD032784138327C41328003377370192
:10717000B3F727013EC63AC4EF00E07E83475413BD
:1071800063EEA700034544037D57854759152C003E
:107190003AC43EC613154560EF502074032784138C
:1071A000A2476317F7000327C413B2476300F7022F
:1071B00015462C001305841297A0FE1FE780A087B8
:1071C0008327440A93E727002322F40A8346E4181E
:1071D000A54713F796006314F70403570404835775
:1071E0000419636EF702B307F7409397576063C8BB
:1071F00007028347F4181306000A0507B387C7027E
:10720000323CDD9A2307D418B3C7C702BA972318B4
:10721000F4188327440A939777292322F40A834793
:10722000A402E9C7918B89CF1028C165938505A079
:107230002285EFE09FAD8347A402ED9B2305F40276
:107240008347A402858B8DC3034574029307F00F17
:107250006307F500EFE01EEDFD57A303F40283473B
:10726000A402F99B2305F4028347A402898B89CFEA
:107270006E3C034584029205F915EFE09EAB83470F
:10728000A402F59B2305F4028347A402A18B99CFA6
:107290006E3C0D4622859205F915B3C50508EFE051
:1072A000DFA68347A402DD9B2305F4028347A402E3
:1072B00013F7070101CF0345640293F7F7F823059D
:1072C000F402EFE03EE6FD572303F4028347A402F5
:1072D00013F7070201CF8355A4040345640293F713
:1072E000F7FD2305F4029205EFE0BEA4582C9307A6
:1072F000F00363F9E7003834854722856314F72EDD
:10730000EFF0CF9383570404BDC313074006B3F7D0
:10731000E702B1EF83A741A1898BB1C397F4FE1FA8
:10732000938404B3985805CF17F9FE1F130909E990
:1073300083570901835529012545C207DD8D029731
:107340009C588355E900294582979C58831524034E
:107350002D4582979C58830544033145829797F7C2
:10736000FE1F239407E697F7FE1F23A107E6B250FE
:10737000225492540259F249624AD24A45618280AB
:10738000930700045CAC09E693E41400230594021F
:10739000E39D068E0A240D4693050008EF306065D4
:1073A000EDB01377070819C70327440A1317672995
:1073B0002322E40AB9C38357241D0357241E6313F1
:1073C000F7028357641D0357641EE302F79A1307FD
:1073D0008014E37EF7988327440A9397B7282322E3
:1073E000F40A71B213078014E37DF7FC8327440A83
:1073F0009397B7282322F40AE9B78327440A93977F
:10740000B748F1BFF9473306F602B1BCD69749B485
:107410001307180063F605050D8F3307D70263EFD6
:10742000E702B384E7408357CA00329537460F001E
:10743000B335F5021306062481463305F502EFC085
:107440001031B307950033B5A7002E95BE846314A1
:10745000A900E3EB57A7B3845741BDB4D697D1B782
:10746000998DB385D502AE97BE8463E4B700E3EC93
:1074700057FBB384574145BF83278A00A6973385BE
:10748000A740A1BC83A70A006350050882978347E1
:10749000990103268A0081451397170033A5A72079
:1074A000AA876364E5006364C500B307C54063E968
:1074B0009704858F03A7C90D0355CA008356641529
:1074C0002183334707083307A70213050032130748
:1074D00007193357A70213851600B3D7E702AA97F7
:1074E000B3C70708B386D7403387E602B3069700D1
:1074F00033B7E600B684E386E5A2B384C64025B47C
:1075000033079640BA977DB7829783479901032640
:107510008A001397170033A5A720AA876364E500A4
:107520006364C500B307C54063E2F404B387F44065
:1075300083A6C90D8355CA0003576415A182B3C63B
:107540000608B386B6029305003293860619B3D6B1
:10755000B602B3D7D702B307F740B3C707081D8FEA
:107560003307D70263E9E400998C75BA3387C40006
:10757000B307F74075BFB294C5BF89466315D700FE
:1075800093F7970F75BAF59B93E7470055BA998F14
:10759000E3D6F6A88327440A939747292322F40ABF
:1075A00095478DBC83465418834564183388B600CC
:1075B000635BE80013F807046317080093F7F7F814
:1075C00093E70704F1B42A96E34BC7AC8D8EE3C86A
:1075D000E6AC13F70702E31407AC93F7F7F893E769
:1075E00007027DB4EFE07FD831BB411122C406C64B
:1075F0002A8483278411CDEB83270412F1E7032526
:10760000041109C597B0FE1FE78060E503457402C9
:107610009307F00F6304F500EFE0DEB0034564026A
:107620009307F00F6304F500EFE0DEAF034584023B
:107630009307F00F6304F500EFE0DEAE034594021C
:107640009307F00F6307F500EFE0DEADFD57A304ED
:10765000F4020A24512497F7FE1F938727B603D715
:10766000C70A1DEF23A601A017F7FE1F0327C78334
:1076700023A4E70A97E7FE1F83A7077E95C317E5B4
:10768000FE1F0325657C09CD97B0FE1FE78020DD36
:1076900097E7FE1F23AA077A97E7FE1F23A8077A1A
:1076A000B240224441018280C84309C597B0FE1F01
:1076B000E780E0DA83278411BA27136707F0BAA7B7
:1076C0009C43232CF41035B7C84309C597B0FE1F5F
:1076D000E780E0D883270412BA27136707F0BAA718
:1076E0009C432320F41209BFAA8717F5FE1F032528
:1076F00025B611E182801A25E30EF7FE0841D5BFB9
:1077000097E6FE1F83C6B67517E6FE1F0346467A48
:107710002A879387160017F5FE1F032565B419C243
:10772000939716009207C166AA97FD166394A70067
:10773000014582803225E30EE6FEE30CD6FE4105CC
:10774000F5B701114EC697F9FE1F938929A783A7A4
:10775000490A06CE22CC26CA4AC852C4ADEB17EA63
:10776000FE1F130AEA6E8347FA0017E7FE1F03475E
:1077700027741389170019C31399170003D4E9025A
:107780003305F940931449001304140215841604B8
:10779000334404083305A402930540242695334559
:1077A000050897B0FE1FE78020BF15C10346FA0009
:1077B000C16623A2A90AB3079500938846F533064C
:1077C000C94011050147938626F5631AE900F24086
:1077D0006244D2444249B249224A05618280637DB3
:1077E000C700BE853688A297231305010CC1A302EA
:1077F000050005074105D1BF81454688F5B7411110
:10780000930530261305801E06C622C426C297B0F3
:10781000FE1FE78060B81306801E81452A8497907A
:10782000FE1FE780C02701451DC497F4FE1F938407
:10783000E49883A64409854785CE368712276301DD
:10784000F602184365FF1EA4B1E7228597B0FE1F1C
:10785000E780E0C00A24B240224492444101828081
:1078600085072167B3C70708E399E7FC8147E1BFB4
:107870001EA423AA840823AC84082396F40AEFF0FC
:107880005FEC83A7840923A00700230504002307D6
:107890000400C9B783A7840980C383D7C40A23AC73
:1078A000840885072396F40AE9BF17F5FE1F032510
:1078B000259B11CD411106C697B0FE1FE78020BA67
:1078C000B24097F7FE1F23AD07984101828097F7DA
:1078D000FE1F23A707988280411122C417F4FE1FC0
:1078E0001304C48D832644092A8706C6368581473A
:1078F00031C91225631CE6048DEB9C42232AF4084F
:1079000097B0FE1FE780A0B58327840923A0070056
:107910008357C40A8DE7EFF05FF997F7FE1F23A99D
:107920000792B240224441018280032784096315F3
:10793000A700232CF408E9B7184198C3D1B7FD1765
:107940002316F40A8357C40AE9FFF1B7AA8708414E
:1079500045B77146814517F5FE1F1305658F1793CF
:10796000FE1F6700C3131C3118215421A207D98FB1
:107970003821FD8A9305000242075D8F3C310145A5
:10798000E207D98F01473316E0287D8E01C6050531
:107990001375F50F0507E318B7FE8147214733D666
:1079A000F64801C605051375F50F8507E399E7FE4F
:1079B000828001114AC84EC6032985138329C51345
:1079C00022CC26CA52C406CE2A84A30B0512A306D3
:1079D00005128144130A500226864A85CE85EFC0DF
:1079E0004052058911C58347D4128507A306F412B6
:1079F0008504E39344FFF2406244D2444249B249D1
:107A0000224A05618280011106CE22CC26CA4AC8CC
:107A10004EC697E4FE1F9384647ABC3097E9FE1F3C
:107A20009389094803D7C900A307F5023E3D13090E
:107A300000322A84B387E70237460F001306062474
:107A400081468145B3D727032326F5081305C012C5
:107A50003305A702EFC0A04F2312A4082285EFE050
:107A60000FF903D7C9003E3C9306204E2285B38709
:107A7000E702B3F72703B387D702B3C7E7021EB005
:107A80008357440886072311F408EFE08FAF22855F
:107A9000EFE08FCA6E3C22859205F915B3C5050843
:107AA000EFE06FAA2285EFF0DFF0E147A30AF412BE
:107AB00083A741A123A0840A898B85C397E4FE1F75
:107AC000938404399C5891CB83258409354582974A
:107AD0009C588325C4093945829722856244F24027
:107AE000D2444249B24997E7FE1F2390076E97E7B9
:107AF000FE1F23AD076C05616FE01FAE411126C26A
:107B000006C622C4AA84EFF03FBE19C52A84268582
:107B1000EFE05FC82322A41AB240224492444101FC
:107B20008280411126C206C622C44AC0EFF03FCD72
:107B3000AA8431C9EFF05FBB2A8463000516C147F0
:107B40003EA5930700FB7CA585471CA917E9FE1FEE
:107B50001309093083570901130740109305D024F6
:107B6000950713050004B3C70708B3D7E70A33F531
:107B7000A70A97B0FE1FE78020822328A41019E9E6
:107B80000A24EFF07FD5B240224402492685924470
:107B90004101828097F7FE1F83A70789232AF410EB
:107BA00097E7FE1F9387876183A6470D03A7070DFD
:107BB000232ED40E9433232CE40E89E61377F7F3A7
:107BC000232CE40EBA3F8326C40F0326840F23120E
:107BD000E4142326D41003C7A7048346E402232415
:107BE000C410A304E41693E616FC0327440A2307F3
:107BF000D40283A6870C136607042322C40A37061F
:107C0000000223130414F18E89C61367070523228B
:107C1000E40A83C7270599C78327440A93976729EE
:107C20002322F40AFD572310F4047EB02304F40247
:107C30008567938787BB2315F4042285EFE02FB572
:107C4000034549012301A414EF40F02FD147A303BA
:107C5000F41893078002A302F4189307C04E231C64
:107C6000F4169307F007230DF416F5779387A7EB27
:107C7000231EF4168327C40FA301A4142300A41801
:107C8000A300A41893F7070881C785472307F418B2
:107C900097E7FE1F23980752FDB58544EDB5782977
:107CA00089476304F7000545828083274511130740
:107CB0000004BC33A305F5021C2993F6B70F6396A5
:107CC000E600930750041CA90DA01307500563900C
:107CD000E7028327050A93E707202320F50A854753
:107CE0001CA91C3993E707F81CB9014582801307CA
:107CF00050066395E7009307A006F1B713075008F5
:107D0000639BE70085471CA98347A50293E71700FB
:107D10002305F502F9B7383559F7130700026386D2
:107D2000E700130730026395E7009307600261BF25
:107D30001307A007E399E7F6930710F869B77829C6
:107D40008D46832745116311D706D423A305D50299
:107D5000BC336392E7023C35A1EB1C2913070002F8
:107D60006386E700130730026395E700930760021C
:107D70001CA9014582807D476364F702354763751E
:107D8000F702C91793F7F70F4547636FF70017F727
:107D900000001307E79EB3C7E7209C43BA9782878A
:107DA00013073002638BE706054582801C29130701
:107DB000000493F7B70FE39EE7FA930750044DBF13
:107DC000182993070003E311F7FE854755B71829D3
:107DD00093070005CDBF182993075005E316F7FC5C
:107DE0008327050A93E707202320F50A85471CA966
:107DF0001C3993E707F81CB9ADBF18299307500643
:107E0000E314F7FA9307A006A5B718299307A0076C
:107E1000E31CF7F8930710F8A1BF1829930750083F
:107E2000E314F7F885471CA98347A50293E71700D9
:107E30002305F50275BF782989476304F7000545D6
:107E400082808327451117E7FE1F13072737034654
:107E5000A704BC330347970493F6F7019983636A39
:107E6000D70003478516218B09C73357F640058B8A
:107E70000DE76947B317F028F18F2306E5028D8BD4
:107E80001307000291E379478327850AA305E502DA
:107E900093E727002324F50A5DB718292307F51671
:107EA000A306D51685476317F700930760061CA93C
:107EB000014582808327850A93E707402324F50A3A
:107EC000C5BF83270511094758B999CFB8A3034700
:107ED0004505B8B38347A50293E787002305F5025C
:107EE000F1471CA9014582801D45828085475CB908
:107EF0008327051181CB1547B8A39307B0021CA9AE
:107F0000014582800545828085475CB9832705113C
:107F100081CB1947B8A39307D0021CA901458280E1
:107F20000545828089475CB98327051191CB1D47A0
:107F3000B8A3832705110347D5020145B8B3828052
:107F40000545828085475CB98327051181CB2D4784
:107F5000B8A3930770031CA9014582800545828060
:107F600099475CB9832705113147B8A317E7FE1F6E
:107F70001307C724562BB4B3742BD4A3762BA1823A
:107F8000D4B3142FF4A3183FF8B38347E50213F7D3
:107F9000070401CF9307A0031CA98347E50293F7C9
:107FA000F7072307F50201458280858BFDD78327DC
:107FB000050AA30505022307050293E7070423200A
:107FC000F50AE1BF89475CB98327051191CB354795
:107FD000B8A3832705110347B5020145B8B38280D2
:107FE000054582808D475CB98327051199CB4547AC
:107FF000B8A30347C502B8B30347B5020145D8A3E8
:1080000082800545828085475CB98327051191CF21
:108010004947B8A39307A0041CA98347A50293E787
:1080200047002305F502014582800545828085478A
:108030005CB98327051189C74D47B8A301458280E4
:108040000545828083270511C5C7254758B9514783
:10805000B8A30347051D8356251DB8B30347151D57
:10806000D4B3D8A313D78600F8A30347451DF8B3AC
:108070000347551D98A70357651D13568700B0A7E2
:1080800098B78345751409466383C5020326051016
:108090009315B0286D8E01EE056613068684B3D65F
:1080A000C60AD4B333C6060893568600F4A3034623
:1080B000651489466303D602832605101316B0287B
:1080C000F18E81EE8566938686843357D70A98B7FA
:1080D000B346070813D78600B8A78347A50293E7DE
:1080E00047002305F502930700051CA9014582807E
:1080F0000545828083270511C9C3254758B95547CF
:10810000B8A30347051D0356251D8566B8B303476D
:10811000151D938686843356D60AD8A30347451D7A
:10812000B3450608F8B30347551D98A70357651DC7
:10813000D0B313D685003357D70A98B7B34607088C
:1081400013D78600F0A3B8A78347C507A305050288
:1081500099C78327050A93E707102320F50A832789
:10816000450A1317B0287D8F09C79397B748232274
:10817000F50A85471CA901458280054582800327B1
:1081800005118D475CB9D9473CA38346451434B3E8
:1081900083475514918A5CA30357651EA1C69306B5
:1081A000F034814763FDE600930787E803578514A1
:1081B00005CB8587938757FD8D87B3C7070803577E
:1081C000451EB357F70A2307F5048347A50293E733
:1081D00047002305F502930750051CA9014582803D
:1081E0008D87C9BF858B89CB130707FBA147334711
:1081F000F702B3470708E1B71307C7FB9147C5BFAD
:10820000032705118D475CB9DD473CA3834745141F
:108210003CB38346551454A30347B514F98F93F622
:1082200047000357651EA1C69306F034814763FDDE
:10823000E600930787E80357851405CB8587938766
:1082400057FD8D87B3C707080357451EB357F70A75
:108250002307F504930780051CA98347A50293E72C
:1082600047002305F502014582808D87C9BF858BB4
:1082700089CB130707FBA1473347F702B34707082A
:10828000E1B71307C7FB9147C5BF032705118D470A
:108290005CB9E5473CA38346751483476514B3175F
:1082A000F028B397D7283CB3834715145CA38347C2
:1082B000A50293E747002305F502930700061CA9D2
:1082C0000145828089475CB9832705117547B8A3AA
:1082D00017E7FE1F0347B7EEB8B3930750071CA973
:1082E0000145828089475CB9832705117947B8A386
:1082F0000347F502B8B38327050A9397F72823208D
:10830000F50A85471CA90145828017E7FE1F032750
:1083100027F05C2393068005B387D7021457032701
:108320000511BE96A5475CB9930700023CA303560E
:10833000651E8357251EB297D05A9387C712B3F78D
:10834000C70A3CB313D68700C18350A35CB39C5EBD
:108350007CA313D68700C18370B31CA7DC2E1CB787
:10836000DC3E3CA79307C0071CA9014582809147CA
:108370005CB98327051113073002B8A303472517FB
:10838000118B1DC7034745177D173317E028B8B376
:108390000147D8A303473514D8B38347A50293E711
:1083A00047002305F502930750F81CA90145828078
:1083B000034775143317E028B8B30307F517D1BF87
:1083C0000327051195475CB9930740023CA3830638
:1083D000351483079517958F93B7170086073CB31D
:1083E000030685176315D60093E717003CB3030611
:1083F000751750A38347651754B37CA3834725178C
:10840000858B81CB19C68327050A939707292320DB
:10841000F50A01458280411126C28324051106C652
:1084200022C4B5475CB99DCC91472A84BCA0930572
:10843000451C2146138534009780FE1FE780A05F0E
:108440001385B40011469305C41C9780FE1FE78076
:10845000805E930720021CA80145B240224492444A
:10846000410182800545D5BF83270511A9C341116C
:1084700022C406C6254758B9B8A32A840325051186
:108480009305840F21460D059780FE1FE780A05AB3
:108490008327040AA3050402014593E7070223206A
:1084A000F40A85471CA8B240224441018280054558
:1084B0008280A5475CB9832705119DCF411122C455
:1084C00006C63947B8A32A84032505119305840FEE
:1084D00021460D059780FE1FE780E0558347A402E3
:1084E000014593E747002305F402930700031CA806
:1084F000B24022444101828005458280411122C45C
:1085000006C6E1472A845CB90325051141C9BD4768
:108510003CA18347440739053146A30AF5FE83474A
:10852000540793058406230BF5FE83476407A30BCA
:10853000F5FE83576407A183230CF5FE8347A4054A
:10854000A30CF5FE8357A405A183230DF5FE8347F5
:10855000C405A30DF5FE8347D405230EF5FE83570E
:108560004406A30EF5FE83476406230FF5FE8357EA
:108570006406A183A30FF5FE9780FE1FE780A04B42
:108580008347A402014593E747002305F4029307BC
:1085900000041CA8B2402244410182800545DDBF91
:1085A000411122C406C6E1472A845CB9032505119E
:1085B00051C1C1473CA18347440739053146A30A4D
:1085C000F5FE8347540793058406230BF5FE834786
:1085D0006407A30BF5FE83576407A183230CF5FE04
:1085E0008347A405A30CF5FE8357A405A183230D9F
:1085F000F5FE8347C405A30DF5FE8347D405230E7E
:10860000F5FE83574406A30EF5FE83476406230F49
:10861000F5FE83576406A183A30FF5FE9780FE1F26
:10862000E7806041930740041CA80145B240224402
:10863000410182800545DDBF011122CC26CA4EC60C
:1086400006CE4AC8930730025CB993070510804BE9
:108650007147AA8438A00347051583A9070638B0D7
:108660000347151558A06389091C832705090325AD
:10867000C50817E7FE1F1307A78263E1A71A338512
:10868000A74083A7090A63EEA7183385A740B74719
:108690000F0093870724B335F5025227814633052F
:1086A000F502EFB0D00AB7C703000967938747FC0C
:1086B0007D1763FBA7169307C012B357F502F98F16
:1086C0000547B3C707085CB01607A183D98F138984
:1086D00009087CA08327C90519469385690DA183E4
:1086E0007CB033C70708935787001CA4834709034E
:1086F0001305D4011CB4834719033CA48347290301
:108700003CB4834739035CA4032749035C347D8B65
:10871000819BD98F5CB403C7F90D93F7F70FFD8BDD
:108720001607D98F5CB4834749017CA4834759015C
:108730007CB4834769011CA8834779011CB883472F
:1087400089013CA8834799013CB88347A9015CA8EB
:1087500083D789089386170033C70608218354B846
:1087600078A803C7040478B803C714041CBCA18309
:1087700018AC3CAC83C7F40203C7490D9607D98FE8
:1087800003C7590D1207D98F3CBC83C7C90DFD170C
:10879000B317F0285CAC9780FE1FE780C02983C721
:1087A000090EA9C71307B002D8B81307A00238A052
:1087B00003470904A302E402034719042303E40264
:1087C00003472904A303E40203473904A304F40282
:1087D0002304E40283C7190E2305F40283C7290E7C
:1087E000A305F40283C7390E2306F40223A004165E
:1087F000138704081C5301459397F7291CD383C79B
:108800000404A301F40283C714042302F402F24017
:108810006244D2444249B249056182801447B69706
:10882000B9BD1447B69795B5F947B357F502F98F17
:10883000B3C70708014741BD032945160545E308AD
:1088400009FC83A7040903A5C40817D7FE1F130753
:10885000276563EEA7143385A7408327890963EB57
:10886000A7143385A740B7470F0093870724B33574
:10887000F502522781463305F502EFB0406DB7C7C8
:1088800003000967938747FC7D1763F8A7129307D6
:10889000C012B357F502F98F0547B3C707085CB09C
:1088A0001607A183D98F7CA08347690819469305D1
:1088B00069037CB0835769081305D401A1831CA404
:1088C0008347090A1CB48347190A3CA48347290A31
:1088D0003CB48347390A5CA40327490A5C347D8B86
:1088E000819BD98F5CB483C7F402583496077D8B83
:1088F0005D8F58B40347C90878A40347D90878B4F2
:108900000347E90818A80347F90818B803470909F5
:1089100038A80347190938B80347290958A8035745
:1089200089089356870058B874A883C604047D1735
:1089300074B883C6140418BC14ACB346070813D724
:10894000860038AC0347F907D98F0347590312074C
:10895000D98F3CBC83470908B317F0285CAC9780DB
:10896000FE1FE780400D8327C90A9DCF1307B00281
:10897000D8B81307A00238A09823A302E4029833C2
:108980002303E402B823A303E402B8332304E4027C
:10899000D823A304E402D8332305E402F823A30573
:1089A000E402FC332306F40223A2041691B5144713
:1089B000B69755B51447B6976DB5F947B357F50255
:1089C000F98FB3C707080147D9BD411106C6AD47A6
:1089D0005CB9832705111307900293057519B8A395
:1089E0001385370029469780FE1FE780C004B240F8
:1089F00001454101828083254511411122C426C2CF
:108A000006C6DC21B8312A84A207D98F05651387F1
:108A1000A7FF9306A5C7F9443347070863E4E60AAE
:108A2000F821D431130505C82207558FF944636B2B
:108A3000E5086369F7089025F4312206558E930600
:108A4000301F63E1C608B42503C89500A206B3E64B
:108A500006016369D506130516003345050833057D
:108A6000F50213983600635F0505A83519C1636BDD
:108A7000A7040358A4038144639C0701631AF70009
:108A80000358C4036316C800663C958C93B4140065
:108A9000231DC4042312A406231AF406231BE40690
:108AA000231ED404DC35D8253146A207D98F2313E1
:108AB000F406B905130584069780FE1FE780A0F72A
:108AC00091475CBCB2402244268592444101828099
:108AD000411122C406C685475CB98345D5162A8450
:108AE000032705110345E516854693176500CD8FCD
:108AF0003CA3ED473CB35C240346C41693E707024E
:108B00005CA4EF30B050930770061CA8B24022441A
:108B1000014541018280832745111303000ECC23B8
:108B2000B433A205D58D938655FEB3C6060863619E
:108B3000D306F023D43311682206558E930686EBB4
:108B400013088814B3C606086364D804942783C83E
:108B50007700A206B3E61601938856FEB3C808084C
:108B60006368130383C89700BC27A207B3E7170104
:108B7000938887EBB3C80808636C1801231CB51CE5
:108B8000231DC51C231ED51C231FF51C6FD02FA829
:108B900005458280AA87283505476310E50AF42B2E
:108BA0003147639DE60803A747113433A38AD704EE
:108BB00054335023A206D18E239BD7046C337423E5
:108BC000A205D58D239CB704103714272206558E95
:108BD000239DC70434372827A206C98E239ED704B5
:108BE000482758372207498FAA3F239FE7040147A8
:108BF0006319B500CE3F6396C500FA3F158F133752
:108C000017002391E706982B930600046300D70210
:108C1000930640046314D700054798AB983B9546EC
:108C2000D4BF136717F898BB0145828003C7A7021A
:108C3000136717002385E702C5B7054582807829A9
:108C40008947631BF70083274511BC33230AF504CA
:108C5000F5471CA9014582801D4582802A87283559
:108C60003DE5742BB5476394F606142B9307000279
:108C7000639FF6048327471193050708D433D02355
:108C8000A2064206B296F023B296B0336206B296BE
:108C9000B4C194379027A2064206B296B027B29686
:108CA000F0336206B296D4DDD027B4372206558E53
:108CB000D437FC27C206D18EE207D58FBCD11C3B2E
:108CC00093E787001CBB930730021CAB82800545ED
:108CD00082803835AA8719EF68290547631CE500AB
:108CE000942B130730026398E6001307C00298AB79
:108CF0000145828005458280AA8768290547631857
:108D0000E502982B9306B0026319D7001307E0021F
:108D100098ABA3850702014582809306D0026319B0
:108D2000D7001307E002A385070298ABEDB705450E
:108D30008280782989476315F706E947A305F5027C
:108D4000832745113947BC336390E70218299307FD
:108D500000036317F7048327050A93E7070223201C
:108D6000F50A85471CA979A0C51793F7F70F514756
:108D70006368F70217E70000130707A5B3C7E720EA
:108D80009C43BA978287832785101829F59B232453
:108D9000F510930700046315F700930760041CA9FE
:108DA0000145828018299307A004E31BF7FE85473D
:108DB0001CA98347A50293E717002305F5021C3978
:108DC00093E707F81CB983270510C18BF1FB8327B4
:108DD0008510BD9B2324F510E1B7182993070005E2
:108DE000E310F7FC85471CA98327050A93E70710C2
:108DF0002320F50A1C3993E707F81CB955B7182941
:108E000093075005E31EF7F88327050A93E7072029
:108E1000B9B7182993075006E314F7F88327050A12
:108E20009397B7282DBF182993075007E31AF7F631
:108E30008327050A9397F7281DB718299307500829
:108E4000E310F7F685471CA98347A50293E71700AF
:108E50002305F50245B7AA8728350547631DE500B8
:108E6000F82B631BA700982B6318A7001307600358
:108E700098AB0145828005458280AA87682905470D
:108E8000631EE504982B930670036314D70203C78F
:108E9000A702238607049376070499C61377F7FB86
:108EA000136707012385E7021307800398AB014589
:108EB0008280930650036314D7021307800398AB94
:108EC00003C7A7022386070493760704EDD213771E
:108ED000F7FB136707012385E702D1BF05458280B1
:108EE000782999476315F70883274511B833A307F5
:108EF000E504D833D4232207558F2318E504F8233B
:108F0000FC331429A207D98F2319F5041307A003F2
:108F10008347E5026392E604858B99CB8327050A94
:108F2000A30505022307050293E707042320F50A9A
:108F30008347A50293E717002305F50285471CA97F
:108F40001C3993E707F81CB98347E50293F7F7FB51
:108F50002307F5020145828093974760E3D207FE1D
:108F60008327450A93E707042322F50AD1BF054565
:108F70008280AA87682905476310E50403A7871044
:108F8000418B05CF982B6317A7001307B00498AB4C
:108F9000014582809306A0046319D70003C7A70286
:108FA00088AB136717002385E70203A7870A1367B7
:108FB000070423A4E70AE9BF05458280AA87682938
:108FC00005476310E502942B1307A004639CE60099
:108FD00003C7A70288AB0145136717002385E70283
:108FE00082800545828078298D476315F71A1C39E0
:108FF000832645118D8B89EB0C292147938705FC2E
:1090000093F7F70F6361F702D9472306F502930739
:10901000A002A305F5028327850A93E727002324EE
:10902000F50A014582803C35639A07149307500581
:109030006398F500D9472306F50293073002D1BFA4
:1090400097D7FE1F93878717D02203C7A70383C72D
:10905000B703718F2305E514B432F58F8346651489
:10906000A305F514B318D0286314170123050514BC
:10907000034675143318C02863940701A30505142B
:109080008347A5140347B514E9CF45CB93F62700D2
:109090009DCA1376270039C6930720202315F5149F
:1090A0008347A5146394F800230505148347B5147A
:1090B0006314F800A30505148547639CF50A93071C
:1090C00060051CA9B9BF13F647001DE6858BB9E7FB
:1090D00085472305F51493772700B9CB8947A30566
:1090E000F5147DBF13F6470015C21376470001EE55
:1090F000858B8DEB8947F1BF1376470009E6858B99
:1091000095E39147F9B79307404049BF858BFDD35D
:1091100093771700E5D39307101049B7937617009C
:10912000FDFA45BF93771700FDF79147E1F655B774
:10913000118B85474DD791475DB733D6C740058A18
:1091400001C623050515A9BF13F7270009C78947DD
:109150002305F514B1B7918B99C39147D5BF8547C6
:10916000C5BF1DDFB356D740858AB5D6A3051515F3
:1091700005BF8327850A93E7071055B58547639692
:10918000F500DC22A305F5141DBF8327850A93E7AC
:10919000072071B50545828074290D47AA87639C15
:1091A000E61414291307500505456397E614A837FC
:1091B0006313051483C6471403C7571403A6471146
:1091C00033F8E6004C22631E08006396B60003489D
:1091D00036006308E800239507141307700598AB61
:1091E0008280ED8E2385D7143032718F03C66714C9
:1091F000A385E714B318C0286394160123850714C8
:1092000083C577143318B02863140701A3850714A6
:1092100003C7A71483C6B71479C7D5C2137627002E
:109220000DC693F52600A9C1130720202395E71446
:1092300003C7A7146394E8002385071403C7B71472
:10924000E31DE8F8A385071449BF937547009DE522
:10925000058B39E705472385E71413F7260039CB3B
:109260000947A385E714E9B79375470095C193F5BE
:10927000460081ED058B0DEB0947F1BF93F54600E4
:1092800089E5058B15E31147F9B71307404079BF0E
:10929000058B7DD313F7160065D31307101079B72C
:1092A00013F616007DFA45BF13F716007DF7114738
:1092B00061F655B7918A0547CDD611475DB7B355CD
:1092C000B740858981C5238507159DB7937627000B
:1092D00089C609472385E714A1BF118B19C311471C
:1092E000D5BF0547C5BFA9D633D6C640058A35D6F2
:1092F000A385171535BF05458280AA872835054700
:109300006317E506F42B15476394E606982B93063E
:1093100050056306D70093068005631BD70403C777
:10932000A70283A54711136717002385E702D02101
:109330001147636BC702B4316368D7021307F6FFA6
:109340001388F6FF718F3378D8003367070109EF70
:10935000F821C8312385C7142207498F2396E714C3
:10936000A385D7141305A00588AB01458280054568
:109370008280AA87283509EDF42B0D47639AE60011
:10938000942B05476396E6001307100698AB82807E
:1093900005458280782989476317F702832745119D
:1093A0001829BC332308F50285476317F700930794
:1093B00060071CA9014582808327850A9397B728F7
:1093C0002324F50AC5BF0545828078298947631A99
:1093D000F7021829930750076313F70283274511F3
:1093E000BC332308F5028327050A9397F728232027
:1093F000F50A85471CA91C3993E707F81CB90145F4
:1094000082800545828074291547AA8705456390A7
:10941000E60C942B130750080545639AE60A03A748
:1094200047113433A38AD71683064700A38FD71674
:1094300003065700238DC7167823238FE71603C72B
:10944000271793754700A5C98946A389D71683A610
:10945000070A6D9B2389E7169396062923A0D70A4E
:1094600003C747189376170099CE9306F007630653
:10947000D600136727002382E71803A7070A1317EC
:10948000172923A0E70A17D7FE1F034757D3A3873F
:10949000E70203C747030145A38DE716054798ABCD
:1094A00003C7A702136717002385E702983B1367DA
:1094B00007F898BB8280098B45D7DDD203A7070A3E
:1094C000A389A7161317072923A0E70A51BF828093
:1094D000782995476311F70A03274511BD463C33A8
:1094E00063E0F60697D6FE1F83C616D1FD8EA9CA85
:1094F000742313F61700230DD51683065700A30F08
:10950000D51639C2814711A085478507230AF5166C
:109510005C23A30AF5168347251713F747001DCFD1
:109520000947A309E5160327050AED9B2309F5164C
:10953000131707292320E50A83474503A30DF516D2
:10954000014582808947D1B713D6174855FE13D6F7
:1095500027486DFA8D87CDDF8D4745BF898BE9DFC1
:10956000E1DE8547A309F5168327050A93970729A6
:109570002320F50AD1B70545828074291147AA87AF
:109580000545639EE608B037054705456319E608BB
:1095900083A64711A8326364A602D82213081009D3
:1095A0009305B7FF93F5F50F636BB800CC32938644
:1095B000B5FF93F6F60F6364D80063F1E5027947CF
:1095C000A385E702130780022386E70203A7870A21
:1095D0001367270023A4E70A0145828083A6C710EA
:1095E00093F60608F5DA83C6E7186316C50293E614
:1095F00016002387D7189306000AA387E7183307B6
:10960000D702B63F3347D70283D60704850636977D
:109610002398E718D1B7D99A2387D71875BF8280C6
:1096200078299307B0026319F71C8357051E41116F
:1096300026C206C622C44AC09306A002AA8463F3C7
:10964000F61A17D9FE1F0329E9BE0545630D09184F
:109650008327C901B98B6398071803A444111946DD
:109660005C2C1387F7FF9375F70F636DB6167D8F2C
:10967000631A071603C7E414630607169028130736
:1096800000046313E60203A7040AA385D402136748
:10969000470023A0E40A1307200798A803C7A402E1
:1096A000136717002385E40293D717488507230E15
:1096B000F90C3C3C19469305D40113F7F700230A33
:1096C000E90C93D747481305690DA30AF90C977065
:1096D000FE1FE78040365C349583A30FF90C783089
:1096E0001C243438A30EE90C7834230FF90C7C24A5
:1096F0002207A2065D8F1C28C207D98F183862077F
:109700005D8F93070908D8CB3828D98E582842078F
:10971000558F98CF382414342207558F3434C2061D
:10972000D98E58246207558F543498DBFD8AD4DBD8
:1097300003476402834654022207558F834674020E
:10974000C206D98E034784026207558FB8C3834788
:1097500094022300F90E8347A402A300F90E834765
:10976000B4022301F90E8347C402A301F90E5C2061
:109770003830A207D98F2399F4147C205830FD8B00
:10978000A207D98F7820239AF4149376070281CA0E
:109790001377070439EF9397E728239AF4147C286A
:1097A0005838A207D98F239BF4141C2C7838A207B1
:1097B000D98F239CF4143C2C183CA207D98F239DED
:1097C000F4148347440203473402A207D98F239E2F
:1097D000F41483A7040A9397E72823A0F40A9307B5
:1097E00010079CA80145B24022449244024941011D
:1097F00082807177D98F55B7054582807829AD472A
:109800006318F702411106C68347E5188325451101
:10981000294693E707012307F5188D0513057519E8
:109820009770FE1FE7802021B240014541018280F0
:1098300005458280782993073002631EF718035785
:10984000051E411126C206C622C44AC09307200243
:10985000AA8463F8E71617D9FE1F0329A99D0545B9
:10986000630209168327C901B98B639D071403A4FA
:10987000441199465C2C1387F7FF1376F70F63E2C8
:10988000C6147D8F631F071203C7E414630B07120E
:109890009428130700046395E6021307A002A3852A
:1098A000E40203A7040A1367470023A0E40A13078E
:1098B000200798A803C7A402136717002385E402B2
:1098C00093D717488507230EF90C3C3C194693059E
:1098D000D40113F7F700230AE90C93D7474813057F
:1098E000690DA30AF90C9770FE1FE780C0145C3461
:1098F0009583A30FF90C1C247830230FF90C7C34CA
:10990000A30EE90C7824A207D98F182842075D8F8F
:109910001C38E207D98F3838232AF9083C28220757
:109920005D8F5C28C207D98F232CF9083C2418349A
:10993000A207D98F383442075D8F5C24E207D98FA4
:1099400058342328F90A7D8B232AE90A5C20383011
:10995000A207D98F2399F4147C205830FD8BA207DD
:10996000D98F7820239AF4149376070281CA13774B
:10997000070439EF9397E728239AF4147C28583882
:10998000A207D98F239BF4141C2C7838A207D98FF7
:10999000239CF4143C2C183CA207D98F239DF4146B
:1099A0008347440203473402A207D98F239EF4144D
:1099B00083A7040A9397E72823A0F40A93071007C4
:1099C0009CA80145B2402244924402494101828050
:1099D0007177D98F55B7054582807829E14763199A
:1099E000F70C03278510411122C406C626C2098B35
:1099F0002A84854719CF2435639CF404EFE0BFFF28
:109A00001C28A305A402639C9700930710041CA8BC
:109A10008147B240224492443E854101828013072F
:109A20000004639CE700930710041CA88347A4026A
:109A300093E717002305F402E1BF8327040A93E7A5
:109A400027002320F40A1C3893E707F81CB8C9B78D
:109A500018390D8B19CF9307A002A305F402BD4757
:109A60002306F4028327840A93E727002324F40AB9
:109A700045B718296317F700EFE0FFF7A305A40225
:109A800069B793060002631ED700EFE0DFF6A30577
:109A9000A4023DFD8327440A9397F7292322F40A61
:109AA00085BF93060004E316D7F69307300275B717
:109AB00085473E858280411106C622C426C24AC01F
:109AC0000349B500631B09067829A5472A84631654
:109AD000F7068327850FA18BADC393040510CC48EF
:109AE000214626858D059770FE1FE780C0F49C40B7
:109AF000373778081307070D13060408D98F385E27
:109B0000D4407D8F7C5E93E6060198C4F58FDCC45B
:109B100018288547631CF700930710031CA8B24060
:109B2000224492444A850249410182808327840A63
:109B300093E707012324F40ADDB70549CDB74111A6
:109B40004AC006C622C426C27829A5470549631122
:109B5000F7061829930700032A840549631AF704B6
:109B600093040510CC48214626858D059770FE1F6D
:109B7000E78060EC9840B73778089387070D5D8FD2
:109B800093070408B45FD040F98EF85F13660601AE
:109B900094C4718FD8C4A3050402985313670702B5
:109BA00098D31C3823082401014993E707F81CB80F
:109BB000B240224492444A850249410182804111C7
:109BC00022C406C626C22A84283585476318F506AE
:109BD0007828A5476318F7041C28639AA704930400
:109BE0000410CC48214626858D059770FE1FE7801E
:109BF00080E49C40373778081307070D13060408E4
:109C0000D98F385ED4407D8F7C5E93E6060198C480
:109C1000F58FDCC4930710031CA81C38014593E79B
:109C200007F81CB8B2402244924441018280832745
:109C3000840A93E707012324F40AC5B70545DDB775
:109C4000411122C406C626C22A84283585476311DD
:109C5000F5047828A1476318F702832444111305FB
:109C600084121546938534009770FE1FE780A0DCB0
:109C70009C3498240145A207D98F2317F4121C386D
:109C800093E727F81CB8B2402244924441018280F5
:109C90000545D5BF011122CC06CE26CA4AC82A8462
:109CA00028358547631CF5107828DD476312F710C7
:109CB0008324441121461305B41A93853400977008
:109CC000FE1FE78040D7B834DC24A309E41A230A36
:109CD000F41AEFB0BEFB2AC4EFB05EFB2AC62146E1
:109CE0002C001305441C9770FE1FE780C0D4FC3481
:109CF000F8241305C41CA2074207BA9798281146F6
:109D00002C00BA97D8346207BA972324F40CBC38D5
:109D1000B828A2074207BA97D828BA979838620796
:109D2000BA972322F40C0347541C8347641C420750
:109D3000A207BA970347741CBA970347441C6207EB
:109D4000BA972320F40C0347941C8347A41C4207B2
:109D5000A207BA970347B41CBA970347841C62074B
:109D6000BA97232EF40AA247374703001307D73FB9
:109D7000B387E70237A72600130737ECBA973EC42C
:109D80009770FE1FE78020CBFC28D8380145A2073A
:109D9000D98FF83842075D8F9C2CE207D98F232E8C
:109DA000F40C8327C41C2320F40E930710021CA874
:109DB000F2406244D2444249056182800545CDBFEC
:109DC00078299147631DF712411126C2832445115A
:109DD00022C406C6BC302A8481CB1387F7FF7D8F4F
:109DE00001E73D476376F70293070002A305F402FB
:109DF000930730022306F4028327840A93E727009F
:109E00002324F40AB2402244924401454101828055
:109E1000D4301307E0076387E60013F7170021C368
:109E2000814721A0F947D9B785478507230AF4164A
:109E300083874400C9C303053414A30BF416330706
:109E4000F5001375F50F6356F0028307941763D678
:109E5000E702898FA30BF4160DA08947F9B713D732
:109E6000174879F313D727486DFB8D87F1D38D47BA
:109E70006DBF83078417E34EF7FC834774173E9545
:109E800013154560EF2090122301A414EF20B00BAE
:109E900003473414A301A4143307E540A30BE416CD
:109EA000EF20D01083474417034734142301A41430
:109EB000A297A38FE716830744038306C4170147BD
:109EC00063D5F600958F13F7F70F230BE416DC30FC
:109ED0000547230DF4161C286396E700930760F8E6
:109EE0001CA80DB7130750086396E700FD57230B16
:109EF000F416EDB78327840A9397D72811B7054541
:109F000082807829A547631AF704411122C406C646
:109F10001429130700052A8485476394E602EFE0BD
:109F20009FBF0DE58327040AA305040293E70710EA
:109F30002320F40A1C3893E707F81CB885471CA8AF
:109F40008147B24022443E85410182808347A4027A
:109F500093E717002305F402F1BF85473E85828011
:109F60007829A5476309F700054582800545B24079
:109F700022444101828083278510411122C406C6F4
:109F800093F707022A84FDD3EFE0FFB88547E30F7C
:109F9000F5FC18286317F700930710051CA8014566
:109FA000F9B78327840A93E707082324F40AC5BF77
:109FB00005458280411106C622C426C22435F9E037
:109FC0007829E1472A84631FF70A182993070004B8
:109FD000631AF70A8325451105659306A5C7D8219D
:109FE000BC3122075D8F9307A7FFB3C7070863E261
:109FF000F608FC21D431130505C8A207D58F636A82
:10A00000F50663E8E7069025F4312206558E93069F
:10A01000301F63E0C606B42503C89500A206B3E668
:10A0200006016368D504130516003345050833059A
:10A03000E50213983600634EA802A83519C163EAF9
:10A04000A702231DC4042312A406231AE406231B1B
:10A05000F406231ED404DC35D8253146A207D98F57
:10A060002313F406B905130584069770FE1FE780D5
:10A07000809C930770041CA8B24022442685924419
:10A08000410182808544CDBF05458280054582809F
:10A090000545828005458280054582800545828090
:10A0A0005C25A30A0500F19B93E717005CA5032537
:10A0B000051113351500828001458280411106C6C5
:10A0C000EFD08FE2B24013351500060541018280C2
:10A0D0006FF0DFFE411106C6EFD00FE105C1035757
:10A0E000C5058356A50503566507835545070A250B
:10A0F000EF50005E0145B240410182800945E5BF55
:10A1000001111375F50F06CEEFB0EFEC29C997C713
:10A11000FE1F83A7271893F707209DC302C402C21E
:10A1200002C0814801488147014781460546814573
:10A130001305C003EF50405A0145F240056182808B
:10A140008346D5031307E50302C0814801488147D0
:10A15000054681451305C003EF50E055F1BF0945A1
:10A16000E9BF97C7FE1F9387670503A7C70809457F
:10A1700029CB83A7870D011106CE93F707208DC346
:10A1800002C402C202C0814801488147014781469A
:10A1900001468145EF504054F240014505618280FF
:10A1A000835807020358A7018357070583465707BB
:10A1B000014602C01307670781450945EF50A04FCC
:10A1C000E1BF8280011106CE22CCEFD0EFD125CDA8
:10A1D000303505472A8497C7FE1F938727FE6312F1
:10A1E000E604F853094515CB034604038346570498
:10A1F0008358E4030358C4033E3C0E240345B402D1
:10A200001307670432C00546EF50E04A7C34A305CB
:10A210000402014593E717007CB4F24062440561F3
:10A22000828003A7C70809456DDB8346570783581B
:10A23000E4030358C4033E3C0E240345B402130751
:10A24000670702C0D1B70945C9BF397106DE22DCF4
:10A2500026DAEFD06FC971C938352A8497C7FE1F37
:10A260009387C7F52DEBE4530945ADC019468145E9
:10A2700008109770FE1FE7808082194681452810DC
:10A280009770FE1FE780A081C167FD178358A40364
:10A2900083C6540430340E240345B4023EC89C24C3
:10A2A00013088102138764043EC6834704033EC437
:10A2B0007E3C3EC25E3C3EC01C10EF5060447C348D
:10A2C000A3050402014593E717007CB4F2506254E1
:10A2D000D25421618280A45F0945EDD81946814599
:10A2E00008109760FE1FE780807B19468145281083
:10A2F0009760FE1FE780A07A83D7240D8358A403BC
:10A3000083C6540530340E240345B4023EC8930777
:10A31000F00F3EC602C47E3C130881021387640519
:10A320003EC25E3C3EC01C1049BF094545B739716D
:10A3300006DE22DC26DA4AD8EFD00FBB630F051405
:10A34000343505472A8497C7FE1F938727E7639A0A
:10A35000E60AE4530945C1C083C744041946898B02
:10A36000C9C38C58BC25B5CFB10528089760FE1F1E
:10A37000E780606C83C75404138964041946898B91
:10A38000A5CBCA8508109760FE1FE780C06A8C586D
:10A390001946910528109760FE1FE780C069834722
:10A3A00004038358A40383C6540430340E240345A5
:10A3B000B4023EC47E3C1308010238103EC25E3C2B
:10A3C0003EC03C08EF5040317C34A30504020145F7
:10A3D00093E717007CB4F2506254D2544259216181
:10A3E0008280814528089760FE1FE780406B59B73F
:10A3F000814508109760FE1FE780606A1946CA858C
:10A4000051BF83A4C7080945F9D483C74406194638
:10A41000898BB9CF9385640628089760FE1FE78073
:10A42000806183C74407138964071946898BA1CBD0
:10A43000CA8508109760FE1FE780E05F83A5440887
:10A440001946281091059760FE1FE780C05E83A71C
:10A450004408BC3393E72700A38AF4068358A40377
:10A4600083C6540730340E240345B40202C499B79E
:10A47000814528089760FE1FE78060625DB708107D
:10A4800081459760FE1FE78080611946CA852810C4
:10A490009760FE1FE780205AD1B709452DBF79711B
:10A4A00022D426D206D6AA84EFD00FA417C4FE1F4A
:10A4B000032444D839C5AA8709451DCC83D727155D
:10A4C00019469305640D7C8685477C878357440D28
:10A4D00013052101A3040100FC8064859760FE1F21
:10A4E000E78060558327C40D28003ECC8327040EE7
:10A4F0003ECEEF5040250145B25022549254456162
:10A5000082800945D5BF011122CC06CE2A84EFD026
:10A51000AF9D3DC18347B502034745176083DC8289
:10A5200083473517D8845C8495EF834775170307F5
:10A5300095175C86830735145C85631CF700894793
:10A54000DC854800EF5000200145F240624405617F
:10A550008280030785176314F7008547D5B7A305E5
:10A560000100C5B78347A5175C8583475517DC8570
:10A570008347F5175C86F1B70945C1BF011122CCAD
:10A5800006CE2A84EFD04F9629C58307A517C0842D
:10A59000218040851307F0076389E70203474503DD
:10A5A000998FDC858347451813F707010DE393F76F
:10A5B000070293B71700850728005C86EF506018E4
:10A5C0000145F240624405618280FD57DC85814788
:10A5D000E5B70945FDB7797122D426D206D6AA84FB
:10A5E000EFD08F9017C4FE1F0324C4C421C5AA87CF
:10A5F000094505CC83D7271519469305640DFC80C2
:10A600008547FC818357440D13056101A3060100B2
:10A61000FC8264879760FE1FE780E0418327C40DBA
:10A6200068003ECEEF50A0110145B2502254925422
:10A63000456182800945D5BF411106C6EFD0CF8A5A
:10A6400011C9834505140A25EF50200F0145B2407A
:10A65000410182800945E5BF9375F50F01112E85F3
:10A6600006CE22CC2EC6EFB00F9705C18346050754
:10A670002A84B245082D0546EF50A00B0145230C56
:10A680000400F2406244056182800945DDBF41114A
:10A6900006C6EF50C009B240014541018280411118
:10A6A00022C406C617C4FE1F0324C4B8094509CC3A
:10A6B0000355240DEF5060070325C40C9307F00FDA
:10A6C0002319F40C11E50145B24022444101828076
:10A6D0009780FE1FE780A0D8A304040CEDB797C7AE
:10A6E000FE1F83A727B599CB41111385070D06C619
:10A6F000EF506003B24001454101828009458280EC
:10A70000411106C622C4EFC03FFE05C98346751439
:10A71000034665140E252A840345B5028506050601
:10A7200093F6F60F1376F60FEF40B07F0145A305C1
:10A730000402B2402244410182800945DDBF41113B
:10A7400006C6EFC07FFA05C10357251E8356051EB6
:10A750000356651E8355451E0A25EF40B077014517
:10A76000B240410182800945E5BF411106C622C4BD
:10A77000EFC09FF715C52A840357C5058356A50565
:10A7800003566507835545070A25EF4030741C388A
:10A79000014593E747001CB8B24022444101828042
:10A7A0000945DDBF411106C6EFC01FF405C183474F
:10A7B000451B0346351B9305B51A0A25A2075D8E76
:10A7C000EF4090700145B240410182800945E5BFEC
:10A7D000411106C622C4EFC03FF105C10E252A84EF
:10A7E000130605100345B502EF40D06D0145A305E2
:10A7F0000402B2402244410182800945DDBF41117B
:10A8000006C622C4EFC05FEE05C50357C5058356D3
:10A81000A505035685050E252A840345B502EF409C
:10A82000306A0145A3050402B240224441018280FE
:10A830000945DDBF01458280014582800145828056
:10A8400001458280014582800145828001458280E8
:10A8500001458280014582800145828001458280D8
:10A8600001458280014582800145828001458280C8
:10A8700001458280014582800145828001458280B8
:10A8800001458280411106C622C4182193060008A2
:10A89000AA876313D70218319306C002054563E304
:10A8A000E60497C60000938626023347D720AA23E2
:10A8B0001843029701453DA0930610080545631310
:10A8C000D7029833E9466309D71063E5E604B14639
:10A8D0006303D70E63ECE60095466304D706A146F2
:10A8E000630AD70AB240224441018280CD46E31B6D
:10A8F000D7FEAA23EFC05FDF2A8429C90356450487
:10A9000019C60E250545EF40F05923120404A3088B
:10A9100004024DB7930670056309D70C9306F00F38
:10A92000E30AD7F893060003E31ED7FAAA23EFC081
:10A93000BFDB2A8401CD0E250345B502EF40105739
:10A9400085A8AA23EFC05FDA2A8419E1094559BF17
:10A95000032785110DC7835745048507B3C707082B
:10A9600018433E868507B3C707087DFB2312C4043E
:10A9700019C60E240545EF40F05223120404034586
:10A98000B402034644050E24EF4090502285EFC0E8
:10A99000DFC50DB7AA23EFC03FD52A8445D90346AA
:10A9A000C5040E250345B5023336C000EF40904E76
:10A9B000A305040201B7AA23EFC01FD32A8459D5E7
:10A9C00003572505835605050346F5040E25034563
:10A9D000B502EF40704CE9BFAA23EFC0FFD03DD5D0
:10A9E0000345B502EF40504CF1B5AA23EF40504C5F
:10A9F000D1B5011122CC37E400E026CA04404AC890
:10AA00004EC652C406CEB70720002A892E8AB289C4
:10AA1000FD8C2320F4180F10000011459760FE1FD5
:10AA2000E78040F21DC523004501A3003501231135
:10AA30002501232094106244F240D2444249B24995
:10AA4000224AAA8517B5FE1F0345353E05616FB042
:10AA5000EE9923209410F2406244D2444249B24914
:10AA6000224A11450561828041114AC037E900E060
:10AA700026C28324090006C622C4B7072000FD8C25
:10AA80002320F9180F100000EFC01FC611E9232082
:10AA900099100945B2402244924402494101828002
:10AAA00083270512230D05002A84A9CF78340A25AF
:10AAB000058B11EF0A24014693050008EFF07FF3A0
:10AAC00029C5B7E700E023A097100145E1B7D443BB
:10AAD000D0278C278906EF40D03D15E1832704124B
:10AAE000BA27A3840700136707F0BAA79C43232063
:10AAF000F4128357240481C7FD172311F40483271C
:10AB00000412CDFB231104046DBF85473CAC55BF37
:10AB1000411122C406C62A8497B7FE1F83A7477631
:10AB200089E7B24022444101828063848700DC5F70
:10AB3000C5BF3C2499C79305C4001305A401EF7059
:10AB4000905A3C28F9DF930544011305A4022244DE
:10AB5000B24041016F703059AA862E86AA8517052A
:10AB600000001305C5006FB0EEBE411126C297B4B8
:10AB7000FE1F9384A46483A7440C22C406C62A84BF
:10AB800091E7B2402244924441018280638487006D
:10AB9000DC5FFDB73C2499C79305C4001305A401ED
:10ABA000EF7070543C2899C7930544011305A40223
:10ABB000EF70705322852244CC58B2409244410138
:10ABC0006FF09FF901114AC817B9FE1F1309095FF9
:10ABD00022CC0324490C26CA4EC652C456C206CE05
:10ABE000AA84014A93094500854A65E0930520251A
:10ABF000130500049770FE1FE780007A2A841D4524
:10AC000045CCBC30194693854400130544003CB044
:10AC10009760FE1FE78020E2938AA40141468145A8
:10AC200056859760FE1FE780C0FA79E19309A40179
:10AC3000D68541464E859760FE1FE78020F6854702
:10AC40003CA43C309305C4004E8593E727003CB4F8
:10AC5000EF7070499384A402414681452685976030
:10AC6000FE1FE78000F741E99307A402A6853E8511
:10AC70004146BE849760FE1FE78040F285473CA8AE
:10AC80003C3093054401268593E727003CB8EF70DC
:10AC90009045A3000400832549032285EFF0DFEBF4
:10ACA000631E0A042322890C232E04028347090C05
:10ACB000014585072300F90CF2406244D244424921
:10ACC000B249224A924A056182803830BC3063051D
:10ACD000F700228A405C11BF4146CE85130544002F
:10ACE0009760FE1FE780C0E6E31555FF4945E9B7C9
:10ACF0002305040085B72309040061BF232E8A02BF
:10AD000065B7411122C426C206C64AC017B4FE1F49
:10AD100003240457FD5419ECB240224497B7FE1F98
:10AD200023A0075697B7FE1F238A0754924402496F
:10AD3000410182800820EFB0EEBE0329C40304A0C5
:10AD400022859770FE1FE78080714A84E9B797B724
:10AD5000FE1F9387A7462380070C23A2070C6F7062
:10AD60005042011122CC17B4FE1F13042468584C22
:10AD700026CA06CE4AC84EC6954797B4FE1F83A47E
:10AD8000644B6306F700584C8D47631FF7008347F9
:10AD9000140281E7930760101EB0F2406244D2446F
:10ADA0004249B249056182805C4C1389C1A3832763
:10ADB000090037070200194523A2070698C797B76D
:10ADC000FE1F23AD07629389C1A29790FE1FE78003
:10ADD000A0F303A70900B7C7898E938767ED1CC747
:10ADE000B7575500938757555CC383C72402130791
:10ADF000F00F6387E700A380F402FD572381F4027C
:10AE00000327090001469305F00F5C43014593E7D2
:10AE100017005CC3930710FABCA499475CCC97B7A2
:10AE2000FE1F23A5075C1384C1A49770FE1FE78053
:10AE3000004A18405C57F59B5CD783A609009834FC
:10AE40009C421377F70793F707F8D98F9CC297B7FF
:10AE5000FE1F83C7E70599C703A5C1A19760FE1F21
:10AE6000E780800503A70900B70633001C4393F76A
:10AE7000F7CF1CC31C4393F7F7CF93E707201CC3FE
:10AE800018401C47D58F1CC703270900B7070300CC
:10AE9000938787153CCB97B7FE1F23A3075697B719
:10AEA000FE1F23A7075485471CC3C5BD4111B7E743
:10AEB00000E026C284433707200006C622C44AC0E9
:10AEC000F98C23A0E7180F10000097B7FE1F938797
:10AED000E75103C7170211CB83C6070209476396E0
:10AEE000E60017B7FE1FA3030752D44F214763861E
:10AEF000E600D44F1D476398E600D84F2380E70251
:10AF00000547A380E7029790FE1FE78040D817B45B
:10AF1000FE1F032424326840231504002304040088
:10AF20009770FE1FE780A05317B9FE1F1309C9EFE2
:10AF300003453900914523100404232204042324EB
:10AF40000404EFB00E9503453900A145EFB06E94AF
:10AF5000034514039307F00F6307F500EFB08E9CD1
:10AF6000FD57A308F402034504039307F00F63079A
:10AF7000F500EFB02E9BFD572308F40297B7FE1F94
:10AF800083C707F391C701459760FE1FE780C0F2B2
:10AF9000B2402244B7E700E023A097100249924450
:10AFA00041018280411126C206C622C44AC0EFC0B8
:10AFB0001F85AA8439C9EFC02FF32A8463050510C1
:10AFC000930710113EA5930700FB7CA585471CA99C
:10AFD00017B9FE1F1309C9E783570901130740106A
:10AFE00093053025A50713050004B3C70708B3D799
:10AFF000E70A33F5A70A9770FE1FE780E039232898
:10B00000A41019E90A24EFC03F8DB240224402493E
:10B01000268592444101828097B7FE1F83A7C740CF
:10B02000232AF41097B7FE1F9387471903A6070D2D
:10B0300083A6470DBA3F83C7A704232CC40E232E33
:10B04000D40EA304F416FD572310F4047EB01EB4EE
:10B050008347E4022324C4102326D41093E707FC7B
:10B060002307F4028567938787BB2315F404231213
:10B07000E414228523130414EFA07FF10345490152
:10B080002301A414EF10206CD147A303F4189307F5
:10B090008002A302F4189307C04E231CF4169307F2
:10B0A000F007230DF416F5779387A7EB231EF4160C
:10B0B000A301A4142300A418A300A41897B7FE1F8B
:10B0C0002392071099B7854489B7411122C426C23B
:10B0D0004AC006C697B4FE1F9384440E2A84A83043
:10B0E0008345040317B9FE1F130989D6A307A402D9
:10B0F000EFB02EBF97B5FE1F938585DAD2253E3C73
:10B1000093060032232AA4083387C7028C4533589C
:10B11000D7023377D702232604091308204E3307BA
:10B120000703B38707033347C702B3D7A7021AB091
:10B1300003478901BA971A3C93878716B3C7070854
:10B1400005073307C7022312F408130707193357FB
:10B15000D70283268408BA9663E5E600368663E460
:10B16000B6003386B640034774039306204E23137C
:10B17000F4083307D7022328C40822852311E408E2
:10B18000EFA03FC02285EFA03FDB6E3C22859205F9
:10B19000F915B3C50508EFA01FBB2285EFC07F815D
:10B1A00083A741A123A0840A898B91CF8327090318
:10B1B00099CB832584093545829783270903832505
:10B1C000C4093945829722852244B24092440249FB
:10B1D00097B7FE1F239B07FE97B7FE1F23A807FE06
:10B1E00041016FB06FBF8357450803570508894673
:10B1F0003357D70AB397E7002313F5086FB0EEBDB6
:10B20000011122CC26CA4AC806CE4EC68347650322
:10B2100038392A848507230BF5021389C1A35C25DD
:10B220009384C1A2631A07501439BD9B93E737007A
:10B23000130700045CA5A30D050038B99397466079
:10B2400063D8070093F6F60714B9EFE07FE539A855
:10B250008327850A13F7270025C3F59B2324F50AC6
:10B2600083270510918BB1C7EFC0DFD7343C8547EA
:10B2700058246399F60483278411DC4398A3832719
:10B2800084115838DC4398B30327841183270900BD
:10B290005843B8DF9C4098431317772998C3D85771
:10B2A000719BD8D7F2406244D2444249B249056109
:10B2B0008280EFC03FD15DBF13F717000DC3F99B2C
:10B2C0002324F50A83270411582498A38327041103
:10B2D000583898B383270900032704115DBF182944
:10B2E00085496310371DE1C313F7070119C7BD9BDB
:10B2F0002324F50AEFD04F9795BF13F7070201CB30
:10B3000093F7F7FD2324F50AEFD08FA985B713F73C
:10B31000070401CB93F7F7FB2324F50AEFC03FD1D5
:10B32000B1B713F7070809CB93F7F7F72324F50A0A
:10B330002285EFC03FDC1DBF13F7072009CB93F731
:10B34000F7DF2324F50A2285EFC09FEB05B713F73B
:10B35000074001CB93F7F7BF2324F50AEFD04FF74F
:10B3600031B71317B0287D8F01CB9397B7482324AB
:10B37000F50AEFC03FF7DDBD05677D8F01CB9397E1
:10B38000C7482324F50AEFC05FF8CDB509677D8F64
:10B3900001CB9397D7482324F50AEFD06F82F9B5F4
:10B3A0002324050A05B78327450A6384073013F76A
:10B3B000070401CB93F7F7FB2322F50AEFC05FBA2E
:10B3C00075B513F7071001CB93F7F7EF2322F50AB2
:10B3D000EFD02F8E61BD13F7072019CBCD8A639173
:10B3E000060E93F7F7DF2322F50AEFD02F91BDBDAC
:10B3F00013F7074001CB93F7F7BF2322F50AEFC0FD
:10B400009FC0ADB51317B0287D8F01CB9397B74878
:10B410002322F50AEFC01FC391BD05677D8F11CBB5
:10B42000CD8AD9EE9397C7482322F50AEFC03FD5BE
:10B4300035BD11677D8F01CB9397E7482322F50A2D
:10B44000EFC0BFE425B541677D8F01CB93970749D6
:10B450002322F50AEFD04F9E11BD370702007D8FE2
:10B4600001CB939717492322F50AEFC0BFE5FDBB37
:10B47000370710007D8F01CB939747492322F50AA8
:10B48000EFC0FFEEE5B3370780007D8F01CB9397C8
:10B4900077492322F50AEFD04FD3C9BB2322050AEF
:10B4A00015B519CF1306A0056367E6041306F0036C
:10B4B000636AE60015171377F70FF54763F4E702A1
:10B4C000228561B3130707FC1377F70F6946E36919
:10B4D000E6FE17B600001306664A3347C720184336
:10B4E0003297028797B60000938606503347D720DD
:10B4F0001C43B69782879307200763ECE702930704
:10B50000000763E8E722930760066301F722130749
:10B5100067F91377F70F8549E3E4E9FAEFE05FB8DD
:10B520008327040A9397B7282320F40A23083401B9
:10B5300035BB93076007E30EF7E293076008E3115A
:10B54000F7F8EFC0FFE73DA01317B0287D8F2DDB84
:10B550009397B7482324F50AEFC0DFD89307000478
:10B560001CA829B38347B5029DC305476396E7002E
:10B57000EFD00F838547EDB783270510918BC5C7A3
:10B58000BD472306F4022285EFC0DFA5E5B7EFE053
:10B590003FB18327040A93E727002320F40AD9BF89
:10B5A000EFE01FB085471CA88327040A2311040677
:10B5B00093E747002320F40A55B9EFC09F90D9477D
:10B5C000230AF40465B1EFE0BFAD8327040A93E7D3
:10B5D00017002320F40A2308040049B99760FE1FCE
:10B5E000E780C0D0E30405C88547A306F40422859C
:10B5F000EFC05F958347C404F99B2306F404BDB1F3
:10B60000EFE01FAAC9BF83278510858B81C7EFC0D4
:10B610009FE0A9B9E947A305F50283270510918B9F
:10B6200099C38D47B9BF2285EFC0DF99A1B7EFC09D
:10B63000FF8B8347D40491CB41469305C40A13057D
:10B64000C40C9750FE1FE780003F8347C4042326A5
:10B65000040E2328040E93E717002306F40439B1DF
:10B6600083270510918B91CB8D472306F502EFC000
:10B670007F971C38DD9B1CB8F5BDEFC0BF94D5BFCC
:10B680008347C5042322050E2324050E93E72700D4
:10B690002306F504EFC05F871C38A3050402DD9B79
:10B6A0001CB88327040A93E70701C5BDEFC03F9884
:10B6B000D1B59760FE1FE78060C3E30905BA09B5FD
:10B6C0000347A51411CB83476514B317F02863858E
:10B6D000E70093E6060114B90347B41419CB834776
:10B6E0007414B317F0286386E7001C3893E707014A
:10B6F0001CB87C2C91CF1C38C18B99EB8327040A92
:10B7000093E707202320F40A2285EFE07F999DB577
:10B710008307B417F5DB83274410898BF5D783277C
:10B72000440A939747292322F40AF9BFEFD04FBA6E
:10B7300091B5EFE0FF96DDBB17B7FE1F130707A813
:10B740001E2B85071EAB1DB68347E518858B638CC2
:10B75000070E397122DC06DE26DA4AD84ED652D4DC
:10B7600056D25AD05ECE62CC834765132A8413D753
:10B7700037002A97834607139D8B33D6F640058AF8
:10B7800055CE034545037D57FD4759152C003AC456
:10B790003EC613154560EF1040140326841322475C
:10B7A0008326C413B247718FF58F6314E600638656
:10B7B000F6062800EFC02F9B894763F0A7062946AD
:10B7C0008145130574199750FE1FE780402D2249CB
:10B7D000B249814A0D4C930B500256864A85CE855C
:10B7E000139A4A60EF80E071135B2A40229B137A20
:10B7F0003A00058983447B19060A05CDB394442990
:10B8000093F4F40FA30B9B18850AE3987AFD834702
:10B81000E41893E787002307F418F2506254D254D7
:10B820004259B259225A925A025BF24B624C216140
:10B830008280331A4C01B3E44401D9B7B396F62899
:10B840002308D712D9BF8280397126DA97B4FE1F38
:10B850009384C49622DC03A4C4094AD84ED656D297
:10B8600037090300B74A0F00B709008252D45AD0F3
:10B8700006DE5ECE62CC66CA6AC86EC6130A891539
:10B88000138BFA23FD197C241307000D639BE71E1D
:10B89000938BC1A383A70B0098430D8B1DC32380FB
:10B8A0000192B84B1377F78FB8CB98431367870093
:10B8B00098C39C4393D7374889C701000100010012
:10B8C000010097A7FE1F83C7A75E89E79760FE1F49
:10B8D000E78060CA8347C404858B89C7A285054574
:10B8E000EF00D053138CC1A203270C00834724140C
:10B8F000938CC1A454579395476093F7F703B3F61D
:10B900003601E607D58F5CD79306A00383A70C000A
:10B9100063D8B610F44F37060007D18EF4CF8327D3
:10B92000840983A60B0017BDFE1F130D2DAC1CC789
:10B930008327C4095CC3DC4293E71700DCC25C5771
:10B94000F19B93E717005CD78355041E0356241E12
:10B9500003457414930710FD7CA491059307000C14
:10B960002320FD00B3C505089770FE1FE7802096D1
:10B9700083457414054683A60B0003572408835798
:10B980006408639BC50C13071703D046B3A7E720D1
:10B9900013171649D8C60F10000003A70B00B706EF
:10B9A0000200860714C7930600082328DD007CD315
:10B9B00050C797B7FE1F23A507A403A60B0097B790
:10B9C000FE1F23A707A285471CC28346C404832702
:10B9D0000C0003A70C00858AD9C29443B705330035
:10B9E00093F6F6CF94C3944393F6F6CF93E60620EE
:10B9F00094C31447CD8E14C79306891734CA54577D
:10BA0000F59A54D783466413984393F6F607137751
:10BA100007F8558F98C39760FE1FE780005BA5B5B8
:10BA20009306200263DAB600F44F370600F97D165C
:10BA3000F18E37060005D5B5370600F9E9467D16C3
:10BA400063D7B600F44FF18E37060003F9B5F44F13
:10BA5000F18E93968629D9B5130717043DB7944301
:10BA6000B705330093F6F6CF94C3944393F6F6CF1D
:10BA700093E6062094C31447CD8E14C723284605A9
:10BA8000BDBF1307100D6390E75297BBFE1F938B4A
:10BA9000EB9583A70B00858B638C074483A70B0072
:10BAA00093F70708CDCF7C3417ACFE1F034CCC3B7B
:10BAB00093F7070299CF3E3C1307204EB387E70266
:10BAC00003274409B3D7E7021307CC03BA9723121D
:10BAD000F40897ADFE1F938DAD3C0355440803DD7C
:10BAE000CD0037460F0013051504B325A503130633
:10BAF0000624814683AC4B033305AD02EF8020451D
:10BB00008327C40803A68D003385A740B30795019A
:10BB1000BE8563E4A70063E4C700B385C74003277D
:10BB20000409636FB712835664088357240813858A
:10BB30000A240D8FB3A7F620B387A703DA97B3D7EC
:10BB4000A7026365F7001D8E6374E6002328B4081E
:10BB50008582B3F6860B231004082313D40803252B
:10BB6000441113062403930544039760FE1FE780E6
:10BB7000204803D764048347440323ACAB00998F68
:10BB8000230AF402832744111307F0039C23636400
:10BB9000F7008D8B81E7854723ACFB0083A78B01E2
:10BBA000858B639907268347A40293E72700230523
:10BBB000F40283A70B0093F7070889CF03476413A8
:10BBC00093573700A29783C607131D8B3397E64818
:10BBD0002388E7127C34898BD5C32285EFA0AFBBC5
:10BBE00051ED7C34A309040093E747007CB483271C
:10BBF00084118DCB383C1DC79837058B05E7BA27D4
:10BC0000C843136707F0BAA79770FE1FE780208527
:10BC10008357440485072312F404832784119C432B
:10BC2000232CF4105C3881CB8347C404898B81C7F3
:10BC30002285EFA08FBA1C28130720026394E70225
:10BC40008327040AA305040293E787002320F40A4C
:10BC50001C3893E787001CB8930740021CA839A83A
:10BC60003297D1B513070006639CE70A85471CA8E5
:10BC70008347A40293E717002305F40283A78B01EF
:10BC8000898BF5C38347C404858BF1CF1C3C8507A2
:10BC90001CBC7C3413F7270031E393E727007CB406
:10BCA000930700F85CAC3E3C1307204EB387E702D5
:10BCB00003274409B3D7E70217A7FE1F0347C71A94
:10BCC0001307C703BA97B3C707082312F4088607F8
:10BCD0002311F40897A7FE1F23A20758228597A7D0
:10BCE000FE1F23A50770EFF0AFD14C380345641455
:10BCF00091059760FE1FE78080395C386381071CDF
:10BD00008347C404898B638C071AA2850145EF0021
:10BD1000F00A630805109780FE1FE78040F79DA496
:10BD2000130770066397E70203A7C1A23C57ED9B78
:10BD30003CD797A7FE1F238C076C371700401E2F98
:10BD4000C607C5831EAF5C2493F7F7FD5CA4854747
:10BD500031B77147E394E7F28327040A93E71700AA
:10BD60002320F40A21BF2285EFA00FA51DF1A30C0B
:10BD700004002285EFA06F9F1C38A18B8DCB7C28FF
:10BD80009DC77C38094793F7B70F6382E702930793
:10BD9000D003230AF404930770021CA88347C40449
:10BDA000858BE38807EE2285EFA02FA8DDB55C34F4
:10BDB0000D476394E7047C381307A0026372F7020F
:10BDC0007C381D476388E702A306F4028327840AB0
:10BDD000228593E717002324F40AEFC0AF9419A833
:10BDE00017B70000130787A3B3C7E7209C4322853A
:10BDF000829779F57C28DDF369BDE38C07E87C2820
:10BE0000E38907E822859750FE1FE780A05DE312D3
:10BE100005E8CDB71C2C85071CACFE248507FEA4C5
:10BE20008DBD03A7C1A21C43B706330093F7F7CF1C
:10BE30001CC31C4393F7F7CF93E707201CC303A74A
:10BE4000C1A41C47D58F1CC7B707030003A7C1A314
:10BE5000938787273CCB83A7C1A2984313177729E1
:10BE600098C3D857719BD8D7930720FD7CA497A778
:10BE7000FE1F83C7E703E39007BA83270412E38C0E
:10BE800007B87834058BE30807B8D443D0278C274C
:10BE90000A248906EF30F001E31F05B68327041258
:10BEA000BA27136707F0BAA79C432320F4128357DD
:10BEB0002404E38207B6FD172311F404A9BE03A7E7
:10BEC000C1A21C43B706330093F7F7CF1CC31C4332
:10BED00093F7F7CF93E707201CC303A7C1A41C4720
:10BEE000D58F1CC783A7C1A313078925B8CBA5B7D6
:10BEF00083A7C1A3FC53E39807989780FE1FE780B0
:10BF000000D983A70B00228593F707086381071EDA
:10BF1000EFF06FADBE2822858507BEA8EFF0DF8267
:10BF200083570404A5C313074006B3F7E702B9EB30
:10BF300083A741A1898B9DCF17A9FE1F130949F142
:10BF40000327090305CB9E28AE282545C207DD8DB2
:10BF5000029783270903EE24294582978327090343
:10BF6000831524032D458297832709038305440302
:10BF70003145829797A7FE1F2399072497A7FE1F95
:10BF800023A6072422856254F250D2544259B25952
:10BF9000225A925A025BF24B624CD24C424DB24D45
:10BFA00021616FA04FEE1307200DE396E7D697AB04
:10BFB000FE1F938BAB4383A74B00858B638C0712CB
:10BFC0000327040A97A7FE1F23A407428967F98F56
:10BFD000EDE722859750FE1FE780C04D8547631E21
:10BFE000F50C8355041E0356241E03457414910555
:10BFF000B3C505089760FE1FE780602D8347C40422
:10C00000138CC1A3938CC1A2858B138DC1A4BDCB0E
:10C01000A2850545212503A70C00B70633001C4364
:10C0200093F7F7CF1CC31C4393F7F7CF93E7072091
:10C030001CC303270D001C47D58F1CC783270C008A
:10C0400013078917B8CB930710FD7CA483270C0036
:10C05000D44713971649D8C70F10000083270C0048
:10C060003707020098C71307000823A8EB0003A7AF
:10C070000C0018431357774815CF1307E018F8D36F
:10C08000D4C751BA03A70C00B70633001C4393F77B
:10C09000F7CF1CC31C4393F7F7CF93E707201CC3CC
:10C0A00003270D001C47D58F1CC783270C0023A82E
:10C0B000470551BF1307E01AD9B79780FE1FE780E5
:10C0C00000BD1C3C85C73D476379F7009305D0034D
:10C0D0002285EFA04FEEA305A40297A7FE1F83A71A
:10C0E00027DA89C795451305500882972285EFA066
:10C0F000FFAC49BD83A7C1A3FC53639607F89780A3
:10C10000FE1FE780C0B8DDB7411106C6EF903FB112
:10C1100097A7FE1F9387870A17F7FFFF1307C7E844
:10C1200023A8E70AB24017F7FFFF130747FA23AA2D
:10C13000E70A97F7FFFF9387677123A0F1A24101F8
:10C140008280797122D42A841305050B06D626D263
:10C150004AD05AC84ECE52CC56CA5EC662C4138963
:10C160008192EFB05F80832709008324040AA3072C
:10C17000A408829717ABFE1F130B8BD263EAA41699
:10C18000B74B0F00938B0B243385A440B335750355
:10C190000356CB008146130C204E33057503EF7018
:10C1A000105B8327090023000408AA89829723A231
:10C1B000A1A28357EB008324C40D17AAFE1F034AD4
:10C1C000BACA9387471FB3C7FB02A180B3C4040850
:10C1D0000359CB00814681454A86B38A84033305DF
:10C1E0007A03B3DAFA02EF709056130700324A86E8
:10C1F00081468145B307990293541A00AA9AB3F76E
:10C20000E702B3878703B3C7270333857403B3C734
:10C210000708BE9AEF70B0535695636E3501371517
:10C220003D004A868146130505908145EF703052E6
:10C23000B38AA9408D44B33559038329040A37468C
:10C240000F002326540B1306062481463305590399
:10C25000EF70F04F63E2A90A3385A9402322A40AB4
:10C260000345D4079307F00F6304F500EF909EEBAE
:10C270008327440A17A5FE1F0325C5FC63E2970820
:10C28000338697408327C40D0357CB009306D4070A
:10C29000A183B3C70708B387E70213070032A2855B
:10C2A0009387071933D7E7029760FE1FE780606E18
:10C2B0000347D4079307F00F630FF7005C4C054763
:10C2C0002300040893E76700A308040C2319E40C77
:10C2D0005CCC230EE406B250225492540259F24927
:10C2E000624AD24A424BB24B224C014545618280A0
:10C2F00083278B00BE9469B583278B00BE99A9BFA5
:10C3000003278B00BA97ADBF01114AC817A9FE1FBA
:10C310001309C9EA22CC0324C90B26CA4EC652C44B
:10C3200056C206CEAA848149130A2500854A39E0FF
:10C330009305702531459760FE1FE780E0052A844C
:10C34000014539C89C301946938524001CB013055B
:10C3500024009740FE1FE780006E8327C90BB1E7DA
:10C36000232E890A232404008347890B8507230C85
:10C37000F90A15A018309C306305F700A289004423
:10C380007DB71946D285130524009740FE1FE7802C
:10C39000207CE31555FF0545F2406244D2444249F2
:10C3A000B249224A924A05618280E38D09FA23A4A8
:10C3B00089004DBF17A5FE1F032505EC11E997A7BE
:10C3C000FE1F23AB07EA97A7FE1F238507EA82809B
:10C3D000411106C622C400459760FE1FE780200871
:10C3E000228575F8B240224497A7FE1F23A607E8CE
:10C3F00097A7FE1F238007E84101828097A7FE1FB1
:10C400009387C7DB23AE070A238C070A8280138732
:10C4100081A21C439306001094C301000100010097
:10C4200001001C4323A00700143103480500A206A5
:10C43000B3E606010348250042083368D8003431CA
:10C44000E206B3E6060194D7543103484500A2063C
:10C45000B3E606010348650042083368D80074312A
:10C46000E206B3E60601D4D7143503488500A206D8
:10C47000B3E606010348A50042083368D800343506
:10C48000E206B3E6060194DB54350348C500A20674
:10C49000B3E606010348E50042083368D800743566
:10C4A000E206B3E60601D4DB94318821A206C98EE8
:10C4B000A8214205558DB431E206C98E94CFD431FE
:10C4C000C821A206C98EE8214205558DF431E20645
:10C4D000C98ED4CF88259435A206C98EA8254205D9
:10C4E000558DB435E206C98E94D3D435C825A2063D
:10C4F000C98EE8254205558DF435E206C98ED4D3A0
:10C50000D443F59AD4C3D44393E61600D4C39443DA
:10C5100093E6160094C31443DC42858BBDE39C4E26
:10C5200001451CA21C439C4FA1831CB21C439C4F81
:10C53000C1833CA21C439C4FE1833CB21C43D84FB7
:10C5400058A2D84F218358B2D84F418378A2D84FF0
:10C55000618378B2985318A69853218318B69853DC
:10C56000418338A69853618338B6D85358A6D85318
:10C57000218358B6D853418378A6DC53E1837CB637
:10C580008280010049BF011122CC2A84354506CEA4
:10C590002EC632C49770FE1FE780007703A7C1A3A1
:10C5A0003C4B228593E707083CCB2246B245EFF08F
:10C5B0001FE6F240624401450561828003A7C1A3E2
:10C5C0003C4B93E707083CCB010001000100010050
:10C5D00093850508F851160583A781A21365050800
:10C5E00088C398CBB8550145D8CBD85D98CFB84112
:10C5F000D8CFF84198D3B845D8D3F84598D7B8499B
:10C60000D8D7F84998DBB84DD8DBF84D98C7B85162
:10C61000D8C798431367070498C3828003A7C1A3B0
:10C620003C4B93E707083CCB0100010001000100EF
:10C6300093850508F855160583A781A2136505089B
:10C6400088C398CBB8590145D8CBD85D98CFB841AD
:10C65000D8CFF84198D3B845D8D3F84598D7B8493A
:10C66000D8D7F84998DBB84DD8DBF84D98C7B85102
:10C67000D8C798431367070498C39307000817A700
:10C68000FE1F2321F7D8828083A7C1A298433706D3
:10C6900000827D161317772998C31307F03F98DFA0
:10C6A00013070005D8DBD8571317F729D8D7D45765
:10C6B0001797FE1F0347077B931547601377F70310
:10C6C000F18E6607558FD8D79306A00303A7C1A4A0
:10C6D00063DFB602744F37060007D18E74CF370779
:10C6E00002001307C720D8DF984B137707FC1367A6
:10C6F000E70098CB37E700E0D147A309F704975745
:10C70000FE1F9387477993E717007CD782809306B3
:10C71000200263DAB600744F370600F97D16F18EF9
:10C72000370600055DBF370600F9E9467D1663D779
:10C73000B600744FF18E3706000345B7744FF18E83
:10C740009396862961BF1307A003AA87636EA70487
:10C750001307A0020D45636AF70413072002094579
:10C760006365F704694705456361F704514701456F
:10C77000636DF70249477D556369F702394775557F
:10C780006365F70229476D556361F70219476155E3
:10C79000636DF700114759556369F700094745551F
:10C7A0006365F70031558280114582803557AA872D
:10C7B000634CE50449570D4563C9E7045D571545CA
:10C7C00063C5E70465571D4563C1E70471572D45EF
:10C7D00063CDE70279573D4563C9E7024D4563C61E
:10C7E000070255459DC305476D456380E70209472C
:10C7F00013053002638BE7000D471305B002638613
:10C80000E7001305B00382800545828019C53717FC
:10C8100000401E2F9397F7281EAF8E05220697A77C
:10C82000FE1F2386B7BE498E83A7C1A24D8E131665
:10C830004629B0D7B85713674700B8D7B85789C645
:10C8400013172729B8D7828013172749E5BF41114D
:10C8500022C406C617A4FE1F130444B903470402EA
:10C86000A1476318F70217A7FE1F0347A79097A7D2
:10C87000FE1F93872792058BB033B42321CBC84387
:10C8800031C50C310905EF70AF9601C58547A3008E
:10C89000F402034704029947631AF70097A7FE1FA3
:10C8A00083A74799BC3795C7EFE0AFCB0347040296
:10C8B0009D476310F70297A7FE1F83A7E798FC33F5
:10C8C00089CB2244B24041016F60401C8145014543
:10C8D0005DBFB2402244410182805D71B7E700E054
:10C8E000CAC003A90700A6C24EDE3707200086C6CD
:10C8F000A2C452DC56DA5AD8AA84AE893379E90048
:10C9000023A0E7180F1000001384C1A21840138A57
:10C91000C1A4938AC1A31C43370B030013068002F2
:10C9200093F7F7CF93E707101CC383260A00370756
:10C93000CEFF7D179C46930510082800F98F9CC6F2
:10C9400083A70A0023A867059740FE1FE7802015EC
:10C9500035459770FE1FE780203B1C4093F6F41F7F
:10C960003706330023A40700984B130B8B151305D0
:10C9700010F81367F70398CBF84F130E401F914E32
:10C98000137707E0558FF8CF98431303800213679E
:10C99000070898C317A7FE1F232407A683A60A002B
:10C9A00017A7FE1F232607A4054798C298431377AD
:10C9B000F7CF98C398431377F7CF1367072098C32F
:10C9C00003270A001C47D18F1CC723A8660538001F
:10C9D000814613F8F60F135638004E961C22137832
:10C9E0007800B3D70741858BD1CB1C4083280A0040
:10C9F00023AC070423A0070683A5C802F59923A644
:10CA0000B80283A8070093F5F60793F808F8B3E88F
:10CA1000B80023A01701CC539395F528CCD303AFCE
:10CA20000A0081452322CF0783A8070663821503E6
:10CA300083A807038305070093D8F80093984860FC
:10CA400063D515018C5BBD810CA3AC5393F5F50F39
:10CA500083284F066386080083A88705E3F41EFD3C
:10CA6000CC539395F548CCD38305070063D6B40027
:10CA70001C22B39707491CA233E5A50A85060507C2
:10CA8000E39966F418401C4B93F707FC93E7E70023
:10CA90001CCBB6402644B7E700E023A027119644FC
:10CAA0000649F259625AD25A425B61618280011191
:10CAB00022CC2A84114526CA4AC832C62E89B68499
:10CAC00006CE9770FE1FE78020249386C1A29C4269
:10CAD0001385C1A39385C1A4D85737033300719B35
:10CAE00013671700D8D7832805001307800723A2F0
:10CAF000E80698431377F7CF98C398431377F7CF97
:10CB00001367072098C303A805003246032788004F
:10CB1000336767002324E8003707030013078725DE
:10CB200023A8E8040327C802759B2326E8026305AF
:10CB3000090A9843136404041374F407137707F87D
:10CB4000418F98C3374776711307971298C7832789
:10CB5000480093F7F7EF2322F80001000100984105
:10CB600017A4FE1F13048488A6855C4393E707106F
:10CB70005CC39842B7575500938757555CC31C4117
:10CB8000185C0145B8DF17A7FE1F2325078617A7E6
:10CB9000FE1F23230786D843799BD8C391475CCCDB
:10CBA0009750FE1FE780405903A741A311C7544384
:10CBB00018479C42D98F9CC25C44858B81CB1797C8
:10CBC000FE1F1307A75F1E2785071EA7F2406244BA
:10CBD000D24442490561828098431374F407137765
:10CBE00007F8598C37C7898E80C3130767EDB9BF23
:10CBF000011126CA4AC84EC6C1643709006AB7097E
:10CC000000AC22CC52C456C206CE1304F00FFD1461
:10CC10001309690E9389E90C614A930A0002A685FB
:10CC20000145EF90FE969317850013F7071033E543
:10CC3000270119C333E5370181470147B356F5484A
:10CC400085073356F5486307D60005071377F70FB6
:10CC50006364EA04E39457FF81471306F003ED464B
:10CC60003357F5001377F70305CB6307C702850732
:10CC7000E398D7FE135785009377F50F1377F70FD7
:10CC8000639BE702135705011377F70F6395E702DC
:10CC9000135785016391E7027D141374F40F41F07B
:10CCA0009305000F4145EF903E8CB7B7006A4205EF
:10CCB000938767CE5D8DF2406244D2444249B249C7
:10CCC000224A924A056182809797FE1F93870772D6
:10CCD000D44F11476385E60E83C737026391070E71
:10CCE000B7C7004003A781A2938707306319F70CE9
:10CCF000011122CC37E400E026CA044006CE4AC81F
:10CD00004EC652C456C2B7072000FD8C2320F4182B
:10CD10000F10000035459770FE1FE780E0FE938AF4
:10CD2000C1A21522A522EFF03F9683A70A00138A1D
:10CD3000C1A4B706330098439389C1A33709030000
:10CD40001367070898C398431377F7CF98C398439E
:10CD50001377F7CF1367072098C303270A001C47F0
:10CD6000D58F1CC783A7090013078955B8CBAD24FD
:10CD7000EF00B01D7522352403A70A001C4393F76A
:10CD8000F7CF93E707101CC383260A003707CEFFAF
:10CD90007D179C46F240224AF98F9CC683A7090062
:10CDA000924AB24923A827059797FE1F23AE07642E
:10CDB000232094106244D2444249056182808280DB
:10CDC000B7C700401387073023A4E1A213870720C9
:10CDD000411123AEE1A29387071037D7004022C448
:10CDE00006C61794FE1F1304646023A6E1A423A6BD
:10CDF000F1A285475CCC9797FE1F9387274E5CDC9A
:10CE00009797FE1F83A7C7041CDC9757FE1F9387C5
:10CE1000E70823ACF1A2EFF03FEBB7E700E0A30196
:10CE2000040203C7574113670708A38AE740B240CB
:10CE300022443707100023A0E7103707200023A063
:10CE4000E7104101828083A7C1A31307C008D8CB94
:10CE500093066007D4CFD8D31306E006D0D7D8DB2B
:10CE6000D0DFF8C3F4C7D843059BD8C30547FAA35E
:10CE700023AA07041797FE1F0327075BF8DF7D57D8
:10CE800098C737071F003D07D8C7828083A7C1A472
:10CE90001307004898D7D85FB70600F9FD16758FBD
:10CEA00013179729D8DFD85F9D663706FDFF0E0759
:10CEB0000D831317E729D8DF985B7D16136707707A
:10CEC00098DB985B558F98DB985BB7060700558F0A
:10CED00098DB985BB7060090FD16758F1317C7296E
:10CEE00098DBB4473707F9FF7D17F98EB4C7F447CD
:10CEF000E19AF4C7F44793F6F6F8F4C7F447F18ED5
:10CF0000F4C7F44F758FF8CFF84FB70690FFFD16B2
:10CF1000758FF8CF930740060100FD17F5FF82805B
:10CF20001387C1A41C43B44B93960649B4CB9447D2
:10CF30009396562994C7D44793E60601D4C7D4479D
:10CF4000BD9AD4C701000100010001001C43D44771
:10CF500093E60601D4C7D4439396C628D4C303A648
:10CF6000C1A39306400674D2745291C683A6C70922
:10CF700093D68648F5DA01000100010001001C4348
:10CF800013870708544FB84BFD8A13170729B8CBEE
:10CF9000B84B019B558FB8CB98471317574998C783
:10CFA000828083A7C1A4B44F41777D17F98EB4CF97
:10CFB00094479396062994C7D44793F6F6EFD4C7BF
:10CFC000D443758FD8C3D84713670710D8C7D84341
:10CFD00013170729D8C38280397122DC4ED652D468
:10CFE00006DE26DA4AD856D25AD05ECE62CC66CA5F
:10CFF0006AC86EC603A4C1A45C409389B1A4138A15
:10D0000091A493F7F7EF5CC01C549397C7481CD4C6
:10D010005C54BD9B5CD41C44939717291CC45C4092
:10D0200093E707015CC0B757341203A701A49387A5
:10D0300087676309F7705C4001791309F90FF99B61
:10D040005CC01C5C3167130707F0B3F72701D98F69
:10D050001CDC5C409304040893E717005CC0975005
:10D06000FE1FE780C0309C4893F7F7032380F90048
:10D07000DC48A98393F7F7072385F1A45C403D675B
:10D0800013070780F99B5CC01C5CB3F72701D98F9D
:10D090001CDC5C4093E717005CC09750FE1FE780E4
:10D0A000002D9C4893F7F703A383F1A4DC48A983E0
:10D0B00093F7F7072383F1A45C4035671307074014
:10D0C000F99B5CC01C5CB3F72701D98F1CDC5C406A
:10D0D00093E717005CC09750FE1FE78040299C48EB
:10D0E00093F7F7032300FA00DC48A98393F7F707C7
:10D0F0002384F1A45C404167130707C0F99B5CC01F
:10D100001C5CB3F72701D98F1CDC5C4093E7170048
:10D110005CC09750FE1FE78080259C4893F7F7037B
:10D12000A382F1A4DC48A98393F7F7072382F1A433
:10D13000834C0A0003C709009307600213065002DC
:10D1400033079741B307F702930670029305400235
:10D150001305300213082002130E1002F94E754F0A
:10D16000FD4FF14A3306C7026D4BE94B654CD9427E
:10D17000D543DD48D14DCD444949B3C7D7023D43DE
:10D18000B949294D354A3346D60292072206D18F36
:10D190003306B702D98F95453346D6023206D18F72
:10D1A0003306A702130504083346D6024206D18F80
:10D1B000330607033346D6025206D18F3306C70320
:10D1C000254E3346D6026206D18F131657003346DA
:10D1D000D6027206D18F1CD13306E703194FB3076D
:10D1E000D7039D4EB3C7D7023346D6029207220615
:10D1F000D18F3306F7038D4F3346D602D18F3306D6
:10D200005703B14A3346D6023206D18F330667033D
:10D210002D4B3346D6024206D18F33067703E14BBE
:10D220003346D6025206D18F33068703454C334628
:10D23000D6026206D18F330677033346D6027206D2
:10D24000D18F5CD133067702B30757023346D6023B
:10D25000B3C7D70222069207D18F3306170333468E
:10D26000D602D18F3306B7033346D6023206D18FAA
:10D27000330697023346D6024206D18F3306270380
:10D280003346D6025206D18F330687033346D60281
:10D290006206D18F131647003346D6027206D18F2D
:10D2A0001CD5B30767023346F703B3C7D70222067C
:10D2B000D18F330637033346D6021206D18F330699
:10D2C00057033346D6023206D18F330667033346FF
:10D2D000D6024206D18F3306A7033346D602520642
:10D2E000D18F3306C7033346D6026206D18F131699
:10D2F00037003346D6027206D18F5CD5B307D70309
:10D3000033464703B3C7D7024206D18F3346D7020D
:10D310006206D18F3306E7033346D6021206D18F59
:10D320003306B7023346D6022206D18F13162700E2
:10D330003346D6023206D18F131617003346D60273
:10D340005206D18F1CD983C771A4B387FC4033C662
:10D35000A70393FCFC03B3CDB7033206920DB3EDE4
:10D36000CD001306800233C8C702B3ED0D0121487A
:10D3700033C80703420833E80D01B3CDB702F20DFD
:10D380003368B801B38DF703B3CDCD02A20D336876
:10D39000B801B38DE703B3CDCD02D20D3368B80128
:10D3A000B38DD703B3CDCD02E20D3368B801338B13
:10D3B0006703232A05031148B38DC703B38A5703B4
:10D3C000338A4703B389370333C80703B3CDCD028C
:10D3D0001208334BCB0233E80D01B3CACA02220B49
:10D3E000336B6801334ACA02B20AB36A5B016D4B00
:10D3F000B3C9C902420A33EA4A01F14AD209336881
:10D400003A01B3896702754A13034002B3C9C902DE
:10D41000E209B3693801139847003348C802338CD6
:10D4200087037208B3E909010948232C3503F94938
:10D4300033892703B3849702B3837702B3825702F9
:10D44000B3881703B38B770333C80703334CCC027D
:10D4500032083349C90233680C01654CB3C4C402B5
:10D46000120933692801B3C3C302A204B36499004B
:10D4700013091002B3C2C202C203B3E374009304DF
:10D480006002B3C8C802D202B3E253009303200281
:10D49000B3CBCB02E208B3E8120193023002F20BE5
:10D4A000B3E87801E94B232E150333887703B3885B
:10D4B00067033348C802B3C8C8021208A208336819
:10D4C0001801B3888703B3C8C80233681801B3884A
:10D4D0005703B3C8C802B20833681801B3884703BA
:10D4E000B3C8C802C20833681801B3883703FD49BE
:10D4F000B3C8C802D20833681801B3883703B3C869
:10D50000C802E2083368180193985700B3C8C802EC
:10D51000F208336818012320050533882703939800
:10D52000C7013348C80233681801B3887702B3C80B
:10D53000C802920833681801B3885702B3C8C802FA
:10D54000A20833681801B3886702B3C8C802B208DA
:10D550003368180193085002B3881703B3C8C80290
:10D56000C20833681801B3889702B386D702B3C8DC
:10D57000C802B3C6C602D20833681801E206B36611
:10D58000D80074C193069002B386D702032885049D
:10D59000137808FFB3C6C602BD8AB366D80034C587
:10D5A0009306A002B386D702B3C6C60230451376EF
:10D5B000F6F0BD8A9206D18E34C503C681A403C895
:10D5C00061A433080641B306A80303238504B30806
:10D5D000B802B3C6F602B3C8F802A206F208B3E670
:10D5E0001601B308C803B3C8F802B208B3E61601BF
:10D5F00093183800B3C8F802C208B3E61601B3089E
:10D60000D803B3C8F802D208B3E61601B308E8039A
:10D61000B3C8F802E208B3E61601B7988888938881
:10D620000880B3E61601B3E666009318280033437A
:10D63000F80234C583C6A1A4918E1376F60762065C
:10D64000B3C8F8023203B3E868003383F603334308
:10D65000E302B30FF8037203B3E86800060833C3AC
:10D66000E602B3CFFF025203B3E868003348F80282
:10D67000920FB3E8F8012208B3E7080113981600E7
:10D680003348E8026208B3E7070125681308888871
:10D69000B3E707017CC5338FE603B387B6029395E2
:10D6A0002600B3C7E702334FEF029207B3C5E50286
:10D6B000220FB3E7E701B38ED603CD8F93953600E3
:10D6C000338EC603B386A603B3CEEE02B3C5E5021E
:10D6D000B20EB3E7D701334EEE02C205CD8FB3C60B
:10D6E000E602520EB3E7C701370700817D17E20655
:10D6F000D58F3CC95C40BD9B5CC05C40F99B5CC065
:10D700001C549397C7281CD45C5493E707015CD43E
:10D710001C5C93F707FCB3EC9701232C94031C5C6F
:10D72000F98FD18F1CDCF2506254D2544259B25955
:10D73000225A925A025BF24B624CD24C424DB24D8D
:10D740002161828023A001A4E5B203A7C1A45C43A8
:10D7500093E707105CC38280411106C6792D9305BB
:10D760006040EF10F073B2400145410182806F00CC
:10D77000C06D11C589C501C61E2201458DE3011189
:10D780000565C9471306F100130555C3854506CE47
:10D79000DC87EF10B070F24088870561828082805C
:10D7A00001119797FE1F2384A7A605651306F100B4
:10D7B000130595C4854506CEA3070100EF10106E32
:10D7C000F24088870561828001111305910006CE21
:10D7D0004D2548840565300025059D45EF10106CEA
:10D7E000F24008840561828001111305D10006CE44
:10D7F000552548860965700009059145EF10106AA6
:10D80000F240088605618280011106CE4D25C88749
:10D8100009651306F10015058545EF103068F240E3
:10D82000888705618280011106CEEF004072C887AB
:10D8300009651306F10029058545EF103066F240B1
:10D84000888705618280011106CEEF00607EC8875F
:10D8500009651306F10039058545EF103064F24083
:10D86000014505618280011106CEEF00B03DC887F9
:10D8700009651306F10041058545EF103062F2405D
:10D88000888705618280011106CEEF00501DC88790
:10D8900009651306F10045058545EF103060F2403B
:10D8A000888705618280411106C622C4EF0070227C
:10D8B0008965CD052A84EF10B05EB24022852244EE
:10D8C0004101828001111305510006CEEF00103C8A
:10D8D0004882096550006105A545EF10305CF240B3
:10D8E000014505618280411106C6EF00703D8965E2
:10D8F000E505EF10F05AB240014541018280011167
:10D9000006CE22CC2A84EF00B04C48860965C0863A
:10D910007000218069058D454087EF103058F24036
:10D920006244014505618280011106CE22CC2A8421
:10D93000EF00505848860965C086700021806D054B
:10D940008D454087EF109055F240624401450561D6
:10D950008280011106CE22CC2A84E52D48860965F5
:10D96000C08670002180130505028D454087EF10A9
:10D97000F052F2406244014505618280011106CEF9
:10D9800022CC2A84EF00300148860965C0867000E9
:10D990002180130515028D454087EF103050F2406D
:10D9A0006244014505618280011106CE22CC2A84A1
:10D9B000EF00500248860965C0867000218013057B
:10D9C00025028D454087EF10704DF24062440145BD
:10D9D00005618280011106CEEF007052C88709658B
:10D9E0001306F100130575028545EF10304BF24028
:10D9F000888705618280011106CEEF007059C887C3
:10DA000009651306F100130595028545EF101049CD
:10DA1000F240888705618280011106CEEF00305BFD
:10DA2000C88709651306F1001305D5028545EF1077
:10DA3000F046F240888705618280011106CEEF0032
:10DA4000F05DC88709651306F1001305E5028545F9
:10DA5000EF10D044F240888705618280011106CE24
:10DA6000EF001060C88709651306F1001305150360
:10DA70008545EF10B042F2408887056182804111F0
:10DA800006C622C4EF0090618965938525032A8428
:10DA9000EF101041B24022852244410182800111E1
:10DAA00006CEEF104011C88709651306F100130573
:10DAB00075038545EF10903EF240888705618280AE
:10DAC000011106CEEF106025C88709651306F10025
:10DAD000130585038545EF10703CF240888705618A
:10DAE0008280011106CEEF10603CC88709651306DD
:10DAF000F100130595038545EF10503AF2408887F1
:10DB000005618280797102C08148014881470147DF
:10DB100006D6EF108054A30FA10009651306F1018A
:10DB20001305E5038545EF107037B2500345F10149
:10DB300045618280011106CEEF10C06BC887096570
:10DB40001306F1001305F5038545EF103035F2405B
:10DB5000888705618280011106CEEF10E07EC887BC
:10DB600009651306F100130505048545EF10103310
:10DB7000F240888705618280011106CEEF10B00D5A
:10DB8000C88709651306F100130525048545EF10C4
:10DB9000F030F2408887056182809787FE1F239FBF
:10DBA000A76401458280011106CEEF105014C8878A
:10DBB00009651306F100130515058545EF10102EB4
:10DBC000F240888705618280011106CEEF10F01ABD
:10DBD000C88709651306F100130525058545EF1073
:10DBE000F02BF2408887056182805D711303D103B9
:10DBF0001AD20343010786C61AD00343C1061ACEC0
:10DC0000034381061ACC034341061ACA03430106A3
:10DC10001AC80343C1051AC6034381051AC4030386
:10DC200041051AC2034301051AC0EF00104F230E2D
:10DC3000A10209657018130565038945EF101026C8
:10DC4000B6400345C103616182809786FE1F9386BB
:10DC5000E656BE2681E79307F01FBEA6BE262146E4
:10DC6000014513F707103357C7408607B3C70708A6
:10DC7000598D93D5574013D797402D8F058B7D161F
:10DC80001375F50FD98F71FEBEA682801787FE1F10
:10DC90001307C7525E2789E7E17793C7F7FF5EA7AF
:10DCA0005E27B94601459168994533F61701335609
:10DCB000D6408607518D33C8070813D6E748FD16AE
:10DCC00093D7F748B18F1375F50FB367F800E39E4C
:10DCD000B6FC5EA78280797126D24AD04ECE52CC55
:10DCE00006D622D456CA5AC85EC6AE84B289368ACF
:10DCF0001789FE1F032909732DC5AD472A8463E8E0
:10DD0000A7021304F5FF1374F40F138B11A58347B7
:10DD10000B00C9E39D47494563EA370317970000A5
:10DD2000130787D5B3C7E9209C43BA978287B147C9
:10DD3000630CF5029307600263E5A7001304E5FF97
:10DD4000D9B7930770024945E301F4FCB25022545D
:10DD500092540259F249624AD24A424BB24B45614F
:10DD600082801304500255B71304600279BFCA8A37
:10DD7000B38B2401638D5B01EFF05FF12381AA0077
:10DD8000850ACDBFCA8AB38B240163965B0385479E
:10DD90002300FB0093F9F9009306FAFF2285230084
:10DDA0003901A300990093F6F60F26868545EFE02A
:10DDB0001FD0014561BFEFF05FE92381AA00850A0A
:10DDC000E9B726869305000F130529009730FE1F3B
:10DDD000E780E0CC6DBF26869305A00AF5B72686BE
:10DDE0009305F00FD5B726868145F9BF2686BD4538
:10DDF000E1BF268693055005C1BF41119317B02896
:10DE000006C622C4E98F95C3EF701FE9AA870945AA
:10DE100089CB9423114731456395E600154798A3B4
:10DE20004945B2402244410182802E84EF90DF8B2D
:10DE300065D93C25C18BEDD73C35230A8504B33722
:10DE4000F000E9071CA90145E9BF011106CE22CC6B
:10DE50002EC6EF907F8901CDB2452A84EF80BF9511
:10DE6000A305A4020145F240624405618280494550
:10DE7000DDBF1787FE1F1307673481479946834527
:10DE8000070E3306F50085070CA20507E399D7FEB8
:10DE9000014582809787FE1F938787FB9A2B18A1E5
:10DEA0009A2B218318B1FC373CA10145828019E1EE
:10DEB000494582809787FE1F93874730B84FAA85D0
:10DEC00001C75827314575F7B85F01C73837314565
:10DED0006DF303A7C70801C77833314579FB0111FA
:10DEE000054706CE19461785FE1F1305853BB8A3C7
:10DEF0002EC69730FE1FE78000B4B2459306000C93
:10DF0000D8319377070C639FD70019461785FE1FFA
:10DF1000130585399730FE1FE780E0B10145F240D7
:10DF2000056182809306F00363E8E60019461785D1
:10DF3000FE1F1305C537F9BF130700044945E390D9
:10DF4000E7FE19461785FE1F1305C536E1B74111D7
:10DF500026C29784FE1F9384642622C4A04C06C662
:10DF600039E4BC5499E74945B24022449244410106
:10DF7000828035CD0547E318E5FE014582972A8466
:10DF800055C59317B0281EB1930700707EA58D4725
:10DF90001CBDA30A050219469785FE1F938505300F
:10DFA000130565039730FE1FE780E0A821A8784895
:10DFB000B7070008F98FADEBBC54D5D70DC985471D
:10DFC000E313F5FA58248547E30FF7F87C24B98B5F
:10DFD00095CB742405478947639FE6021EB022440F
:10DFE000FC54B24092441305000F4101828713058F
:10DFF000000FEF704FFE25D95C25B5D7EF709F9DC0
:10E0000001459DB7EF804F869787FE1F83C7A7E521
:10E01000E311F5FC89BF1E3013070002B3F7E70ACE
:10E020001167B3D7E70A5DBF31453DBF1D452DBF21
:10E030009787FE1F83A74721314599CBFC3389CBB6
:10E04000411106C6EF40503BB2400145410182807C
:10E050008280011126CA4AC84EC652C456C25AC04E
:10E060002E89368ABA893E8B06CE22CCB284C28AE9
:10E07000EF908FE785671307A9FF9386A7C73347FC
:10E08000070863E8E610938707C82A84494563E4D4
:10E09000970A63E2240B1307301F636E470963EC92
:10E0A000370993071A00B3C70708B3879702139776
:10E0B000390063D2E70841C01C3813F747003DC35D
:10E0C000ED9B1CB83C34231A2407231B9406D5EB84
:10E0D00003578406C167FD176309F706631799069E
:10E0E0003E3C231BE404231CF4049787FE1F83D7C4
:10E0F000A7178D46114763E5F600850713F7F70F5D
:10E10000A30AE4042285EF70FFF783570404A907EC
:10E11000231FF4048327440A93E717002322F40AF9
:10E12000C5475CBC231C6407231D5407231D4405FD
:10E13000231E34050145F2406244D2444249B249AB
:10E14000224A924A024B056182800356440601CE60
:10E15000B3D4C40233069602334606083376260B40
:10E16000231CC40459B7B305990085814A85EF8003
:10E170002EC2231CA404930584052685EF60AF8777
:10E18000ADB78327840A93E707022324F40AC14723
:10E1900049BF49454DB7411122C406C62E84EF90B0
:10E1A000AFD411E54945B2402244410182801C3977
:10E1B000A305850213F7470075D7ED9B1CB9BD4732
:10E1C0002306F5028327850A93E727002324F50A0F
:10E1D0000145D1BF411122C426C206C62E84B28495
:10E1E000EF908FD003278510137707023DC71307E1
:10E1F00054FE9306000EAA8733470708494563E09B
:10E20000E6021167938684EB13078714B3C60608EA
:10E210006367D70003D7471E631887000145B240E4
:10E2200022449244410182809786FE1F938606F91C
:10E23000BA36A38E8706239F97063357870A239AF9
:10E24000E71CDA363357970A239BE71C03A7470AD4
:10E250001317B72823A2E70AD1B74545C9B797874F
:10E26000FE1F9387A7F5B44F2A8791C6D02601C613
:10E27000D436494585EAB45F99C6B03609C6942AB2
:10E280004945858A85E283A6C70891C6F03201C652
:10E29000D436494581EA83C6870B83C7970B63E869
:10E2A000F6001D4582801D45F24005618280011106
:10E2B00019461305A10006CED8849720FE1FE780DB
:10E2C00080772800EFE04F848547E31EF5FC014589
:10E2D000E1BF797126D24AD04ECE52CC56CA5AC826
:10E2E0005EC606D622D42E89B289B68A3A8ABE8BF9
:10E2F000428BEF906FBFC94455C105679307A9FFD3
:10E300009306A7C7C944B3C7070863E9F60813070C
:10E3100007C86365370963E329099307301F63EF73
:10E320005707636D470713871A00334707083307FA
:10E33000270393173A006353F70604392A84858824
:10E34000639E040E8327450A93F71720E5EB3835C3
:10E35000231A2507231B3507231C7507231D650773
:10E36000231D5505231E45055C3D4DE385EB8327A5
:10E370000510898BA1C331469305F00F130585065F
:10E380009720FE1FE780A0718327440A2314040608
:10E3900093E707202322F40AC9475CBCB2502254F9
:10E3A0000259F249624AD24A424BB24B26859254F4
:10E3B0004561828063093905B385290185814A85D4
:10E3C000EF800E9D231CA404930584054E85EF5019
:10E3D0009FE29787FE1F83D727E98D46114763E5A4
:10E3E000F600850713F7F70FA30AE4042285EF7000
:10E3F0007FC983570404A907231FF4048327440A11
:10E4000093E7170041BF231C2505E1B7C1FB832714
:10E410008510898B95C731469305F00F1305850646
:10E420009720FE1FE780A0678327440A2314040671
:10E4300093E707202322F40ACD4785B7B144B9BF3B
:10E44000E944A9BF9787FE1F938747D7B84F11C7E5
:10E45000542781C6583749450DEBB85F19C7343783
:10E4600089C6182B4945058B0DE383A7C70891C7BB
:10E47000F83301C7DC37494589EB411106C6EFD0B7
:10E480007FF3B2400145410182808280411122C464
:10E4900026C24AC006C6AA84014421499305F00F4A
:10E4A0000545EF806E8CB387840088A30504E317CD
:10E4B00024FFB24022449244024901454101828036
:10E4C000797122D44ECE06D626D24AD02EC6B28933
:10E4D0003684EF906FA17DC90349B500B245AA8487
:10E4E0006316090E21461305B51A9720FE1FE78013
:10E4F0008054A389341B93D98900238A341B7C243C
:10E5000050346C345424A207420603C5C404B297A5
:10E51000E206AE97B69703A7440A9386040835C16E
:10E52000DCD63C24103413670702A2074206B297D8
:10E530003034B29710246206B2979CDA7C205030B7
:10E54000A2074206B2977030B29750206206B29787
:10E55000DCDA3C201030A2074206B2973030B29786
:10E5600010206206B2979CDE8547A386F40423A29E
:10E57000E40AB25022549254F2494A850259456144
:10E580008280FCC63C24103413678700A207420631
:10E59000B2973034B29710246206B297BCCA7C207E
:10E5A0005030A2074206B2977030B29750206206F0
:10E5B000B297FCCA3C201030A2074206B297303016
:10E5C000B29710206206B297BCCE55B7094955B72D
:10E5D000411122C406C62E84EF900F9171C93435C3
:10E5E00085472A870545639CF606142B930740024E
:10E5F0006396F6067C245434A207C206B697743498
:10E60000B6975424E206B6978346D704A9CE93065C
:10E610000708DCD63C241034A2074206B2973034F7
:10E62000B29710246206B2979CDA7C205030A20781
:10E630004206B2977030B29750206206B297DCDA89
:10E640003C201030A2074206B2973030B29710201B
:10E650006206B2979CDE9307A0021CAB0145B24054
:10E6600022444101828093060708FCC63C241034F2
:10E67000A2074206B2973034B29710246206B297CE
:10E68000BCCA7C205030A2074206B2977030B297C5
:10E6900050206206B297FCCA3C201030A207420606
:10E6A000B2973030B29710206206B297BCCE65B7F1
:10E6B000054575B7411106C6EF900F831DCD343562
:10E6C0000547AA8709456397E602942B1307400282
:10E6D0006392E6020D472386E7021947A385E70206
:10E6E0001307500298AB03C7A70201451367170031
:10E6F0002385E702B240410182800945E5BF5D7193
:10E70000A2C4A6C286C69787FE1F938727AB36840E
:10E7100094332A87B2848DC2B44F81C6D426314542
:10E72000BDE2B45F81C6B4363145B1EE83A6C708F9
:10E7300081C6F4323145A1EA03C6070C83C6170C23
:10E740001D456372D60483A7070D494593F7070457
:10E750009DCB19462800D8839720FE1FE780A02D67
:10E760004146A6851305E1029720FE1FE780A02CF5
:10E770001305E1014146A2859720FE1FE780A02BEB
:10E780004800EFC02FC4B6402644964461618280A1
:10E790009787FE1F938787A298330DC3B84F01C791
:10E7A0005827494505E7B85F01C73837494519EF8C
:10E7B00083A7C70881C7FC33494589EB411106C6C9
:10E7C000EFC02FD4B24001454101828082809787FB
:10E7D000FE1F9387A79E94332A878DC2B44F81C6AC
:10E7E000D42649459DEAB45F81C6B436494595E6CD
:10E7F00083A6C70881C6F432494585E203A6870D82
:10E8000098B383A5C70D9376F69F19C393660660E8
:10E8100023ACD70C23AEB70C01458280930700646C
:10E820003305F502411126C29784FE1F9384049993
:10E8300022C403A4440C4AC006C61309F00FC8D86A
:10E8400001E8B240224492440249014541018280DC
:10E85000082063052501CC58EF70AECD405CCDB7E4
:10E860009787FE1F93878795A38CA70213771500C0
:10E8700011EB03C7C7036D8F6304B700494582805E
:10E88000238DE702098919C10145828003C7D70397
:10E89000718FE315C7FEA38DC702FDB7011122CC0E
:10E8A00026CA4AC84EC606CEAE84B28936893A8494
:10E8B000EF809FE32DC193F7140091EF8D4763FA2A
:10E8C00037014545F2406244D2444249B2490561AC
:10E8D000828023023515898891E48D47E3E327FF81
:10E8E000A302251501CC9787FE1F83D747917D8C06
:10E8F0000D888547631EF4002314851485477CAD7D
:10E900008327450A9397C7282322F50A01455DBF4F
:10E9100023140514E5B7494575B75D716ECE978D23
:10E92000FE1F938DAD8952DC3E8A83A78D05A6C25A
:10E93000CAC04EDE56DA5AD85ED662D46AD086C6CF
:10E94000A2C466D246C6B684830B410583468105C0
:10E95000834901062A8D2E89B28A3A8C428B99C747
:10E96000EC4BB70700043145ED8F85EF8D4763E928
:10E970004701937C090163870C0085476389F6048E
:10E98000494505A093753900E38CF5FE9375890020
:10E99000E5F96397F60283C7CD033145918B639305
:10E9A0000720B640264496440649F259625AD25A84
:10E9B000425BB25B225C925C025DF24D61618280DF
:10E9C0006394F91E83C7CD03918B3145F9DB6A85CA
:10E9D000EF607FE02A8411E983A78D0605458297C1
:10E9E0002A841D455DDC2304A40193070002639F74
:10E9F000F4008D476399F904562C9307900F130583
:10EA00005004E3E0D7FA762CE3EDD7F89376F90FCC
:10EA10002300D406638E0C101379F9009547631B0D
:10EA2000F902930710F87CA44545E3EC54F7FD4741
:10EA30004545E3F857F79167E3E597F6D694858067
:10EA4000B3C4040831A88547E392F9FC562C930718
:10EA5000D02E75B7B5476313F90C85477CA489445C
:10EA600006B0A307840163160C1085471CBC93F6FF
:10EA7000060299E2A30A44033245194681459720CC
:10EA8000FE1FE780001563140510B2458547230E6D
:10EA9000F402A30E640319461305E4039720FE1F36
:10EAA000E78060F9834701055CB49307F00763933F
:10EAB000FB0E56579777FE1F83C7C73A1CA3030563
:10EAC0005401EFD0BFCE2304A406EFD0DFC7D65742
:10EAD00048B888A38347C10523050406230204061A
:10EAE000A302F40683470406C18B99EBFD1993F941
:10EAF000F90F8947E3E637E9A3050406A3013407C4
:10EB0000834741060145A300F40683478106A3031A
:10EB1000F4067C489397B7297CC861B5894763148C
:10EB2000F900994709B7E30009F023070400EDBD98
:10EB30009D477CA493F5160093F7460089C991E39D
:10EB40009145A30FB4048547230FF404F1BD93F559
:10EB5000260081C9894591C39545A30FB40489470F
:10EB6000E5B78D4591C39945A30FB404230F040461
:10EB700065BDA30C040081478D453356FC4801C692
:10EB8000103C050610BC8507E399B7FECDB5230EF2
:10EB9000040209BF914763C57701A30A740105B751
:10EBA0005CB831BFE385D9E28947E392F9E283C7D4
:10EBB000CD03898B19BD01114EC69779FE1F93892C
:10EBC000E95F83A7890526CA4AC852C406CE22CC6B
:10EBD0002E89B6843A8A99CFF84BB7070004F98F8B
:10EBE00091CB3145F2406244D2444249B249224A73
:10EBF00005618280EF603FBE2A8419E583A78905FD
:10EC000013052004F9FFF9BF782585473D8B630E76
:10EC1000F70E03470506418B41CF8D476304F9008A
:10EC20004945C9B7FD47E3ED97FE231E0400F1C82F
:10EC30005E2C03D769071D45B3869700E344D7FAD6
:10EC4000582405C71630130700026390E6020347F5
:10EC500034068D46631DD70A1307900F1305500421
:10EC6000E362F7F87E2CE36FF7F68D471D45E31B53
:10EC7000F9F637E900E083290900B70720002320CF
:10EC8000F918B3F9F9000F1000009305800C054541
:10EC9000EF709E8D8357C406120523244403850715
:10ECA000BD8BC98F2316F40646AC23203911B1A8B9
:10ECB000631AF900231E0500A5D458248547E319DB
:10ECC000F7F605B70D47E302E9F61147E316E9FE4B
:10ECD000744937070001758F21F75825E312F7F4BF
:10ECE0005E2D9DDF95FC9305800C0545EF70DE875A
:10ECF0008357C40612058507BD8BC98F2316F406FA
:10ED000029A07C48939787497CC80145E1BD854689
:10ED1000E31DD7F41307D02E91B701114EC6977992
:10ED2000FE1F9389A94983A7890526CA4AC852C4E8
:10ED300006CE22CC2E89B6843A8A99CFF84BB707F3
:10ED40000004F98F91CB3145F2406244D2444249EC
:10ED5000B249224A05618280EF60FFA72A8419E543
:10ED600083A7890513052004F9FFF9BF7825854796
:10ED70003D8B6304F71203470506418B71C38D4732
:10ED80006304F9004945C9B7FD47E3ED97FE231F2A
:10ED90000400638004107E2C03D769071D45B386E9
:10EDA0009700E343D7FA582405C71630130700022B
:10EDB0006390E602034734068D466312D70E562C45
:10EDC0001307900F13055004E360D7F8E36EF7F6CE
:10EDD0008D471D45E31AF9F65C5485C783476406E1
:10EDE000898B85C3085811CD3C2581CFEFB0FFD763
:10EDF0000C58194613056403B1059720FE1FE780E0
:10EE000080C337E900E083290900B70720002320E9
:10EE1000F918B3F9F9000F1000009305800C0545AF
:10EE2000EF708EF48357C40612052326440385072A
:10EE3000BD8BC98F2316F40666AC23203911B1A807
:10EE4000631AF900231F050095DC58248547E31455
:10EE5000F7F4D5BD0D47E30CE9F21147E316E9FEDF
:10EE6000744937070002758F11FF5825E31CF7F02E
:10EE70007E2D89DB81F89305800C0545EF70CEEE81
:10EE80008357C40612058507BD8BC98F2316F40668
:10EE900029A07C48939797497CC8014575B585465C
:10EEA000E318D7F2562C1307D02E29BF5D71CAC0C4
:10EEB0001779FE1F13098930AA8703258905A6C281
:10EEC00086C6A2C44EDE52DC56DA5AD85ED662D46A
:10EED00066D26AD06ECE32C23AC4B68405E5858B5E
:10EEE00095EFA9C10145B640264496440649F2591A
:10EEF000625AD25A425BB25B225C925C025DF24D76
:10EF000061618280744937070004758F63120714AA
:10EF1000858B89E781C9EF60FFABE9B7639D050E7B
:10EF20004945D1B70324C90555DC2285EF609FAA66
:10EF30000040DDBF78493377EC00631B07100347BF
:10EF4000F505630497016316A70103D7EA0163017E
:10EF5000071003C75A03630E370703C7EA00631796
:10EF60003701332794201A23E3ECEDFA0327C9066F
:10EF70007D141374F40F79CFA247B3249A209A20FA
:10EF80003E9A9305800C2397EA0603470A0005453D
:10EF900023980A06A384EA06EF700EDD03D7CA069B
:10EFA0001205264405073D8B498F2396EA068327E1
:10EFB000C90603C50B00B64096440649F259625A89
:10EFC000D25A425BB25B225C925C025DF24D61619F
:10EFD000828793878A05194681453E853EC69720DC
:10EFE000FE1FE78000BF631D350119469775FE1FA0
:10EFF0009385252B13858A059720FE1FE780A0A304
:10F000001946814513858A059720FE1FE78060BC5D
:10F01000E31535F531B7FD1513F4F50F370C000383
:10F02000894C154D8549930D0008130BF00F92473D
:10F03000228AB38B870003C50B00EF60CFF9AA8A41
:10F04000E31A05EE8327890513052004E38D07E8FD
:10F05000314551BDE31D64FDE1B539714AD84ED645
:10F0600056D25AD05ECE62CC66CA6AC83E8B06DEE5
:10F0700022DC26DA52D49777FE1F83A7A719834B89
:10F080000104AE8A3289368CBA89C28C468D95C706
:10F09000F84BB7070004F98F8DC3314AF250625420
:10F0A000D2544259B259925A025BF24B624CD24C42
:10F0B000424D5285225A21618280EF60CFF1AA84AD
:10F0C000130A200461DD63745901494AC1BF9547A1
:10F0D000E3FD57FF8347050693F73703FDF7034A20
:10F0E000E505E31C0AFA7C49918BC5FBEF20F0573C
:10F0F000F94763E4A7001D4A55B783C7340691EB6F
:10F1000003D744089307D02E63F5E700994763F0CF
:10F11000270F6384090CB3C73A03E3C867FB639BFB
:10F120000B0203A4C40A2DC4230234012304740176
:10F13000A3026401FC4856991359194093E727002C
:10F14000FCC883C7040623932409B3E787012380FF
:10F15000F406A9B7E3FB6CF785476383FB02B307AB
:10F160009B412947B387E702B3C77703E3CFA7F5EE
:10F1700003A4C40A11CC23023401A303A40131A0C7
:10F1800003A4C40A11C4230234012303940179BFE8
:10F190001386190012069305E010328532C69730A7
:10F1A000FE1FE780601F2A8439D5324681459720AB
:10F1B000FE1FE780C08EB7C7898E23A6840A938777
:10F1C00067ED1CC0930704015CC423023401E38F84
:10F1D0000BF48547E393FBFA4DBF03A5C40A39D965
:10F1E0009730FE1FE780A02723A6040AA1B7130AC1
:10F1F00050046DB5011126CA4AC84EC606CE22CCAF
:10F2000052C49777FE1F83A7E700AE843289B68980
:10F2100091C7F84BB7070004F98FA9E3EF60AFDBA4
:10F220002A841305200459C07C48898B8DC38347E9
:10F23000340691EF035744089307D02E63F9E70093
:10F240000357640899471305500463F1E70693F7E1
:10F25000D40F05476386E700630209063145B9A06C
:10F26000B7E700E003AA07003707200023A0E7184C
:10F27000337AEA000F1000000325840A19C597307D
:10F28000FE1FE780C01D2324040A23120408B7E7E9
:10F2900000E023A047116312090A8D476393F4022B
:10F2A0007C4823120408F99B7CC80145F240624463
:10F2B000D2444249B249224A056182809147E38F94
:10F2C000F4F84945E5B7F51493F4F40F8547E3E7FF
:10F2D00097F8930550104A859730FE1FE780C00BC2
:10F2E0002324A40A25DDB7E700E084433707200084
:10F2F00023A0E718F98C0F1000007C4893F7074013
:10F3000091CF9305800C0545EF700EA68357A40896
:10F3100012058507BD8BC98F2315F4080325840AC0
:10F320004A86CE859710FE1FE780E070B7E700E0C1
:10F330002312240923A097108DBF7C48918BC1F71D
:10F340008D47E388F4F819BF41114AC01779FE1FB1
:10F350001309C9E68327890526C206C622C4AA84E2
:10F360002E8589CFF84BB7070004F98F81CB314543
:10F37000B24022449244024941018280EF60AFC50D
:10F380002A84130520046DD413F714007C484DCB58
:10F3900013F7170069FF034704061377370361FB70
:10F3A0008988C1CC0327490D454593E70740418B28
:10F3B00061D3C1657CC8FD150145EF706E9D2314B6
:10F3C000A408EFD0FF8293040408B7050001C8C465
:10F3D000FD150145EF704E9E88C89304040A15463A
:10F3E0009775FE1F938565ED26859710FE1FE780B4
:10F3F0008064A685130500FBEFD02FCE2685EF8015
:10F400008FD67C485824A300A408DD9B93E74700CF
:10F410007CC88547631FF7009305800C0545EF7096
:10F42000AE948357C40612058507BD8BC98F23167A
:10F43000F406EF40F02B014525BF93F7F7BF95BFCA
:10F440000345D407CD9B7CC89307F00FE303F5FE7B
:10F45000EF605ECDF9BF1777FE1F130727D63C5F1D
:10F46000011122CC26CA4AC806CE2E89B28436841F
:10F4700089E77C5F8DEB314521A8D04F9166F18EF5
:10F48000FDFA785F6DDB19C905476309E502494557
:10F49000F2406244D2444249056182802AC6EFB0FC
:10F4A000FFA03245F5B70547E313E5FE8297AA872B
:10F4B0000DCD1147A30605047AA91AADB437054747
:10F4C000E387E6FC85C086BFA2BF01C41E04E3D06B
:10F4D00084FC238927016244F240D2444249BC574C
:10F4E0000561828723AC0702EDB70D4555B70111C1
:10F4F00022CC26CA4AC84EC606CE2E893284B68988
:10F50000BA84EF604FAD3DC503284505AA87314554
:10F510001377082029EB1777FE1F130727CA8346A6
:10F520009704454563E1260503C6470B33568640DD
:10F53000058A15CA8326070D37060800F18E85C691
:10F540000347870463619702238B870AA38A270BEB
:10F55000A38B370B11C0268413680810238C870AED
:10F5600023AA07050145F2406244D2444249B24908
:10F570000561828013052004FDB7411122C406C62F
:10F580002E84EF604FA515C17849AA87314593763F
:10F59000270081CA9376F7DF19C093660720F4CB62
:10F5A0000145B24022444101828013052004D5BFA9
:10F5B000011126CA4AC852C406CE22CC4EC62E8A93
:10F5C0003289B684EF804F9271C1938701A5631D84
:10F5D0000900054798A30145F2406244D2444249DC
:10F5E000B249224A05618280982385472A8463159F
:10F5F000F700238801A4094AB7E700E083A90700C0
:10F600003707200023A0E718B3F9E9000F10000026
:10F610004165130545F5EF80AF8E29C93C253EA510
:10F6200083278411A1E3232CA410232EA410930775
:10F6300010F8F9141CB52320050023162501230416
:10F64000450144C1834594020145B315B028B3C5B3
:10F6500005089730FE1FE780C043B7E700E023A00E
:10F66000371195BF8327C41188C3C1B79777FE1F91
:10F6700083A7078191C79565938555550545829761
:10F68000B7E700E023A037111D45B9B70945A9B771
:10F690006F305FCB6F30FFCF6F30FFD46F303FDB09
:10F6A0006F301FE16F30BFED6F301FE56F309FE8A7
:10F6B00082806F301FF1034301001AC06F302FBDED
:10F6C0006F302FC96F30AFCF6F300FD66F30EFDB99
:10F6D0006F306FE26F30EFE679711303F00F1AC8E5
:10F6E0001AC60343810306D61AC4035341031AC240
:10F6F000035301031AC0EF308FEBB2504561828093
:10F7000003530100035E4100834E8100034FC1009B
:10F71000835F010176C47AC67EC872C21AC06F3098
:10F720000FE96F308FFC6F305F826F305F8B6F300F
:10F73000FF8E6F303F926F30FF976F309F9E6F301C
:10F74000DFA2828082806F303FB5130705031E2140
:10F75000110593C7F7FF231EF5FE8347E5FF93C707
:10F76000F7FF230FF5FEE314E5FE8280994733058A
:10F77000F50201110A86C14506CE13050520334561
:10F780000508EF70CE8309E50886F24005618280A6
:10F790000145E5BF011122CC26CA4AC84EC606CE95
:10F7A00081440144138951A79389C1A78347090064
:10F7B000636AF400F24062444249B2492685D24469
:10F7C0000561828083A7090013154400194693053B
:10F7D000F00F3E959710FE1FE780A03F01E58504DE
:10F7E00093F4F40F05041374F40FC9B703A501A72C
:10F7F00011CD411106C6EF604EBAB24023A801A652
:10F8000083C751A7238AF1A64101828083C751A7EC
:10F81000238AF1A682805971A6D286D6A2D4CAD0F4
:10F8200083C741A7AA84639EA7001384C1A90820A7
:10F830008545EF600ECC08208945EF608ECBEFF058
:10F84000FFFA1949338924035000C14513040920E4
:10F850002285EF60DEF609C90144B65022852654A0
:10F86000965406596561828019469305F00F480049
:10F870009710FE1FE780E03565F14800414693058B
:10F88000F00F9710FE1FE78080214808714693050E
:10F89000F00F9710FE1FE780802008181306000362
:10F8A0009305F00F9710FE1FE780601F5000C145C1
:10F8B0002285EF70EE9650082A84F1451305192031
:10F8C000EF700E965008498CF14513052920EF7012
:10F8D0002E951374F40F5008498CC1451305392037
:10F8E000EF700E941374F40F5008498CC145130542
:10F8F0004920EF70EE921374F40F5008498C914533
:10F9000013055920EF70CE911374F40F498C1D65C7
:10F910001018930500032695EF708E901374F40F62
:10F92000498C03C5C1841374F40FEF702E8A35B768
:10F93000011122CC26CA4EC606CE4AC80144EF3079
:10F94000FFED938951A79384C1A783C70900636919
:10F95000F400F2406244D2444249B24905618280D7
:10F9600088401319440019469305F00F4A959710E3
:10F97000FE1FE780002611E58C40CA95E835EF3080
:10F980003FEA05041374F40FC9B7397122DC26DA93
:10F990004ED652D406DE4AD80144EF305FEB93894D
:10F9A00051A79384C1A7194A83C70900636AF40069
:10F9B000F2506254D2544259B259225A2161828083
:10F9C00088401319440019469305F00F4A95971083
:10F9D000FE1FE78000201DE5330544030A86C1456C
:10F9E0001305352033450508EF607EDD1008C1455D
:10F9F0000945EF60DEDC8C4014080A86CA95E835BC
:10FA0000EF30BFE405041374F40F79BF011106CE83
:10FA1000EFF05FD8054789476363A700A94713063E
:10FA2000F100854513052004DC87EFA01EBEF240DF
:10FA300005618280011122CC26CA4EC652C406CE70
:10FA40004AC80144938951A79384C1A7194A83C71F
:10FA500009006367F402EFF0FFD383C781A799C35E
:10FA6000EFF01FED83C771A799C3EFF01FF2624457
:10FA7000F240D2444249B249224A05616FF01FF96F
:10FA800033054403904013194400C1454A961305B9
:10FA9000052033450508EF609ED205C98840194608
:10FAA0009305F00F4A959710FE1FE78040FF8840AE
:10FAB00019469305F00F4A9519059710FE1FE78028
:10FAC00000FE9C40CA972396070005041374F40FA8
:10FAD000BDBF2A2183C5C1A96FC08EE69947B385F2
:10FAE000F502397122DC26DA4AD84ED606DEA14765
:10FAF0002A84B2843A89938925206384F600938905
:10FB000015207146814548009710FE1FE78020F9B7
:10FB10005000F1454E85EF609ECA05E18347E10143
:10FB20002547E51793F7F70F6369F700CA8650007A
:10FB300093F514002285EF701EDDF2506254D2540A
:10FB40004259B25921618280797122D426D24AD099
:10FB5000AE842A8932848145130600020A8506D6BE
:10FB60009710FE1FE780A0F383C7E18423102101D3
:10FB7000230EF100B4843DCC83C7B1A903C781A98A
:10FB80005C8283C7A1A9DC8213564748937777002C
:10FB90002206D18F135657482606D18F1357674830
:10FBA0002A07D98F93F6868FD58F41469775FE1F0A
:10FBB0009385C58813056100FC849710FE1FE780BC
:10FBC00080E783C791A913F7170011C789C4B884C8
:10FBD00013672700F88403476101A2850A85D98F3E
:10FBE000230BF100EF703EC4B250225492540259DC
:10FBF0004561828083C731A903C701A95C8283C79D
:10FC000011A9DC8213564748937777002206D18FDB
:10FC1000135657482606D18F135767482A07D98F9E
:10FC200093F6868FD58F41469775FE1F9385058085
:10FC300013056100FC849710FE1FE780C0DF83C7B7
:10FC400021A951B7011122CC06CE2A842EC632C476
:10FC50009730FE1FE78060F905C55825A147224669
:10FC6000B245631CF70083A701A899CBDC4389CB7D
:10FC700022856244F2400561828783A741A8F5B7D7
:10FC8000F240624405618280011122CC26CA4AC832
:10FC90004EC606CEAA840144138951A79389C1A7F1
:10FCA00083470900636BF4003E84F240228562447E
:10FCB000D2444249B2490561828083A709001315E5
:10FCC00044001946A6853E959710FE1FE78040E840
:10FCD00069FD05041374F40FE1B75D71A2C41384C8
:10FCE00001A71C40CAC04EDE86C6A6C252DC56DA48
:10FCF0005AD82A89AE89A1EF6300051A638E0518C8
:10FD0000EFF09FF8938A51A783C70A00138A41A78F
:10FD10002300AA00636DF5028144138BC1A70DA0D7
:10FD200083270B001395440019469305F00F3E9569
:10FD30009710FE1FE780E0E909E9850493F4F40FCA
:10FD400083C70A00E3EEF4FCBE8423009A00938488
:10FD500041A79C2003C751A763F0E71418403DEB6F
:10FD60001947B387E7024A86C1459387072033C501
:10FD70000708EF60FECA130600039305F00F0A851B
:10FD80009710FE1FE780A0D188209D670A863E95C8
:10FD90009305000333450508EF609EC89C2003A52A
:10FDA000C1A741469207CA853E959710FE1FE7807E
:10FDB00080C82320340103C5C184EF603EC10145E2
:10FDC000B640264496440649F259625AD25A425BDA
:10FDD000616182801047014719CE19473385E702D8
:10FDE000F1451305152033450508EF607EC31C401F
:10FDF000054723A407001C40904B39CE8820994723
:10FE0000F1453305F5021305252033450508EF605C
:10FE10003EC11C40D04B23A8070029E2D04741DE59
:10FE200088201949C145330525031305452033456D
:10FE30000508EF60FEBE88201C4091453305250370
:10FE4000D04741061305552033450508EF605EBDD8
:10FE50001C4023A6070085B7D04B05C288209947D0
:10FE6000C1453305F5021305352033450508EF601C
:10FE70003EBB1C4023AA070055B7D04755F205FFEB
:10FE800083C781A799C3EFF0BFAA83C771A799C39E
:10FE9000EFF0BFAFEFF09FB705451DB701119947D0
:10FEA00022CC3304F50226CA0A86AE84C14506CEAA
:10FEB00013040420334404082285EF605E9019C5C2
:10FEC0000145F2406244D24405618280194693059F
:10FED000F00F0A859710FE1FE780A0CF75F13886D6
:10FEE0009377D70F89C49377F70F93E72700630CB5
:10FEF000F7000A86C14522857C86EF607EB203C585
:10FF0000C184EF60BEAC05456DBF411122C426C25D
:10FF100006C601450144938451A79C206373F400F5
:10FF200011C5B240224492444101828022850504D9
:10FF3000EFF07F8E1374F40FCDB783C751A7637EA4
:10FF4000F502011122CC06CE2E8485C599473305D2
:10FF5000F5020A86C1451305052033450508EF6003
:10FF60001E8601E919468A8522859710FE1FE780C3
:10FF700080ACF24062440561828082809947B30779
:10FF8000F5021D71A2CCCEC63284AE890A86C14567
:10FF9000A6CA86CE93870720CAC8AA8433C5070895
:10FFA000EF60FE8111C90149F6406644D644B64966
:10FFB0004A8546492561828019469305F00F0A85D6
:10FFC0009710FE1FE780E0C079FD9D67BE94100882
:10FFD000930500032685EF608EFE2A8919C1054925
:10FFE000E1B70808EFF06FF6639409041306000305
:10FFF000814508089710FE1FE780A0BD6DF113062C
:020000022000DC
:100000000003814508089710FE1FE78040A9854737
:1000100008082384F1A8EFF04FF3100893050003BC
:100020002685EF60FE9F03C5C184EF603E9A45BF01
:100030001C083E8716236385360311079400E31BD3
:10004000D7FE3DD09A2311C791079800E39CE7FEA5
:10005000A1BFB82323903701E30387F8A0A345BFCE
:100060003C23E38E87F620A35DF02310070045B7FD
:10007000011126CA4AC84EC606CE22CC52C4976980
:10008000FE1F9389E9DC03C5E900FD5793052004B1
:100090001205238EF1A89384C1A7A38A01A623AEDB
:1000A00001A69720FE1FE780202F88C0138951A743
:1000B00005C183C7E90001442300F9008347090013
:1000C0006360F40C83A78900638B070E238601A667
:1000D000834709000544414681451765FE1F130506
:1000E000E535238AF1A6A388818423A801A6A38DE0
:1000F00001A8238D01A89710FE1FE780409A930462
:100100007007414681451765FE1F13052532238C74
:1001100091A823888184A38C01A823AA01A82389FC
:1001200001A8A38901A8A38801A89710FE1FE78052
:100130000097238891A823A601A8A38401A8954726
:10014000A387F184C1472387F184238401A88947C9
:10015000A386F184F24023868184A385818423854C
:100160008184624423A201A823A001A8238C01A6B4
:10017000238B01A6D2444249B249224A05618280BA
:100180008840131A440019469305F00F52959710B2
:10019000FE1FE780C090884019469305F00F5295E6
:1001A00019059710FE1FE780808F9C40050413748B
:1001B000F40FD297239607002387070001B7930710
:1001C00000F82386F1A629B71971A6DACAD8CED6C7
:1001D000D2D4D6D286DEA2DC8144938951A713897A
:1001E000C1A7194A9D6A83C7090063E3F40203C5E6
:1001F000C184EF60AEFD83C70900F6506654238AC0
:10020000F1A6D6544659B659265A965A09618280A3
:100210000325090013944400194622959305F00F15
:100220009710FE1FE780A087032509001946930554
:10023000F00F229519059710FE1FE780408683274F
:10024000090041469305F00FA29733844403239697
:1002500007002387070048009710FE1FE7802084CF
:1002600071469305F00F48089710FE1FE780208322
:10027000130600039305F00F08189710FE1FE78080
:100280000082334404085000C1451305042033455F
:100290000508EF60EEF85008F145130514203345CA
:1002A0000508EF60EEF75008F145130524203345AB
:1002B0000508EF60EEF65008C145130534203345BC
:1002C0000508EF60EEF55008C1451305442033459D
:1002D0000508EF60EEF450089145130554203345AE
:1002E0000508EF60EEF33385540110189305000301
:1002F00085043345050893F4F40FEF606EF2E5B51D
:10030000411122C4930705C006C6130720022E849C
:10031000B3C70708636EF70C176700001307C777AA
:10032000B3C7E7209C43BA97828783C711851CA077
:100330008147B24022443E854101828083C791A912
:1003400093D72748EDB783C7B1A9D5B783C7A1A96C
:10035000F9BF41469765FE1F9385450E228597009C
:10036000FE1FE780406DE9B783C791A9858BC1B7B0
:1003700083C781A96DBF83A741A91CC055BF83C78F
:10038000018575B783C721A965BF83C731A945B763
:1003900083C711A969BF41469765FE1F938505096B
:1003A00075BF83C721A9D9B783C701A949B783A757
:1003B000C1A8E1B783C791A89DBF83C7F18485BF5A
:1003C00083C7E184ADB783C781A795B783C771A7FA
:1003D000B9BFEFF02FBC08A0A1BF83C7A18481BF24
:1003E00083C791A993D7374899B783C721A9DDBFA0
:1003F000130700048947E36EA7F2EF700EDB0AA033
:1004000005BF011106CE22CC26CA4AC84EC652C428
:10041000EF70DEAA3DED03C761A785472A84938468
:1004200051A7630CF7021389C1A7054A9C2063708A
:10043000F4048327090093194400CE97FC27639A9C
:1004400047012285EFF02FBD83270900CE97238730
:10045000070005041374F40FD1BFEFF01FAB982011
:10046000238B01A683A7C1A7B907631DE400EF6032
:100470001E816244F240D2444249B249224A056197
:100480006FF04FDB0504238007001374F40FC107DE
:10049000E9BFF2406244D2444249B249224A05616E
:1004A000828079714AD04ECE52CC06D622D426D242
:1004B00056CA938951A7894703C409002E8A3289F5
:1004C000630AF50663F1A7028D478144994A630ADE
:1004D000F506B2502285225492540259F249624ADA
:1004E000D24A456182802E85EFF00FFA83C709005A
:1004F0002A84E370F5FEE30E09FC1946D2854A858D
:100500009700FE1FE7802053E9B703A50A009397E1
:10051000440019463E95D28519059700FE1FE780D5
:10052000206329ED850493F4F40F03C40900E3EE7E
:1005300084FC45B78144938AC1A7C5BF850493F461
:10054000F40F03C40900E3F684F8338554030A86E4
:10055000C1451305352033450508EF604EA679FDEA
:1005600041469305F00F0A859700FE1FE7806066FD
:1005700071F5D2850A85EF700ECB69F183C709004A
:1005800063E4F4002684B1B7E30E09FECA8526852C
:10059000EFF0BF9AC5BF797126D206D622D44AD0D1
:1005A000AA8402CC231E01009720FE1FE780E0638F
:1005B0000DCD138901850347090089476307F702B9
:1005C000930565002A8448313008EFF09FED83C71A
:1005D00051A76372F5022AC6EFF04F99B2452A86F9
:1005E0000547A1462685EFF06FCFB25022549254B2
:1005F0000259456182808347090091E79545268528
:10060000EF70FE88DDB70547E391E7FE4C30014609
:100610002685EFF06FD3D1BF0111C16726CA06CE80
:1006200022CC4AC84EC6FD17AE846309F506972052
:10063000FE1FE780805B2A84514929C99305650024
:10064000483101465549EFF0DFE583C751A763768E
:10065000F500A685EFF09F8401498DC82285EFF053
:100660004FC72DA0A6852285EFF05F8311C10149F8
:1006700005041374F40F83C70900E365F4FE99C4FD
:1006800017F5FFFF13052545EFF06EB1F240624408
:10069000D244B2494A8542490561828001445549A4
:1006A000938951A7C9BF0111C1674AC84EC606CE7A
:1006B00022CC26CA52C4FD172E89B2896300F506E2
:1006C0009720FE1FE7806052D14421C19305650049
:1006D00048310146D544EFF0DFDC83C751A763768C
:1006E000F5024E86CA85EFF07F89814439A84E868F
:1006F000CA852285EFF09F8811C1814405041374D7
:10070000F40F83470A00E364F4FEF2406244424976
:10071000B249224A2685D244056182800144D544EB
:10072000138A51A7F9BF411122C406C61384C1A977
:100730000C2023A2A1A86145EF701E81082022444D
:10074000B24041016FD06EAA411106C622C426C232
:100750008DEDAA85AA8437450F001305052433754E
:10076000A602EF706EA62A8401E90144B2402285F8
:1007700022449244410182809307E00FE308F5FE92
:1007800085452685EF70AEF0D5B7EF704EF0F1BF1E
:10079000138711851C2383C591A993E707F81CA330
:1007A0006F70AEE35971A2D432845000CAD0D2CC5B
:1007B00086D6A6D2CECE2A89368A02C2231401005A
:1007C000EFF03FCE83C751A76374F50EAA84EFE024
:1007D000FFF99147AA896316FA0C03C711857917A7
:1007E0001337170091461949338924034E86A6858D
:1007F0002285EFF0AFAE5146814568009700FE1F9D
:10080000E780E029700033490908C14513054920F4
:1008100033450508EF50BEFA05E941469305F00F50
:1008200068009700FE1FE780C03A19ED70089145F7
:100830001309592033450908EF507EF8700093F5ED
:1008400019002285EF700EDE9D67BE94101093058F
:10085000000333C50408EF509EF619ED0810EFE0D1
:10086000DFEE04108E2089C5B0202285EFB01EF186
:1008700091049C08E398F4FE93F92900638709002A
:1008800083C5C1A92285EFB0BE8B91476314FA04DA
:1008900003C711858947631FF7022285EFF05FEFD9
:1008A00015A803C70185791713371700D28625BF0E
:1008B000A147E31CFAFC03C701858947631CF700C5
:1008C0000146CA852285EFF02FA801468145228581
:1008D000EFF04FB7B650265496540659F649664A7B
:1008E000014565618280411122C42A8406C6EFF069
:1008F0002FF8238E81A82244B24041016FF08F93DC
:100900001D7186CEA2CCA6CACAC8CEC6D2C4D6C2D3
:10091000EF20FFF383C7B18499CB0144138A51A719
:100920001389C1A7994A83470A00636BF400F64014
:100930006644D6444649B649264A964A256182808D
:10094000032509009319440019469305F00F4E95AD
:100950009700FE1FE780E02729E9B30454035010F5
:10096000F145B3C404081385142033450508EF503E
:100970001EE505ED0347F1039307F00F6317F70238
:100980005000C1451385342033450508EF503EE340
:100990005008C1450945EF509EE2832509005408DF
:1009A0005000CE95E835EF205FEA05041374F40F8C
:1009B0009DBF5D71A6C2CAC0930705C086C6A2C40A
:1009C0004EDE52DC56DA5AD8130720022A89B28446
:1009D000B3C707086368F74E17670000130787144B
:1009E000B3C7E7209C43BA978287854761446393E6
:1009F000F5021C220947636FF700A388F1840144C4
:100A000011A8854761446397F5001422138791A9C3
:100A100063FAD50CB6402285264496440649F2591D
:100A2000625AD25A425B6161828085476144E39396
:100A3000F5FE1C221147E36FF7FCA38DF1A8C1B7A7
:100A400085476144E398F5FC1C22E3E5F5FC238D22
:100A5000F1A875B7C1476144E39EF5FA4146A68502
:100A60001765FE1F1305859D9700FE1FE780A0FCFC
:100A700079B785476144E39FF5F81422138791A95C
:100A8000E3EAD5F81C236381062093E71700B9A891
:100A900085476144E390F5F81C22238CF1A885B7C3
:100AA00091476144E398F5F61842B7470F009387E2
:100AB000F723E3E1E7F623AAE1A891B7854761446C
:100AC000E39AF5F41C220947E366F7F42388F184DE
:100AD0003DB785476144E39FF5F21422E3ECD5F27C
:100AE000138721A91C2389C693E747001CA301BFD4
:100AF000ED9BEDBF85476144E39EF5F01C22114755
:100B0000E36AF7F0A389F1A8DDBD85476144E3936B
:100B1000F5F01C22E3E0F5F0A388F1A8CDB5C147BC
:100B20006144E399F5EE4146A6851765FE1F13055E
:100B3000E58F1DBF85476144E39EF5EC1422E3EB8E
:100B4000D5EC138721A93DBF85476144E394F5ECBB
:100B50001C222388F1A865B591476144E39CF5EA1E
:100B60001842B7470F009387F723E3E5E7EA23A688
:100B7000E1A871B56144E39F05E8EF702EB401E987
:100B8000EFF0AFB8EF60AE8FEFE0DFEA8DBD8547E5
:100B9000238BF1A6ADB59D476144E39DF5E69385B2
:100BA0001400194668009700FE1FE780C0E88820FF
:100BB00050086C00EFF0FF8E83C751A7AA84094448
:100BC000E37AF5E44808EFE0FEBD2A8409E92685CA
:100BD000EFE07FC4EF60AE8AEFE0DFE525BD83A7DD
:100BE000C1A79204A6970547F8A7594425B59D4784
:100BF000639EF50819469385140068009700FE1F50
:100C0000E78060E3882001466C00EFF09F8983C78E
:100C100051A76377F5049947B304F5025008F145ED
:100C200093841420B3C404082685EF505EB92A8447
:100C300015E51307A0419307F00F6313E9008547FB
:100C40005008F1452685A307F102EF507EDD03C56C
:100C5000C184EF50BED7EFF0BFCA6DBB0944E5BFFA
:100C600083C7C1A60944E38707DA1387B1A69306B1
:100C7000A0411C23631AD90093E717001CA31D464B
:100C8000A685138541A6CDB3F99B8DB585476144F3
:100C9000E392F5D81387B1A69306A0411C236315F0
:100CA000D50093E7270099B5F59B89B5A385018405
:100CB000EFF01FC5A9B38547A385F18401441389CB
:100CC00051A79949130AF00FFD5A138BC18483472A
:100CD0000900E37FF4FCB30434035008F145938426
:100CE0001420B3C404082685EF507EAD05E1834788
:100CF000F102638D47015008F1452685A307510392
:100D0000EF501ED203450B00EF505ECC0504137468
:100D1000F40F75BF85476144E39EF5CE1C22E3EBDB
:100D2000F5CEA384F1A8E1B985476144E394F5CEFB
:100D30001C222547E360F7CEA387F184C9B185471C
:100D40006144E399F5CC1822A546930797FF93F7E2
:100D5000F70FE3E1F6CC2387E18455B18547614481
:100D6000E39AF5CA138781A71C2214231CA3E398D6
:100D700006C8E396B7C809BD85476144E39CF5C83A
:100D8000138471A71C2218201CA009E76394B700E4
:100D9000EFE05FCA0820EF20DFAB95B185476144E3
:100DA000E39AF5C61C220D47E366F7C6A386F184D5
:100DB000B9B185476144E39FF5C41C222386F184C1
:100DC0003DB90545EF509EC01DB985476144E39389
:100DD000F5C41C222385F1841DB1930740026144B0
:100DE000E39AF5C28830014693852400EFF06FEB5B
:100DF00083C751A76364F500094429B999473305AE
:100E0000F5029820A14733490508631FF70213092B
:100E100029205008F145334909084A85EF503E9A88
:100E20002A8415E59385840048086D469700FE1FC7
:100E3000E78060C05008F1454A85EF507EBE03C58B
:100E4000C184EF50BEB8F9B613091920D9B70544CB
:100E5000D1B61757FE1F0357A700930740046D44F0
:100E6000E3FAE7BA85476144E396F5BA1C22E3E367
:100E7000F5BA81CF83A701A65544E38D07B8138740
:100E800091A91C2393E7870095B1138791A91C238F
:100E9000DD9BA9B91757FE1F035787FC9307400432
:100EA0006D44E3F9E7B685476144E395F5B61C2246
:100EB000E3E2F5B6F9DB83A701A65544138721A920
:100EC000E9F389BE93070004E3E827F38947E39534
:100ED000F5F226448E20B6409644F259625AD25A10
:100EE000425B4A85064961616F700E86797106D64C
:100EF00022D426D23C215147E91793F7F70F6367B5
:100F0000F704176700001307A7CAB3C7E7209C437D
:100F10002A84BA978287262550255435268532C6DD
:100F200036C49720FE1FE78040CCAA8705C1D8278A
:100F3000A147A246324613053400631EF70283A779
:100F400001A8A68599CB9C4389CB82978544B25052
:100F50002254268592544561828003A5C1A8EF6082
:100F6000BEA66DD59307E00FE302F5FE8545268505
:100F7000EF60FEF1E1BF83A741A8A68599C39C431A
:100F8000E9F703A541A9E1BF2E252E852EC49720A0
:100F9000FE1FE78080C5AA8755D9D827A147A2455B
:100FA000130534001306C4009306C4016319F70047
:100FB00083A701A8C1DF9C47D1DB829741BF83A7EC
:100FC00041A8CDBF10314DEE7C21858BCDCB83A7C1
:100FD00001A7D5E78145414608089700FE1FE78035
:100FE00000AC4C48A5C5FC291946C105A30FF1006A
:100FF00008089700FE1FE78000A4B8867C2093D7DE
:101000002748D98FFC86EFE0EFF883C751A7639F8D
:10101000A70083C7A18499C3EFF00F9B9757FE1FCA
:1010200083A707E681C7854521458297EFE08FF6C4
:10103000A2850808EFE07FCAAA841DE5894503C59B
:10104000C1A99720FE1FE780C0A411B74A209720AE
:10105000FE1FE78080B9E30B05EE5C31194693056E
:101060006500A30FF10069B710304A208545EFE015
:101070007FBD55468D454A20EFE0DFBCC1BD01462E
:101080008545D5BF183099474A216318F702972044
:10109000FE1FE78080B5AA840DC183C7D1840947AC
:1010A0006386E7020D47638DE70005476397E70016
:1010B0004C314A200146EFE03FA91030894565BF19
:1010C0000146814513050041EFF0BF8E4E20882078
:1010D0001546EF60FEDED5B7930545002831014681
:1010E000EFF02FBC83C751A7E372F5E699473305AC
:1010F000F5021306C4009145130555203345050834
:10110000EF501E9203C5C184EF505E8C81B583C73A
:1011100091A84A2181C783C5F18499BD83C71185F0
:1011200099E39545B1B59720FE1FE78000ACAA84EE
:10113000E30E05E03C244831858B85C7854763F283
:10114000A7025E2493F7072089EF100893856400B7
:10115000EFF02FB583C751A76395A7004A208D45AF
:1011600001BDCC304A2013068400EFE0FF9D01460C
:10117000814511B74A21EFF00FC2C9BB4A21EFF0F8
:101180004FA8138711851C2393F7F7071CA37DBB7A
:10119000797126D206D622D44AD04ECE52CCAE8415
:1011A0009397556063D9070803C5C1A997F0FD1F40
:1011B000E780607F2A8431C11C211307100B6389EB
:1011C000E7041307000D6384E7021307000B639322
:1011D000E7025821F9476316F7002A218145EFF00D
:1011E000AFC34C2013058400EFA02E9821A0EFF090
:1011F000FFCF01C52285EF405E9A1394F468B25088
:101200002285225492540259F249624A45618280F1
:101210005C21EDF312256E212A21238401A8EFF031
:101220008FC883C781A8F9D703C5C184238401A8C7
:10123000EF50CEF9C1B793F7250095C3814501451D
:10124000EFE0BFA99387C1A9894511C185458823CE
:1012500013C424009720FE1FE780A0834DB793F7A7
:101260001500DDCB138901A7832709001384C1A5CD
:1012700003DA47001C4081EFC165138781A58946C9
:101280001386C18BFD150545EFB08EF408C00C40E8
:1012900093C4140085E98327090001468545CA23C4
:1012A00033C40408EFE01F9A8327090001468D45E7
:1012B000CA23EFE03F9903C5C184EF502EF1EFE060
:1012C000EFD235BF938981A503D609009308F00FAB
:1012D000094881471307E10074005285EFB0DEB87A
:1012E00001E9308611C61C405285AE27EFF0AFBB36
:1012F000084003D60900C1658146FD15EFB05EAC1C
:1013000008C033C4040841D9854503C5C1A9971055
:10131000FE1FE7800078E5B513F44500E30104EE15
:1013200013C44500E9BD3421F14763EFD7261767A1
:1013300000001307278DB3C7E6209C43411122C448
:10134000BA9706C626C22A8482871C319384C1AC10
:10135000D1E741469755FE1F938545101755FE1F4F
:101360001305C51197F0FD1FE780807E29E9175608
:10137000FE1F1306A610C1450945EF506EEA175629
:10138000FE1F1306A60EC1450D45EF506EE903C5BD
:10139000C184EF50AEE393053400138581AB194649
:1013A00097F0FD1FE78020698547854503C501AD9E
:1013B0009CC09710FE1FE780C06D8840D9A04146B1
:1013C0009755FE1F938585081755FE1F1305050ABF
:1013D00097F0FD1FE780C07759D975BF99479CC02A
:1013E000E9BF18313C3129E309476394E7021387C9
:1013F000C1AC1C438145014593F7F7F093E7070221
:101400001CC3EF807E8A08B0B2402244924441015E
:1014100082800547814501456395E700EF806EFCBA
:10142000DDB7EF80AEEFC5B70947E38FE7FC138761
:10143000C1AC1C43C19B13E5670008C399A01C31D4
:101440009384C1ACBDEF8D47639FF604138771ACE5
:101450001C239396476063DC060093F7F7078945E2
:1014600003C501AD1CA39710FE1FE78080629C405E
:10147000914613F7F7006311D702C19B13E557009C
:1014800088C083A701AAC9D39C43BDDFA28522449B
:10149000B2409244410182878946E307D7F6C19B57
:1014A00013E52700F1BF238401AC9C40954613F758
:1014B00007FFBD8B13653700E394D7FC1365470026
:1014C000C1B79C40C19B13E567005DBF9384C1AC6D
:1014D0009C401831C19B11EF93E747009CC0322517
:1014E0009305450028319146EFF0CFAB238401AC42
:1014F000E9B5930610036317D700238401AC93E783
:101500003700F1BD93E76700D9BDEFF03F9E138729
:10151000C1AC1C43954613F6F700C19B13E5370099
:10152000E31DD6F013E5270009BF9384C1AC9C40AE
:10153000183193F7F7F021E34D47639AE60293E7FA
:101540000701138761AC9CC01C239396476063DC42
:10155000060093F7F707914503C501AD1CA397104B
:10156000FE1FE78000539C401395872919BF93E71E
:1015700007029CC0CDBF93E70703E5BF1386C1AC4C
:101580001842FD770C319387F70F7D8F93670730F3
:1015900081E9ED45936707206394B60093670710D0
:1015A0001CC213959729F1BD82801821930610095A
:1015B0006307D7009307000D630EF7028280143192
:1015C0003947639BE6025621056713075740639529
:1015D000E6021C451307F00783853700638EE5009C
:1015E00003A701AA11CB584301CB8833BC23A20720
:1015F0005D8D02876FF03FD38280011126CA06CE2F
:1016000022CCAE849397556063DF070A03C501AD12
:1016100097F0FD1FE78020392A8409C983C791AA62
:1016200089EFEFF09FF82285EF402ED71395F468ED
:10163000F2406244D244056182801C211307000DF0
:10164000639BE7043C2181E7EFF03FF601A81547D3
:10165000639CE7005825A147E395E7FCA28503C5F5
:1016600081AAEF40AED8D9B72147E38FE7FC99466E
:101670006394D7007C31CDB71D47E394E7FA4A2144
:101680009710FE1FE780605659DD5825A147228537
:10169000E319F7F8E1B71307200AE384E7F8130723
:1016A0001009E393E7FA1831B947E31FF7F85A2115
:1016B000856793875740E319F7F81C458833BC23A7
:1016C000A2075D8D75BF9167ED8F91CF138601AC39
:1016D00091451145EF50CEB403C5C184EF500EAF14
:1016E0001395E468B1B793F71500BDCB83C781AC00
:1016F000A9C7EFE08EB09747FE1F83C7C776636127
:10170000F5048D475C8283C7C1AA5C864C0083C701
:10171000B1AA03C501ADDC86EF808E8E19CD93870B
:10172000C1AC884341991365650088C383A701AAAA
:1017300089C79C4399C38145829713C51400CDBDC9
:1017400083C771AB5C82194683C761AB938501ABDC
:1017500013056100DC8297F0FD1FE780C02D65B79F
:1017600093F7250095CB83C771AC858B9DC303C5CB
:1017700001ADEF804EB511CD9387C1AC8843137591
:10178000F5F088C383A701AA89C79C4399C3814503
:10179000829713C5240069BD13F54500E30A05E8E7
:1017A00083C761AC8DC703C501ADEF80CEB405C161
:1017B0001387C1AC0843FD779387F70F7D8D08C36E
:1017C00083A701AA89C79C4399C38145829713C502
:1017D0004400B9BD397122DC26DA4AD84ED652D43B
:1017E00006DE2A8AAE893289B6843A843EC69710CC
:1017F000FE1FE780803F29C17E25324663EB37011B
:101800006369F9001E29639697003E296145638D3F
:1018100087002C085285231C3101231D2101E486F9
:10182000E087EFD0DEE10145F2506254D2544259D4
:10183000B259225A216182805145FDB7411122C41B
:1018400006C69757FE1FA383A792328481C52E85B3
:10185000EFE07FED83A7C1AC8DEB19C023A081AA77
:101860002244B24003C6A1AA83C591AC03C501AD11
:10187000938701AC1757FE1F130747BF9756FE1FEC
:101880009386C6BF41016F908EA5B2402244454564
:10189000410182809747FE1F83C7E75C89EB614562
:1018A00082806145B24022449244410182804111CC
:1018B00026C206C622C4938401AD80209307F00F90
:1018C000E311F4FE17050000130565D3EF409EA752
:1018D00088A0E30885FC23A001AA23A601AC9147B8
:1018E000A384F1ACEF608E93414681451755FE1FEE
:1018F0001305C5B897F0FD1FE780601A4146814582
:101900001755FE1F130585B697F0FD1FE7802019B8
:1019100023A001ACA38B01AA238B01AA9D471756D4
:10192000FE1F1306A6B5C14509452386F1AAA38566
:1019300001AAEF40DEE81756FE1F130626B3C14585
:101940000D45EF40DEE741469755FE1F938505B3F1
:101950001755FE1F130585B097F0FD1FE780A00DFA
:1019600041469755FE1F938565B01755FE1F130519
:10197000E5AD97F0FD1FE780000C138601AC9145A3
:101980001145EF40DEE3014531BF1747FE1F130746
:10199000A77DFD575CB37CA3A38401AC05472384DA
:1019A000E1AC23A001AC19472393E1AA0567130713
:1019B00007C82392E1AA2384F1AA8D47238501AAAF
:1019C000A38401AAA382F1AC2382F1AC194681451C
:1019D000138501AB17F3FD1F6700630C411122C48F
:1019E000930705D006C65D472E84B3C70708636713
:1019F000F70C1757000013072728B3C7E7209C43AD
:101A0000BA97828783C791AC1CA019A84146975505
:101A1000FE1F9385A5A6228597F0FD1FE780A001F4
:101A20008147B24022443E8541018280414697551C
:101A3000FE1F9385A5A3C5B783A701AC9CC1CDB7F5
:101A40001946938581ABC1BF83C781AC75BF2E8515
:101A5000EF808EB1F1B72E85EF802EB3D1B783C75B
:101A600071AB5DB783C761AB45B71946938501ABD1
:101A70005DB783C7C1AA49BF83C7B1AA71B783A79E
:101A8000C1AC59B783C7A1AA41B783D761AA1EA029
:101A900041BF83D741AAE5BF83C751ACB5B783C760
:101AA00041AC9DB72E85EF802EB19DBF83C771AC31
:101AB00093F7F70791BF83C761ACB9B71307000469
:101AC0008947E360A7F6EF505EEE0AA091BF2A8730
:101AD0009307F7CFD9462E85B3C70708B28563EDC4
:101AE000F624975600009386261FB3C7D7209C4341
:101AF000411106C6B69782874147E147631EE5025A
:101B000041461755FE1F1305659797F0FD1FE780A7
:101B100080F215A04147E1476310E50241461755A1
:101B2000FE1F1305A594D5B71147E1476316E500DD
:101B30001C4223A0F1AC8147B2403E854101828026
:101B40000547E147E31AE5FE138781AC1C22142305
:101B50001CA385C2EDF303A7C1AC3D8B93074002E4
:101B6000B3D7E700858BE1DB03C501ADEF70DEDDA8
:101B7000D9B7F1D383A7C1AC6386A700BD8BF51796
:101B8000E36BF5FA854503C501AD9710FE1FE780AD
:101B900040F055B79307C01C63ECA718630A0618FA
:101BA000B24041016F709EF79307C01C63E2A71813
:101BB00063000618B24041016F80AE820547E147DD
:101BC000E31CE5F61822A946E3E8E6F6A38BE1AAB2
:101BD0009DB70547E147E311E5F618228D46E3ED91
:101BE000E6F4238BE1AA81BF1947E147E316E5F448
:101BF0001946138501AB11BF0547E147E31EE5F226
:101C000018229D46E3EAE6F22386E1AA2DB70547AE
:101C1000E147E313E5F218228D46E3EFE6F0A385F2
:101C2000E1AA11BF0547E147E318E5F01C2223852F
:101C3000F1AA11B70947E147E310E5F01222056761
:101C40001307A7C79306A6FFB3C60608E366D7EE39
:101C50002393C1AACDB50947E147E31FE5EC122262
:101C600005671307A7C79306A6FFB3C60608E36573
:101C7000D7EC2392C1AAC1B50C2203C641ACA38202
:101C8000B1AC0145EF107FBD7DB5102283C551ACCD
:101C90002382C1ACFDB79307C01C63EBA70849CAF8
:101CA000B24041016F804E800547E147E316E5E809
:101CB000138771AC14231C22858A1CA313F617000A
:101CC00091C6E31A06E6EF705EE2B5B5E30506E6F7
:101CD00083A6C1ACB98A8945E39706EA93E707F87A
:101CE0001CA391BD0547E147E318E5E4138761AC08
:101CF0001C2214231CA391C6E39F07E2EF705EE150
:101D00001DBDE38A07E283A6C1AC93F6060FF9D6A0
:101D1000914595BD9307000463EEE7008946894726
:101D2000E31CD5E0B2400E223A8541016F60CEA19E
:101D3000E14719B5894709B59307000463E9E7004E
:101D4000894689476316D5000E223A85C5B789476B
:101D50003E858280011106CE2AC69710FE1FE780BD
:101D6000C0E801C9B245F24008214D4605616F60E7
:101D70002E95F2404945056182806F105FAE41119A
:101D800006C6EFA06FB817C5FEFF13058579EF40B3
:101D90006EDBEFC08EE51765FEFF1305E525EF400E
:101DA0006EDAEF600EA11795FEFF1305A560EF40F8
:101DB0006ED9EF904EDD17F5FEFF130505C0EF401D
:101DC0006ED8EFE05ED317F5FFFF1305A53CEF409B
:101DD0006ED7EFE05FB117C5FEFF130505DDEF40DD
:101DE0006ED6EFB03ED9B24041016FF0BFAA83A7D3
:101DF000C1AD03A741AD01456313F7008280F6230F
:101E000099E2D62336959C43C5BF1747FE1F13079B
:101E100027041C435A23411193860711E117BA97EF
:101E2000856523AED1AC23AAF1AC06C69D05135639
:101E3000370063F4E500130600203387C60023ACA7
:101E4000E1AC611698C2D2A2239306001CC3998FFD
:101E5000E1175EA323130700EFF07FF9B240974725
:101E6000FE1F2396A7FC4101828083A7C1AD03A773
:101E700041AD01456313F7008280F62381E6D62346
:101E80003375D50A9C43FDB79C211CA1BE211CB112
:101E9000BE21A1833CA1DC213CB11145828023A25B
:101EA00001AE23A001AE82800DCD411122C426C215
:101EB00006C6AA842E84014585C1228541469755D0
:101EC0000000938525E797F0FD1FE780C0B69C20B2
:101ED00005455CA49C305CB4B2402244924441016C
:101EE000828001458280011122CC26CA06CE894714
:101EF000AA843284639FF5006384B6024147814718
:101F00006397E6048A85EFF03FFA41468A85228589
:101F100015A841476393E504638FF600639FB602FB
:101F20002E86A2856244F2402685D244056117F3CD
:101F3000FD1F6700E3C18A853285EFF0FFF6414659
:101F40008A85268597F0FD1FE78080C0AA87F2402A
:101F50006244D2443E85056182808147CDBF23A083
:101F6000A1AE828023A2A1AE8280011122CC622187
:101F700006CE26CA4AC84EC63DC8832985002A888F
:101F8000AE8403C9090081471317496063550702EE
:101F9000B147054563F687040355280051143344BF
:101FA00004084E8633878900A2868545EFE0DE8BE4
:101FB000B337A0008507135569487D141379F903D9
:101FC000334404089CA088B023812401C2A00147A7
:101FD00019C01387190098C409476383E7000145B6
:101FE000F2406244D2444249B249056182800545CB
:101FF000C5BFC167F917630AF502D94763F7B7028E
:10200000011122CC2EC606CE2A84EFC04EAEB245B8
:102010006368B50022856244F24005616FD07E9509
:10202000F240624405450561828005458280C167B2
:10203000F9176314F5006FC08EAB411106C6EFD0DF
:102040003E8211E15D45B240410182809147639D2E
:10205000F5001C211CA23C211831A207D98F3EA2F9
:102060003C3101455CA282801145828039714ED697
:1020700052D45AD05ECE06DE22DC26DA4AD856D2B8
:102080002A8A2E8BB289B68B15E7EFF05FFA91455D
:10209000EFC0CEB22A844D49854A19EDF250625400
:1020A000D254B259225A925A025BF24B4A85425993
:1020B000216182803A84814A230034018544630A85
:1020C0000B00DE8513051400029B93041500B3C4B6
:1020D00004089399496063D30902C1455285EFD042
:1020E0003E86654915E533069400A6852285EFE016
:1020F0000EC92A8911EDB104B3C4040891472C001C
:1021000052857C8422C66485EFD0CE9D2A8959D51C
:10211000E3860AF822859700FE1FE7804034BDBFA2
:10212000011122CC26CA4AC84EC606CE2A8932845C
:10213000B689EFF0BFF3AA8419ED83A741AE81CF32
:1021400005476317E40003C4090005041374F40F82
:10215000A2854A858297F24062444249B249268567
:10216000D24405618280AE8601470546970500008E
:102170009385C5D16FF0DFFA9E211CA19E21A1831A
:102180001CB1BE213CA1BE21A1833CB1114582807E
:102190009E211CA19E21A1831CB1BE213CA1BE2178
:1021A000A1833CB1DC315CA1FC215CB18A2519051D
:1021B0003345050882809E211CA19E21A1831CB16C
:1021C000BE213CA1BE21A1833CB1114582809E214C
:1021D0001CA19E21A1831CB1AA2109053345050834
:1021E00082809E211CA19E21A1831CB1BE213CA105
:1021F000BE21A1833CB1CA21110533450508828067
:102200009C211CA1054582809E21411122C406C645
:102210001CA19E212E841105A183A30EF5FEBE21D3
:102220009505230FF5FE83D7D5FFA183A30FF5FEF8
:1022300003C6F5FF97E0FD1FE780E07F4820B2402E
:102240002244110541018280AA87A9C11421FD15EC
:102250000547B3C505086398E60013D725008D89A7
:10226000114589CD8280094711456392E6024945AF
:1022700033D7A502B3F5A502114591E9114501CB6C
:10228000850734A21AA25CC2014582801145828072
:10229000AE860147114697050000938525EE6FF045
:1022A000FFDC13F73500AA8701EB8981114591C541
:1022B0000EA25CC20145828011458280D8218947E7
:1022C000631CF702011122CC2A84C84506CEAE86D3
:1022D00001C92EC69D459700FE1FE7808024B246A7
:1022E0002A8722856244F2401946970500009385AB
:1022F00065EA05616FF09FD70945828099E1114534
:1023000082801C2105473EA2E37BF7FEFD1593F575
:10231000F50F33D7F502B387E702E392F5FE050523
:1023200048C21AA201458280DC210947AE86638536
:10233000E7004147639AE7000147214697050000FF
:102340009385C5EC6FF09FD209458280AE86014728
:10235000314697050000938545E66FF03FD1DC21BB
:102360000947AE866385E7004147639AE700014766
:10237000414697050000938565E96FF03FCF094519
:1023800082803335B0000A058280011122CC26CA32
:1023900006CE98258547AA842E8449466310F70205
:1023A000EFF0FFC83E2049151306200963C8A700B7
:1023B000F2406244D2440945056182801834854761
:1023C0006314F70013660604484001C98D4532C600
:1023D0009700FE1FE780E0143246A2866244F24076
:1023E0002A872685D24497050000938585DE0561FE
:1023F0006FF0DFC7011122CC2A84884506CEAE8655
:1024000001C92EC695459700FE1FE7808011B24690
:102410002A8722856244F240594697050000938539
:1024200085DC05616FF09FC43335B0000A058280FA
:10243000AE8601476146970500009385A5DC6FF0E5
:10244000FFC28547114563F1D7021C320C220945B2
:10245000A207CD8F81456384A60093052600F91657
:102460001EA336A34CC3014582809E211CA19E2140
:10247000A1831CB109458280BC2105471CA18A218A
:102480006397E7000A050505334505088280C947BB
:102490003305F502CDBF8A210A0533450508828040
:1024A000BE211CA18A21BE213305F5020505334555
:1024B000050882808A2182808A2182808A21828006
:1024C000BE211CA18A21BE213305F5020505334535
:1024D000050882809E211CA19E21A1831CB1BE21E2
:1024E0003CA1BE21A1833CB1CA2111053345050899
:1024F00082809E211CA19E21A1831CB1AA210905D5
:10250000334505088280894711456398F6001C32DF
:1025100014220145A207D58F1EA382809A21D94794
:10252000AE8663FAE70001470D46970500009385E4
:1025300005F46FF0FFBE094582801145639DA6003A
:102540001C3214220145A207D58F1EA33C3234222F
:10255000A207D58F3EA38280BC210547FD1793F7C4
:10256000F70F6362F7049E219DCF011122CC2A84CC
:10257000C84106CE2EC61DC189459700FE1FE780C3
:1025800040FA2A8722856244B246F24015469705F2
:1025900000009385A5EE05616FF09FB8F24062449C
:1025A00009450561828009458280954763F0D70619
:1025B000411122C426C24AC006C61C323A841822DF
:1025C000A207B284D98F1EA03C32382293854400E2
:1025D000A207D98F3EA089475CA009461305540085
:1025E000368997E0FD1FE78000451947814763045E
:1025F000E90093876400691923142401B2405CC484
:102600002244924402490145410182801145828061
:102610009E219DCF011122CC2A84C84106CE2EC610
:102620001DC185459700FE1FE780A0EF2A87228500
:102630006244B246F2401D46970500009385E5E5E9
:1026400005616FF0FFADF24062440945056182808B
:10265000094582809947B2856388F600D1471145C4
:1026600041466384F60082800946411106C650A3A4
:102670009C31942113055700A207D58F1EA3BC31AE
:10268000B4219105A207D58F3EA397E0FD1FE780F7
:10269000803AB2400145410182809E219DCF0111C7
:1026A00022CC2A84C84106CE2EC61DC1894597007A
:1026B000FE1FE78000E72A8722856244B246F24087
:1026C0002546970500009385E5DD05616FF05FA560
:1026D000F24062440945056182800945828089474C
:1026E00011456398F6001C3214220145A207D58FCC
:1026F0001EA38280011122CC2A84C84106CEAE8658
:1027000001C92EC685459700FE1FE78080E1B246CD
:102710002A8722856244F2402D4697050000938562
:10272000A5D905616FF0DF9F6FF03FE1011122CC69
:102730002A84C84106CEAE8601C92EC685459700BB
:10274000FE1FE78000DEB2462A8722856244F240FF
:10275000354697050000938565D605616FF05F9C4F
:1027600093F71600114581EB89476386F600858251
:1027700056A310C301458280011122CC2A84C8418E
:1027800006CE2EC61DC185459700FE1FE78060D985
:102790002A8722856244B246F2403D4697050000F2
:1027A000938505D205616FF0BF97F24062440945F9
:1027B000056182809E219DCF011122CC2A84C841CF
:1027C00006CE2EC61DC189459700FE1FE78060D545
:1027D0002A8722856244B246F240454697050000AA
:1027E000938545CE05616FF0BF93F2406244094581
:1027F0000561828009458280854763F4D70208A776
:102800000CB71C320C220945A207CD8F8145638489
:10281000A60093052600F9161EA336A34CC3014556
:10282000828011458280014781464D4681456FF087
:102830003F8F8D47114563F5D7021C320C22A2074A
:10284000CD8F1EA33C322C22A207CD8F81456384FD
:10285000A60093054600F1163EA356A30CC70145FA
:102860008280011122CC2A84884506CEAE8601C919
:102870002EC695459700FE1FE780A0CAB2462A875C
:1028800022856244F2405D46970500009385C5C4E9
:1028900005616FF0FF88854711456395F6001C229E
:1028A00001451CA3828001478146654681456FF042
:1028B0003F87011122CC2A84C84106CEAE8601C9C9
:1028C0002EC68D459700FE1FE780A0C5B2462A8719
:1028D00022856244F2407546970500009385A5C1A4
:1028E00005616FF0AFF8397126DAAE84B7054000A4
:1028F0004ED6F915AA89054506DE22DC4AD8EF3006
:10290000BECB13146529973500009385E527414612
:102910000A85EF10CED04146973500009385C52635
:102920000808EF10CECF93178400135904013347E2
:1029300004082183D98F1379F90F10088A854E85F1
:102940007C87A3062101EF901FC48347E101034761
:10295000D101A0B0A2074207BA970347F101218035
:10296000C0A0BA979CA013D78700C18398B0BCA021
:10297000A3822401F2506254D2544259B2592161C7
:102980008280011119469735FE1F9385054E174524
:10299000FE1F1305A59006CE22CC26CA4AC8916414
:1029A0004EC697E0FD1FE78000099385F4FF0145BF
:1029B000EF301EBE2A84FD550145EF30FEBFA287D1
:1029C000FD147D5933F79700B366E500CDC6631457
:1029D00025016302970A1734FE1F1304247E23087F
:1029E000F40EA18393E707FC1169C1692326A40EA5
:1029F000A308F40E7D19FD19CA850145EF305EB9B3
:102A0000AA84FD550145EF303EBBB3679500EDD775
:102A1000FD576314F500E38124FF0357040E935719
:102A20000501230AF40E93578501A30AF40E835679
:102A3000240EB3470508B98F0357440F230B940E98
:102A4000A18093F4F403358FA30B940ED98F835692
:102A5000440E0357640F2319A40E358FD98F939713
:102A60005760B3F73701C9DBF2406244D2444249B0
:102A7000B24905618280A6850145EF307EB12A8486
:102A8000FD550145EF305EB3A2872DBF011126CA67
:102A90009744FE1F93848495D84C22CC06CE4AC816
:102AA0004EC695471734FE1F0324047A6306F700C9
:102AB000D84C8D47631FF70083C7140281E7930743
:102AC00070109EB0F2406244D2444249B24905615E
:102AD00082800D459710FE1FE78000239389C1A2D5
:102AE00003A70900B7C7898E938767ED1CC7B7573F
:102AF0005500938757555CC30347A4039307F00F12
:102B00006305F700FD57230DF4021389C1A30327C2
:102B100009008547A30CF4025C430145014693E795
:102B200017005CC3930720FB7CA09D47DCCC93057A
:102B300050029747FE1F23AB078A9384C1A497F0E6
:102B4000FD1FE780C078984001455C57F59B5CD736
:102B500083A6090058309C421377F70793F707F8CC
:102B6000D98F9CC29737FE1F83C7873499C303A5AB
:102B700081AE97E0FD1FE780203403A70900B70668
:102B800033001C4393F7F7CF1CC31C4393F7F7CFD5
:102B900093E707201CC398401C47D58F1CC7032709
:102BA0000900B7070300938787153CCB9747FE1FA3
:102BB00023A807849747FE1F23AC078285471CC3C1
:102BC00011B7411106C622C426C29734FE1F938452
:102BD000A4252A84A830C145EF30AECBA830930598
:102BE0000002EF300ECB2302040023130400B24096
:102BF0002244924441018280411122C406C6973783
:102C0000FE1F9387A77E03C717021734FE1F0324F6
:102C1000A46311CB83C607020D476396E6001737FE
:102C2000FE1FA305077ED44F21476386E600D44FDD
:102C300019476398E600D84F2380E7020547A38031
:102C4000E7029710FE1FE78080042285EFF07FF7F0
:102C50001306A002930500080145EF709FD90345B4
:102C600004049307F00F6307F500EF30AECBFD5778
:102C70002300F404B240224441018280411126C263
:102C8000AA8428490146814506C622C44AC097F055
:102C9000FD1FE780E03589470DEDA0482146A1479B
:102CA00018203D8BB8B81430B4A86314C702034988
:102CB000240099471357690009EF13071900137788
:102CC000F70FE5476397E60038308D47630AF70052
:102CD000C547B2402244924402493E854101828068
:102CE00003A5040B194693054400110597E0FD1F49
:102CF000E78000E671DD19469305A400138564039F
:102D000097E0FD1FE780C0E4C94761D53547E1473B
:102D1000E311E9FCEF40FFE0EF401F9D2A8471C101
:102D200083A6040BD850FC4401482324E508984EA0
:102D30009735FE1F93856558130585132320E5F607
:102D4000D84A1739FE1F130969472322E5F6D83BF5
:102D5000A30FE5EEF83BF02B2207518F2310E5F08F
:102D6000983F902F2207518F2311E5F0B83FB02FE5
:102D70002207518F2312E5F0D82FDC3F1546A2071A
:102D8000D98F2313F5F0DC2E23220501A30EF5EED7
:102D900081471CC197E0FD1FE780E0C985472300FC
:102DA000F41483C7040822852303F414A303F41442
:102DB000EF407FC58327890D93F7072081CB0A2435
:102DC0001306900293050008EF70BFC28327090D18
:102DD0001167F98F99C70A24514693050008EF70CF
:102DE0005FC183A7C40A0D47B8B78547DDB5397100
:102DF00052D4173AFE1F130A6A5F83270A03B706E5
:102E0000080022DC4ED666CA9389C1A3973CFE1FF8
:102E1000938CCC3A06DE26DA4AD856D25AD05ECE09
:102E200062CCF58F03A48C0503A709009DE37C57B2
:102E300081C785472380F192F2506254D25442599F
:102E4000B259225A925A025BF24B624CD24C216127
:102E50008280930780070329C40A7CD323800192D0
:102E600083479900032CC90092073E9C83472C009E
:102E700095CB834769009306204E03461C00B38719
:102E8000D702938787FD11CA83467900B386C602AD
:102E90001306D007B386C602B697B706080014C754
:102EA00086077CD71C438D8B91C709459710FE1F61
:102EB000E78080E5138BC1A283270B00938AC1A40E
:102EC00037063300D857370800827D18719B136787
:102ED0001700D8D798431377F7CF98C39843137741
:102EE000F7CF1367072098C303A70A001447D18EB2
:102EF00014C783A609003706030013068625B0CA47
:102F00005057759A50D790438345E407137606F8D7
:102F100093F5F5074D8E90C303058406D05793753E
:102F2000F503E605337606014D8ED0D71306A003D0
:102F3000635CA628704FB70500074D8E70CF03273E
:102F40000409D8C30327C40898C78327C40AB8371D
:102F500085476313F72E832B040B0347990083C720
:102F60001B00631BF72C23A60606B70708009CC6A8
:102F70009737FE1F23A2074ADC42154793E7170045
:102F8000DCC26444930720021CB898A09CB083471D
:102F90005403858B91E70347440389476315F70082
:102FA000930750049CA019469305640313852400DD
:102FB00097E0FD1FE78020A883C73B0089C79C20BE
:102FC00093E707F89CA0194693854B00138584006E
:102FD00097E0FD1FE78020A683C78B01FCA483C771
:102FE0009B01FCB483C7AB019CA883C7BB019CB801
:102FF00083A74B0113D78700BCA8C183DCA8B8B84E
:103000000347040889476313F7008D47DCB803D7EB
:10301000CB0083D7AB00BA97858313D7870098BCC2
:1030200003C7EB009CAC8D83B8AC03D7EB008D07D6
:103030002183B8BC03C70B01D8AC03C71B01D8BCA4
:103040001947B3D7E70AFCA8A183FCB883C7EC0FE4
:10305000FCAC83C7FC0FFCBC83C70C102380F402BC
:1030600083C71C10A380F40283C72C102381F402B1
:1030700083C7CB01FD8BA381F402784483C73C0056
:10308000834637029607D58FA301F7029737FE1FB5
:1030900083C747DD83250B00B7060082FD16D85590
:1030A0001396476093F7F703758FE607D98FDCD542
:1030B0001307A00383A70A006354C714F84FB70689
:1030C0000007558FF8CF103883450408014597371E
:1030D000FE1F23A3073297F0FD1FE780E00583273B
:1030E0008A00858BC9C7973AFE1F938A6ADB03D58E
:1030F000CA009737FE1F23AF072E9307800F3305B3
:10310000F50237460F008146130606248145EF007D
:10311000106483A70A00AA842E8B8297B3079500B8
:1031200033B5A700B305650183A68A003E8799E100
:1031300063E4D7003387D7400345040858D00146DD
:10314000B94597F0FD1FE780801801468145054588
:1031500097F0FD1FE78040FE9710FE1FE78020B329
:103160008327CA00858B81C72285EFF03FB1834753
:10317000990003474900850793F7F70FA304F90067
:1031800063F3E7329734FE1F938484D19C28638EC7
:1031900007268327C40A130770FA17F5FD1F1305C6
:1031A000453BB8A797E0FD1FE780C0F16254DC40C3
:1031B000F250D2544259B259225A925A025BF24BFF
:1031C000624CD24C2161828713062002635AA6000A
:1031D000704FB70500F9FD156D8EB7050005B1BB41
:1031E000B70500F96946FD156357A600704F6D8E4F
:1031F000B705000399B3704F6D8E131686293DBB3A
:1032000013072002635AC700F84FB70600F9FD16EE
:10321000758FB706000575B5B70600F96947FD1645
:103220006357C700F84F758FB706000359BDF84FB5
:10323000758F1317872979B5DC42F99BDCC264448A
:103240009D47832B8C00834A3C001CA89CA085478B
:10325000A3810400BCA07C4893F707209DC7914739
:10326000BCB08347640B8346540B78449A07D58FD0
:103270005CA3BC2081468507BCA00346840B834524
:10328000540B0345640BEF906FD87C4893F70740CD
:1032900095CBB8307C44B42013678700B8B003578F
:1032A000A408B697B8B3BC2078448346F4073E9789
:1032B0008357A4089206A183BD8BD58F5CA3BC2045
:1032C0008907BCA08347040693F7070489CFB83069
:1032D0007C44B42013670704B8B05838B697B8B325
:1032E000BC208507BCA08347C4070547C11793F7D7
:1032F000F70F6362F706BC20032BC40415468D0745
:103300003E9BA1472300FB0093078002A300FB0024
:103310009735FE1F938565FA13052B0097D0FD1F87
:10332000E78060718346C4074147835784086395EB
:10333000E60CA1072311F408C547230EF4068347C2
:103340002408A303FB0083572408A1832304FB0064
:10335000BC20A507BCA0638C0B00BC20684456862B
:103360008D07DE853E9597D0FD1FE780C06CB820A5
:1033700001459377F7038507BE9A93FAFA0FA308DE
:103380005401B8A07C44A380570183A70900784466
:10339000B8DF1038834504089737FE1F23AE0704B3
:1033A00097F0FD1FE78040D99710FE1FE780208E21
:1033B00083A709003707020023A2070698C717371B
:1033C000FE1F232D070203472C00E30207DAFC57F8
:1033D000E38F07D817F5FD1F1305652997E0FD1F3B
:1033E000E78080AD03A709007C57FDFF014597E00A
:1033F000FD1FE78060ACA5BB03572408B307F74067
:103400000947E34EF7F2C9470DBF938A819283A71C
:103410000A0082972A8B83A70A008297E30D65FF33
:1034200003475900834799009444B387E702DA249D
:10343000B387E7021307003293870719B3D7E70270
:10344000032744093E973A846364F7006364D70016
:103450003304D74083A70A008297B307A44063745C
:10346000A4009844BA9737450F0013050524B3B557
:10347000A702D22481463385A702EF00502DAD4725
:103480002A84170500001305C596232EFA0097E03D
:10349000FD1FE78060A283A7090037070800060424
:1034A00098C7E0D751BA8327C900884719ED1C2473
:1034B000680023070100DC868327C40ADC23DC873D
:1034C000EFF0FED42305090085BA97F0FD1FE780D1
:1034D00000F90327C90083464900814763C5D70027
:1034E0001C47EDF3E9B7232407008507C5BF5D71CD
:1034F0004EDE9389C1A303A60900A2C452DC5ED6A6
:1035000086C6A6C2CAC056DA5AD862D466D26AD073
:103510006ECE930780077CD223800192138AC1A2CA
:1035200083270A00938BC1A4B7053300D8572A8498
:10353000719B13671700D8D798431377F7CF98C3B9
:1035400098431377F7CF1367072098C303A70B009F
:103550001447CD8E14C7B70603009386862534CA58
:103560005457F59A54D78345E507944393F5F507E7
:1035700093F606F8CD8E94C35442F99A54C283054B
:103580008506D4573705008213F6F5037D156606C8
:10359000E98ED18ED4D79306A00363D0B62A744F98
:1035A00037060007D18E74CF130704085447184B11
:1035B0009305300294C7D8C305459737FE1F23AD46
:1035C00007E2EF207EFA64449D471CA8230FA4065F
:1035D0009CA08547A3810400BCA07C4893F70720EA
:1035E0009DC79147BCB08347640B8346540B784416
:1035F0009A07D58F5CA3BC2081468507BCA00346F3
:10360000840B8345540B0345640BEF902FA07C483B
:1036100093F7074095CBB8307C44B42013678700FC
:10362000B8B00357A408B697B8B3BC207844834613
:10363000F4073E978357A4089206A183BD8BD58FCC
:103640005CA3BC208907BCA0B020035744089307A3
:10365000D00F918F1739FE1F130949B663DFE7209A
:103660000347040885476316F7209307804279478C
:103670009387371AB3C7E70283464907C16593E6C4
:103680000601230AD90683A609008CC63387E70200
:103690000607B8D2B83013670701B8B0784483463C
:1036A000E407329734B3B420784436975CA3B8204B
:1036B0007C44BA97034704081607D8B3BC208D078B
:1036C000BCA08347040693F7070489CFB8307C4435
:1036D000B42013670704B8B05838B697B8B3BC2005
:1036E0008507BCA08347C4070547C11793F7F70FA9
:1036F0006362F706BC20832AC40415468D07BE9A70
:10370000A1472380FA0093078002A380FA0097352F
:10371000FE1F938585BA13852A0097D0FD1FE78089
:1037200080318346C407414783578408639EE6146B
:10373000A1072311F408C547230EF4068347240884
:10374000A383FA0083572408A1832384FA00BC20B2
:10375000A507BCA003564408814A21C2B82068448A
:103760008325840A930737003E95BC30C18B63865E
:103770000712F95AB38AEA4093FAFA0F568697D09D
:10378000FD1FE780402B8327840AD6973CDC8357B4
:103790004408B38757412319F406B8200145056B47
:1037A0009377F7038507BE9A93FAFA0FA30854019B
:1037B000B8A07C44130D8007B70D3300A3805701D8
:1037C00083A709007844B70A0300938A8A25B8DFE3
:1037D0001038834504081D4C854C97F0FD1FE78089
:1037E000A0959700FE1FE780804A03270A00130B6D
:1037F0008B843C57ED9B3CD79737FE1F238907C02E
:10380000371700401E2FC607C5831EAF83474907E1
:10381000C18BD9EB22852644B64096440649F2591D
:10382000625AD25A425BB25B225C925C025DF24DFC
:10383000616117F3FD1F6700233E9306200263DAE0
:10384000B600744F370600F97D16F18E3706000575
:1038500091BB370600F9E9467D1663D7B600744F71
:10386000F18E370600033DBB744FF18E9396862987
:103870001DBB856793878784DDBB8347490793F723
:10388000F70E230AF90635BD03572408B307F7409E
:103890000947E345F7EAC94745B597D0FD1FE780DB
:1038A0008019834A4408D5BD8347490793F7070227
:1038B000E5DF8347490703A6090093F7F70C230ABE
:1038C000F9062322A6072380019283270A00D857EE
:1038D000719B13671700D8D798431377F7CF98C316
:1038E00098431377F7CF1367072098C303A70B00FC
:1038F0001447B3E6B60114C7232856055457F59A62
:1039000054D798438346E407137707F893F6F607EE
:10391000558F98C364442308840123808401A381C4
:103920000400238194017C4893F7074095C7A14781
:10393000BCB07C440357A408D8A3BC207844834679
:10394000F4073E978357A4089206A183BD8BD58FB9
:103950005CA3BC208907BCA0B020035724079307B1
:10396000E00F918F63D3E70603470408DA876314F7
:1039700097019307804279479387371AB3C7E702C5
:1039800083464907C16593E60601230AD90683A643
:1039900009008CC63387E7020607B8D2B830136730
:1039A0000701B8B078448346E407329734B3B420B3
:1039B000784436975CA3B8207C44BA970347040840
:1039C0001607D8B3BC208D07BCA003562407814737
:1039D0000DCEB82068442C5C930737003E95BC3070
:1039E000C18BA5C3F957998F93F7F70F3E863EC653
:1039F00097D0FD1FE7802004385CB2473E9738DC43
:103A0000035724071D8F2319E406B420014513F73B
:103A1000F6030507BA9793F7F70F1CB8B4A07844DC
:103A20001CB31038834504089737FE1F23A6079C54
:103A300097E0FD1FE78040709700FE1FE78020257C
:103A4000F1B397D0FD1FE78000FF834724072319B8
:103A5000040665BF8347C507638B073E797122D48F
:103A600006D626D24AD04ECE52CC49472A84639CF1
:103A7000E70203572508835785086316F7021305E5
:103A8000050A15469735FE1F938525832AC697D0CC
:103A9000FD1FE78040FA3245EF30FFEC9147A3006D
:103AA000A408230EF406228597E0FD1FE78020F18D
:103AB00009459700FE1FE78020250327C40A1389C4
:103AC00081928347C40783260900630E071E0D47B2
:103AD0006398E70C9147230EF4067C4893E7870030
:103AE0007CC89727FE1F9387676D03C75707098B0D
:103AF0006DDF03C757071377C70FA38AE7068296C0
:103B00009727FE1F9387C739D62703576408232AB0
:103B1000A4089C473307D7029306003213070719FE
:103B20003357D702B306E500368663E4A60063E4A4
:103B3000F6003386F640232CC4089726FE1F83C662
:103B4000B632636CD604158E9306D407A28517058A
:103B50000000130565F097F0FD1FE78080E3AD4797
:103B600017F5FFFF1305E5281737FE1F232EF788EB
:103B700097D0FD1FE780403483A7C1A30947F8D73A
:103B800083578408B250925485072314F4082254B2
:103B90000259F249624A45618280958F3E966DB71F
:103BA0008329840982969724FE1F9384642F63E6F9
:103BB000A9043385A9409727FE1F83C7F72A63E529
:103BC000A700854763EEA702DA2483576408904470
:103BD000B387E7021307003293870719B3D7E702C9
:103BE000032784093E97BA866364F7006364C700BD
:103BF000B306C740232CD40861B79C44BE9955BF77
:103C00008326C40AA3840600D224835764080327AA
:103C100084098C44B387C70213060032232AE408C0
:103C200093870719B3D7C7023E973A866364F700B4
:103C30006364B7003306B7409C28232CC40899CF8F
:103C4000930770FABCA617F5FD1F1305859097D052
:103C5000FD1FE7802047DC4082971DB783270900BE
:103C60008297AA89832709008297E38DA9FE83277B
:103C7000090083294409829763E4A904AD47172703
:103C8000FE1F2323F778B7470F0093870724338558
:103C9000A940B335F502D22481463305F502452CFF
:103CA00083A7C1A33707080098C70605E8D717F50B
:103CB000FFFF1305051497D0FD1FE780E01FC9B56E
:103CC0009C44BE9965BF0D47639EE7089147230E4C
:103CD000F4067C4893E787007CC89727FE1F9387EC
:103CE000E74D03C75707098B6DDF03C757071377E6
:103CF000C70FA38AE70682969727FE1F9387471A66
:103D0000D62703576408232AA4089C473307D70201
:103D100093060032130707193357D702B306E5009D
:103D2000368663E4A60063E4F6003386F640232C6F
:103D3000C4089726FE1F83C636136362D602158E0B
:103D40009306D407A285170500001305E5D097F068
:103D5000FD1FE78000C42285EFF06FF915B5958F40
:103D60003E96F9BF8296AA84832709008297E38D45
:103D7000A4FE83270900832484091729FE1F130941
:103D80002912829763EEA4023385A4409727FE1F71
:103D900083C7970D8359C90063E3A70015E58357CF
:103DA00064081307003203268900B387370393871B
:103DB0000719B3D7E702032784093E97BA862DB5C2
:103DC00083278900BE94C9B79727FE1F83C757462C
:103DD00093E717009724FE1F9384443EA38AF406BA
:103DE00003AAC1A3B70708002324FA00B7470F00AE
:103DF00093870724B335F5024E8681463305F502D5
:103E0000B92206052326AA0683C75407898BEDDF4E
:103E100083C75407130700320326890093F7C70F9F
:103E2000A38AF40683576408B38737039387071977
:103E3000B3D7E702032784093E97BA866364F70085
:103E40006364C700B306C740232CD40829B7828017
:103E5000411126C2AA84284922C401462E84850520
:103E600006C697E0FD1FE780A0183DEDBC481D4643
:103E700021459423BD8AB4B89833B8A8639DC6047D
:103E8000B423114513D6660093F6F60363F5E604F2
:103E9000194531E27D17158F58B0B83345459376F3
:103EA000270095EA9376470085EE91079306F00F79
:103EB00034A093768700514599EE937607015545D6
:103EC00099EA137507021DE1137707049306F007BB
:103ED00011C3942314A0B240224492444101828031
:103EE000D42395078D8AE9B70945F5B75945E5B754
:103EF00097070000938747B61727FE1F2328F7323E
:103F0000828009CE93070002918F635AF000B39725
:103F1000F5003355C500B3D5C5005D8D828001160F
:103F200033D5C5008145828009CE93070002918F69
:103F3000635AF000B357F500B395C5003315C500BB
:103F4000DD8D82800116B315C5000145828032885F
:103F5000AA882E87CDEA63FFC50EC167636AF6188B
:103F6000B7070001B337F600B307F040E19BE10764
:103F70003353F600973600009386C6DC9A96942257
:103F800013030002B697B306F340630BF3003397B5
:103F9000D500B357F5003318D6005D8FB318D500A0
:103FA000135608013355C702B346080893D70801D2
:103FB0003377C702B385A6024207D98F63FAB700E9
:103FC000C2971307F5FF63E4070163E8B7303A854A
:103FD0008D8F33D7C702B3C80808B3F7C702B386BB
:103FE000E602C207B3E8F80063FBD800C298930763
:103FF000F7FF63E50801791763E3D8003E874205C0
:10400000598D8145828063F5D500814501458280C7
:10401000C16763E5F618B7070001B3B7F600B30749
:10402000F040E19BE10733D8F60017370000130793
:1040300067D142971823930800023E973388E840DF
:104040006392E81863EDB6263335C50013451500B5
:104050008145828045C6C167637BF624133706100D
:10406000134717000E07B356E600973700009387F3
:1040700067CDB6979C2393060002BA97B38EF6409D
:10408000639DF608B387C5408545935606013346C0
:10409000060833D5D70213D70801B3F7D702330385
:1040A000C502C207D98F63FA6700C2971307F5FFED
:1040B00063E4070163E067223A85B387674033D73B
:1040C000D702B3C80808B3F7D7023306C702C2073E
:1040D000B3E8F80063FBC800C2989307F7FF63E5F5
:1040E0000801791763E3C8003E874205598D828035
:1040F0009337061093C717008E079DBD81469737EB
:104100000000938727C4B6979C23014793060002BB
:10411000BA97B38EF640E387F6F63318D60133D359
:10412000F50093560801335ED302B395D501B3571A
:10413000F500CD8F3346080813D70701B318D50112
:104140003373D302B305C603420333676700637B4F
:10415000B70042971305FEFF636A07176378B71627
:10416000791E42970D8F3355D702B3C707083377AF
:10417000D7023303A6024207D98F63FB6700C297B9
:104180001307F5FF63E0071563FE67127915C29701
:1041900093150E01B3876740C98DE5BD93B706102F
:1041A00093C717008E0733D8F600173700001307A0
:1041B00067B942971823930800023E973388E84076
:1041C000E382E8E8335EE600B3960601336EDE0074
:1041D000B3D8E500935E0E01B3D7D803B3950501BC
:1041E0003357E5004D8F33430E08935607013316BE
:1041F0000601B3F8D803B305F302C208B3E616010B
:1042000063FBB600F2969388F7FF63E3C60D63F194
:10421000B60CF917F2968D8EB3D5D603334707083F
:10422000B3F6D603B308B302C206558F637B1701FA
:1042300072979386F5FF6369C70963771709F915C4
:104240007297C207C16ECD8F9386FEFFB3F5D7007C
:1042500013D30701F18E4182338ED5023307174104
:10426000B306D30293580E01B385C502B695C69521
:104270003303C30263F3D500769393D605019A9670
:104280006363D7026305D7003E8581458280C1669E
:10429000FD1633F7D5004207337EDE0033150501E6
:1042A0007297E373E5FE1385F7FF81458280B707B8
:1042B00000016377F6029356060141477DB38145BD
:1042C000054582803A85E9B5B685A5BF2A8E59BDD8
:1042D000C68791B77915C297CDB37915C297CDB975
:1042E00093568601614751B3411193D74501939E7F
:1042F000C50022C626C44AC24EC093F7F77F93DE9C
:10430000CE00FD81638907141307F07F6382E718ED
:104310008E0E1357D501B36ED70193123500138E4D
:1043200017C081488144939E7E2993D746011397F5
:10433000C60093F7F77F32841353C70093D3F60177
:10434000F9CB1305F07F6386A706131733001355C7
:10435000D601498F938617C0338FC601131377296F
:104360002947131436000145130E1F006346171723
:1043700033C87500C28F894563CF15051386F8FFD2
:10438000854863EBC818630FB51085477E886316B0
:10439000F5068147814601473244D207D58F7E0812
:1043A000B3E70701A244124982493A85BE8541011B
:1043B00082803366C300130FFE7F6301061033C88B
:1043C00075009316B02893E838002947C28F369EAF
:1043D000634417410D45331610291377065305C35F
:1043E00089476381F40C8D476381F41226858547E4
:1043F000768316847E88E30EF5F8728FBDAC9375D4
:104400000624DDE513768608630806109E8F9A8ED3
:10441000A282AA84F1B73367C30061CF630F033070
:10442000131F036013075FFF754593078FFF198DF7
:104430003355A6003317F3003363E5003314F60059
:10444000330FEE41130FDFC029470145130E1F0044
:10445000E35017F351A0B3E2AE0063870208638014
:104460000E2C13980E60930758FF7547930288FF30
:104470001D8FB39E5E003357E500B36ED701B312B4
:104480005500130ED0C0330E0E418148814471BDDA
:10449000B3E2AE0063940204814EA148130EF07F94
:1044A000894461B57E889307F07F81460147EDB569
:1044B00001489307F07FB7060800F9BD1317B0282D
:1044C00093E82800A9473A9E63DC17290144B947BD
:1044D00009452D476380E730AE8F19B7AA82B148EE
:1044E000130EF07F8D4491B5814E9148014E854465
:1044F0002DBD728F93E818002947014301440545FB
:10450000130E1F00E35617E7C1BF01489307F07F62
:10451000B7060800014749B5C1659384F5FFB3F7B5
:10452000920013D9020193580401E18C338797025A
:104530003306990213550701B386F802B2963695F1
:10454000B30F19036373C500AE9F41641306F4FFF4
:10455000B375C500B376C300718F93530301C205D1
:10456000B382D702BA9541813307D90213D602012B
:10457000B387F302BA973E96B30779026373E600F6
:10458000A297C1691383F9FF3377660013D40E0134
:10459000B3F26200B3FE6E00420716973389D4036C
:1045A00041823E963A95B382D8039357090133036B
:1045B00094029A929697B388880263F36700CE9824
:1045C000C1691383F9FFB3F46700C2043373690050
:1045D000C183C697B382D603B3886400B306D402FE
:1045E00013D30201B38ED303B69E9A9E3383830204
:1045F00063F3DE004E93C163FD13B3F67E00C20683
:10460000B3F272007E95969636963337E500329770
:10461000AA98BA9733B5A8003E95B336D60033367C
:10462000C700D18E33B7E70013D60E01B337F500BC
:10463000B2965D8F36971A979397980026079356F0
:104640007501CD8F3363D700B337F00013D77801EE
:10465000D98F3707000126053377E30033E4A7003D
:1046600009CF13571400937714009316F301D98FD1
:1046700033E4D70013531300728F1306FF3F6358C0
:10468000C0049377740081CF9377F4001147638857
:10469000E70013074400B33787003E933A84B70717
:1046A0000001B377F30089C713060F401313834942
:1046B0009307E07F63C1C70A935734001317D301F0
:1046C000931693005D8FB1829377F67FF1B1054722
:1046D00059EE130FEF413316E4013336C000331F98
:1046E000E301B357E4003366E6015D8E937776000D
:1046F000B355E30081CF9377F60011476388E70055
:104700009307460033B6C700B2953E863705800052
:104710006D8D854781460147E31005C85DA01317DD
:104720000560F1489307570113080702E3DFF8D249
:1047300061178142B31EE500A9B393170660F146E5
:1047400013875701138F0702E3D0E6CEE117014428
:104750003313F600F5B19307F07F814601472DB979
:1047600033C87500C28F01430144094529B1118F37
:1047700093078003E3CFE7C0FD47E3DCE7F4855709
:10478000918F93060002B357F3006308D700130F0D
:10479000EF43331FE3013364E401333680005D8E61
:1047A0001377760081461DC39377F6001147814544
:1047B0006389E7009307460033B6C700B335C000EE
:1047C0003E86939695001397D501B1820D82518F45
:1047D0008147D9B632831DB93D476397E800014848
:1047E000B706080001474DBE1A86AD470D45D5B145
:1047F00093D745011397C50093F7F77F1306E03F62
:10480000AA863183FD8101456353F60091C1828000
:104810001306E0417D55E34CF6FE130630431D8E32
:10482000FD451317472963CAC5009387D7BE3317C1
:10483000F70033D5C600598D8280130530411D8D98
:104840003355A70082800DC99307E0411317056017
:10485000A946998F93F7F77F63C6E602AD46998E16
:10486000B356D5005507B2063315E500D20713D766
:10487000C600D98FBE85828081470147D207D98F74
:10488000BE85828055173317E50032073183D20782
:10489000D98F0145BE8582805D7122D406D62A84D7
:1048A0002EDA32DC36DEBAC0BEC2C2C4C6C603A52A
:1048B000418511C51C4D81E72AC6A12B32450C4507
:1048C0005418228636CEEF00B022B25022546161D5
:1048D0008280011126CA06CE22CC4AC84EC652C4D6
:1048E000AA8419E11C4502901C4D2E89ADE31523C5
:1048F0009C4C8044B9CF972700009387A758631D2D
:10490000F404C0407C50858B99E75E2493F7072020
:1049100099E3284C69255E24A18B99C31C48D5E3F3
:10492000A2852685A52A51CDFD547C50858B99E71B
:104930005E2493F7072099E3284C9D25F2406244BA
:104940004249B249224A2685D24405618280004507
:104950005DB726857D2945B7972700009387875047
:104960006314F400804479BF972700009387874D34
:10497000E31AF4F8C04479B71CC4050963C80702F8
:104980001C401387170018C08CA31C4483450900E2
:10499000FD17FDF11CC463D907022286A9452685AF
:1049A0008120FD57E302F5F8A94441B7184C63C4D0
:1049B000E700E39745FD228626851D20E31735FD98
:1049C000A5B7FD59294AD1B71C401387170018C055
:1049D000294798A3D1BFAA8503A541856FF07FEF32
:1049E000011122CC26CA4AC806CE4EC6AA842E89F8
:1049F000328401C51C4D91E3292997270000938734
:104A000067486317F402C0401C4C1CC45E24A18B91
:104A100099C31C4895EFA2852685492015C97D5963
:104A2000F2406244D244B2494A85424905618280DB
:104A300097270000938707436314F4008044E9B785
:104A40009727000093870740E310F4FCC0446DBF34
:104A50001C4808409379F90F1379F90F1D8D5C48B4
:104A60006346F500A2852685912C55F91C44050561
:104A7000FD171CC41C401387170018C02380370182
:104A80005C486388A7005E24858BD9DBA947E319BE
:104A9000F9F8A28526851D2441D551B7411122C4BC
:104AA00026C24AC006C683A441852A892E8489C4A9
:104AB0009C4C99E32685B12E972700009387873C6D
:104AC0006313F402C0408317C40013F7870025E77F
:104AD00013F707010DEB25472320E90093E70704AF
:104AE0005EA47D5571A0972700009387A7376314B4
:104AF000F4008044C9BF972700009387A734E314CC
:104B0000F4FCC044C9B7918B9DC34C5889C9930725
:104B100044046384F5004A859D2B232A04025E2405
:104B20002322040093F7B7FD5EA41C481CC05E243A
:104B300093E787005EA41C4899EB5E2413070020CE
:104B400093F707286385E700A2854A857D218317AF
:104B5000C40013F717001DC358482324040033076B
:104B6000E04018CC1848014501E713F707083DF766
:104B7000B2402244924402494101828013F7270047
:104B8000814611E3544814C4F1BF8397C500011155
:104B900022CC26CA06CE4AC84EC613F78700AA847E
:104BA0002E8479E3D8416345E000B8416356E008BC
:104BB000585459C303A9040023A004000C5093D7F0
:104BC000C748A9CB70485E24918B99C75C401D8E65
:104BD0005C5899C33C401D8E5C540C508146268520
:104BE0008297FD57630CF5041C48056723220400D7
:104BF0001CC05E24F98F91C368C84C5823A02401BF
:104C000085CD930744046384F50026854921232A32
:104C100004021DA00146854626850297FD572A8677
:104C2000E313F5FA9C40C5D375476385E700594700
:104C30006395E70623A024010145B5A0984083179A
:104C4000C40001CFF5466305D700D9466319D704E0
:104C50001C48232204001CC04DB71848232204001E
:104C600093D7C74818C041BF83A90501E38609FC53
:104C700003A905008D8B23A0350133093941014774
:104C800091E3D84918C4E35920FB1C540C50CA8640
:104C90004E8626858297634FA0008317C40093E752
:104CA00007045EA47D55F2406244D2444249B249B1
:104CB00005618280AA993309A940F1B79C49411145
:104CC00006C622C426C281EB8144B2402244268516
:104CD000924441018280AA842E8401C51C4D91E337
:104CE0000D2A972700009387E719631DF402C0403F
:104CF0008317C400F1DB7850058B11E793F7072089
:104D000099E3284C692C2685A285EFF01FE87C509A
:104D1000AA84858BDDFB5E2493F70720DDF7284C02
:104D2000412465B7972700009387C7136314F400E5
:104D300080447DBF972700009387C710E31AF4FAD9
:104D4000C0447DB7411122C406C62A844EA572A56F
:104D50002320050023220500232405002322050625
:104D600023280500232A0500232C05002146814520
:104D70001305C505EFF00D8C971700009387878505
:104D80005CD097170000938787871CD49717000083
:104D90009387478B5CD4971700009387878DB24029
:104DA00000D01CD8224441018280970500009385E1
:104DB00025F149A2411126C2930780069384F5FF8D
:104DC000B384F4024AC02E8922C406C693854407E0
:104DD000452E2A8401CD23200500232225013105FB
:104DE00008C4138684068145EFF0CD84B240228545
:104DF00022449244024941018280138501AF45A2B9
:104E0000138501AF71AA138541AF51AA138541AF34
:104E100041AA411122C406C62A84EFF0DFFE1C4CD1
:104E200091C72244B24041016FF05FFE9707000036
:104E30009387E7F71CD4232404042326040423289F
:104E4000040483A7818D6394870085471CCC228549
:104E5000152848C022853D2008C42285252048C445
:104E6000484001469145EFF0FFED08440546A54551
:104E7000EFF05FED48440946C945EFF0BFEC8547C8
:104E80001CCC45B7411126C24AC006C622C42A8995
:104E9000EFF0BFF683A4818D9C4C81E72685EFF06F
:104EA0005FF7938484048044DC40FD1763D60700D9
:104EB0009C40A5C78440C5BF0317C40021EFC1773C
:104EC00085075CC41305840523220406C128EFF07E
:104ED0003FF321462320040023240400232204005E
:104EE00023280400232A0400232C040081451305F1
:104EF000C405EFE03DF4232A0402232C04022324FA
:104F0000040423260404B240228522449244024928
:104F1000410182801304840649BF91454A85EFF020
:104F20007FE988C02A8459F5EFF09FEDB14723202F
:104F3000F900D1BF797122D44AD04ECE52CC5AC892
:104F40005EC606D626D256CA2A892E8A130485043E
:104F50008149054BFD5B0444832A4400FD1A63D05C
:104F60000A0200406DF8B250225492540259624A2B
:104F7000D24A424BB24B4E85F24945618280DE24D3
:104F8000637BFB008397E40063877701A6854A85EE
:104F9000029AB3E9A90093848406C9B7828082800B
:104FA00082805971A2D42E848395E500A6D2CAD0FE
:104FB00086D6B284368963D205025E2493F7070849
:104FC0008DEB13070040B65026542320F90098C0FB
:104FD000065996540145656182803000ED25E34E07
:104FE00005FC3247BD67F98F7977BA9793B71700F9
:104FF000C9BF814713070004F9B7DE25797122D4B0
:1050000006D626D24AD04ECE898B2E8491CF9307D6
:1050100074041CC01CC885475CC8B250225492540A
:105020000259F2494561828074003000AA84EFF091
:105030005FF7A2492A892685CE85992219E9831727
:10504000C40013F7072071FBF19B93E727005EA4D0
:105050007DBF97070000938787D59CD45E2408C046
:1050600008C893E707085EA4B247232A340199CB06
:105070008315E4002685A52D11C55E24F19B93E7D9
:1050800017005EA45E2433E527014AA479B7D1CD89
:1050900083A7C5FF011122CC06CE1384C5FF63D3BD
:1050A00007003E942AC6452D1387C1AF1C433245E5
:1050B00081EB2322040000C36244F240056145A550
:1050C000637DF4001040B306C4006396D700944398
:1050D000DC43B29614C05CC0F9BF3E87DC4399C381
:1050E000E37DF4FE14433306D700631F86001040AF
:1050F000B29614C33306D700E390C7FC9043DC4359
:10510000B29614C35CC34DBF6375C400B1471CC1E4
:1051100065B71040B306C4006396D7009443DC43E0
:10512000B29614C05CC040C341BF828041114AC0E6
:10513000138981AF8327090022C426C206C6AA8428
:105140002E8489E781458D212320A900A28526850B
:10515000A1297D59631A25017D54B240228522443C
:105160009244024941018280130435007198E3069C
:1051700085FEB305A44026850529E31025FFE9BF78
:10518000011126CA93843500F1984AC8A104B14799
:1051900006CE22CC4EC62A89B3F4F40A63C40400B6
:1051A00063FDB400B1472320F9000145F240624499
:1051B000D2444249B24905618280712B9389C1AFC3
:1051C00083A709003E8421E8A6854A85EFF01FF6F3
:1051D000FD572A846317F50A03A40900A287C9EBC7
:1051E0008329040081454A85A2997D2E6395A908EB
:1051F0001C408D044A859D8CF198B147A104B3F4FD
:10520000F40AA685EFF09FF2FD576306F5061C40F1
:10521000A6971CC015A01440858E63C806042D47B0
:10522000637DD70204C0330794006396870223A0EE
:10523000E9005C4014C35CC34A8515231305B40020
:105240009307440061993307F540E301F5F63A947A
:10525000898F1CC0A1BFD8C3E9BF584063958700A0
:1052600023A0E900D1BFD8C3C1BFA2874040A1BFDE
:105270003E84DC43ADB7B1472320F9004A85C52100
:105280002DB704C155BF1C46FD171CC663DA0700C5
:10529000184E63C5E700A9476394F5006FF04FF41B
:1052A0001C422E851387170018C28CA3828001111F
:1052B00022CC26CA4AC84EC652C406CE2A89AE8916
:1052C0003284B304D6007D5A63149400014509A8C2
:1052D0000C204E864A85EFF01FFB0504E31645FFC0
:1052E000F2406244D2444249B249224A0561828076
:1052F000357122CD26CB4AC94EC706CF52C556C3FB
:105300005AC1DEDEE2DCAA892E843289B68409C560
:105310001C4D99E3EFF0FFAF97270000938787B606
:105320006318F40403A449007C50858B81EB5E2450
:1053300093F7072081E7284CEFF07FC65E24A18B0E
:1053400099C31C48A5E3A2854E85EFF02FF539C916
:105350007C50858BA1C37D55FA406A44DA444A49A2
:10536000BA492A4A9A4A0A4BF65B665C0D6182800A
:1053700097270000938707AF6315F40003A4890003
:1053800065B7972700009387E7ABE31FF4F803A402
:10539000C90059BF5E2493F70720D5FF284CEFF0D2
:1053A0003FC055BF93070002A304F1029307000317
:1053B00002D22305F10226C6930B5002972A000061
:1053C000938A4AAE294BCA849C2099C3639A770971
:1053D000338C2441638E2401E2864A86A2854E8561
:1053E000EFF0FFECFD576306F5189257E2973ED2B7
:1053F0009C2063800718FD571389140002C802CE51
:105400003ECA02CCA309010482D483450900154693
:1054100056853526C2479304190029E513F707017D
:1054200009C713070002A309E10413F7870009C79E
:105430001307B002A309E104834609001307A00281
:105440006389E602F247CA848146254698209385FF
:105450001400130707FD6372E60685C63ECE15A04D
:1054600085049DB733055541B397A72826893EC8C3
:1054700069BF324793064700184336C663480702A0
:105480003ACE98209307E002631CF7049830930704
:10549000A002631AF702B2478904138747009C43AE
:1054A0003AC67D57B3E7E70A3ECA1DA83307E04076
:1054B00093E727003ACE3EC8E9B7B3876703AE84C7
:1054C0008546BA9761B7850402CA81468147254659
:1054D000982093851400130707FD6372E606E9F62A
:1054E0008C200D46172500001305459C892C11CDF5
:1054F000972700009387879B1D8DC24713070004E1
:105500003317A700D98F85043EC88C20194617256C
:1055100000001305E599138914002304B102052442
:1055200035C99307000095E74247B2471377071044
:1055300009CF91073EC69257D2973ED269B5B3873D
:105540006703AE848546BA9761B79D07E19BA107C3
:10555000D5B77800970600009386A6D522860C085A
:105560004E8597000000E7000000FD572A8AE314EB
:10557000F5FC7C50858B81EB5E2493F7072081E757
:10558000284CEFF0FFA15E2493F70704E39507DCB6
:105590001255D9B3780097060000938686D12286EB
:1055A0000C084E85F124D1B7411122C42A842E85DE
:1055B00023A001B006C6EF002E8BFD576316F50041
:1055C00083A701B091C31CC0B24022444101828034
:1055D000411122C42E848395E50006C6012B634940
:1055E00005007C48AA977CC8B240224441018280D1
:1055F0005E249397C7485EA4C5BFDE25011122CC67
:1056000026CA4AC84EC606CE93F70710AA842E842F
:105610003289B68991C78395E50089460146DD2820
:105620005E248315E400F2409397C7485EA4624469
:10563000CE864A86B24942492685D24405611DA8D4
:10564000411122C42E848395E50006C6E1207D57D2
:105650005E246319E5009397C7485EA4B2402244D4
:10566000410182809397C72868C85EA4C5BF83950F
:10567000E5003DA0411122C42A842E85B2853686DC
:1056800023A001B006C6EFF01DFCFD576316F50020
:1056900083A701B091C31CC0B24022444101828063
:1056A000411122C42A842E8523A001B006C6A5215B
:1056B000FD576316F50083A701B091C31CC0B2402B
:1056C000224441018280411122C42A842E85B28560
:1056D00023A001B006C6B121FD576316F50083A7CC
:1056E00001B091C31CC0B2402244410182804111EB
:1056F00022C42A842E8523A001B006C60D29FD5799
:105700006316F50083A701B091C31CC0B2402244C8
:1057100041018280411122C42A842E85B2853686B9
:1057200023A001B006C61129FD576316F50083A713
:1057300001B091C31CC0B24022444101828093F564
:10574000F50F2A966314C500014582801C21E38E63
:10575000B7FE0505C5BF1385C1AE6FF05F84138525
:10576000C1AE6FF0FF83797156CA9C49BA8A9845D9
:1057700022D44AD04ECE52CC06D626D25AC85EC6C5
:10578000B3E7E70A1CC203C73504AA892E8432890D
:10579000368A19C385071CC21C4093F7070291C7BC
:1057A0008327090089072320F9000440998891E89C
:1057B000130B9401FD5B5C4403270900998F63CCB4
:1057C000F40483473404B336F0001C4093F7070217
:1057D000A5EB13063404D2854E85829AFD576303E8
:1057E000F5041C4011478144998B6399E700832796
:1057F000090044449D8C8147B3E4F40A1C441848D2
:105800006354F700998FBE94014969047D5B6398E6
:105810002405014509A885465A86D2854E85829A77
:10582000631E75017D55B250225492540259F249BB
:10583000624AD24A424BB24B456182808504A5BF81
:105840003307D40013060003A301C704034754041D
:1058500093871600A2978906A381E7049DBF85461A
:105860002286D2854E85829AE30E65FB050945B7EF
:10587000797122D44AD04ECE52CC06D626D256CA00
:105880005AC803C88501930780072A892E84B289E4
:10589000368A63E20703930720069386350463E1A3
:1058A0000703630C081C93078005171600001306F6
:1058B000A6606308F814930424042301040515A8C2
:1058C0009307D8F993F7F70F5546E366F6FE1716D8
:1058D00000001306E660B3C7C7209C43B2978287D7
:1058E0001C4393842504938647009C4314C323815F
:1058F000F504854775A290411C43137506089385EE
:10590000470029C19C430CC3584063DF071293052D
:10591000D002A301B40418C4635E0702B307F040C9
:1059200017160000130646592948B68433F70703B3
:10593000FD143297182398A03E87B3D70703E37767
:1059400007FF85A09C43137506040CC355DD939790
:1059500057605DBF6D9A10C0D1B790411C4313755D
:1059600006089385470001C50CC39C4331A01376FC
:1059700006040CC37DDA9E231307F00617160000F9
:10598000130686536310E80C2148A3010404584011
:1059900018C4E34C07F80C40ED990CC0D9F7B68455
:1059A00049F7A147631EF8001C40858B91CB5840F6
:1059B0001C4863C7E70093070003A38FF4FEFD14A0
:1059C000858E14C85287CE867000A2854A85EFF076
:1059D0009FD9FD5A631A550D7D55B25022549254E9
:1059E0000259F249624AD24A424B456182809C4147
:1059F00093E707029CC113088007171600001306DF
:105A0000E64CA30204050C401C4313F8050813855B
:105A100047006305080008C39C4339A013F8050438
:105A200008C3E30B08FE9E2313F7150001C793E597
:105A300005020CC099C3414889BF18401377F7FD90
:105A400018C0D5BF294891B7171600001306C646DF
:105A5000294835BF90411C43CC491378060813856B
:105A600047006306080008C39C438CC339A008C3E1
:105A7000137606049C4375DA8EA323280400B684AB
:105A800091B71C43D04181459386470014C384439A
:105A90002685EFF0DFCA01C5B30795405CC05C40C6
:105AA0001CC8A301040439BF14482686CE854A8544
:105AB000029AE30355F31C40898B85E74844B247BB
:105AC0003365F50A19BF85465686CE854A85029A02
:105AD000E30465F185045C443247998FE3C5F4FE25
:105AE000F1BF8144930A94017D5BF5B7411122C453
:105AF0002A842E85B285368623A001B006C6A12051
:105B0000FD576316F50083A701B091C31CC0B240D6
:105B10002244410182809307800523A0F1B07D5586
:105B200082809307800523A0F1B07D558280930782
:105B3000800523A0F1B0014582809307800523A052
:105B4000F1B07D5582809307800523A0F1B07D558B
:105B500082800000D0002D121E4B0FA4994ECEB5AE
:105B600031F40579F401FA00960064004B0032002C
:105B70001E001400000000000000000000000000F3
:105B80000000000000000000000000000000000015
:105B90000000000050617373636F64653A2530360E
:105BA000640A0000414E435320535643206E6F74E5
:105BB0002070726573656E74000000004E6F74692A
:105BC0006620737263206E6F7420666F756E64005A
:105BD00043434344206D697373696E67000000009E
:105BE000646973636F76657220636F6D706C657442
:105BF00065000000726573706F6E736520252378F1
:105C0000206572726F723A202523780A0000000026
:105C1000504859205570646174652025782E2E2EC9
:105C20000A0000007570646174653A202564202DB7
:105C300020706172616D733A2025642025642025EF
:105C4000640A00004552522E2E0000005061697215
:105C5000696E6720737461727465643A25640A0022
:105C600050616972696E6720737563636573730051
:105C700050616972696E67206661696C000000009E
:105C8000426F6E64696E672073756363657373003A
:105C9000426F6E642073617665207375636365730C
:105CA00073000000426F6E64207361766520666148
:105CB000696C65643A2025640A000000496E6974C5
:105CC00069616C697A65642E2E0000004469736313
:105CD0006F6E6E65637465642E2E20526561736FFE
:105CE0006E3A25780A000000416476657274697323
:105CF000696E672E2E000000436F6E6E65637469D7
:105D00006F6E206D61782E2E2E000000436F6E6E38
:105D10003A202564202D20706172616D733A202530
:105D2000642025642025640A00000000436F6E6E25
:105D300065637465642E2E00436F6E6E65637465D3
:105D400064204164766572746973696E672E2E00F3
:105D500057616974696E6720666F72206164766549
:105D600072746973696E672E2E0000004572726F3F
:105D7000722E2E004572726F722E2E25780A000048
:105D8000D2E6FDFFE4E6FDFFAAE7FDFF16E7FDFF13
:105D900098E7FDFFE4E7FDFF4572726F723A20431A
:105DA0006F6D6D616E6420494420776173206E6F62
:105DB00074207265636F676E697A6564206279200A
:105DC000746865204E6F74696669636174696F6E8B
:105DD0002050726F76696465722E00004572726F92
:105DE000723A20436F6D6D616E64206661696C6507
:105DF0006420746F20626520706172736564206F27
:105E00006E20746865204E6F746966696361746999
:105E10006F6E2050726F76696465722E000000000C
:105E20004572726F723A20506172616D657465726D
:105E300020646F6573206E6F7420726566657220D2
:105E4000746F20616E206578697374696E67206F66
:105E5000626A656374206F6E20746865204E6F748B
:105E6000696669636174696F6E2050726F766964E8
:105E700065722E004572726F723A20506572666FBD
:105E8000726D204E6F74696669636174696F6E200C
:105E9000416374696F6E204661696C6564206F6E42
:105EA00020746865204E6F74696669636174696FF8
:105EB0006E2050726F76696465722E0025733A20E9
:105EC00025730A0025733A20284E2F41290A000025
:105ED000446973706C6179204E616D65000000004B
:105EE0000A4E6F74696669636174696F6E000000C1
:105EF0004576656E743A2020202020202025730AE4
:105F00000000000043617465676F72792049443A6C
:105F10002025730A0000000043617465676F727981
:105F200020436E743A25750A000000005549443A32
:105F300020202020202020202025750A000000009D
:105F4000466C6167733A00002053696C656E74009B
:105F500020496D706F7274616E740000205072651C
:105F60002D6578697374696E6700000020506F7347
:105F7000697469766520416374696F6E0000000082
:105F8000204E6567617469766520416374696F6E40
:105F9000000000005265717565737420666F722091
:105FA00025733A0A000000004661696C656420723E
:105FB000657175657374696E672061747472696266
:105FC0007574657320666F72206120676976656EEF
:105FD0002061707020286572723A202564290A00B9
:105FE0004661696C65642072657175657374696E6C
:105FF00067206174747269627574657320666F726C
:106000002061206E6F74696669636174696F6E20C8
:10601000286572723A202564290A0000506572666C
:106020006F726D696E67204E656761746976652071
:10603000416374696F6E2E004661696C65642070FF
:106040006572666F726D696E6720616374696F6EE9
:1060500020286572723A202564290A00506572660C
:106060006F726D696E6720506F7369746976652011
:10607000416374696F6E2E00417070204964656ED3
:1060800074696669657200005469746C650000008B
:106090005375627469746C65000000004D6573731C
:1060A000616765004D6573736167652053697A6543
:1060B000000000004461746500000000506F7369C7
:1060C0007469766520416374696F6E204C61626506
:1060D0006C0000004E6567617469766520416374E9
:1060E000696F6E204C6162656C00000041646465FC
:1060F000640000004D6F646966696564000000001B
:1061000052656D6F766564004F74686572000000BB
:10611000496E636F6D696E672043616C6C000000AF
:106120004D69737365642043616C6C00566F6963DD
:1061300065204D61696C0000536F6369616C0000FC
:106140005363686564756C6500000000456D6169A6
:106150006C0000004E657773000000004865616CBC
:10616000746820416E64204669746E657373000024
:10617000427573696E65737320416E642046696E63
:10618000616E6365000000004C6F636174696F6E3F
:1061900000000000456E7465727461696E6D656E15
:1061A00074000000786002008860020090600200C5
:1061B0009C600200A4600200B4600200BC600200A7
:1061C000D4600200EC600200F46002000061020092
:1061D0000861020010610200206102002C610200CF
:1061E00038610200406102004C610200546102000B
:1061F0005C6102007061020088610200946102002B
:10620000EAE9FDFF38EAFDFF5AEAFDFF8AEAFDFFF1
:10621000C0EAFDFFD0EAFDFF20EBFDFFB8EBFDFF7C
:10622000BCE9FDFF537562736372696265204E6F4E
:1062300074696669636174696F6E20536F75726308
:1062400065206661696C656420286572722025642A
:10625000290A00004E6F74696669636174696F6E24
:1062600020536F7572636520737562736372696220
:10627000656400004461746120536F75726365202A
:106280007375627363726962656400007772697422
:1062900065206572726F723A202523780A0000002B
:1062A000A6EFFDFFC2EFFDFFDEEFFDFFFAEFFDFF02
:1062B00016F0FDFF32F0FDFF4EF0FDFFFE006578A9
:1062C000706572696D656E74616C00004D616E750C
:1062D0006661637475726572204E616D65000000C1
:1062E000536F667477617265205265766973696F62
:1062F0006E000000486172647761726520526576B5
:106300006973696F6E0000004669726D776172652E
:10631000205265766973696F6E000000536572697B
:10632000616C204E756D6265720000004D6F646592
:106330006C204E756D6265720000000016F2FDFF64
:106340002EF2FDFF52F2FDFF5CF2FDFF72F2FDFF47
:106350002A20000043483538355F424C455F4C49A0
:10636000425F56312E340000686561642066696CB6
:1063700065206572726F722E2E2E00004C494220ED
:10638000696E6974206572726F7220636F64653A1A
:10639000202578202E2E2E0A00000000021EFEFF6F
:1063A000821EFEFF821EFEFF561EFEFFA01DFEFF88
:1063B000A01DFEFFA01DFEFFA01DFEFFA01DFEFFF5
:1063C000601EFEFF781EFEFF9C20FEFFBC20FEFF2D
:1063D000581DFEFF581DFEFFC420FEFF581DFEFF86
:1063E000581DFEFF581DFEFF581DFEFFB020FEFF8A
:1063F0001821FEFF1E21FEFF581DFEFF581DFEFF47
:106400003E21FEFF4621FEFF4E21FEFF6421FEFFDE
:10641000581DFEFF581DFEFF581DFEFF581DFEFFB4
:10642000581DFEFF581DFEFF581DFEFF581DFEFFA4
:10643000581DFEFF581DFEFF581DFEFF581DFEFF94
:10644000581DFEFF581DFEFF581DFEFF581DFEFF84
:106450002A21FEFF3221FEFF7821FEFF581DFEFF9C
:10646000581DFEFF1620FEFF382EFEFFB22DFEFF48
:10647000302EFEFFAE2DFEFFB22DFEFF242EFEFFBE
:10648000B22DFEFFB22DFEFFB22DFEFFB22DFEFF9C
:10649000B22DFEFF3C2EFEFFB22DFEFF242EFEFF8E
:1064A0006034FEFF5634FEFF5C34FEFF7C34FEFF9A
:1064B0008034FEFF8434FEFF903BFEFF243CFEFF51
:1064C000543CFEFFDA3CFEFFBE3BFEFFBE3BFEFF40
:1064D000BE3BFEFFBE3BFEFFEA3CFEFFF23CFEFF82
:1064E000243DFEFF7C3EFEFFAC3EFEFF983EFEFFDD
:1064F000B63EFEFF9441FEFF3042FEFF3E42FEFFED
:106500004C42FEFF6442FEFF7442FEFF5C41FEFF10
:106510008242FEFF9642FEFFF845FEFF1246FEFF56
:106520008C46FEFF2246FEFF8C46FEFF8C46FEFF99
:106530008C46FEFF4446FEFF8C46FEFF8C46FEFF67
:106540008C46FEFF6846FEFF2A47FEFF1E47FEFF01
:106550002A47FEFF1A47FEFF2A47FEFF1A47FEFFA3
:106560002A47FEFF1A47FEFF2A47FEFF2247FEFF8B
:106570002A47FEFF1A47FEFF2A47FEFF2A47FEFF73
:106580001A47FEFF1A47FEFF1A47FEFF2647FEFF87
:106590002647FEFF1A47FEFF1A47FEFF1A47FEFF77
:1065A0002A47FEFF1A47FEFF2A47FEFFE86AFEFF62
:1065B000206BFEFF3C6BFEFF4A6BFEFF0077FEFF89
:1065C0008876FEFF3277FEFF8876FEFF3E77FEFF7D
:1065D0008876FEFFF877FEFF8876FEFF9278FEFF52
:1065E0008876FEFF9E78FEFF8876FEFFAA78FEFF83
:1065F0008876FEFF8876FEFF8876FEFFBA78FEFF7B
:106600008876FEFFD078FEFF06250200DCBE000083
:106610003A25020000CB0000AA250200D2CA0000E1
:1066200054260200A4CA0000DE26020006D500009F
:106630002827020006D500006027020068D4000069
:106640005426020058CA0000F8270200E4CC0000DB
:1066500000000000000000003228020088CD000089
:106660009628020054BF0000F29CFEFFF29CFEFF41
:10667000749DFEFF749DFEFF149DFEFF749DFEFF42
:10668000489DFEFF749DFEFF5C9DFEFF749DFEFF16
:10669000649DFEFF6C9DFEFF749DFEFF1C9DFEFF32
:1066A00001010201020101020101040406010401C9
:1066B00001010101040102010100000001010201C8
:1066C00002010102010204040601040101010101A9
:1066D0000404020104000000B2A9FEFFC6A9FEFFE7
:1066E00004AAFEFF1EABFEFF26ABFEFF66ABFEFF5D
:1066F0009EABFEFFD8ABFEFF0AACFEFFC0AAFEFFBA
:106700003EACFEFFAEACFEFF12B8FEFF12BEFEFFB7
:10671000BCBAFEFF1CBBFEFFF2BDFEFF2CBCFEFFA1
:106720006CBCFEFFA6BCFEFFDCBCFEFF16BDFEFF80
:1067300012BEFEFF58BDFEFFCABDFEFF00000000F6
:10674000000000000000000000000087070B0D1192
:1067500013171D1F25292B2F353B3D4347494F5309
:106760005961FF0034EEFEFFBAECFEFF40E8FEFF89
:10677000BAECFEFF34EEFEFFC6E8FEFF4416FFFF54
:106780003016FFFF2C16FFFF2C16FFFF2C16FFFF05
:106790002C16FFFF5216FFFF2C16FFFF5A16FFFFA5
:1067A0002C16FFFF2C16FFFF2C16FFFF7E16FFFF97
:1067B0002C16FFFF2C16FFFF2C16FFFF2C16FFFFD9
:1067C0008E16FFFFC225FFFFDC25FFFFDC25FFFF44
:1067D000E025FFFFDC25FFFF1626FFFFDC25FFFF7E
:1067E0003A26FFFFDC25FFFFDC25FFFFDC25FFFF4E
:1067F0004E26FFFFDC25FFFFDC25FFFF6226FFFFA3
:10680000DC25FFFFDC25FFFFDC25FFFFDC25FFFF8C
:10681000DC25FFFF7626FFFF948B0100409C0100E2
:106820003E8C0100949C01005C8C0100D28C010024
:10683000F88C0100328D0100BE9B01003E9B0100DF
:10684000568E01007A8E0100E08E01009E7C0100D0
:10685000B69A0100DA990100B49F01003E7D010063
:10686000728F0100BC8F0100609F0100029F010038
:10687000E68F010098910100FA92010072930100E5
:10688000367E010088A00100349801009493010035
:10689000CA9301008CA0010090A0010094A0010007
:1068A00098A00100C09D010006940100D094010051
:1068B0009CA00100B09F01007A950100FC970100A7
:1068C0002096010068AA0100C4A10100B8A001003F
:1068D000FEA70100D0A70100A4A701006AA701003C
:1068E0003EA701003CA8010040A801002EA3010022
:1068F00044A8010000A7010048A80100DEA601008D
:106900004CA801009EA601008EA6010058A6010019
:1069100050A8010038A6010054A8010058A80100A1
:106920005CA80100D6A50100BCA00100D0A0010018
:1069300060A8010064A8010068A801006CA801001B
:1069400070A801007CA5010006A5010074A8010043
:1069500078A801007CA8010080A801009EA4010085
:1069600034A8010038A801004AA2010062A1010078
:1069700000A10100D4A00100D04BFFFFEC4BFFFFB2
:10698000484BFFFF484BFFFF484BFFFF284CFFFFE2
:10699000284CFFFF484BFFFF484BFFFF484BFFFFD2
:1069A000484BFFFF344DFFFF484BFFFF484BFFFFB5
:1069B000484BFFFF484BFFFF484BFFFFB849FFFF25
:1069C000484BFFFF484BFFFF484BFFFF3A4DFFFF8F
:1069D000CE49FFFF484BFFFF3A4DFFFF484BFFFFFB
:1069E000484DFFFFD64BFFFFDC4AFFFFE24BFFFFA6
:1069F000DC4AFFFFDC4AFFFFDC4AFFFF224CFFFFBF
:106A0000DC4AFFFFDC4AFFFFDC4AFFFF7C4CFFFF54
:106A1000DC4AFFFFE24BFFFFDC4AFFFFDC4AFFFFDF
:106A20004A4CFFFFDC4AFFFFDC4AFFFFDC4AFFFF66
:106A30009C4CFFFFDC4AFFFFDC4AFFFF1049FFFFD1
:106A4000DC4AFFFFDC4AFFFFDC4AFFFFDC4AFFFFB6
:106A5000F84BFFFFDC4AFFFF1C4CFFFF4348353873
:106A6000355F424C455F4C49425F56312E342E34DF
:106A7000000000001073FFFF4E73FFFF6273FFFF03
:106A8000FA72FFFF6A73FFFF7273FFFF7873FFFFF5
:106A90007E73FFFF9698FFFFA898FFFFB298FFFF55
:106AA000B898FFFFBE98FFFFD498FFFFDC98FFFF68
:106AB000E298FFFFEA98FFFFF098FFFFF698FFFFCC
:106AC000FC98FFFF0299FFFF0E99FFFF1499FFFF4B
:106AD0001A99FFFF5C99FFFF2099FFFF2699FFFF9E
:106AE0002C99FFFF3299FFFF3E99FFFF5C99FFFF52
:106AF0005C99FFFF5C99FFFF5C99FFFF5C99FFFFCA
:106B00005C99FFFF5C99FFFF5C99FFFF4699FFFFCF
:106B10003899FFFF5C99FFFF4C99FFFF5699FFFFE3
:106B2000CA9EFFFFE29EFFFF0A9FFFFF209FFFFF1D
:106B3000349FFFFF529FFFFF709FFFFF809FFFFF6B
:106B40009C9FFFFFB29FFFFFD49FFFFFEA9FFFFFC5
:106B5000FE9FFFFF14A0FFFF28A0FFFF38A0FFFF4C
:106B600054A0FFFFF4A1FFFF08A2FFFF1EA2FFFF3A
:106B70003CA2FFFFA4A3FFFF7CA2FFFF76A0FFFFC4
:106B800092A2FFFFA2A2FFFFCEA0FFFFCEA0FFFFB9
:106B90008CA1FFFF96A1FFFFAAA2FFFF58A2FFFF53
:106BA000BAA2FFFF32A3FFFF74A3FFFFD0A5FFFF30
:106BB000A0A3FFFFA0A3FFFF2CA5FFFF18A4FFFFCA
:106BC0006AA3FFFFC8A5FFFFA0A3FFFFD8A4FFFF94
:106BD00062A5FFFFA0A3FFFFA0A3FFFFA0A3FFFFED
:106BE000A0A3FFFFA0A3FFFFA0A3FFFFA0A3FFFFA1
:106BF000A0A3FFFFA0A3FFFFA0A3FFFFDCA3FFFF55
:106C00004AA7FFFF08A8FFFFE2A7FFFF3EA8FFFF7C
:106C10003EA8FFFFCCA8FFFF0AA9FFFF08A8FFFFBF
:106C200008A8FFFF08A8FFFF08A8FFFF08A8FFFFAC
:106C300008A8FFFF08A8FFFF08A8FFFF08A8FFFF9C
:106C400008A8FFFF08A8FFFF08A8FFFF2AA9FFFF69
:106C50002AA9FFFF08A8FFFF08A8FFFF08A8FFFF59
:106C600008A8FFFF08A8FFFF08A8FFFF7CA9FFFFF7
:106C70007CA9FFFF90ADFFFF98ADFFFFB8ADFFFF10
:106C8000C4ADFFFFCCADFFFFD4ADFFFFDAADFFFF1A
:106C9000E2ADFFFFEAADFFFFF0ADFFFFF6ADFFFF96
:106CA000FEADFFFF04AEFFFF0AAEFFFF10AEFFFF19
:106CB00048AEFFFF48AEFFFF16AEFFFF1EAEFFFF60
:106CC00024AEFFFF2AAEFFFF30AEFFFF38AEFFFF5E
:106CD00042AEFFFF24AEFFFF40AEFFFF54AEFFFF0A
:106CE00040B0FFFF6CAEFFFFC0AEFFFFD4AEFFFFB2
:106CF000E8AEFFFFFEAEFFFF14AFFFFF24AFFFFFC4
:106D00003AAFFFFF40B0FFFF50AFFFFF40B0FFFFC3
:106D100040B0FFFF60AFFFFF82AFFFFFA4AFFFFFF8
:106D2000B6AFFFFFC2AFFFFFD4AFFFFF10B0FFFF52
:106D3000FB349B5F8000008000100000000000001A
:106D40000001020203030303040404040404040412
:106D500005050505050505050505050505050505E3
:106D600006060606060606060606060606060606C3
:106D700006060606060606060606060606060606B3
:106D80000707070707070707070707070707070793
:106D90000707070707070707070707070707070783
:106DA0000707070707070707070707070707070773
:106DB0000707070707070707070707070707070763
:106DC0000808080808080808080808080808080843
:106DD0000808080808080808080808080808080833
:106DE0000808080808080808080808080808080823
:106DF0000808080808080808080808080808080813
:106E00000808080808080808080808080808080802
:106E100008080808080808080808080808080808F2
:106E200008080808080808080808080808080808E2
:106E300008080808080808080808080808080808D2
:106E40000000000000000000000000000000000042
:106E50000000000000000000000000000000000032
:106E60000000000000000000000000000000000022
:106E70000000000000000000000000000000000012
:106E80000000000000000000000000000000000002
:106E900000000000000000000000000000000000F2
:106EA000232D302B20000000686C4C006566674580
:106EB00046470000303132333435363738394142B5
:106EC0004344454600000000303132333435363714
:106ED00038396162636465660000000004EAFFFF00
:106EE0001AEAFFFFDAE9FFFFDAE9FFFFDAE9FFFF5D
:106EF000DAE9FFFF1AEAFFFFDAE9FFFFDAE9FFFF4D
:106F0000DAE9FFFFDAE9FFFF78EBFFFF7EEAFFFF38
:106F100012EBFFFFDAE9FFFFDAE9FFFFA6EBFFFF65
:106F2000DAE9FFFF7EEAFFFFDAE9FFFFDAE9FFFFB8
:046F30001AEBFFFF5A
:106F3400443E000068430000000000002E440000AE
:106F44000000000034430000414E435300000000A1
:106F5400000000000000000000000000000000002D
:106F64000201051115D0002D121E4B0FA4994ECE0F
:106F7400B531F405790509414E4353000509414EE5
:106F84004353051206006400020A00009C470000F7
:106F9400EA4600009C460000BE51000000000000CC
:106FA4000000000002000000044100200400000072
:106FB4009840002002000000F84000200400000077
:106FC4005340002002000000C040002004000000E4
:106FD4003041002002000000F840002001000000C1
:106FE4005240002002000000BC40002001000000CC
:106FF4002C63020002000000F840002001000000A1
:107004005140002002000000B840002001000000B0
:107014001C63020002000000F84000200100000090
:107024005040002002000000B44000200100000095
:107034000863020002000000F84000200100000084
:107044004F40002002000000B0400020010000007A
:10705400F462020002000000F84000200100000079
:107064004E40002002000000AC400020010000005F
:10707400E062020002000000F8400020010000006D
:107084004D40002002000000A84000200100000044
:10709400CC62020002000000F84000200100000061
:1070A4004C40002002000000A44000200100000029
:1070B400BC62020002000000F84000200100000051
:1070C4004B40002002000000A0400020010000000E
:1070D40044400020C8A20000E4A300000000000017
:1070E40000000000B0C0000000000000020000002A
:1070F4000441002001000000744000200200000050
:10710400F84000200100000081400020020000003F
:10711400D040002000000000000000000200000039
:10712400F440002003000000000000000000000004
:10713400806E0200606E0200406E020000000000DB
:10714400000000000000000000000000000000003B
:10715400000000000000000000000000000000002B
:10716400000000000000000000000000000000001B
:10717400000000000000000000000000000000000B
:1071840000000000000000000000000000000000FB
:1071940010000000FEFF00000000000001D70700FF
:1071A40000100102020202020202020288640020AC
:1071B400C3812F0102020201020000005000A0005E
:1071C4000000E803020802020202000002000000BC
:1071D400084100200100FFFFFF200101010210050A
:1071E40001010000D43F00200000000000409F3F48
:1071F40002000000C4400020502A00002A2A000097
:10720400292A0000282A0000272A0000262A000034
:10721400252A0000242A0000232A00000A1800005E
:10722400020000000C410020052A0000882B000009
:10723400A62A0000C92A0000042A0000032A00002C
:10724400022A0000012A0000002A0000022900008E
:107254000328000002280000012800000028000084
:0C7264000118000000180000D43F0020BA
:00000001FF
