:040000006F30D07419
:100004000000000000000000A000002036040020D2
:10001400A9BDF9F3FC01002000000000000000006D
:10002400FC010020A00000200000000000000000EF
:10003400A000002000000000A0000020000000003C
:10004400A0000020A0000020A0000020A0000020AC
:10005400A0000020B4040020A00000200000000044
:10006400A0000020A0000020A0000020A00000208C
:1000740060050020A0000020A0000020A0000020B7
:10008400A0000020A0000020A0000020A00000206C
:10009400A0000020A0000020A0000020A00000205C
:1000A40001A0B7170040984B41111367070198CB83
:1000B400982B1377E70F98AB1307800873370780E3
:1000C400137787083AC60F100000130770052380C2
:1000D400E704130780FA2380E7040F100000B847F1
:1000E400B70600069506558FB8C703C7B70413773C
:1000F400F70DA385E704B82713672701B8A71307EB
:1001040050149AA7372700408346578093F6F60E7B
:10011400A302D7808946A303D78003C7E7041377D4
:10012400C70F136717002387E70403C7F702136792
:100134002700A387E702982B1367170098AB238047
:100144000704B247F3A707800F1000004101828023
:10015400EFF03FF513050020970500009385450A4D
:1001640017460000130686DE63FAC50083220500E5
:1001740023A0550011059105E3EAC5FE172502E009
:100184001305850A97450000938545DC138681860F
:1001940063FAC5008322050023A0550011059105CB
:1001A400E3EAC5FE138581869765000093850530D3
:1001B4006377B500232005001105E36DB5FE9302B6
:1001C4005002739002BC8D427390428085427390BA
:1001D40012BC93028008739002309702000093824D
:1001E40062E293E2320073905230975200E09382BD
:0C01F40082197390123473002030000058
:100200009305000273A04580824573901534924097
:100210002242B2424243D2436244F24402559255D2
:100220002256B2564257D2576258F258064996495A
:10023000264AB64A464BD64B664CF64C065D965D52
:10024000265EB65E465FD65F0961730020304111BD
:10025000B7170040985F3AC6945F3247E39CE6FECA
:10026000324541018280B7F70700DC53411123A4D6
:10027000F186B7170040984B1367070198CB982B6E
:100280001377E70F98AB130780087337078013774E
:1002900087083AC60F100000130770052380E70493
:1002A000130780FA2380E7040F1000001307000CE7
:1002B0006315E5029A271367070C9AA7B717004042
:1002C000982B1367170098AB23800704B247F3A756
:1002D00007800F10000041018280B8279376052027
:1002E000ADCA118B29E303C7E70403C6E7041377FC
:1002F000F70F136636002387C704B027136646003E
:10030000B0A792278E273346060893E5050C8EA7E3
:10031000A5470100FD1793F7F70FE5FFB71700405A
:1003200092A72387E70493770510DDC337170040B2
:100330003C2793E707013CA79377F50199EFB7278F
:10034000004003C7578013670701A382E7801D475A
:100350000DA013672700B8A7F9B725476366F70410
:10036000B727004003C757801377F70EA382E780B3
:100370000547A383E78033450508B7170040136797
:10038000050C9AA78AA7B5CE03C7570483C657049E
:10039000418B858A558F1DF3B82B418B05D3B82728
:1003A0001377D70FB8A719BF9377050199EBB72734
:1003B000004003C757801377F70EA382E7800947F1
:1003C0004DBFB727004003C757801377F70EB5BF5F
:1003D0009377850181EFB727004003C757801377D4
:1003E000F70EA382E7801307100561B7B727004017
:1003F00003C757801377F70EA382E78013077005B2
:100400008DBFB8271377B70F71BF37E700E01C43E4
:100410005443A183E206D58F1CC1FD572320F71852
:100420002322F718828013178500B7E700E023A086
:10043000E710618123A2A710828041118146014605
:1004400081451145F52A13078008F337078093F794
:1004500087083EC40F100000B71700401306700550
:100460002380C704930680FA2380D7040F1000006E
:10047000FD55CEB723800704A245F3A505800F10D4
:10048000000073370780137787083AC60F10000003
:100490002380C7042380D7040F10000003C767041C
:1004A000136717002383E70423800704B247F3A7E9
:1004B00007800F10000001A0197106C212C416C6F1
:1004C0001AC81ECA22CC26CE2AD02ED232D436D674
:1004D0003AD83EDA42DC46DECAC0CEC2D2C4D6C664
:1004E000DAC8DECAE2CCE6CEEAD0EED2F2D4F6D654
:1004F000FAD8FEDA9385C1868841E700050092406C
:100500002242B2424243D2436244F24402559255DF
:100510002256B2564257D2576258F2580649964967
:10052000264AB64A464BD64B664CF64C065D965D5F
:10053000265EB65E465FD65F0961730020304111CA
:10054000B7170040985F3AC6945F3247E39CE6FED7
:10055000324541018280B7E700E03707001023A051
:10056000E7208280B7170040130700032388E702C3
:10057000854723AAF18673002030411106C6EF009B
:10058000701CF5BF2303048015472303E48001009A
:100590002302A480828083076480E3CE07FE2303C6
:1005A0000480828083076480E3CE07FE0345448095
:1005B000828083076480E3CE07FE2302A4808280CA
:1005C000411126C44AC24EC006C61377F50BAD478B
:1005D000AA892E8995446306F70019456537653F5A
:1005E0008D444E854537FD59FD1463983401B24062
:1005F000A2441249824941018280135509011375B1
:10060000F50F453F2209CDB7011126CC06CEB70420
:10061000080051371545BD37713769372AC6A53FE0
:1006200032459377150089EB136515001375F50FA7
:10063000F240E24405618280FD14E9FC0145CDBF32
:100640003971B7F7070006DE26DC4ADA4ED852D6F3
:1006500056D45AD25ED062CE03AB47027D57B7E77D
:1006600000E083AA070022C603AA470023A0E718D8
:1006700023A2E718B71B0040930770052380FB04F3
:10068000930780FA2380FB0483C74B041147AA8990
:1006900093E7070E2382FB04372400401305F00F75
:1006A0002303E4802E8C3289B684E93DED359387AF
:1006B00079FF93F7F70F0947137BFB006362F7128B
:1006C000A147370708006307FB00B70707003E9CF8
:1006D000378707007955637EEC02B3878401636A2C
:1006E000F702A9476398F90689E481446D352685A8
:1006F0000DA0E2850945E93505090345F9FFFD141B
:10070000050C453D81C49377FC0FFDF7F53D69FD70
:100710007D55B7170040130770052380E7041307C2
:1007200080FA2380E70403C74704418B2382E70450
:10073000F250B7E700E023A0571123A24711E2547B
:1007400032445259C259325AA25A125B825B724CDD
:1007500021618280A547639AF906A1478569631DD7
:10076000FB029387F9FFB3869700B374FC00B6943D
:1007700093C7F7FFFD8C33FC8701416B856B938733
:10078000F9FFB3F7870199E363FF340193D9490077
:10079000C147E3E637FF91BF9307F00FE9B78567DD
:1007A000C169FD17C9B71305800D63886901130579
:1007B00000026384790113051008E2851135A9351B
:1007C00021D94E9CB3843441C1B7E2852D45CD3B40
:1007D000CA94E30C99F00509F133A30FA9FED5BF24
:1007E0009387F9FF93F7F70F636FF70AA147631930
:1007F000FB06B70708003E9C83C75B04370707006A
:1008000093F7070299E337870700B70708003E9779
:100810007955E370ECF0B3079C00E36CF7EE894781
:10082000639AF9048980D549E38104ECE28509459E
:10083000413B11090327C9FF91472320E4800307A7
:100840006480E34E07FE23033481FD17EDFBFD14A6
:10085000110C81C49377FC0FE9FF7D3371F54DBD19
:1008600083C75B043707070093F70702D5F3378781
:10087000070079BF8547E384F9F2E2852D45893386
:100880009389F4FFE38304E6313B93F7390091EB5E
:10089000832604800327090093074900E398E6E4D0
:1008A0003E89CE84F1BFB5476396F9001305900BDE
:1008B000D13925BDB1471305B00AE38BF9FE99473D
:1008C0006394F904A1476315FB00B70708003E9C39
:1008D000E2852D45F53181440D4BA149E131639607
:1008E0006401832704802320F9008504E39834FF02
:1008F0008327048013172C01635507002312F90086
:10090000EDB32322F900D5B39D476399F9028145E0
:100910001305B0047531BD442320090023220900CA
:10092000FD59493193F77400CA9703C70700FD14B6
:10093000398D2380A700E39634FF45BB9147639927
:10094000F900130560063D39B931130590098DB7DB
:10095000E38D09D8F15459BB23AC05FE1C4199E342
:100960000CC182803E8783A787FFEDFF232CB7FE53
:100970008280411126C2B7E400E04AC003A9040006
:10098000B707200006C622C43379F90023A0F41863
:100990000F10000009E523A02411014535A095653D
:1009A000938505D0C98D2A842105B3C50508334533
:1009B0000508EF10303865D1FD572320050042A10E
:1009C0007CA123A024112105B24022449244024973
:1009D000410182804111B7E700E04AC003A9070046
:1009E00026C23707200006C622C4AA843379E9004C
:1009F00023A0E7180F10000083A7C1870144014618
:100A000085E301C8A2851385C187975000E0E78080
:100A1000609DA1652685975000E0E78000EE0DA05F
:100A200003C7E7FF6319970205CCA2851385C18729
:100A3000975000E0E780009BA1652685EF20201FEE
:100A4000B24022852244B7E700E023A02711924458
:100A500002494101828011E03E8683A787FF4DB79E
:100A60003E84E5BF37E700E01C43B70620002320A3
:100A7000D718F58F0F10000019C191C111E637E7A3
:100A800000E02320F71082802E960F70B650D5BF5D
:100A900037E700E01C43B70620002320D718F58F66
:100AA0000F10000019C1014785E137E700E023205E
:100AB000F7108280B386E50003A80600B306E500C0
:100AC0007D1623A00601110775F6C5B737E700E0CC
:100AD0001C43B70620002320D718F58F0F10000005
:100AE00001C53307C50011E637E700E02320F71002
:100AF00082800505A30FB5FEE31DE5FEF5B7B7E659
:100B000000E09C42370620002A87F18F23A0C618F8
:100B10000F1000000145B306A7008386060091E68A
:100B200037E700E02320F71082800505EDB70111BB
:100B3000B7E700E026CA84434AC83707200006CE3C
:100B400022CC2A892E86F98C23A0E7180F100000EA
:100B50009305F00432C633450608EF10B01D2A8411
:100B600001C53246CA85FD3DF24022856244B7E7A1
:100B700000E023A097104249D2440561828037E704
:100B800000E01C43B70620002320D718F58F0F1074
:100B9000000001C599C1014711EA37E700E02320B1
:100BA000F710054582800507E309E6FE3308E500F6
:100BB000B386E500034808009422E306D8FE37E731
:100BC00000E02320F7100145828037E700E01C4356
:100BD000B70620002320D718F58F0F100000130749
:100BE000F6FFBA952A966317C50037E700E0232081
:100BF000F71082809821FD150505A30FE5FEE5B7E6
:100C000037E700E01C43B70620002320D718F58FF4
:100C10000F10000001C53307C50019E637E700E0F3
:100C20002320F7100145828014210505E398B6FEC4
:100C3000E31CE5FE37E700E02320F710054582803E
:100C4000797126D29384418922D4804006D64AD035
:100C50004ECE52CC56CA5AC85EC662C44DC437C9BD
:100C6000C901814B138BC1881309F937175A00004A
:100C7000130A8A22975A0000938A8A1F9759000004
:100C8000938989263E2099EF5C44639A0B009CC0AF
:100C9000032CC4002285EF105016628489A823A675
:100CA000FB00FDB783270B0082971C443307F540F8
:100CB0006376F50003A789001D8F2A976368E9060C
:100CC0002E200820EF10B0765C405844A9CB0C448D
:100CD000175600000326C621AE97BE8663E4B70010
:100CE00063E4C700B386C74014C4A28B3A8459F8A2
:100CF000175700000327C718894763E6E70097578F
:100D0000000023AF0716B250225492540259F24900
:100D1000624AD24A424BB24B224C45618280639474
:100D20000B0098C0B5B723A6EB009DB703274A0276
:100D30001DCB63EDA7023385A7401C2099EF034725
:100D40009A0183A689006117B307A7003E8563E473
:100D5000E70063E4D7003385D74083A70A016374B3
:100D6000F50023A8AA00A28B404451B703A789002D
:100D7000BA97D1B7011126CA06CE975400009384C2
:100D8000A41622CC4AC84EC652C49C288844D9CF47
:100D9000B7E700E003A907003707200023A0E71802
:100DA0003379E9000F10000003C7418819CB23A055
:100DB0002711F2406244D2444249B249224A0561B5
:100DC0008280175700001307A72D8357C70AA1CBAE
:100DD0009C440324870A6304F40497590000938910
:100DE000290903A709012285630BF702138AC18829
:100DF00083270A0082976368A40C83270A00098C62
:100E0000829783A7090198443354F40AB307A400D6
:100E10003E8563E4870063E4E7003385E740B7E796
:100E200000E023A027119C44639BA70217540000F5
:100E300013040404184883A7C1886319A70882977C
:100E40009444374736FE130707C83697B307A70001
:100E50003E8563E4E70063E4D7003385D740175449
:100E600000001304E4465C5C89CB83A6C1969C46D3
:100E70003707CDFF7D17F98F9CC611E18844854760
:100E80005CD09757000083A76703829715E15C5CED
:100E900099CF5C5089CF976001E0E780E04C976084
:100EA00001E0E78080D09757000023A50744493B25
:100EB0005C5CE38007F003A7C1961C47B7063300CC
:100EC000D58F1CC7FDB59C443E9405BF829714483E
:100ED0009844B387A6003E8563E4D700E3E1E7F8D2
:100EE0003385E740ADBF23A0A18801C58547238294
:100EF000F1888280AA8799E5175700000347C7FF4A
:100F000009C7D5B711476369B70017570000130722
:100F100067FCB3C5E5209CC1828083A7018881CF8F
:100F2000411106C6829783C7418899E323A00188AF
:100F3000B2404101828083C7418881E723A00188B4
:100F400082808280411122C426C206C64AC09754BC
:100F500000009384E43783C734021754000013045D
:100F600064F7B9C317540000130484F0138981890E
:100F7000032709001C2014300146B3A5E7208E2169
:100F8000B5C911C21CA00820636DD5069757000093
:100F9000238007EE83A7C188D5E7B240224492445C
:100FA00002494101828082971C40F5FF975700005B
:100FB00083C787F485E3DC48858B89CFD84C994774
:100FC000631EF7009757000023AE0730EF10A019FB
:100FD0005C4482971C44D9D7829769B7D84C9D4707
:100FE000E31AF7FE9757000023AE072EEF10A01765
:100FF0001C48C5B7850793F7F70F0546E3EFD7F60B
:1010000051B73327E5200E232310070023930188CF
:1010100083A70189B347F5209C4382971C20832630
:10102000090003D761883377E540B3A6D720922221
:10103000518F9AA299C385071CA018201C30E36E1B
:10104000F7F4A9B79757000083A787EA1CC8CD3EDD
:1010500083C73402B9F383C7140299CBDC4C89EB04
:1010600097570000A3860728976001E0E78040D0EB
:101070009757000083A787E48DD31C4899DF183069
:1010800083260900814763C7E702D84C9147E3E60E
:10109000E7F09757000083C727FF918BE39F07EE88
:1010A00083C74188E39B07EE2244B2409244024941
:1010B0004101C9B133A6D7201222E31006EE8507FD
:1010C000D9B7B7C700401387C720144313962649E2
:1010D00010C30100010093878726175500000325E0
:1010E000E5DA9C436A0514C393C7F7FF99835D8DC6
:1010F000828023A0A18A8280411122C4175400005B
:101100001304041D1C4426C206C6858B9754000098
:1011100083A444FF91EBEF20D0472244B2402685C0
:10112000924441016F10904398289757000023A5DF
:10113000071A8947E301F7FE01469305500201456E
:10114000EF10A0328145170501E01305A5135D33AB
:10115000014681450545EF10E0175C44858BC5DFEE
:10116000B24022449244410182809757000083A7F5
:1011700027FD639B0716011122CC2A84094506CE60
:1011800026CA4AC84EC6EF2070489389C19503A667
:101190000900930780071389C1947CD223820188B8
:1011A000832709009384C196B7053300D857228559
:1011B000719B13671700D8D798431377F7CF98C35D
:1011C00098431377F7CF1367072098C398401447C5
:1011D000CD8E14C7B70603009386862534CA5457AC
:1011E000F59A54D798433424137707F893F6F60703
:1011F000558F98C3EF10B04D83A6090037050082C4
:101200007D15DC4293E71700DCC2032609000307C3
:1012100084065C569375F703E605E98FCD8F5CD69F
:101220009305A0039C4063D5E508F84FB705000778
:101230004D8FF8CFB7C7898E938767ED1CC6B75718
:101240005500938757555CC28347A40683444406E0
:10125000DD8C894717570000232AF70897570000AD
:1012600023AE07067C44BCDE9757000083C7C7C87F
:1012700099C7FC52FDFF9757000023AF07041828B9
:101280009D478145172500001305E5036306F70018
:1012900017050000130585E6B13910386244F240A5
:1012A0004249B249A685D244014505616F108002CA
:1012B0009305200263DAE500F84FB70500F9FD1544
:1012C0006D8FB7050005ADB7B70500F96945FD1588
:1012D0006357E500F84F6D8FB705000391BFF84FD6
:1012E0006D8F13178729B1B78280975700009387B6
:1012F00027DBE853054754256390E60203C74707F9
:101300009147631AF700011106CE2AC6EF1010218B
:101310003245F240056191BD828039C901116C00EE
:1013200022CC06CE2A84EF20A07415C9FD57630D88
:10133000F502B2479755000083C595B763EBB70038
:10134000034594026244F240B385B74005616F10D3
:101350007012175700000327A7B9BA97D5B7624490
:10136000F24005616F204035F240624405618280A1
:101370008280797152CC175A0000130A6AD226D2A1
:1013800083244A0906D622D44AD04ECEDDC49757CC
:1013900000009387E7F3D44F15476383E604DC53DB
:1013A0002A8989CF976001E0E78000FC975001E02F
:1013B000E780A07F9757000023AE07F2FD596C002D
:1013C0002685EF20E06A15E5172500001305052F97
:1013D000193E83A7C1953707100098C70547B8DBAA
:1013E0000D45B250225492540259F249624A456165
:1013F0008280637435013244AA898440E9F0FD5744
:101400001305F00FE38FF9FC914763F1870293070F
:10141000B4FF2320F9002324FA0A99E79757000024
:1014200083A707AD2320F900014565BF975700004A
:1014300083A707ACED17A297E9BF09455DB779719E
:1014400026D206D622D44AD04ECE52CC56CA5AC83C
:101450005EC68347550303447513AA843E941374F0
:10146000F40F9307400263F687001304B4FD13746E
:10147000F40F03A9841383A9C413A38B84122286B7
:101480004A85CE8597F001E0E780208E058915E535
:1014900003CBD412014A814A337B6403930B50027D
:1014A00052864A85CE8597F001E0E780008C058959
:1014B0000DC563916A031374FA0F238B8412B25023
:1014C000225492540259F249624AD24A424BB24BD8
:1014D00045618280850A939A4A60050AE3127AFD83
:1014E000E9BF8327850903560504797193D607015F
:1014F000BD8EB3C60608358E93575640898B135759
:1015000076485D8F93573640918B5D8F9357164089
:10151000A18B5D8F93171600C18B5D8F93173600DB
:1015200093F707025D8F9317560093F707045D8FBB
:101530009317760093F7F70F22D45D8F2A84935781
:10154000D6001355B6001189898B93558600C98F33
:101550001355F6002582C98F218AD18F1396150065
:10156000418AD18F1396350013760602D18F1396D8
:10157000550013760604D18F139675001376F60F77
:10158000D18FA207C5455D8F3307B70226D24AD057
:101590004ECE032984138329C4135AC806D652CCCD
:1015A00056CA36973347070813565740098A935748
:1015B0007748D18F13563740118AD18F1356174071
:1015C000218AD18F13161700418AD18F1316370045
:1015D00013760602D18F1316570013760604D18FA7
:1015E000131677001376F60FD18F1358B7001356E2
:1015F000D70013784800098A13558700336606011F
:101600001358F700258333660601218B518F13167B
:101610001500418A518F1316350013760602518F3B
:101620001316550013760604518F131675001376A2
:10163000F60F518F2207D98FB387B7025EC6B697D0
:10164000B3C7070813D55740098913D77748498F7F
:1016500013D537401189498F13D517402189498FF8
:10166000139517004189498F1395370013750502AB
:10167000498F1395570013750504498F139577000B
:101680001375F50F598D13D8B70013D7D7001378FA
:101690004800098B13D687003367070113D8F7007A
:1016A000A58333670701A18BD98F13171600418BD0
:1016B000D98F1317360013770702D98F13175600E7
:1016C000137707041E06D98F1376F60FD18FA20762
:1016D0003367F5003307B702130650024A85CE85FB
:1016E0003697B98EB3C4060833F6C402137BF60FDF
:1016F00097E001E0E7806067058905E9834AD41235
:10170000014A930B5002B38A9A02814493DA0A0188
:1017100026864A85CE8597E001E0E7800065058949
:101720000DC563914A0313FBF40F230B6413B250EE
:10173000225492540259F249624AD24A424BB24B65
:1017400045618280050A137AFA0F8504E39274FDDD
:10175000E9BF8327C50803568508797193D6070129
:10176000BD8EB3C60608358E93575640898B1357E6
:1017700076485D8F93573640918B5D8F9357164017
:10178000A18B5D8F93171600C18B5D8F9317360069
:1017900093F707025D8F9317560093F707045D8F49
:1017A0009317760093F7F70F22D45D8F2A8493570F
:1017B000D6001355B6001189898B93558600C98FC1
:1017C0001355F6002582C98F218AD18F13961500F3
:1017D000418AD18F1396350013760602D18F139666
:1017E000550013760604D18F139675001376F60F05
:1017F000D18FA207C5455D8F3307B70226D24AD0E5
:101800004ECE0329040A8329440A5AC806D652CC6C
:1018100056CA36973347070813565740098A9357D5
:101820007748D18F13563740118AD18F13561740FE
:10183000218AD18F13161700418AD18F13163700D2
:1018400013760602D18F1316570013760604D18F34
:10185000131677001376F60FD18F1358B70013566F
:10186000D70013784800098A1355870033660601AC
:101870001358F700258333660601218B518F131609
:101880001500418A518F1316350013760602518FC9
:101890001316550013760604518F13167500137630
:1018A000F60F518F2207D98FB387B7025EC6B6975E
:1018B000B3C7070813D55740098913D77748498F0D
:1018C00013D537401189498F13D517402189498F86
:1018D000139517004189498F139537001375050239
:1018E000498F1395570013750504498F1395770099
:1018F0001375F50F598D13D8B70013D7D700137888
:101900004800098B13D687003367070113D8F70007
:10191000A58333670701A18BD98F13171600418B5D
:10192000D98F1317360013770702D98F1317560074
:10193000137707041E06D98F1376F60FD18FA207EF
:101940003367F5003307B702130650024A85CE8588
:101950003697B98EB3C4060833F6C402137BF60F6C
:1019600097E001E0E7806040058905E9834A1408B3
:10197000014A930B5002B38A9A02814493DA0A0116
:1019800026864A85CE8597E001E0E780003E0589FE
:101990000DC563914A0313FBF40F230F6407B25084
:1019A000225492540259F249624AD24A424BB24BF3
:1019B00045618280050A137AFA0F8504E39274FD6B
:1019C000E9BF8327450903568508797193D6070136
:1019D000BD8EB3C60608358E93575640898B135774
:1019E00076485D8F93573640918B5D8F93571640A5
:1019F000A18B5D8F93171600C18B5D8F93173600F7
:101A000093F707025D8F9317560093F707045D8FD6
:101A10009317760093F7F70F22D45D8F2A8493579C
:101A2000D6001355B6001189898B93558600C98F4E
:101A30001355F6002582C98F218AD18F1396150080
:101A4000418AD18F1396350013760602D18F1396F3
:101A5000550013760604D18F139675001376F60F92
:101A6000D18FA207C5455D8F3307B70226D24AD072
:101A70004ECE0329040B8329440B5AC806D652CCF8
:101A800056CA36973347070813565740098A935763
:101A90007748D18F13563740118AD18F135617408C
:101AA000218AD18F13161700418AD18F1316370060
:101AB00013760602D18F1316570013760604D18FC2
:101AC000131677001376F60FD18F1358B7001356FD
:101AD000D70013784800098A13558700336606013A
:101AE0001358F700258333660601218B518F131697
:101AF0001500418A518F1316350013760602518F57
:101B00001316550013760604518F131675001376BD
:101B1000F60F518F2207D98FB387B7025EC6B697EB
:101B2000B3C7070813D55740098913D77748498F9A
:101B300013D537401189498F13D517402189498F13
:101B4000139517004189498F1395370013750502C6
:101B5000498F1395570013750504498F1395770026
:101B60001375F50F598D13D8B70013D7D700137815
:101B70004800098B13D687003367070113D8F70095
:101B8000A58333670701A18BD98F13171600418BEB
:101B9000D98F1317360013770702D98F1317560002
:101BA000137707041E06D98F1376F60FD18FA2077D
:101BB0003367F5003307B702130650024A85CE8516
:101BC0003697B98EB3C4060833F6C402137BF60FFA
:101BD00097E001E0E7806019058905E9834AF40888
:101BE000014A930B5002B38A9A02814493DA0A01A4
:101BF00026864A85CE8597E001E0E78000170589B3
:101C00000DC563914A0313FBF40F230F6407B25011
:101C1000225492540259F249624AD24A424BB24B80
:101C200045618280050A137AFA0F8504E39274FDF8
:101C3000E9BF797122D426D22E84AA844146970521
:101C400002E09385E5B70A8506D6972000E0E78095
:101C500080344146970502E0938585B608089720B1
:101C600000E0E78040333C3010088A85DC875C2048
:101C700026855C875C30DC86975001E0E78000D8E1
:101C80000347F1011C200145631EF7000347E101F2
:101C90001C3001456318F7000345D1013C201D8D20
:101CA00013351500B25022549254456182800111BF
:101CB00022CC26CA4AC84EC606CEAA8417440000C3
:101CC0000324444A13092500854905C09C30383057
:101CD000858B6304F700405CCDBF19469305440033
:101CE0004A85EFE0DFE9E31835FFF24022856244E0
:101CF000D2444249B24905618280411122C426C2C0
:101D00004AC006C6174400000324C44593042500B6
:101D1000054901E8B240228522449244024941012A
:101D20008280A6851305A4022937E30525FF405CC0
:101D3000CDB7411122C426C24AC006C617440000CE
:101D40000324444293042500054901E8B24022855A
:101D500022449244024941018280A6851305A401D0
:101D6000C93DE30525FF405CCDB7011126CA64419A
:101D700022CC4AC84EC652C406CE2A841D499309B5
:101D80006505054A3C4463E4F4000545A1A05834C8
:101D9000DC2063192705034784026304F7008440AD
:101DA000D5B7D83083475405E31BF7FE1946930592
:101DB000640513856400EFE09FDC8547E311F5FEC1
:101DC000D82483479402E31CF7FCFA243E34E3183A
:101DD000F7FC0145F2406244D2444249B249224AEA
:101DE00005618280E31DF7FAD83083475405E31874
:101DF000F7FA1946CE8513856400EFE05FD8E3104B
:101E000045FBC1BF411122C406C626C24AC01744C1
:101E10000000032464305DC48347840B1307700AF9
:101E20006391E7080347140E8347A40B174900008A
:101E30001309890B83268900B387E7020357C9007A
:101E4000B387E7021307003293870719B3D7E70276
:101E50000327440A3E97BA846364F7006364D7009B
:101E6000B304D74083A7C18804C18297B387A44035
:101E700063F5A40003278900BA9785CB0347140EA6
:101E80009306204E3307D70263F1E702930780FAE7
:101E9000230CF40A0145B240224492440249410114
:101EA00082801307800A639CE700174501E0130551
:101EB00065F8EFF04F8383A7C1950947F8D713055D
:101EC000F00FD1BF0545C1BF011122CC26CA06CEF5
:101ED0002AC42EC61744000003244428854419E070
:101EE00001450DA09C841830858B6304F7000044E5
:101EF000FDB719469305A10013052400EFE03FC884
:101F0000E31795FEF2406244D244056182800000EE
:101F1000EFF0AF8073000000000000009382418862
:101F20000383020023800200630F0300F3251034B3
:101F30002EC0970500009385E5FD73901534EF00E2
:101F4000405B7300203086DCEF00A05AE6508280B0
:101F5000000041114AC01389C1940327090026C219
:101F600006C61C5F22C49384819493D76748B5CF7B
:101F7000930700061CDF1744000013046435184C57
:101F8000930700086317F7009C409C4393F70704EE
:101F90001CCC1C4093F7070489CB83A7C188829788
:101FA00048D81C4093F7F7FB1CC01C4093F707026E
:101FB00089CF1C4003A7C195B706080093F7F7FD2A
:101FC0001CC05C5414C786077CD71C4893F70704D1
:101FD00089EF85475CC83707020083A7C19598C77A
:101FE0001307000C18C81854F8D383270900985F0A
:101FF0001357474811CF985F1367070198DF83A7EE
:10200000C19523A20706854717470000232AF72C0E
:102010009C40D8431357174819C7D843759BD8C35A
:10202000D843799BD8C3B24022449244024941012B
:102030008280053773002030974700009387472937
:102040003707040088DB698F01CF03A7C195FD56D0
:1020500034D7974600009386A6E1D84E0507D8CE20
:102060001377850019CF984783A6C194136717008B
:1020700098C71307000898CBD856719B13671700B1
:10208000D8D61377150001CFD84383A6C194136720
:102090001700D8C3D856719B13671700D8D613778B
:1020A000650019CF1377450059C39843136717008C
:1020B00098C383A6C194D856719B13671700D8D6CE
:1020C0004167698F0DC39746000083C6A604C18A85
:1020D000174700001307C7FCA5C28346470793E6CE
:1020E0000602230AD70637070200698F01CF984BF3
:1020F0001377070819C3054798CB83A7C1953707FE
:10210000020098C7B70708007D8D0DC11747000072
:1021100003475700058B97470000938767F81DCB4F
:1021200003C7570713672700A38AE7068280D847AB
:1021300013671700D8C7B5BF834647070946BD8A4E
:102140006388C600834647070D46BD8AE39DC6F8EF
:10215000914641BF03C75707118B69DB03C7570778
:1021600013678700D1B783A6C195174700001307EF
:1021700027161C43858B91E75C43858B99E3FC52C2
:10218000EDFB9747000023AF071482809386C1942C
:102190002A8788421C5D93D75748D1E781C51C59CF
:1021A000BD839CA115C69C42945BC60693D766016D
:1021B00063D6060093E707C0B3C707088316060077
:1021C00093975760B9C6BE968947B3C6F60216A262
:1021D00083A7C195BC4B083393D757488DCF29C5EA
:1021E0009746000083A6461093F6060493079500D1
:1021F00009459DCABA979C230547194593F6F706EA
:102200006394E60201459397476063DF0700394511
:1022100082801EA275BF2A9748331375F5077D1576
:102220003335A00082800545828083A7419599CBF4
:10223000944BD04B9842518F98C294439C479842FC
:10224000D98F9CC21386C1950548184283A6C194B4
:10225000974700009387C7076312050503A8060088
:102260001368080823A0060183C62702B3C5D5203A
:1022700054479385A50C13981649232607010F1080
:102280000000184237060200860510C71306000832
:1022900090CB6CD354C72388A19482808842137555
:1022A000F5F788C283C62702B3E5D5205447938546
:1022B000E50E1395164948C70F100000184237065F
:1022C0000200860510C71306000890CB6CD354C7D4
:1022D0000945D1B7411122C4AA8706C626C22E8558
:1022E0001384C195B285DDE71C40F8537DFF3707A5
:1022F000020098C79747000023A007FE97440000FC
:10230000938484B9DC5085C7B7E700E03707200025
:1023100023A0E728B7F700E0938707D0984B6D9B81
:1023200098CB984B1367870398CB73005010F53DFB
:1023300083A7C19498431317772998C3D857719BE3
:10234000D8D79747000023AF07F89747000023A38B
:1023500007F81C40094798C3DC5099CB37F700E0D9
:10236000832707D193E787002328F7D07300501005
:102370001440174700001307A7F51C47858B91E70A
:102380005C47858B99E3FC52EDFBB24022449244BA
:10239000410182800D47639EE7049747000023AD0B
:1023A00007F29747000023AB07F29744000093849D
:1023B000A4AEDC5085C7B7E700E03707200023A0B4
:1023C000E728B7F700E0938707D0984B6D9B98CB31
:1023D000984B1367870398CB73005010B93583A7C8
:1023E000C19498431317772998C3D857719BD8D7AE
:1023F000A5B70547E39EE7F6974600009386C6A972
:10240000DC5285C7B7E700E03707200023A0E728A4
:10241000B7F700E0938707D0984B6D9B98CB984B0C
:102420001367870398CB730050101C40D0471317D5
:102430001649D8C70F1000001C403707020098C784
:10244000130700089745000023ACE5E803A7C194F3
:1024500018431357774819C71307E018F8D3D0C7A4
:10246000DC52E5BD1307E01AD5BF83A7419589CF9C
:10247000D44303A8870098423367070198C2D44722
:10248000DC4B9842D98F9CC2054783A7C194950520
:10249000631EE50298431367070898C3984F1377A4
:1024A00007C01367A71398CF13078007B8BB93978C
:1024B00035009387C70317470000130767E11CD750
:1024C0002388A19419C2060610D782809843094533
:1024D0001377F7F798C3984F137707C0136727133D
:1024E00098CF1307F007B8BB939745009387C703AE
:1024F000D9B783A7C1958847D847798D11C588C7B3
:1025000083A7819591C382878280896703A7C1953C
:10251000938707F47CD383A6C19683A7060993D734
:10252000A74991C783A7060993D7974999E37C5395
:10253000EDF782804111B7E700E022C480433707FE
:10254000200006C6798C23A0E7180F10000011C1E7
:1025500099E5B7E700E023A08710014549A80D05DC
:1025600033450508130740037199B34705086362B3
:10257000A70203A501A083A6819F639FA60017471A
:1025800000000327679471D7C207DD8D05450297C8
:10259000C9B703A5C19FC5B77A2131EF5A21636C32
:1025A000F704B306F7402148174600001306468C8F
:1025B0006375D80283280500035866009386870058
:1025C0001D8FAA966117DAA223A016012393060095
:1025D00014C15EA1130788FF7AA27A226EA1210599
:1025E000B307F7407EA2B7E700E023A08710B24010
:1025F000224441018280084149B7B7E700E08C439B
:102600003707200023A0E718F98D0F10000001E51F
:1026100023A0B710828003A301A083A8819F9A877B
:10262000814663F8170903A807006367F508636527
:10263000A80813878700636EE506F2232167050764
:102640006317E600138631911822050718A2174573
:1026500000001305E581D2237A21239307003297E6
:10266000334707087AA16383670203A3C19F630FFF
:10267000F30003D36600631B0300DE2223A00601E0
:1026800021073E962106D2A27AA1B687984363021B
:10269000170383A6C19F630ED700762399EAD6233A
:1026A00052231843A106B296D6A398C37E21A10750
:1026B0007EA1B7E700E0A9BFBE86C2879DB7AA8703
:1026C00003A701A003A6819FB305B5406314E600EC
:1026D0003E8529A8930687001843E3E9D7FEE3F770
:1026E000E7FE2E85E3E4D5FEE3F2E5FE82804111AC
:1026F00026C206C622C44AC09744000083A4C49FD1
:102700006383041003A4C40AAA86054535C03C248B
:102710001307700A6390E70858301C34173900001B
:102720001309897C03268900B387E7020357C90090
:10273000B387E7021307003293870719B3D7E7027D
:1027400003A744093E97BA846364F7006364C70033
:10275000B304C74083A7C18884C28297B387A440CB
:1027600063F5A40003278900BA9789EB1305F00FDE
:10277000B24022449244024941018280583093067B
:10278000204E3307D702E3F3E7FE930780FA3CA419
:102790000145F9BF1307800AE39AE7FC83A7C188C4
:1027A00082972A893545EF106066AD4717470000CC
:1027B000232EF7B258301C34173600001306C672A9
:1027C000B387E7025A261046B387E70213070032A1
:1027D00093870719B3D7E70203A744093E97BA8640
:1027E0006364F7006364C700B306C740E310D9F819
:1027F00017C501E0130585D1EFE0EFEE83A7C19582
:102800000947F8D7A5B70545A5B7397156D2974AF4
:102810000000938AEAAB83A70A033707080026DA89
:1028200006DE22DC4AD84ED652D45AD05ECE62CCD6
:1028300066CA6AC86EC6F98F9744000083A4C48B29
:102840006384071C83A9C40A83C7990003A4C90031
:1028500092073E942820B14705053305F5025E2016
:102860003E9533450508EFE0CF90AA8C6305051A25
:10287000130DC5002324A50134203146370B030076
:10288000B386C602231304000149138AC195938BB2
:10289000C194938DC196130B8B15054CEA9654C4C5
:1028A00083C679009307D00783250A00B386F60212
:1028B000C1679CC5370833008606B4D183A60B00D8
:1028C00090421376F6CF90C290421376F6CF1366FD
:1028D000062090C203A50D0010453366060110C501
:1028E00003A6090023A865059305500290C672202F
:1028F0005444B2962324DD0014300146CA96A30145
:10290000DD0003C504089746000023A5069CB13EE0
:1029100083260A00CC4613961549D0C60F10000036
:1029200083260A003706020090C61306000823A873
:10293000CA0003A60B00104213567648631F860B8D
:102940001306E018F0D2CCC617460000232C0698D8
:10295000174600002320069823A08601EFF0BF80D1
:10296000EF10204383A64A00858AD9CAEA852685C6
:1029700097D001E0E780E0BF0DE903465D0049C262
:1029800076204E20B29663DDB606B428AC48032507
:102990008D00918E8906B695EFE0CF8C23020D0055
:1029A00003465D007620B29676A003260A00310D1C
:1029B0003452FDFE342005091379F90FE362D9EE94
:1029C0009C246685A381FC001C20A3820C00238329
:1029D000DC002382FC006254F250D2544259B259B6
:1029E000225A925A025BF24B624CD24C424DB24D8B
:1029F000216117C300E06700A3341306E01A99B7FA
:102A0000FD562302DD0055B783A7C195FC5781C74A
:102A100085472382F188F2506254D2544259B25908
:102A2000225A925A025BF24B624CD24C424DB24D4A
:102A300021618280411122C406C626C24AC02E846A
:102A40008DCD13F91500814741476302090413171F
:102A500045003E97B1463307D70283A4C189B31717
:102A6000F02833C90708BA949C40C840829723A035
:102A7000040023A2040033448900B240228522448A
:102A80009244024941018280B356F448E9F2850735
:102A9000E39CE7FECDB7011126CA06CE22CC4AC878
:102AA0004EC6AE84A1C593F7150001444147B1CB92
:102AB00093174500A2973147B387E7029389C189ED
:102AC00003A909003E998327090081C7032549000E
:102AD000829731473307E40283A70900BA979C47DE
:102AE0008DC733148028B3470408BD8CF24062447C
:102AF0004249B2492685D24405618280B3D68448D2
:102B0000C5FA0504E31CE4FECDB723200900232207
:102B10000900C1BFAA8703A5418911E182803A213A
:102B20006315B7001821E30BF7FE4845FDB779712F
:102B3000B7E700E022D4804352CC06D626D24AD052
:102B40004ECE56CA5AC85EC662C43A8A37072000BB
:102B5000798C23A0E7180F10000005E123A087104F
:102B60000945B250225492540259F249624AD24A5B
:102B7000424BB24B224C4561828083A7C188B68903
:102B80002A89AE8A328B938BC189829703A70B0067
:102B90008144B146C147338CD402330687011042C9
:102BA00035EEC165938505F04145EFF0BF9819ED0D
:102BB0009737000083A7473181C781451145829728
:102BC000B7E700E023A087102D4561BF1387418937
:102BD0001C43A1E308C323000500B31790283EA1BE
:102BE00083A70B002326050023246501232245012A
:102BF000E29723A0270123A2570123A4470163845E
:102C0000090023809900B7E700E023A08710014561
:102C100089BF3E87DC47F5FF48C775BF8504E39C45
:102C2000F4F6B7E700E023A0871021451DBFB7E702
:102C300000E09843B706200023A0D718758F0F1027
:102C400000009736000083C6B6226371D50283A6C2
:102C500081893325D5201621D58D0EA19736000008
:102C600023A0062223A0E7100145828023A0E710BD
:102C70000D4582800111B7E700E022CC8043370781
:102C8000200006CE26CA4AC8798C23A0E7180F1068
:102C90000000BD4763E7A70431473307E50283A778
:102CA000C189BA979C4395CF3315A0282E89B34587
:102CB000050801452EC6B93DAA8409C9B24501459A
:102CC000973000E0E780608923A42401B7E700E0A3
:102CD00023A087100145F2406244D2444249056175
:102CE0008280B7E700E023A087100945EDB797364B
:102CF000000083C6663683A7819101476394E6008E
:102D000001458280AE231386C7036394A5003E85E8
:102D1000828005071377F70FB287CDB7411122C420
:102D200006C6973700002387073E03A4819205C09B
:102D30006C390145B315B028B3C50508973000E0DC
:102D4000E78080CC930710273305F50202942244D4
:102D5000B2408145014541016FE0CF99411106C65E
:102D6000383D19C73425631ED702B24041017DB7F3
:102D70003C2DE5DF3825E30AF7FE3CA5814517E544
:102D8000FFFF1305C556EFE0EF969737000083C7A6
:102D9000A71689C783A7C1955147F8D3B24041010F
:102DA00082803C2D89C7E39AF6FC38A5C1BFD5FEC9
:102DB000EDBF41114AC0173900001309695183273B
:102DC000890022C426C206C6973400009384442D8D
:102DD000858BE0509DCB9737000023AF074E83C70C
:102DE0004407C18B85CFEF00D07A83C7440793F7A0
:102DF0000702E5DF83C74407228593F7F70C238A90
:102E0000F40697E000E0E780A086EF009078228546
:102E10002244B24092440249410109B783C7540792
:102E2000858B91CBEF00F0768D47230EF406BC58CE
:102E300022858297D9BF83C744071547BD8B639509
:102E4000E7048347B4060345340601469305500260
:102E50005D8DEFF08FE1014681450545EFF08FC7AD
:102E60008327C900858BD5D322859737000023A7F8
:102E7000074697D000E0E780606741F9B2402244FE
:102E8000924402494101828083C744071947BD8BA0
:102E9000E39DE7F68347B4060345340601469305F0
:102EA00050025D8DEFF06FDC014681450545EFF086
:102EB0006FC28327C900858BA9DB22859737000065
:102EC00023AE074097D000E0E780C03B7DB74111BB
:102ED00022C426C206C67C2578452A84BD8B1CA93F
:102EE0001CA31D4764456395E7340547B8A0834795
:102EF000F5058D466393D7185E2DCDE37C491147C8
:102F0000B18B638DE70831476398E70003471506E7
:102F10008347F5076304F7088547BCB01946930556
:102F2000640313854400EFD0FFB3BC20990793F7E7
:102F3000F70FBCA0034704061377070401CFB8308E
:102F400013670704B8B07844BA975838B8B3BC20B0
:102F50008507BCA097370000238E071ABC2013F703
:102F6000F703050718B80347E4051A07D98FBCA073
:102F700083475403858B91E70347440389476317CD
:102F8000F70078441C2393E707041CA37C441838FB
:102F900098B3B2402244924441018280A147BCB020
:102FA0008357C406973500009385850F1386C19516
:102FB000DCA08357C406034714067444A183120798
:102FC000BD8BD98FDCB2B4208547890693F6F60F06
:102FD000B4A0173700000347E713631EF706183C39
:102FE0009387E6008E07231AF4069387C708B387F2
:102FF000E702794510420948238A0507C1650CC6D6
:10300000938707FBB3C7070893877716B3C7A70251
:1030100033C70708B387A70286073CD2BC3093E7C3
:103020000701BCB07C44B6978346240693E60604A9
:10303000B4B3B4207C44B697D8A3B4207C44218395
:103040007D8BB697834634069606558FD8B3BC2041
:103050008D07BCA021B71042F9473852058333577A
:10306000F7023C5268528583FD8BAA977CD28D472C
:10307000238AF5063347070855B71946639BC712DD
:103080005E2DC1E393056503B8B013854400EFD00E
:103090007F9DBC201385A4009907BCA0BC3093E79A
:1030A0002700BCB083475403898B95CF0C58BC29AB
:1030B0009DCB1946D105EFD0FF9A78441C2393E7A6
:1030C00007F81CA3BC20990793F7F70FBCA0034790
:1030D000040613770704E30F07E6B430784493E659
:1030E0000604B4B095B58347D40391C778441C2334
:1030F00093E707F81CA319469305E403EFD09F96C6
:10310000D1B7A147BCB08357C506DCA08357C5061D
:10311000034615066C45A1831206BD8BD18FDCB129
:10312000B020173500001305A5F79385C195090652
:103130001376F60FB0A09737000083C7A7FD6398FA
:10314000E704183C9307E6008E07231AF4069387DA
:10315000C708B387E70279488946230AD506944110
:10316000C1658CC6938707FBB3C70708938777169B
:10317000B3C7070333C70708B38707038607BCD263
:10318000BC3093E70701BCB07C44B29771BD8C4161
:10319000B851F94705833357F702BC5103A84506D8
:1031A0008583FD8BC297FCD1230AD50633470708D8
:1031B000C1BFA147BCB08357C506DCA08357C50675
:1031C000034615066C45A1831206BD8BD18FDCB179
:1031D000B020173500001305A5EC09061376F60F8D
:1031E000B0A09737000083C7E7F283A5C195E391AC
:1031F000E7FA183C9307E6008E07231AF406938734
:10320000C708B387E702F9460948230A050741655D
:1032100088C5938707FBB3C7070893877716B3C79B
:10322000D70233C70708B387D7028607BCD189BF47
:103230000547639EE706B1471CB983475503898B51
:10324000A1CB0C59BC29A9C71946D1051385840007
:10325000EFD05F8178441C2393E707F81CA36844F0
:103260001946930564030905EFD0CFFF116797371F
:10327000000083A7E7EFF98FE38C07CE7C24B98B9E
:10328000E39807CE78441C2393E707021CA3CDB133
:103290008347D40389C79C2093E707F89CA0684420
:1032A00019469305E4032105EFD0CFFB4DBF522D06
:1032B0000C559307660093F7F7031CB91385840038
:1032C000E5B7011126CA97340000938464009C443A
:1032D00022CC06CE17340000130484DC858B6850A2
:1032E000C9C32AC69737000023A807FEEF00702A3B
:1032F00003474407894732456307F70003474407FC
:103300008D47631CF70283A6C195BC52035745073E
:1033100085831307C71263F2E702BC528583B1C3EA
:10332000914703474407E31EF7FE6244F240D2444C
:10333000056117D300E06700C35B382D3C3D09CF22
:1033400034256309D7026388F60238A56244F24047
:10335000D24405616FD07FE199CF382509EF3CA5B4
:10336000F5B72AC6EF00F02262443245F240D2445B
:1033700005616DB2EDF7DC4CEDF703474407894773
:103380006307F700034744078D47E31CF7FC9147A9
:1033900003474407E31EF7FE49BF630E05300111E2
:1033A00022CC06CE26CA4AC84EC652C456C258259A
:1033B00085472A846316F72C97370000938747F1D7
:1033C000D44F1547638AE600D44F0D476386E60065
:1033D000D84FAD476312F7026C386244F240D244D2
:1033E0004249B249224A924A01450561B315B028C3
:1033F000B3C505086FF0BF83163113070064973417
:1034000000009384E4C93347D7029C20E8D08507A5
:1034100093F7F70F9CA063CAE700973000E0E780BE
:10342000409E97370000238D07C678249D47631F71
:10343000F70483479406B1C38356040763ECF6028E
:103440000C24930730041CAC1305300493F6F60FDC
:103450000146976001E0E780C04222856244F24065
:10346000D2444249B249224A924A056117E300E038
:10347000670043D885062318D40693053002054516
:10348000973000E0E780C0902301A4060549238A15
:103490002407183C8D47631CF70E972000E0E78057
:1034A00060050D89630F05146316251793076002E5
:1034B0003CA4930750023CAC9307700278243CBCB8
:1034C00085476302F70889659385F5701305102712
:1034D000173A0000130A4AA183497401973000E0AB
:1034E000E780808D0E30835ACA002A891306006453
:1034F000B3855503814613850532B335B50097D0A2
:1035000001E0E78080C6AA84B335590337460F002F
:103510001306062481463305590397D001E0E7805E
:10352000C0C483270A00AA948297B3079500032793
:103530008A00BE8563E4A70063E4E700B385E74043
:103540004E85EFF02FF383475403898BE9CB8347F4
:10355000C403F1C70C58E1C5BC25F1C38947230A50
:10356000F4021946B10513056403EFD0AFCF03474A
:10357000C407894763E9E70A22856244F240D244DE
:103580004249B249224A924A05616FD01FBE89461C
:103590007C346315D70213F7170019CB898B1307F7
:1035A000500291EB9307700238A43CAC814739B7C5
:1035B00013076002C5BF93076002FDB799CF93F66A
:1035C00017001307500291E6898B13B717001307F2
:1035D000670238A4230D0400D1BF3C2C130740021E
:1035E0006368F700930750023CAC3C2C3CA47DBFC1
:1035F000850793F7F70F3CAC13077002E364F7FEFF
:10360000EDB713077002930750023CAC38A4930740
:1036100060026DB51307500293077002FDB785472E
:10362000230AF402A9B70327C40A83A6C1883C274A
:10363000ADC31C375833973400009384E48A904418
:10364000B387E702DA24B387E702130700329387D0
:103650000719B3D7E702032744093E973A89636401
:10366000F7006364C7003309C7408296B307A940D7
:103670006374A9009844BA9703576407E3FEE7EE22
:10368000F2406244D2444249B249224A924A056118
:10369000828083248409829663E9A40083576407A7
:1036A0003385A440E37AF5ECE1BF9737000083A7A8
:1036B0002784BE94E5B7828001114EC69739000079
:1036C0009389099E22CC03A4C9094AC8173900006E
:1036D000130989810357C90026CA835464088327C4
:1036E000040906CEB384E40237470F009306F7239C
:1036F0001307072452C456C25AC0B694B3D4E40286
:1037000063EE9702138AC188B384974083270A0027
:10371000829763E9A4023385A44063490502835775
:103720000404A30F040085072310F4048347041442
:10373000639E07102285EFD09FD021AA032789001E
:10374000BA97C9B783278900BE94F1B783270A00C7
:103750008297032784086366E50A198D7E3C035728
:10376000C9008E07B387E702130700329387071952
:10377000B3D7E70263ECA708B74A0F00138BFA230D
:10378000938A0A248357040485072310F40483478B
:10379000041481E72285EFD09FCA228597E000E0DC
:1037A000E780601F63130524032604090327C40868
:1037B000832689003297BA876364C7006364D700A1
:1037C000B307D740783C0356C9002328F4080507FF
:1037D00078BC035764083307C7025A973357570317
:1037E000B384E74063F5E700998EB384F60083273E
:1037F0000A00829763E6A4043385A440E34405F8F5
:1038000039BF83278900998F3E9589BFA1452285BD
:1038100097E000E0E7804010A305A402972700008E
:1038200083A7876A6383071C6244F240D2444249FB
:10383000B249224A924A024B894515450561828761
:1038400083278900A6973385A7404DBF2285EFD0F7
:103850005FC9228597E000E0E780E0136317051851
:103860000355C90083576408B7460F001386F62333
:10387000B387A7029386062403270409230B0402B7
:10388000832A8900B297B3D7D702636AF716B307C2
:10389000F7408326C4082324F408014BB387E600CD
:1038A000BE8463E4D70063E45701B38457411E30FC
:1038B00023289408A1CB835604045A3037460F00BE
:1038C00056B03387E640B387E7023A301306062442
:1038D00081468145BA97B3C707083385A7023EB032
:1038E00097D001E0E780608811CD2695B33495002C
:1038F000A695AA876314BB0063645501B3075541BD
:103900002328F40883270A008297AA8483270A00C1
:103910008297E30D95FE83270A008324840882970B
:1039200063E4A40E3385A440630B050E035AC9005B
:1039300083576408B7440F001387F423B387470302
:1039400093840424BA97B3D797021727000003473C
:103950003756BA9763E5A70CB3359502835A24020C
:10396000528681463305950297C001E0E780E07FEB
:103970003389AA0033854A0337460F00130606240D
:103980008146814597C001E0E780207E15C1B337AD
:10399000950252868146B385B4023385A402BE9552
:1039A00097C001E0E780607CB38AAA4023115403EA
:1039B0003545A92923AE890838348547631AF704A9
:1039C000930700FD7CA4814503A50194EFD08FD21D
:1039D000954717370000232BF7903707100083A770
:1039E000C19598C7060923A82707F2406244D2442C
:1039F0004249B249224A924A024B05618280B3068B
:103A00005701B387F64071B583278900BE9419BF6B
:103A1000930710FC7CA4814503A5819345BF97279C
:103A2000000023AD0770834709018DC303A5C19230
:103A3000EFD02FEC624483274900F240D244424940
:103A4000B249224A924A024B056182878345940219
:103A50006244F240D2444249B249224A924A024B5D
:103A600001450561B315B028B3C505086FF02F9C5B
:103A7000011122CC26CA4EC606CE4AC852C456C22E
:103A80005AC038358547832405092A84AE896314D2
:103A9000F70C83570508835AC503172A0000130A39
:103AA000AA44035BCA0063FC571914296399E618FA
:103AB00003278511631507180327450A63110718A3
:103AC00074351D47639DE6162A3DB38AFA40930775
:103AD000204E330555030329440937460F001306CA
:103AE000062481463305F5029727000083C7473C2B
:103AF00033592503B335AB023E99334909082313E3
:103B000024093305AB0297C001E0E7800066B307E4
:103B1000950033B5A7002E9503278A00BE8419E1CE
:103B200063E4E700B384E740B307690337470F0056
:103B30009306F7231307072423A09900B697B3D75A
:103B4000E702D69763E4F4009D8C31A003278A0036
:103B5000B307F740BE941389C1888327090023A0C7
:103B60009900829763E2A4103385A440635D050A3F
:103B700083270900172B0000130B0B37829703A72D
:103B800009006369E50E198D7E3C0357CB008E0753
:103B9000B387E7021307003293870719B3D7E70209
:103BA00063EFA70C374A0F00930AFA23130A0A247B
:103BB0008357040485072310F4048347041481E722
:103BC0002285EFD0DF87228597E000E0E780A0DC48
:103BD00061E5832604098327C40803278B00B69771
:103BE000BE8463E4D70063E4E700B384E7407C3C31
:103BF0008356CB002328940885077CBC8357640830
:103C0000B387D702D697B3D7470363E6F40A9D8CF0
:103C10008327090023A09900829763E1A40A3385D2
:103C2000A440E34705F89727000083C7772863E699
:103C3000A7069727000023A387500145B9A88357FB
:103C4000640837470F009306F723B387670313070A
:103C50000724B697B3D7E702E3F8F4EE03278A0008
:103C60002697B304F740C5BD9727000083A74728D0
:103C7000BE94DDBD83278B00998F3E9531B7A1455A
:103C8000228597E000E0E78020C9A305A4029727DA
:103C9000000083A7672381EF7D55F2406244D24440
:103CA0004249B249224A924A024B056182808945C3
:103CB00015458297D5B71D8FBA9499BF83278B007E
:103CC000BE94B1BF83A7C19498433706CEFF7D163B
:103CD0001377F7CF1367071098C303A7C19614474C
:103CE000370803001375F51FF18E14C783A6C1951D
:103CF00023A8060523A40700904B93F5F5071308A6
:103D000088151366F60390CB90431366060890C39C
:103D1000F04F137606E0498EF0CF23AC070423A0C2
:103D200007065057759A50D79043137606F84D8E74
:103D300090C31306401FF0D2172600002324065A12
:103D40001726000023280658054690C29043B70561
:103D500033001376F6CF90C390431376F6CF1366F5
:103D6000062090C310474D8E10C723A80605D853D0
:103D70001317F728D8D32547F05201C6B04FE37D7B
:103D8000C7FED8531317F748D8D3A85313354500A7
:103D900082801387C1951443BC4ABD9BBCCA0100F5
:103DA0000100010001001C43B44B93F6F68FB4CB25
:103DB000944393E6860094C30100010001000100D2
:103DC00083A6C1949C4293F7F7CF93E707109CC258
:103DD00003A6C1961C46B706CEFFFD16F58F1CC67E
:103DE0001C4337070300B8CB83A7419599CBD44335
:103DF00090479842518F98C2944BDC4B9842D98F90
:103E00009CC29727000023A3074E828083A7C195F9
:103E10009C438D8BE9C74111B7E700E04AC003A975
:103E2000070026C23707200006C622C4AA843379B9
:103E3000E90023A0E7180F10000017240000130466
:103E40002449584C8D47631AF7009727000083A731
:103E5000E721014681454545829719476391E4046E
:103E60008347140289CB8347040263969700972700
:103E70000000A38F0746584CA1476315F70093072E
:103E800080101EB0238201882937B2402244B7E750
:103E900000E023A0271192440249410182809D47FE
:103EA000639BF40083471402F9D7034704028D474C
:103EB000E313F7FC6DBF544C6389E600584C63066E
:103EC000F700584CA147E31FF7FA83471402DDFBC4
:103ED0005C4C2300F4028547A300F40265B782809E
:103EE0009727000083C75717AA86850703A5C1A295
:103EF000014712216307D60005071905E36BF7FE9A
:103F0000014582802A8703A541A311E182801C45D7
:103F1000B227636BC70003584500B306C80063555A
:103F2000D7008146639406010841C5B703D3A700B3
:103F3000938807016316E30091C192A13E858280B8
:0C3F40008506C687B3C60608F1BF000066
:103F4C00971100209381418B17C101201301C10AE5
:103F5C001305400097C5FF1F9385050A17C6FF1F61
:103F6C001306462963FAC5008322050023A05500D9
:103F7C0011059105E3EAC5FE17C5FF1F1305C51C06
:103F8C0002852A8309CA83830500230073007D16EA
:103F9C00050385056DFA82802A8311C62300B300C0
:103FAC007D16050365FE8280B717004003C77705B1
:103FBC001377E70FA38BE704130700F8A38DE7042F
:103FCC003D47238CE70413075003A38CE70403C776
:103FDC00A7051377D70F238DE7048280371700408E
:103FEC008347E70412054111BD8BC98F93F7F70F77
:103FFC0093068008F3B6068093F6860836C60F1033
:10400C000000930670052300D704930680FA230062
:10401C00D7040F1000002307F70423000704B2474E
:10402C00F3A707800F10000041018280B7170040F2
:10403C0003C7E7020D8941111377C70F498F930608
:10404C008008F3B6068093F6860836C60F1000007B
:10405C00930670052380D704930680FA2380D70437
:10406C000F1000002387E70223800704B247F3A751
:10407C0007800F1000004101828041112A83014802
:10408C00930E407E130F0019930F4006B34803089C
:10409C0063EF1E0113030019337365028542FD4360
:1040AC0063F6B2088D4F214F930E4006A1A07D13ED
:1040BC00336EE3039308E016630E0E00336EF303C6
:1040CC009308D01663080E009378330093B8180049
:1040DC009388D816C29833C808084DBF93F81500BA
:1040EC00138EF5FF637CBF02F908C29833C8080829
:1040FC00B3450E08E394F5FF8545630B0300B378D5
:10410C00D5038145638608009375350093B515007A
:10411C00F105C29533C805088945E9BFB388134139
:10412C00C29833C80808B3450E089DBF7D16329857
:10413C0079463307C70213D61700BE073348080861
:10414C0032976146B3F6C60213068070B386C60278
:10415C003697A166F58F4207D98FB716004003C773
:10416C00F60213770708D883908303C7F6021377F8
:10417C000708E316E6FE9883B71600404DCF1307E9
:10418C00800873370780137787083AC40F10000034
:10419C0037170040930670052300D704930680FA66
:1041AC002300D7040F100000232A070383461703AC
:1041BC0093E60608A308D7022300070422477327B7
:1041CC0007800F1000001166371700407D16545BF6
:1041DC004C5FAD8EF18EE5FE93068008F3B606803B
:1041EC0093F6860836C60F10000093067005230060
:1041FC00D704930680FA2300D7040F1000005CDB71
:10420C008347170393E70704A308F7022300070467
:10421C00B247F3A707800F1000004101828003C74B
:10422C00F60213770708D883908303C7F602137737
:10423C000708E316E6FE98837DD391B755714EDFE0
:10424C0086C7A2C5A6C3CAC152DD56DB5AD95ED7F2
:10425C0062D566D36AD16ECFAA8982C0EF00B01541
:10426C0093078008F3B7078093F78708BEC20F1037
:10427C000000B7170040130770052380E7041307ED
:10428C0080FA2380E7040F10000003C7F7021377AE
:10429C00770FA387E70203C7F70213678700A3878B
:1042AC00E702238007049647F3A707800F1000004E
:1042BC00130B80C1334B65039167938707E8130A8F
:1042CC0030029546B347F502330A4B033EC8FD87CF
:1042DC003ED2BD67938707A6334AFA021357FA41B9
:1042EC003ACA330740413AD47D873ACC1307A0FB36
:1042FC003307EB02B347F7020567130707FA3ECE05
:10430C00FD873ED6938729003319F70063E4360105
:10431C003319370161671307076A3345E502130741
:10432C000010B317F0288D873EC495473309A902B6
:10433C003349E902130740063309E9021307D00792
:10434C003349E9021357F9413AD8331730290D870D
:10435C003AC663EF374993075047B307F7023D67F7
:10436C00130707A6116C814A814B13048008371D73
:10437C000040930480FA7D1CB3876703B307F040B9
:10438C00B3C7E7023ED0FD873EDA7337048013775C
:10439C008708BAC40F100000130770052300ED0442
:1043AC00930D0D0423009D040F10000003473D05E1
:1043BC001377870FA309ED0403473D051367170017
:1043CC00A309ED0423000D042647732707800F1063
:1043DC000000930C70057337048013778708BAC6F6
:1043EC000F100000930770052380FD0023809D00B3
:1043FC000F10000003473D0513670702A309ED04E6
:10440C0003570D051317E7282318ED0403570D0563
:10441C001317F7282318ED0423800D003647732754
:10442C0007800F10000003473D0513770702630553
:10443C00073C03473D05218B6DDF880097C0FF1FAC
:10444C00E780E0FB7337048013778708BACA0F1034
:10445C00000023809D0123809D000F100000034766
:10446C003D051377F70DA309ED0403473D051367CD
:10447C000702A309ED0403570D051317E7282318AA
:10448C00ED0403570D051317F7282318ED042380AB
:10449C000D005647732707800F10000003473D059A
:1044AC00137707026301073803473D05218B6DFF26
:1044BC0097C0FF1FE780E0D82A873ADC97C0FF1F20
:1044CC00E78020D86257E30AE5FE03570D05064541
:1044DC001317E7282318ED0497C0FF1FE780E0F3BC
:1044EC0003473D05218B6DDF03570D0583462D05D5
:1044FC00C24733778701B386860313D6F641BA9643
:10450C00B388F640925733B7E60032971D8FD247E7
:10451C00B3B61601158F63C6E700631CF700637A08
:10452C001A01E2476348F7326395E700A25763E349
:10453C00F832894663F27633733704801377870831
:10454C00BAD00F100000130770052300ED042300F0
:10455C009D040F10000003473D0593F6F90F1377E8
:10456C00870FA309ED0403473D05558FA309ED04FF
:10457C0023000D040657732707800F100000130645
:10458C00700503473D051D8B631037377337048067
:10459C0013778708BAD40F10000013077005230097
:1045AC00ED0423009D040F10000003473D05137715
:1045BC00F70DA309ED0403473D0513670702A30993
:1045CC00ED0403570D051317E7282318ED040357C3
:1045DC000D051317F7282318ED0423000D04265797
:1045EC00732707800F1000009306700503473D05E5
:1045FC00137707026304073203473D05218B6DDFF8
:10460C00880097C0FF1FE78080DF73370480137723
:10461C008708BAD80F100000130770052300ED04AB
:10462C0023009D040F10000003473D051377F70D81
:10463C00A309ED0403473D0513670702A309ED0425
:10464C0003570D051317E7282318ED0403570D0521
:10465C001317F7282318ED0423000D04465773276E
:10466C0007800F1000009306700503473D05137774
:10467C0007026300072E03473D05218B6DFF97C092
:10468C00FF1FE78000BCAA8C97C0FF1FE78060BBB0
:10469C00E30C95FF03570D0506451317E728231860
:1046AC00ED0497C0FF1FE78040D703473D05218BE2
:1046BC006DDF7337048013778708BADC0F100000A6
:1046CC00130770052300ED0423009D040F10000058
:1046DC0003473D051377F70DA309ED0423000D04E3
:1046EC006657732707800F10000003570D0583468C
:1046FC002D05C25733778701B386860313D6F6414F
:10470C00BA9633B7E600329733882641B3B6060122
:10471C001D8F158F6346E000631807266306082675
:10472C001305800C3307E5020256D256B335050348
:10473C0033050503BA95EFB061649306150033B5E4
:10474C00A6002E951357F501BA9633B7E6002A97B3
:10475C001316F70185820587D18E6346E000631F2F
:10476C00072C638D062C0356CD021582B305D6009B
:10477C0033B6C50032976348E00063100736130761
:10478C00F00F637CB7340947637157279307800890
:10479C00F3B7078093F78708BEDE0F100000B7173A
:1047AC000040130770052380E704130780FA238069
:1047BC00E7040F100000DA3789668116558F3347EE
:1047CC000708DAB723800704F657F3A707800F1002
:1047DC000000BE402E449E440E49FA596A5ADA5AD9
:1047EC004A5BBA5B2A5C9A5C0A5DFA4D696182800D
:1047FC0022479307504795B6733704801377870881
:10480C00BAC80F10000023809D0123809D000F105B
:10481C00000003473D0513670702A309ED0423803D
:10482C000D004647EDBE7337048013778708BACC6A
:10483C000F10000023809D0123809D000F100000AD
:10484C0003473D0513670702A309ED0423800D0000
:10485C00664789B1E3920BCE7246B2569315170098
:10486C0013D3F80113951800B365B3003ADE46DC98
:10487C00EFB0C1507257850B93FBFB0F6346E00002
:10488C0031EFE258638C08049306150033B5A6008B
:10489C00AA9513D7F501BA9633B7E6002E97858201
:1048AC007E07558FF336048093F68608B6CE0F102C
:1048BC00000023809D0123809D000F100000835673
:1048CC00CD023697334707082316ED0223800D00DF
:1048DC007647732707800F100000F5BC9306F5FF91
:1048EC0013351500898D75B77337048013778708D6
:1048FC00BAD20F1000002300CD0423009D040F102A
:10490C00000003473D05558FA309ED0423000D045A
:10491C001657732707800F100000A5B1733704805A
:10492C0013778708BAD60F1000002300DD0423008C
:10493C009D040F10000003473D0513670702A309F0
:10494C00ED0423000D043657732707800F10000069
:10495C0071B97337048013778708BADA0F10000027
:10496C002300DD0423009D040F10000003473D05C8
:10497C0013670702A309ED0423000D045657732790
:10498C0007800F100000D5B19305800C3387E5022A
:10499C0033850503B3B50503BA951547637337051E
:1049AC00A247130750473387E702330660413306AB
:1049BC00E6023D67130707A63346E6029356F64117
:1049CC00EFB0C13B1306F5FF13351500898D13D7D6
:1049DC00F5013A963337E6002E979316F7010582C8
:1049EC009DBBB247130750477DBF13078008733731
:1049FC000780137787083AC10F100000B7160040E4
:104A0C00130770052380E604130780FA2380E6045D
:104A1C000F100000DA36056601161377F70F518F69
:104A2C0033470708DAB6238006040A477327078042
:104A3C000F100000850A93FAFA0F81BA33E6E600EC
:104A4C0049CE0356CD02B335D0003307E0400D8F6D
:104A5C003305D04015826345E00041E3637FA60631
:104A6C000947637E570393078008F3B7078093F7D2
:104A7C0087083EC30F100000B717004013077005DE
:104A8C002380E704130780FA2380E7040F1000004B
:104A9C00DA377D8BDAB7238007049A473DB3733737
:104AAC000480137787083AC50F10000013077005B0
:104ABC002300ED0423009D040F1000000357CD02CA
:104ACC00856681161377F70F558F33470708231622
:104ADC00ED0223000D042A4791BF93078008F3B71A
:104AEC00078093F787083EC70F100000B7170040E8
:104AFC00130770052380E704130780FA2380E7046B
:104B0C000F100000DA379606369733470708DAB7E6
:104B1C0023800704BA4755B9914763ECB70497D77C
:104B2C0001009387E7CAB3C5F52098413E97B717A4
:104B3C0000409387470B0287944337170040B3F626
:104B4C00A64094C39306070B9C42B3F7A74019A841
:104B5C00944337170040B3F6A64094C39306070B53
:104B6C009C42C98F9CC29307070A98433377A7408E
:104B7C0098C38280944337170040C98ED9B79843A5
:104B8C003377A74098C3B71700409387070A984319
:104B9C00498FF9BF9843498FF5B719C537170040AE
:104BAC001E2FCD8F1EAF8280B71700409A2FB37582
:104BBC00B7408EAF8280B71700409A279306000C3F
:104BCC001377070C630AD7049A27137707100DC7BE
:104BDC009A279E277D8B09EB93F70720B1C3375596
:104BEC00E80113050580828037C59812FD8B1305EB
:104BFC0005E03345F50282809A279E27137707201C
:104C0C00FD8B11C73755E80113050580DDB7372536
:104C1C00F40013050540F1BF2165130505D0828012
:104C2C003725F400130505408280B7F700E088476C
:104C3C0082803285814737370040A14663C3A70085
:104C4C0082803037E30FD6FE3386F50010228507BD
:104C5C0010A7EDB797F6FF1F9386063AAA878842EE
:104C6C00172700201307C783AA9763E9E7000A8771
:104C7C00130707FC6364F7009CC282807D55828019
:104C8C00411122C406C62A843D372947B307E502E1
:104C9C00B2408D83B3D7870222449507B3D7E7027E
:104CAC0037370040B3C707085EA7410182807165A2
:104CBC0041111305052006C6E137B737004013072D
:104CCC0070F8B8A30D47B8B31307000498B30547A1
:104CDC00F8A7B2404101828011456FF02FD64111E7
:104CEC0093962500AA852D4506C697C0FF1FE78021
:104CFC006094B240014541018280011122CC06CE64
:104D0C003714004026CA4AC84EC652C483447405A0
:104D1C00034AB4058349840503499405EFF0CFA8F1
:104D2C008347A40593F4F40F137AFA0F93E7170053
:104D3C00230DF40493F9F90F1379F90FB717004009
:104D4C0003C7A705058B6DFF03D5C705A38D4705C5
:104D5C00238C3705A38C2705A38B9704F240624460
:104D6C00D2444249B249224A05618280411122C48F
:104D7C0006C62E849397556063DE070097C0FF1F0D
:104D8C00E78080C411C1A5251315F468B2402244F4
:104D9C004101828093F7150013C51500E5FB896767
:104DAC00ED8F85C3EF202143053F37F60200130634
:104DBC0006E0896503C50187EF00500A1315D46816
:104DCC00F1B711656D8D79D117D50100130585A14A
:104DDC00EFB0F10513060064916503C50187EF0080
:104DEC00F0071315E4685DB72D71232A9110FD743B
:104DFC00E98C232C811023282111232631112A849C
:104E0C00AE893289930600100A86A6852D45232E7D
:104E1C00111097C0FF1FE780E081131544014981F1
:104E2C0013962900CA850A9597C0FF1FE780C0C258
:104E3C00A68585660146254597B0FF1FE780807FD4
:104E4C000A86A68593060010294597B0FF1FE780B8
:104E5C00607E8320C1110324811183244111032915
:104E6C0001118329C11015618280011183A78186EC
:104E7C0006CE22CC26CABD8B21476399E700AD37FD
:104E8C00F2406244D244014505618280B7F70700C5
:104E9C00DC532A84B284BD8B939625006397E7007C
:104EAC008567FD17F58F91C301A0A28501462545A5
:104EBC0036C697B0FF1FE780E077B2462686A285FC
:104ECC00294597B0FF1FE780E0765DBF1D7149460D
:104EDC0097D501009385459117D50100130545DB46
:104EEC0086CEA2CC97C0FF1FE780A0C801E917D5DA
:104EFC0001001305A590EFB0817301A0B7F700E096
:104F0C0023A40700795798CB3D4798C30564B7E7AE
:104F1C0000E023A087180F10000017D7FF1F1307FE
:104F2C0027FF23A6E186130700F8A38AE7401306A0
:104F3C00C0038145480897C0FF1FE78060B897F70A
:104F4C00FF1F9387E7313ECA8967938707C0FC84AC
:104F5C009D673ECEB7070105938707103ED0ED47FE
:104F6C002312F10285472303F10297070000938770
:104F7C0047D7BEC497070000938767EFBEC6930759
:104F8C0054D12314F10297070000938747CA3EDAE5
:104F9C00B7F5070097070000938767D63EDE81467A
:104FAC0097070000938787D37000E1051945BEC0B1
:104FBC0097B0FF1FE780006819466C001305E102EB
:104FCC00EFE03FFCD24781C7BC8463F3870001A0AC
:104FDC004808EF00103FAA8501C917D50100130539
:104FEC002583EFB0E15001A0F64066442561828034
:104FFC004111170500001305A5D706C622C4EF0002
:10500C00B0391384018708A0092808202244B24033
:10501C00130600328965410191A5397106DE13072B
:10502C008008F337078093F787083EC20F10000003
:10503C00B7170040930570052380B704130680FA58
:10504C002380C7040F10000083C6F70293F6A60F47
:10505C00A387D702238007049246F3A606800F107D
:10506C00000073370780137787083AC40F100000CD
:10507C002380B7042380C7040F10000003C7F70276
:10508C0013672700A387E70223800704A247F3A72F
:10509C0007800F1000000545EFE05FF935398147B7
:1050AC0001478146054685451305407EEFE0FFFC30
:1050BC00680013064002814597C0FF1FE78040A09F
:1050CC00B707C0A83ECAB787E803938707D03ECC82
:1050DC0097B7FF1F9387E7453EC6680097B7FF1F3A
:1050EC009387A7463EC8EF005056F250216182804C
:1050FC002C21DD4763E7B71C797106D622D426D262
:10510C004AD0B14763EBB70095C985476388F5046E
:10511C0017D501001305458081A2938735FF93F7BE
:10512C00F70F2947E366F7FE17C701001307C77F80
:10513C00B3C7E7209C432A84BA97828701468145EE
:10514C000D45EF60611E17C501001305656E2254F5
:10515C00B2509254025945616FB0614D17C50100B0
:10516C001305056E2EC6EFB0814CB24583C78187FF
:10517C0063E3F5142254B25092540259014681450E
:10518C000D4545616F60411A93055500194617F599
:10519C00FF1F1305A5E62EC697C0FF1FE780609D75
:1051AC0035C91E28A5CB1389818783470900B245D1
:1051BC00B5E319461305310102C802CA02CC02CE6E
:1051CC0097C0FF1FE78040895C2019470808230916
:1051DC00F1005C34A308F10091472308F1001E286C
:1051EC00B387E7029D078D87FC86EF60C12E0E28E2
:1051FC00AA842A8617C501001305C565EFB0412F97
:10520C0091E8B08685478945120603C5918723002E
:10521C00F900A92117C50100130545660DBF3C31E6
:10522C00D9EBEF6021128947894503C59187238CFF
:10523C00F186552D17C5010013058566EFB0213F8A
:10524C004E2017C5010013052567EFB0612A0E2803
:10525C0017C50100130585672254B25092540259A8
:10526C0045616FB0E1286C2517C501001305456732
:10527C008144EFB0E12717C901001309E9677C24C9
:10528C0063C7F40017C5010013058567C9B51C4831
:10529C004A85A6978C238504EFB08125CDB70146AE
:1052AC0081450D45238C0186EF60010817C501006F
:1052BC001305456569BDB25022549254025945619B
:1052CC00828017C501001305256561BF411122C4F9
:1052DC0006C62E849397556063D0070203C5918749
:1052EC0097B0FF1FE780406E11C111221315F468AF
:1052FC00B24022444101828093F7150081CB138583
:10530C008184EF60C10013451400DDB713F525004F
:10531C0065D1238C0186EF60011F17C501001305B1
:10532C006563EFB0C130014681450D45EF50D17F2B
:10533C001345240075BF411117050000130545F9ED
:10534C0006C622C4EF00500513849187856508A01A
:10535C009385052C0945EF20C034854513051002B3
:10536C00EF20203408202244B2408545410117E348
:10537C00FF1F6700038B4111114506C6EFE01FC6E6
:10538C001305503497B0FF1FE78020EDB71700408E
:10539C00116723ACE70AC1450545EFF01F80854531
:1053AC002165EFF06FF78D451165EFF0EFF6EFF03B
:1053BC001F9017D501001305A58DEFB04127393685
:1053CC000539EF608114853F97B0FF1FE780201AE5
:1053DC00184183A785FF6319B7001CC1FD5723AC87
:1053EC0005FE238FF5FE8280232CF6FEC5BF4111EE
:1053FC0022C437E400E026C204403707200006C66A
:10540C00F98C2320E4180F10000009E923209410D4
:10541C001545B24022449244410182800347E5FF86
:10542C009307F00F6306F700232094101145D5B7AE
:10543C0097D0FF1FE780A01B014523209410D1BFFC
:10544C0041114AC037E900E022C403240900B70720
:10545C00200006C626C27D8C2320F9180F100000F0
:10546C0089E523208910154515A0AA8497170020DB
:10547C0083C7179F2E8563F5F400894763EE970069
:10548C00BD37B7E700E023A087100D45B24022449A
:10549C00924402494101828083A785FF99E703C7A3
:1054AC00E5FF9307F00F6308F7009137B7E700E0CB
:1054BC0023A087104DBF238F95FE1385C18797B00E
:1054CC00FF1FE780A048A165268597D0FF1FE780C6
:1054DC00407501452320891055BF23AE018682807B
:1054EC004111B7E700E026C284433707200006C607
:1054FC0022C4F98C23A0E7180F1000009717002086
:10550C0083A7879A1384C18091C782971C40AA975E
:10551C001CC021A083A7C188EDFB0840B74703003E
:10552C009387D73F3305F502B7A72600938737EC4F
:10553C00B2403E9508C02244B7E700E023A0971084
:10554C00924441018280B7E700E09843B7062000FF
:10555C0023A0D718758F0F1000009716002083C654
:10556C003690637ED50083A681893325D5201621FC
:10557C00B3F5B6400EA123A0E7100145828023A00D
:10558C00E7100D4582807971B7E700E026D284439D
:10559C003707200006D622D44AD04ECE52CCF98CF6
:1055AC0023A0E7180F100000930705FF93F7F70FE0
:1055BC007D47636FF70831473307E50283A7C1893D
:1055CC00BA979C43D1C7135445003D893315A02885
:1055DC00AE89B345050822852EC697D0FF1FE780FC
:1055EC00A0522A8929C9B2452285171A0020130A0C
:1055FC00AA8E913F83A7C18882978357CA002A84B9
:10560C0081463387370313060064B3B7370313059A
:10561C000732B335E500BE95EFA0F133B307850033
:10562C0083268A003E8763E4A70063E4D7003387B0
:10563C00D7402324E900B7E700E023A097100145E9
:10564C00B250225492540259F249624A4561828006
:10565C00B7E700E023A097100945DDB7797122D494
:10566C0037E400E04AD003290400B707200006D62F
:10567C0026D24ECE52CC56CA5AC85EC63379F900E1
:10568C002320F4180F1000009707002083C7577DC4
:10569C006376F50083ABC18863970B00B7E700E036
:1056AC0023A0271199A0971A0020938AEA8203ABB2
:1056BC008A00B74736FE938707C83E9B83D7CA003C
:1056CC002E8AAA84B385C702B2898146B3B7C702B2
:1056DC0013850532B335B50013060064BE95EFA0F3
:1056EC0091276370AB02232024110145B250225440
:1056FC0092540259F249624AD24A424BB24B45612A
:10570C008280829B83D7CA002A8413060064B385E7
:10571C0037038146B3B7370313850532B335B5006C
:10572C00BE95EFA05123B307850003A78A003E84E2
:10573C0063E4A70063E4E7003384E740D285268561
:10574C0097D0FF1FE780403C01C900C5B7E700E0D8
:10575C0023A02711054559BF93E504F04145B3C576
:10576C00050897D0FF1FE78020DC11E99707002080
:10577C0083A7877485D7A6851145829705B71387AC
:10578C0041891C4389EF08C385472326050000C5C2
:10579C002311450104A11CB12322050045BF3E87FE
:1057AC00DC47F5FF48C7CDB77971B7E700E026D2E3
:1057BC0084433707200006D622D44AD04ECE52CC92
:1057CC0056CA5AC85EC662C466C2F98C23A0E718D2
:1057DC000F10000025C12A892E8AB28AB68941444D
:1057EC00B14C138BC189130C0003B30B94038327A7
:1057FC000B00DE979C43B9EF135544409375F400AE
:10580C0056861375F50FB315B028B3C50508B93511
:10581C0031C183270B00DE9723A0270123A2470168
:10582C006384090023808900B7E700E023A0971068
:10583C00014521A023A097100945B250225492543F
:10584C000259F249624AD24A424BB24B224C924C18
:10585C00456182800504E31A84F9B7E700E023A0D0
:10586C0097102145D9BF011122CC37E400E026CA9C
:10587C0004404AC84EC652C406CEB70720002A8937
:10588C002E8AB289FD8C2320F4180F100000F933F6
:10589C00D2854A8597D0FF1FE780002701ED232092
:1058AC0094102145F2406244D2444249B249224A02
:1058BC00056182809707002083D7C762B3853703C1
:1058CC002A89130600648146B3B737031385053262
:1058DC00B335B500BE95EFA011082322A9002320F3
:1058EC0094100145C1B7011126CAB7E400E04AC8BB
:1058FC0003A9040022CC4EC6B707200006CE52C422
:10590C00AA892E843379F90023A0F4180F10000013
:10591C0097D0FF1FE780401F170A0020130A4A5434
:10592C001DE1A2854E85053183470A00638037054A
:10593C0023A024111945F2406244D2444249B24991
:10594C00224A0561828023110500A2854E85E53E21
:10595C0083470A006386370123A024110145E1BF68
:10596C00138761881E23C18F1EA3FDB7938761889F
:10597C009A23598C82A36DBF01114AC837E900E004
:10598C0022CC03240900B707200006CE26CA4EC637
:10599C007D8C2320F9180F1000009307F00263E5AB
:1059AC00A704B144B30495029389C18983A7090064
:1059BC00A6979C4395CB9375F5001181B315B02830
:1059CC00B3C505080D3783A709000145A69723A089
:1059DC00070023A2070023208910F2406244D2441E
:1059EC004249B24905618280B7E700E023A08710E5
:1059FC000945E5B74111B7E700E026C2844306C666
:105A0C0022C437072000F98C23A0E7180F100000E0
:105A1C0097D0FF1FE780400F19E90145B24022449F
:105A2C00B7E700E023A09710924441018280004523
:105A3C0083A7C1888297970700209387E7496367FC
:105A4C00A4029847B74636FE938606C83305A44091
:105A5C003697E374E5FC13070064B335E502D227EF
:105A6C0081463305E502EFA0016F4DBF98473A948C
:105A7C00C9BF411106C623A4A1880295B24097075D
:105A8C00002023ABA73E01454101828041115146C4
:105A9C008145170500201305E54206C622C426C21F
:105AAC0023AA018823A4018823A6018823820188C4
:105ABC0023A0018897B0FF1FE780800013068002A7
:105ACC008145170500201305A53997B0FF1FE78006
:105ADC0020FFEF50512C970700209387E73AE82BD3
:105AEC00FC3B170400201304A43785453E958D47D5
:105AFC003305F502930700049384C18939051375A6
:105B0C00F50F3375F50A994728A03305F5021305EF
:105B1C0005243345050897D0FF1FE780E0A088C017
:105B2C003DC53020994781453306F60213060624FD
:105B3C0097B0FF1FE780C0F89C4038209384018900
:105B4C00938707249CC0B347F72023ACF188EFF070
:105B5C00DF98E12E1C30944017D6FF1F1306E6F297
:105B6C0033C7D72010C3138717001377F70F17D637
:105B7C00FF1F130666EB3347D72010C3138737007C
:105B8C00890718B093F7F70FB3C7D72090C3B2406B
:105B9C002244924441018280970600209386462C31
:105BAC002A87BC228832637BF5001306150083A775
:105BBC00018990B2B347F52098C382801305F00F8A
:105BCC0082801C41F5C7370700F07D8FB706002097
:105BDC0089476310D70E5A21411122C406C62A8464
:105BEC0079C319469305F00F690597B0FF1FE7803D
:105BFC00600005478D476308E50A1C4491C7585857
:105C0C00994755C3185C45C31306C0038145170556
:105C1C0000201305652797B0FF1FE78060EA130685
:105C2C00C003A285170500201305052697B0FF1F9A
:105C3C00E78080E29707002093870725DA2701E7A2
:105C4C0013070010DAA7F82719E30547F8A79A2BD2
:105C5C0019E36D479AABF83719E31547F8B7B82B2A
:105C6C0019E30547B8ABB83B19E3F837B8BBD83BD9
:105C7C0011C7937637000983F4ABF8BBD82B19E323
:105C8C005547D8AB182C01E71307C00398AF9C57A6
:105C9C0091C78297970700202398A71CFD57238A4A
:105CAC00F19EED338147B24022443E854101828012
:105CBC0089473E85828079714ECE97090020938961
:105CCC00A92183A7090006D622D426D24AD052CCC9
:105CDC00829713090064B335250303D6C9008146A6
:105CEC00170A0020130ACA1732C633052503EFA082
:105CFC00814683248A012A840145638684023246C4
:105D0C003305944063EF840003A589008146B335C5
:105D1C00A9023305A902EFA00144B30795403385CE
:105D2C008700232C8A00B250225492540259F24913
:105D3C00624A456182809707002083D7C71A514772
:105D4C001D45637CF702794719456378F702130701
:105D5C00200315456373F7021307B0041145637EE6
:105D6C00F700130740060D456379F7001307600928
:105D7C0009456374F70013B5B70F8280411122C433
:105D8C0026C22E84AA8406C6058CEFF06FF5B327C5
:105D9C00A402B2402244338597001375F50F924448
:105DAC0041018280411122C426C22E84AA8406C6D7
:105DBC00058CEFF0EFF2B327A402B24022443385F6
:105DCC00970033450508924441018280411122C459
:105DDC0026C22E84AA8406C6058CEFF06FF03335EC
:105DEC00A402B24022442695924441018280411182
:105DFC004AC017090020130929098327890206C6FE
:105E0C0022C426C28DCF8297970400209384440528
:105E1C009E242A848DC733F7A70A33470708B3D7C4
:105E2C00A70AB3C70708B307F74051476359F700F0
:105E3C008327C90291C38297EF10E13982A4B24043
:105E4C0022449244024941018280011122CC23A0B8
:105E5C00018A17040020130424035C5406CEAA857F
:105E6C0081C72AC68297B245C1C59C410545ADCFB5
:105E7C009C45BDCBDE25ADCBFE25BDC79C2981CB7A
:105E8C007C287838BA976341F506DC41B1CF13060C
:105E9C004002170500201305250497B0FF1FE7806B
:105EAC00A0BB9707002093872703984323A6E1887C
:105EBC00183C19EFCA279307805737460F00330554
:105ECC00F5021306062481468145EFA0C12808BCC3
:105EDC00183C9D4763E4E700A1471CBC1705000074
:105EEC001305A5DD79360145F240624405618280D7
:105EFC009707002023A407F8970700209387C7FD76
:105F0C0017B7FF1F1307271B98C337873200FD569F
:105F1C00130727A194C7D8C797070020238607FC2F
:105F2C00B7C7004023A4D726ADBF011122CC17045C
:105F3C000020130464F5084406CE26CA4AC801E9B9
:105F4C000545F2406244D2444249056182805C5866
:105F5C00E5DB185C75D77000854582971844B2470D
:105F6C00E300F7FE4A249305E00417090020130907
:105F7C0029EF97C0FF1FE780205B2320A90269D17E
:105F8C0052249305F00F814497B0FF1FE78040B374
:105F9C007C240326090263C1F402328597C0FF1FDB
:105FAC00E780E06401459707002023AB07EC9707D7
:105FBC00002023A907EC71B74E241844B38795022F
:105FCC00898185043385E7001C5C08C28297C9B7B8
:105FDC00011122CC17040020130404EB1C4426CA24
:105FEC004EC656C206CE4AC852C45AC0AA84AE89FE
:105FFC00B28A6388071A585839CB1307F01F6366A7
:10600C00A710170A0020130AAAE503290A02631233
:10601C0009044A249565938515E097C0FF1FE78016
:10602C00A0502320AA022A861DC14E245C58084485
:10603C00898182971C4403290A022322FA02894788
:10604C00639EF402C1479305090C6381F904294549
:10605C00BDA003274A02E384E7FE4A249565938595
:10606C0025E097C0FF1FE780204C2A896DD14E2474
:10607C002A865C58084489818297D1B78D47639AE8
:10608C00F404C1479305490DE393F9FCB821930738
:10609C00A0056312F7069E21639F97044E86910517
:1060AC00568597B0FF1FE780209B83270A026387E2
:1060BC0027014A8597C0FF1FE78060530145F240D6
:1060CC006244D2444249B249224A924A024B056187
:1060DC00828091476397F4009305890EE39999F6B2
:1060EC0075B793070010E394F4F6A147E3E137F793
:1060FC009305090F61BF83270A02E38A27F54A85B6
:10610C0097C0FF1FE780A04E99B71D67637FE50618
:10611C00130705E099463347D7025624170B002086
:10612C00130B0BD43307D702330AF70083274B0228
:10613C006396470103290B02631109024A24930554
:10614C00E00497C0FF1FE780203E2A8909D14E2426
:10615C005C582A8689815285829791451307A00540
:10616C0093F5C50FB307B900B4236399E6029623E0
:10617C006394960291054E86CA95568597B0FF1F7B
:10618C00E780808D83270B021DB7A166F916E3E02B
:10619C00A6EC3307E54051B7AC33D9B783270B02D4
:1061AC00A9BF9705002083A5A5CDE38205EA9147F9
:1061BC009306A00593F7C70F3387F5003023E31838
:1061CC00D6E81223631B960091074E86BE95568522
:1061DC0097B0FF1FE7804088D5B53C33E1BF9707E8
:1061EC000020938767CA984721C7985F31C38546BB
:1061FC006310D504411122C417040020130444C6B3
:10620C00105006C615C2CE274850898102970850F7
:10621C0097C0FF1FE780A03D9707002023A207C669
:10622C009707002023A007C6B24022444101828078
:10623C00828001114AC8170900201309E9C44EC60F
:10624C008329890022CC26CA52C406CE56C2AA84FF
:10625C002E84328A638D091A8327890399EB294589
:10626C00F2406244D2444249B249224A924A056100
:10627C00828083274903E5D79307F01F63E0A70CBF
:10628C00970900209389C9BD83A7090295CF0325DF
:10629C00890083A749026395A7048947639FF40487
:1062AC00C147E31EF4FA03A509021305050C930775
:1062BC00A0053CA106A12286D285110597A0FF1F3F
:1062CC00E7808079014569BF0355C9009305E00457
:1062DC0097C0FF1FE780402523A0A9024DF941B7C5
:1062EC008355C9008327490303A609028981829734
:1062FC008327890023A2F9024DB78D47639AF400D6
:10630C00C147E31EF4F403A509021305450D45B777
:10631C0091476399F400E31494F403A5090213055F
:10632C00850E71B793070010E39BF4F2A147E3E8E5
:10633C0087F203A509021305050F95BF9D676373CB
:10634C00F506930705E01947B3C7E7020357C900E1
:10635C00970A0020938ACAB0B387E702BE9983A735
:10636C000A02A1CB83A74A026391370703A50A024D
:10637C0091479305A0051308F00F13F7C70FB30649
:10638C00E500B0226313B60683D80600B032639CD6
:10639C009804B307F64063C6870411072286D2859A
:1063AC003A9529BF21677917E36BA7EAB307F54044
:1063BC0071BF0355C9009305E00497C0FF1FE78028
:1063CC00A01623A0AA0259FD59BD8355C9008327E5
:1063DC00490303A60A0289814E85829723A23A03B8
:1063EC0071B723900601B28749BF33868700110627
:1063FC001308F00B6374C8002D459DB5ACA21306B1
:10640C003400719A1106B29786A2BCB279B797097B
:10641C0000209389E9A483A709029DCB03A5090257
:10642C0091471308A0059305F00F13F7C70FB30698
:10643C00E500B0226310060583D80600B0326397DE
:10644C009800B307F640E3DA87F48EA2B287F1BF67
:10645C008347E9000355C9009305E0043305F502B1
:10646C003345050897C0FF1FE780000C23A0A90245
:10647C0055F5F5B30356C9008345E900B385C5024C
:10648C00338687001106E3E9C5F62381060185BF33
:10649C0001458280011106CE2EC6EF40503819C539
:1064AC00B245F2402A2105616F80D05FF240494528
:1064BC0005618280A386018C2386018C23A4018C28
:1064CC0023A2018C23A0018C23AE018A23A4018A70
:1064DC0023A2018A97070020938747A237068403DB
:1064EC0090D33707B40037C6070098C3130606B815
:1064FC003747A000D8C3D0D33707100041669306A6
:10650C00070AB70550009308060194C723A4170384
:10651C0093860501930816F8D4C723A61703B7066C
:10652C00D007B7087F00130807051385060141073C
:10653C0023A81703B0C39308160093860605138689
:10654C001500D8CBF8C323A8070188CF23AE0700CA
:10655C0023AA170323AC070223AE070223A40704C4
:10656C00F0C7B4CB23AA0704ACCF23AE0705B8D32E
:10657C003707A000F8D71307000AB8DB1307C01CB5
:10658C00F8DB37071400B8DF0547F8DFE8D323A49E
:10659C000706930710F8170700202321F79E828027
:1065AC00011152C42A8A214522CC26CA4AC84EC699
:1065BC0006CE2E84B2893689BA8497A0FF1FE78055
:1065CC00803A05C9930700FD1CA19947A30045011A
:1065DC003CA12303250164B123123501AA85228530
:1065EC006244F240D2444249B249224A05616FE00A
:1065FC003FE5F2406244D2444249B249224A056125
:10660C00828023A4A18C828023A2A18C828023A0CF
:10661C00A18C828023AEA18A8280011122CC26CA51
:10662C004AC806CE4EC62A89AE840144B3098900F5
:10663C0063699400F2406244D2444249B249056114
:10664C008280EFE0FFE9B3470508A1832380F900BE
:10665C009307140093F7F70F850963F89700CA970F
:10666C00090488A31374F40FD1B73E84D1B7411138
:10667C0022C4170400201304A4906A20C16706C624
:10668C00FD17630CF500170600200346669B9385E7
:10669C00C18AEF40407AFD577EA0B24022444101AE
:1066AC00828009C925151375F50F1335850E134511
:1066BC00150082800145828023900500C9C2797142
:1066CC0022D426D252CC56CA5AC806D64AD04ECE5E
:1066DC005EC62A8B2E8AB28A3684814463FF5405A7
:1066EC00B307940083C907001389140033490908C0
:1066FC0063850904B387290163C1FA04B307240134
:10670C0083CB07005E85713F0DC99387F9FF23107A
:10671C00FA0063906B03050933052401B25022542F
:10672C0092540259F249624AD24A424BB24B4561E9
:10673C008280CE94B3C4040855B70145C5B7014552
:10674C008280011122CC26CA4AC84EC606CE9704B6
:10675C0000209384E4822E89D0C88CC8C8C42A84B3
:10676C0041469305F00F4A8597A0FF1FE7808048AC
:10677C008549631935038848C1454535414693051C
:10678C00F00F228597A0FF1FE780C04605496315CF
:10679C0025036244C844F240D2444249B249C1453F
:1067AC000561A5BD414681454A8597A0FF1FE7803D
:1067BC006044E31535FDC1B741468145228597A05C
:1067CC00FF1FE7802043E30625FDF2406244D244DC
:1067DC004249B24905618280411122C426C22E84ED
:1067EC00AA8413060002814517F5FF1F130545798E
:1067FC0006C64AC097A0FF1FE780802C17F9FF1F21
:10680C001309097897070020238E8782A30199002A
:10681C00EF80502B854719C1814749452300F9006A
:10682C00B240224492440249410182809DC91DC953
:10683C0085476318F500DC3193E707FCDCB10545AF
:10684C00828089476316F500DC3193F7F703FDB7B7
:10685C008D47E316F5FEDC3193F7F70393E7070456
:10686C00F1BF014582808DC10DC1DC311307000CD5
:10687C00054593F7070C638AE700130700040945E5
:10688C006395E7000D45828001458280411122C449
:10689C00005D06C626C21DC8AA84085009C597C04B
:1068AC00FF1FE780C0D4485009C597C0FF1FE78081
:1068BC0000D4085409C597C0FF1FE78040D3228538
:1068CC0097C0FF1FE780A0D223AC0402B240224441
:1068DC0092444101828009ED97F7FF1F83C7676AD5
:1068EC0017F5FF1F1305456B81CB1385418B8280F8
:1068FC0017F5FF1F1305456A828017F5FF1F034527
:10690C004568828017F5FF1F03254568828017F5BF
:10691C00FF1F0325E567828097F7FF1F83A7876713
:10692C008843828017F7FF1F13078765544B9C42DF
:10693C0085079CC228339307F00F6307F500916518
:10694C0017C3FF1F6700E32D8280011122CC06CEF6
:10695C002E8432C6EF40A07C9147B245631CF500F3
:10696C0083A7C18B89CF9C4399CB22856244F2408B
:10697C000561828783A7418C99C3DC43F5B7F2404C
:10698C006244054505618280797122D42A844A21AA
:10699C004ECE06D626D24AD097C0FF1FE780603471
:1069AC009389C18C29E583C409009307F00F63997F
:1069BC00F40083C5D18C2685F13C19E12386018C2A
:1069CC004A20EF40C0759147631CF50097F7FF1FF5
:1069DC009387075B5620FA236394E6007D57FAA34E
:1069EC00B250225492540259F24945618280582582
:1069FC0004212A893AC6593D4A85EF40702B4A201A
:106A0C00EF40206D83C70900324799C3E38397FA9F
:106A1C009307F00F5220E385F4FA74202820A68502
:106A2C00413679BF79715AC82A8B2E854ECE52CCFD
:106A3C0056CA06D622D426D24AD05EC62E8AB28A2E
:106A4C00B68997C0FF1FE780C02975C5045D2A89E8
:106A5C00FDC09C501305400391E361459C5489C7CC
:106A6C009307450133C50708638609009307C501E1
:106A7C0033C50708DC5089C79307750133C5070870
:106A8C0097A0FF1FE78020EE2A8455C561468145FB
:106A9C0097A0FF1FE780C00297FBFF1F83CB0B491A
:106AAC0063940B00834B0900930700FD1CA0A947BE
:106ABC00A30064013CA0230354018C502312440115
:106ACC001305840191C908C47146130A440397A0A5
:106ADC00FF1FE78060F852858C5491C948C4514619
:106AEC00130A450197A0FF1FE78000F75285638CBE
:106AFC00090008C87146CE85130AC50197A0FF1F6F
:106B0C00E78080F55285CC5099C548C85D4697A062
:106B1C00FF1FE78060F4A2855E85EFE07F92225430
:106B2C00B2509254F249624AD24A424BB24B4A8515
:106B3C0002594561A1BBB250225492540259F249F8
:106B4C00624AD24A424BB24B4561828001114EC619
:106B5C00AA892E8526CA06CE22CC4AC8AE8497C0F6
:106B6C00FF1FE780001821C917F9FF1F0349093CD3
:106B7C006314090003490500194597A0FF1FE7801E
:106B8C0080DE2A840DC98145194697A0FF1FE78036
:106B9C0020F3930700FD1CA0B947A30034013CA0CF
:106BAC0046A0A2856244F240D244B2494A85424989
:106BBC0005616FE0FF88F2406244D2444249B24919
:106BCC0005618280797162C42A8C2E8526D24ECEC4
:106BDC0052CC56CA5AC85EC606D622D44AD0AE8407
:106BEC00B28B368BBA8A3E8AC28997C0FF1FE78068
:106BFC00400F35C52A89414597A0FF1FE780A0D6D5
:106C0C002A8431CD4146814597A0FF1FE78040EB98
:106C1C0017F5FF1F0345853119E10345090093075B
:106C2C0000FD1CA0BD47A30084013CA023047401FB
:106C3C00A304640123055401A305440146A02326A3
:106C4C003401A2852254B25092540259F249624A3C
:106C5C00D24A424BB24B224C45616FE06FFEB250B0
:106C6C00225492540259F249624AD24A424BB24BD4
:106C7C00224C45618280011126CAAA8439454AC832
:106C8C004EC652C406CE22CC2E8AB289368997A023
:106C9C00FF1FE78040CD15CD9307000D1EA1B14716
:106CAC002A84231245013CA1CE851905194697A0CB
:106CBC00FF1FE78060DA23062401A2856244F240BC
:106CCC004249B249224A13F5F40FD24405616FE0F0
:106CDC002FF7F2406244D2444249B249224A05613C
:106CEC008280411126C206C622C44AC097F4FF1FF7
:106CFC0093840429B8309307F00F6308F7042A89AA
:106D0C00394597A0FF1FE78000C62A841DCD930745
:106D1C0000FD1CA1A30025012301050097F5FF1F11
:106D2C00938585270D05194697A0FF1FE780C0D2D4
:106D3C009E24A285A8303EA49C305CA42244B24080
:106D4C009244024941016FE0AFEFB24022449244B9
:106D5C00024941018280011156C2AA8A314526CAD4
:106D6C004AC84EC652C406CE22CC5AC0AE84328A11
:106D7C00B6893A8997A0FF1FE780E0BE3DC92A84F7
:106D8C00268597C0FF1FE780C0F509C55825A14788
:106D9C006311F70417FBFF1F034BBB1E930700FD8A
:106DAC001CA09D47A30054013CA046A02313440102
:106DBC002314340123152401A2856244F240D244E9
:106DCC004249B249224A924A5A85024B05616FE008
:106DDC002FE717FBFF1F034BFB26E3910AFC83A74E
:106DEC00419C9C47C5DFCA864E86D28526858297F4
:106DFC0075B7F2406244D2444249B249224A924A9F
:106E0C00024B05618280411126C2AA84214522C40D
:106E1C0006C62E8497A0FF1FE780E0B415C5930724
:106E2C0000FD1CA1C5473CA13C30AA853CB15E20AD
:106E3C005EA17C207CA17C307CB12244B2402685B2
:106E4C00924441016FE0CFDFB240224492444101B1
:106E5C00828041114AC02A89714526C206C622C4C5
:106E6C00AE8497A0FF1FE78000B03DC5930700FDDF
:106E7C001CA1F5473CA1BC302A849385C4003CB1CD
:106E8C00DE2031051946231CF5FEFE20231DF5FEE0
:106E9C009E24231EF5FEBC24230FF5FEBC34A30F49
:106EAC00F5FE97A0FF1FE78020BBBC28A2854A8572
:106EBC003CA8DE285EA8FC287CA8FC387CB89C2C5E
:106ECC001CAC9C3C1CBCBC2C3CAC2244B240924440
:106EDC00024941016FE0CFD6B240224492440249AC
:106EEC004101828001114AC82A89614526CA4EC6D1
:106EFC0006CE22CCAE89B28497A0FF1FE780A0A655
:106F0C0025C1930700FD1CA1BC302A849385840005
:106F1C001CB195473CA1FC3011051946A30FF5FE99
:106F2C0097A0FF1FE78040B3DE2023063401A28523
:106F3C003EA4BE2C4A857EA4DE2C1EA8FE2C3EA8A8
:106F4C0083C704025CA883C714025CB8BE30F2404D
:106F5C00D2447EA862444249B24905616FE04FCEEB
:106F6C00F2406244D2444249B249056182804111E7
:106F7C0022C406C617F4FF1F130484003C208DC7DF
:106F8C00AA8519461385418B97A0FF1FE780C0ACDB
:106F9C0028209385418BEFF07F892244B2401385E2
:106FAC00418B41016F808032B24022440145410146
:106FBC008280411126C206C622C44AC097F4FF1F24
:106FCC00938404FCB8309307F00F6300F7042A890C
:106FDC00294597A0FF1FE78000992A841DC59307B8
:106FEC0000FD1CA1A147A30025013CA1BC20938559
:106FFC00418B1105A30FF5FE194697A0FF1FE780E3
:10700C00A0A5A830A285EFE0AFC3B8208D47631DC3
:10701C00F70083A7018C89CB9C4799C72244B240C7
:10702C009244024941018287B2402244924402496F
:10703C0041018280797122D406D626D24AD04ECE16
:10704C0052CC56CA09444DCD2A890A212E8A514464
:10705C0097C0FF1FE780E0C8AA845DC197FAFF1FA5
:10706C00938A0AFE83C74A0005474944FD1793F7E4
:10707C00F70F6377F7085825A1476314F7006311DE
:10708C000A089C5C4544ADEF9165938545711305E9
:10709C00C00297B0FF1FE780204988DCAA894D44C5
:1070AC0025C11306C002814597A0FF1FE78040A1B0
:1070BC00835709009386490036852391F900714660
:1070CC009305490036C697A0FF1FE780E0988947D3
:1070DC002380F900DC24B2460356090083C50A005C
:1070EC00E11713B51700EF40B0662A8463060A0057
:1070FC00D2852685EF40E06901C42685EFF00FF9B3
:10710C00B2502285225492540259F249624AD24A10
:10711C004561828097F7FF1F83C7C7F2FD1793F76E
:10712C00F70F05476377F70801114AC806CE22CC42
:10713C0026CA4EC652C4328989472DC22A8AAE89C4
:10714C00368497C0FF1FE780C0B9AA84D14739C5E0
:10715C00485509C597B0FF1FE7806049F1454A853E
:10716C0097A0FF1FE780E09BC8D4AA85CD471DC51B
:10717C00D824A147631DF70209C8382D122993069C
:10718C0025015285EF40E0662A84D820936747009A
:10719C006384090093676700DCA0A287F240624415
:1071AC00D2444249B249224A3E850561828001445B
:1071BC00E9BFC9473E8582809307000463EAA700B4
:1071CC0097F7FF1F938787D33325F5200A218280F9
:1071DC0041657D158280011122CC2A842E8526CA18
:1071EC0006CEAE8497C0FF1FE780A0AF0DCDB7478A
:1071FC000F009387F723094563E2870281450A85CF
:10720C00414697A0FF1FE780A08BA68560800A856A
:10721C0041804081A3010100EF40903FF240624465
:10722C00D244056182804945D5BF97F7FF1F238A59
:10723C00A7E082806F40304C797152CC2A8A32851B
:10724C0026D24AD04ECE56CA5AC85EC662C406D69C
:10725C0022D42E8CB28A368BBA8B3E89C289C684D4
:10726C0097C0FF1FE780E0A705C92A84631A0A1894
:10727C0093774B000343450085CF1363230163943D
:10728C000B1663100914639F090885E81C5C1373C3
:10729C00B3FF23026400C5EBB2502254925402593E
:1072AC00F249624AD24A424BB24B224C456182802F
:1072BC001373D3FF13630301D9B713634300230282
:1072CC0064009C484146A6851CD413058401979004
:1072DC00FF1FE780607863130C12638C0B0A485411
:1072EC0009C597B0FF1FE7808030F1455E8597A0F8
:1072FC00FF1FE780008348D4005C59DC1C5091EBE5
:10730C00916593853571714597B0FF1FE780C0215A
:10731C0008D008500DC17146DE859790FF1FE7809D
:10732C00A07311A81363430023026400D9F8005C16
:10733C00630C0C0235D0639A0902A5E029A0005C0D
:10734C0021DC639409022254B2509254F249B24B9C
:10735C00224CCA865A860259424BD6855285D24A4D
:10736C00624A45616FF00FEC05D85C5091EB91656A
:10737C00938525715D4597B0FF1FE780E01A48D0D3
:10738C00485045DD5D46CE859790FF1FE780C06C69
:10739C006DB7005C11D0E39A09FC1C5491EB91651C
:1073AC0093851571514597B0FF1FE780E01708D4FE
:1073BC00085451D95146A6859790FF1FE780C069A4
:1073CC0059B71363430023026400E39C04EEE30803
:1073DC000CF6485405EDF1454A859790FF1FE78060
:1073EC00407448D431A81363430023026400E39A29
:1073FC0004ECE3060CEEE31E09FCFDBDE31B09FCEB
:10740C00005CE30B04E8E39B0BEE35B797B0FF1F72
:10741C00E780E01DC9B7011126CA52C406CE22CCA2
:10742C004AC84EC62A8AAE8497C0FF1FE780608B7D
:10743C0035C12A8939459790FF1FE780C0522A84AD
:10744C0031C997F9FF1F83C969AE63940900834959
:10745C0009009307000D1EA0AD473CA093056900E1
:10746C001305340019469790FF1FE780E05E93F7F1
:10747C0014005CA493D4144844B423154401A2858D
:10748C006244F240D2444249224A4E85B2490561D7
:10749C006FD01FFBF2406244D2444249B249224AA7
:1074AC000561828001114EC652C456C206CE22CC52
:1074BC0026CA4AC8AA8A2E8AB28997C0FF1FE780BB
:1074CC00408235CDAA841305C0029790FF1FE78038
:1074DC0080492A842DC517F9FF1F034929A5631478
:1074EC00090003C904009307000D1EA0E9473CA046
:1074FC00938564001305340019469790FF1FE780AD
:10750C00A055D285231554011305C400414697900C
:10751C00FF1FE7806054CE851305C4014146979048
:10752C00FF1FE7806053A2856244F240D244B24907
:10753C00224A924A4A85424905616FD07FF0F24057
:10754C006244D2444249B249224A924A056182803D
:10755C0003A5418A01CD411106C697B0FF1FE780F4
:10756C000009B24023A2018A41018280828041112C
:10757C0022C406C626C24AC02E8497B0FF1FE780DD
:10758C00407629CD00D517F9FF1F0349299AAA8403
:10759C00631409000349050041459790FF1FE780DC
:1075AC00803C2A8405CD9307000D1EA1A5473CA164
:1075BC00DC30938564001105A30FF5FE19469790F6
:1075CC00FF1FE78060499C54A285B2405CC42244F2
:1075DC0092444A85024941016FD09FE6B240224451
:1075EC009244024941018280011122CC26CA06CE66
:1075FC002A84AE8497B0FF1FE780A06E19C96C0077
:10760C0022854486EF40A015F2406244D2440561C5
:10761C0082805145D5BF6F30D025C1671387E7FFF6
:10762C006391E50283A7418C91EB494582804945E2
:10763C00B240224492440249410182809C43F5D7D6
:10764C008287411122C426C24AC006C6FD172A8968
:10765C002E84B2846394F50283A7418C89C79C4322
:10766C0099C3829711C5A6854A85EFE0BFE269F1FF
:10767C002386218DA386918C01455DBF2E8597B005
:10768C00FF1FE780006645D51C210D45E39227FBC3
:10769C0022852244B2400249A685924441016F7072
:1076AC0070409307000463E1A7064111C16722C42F
:1076BC0026C206C6FD172A84AE8409456380F502EE
:1076CC00C5476312F4022E85EF70B04497F7FF1F85
:1076DC009387C7823324F420014506A0B24022448C
:1076EC009244410182809307A0036316F4002E8517
:1076FC00EF70D03BE1BF9307B003E319F4FC13F533
:10770C00F50FEF70F03AD9B709458280011106CE1A
:10771C002AC6EFE03FDAEF10B036EF108054EF30AE
:10772C005147324597F7FF1F93878785130700F062
:10773C00BAA3238207007D5797F7FF1F93874790C3
:10774C00B8A388A3F240954505616F20604475711C
:10775C0026C306C722C54AC1CEDED2DCD6DADAD8B9
:10776C00DED6E2D4E6D2EAD0EECEAE849397556064
:10777C0063D8075217FAFF1F130A8A8C03450A00B5
:10778C00130B200A930BF00F9790FF1FE780C02379
:10779C00C167FD172A84130C1009954C394D97EDD0
:1077AC00FF1F938DED7D3ECC15E01395F468BA4028
:1077BC002A449A440A49F659665AD65A465BB65B2D
:1077CC00265C965C065DF64D496182801C20639AAE
:1077DC00670103C93D00E2452A202286EFF0EF96AF
:1077EC00D1A003492A00639A87091C306390970340
:1077FC002285EFF06F992285EFD07FBF03450A00F9
:10780C009790FF1FE780401C2A8479BF6393A719C8
:10781C004A208567A507631AF5040C4497E9FF1FF6
:10782C0093890976882115E51946850517E5FF1F0B
:10783C00130585769790FF1FE780002203C7090088
:10784C008547631CF70289472380F900EF70D02726
:10785C005DB703C7090085476311F70297E7FF1F60
:10786C0023800772EFF0EFC779B709679307C7005A
:10787C0063EDA70405076369A702E30E79F7A285F8
:10788C004A85EFD0FFBB9DBF370700181307F77071
:10789C00B357F748F5C383A7018CB1DF9C43A1DF35
:1078AC002285829729F9D1BFF977F917AA97294729
:1078BC00B3C707086362F70C17A701001307070C7F
:1078CC00B3C7E7209C43BA978287F9779387A7FCC5
:1078DC00AA97F146B3C70708E3F8F6FA3907E31E8F
:1078EC00E5F883A7418CE38807F0DC43E38507F0D8
:1078FC000965A285390595A883298400E38F09F6CB
:10790C0003C7090097E7FF1F9387876719EB03C726
:10791C00290083C619002207558F9AA703C739007F
:10792C0098B394230947E39AE6F403C7090001CB03
:10793C0097E7FF1F2386076403C5090025B78C331F
:10794C008A270D4798A3EF204027FDB71C448823B6
:10795C00EFF02FE64DB583A7818CE38E07E89C43AF
:10796C00E38B07E80965A2852D05829725BF1C448A
:10797C009C23E39407F041B5896793871704E31EB2
:10798C00F5EE83A7818CE38807E69C43A285F1FF83
:10799C009DB53D47639EE7044A2089671387D7004E
:1079AC006306E500138797016318E50083A7418CF4
:1079BC00E38307E4DC43D9BFCD07E310F5ECC167E3
:1079CC0017E7FF1F0357275CFD17631DF70083A7FD
:1079DC00418CE38207E2DC43E38F07E00965A28573
:1079EC004D0561B783A7C18BE38707E09C43EDB7D7
:1079FC001307E003E393E7E83C200547639DE7109A
:107A0C007C20938A418A6399070E83A70A006380BE
:107A1C00070E83C907002149683093078400BE858F
:107A2C003ECEEFE05FE468B013064002814568107B
:107A3C009790FF1FE780C0083C30194693058400DF
:107A4C00A307F1027C304818A309F1029790FF1F9D
:107A5C00E78080005E207010CA852318F1027E2416
:107A6C004E852313F1041E282314F1043E282315FC
:107A7C00F1045C282306F104FD57A306F104231737
:107A8C00F104EFF02FC63C309DE3DD478358040131
:107A9C000358E40074304E203EC23E281307840085
:107AAC003EC0CA8705464E85EF30E07928B083A7E3
:107ABC000A0099C31145693C9389C18C03C509001F
:107ACC00E30B05D283C5D18CEFE0DF9CE30505D237
:107ADC003430930710036389F600522083C50900E4
:107AEC004A873685EFE0DFAB2386018C29B397E913
:107AFC00FF1F83C9194905B783A7018C97E9FF1F9D
:107B0C0083C9394899C3DC4399E3114931B781459D
:107B1C0001458297DDBFF91793F7F70F1307700232
:107B2C00E36DF7D417A70100130707E8B3C7E720E5
:107B3C009C43BA9782877C20938A418AA9EB83A7BE
:107B4C000A00A9C383C9070021496830937725002F
:107B5C00B1CF05891307440168B02286CA854E85CA
:107B6C003ACEEFF02FB83C307247B1F3DD47835873
:107B7C00C4010358A40174304E203EC27E2C3EC07A
:107B8C00CA870DB797E9FF1F83C9B93F75BF83A794
:107B9C00018C97E9FF1F83C9D93E99C3DC4399E354
:107BAC00114965B7814501458297DDBF13078400F4
:107BBC00BA853ACEEFE03FCB724779BF83A7818C71
:107BCC00E38B07C2DC43E38807C22285829725B189
:107BDC0083A7818CE38107C29C47F5B722868D452C
:107BEC004A20EDBE9305A10213051031EF30817FC1
:107BFC006C1013052031EF30E17E72208357C102E7
:107C0C004A2063E7C70016240357A10263F7E60076
:107C1C0093050002EF70E06EF9BE6373E6007AA084
:107C2C0063F3D7001EA45A24362412246E20014874
:107C3C008147EF70C06CC1B62286B14555B783A79A
:107C4C00818CE38A07BADC47BDBF2285EF00E07662
:107C5C005DB683A7818CE38007BA9C4BADB72285B8
:107C6C00EF00A07F49BE0145EF00700E69B683A7F7
:107C7C00018CE38407C0DC43E38107C081450545E3
:107C8C008297E5BE83A7018CE38907BEDC43E386BC
:107C9C0007BEA2850945EDB722869305600289B718
:107CAC0093F7150099CB83A7818C89C7DC4399C3C3
:107CBC000145829713C51400DDBC93F7250081CFD5
:107CCC0083A7018C91C7DC4381C781450545829709
:107CDC0013C52400E9BC13F54500E30A05AC83A7E2
:107CEC00818A17E4FF1F1304A42999CB85475CA054
:107CFC0083A7018C91C7DC4381C7814505458297D9
:107D0C0048446C10EF30507D6810EFF04FA697E7A9
:107D1C00FF1F83D7C72081CF130600643386C702A9
:107D2C00914517E5FF1F0345A531EFD03F9313C5D0
:107D3C004400B5BC011122CC2A84554506CE26CA76
:107D4C00EFF08FC7AA8413054002EFF0EFC62AC6E6
:107D5C0013055002EFF04FC6AA86228562443246C4
:107D6C00F240B3359000D24405616F7020603971D8
:107D7C0022DC06DE0D472E84631AE500BA25962513
:107D8C00F2212830CE21EFE01FFD89A80967930668
:107D9C00D700AA876319D504BC21A9C31384418ACF
:107DAC000C408DCDDC87BC31194691054808A309E0
:107DBC00F1009790FF1FE78020CA930700F03ED692
:107DCC001C40231801002313010202D488237000E5
:107DDC008145EFF02F910545EFF08FF70545F250F7
:107DEC006254216182809306E700E309D5FE930675
:107DFC0037016319D500A82175D101478146014689
:107E0C00814551B76507E30BE5FC31476319E50084
:107E1C0017E5FF1F0345F516EFE0FFFEC1B713078B
:107E2C0060026319E50017E5FF1F03459515EFF098
:107E3C004F826DB741677D170145E392E7FAD83160
:107E4C00C947E31DF7F8F625D2250A24AE25EF70B5
:107E5C006053854711C55D45EFF00FB6B337A000F1
:107E6C004C202A2030007C84EF20507E3C84BDF7CF
:107E7C009305A10013051031EF30C1566C001305AA
:107E8C002031EF3021563C851A246373F7001EA471
:107E9C003C863A2463F3E7003EA41E243A24637321
:107EAC00F7003EA42A20EFA0A0347A2456243224D2
:107EBC000E242A2001488147EF70804205B74111FA
:107ECC004AC006C622C426C217E9FF1F1309491768
:107EDC00034779009307F00F6302F706AA8439CDA4
:107EEC00682551059790FF1FE780E0A72A8439C5C4
:107EFC009307000D1EA1D9473CA1DE205EA1FC20FA
:107F0C007CA1FC307CB19C241CA5DC345CB5F02439
:107F1C0070A515C28C48510508C89790FF1FE780C3
:107F2C00A0B3A285224403457900B2409244024991
:107F3C0041016FD0EFD023280500E5B7B2402244B1
:107F4C009244024941018280C1679386E7FF2A87E8
:107F5C00639BD50083A7418A99CF9C230D45639DD4
:107F6C00E7006F702037FD1749456397F50083A72D
:107F7C00418AE5FB828049458280397122DC06DE2C
:107F8C0026DA4AD84ED652D456D25AD01821854722
:107F9C002A84630BF7001025930695009305E101E5
:107FAC000545EFE06FF11DE98147014514201147AC
:107FBC00638DE60203A7818D18338D466307D702C4
:107FCC008DC705C711ED0145F2506254D254425988
:107FDC00B259225A925A025B216182801C21F9B754
:107FEC008546631DD7028D8BF9DF0830930524007D
:107FFC002EC6EFE05F8708B01389C18D8327090077
:10800C00AA8981448DC3B245138A018E130BF00FDC
:10801C0083470A0063EBF400814481A08946E31492
:10802C00D7FA858BD1B7054545B783270900939AB5
:10803C004400D6979823630C67059833631937056A
:10804C001946138527002EC69790FF1FE78060B254
:10805C00B24515CD83240900D69418209147C1E868
:10806C00E303F7F683240900B9DC83460A00814751
:10807C001306F00FE389F6F403C80400138504011A
:10808C00630BC800850793F7F70FAA84E5B785043F
:10809C0093F4F40FB5BF98A01C3013852400194637
:1080AC009CB09790FF1FE780209B082491659385D7
:1080BC00F571050597A0FF1FE780004705C1182043
:1080CC0091476314F702C8C4102493059400050566
:1080DC00A30FC5FE9790FF1FE78000981C24A1F703
:1080EC0008207D1513351500C5B588C4F1BF631183
:1080FC00F706C8441C2405C11021630DF604182092
:10810C0091476317F706C84419C597A0FF1FE7806E
:10811C00004E23A60400082491659385E57105059E
:10812C0097A0FF1FE780404005C118209147631AB4
:10813C00F704C8C41024930594000505A30FC5FECD
:10814C009790FF1FE780409108243335A000ADBD08
:10815C0088444DB79305940005059790FF1FE78061
:10816C0040A18547E31DF5F85545EFF0EF849DBF21
:10817C00884455D197A0FF1FE780604723A40400D3
:10818C0059BF88C445BF397122DC4AD84ED652D467
:10819C0006DE26DA56D25AD05ECE2A841309250082
:1081AC000831CA85138A818DEFE0EFEB08B0832785
:1081BC000A000D47AA899C33639DE700138AC18D81
:1081CC0083270A008144938A018E639F070E05451D
:1081DC002DA0EDD7144C70389305E1000545EFE068
:1081EC00AFCDAA841DC903270A0085461C2118336C
:1081FC006310D7028D8BF9F30145F2506254D254BF
:10820C004259B259225A925A025BF24B2161828036
:10821C008946858BE314D7FAF9BF1C201147638577
:10822C00E7002D47E39AE7FC938AC18D83A70A00E8
:10823C00014A938B018EE9D303C70B00B3470A089D
:10824C0063E4E700A5FC4DBF03A50A00131B4A001D
:10825C001C205A9518216310F7021C31639D3701BD
:10826C001946CA8509059790FF1FE780809001C5C4
:10827C0083A40A00DA94050AC1B783A9840059A81B
:10828C000C4C138519009790FF1FE780808E854753
:10829C006317F5085545EFE03FF24DC1B1BF1C2007
:1082AC0011476385E7002D47639DE700C8C470380C
:1082BC000505A30FC5FE0C4C9780FF1FE780C07906
:1082CC00B5A888C4EDB7850403C70A00B3C7040872
:1082DC0063F8E70603250A00139B44001C205A95FB
:1082EC001821E312F7FE1C31E39F37FD1946CA85AE
:1082FC0009059790FF1FE780C08771D583240A007A
:10830C001C201147DA946385E7002D47E397E7F6C5
:10831C0083A9C4007C3803C60900E303F6F64E8536
:10832C0097A0FF1FE780A02C683891659385E571B5
:10833C00050597A0FF1FE780201F35F1E39904E89E
:10834C0003C70A0083240A0081479306F00FE3F069
:10835C00E7E88C20138604016387D5008507B28477
:10836C00B3C70708EDB7E38404E61C20CA85138560
:10837C0024009CA01C3019469CB09780FF1FE780FE
:10838C00A06D683891659385F571050597A0FF1F61
:10839C00E7808019E30D05E218209147631DF70073
:1083AC00C8C470380505A30FC5FE0C4C9780FF1F81
:1083BC00E780806A29BD88C4EDB701114AC806CE92
:1083CC0022CC26CA17E9FF1F130989C70347790076
:1083DC009307F00F630DF706AA8435C961459780A2
:1083EC00FF1FE78040582A843DC19307000D1EA152
:1083FC00D5473CA1BC30938584002EC63CB1DE2011
:10840C005EA1FC207CA1E830EFE0EFC5B24568B07E
:10841C001946130584009780FF1FE780E063FC2456
:10842C00A285034579007CA49E281EA8BC283CA8E4
:10843C00BC383CB8DC285CA8DC385CB8FC287CA8D0
:10844C006244F240D244424905616FC07FFFF24062
:10845C006244D244424905618280411126C206C65B
:10846C0022C497E4FF1F9384A4BDF8309307F00F48
:10847C006309F7022A8415C519459780FF1FE78009
:10848C00804EAA8519CD9307000D1EA1DD473CA196
:10849C005E202244B2405EA1E830924441016FC09C
:1084AC003FFAB2402244924441018280011126CA13
:1084BC009384C18D9C4006CE22CC4AC84EC652C471
:1084CC008DC32A89AE89131A450001448840631272
:1084DC004403638A090497A0FF1FE780401123AE71
:1084EC00018CF2406244D2444249B249224A0561AD
:1084FC008280B3078500884709C997A0FF1FE780D2
:10850C00000F9C40A29723A407009C40A297C84749
:10851C0009C997A0FF1FE780800D9C40A29723A656
:10852C000700410465B755DD228681459780FF1F02
:10853C00E7800059944081477D5613F7F70FE3729B
:10854C0027FB13974700369710A38507FDB7797162
:10855C0052CC138A818D83270A0006D622D426D2C8
:10856C004AD04ECE56CA5AC85EC6CDCF2A89938AF7
:10857C00018E814409ED83A6C18D91CA03C60A0000
:10858C0081479305F00F13F7F70F6369C702139533
:10859C00340021059780FF1FE780E03C2A8415E911
:1085AC0021459780FF1FE780003C2A8425C1C567C1
:1085BC009387073D1CC12322040099A01397470001
:1085CC00369718236305B700850493F4F40F8507D9
:1085DC005DBF930700FD1CA18547A30025013CA1AD
:1085EC0024B1F1D813098500232225018149138B6D
:1085FC00C18D930BF00F83C70A0063F3F90095EC60
:10860C0083270A00A2858823EFC09FE303C50A00D5
:10861C008145693D03250A0097A0FF1FE78020FDD7
:10862C0023AC018CB250225492540259F249624A42
:10863C00D24A424BB24B4561828083250B00939703
:10864C004900BE959C21638377032300F9009C317C
:10865C0013052900FD14A300F9001946890593F4AC
:10866C00F40F9780FF1FE780203F2109850993F9BC
:10867C00F90F51B783A7818DA9C7411122C406C632
:10868C002A8415E10945EFE03FB32A8601C98545E7
:10869C0017E5FF1F0345C59AEFC05FFC0545EFF0DA
:1086AC006FE92A8411C9854517E5FF1F03454599D4
:1086BC00EFD06FA32285613DB240224405454101B4
:1086CC0082800145828089679386B7006315D50047
:1086DC009C45882345B79386C7006317D5009C45F6
:1086EC008546882319C9FDB793861704E302D5FE86
:1086FC00938727048146E304F5FE368582800111B9
:10870C0006CE22CC26CA4AC84EC652C456C255CD35
:10871C003C312A8999CF444189CC5945EFE0DFA9F6
:10872C008149938A818D131A45608347390063EB25
:10873C00F900F2406244D2444249B249224A924A78
:10874C00056182808387840263C8470783A70A0078
:10875C00A5C72685EFF07F8225C188245105978017
:10876C00FF1FE78040202A8421C99307000D1EA11A
:10877C00B5473CA19C201946938524003CB18387C6
:10878C00840215057CA19C30A30FF5FE9780FF1F7A
:10879C00E780802C902450A415C61305440108C80A
:1087AC00938594009780FF1FE780002B83A70A0016
:1087BC00A2858823EFC0DFC885099384940293F9BE
:1087CC00F90FA5B723280400D5B783A7818DB5D39E
:1087DC00BD3B6244F240D2444249B249224A924AD9
:1087EC00014505616FF00FD5797106D622D426D2DA
:1087FC004AD04ECE52CC56CA5AC85EC645CD3C3134
:10880C002A899DC344418DC05945EFE0FF9A8904E4
:10881C008149938A818D130B00FDC14B131A45605E
:10882C008347390063EDF900B25022549254025937
:10883C00F249624AD24A424BB24B456182808387ED
:10884C00D40063C4470783A70A00A5C3514597808A
:10885C00FF1FE78040112A8429C923006501A3006A
:10886C0005002301750183C7E4FF1946A6853CB1B9
:10887C008387D40015055CB583C7F4FFA30FF5FE01
:10888C009780FF1FE780401DFC2093857400130523
:10889C00C4003CB419469780FF1FE780E01B83A7F8
:1088AC000A00A2858823EFC0BFB9850993F9F90F97
:1088BC00C104BDB783A7818DA5DB51392254B250B9
:1088CC0092540259F249624AD24A424BB24B014588
:1088DC0045616FF02FC6797106D622D426D24AD0C4
:1088EC004ECE52CC56CA5AC85EC662C466C2630A21
:1088FC0005223C312A8995C7404105C45945EFE012
:10890C00BF8B09048149138A818D914B354C179B80
:10891C000100130B6B13931A45608347390063EF07
:10892C00F900B250225492540259F249624AD24A86
:10893C00424BB24B224C924C456182808307A4007F
:10894C0063CA571583270A0063860714834CE4FF18
:10895C0093F70C01CDC793870CFF93F7F70F63695F
:10896C00FC00B3C767219C43DA978287230F04FE70
:10897C001305E4FFEFF03F81630E05108347E4FF1E
:10898C0063EFFB1005476398E70A51459780FF1F7B
:10899C00E78060FDAA84630F050E930700FD1CA100
:1089AC00C147A30005003CA18347E4FF1946A285FB
:1089BC003CB18307A40015055CB58347F4FFA30FF6
:1089CC00F5FE9780FF1FE78020097C24194693054C
:1089DC00F400BCB41385C4009780FF1FE780C00768
:1089EC0065A08547230FF4FEA30A040051B78947FD
:1089FC00230FF4FEB5BF8D47E5BF9147D5BF93F765
:108A0C008C0099C3AD47EDB713F71C0093F74C00DE
:108A1C0011C799C39547F9B7A147D9BF13F72C00D4
:108A2C0011C799C3A5477DBF9947D9B799C3A94722
:108A3C00C1B79D4775BF483851059780FF1FE78028
:108A4C0080F2AA8421C99307000D1EA1B5473CA151
:108A5C008347E4FF1946A2853CB18307A4001505A2
:108A6C007CA18347F4FFA30FF5FE9780FF1FE780DF
:108A7C00A0FE5038D0A419C61385440188C883259C
:108A8C00640199BF23A8040083270A00A6858823C4
:108A9C00EFC01F9B850993F9F90F7104BDBD4838D0
:108AAC00130505029780FF1FE780E0EBAA847DD1B8
:108ABC009307000D1EA1C9473CA18347E4FF93FC1B
:108ACC000C061946B3E797013CB18347F4FFA28526
:108ADC001505A30FF5FE9780FF1FE780E0F77C20BC
:108AEC0019469305F400BCB47C3013853401DCA426
:108AFC001C24DCB41C34FCA48307A400FCB45E244A
:108B0C009EA87C24BCA89780FF1FE780E0F4503817
:108B1C0090BC09C613850402C8CC95B723AE0400DB
:108B2C00A5B783A7818DE38E07DEEFF05FA22254F9
:108B3C00B25092540259F249624AD24A424BB24B59
:108B4C00224C924C014545616FF0CF9E03A7818D5D
:108B5C0005CB1823AA870D456315F70241118545EE
:108B6C0017D5FF1F0345C54D06C6EFC0DFD713054C
:108B7C000003EFF0DF9DB240014541016FF08F9B88
:108B8C004945828079714AD01389818D83270900E8
:108B9C0006D622D426D2CDEB17D4FF1F1304444A99
:108BAC005820C947298B51CB9165AA849385D571DF
:108BBC00114597A0FF1FE78020972320A900CD47E0
:108BCC002DCD78309307F00F6314F7009C207CB008
:108BDC001146A6859780FF1FE78000E893053101B9
:108BEC001305F041EF10910597D7FF1F9387473975
:108BFC00A023034731013334800011C3090413054A
:108C0C001002EFE06FDB1376F50F0589E14715C510
:108C1C00154532C6EFE04FDABC20E8841945230A2B
:108C2C00F100EFE06FD93246AC30E8867C083808AA
:108C3C0054082285EF604073AA87B2502254925494
:108C4C0002593E8545618280C547C5BF97D7FF1F36
:108C5C0083C7473FA18B1385018D91E301456FD0ED
:108C6C00BF9A2380018EFD5717D7FF1FA30DF73C2A
:108C7C0023AE018C23AC018C97D7FF1F938747320F
:108C8C0017070000130767A498C317070000130702
:108C9C0047A7D8C317070000130747B598C717078E
:108CAC000000130787C3D8C717F7FFFF1307672107
:108CBC0098CB9387018D17F7FFFF1307272998C3CC
:108CCC0017F7FFFF1307E70AD8C38280411122C4AC
:108CDC0026C206C61384018EAA8408208545EFF0AF
:108CEC00EFFC97D7FF1F83C7E735A98BADC717D507
:108CFC00FF1F1305E52A04A0EFD0BF909384C18D0C
:108D0C009C4099C74D45B240224492444101828017
:108D1C00082019E10145C5BF91659385B571120510
:108D2C0097A0FF1FE780408088C069DD1020814537
:108D3C0012069780FF1FE780A0D81420904081472F
:108D4C00FD5513F7F70FE377D7FC139747003297CE
:108D5C000CA38507FDB701452380018EEFD07F8AD8
:108D6C0055BF03A5818A01CD411106C697A0FF1FEF
:108D7C00E780E087B24023A4018A4101828082808F
:108D8C0001111305700306CEEFE00FC32AC61305BD
:108D9C008003EFE06FC22AC413059003EFE0CFC14C
:108DAC002246B245F240AA86054505616F60405BDC
:108DBC005D711305D00386C6A2C4A6C2CAC0EFE07B
:108DCC00AFBF2A841305C003EFE00FBFAA841305BD
:108DDC00E003EFE06FBE2A891305F003EFE0CFBD8F
:108DEC008A871377F50F9376F90F13F6F40F9375B3
:108DFC00F40F0545EF604058B640264496440649AA
:108E0C0061618280011122CC06CE26CA0D472E84C8
:108E1C006317E504B831E947CA2197D4FF1F93843F
:108E2C0024166315F700FE206387A70497A0FF1F85
:108E3C00E78020EB722011C172A53A2416244E2033
:108E4C002830EFD05FF15A20FE206314F700FD5755
:108E5C00FEA00545F2406244D24405618280096758
:108E6C004D07AA87631CE500BC2131476385E700E9
:108E7C004547E390E7FEEFD08FFFE1BF3147631921
:108E8C00E50017D5FF1F0345F51BEFD0DFF7D1B772
:108E9C00130760026319E50017D5FF1F0345951AE8
:108EAC00EFD03FFB7DB741677D170145E394E7FAAF
:108EBC00D831C947E310F7FACC212A20300023140B
:108ECC000100EF10B07371B71971A2DC1384818AA1
:108EDC001C4086DEA6DACAD8CED6D2D4D6D2DAD008
:108EEC000545638A070C9305F1051305F041EF1056
:108EFC00E1549305F1051305F041EF10215497D778
:108F0C00FF1F9387E707BC230347F105B337F00036
:108F1C0011C389071840BEC6283393054700EFD00C
:108F2C00FF901840AAC40D452C23AEC2EFE0CFA889
:108F3C00AAC01145EFE04FA8832A04002ADE65453C
:108F4C0003C7AA0003CBBA003ADCEFE0EFA62A84F1
:108F5C006945EFE06FA6AA847145EFE0EFA52A8979
:108F6C006D45EFE06FA5AA897545EFE0EFA42A8A5D
:108F7C007945EFE06FA42648B6476257F25606468D
:108F8C0096451375F50F137AFA0F93F9F90F1379B8
:108F9C00F90F93F4F40F2ACC1314446002D002CED0
:108FAC0052CA4EC84AC626C422C25AC093884A0026
:108FBC000545EF604036F6506654D6544659B659BE
:108FCC00265A965A065B09618280411122C44AC016
:108FDC0006C626C21389918F834709001307E00F39
:108FEC002E846382E7041307F00F6385E7021145B3
:108FFC009780FF1FE7802097AA8509CD930700FD76
:10900C001CA189473CA1854700B13CB1034509002F
:10901C00EFC00FC3F9572300F900B2402244924429
:10902C00024941018280AA8411459780FF1FE78085
:10903C008093AA857DD1930700FD1CA1894700B1BF
:10904C003CA124B12244B2409244024903C5818F11
:10905C0041016FC0EFBE011126CA9384818A9C40E6
:10906C0022CC06CE4AC84944B1C39C230D44639F0D
:10907C00A70217D9FF1F1309A9FC0345090089454D
:10908C00EFC07F86034509009145239A018EEFC0FE
:10909C009F859C400147814680B31306F1008547AC
:1090AC0085450145DC87EF60602B2A84F2402285E0
:1090BC006244D244424905618280011106CE22CC21
:1090CC0026CA4AC84EC685476318F5061384418FD5
:1090DC001E20A1CB17D7FF1F0347C7EA39E313079D
:1090EC00B003636CF70297D4FF1F938464F5882058
:1090FC008945EFC04FFF1220930700648820330688
:10910C00F6028945EFC08FD5239A018EF240624456
:10911C00D2444249B24905618280938747FC1EA024
:10912C00F5B783A7818AFDD36244F240D244424909
:10913C00B2498823056105B79389818A83A7090001
:10914C00F1D717D9FF1F1309A9EF83474900918B5A
:10915C00D5DF89476311F5062D45AE849780FF1F37
:10916C00E78060802A845DD1930700FD1CA1E54750
:10917C00A30005003CA1BC3015051946230FF5FED4
:10918C00DC2093855400A30FF5FE9780FF1FE7802A
:10919C00A08C034559009307F00F6315F50083A7C6
:1091AC0009008823A2856244F240D2444249B24964
:1091BC0005616FC0EFA8034509008945EFC0AFF208
:1091CC006244F240D2444249B249239A018E05616D
:1091DC006FF03FB983A7018F89CFD2238C43411104
:1091EC0006C69780FF1FE7802087B24001454101EA
:1091FC0082800945828083A7018F95C303A7C18E06
:10920C00894719CF52230C43411106C69780FF1F83
:10921C00E7808084B24081473E8541018280894746
:10922C003E85828083A7018F95C303A7818E8947D2
:10923C0019CF52230C43411106C69780FF1FE780BC
:10924C00A081B24081473E854101828089473E859D
:10925C00828097D7FF1F83C7E7DE918B99CF41118F
:10926C001385418E06C6EFD0EFBAB240FD5717D723
:10927C00FF1F231AF7D04101828001456FD08FB9AF
:10928C00FD57238CF18EF957A38CF18EA38B018E95
:10929C00238B018E239A018E23A8018E23A6018E87
:1092AC0023A4018E97D7FF1F9387C7D01707000001
:1092BC001307271F98C317070000130747E0D8C3ED
:1092CC0017070000130787C098C71707000013077C
:1092DC0067ABD8C7170700001307C7AD98CB970724
:1092EC000000938767B223A2F18E8280411126C2BF
:1092FC009384818A9C4006C622C495CB2A840D4552
:10930C009770FF1FE7802066AA8519C9930700FD97
:10931C001CA18D4700B13CA19C408823EFC04F920B
:10932C0019C42244B240924441016FF09FA3B24051
:10933C00224492444101828079714AD01389818AF6
:10934C008327090006D622D426D24ECE638F070C73
:10935C0098338547AA8497D9FF1F938969C2630103
:10936C00F70483C749008DE70D459770FF1FE78011
:10937C00805FAA8501CD930700FD1CA1914704B124
:10938C003CA1832709008823EFC08F8BEFF07F9DD2
:10939C000545B250225492540259F24945618280DB
:1093AC0083A7018F89CB9443D2239305E100054514
:1093BC00EFD08FB011ED0145EFD01FE02A8631C2FE
:1093CC00894517D5FF1F0345A5C7EFC02FA915A8C1
:1093DC001C21858BEDD30545EFD01FDE9307B00321
:1093EC002A8463FFA7025D6613060670894517D5AC
:1093FC00FF1F0345E5C4130444FCEFC0CFC6239AFA
:10940C00818E83270900094798B383C7490091C708
:10941C0097D7FF1F238807B6A5BF2685C13D8DBFF3
:10942C00930700643306F50259BF01459DB74111FE
:10943C0022C42A840D4506C69770FF1FE780A052F0
:10944C0019CD930700FD1CA1CD4700B13CA12244CE
:10945C00B240AA8503C5818F41016FB07FFEB24037
:10946C00224441018280411122C42A840D4506C642
:10947C009770FF1FE780204F19CD930700FD1CA1AB
:10948C00ED4700B13CA12244B240AA8503C5818FAF
:10949C0041016FB0FFFAB2402244410182805A214F
:1094AC000111896606CE22CC26CA13866600AA87CD
:1094BC006316C7009C4701458C2351A813860604EC
:1094CC006365E60413865603636FE6001386960005
:1094DC006307C7081386A6006302C712A1066305BB
:1094EC00D706014585A8F9769386A6FC3697A9463A
:1094FC0033470708E3E7E6FE978601009386465854
:10950C003347D7201843369702871386160563070F
:10951C00C71693862605E316D7FC1C45802383C704
:10952C00618F2285639F07140D459770FF1FE7809D
:10953C008043AA8519CD930700FD1CA1F14700B10A
:10954C003CA103C5818F35A29C4705458C23EFF0C8
:10955C00DFA70545F2406244D2440561828003A72F
:10956C00818A014565DB9C47882359E585471CB3F7
:10957C000545EF50F055F1BF1C459384918F1307AF
:10958C00E00F80239C20638BE7021307F00F6384AA
:10959C00E70211459770FF1FE780E03CAA8501CDDB
:1095AC00930700FD1CA1894700B13CA1A301050054
:1095BC008820EFB0FFE8F9579CA061BF9384818AA3
:1095CC009C400145C1DB05E805447D454085EFD055
:1095DC00BFBE688613050002EFD01FBE9C40C88535
:1095EC001307B10080B374001306A100854505452F
:1095FC00EF50D056B9BF2285D539A1BF9C476244E4
:10960C00F240D2448823056105BB1C4509458C23D7
:10961C003DBF1C4588232DE16C001305D030EF10A5
:10962C00715CB247414793F7070FE384E7F2930568
:10963C00B10013056031EF10F15A88858545EF5064
:10964C00705201BF1C45802383C7718F22858DE723
:10965C000D459770FF1FE7800031AA85E30B05EEDF
:10966C00930700FD1CA1D14700B13CA183A7818ABF
:10967C008823EFB0FFDCF1BD5D3BE1BD1C458823C9
:10968C0019C1D533F9B585450545EF50304FD1B5E6
:10969C00411122C417D4FF1F0344C49A06C615886F
:1096AC0009CC17D5FF1F1305E590EFC05FF64D44AD
:1096BC00B24022852244410182800145EFC03FF532
:1096CC00C5BFF1C6011156C2AE8A854526CA4EC623
:1096DC0052C406CE22CC4AC82A8AB284B689EF106C
:1096EC00B025D1470DC103C7519183C711910149D1
:1096FC0099E03E89BA871317490003A441903A9424
:10970C00636DF900D547F2406244D2444249B249F4
:10971C00224A924A3E850561828036201307040155
:10972C0091C605091379F90F3A84D9BFA1C895657B
:10973C00938525C0130500029790FF1FE780C0DEBC
:10974C0048C469D1130600028145130909049770B6
:10975C00FF1FE780E03623000400231124012313AC
:10976C0044019C3403A78190998C1CA45C44918483
:10977C009180C4AF23A08900814771B723260400D0
:10978C00230004002313440123045401E5B7854747
:10979C003E858280AA8683C5519103A7419081475B
:1097AC006394F5000145828032233A8519C2E30C9B
:1097BC00D6FE850793F7F70F4107DDB7AA8603C6D8
:1097CC00519103A7419081476314F60001458280B3
:1097DC002E233A8581C54C23E38BD5FE850793F761
:1097EC00F70F4107D5B7AA8683C5219103A78190AE
:1097FC0081476394F5000145828012233A8519C292
:10980C00E30CD6FE850793F7F70F4107DDB7AA8661
:10981C0003C8119183A7419001476314E8000145E7
:10982C008280B2233E8509CAF2236317D600D04743
:10983C0001C63222E306B6FE05071377F70FC10700
:10984C00E9BF411126C2444522C406C62A8495C0EC
:10985C00C84409C59790FF1FE78060D9C84809C55F
:10986C009790FF1FE780A0D826859790FF1FE78071
:10987C0000D82285414681459770FF1FE780402420
:10988C00FD571CB4B2402244924441018280011124
:10989C0022CC2A842A2106CE2EC6EF1040573246FF
:1098AC0022858145EF00304C22856244F2400561EF
:1098BC0049BF1DC13E21411122C406C62A8489CB51
:1098CC00DD45EF00304D22852244B240410195BF69
:1098DC00B2402244410182808280411122C4B147AE
:1098EC001304C5FFB307F40226C297C4FF1F938469
:1098FC00A46D06C6A697BA276315B702C84315C14F
:10990C009307F00F6305F6001C21639CC70097902A
:10991C00FF1FE780C0CDB1473304F402A29423A209
:10992C000400B2402244924441018280411122C47D
:10993C002E8426C24946AA848145228506C6977084
:10994C00FF1FE780E0178DC8D82C83A781901207E2
:10995C00BA979A231AA0BA23FE233AA003D7C19030
:10996C005AA09A207AA0BA201AA4DA203AA4FA2093
:10997C005AA49A241EA87AA4B240224492444101CB
:10998C0082802A8683C5519103A8819083A6419039
:10999C00014701456393E50082809C2281CFDC4620
:1099AC0091CBDC2F9207C2976316F6009307150034
:1099BC0013F5F70F05071377F70FC106E1BF130671
:1099CC0000643386C50293069500AA85170500002E
:1099DC00130565EE6FB05FDD411122C406C62A8403
:1099EC000835EFB07FF9FD571CB4B2402244410159
:1099FC008280011122CC4AC84EC652C456C25AC0EB
:109A0C0006CE26CA2A89AE890144138A1191938AFB
:109A1C0041901D4B83470A006364F4046398090268
:109A2C0093895191138A4190930AF00F83C70900CF
:109A3C006362F4061144A14422851306F00FCA8513
:109A4C000504613D33440408E31894FEF24062447B
:109A5C00D2444249B249224A924A024B0561828061
:109A6C0083A40A0093174400BE949C2085C3FE2057
:109A7C00639E270163956901AA20EF104039268562
:109A8C004E868145EF00302E2685653B0504137408
:109A9C00F40F49B783240A0093174400BE949C200A
:109AAC0099CF9C34638D5701FE20639A270126853C
:109ABC0025372685D145EF00F02D26855933050431
:109ACC001374F40FA5B7C167F917630AF5024111B6
:109ADC0022C406C685472A846398F5002285224451
:109AEC00B2408145410131B789476396F500854500
:109AFC00EF10806465D5B24022444101828082809F
:109B0C009D45C5BD03D5C1908280011106CE6887E5
:109B1C006C8603C7019185476318F70070009305A5
:109B2C00E1000545EF500079F24005618280A947BC
:109B3C00631DF6029C319821A207D98F1EA1BC315E
:109B4C00B821A207D98F3EA1DC31D821A207D98F29
:109B5C005EA1FC31F821A207D98F7EA19C359825F6
:109B6C00A207D98F1EA501458280054582809147A9
:109B7C00631EF6009C319821A207D98F1EA1BC311F
:109B8C00B821A207D98F3EA101458280054582806C
:109B9C009387C5FF0D47B3C60708636ED7003147DF
:109BAC003387E70297C7FF1F93870742BA97A8A38B
:109BBC008EA301458280094582809307402033554E
:109BCC00F50A71152396A190238AB190A389B190BF
:109BDC008280956541111905938535C006C63345BC
:109BEC0005089790FF1FE780209401C9B240E95502
:109BFC0041011793FF1F6700C3ABB2404101828044
:109C0C00A38A0190238A019023890190A388019053
:109C1C002388019085474111A387F19006C622C481
:109C2C0026C22A84238701902396019023A20190B7
:109C3C00EF10C02617C5FF1F1305053913060003C7
:109C4C008145238B81909770FF1FE78060E7138419
:109C5C00C18F0820938411911DC59565938545C0CE
:109C6C0012059790FF1FE780208C23A4A19001CDB3
:109C7C001C30102081459CA02389C190120697703E
:109C8C00FF1FE780E0E39C2017C5FF1F0345C53B82
:109C9C00138451913E951375F50F956508A0938526
:109CAC0055C012059790FF1FE78000889384419060
:109CBC0088C025CD1020814512069770FF1FE780C4
:109CCC0020E098401420814725077D566399F604BF
:109CDC00EF10003DB1473305F5029565938565C0DE
:109CEC00334505089790FF1FE780008423A0A190BF
:109CFC002A8401CDEF10C03A31463306C5028145A6
:109D0C0022859770FF1FE780A0DB2244B24092446B
:109D1C0017050000130565DB41016F10003985073D
:109D2C0010A393F7F70F410755B7A38A0190A388A7
:109D3C00019079BF411126C206C622C44AC0AE8426
:109D4C009397556063D70708138961910345090000
:109D5C009770FF1FE78040C72A8431C518219307ED
:109D6C000009631FF7021831CD476312F70693867B
:109D7C00419128219C2217C8FF1F0348D8111306B4
:109D8C006400814501476318E50291C19CA29C22A5
:109D9C0081CB0345090085459790FF1FE78060E85C
:109DAC002285EFB0CFE41395F468B240224492447C
:109DBC000249410182800E2205071377F70FAE97F7
:109DCC0093F7F70F09068545B3D7070B6DBFED2148
:109DDC00C1BF13F5150071D9EF00F04C19C983C739
:109DEC00419181CB854503C561919790FF1FE78019
:109DFC0040E313C5140055BF0547637EC7029C3171
:109E0C009421A207D58F1EA16399E700BC31B8211C
:109E1C00A207D98F3EA1014582800947E39DE7FE49
:109E2C00BC31B821A207D98F3EA1DC31D821A207C1
:109E3C00D98F5EA1CDB7054582809147631EF60090
:109E4C009C319821A207D98F1EA1BC31B821A20741
:109E5C00D98F3EA101458280054582809147631EC2
:109E6C00F6009C319821A207D98F1EA1BC31B821D4
:109E7C00A207D98F3EA10145828005458280A1476A
:109E8C006318F6029C319821A207D98F1EA1BC3110
:109E9C00B821A207D98F3EA1DC31D821A207D98FD6
:109EAC005EA1FC31F821A207D98F7EA101458280E9
:109EBC000545828089476319F6009C319821A207D9
:109ECC00D98F1EA101458280054582803E22797181
:109EDC004ECE06D622D426D24AD01307F007AE892E
:109EEC006371F70209473AC47C86300093F5F50F8D
:109EFC00EF00D070B250225492540259F24945618D
:109F0C0082805A22D9462A89328463F7E6007E225F
:109F1C0063F4F6006379F70023140100300093F525
:109F2C00F90F4A85F1B70A2202C4EFF0DF8BAA843D
:109F3C0035C5EFF01FA59C246369F5001146A246B8
:109F4C00CE854A85EF00D06275B73400268693051E
:109F5C00F00F4A85EFF0EFF675F1A2471A24DC47B3
:109F6C009AA33A20BAA35A20DAA37A20FAA3DA20C9
:109F7C009AA7DC4495C793F4F90F2286A6854A85E7
:109F8C008297C167FD172A86E31BF5FA224599478C
:109F9C00F9451CA144A1EFF09FA2A9BF094645B702
:109FAC00014671BFA947631DF6029C319821A20797
:109FBC00D98F1EA1BC31B821A207D98F3EA1DC31AB
:109FCC00D821A207D98F5EA1FC31F821A207D98F25
:109FDC007EA19C359825A207D98F1EA501458280AC
:109FEC00054582809C211CA19C311CB1BC31B8213F
:109FFC00A207D98F3EA1828023220500D821894750
:10A00C006304F70005458280F62101114EC606CE89
:10A01C0022CC26CA4AC80D47AE896379D7049C4521
:10A02C0084339023A033A204D18CB02322049387D1
:10A03C004400518C639CD7029307C4FF2A89B3C791
:10A04C0007086361F70203A5890023119900231007
:10A05C008900F1559780FF1FE780A0652322A90096
:10A06C00014531A02285EFF0EFF271FD0545F2407C
:10A07C006244D2444249B24905618280797122D44A
:10A08C0026D22E8406D64AD01C201947AA84B28523
:10A09C00639FE704302028004D330DE92884EFF04E
:10A0AC006FEF0C302A890DC92E8617170000130785
:10A0BC00E7CA34009D452685EF00702A4A8509467B
:10A0CC00814555214A85EFF0CFF70145B250225416
:10A0DC00925402594561828089477C803C840A866F
:10A0EC007C813C857C822685EF005051F9BF494725
:10A0FC006394E70232202800593369F917C5FF1F12
:10A10C00130585EC5E25F1D3183068253C00C94653
:10A11C000146A685ED2455BF5147639CE7003220CC
:10A12C002800EFF0DFA05DF10C3030002685793B84
:10A13C0069BF59476398E70432202800EFF03FA32A
:10A14C0051F52C842685EFF08FEC15C558453485D8
:10A15C001E23B697B3C707081EA3A5DB5C47B5D76C
:10A16C0083C74191BDD3854503C561919790FF1F6E
:10A17C00E78020AB99BF89473EC03C840C300A86EF
:10A18C007C8295B70C30231001000A86B1BF5D713B
:10A19C00A2C456DA86C6A6C2CAC04EDE52DCAA8A51
:10A1AC0088312E8432C6EFF06FE1B24501ED0144E7
:10A1BC00B6402285264496440649F259625AD25A30
:10A1CC00616182802302050023110500834904008C
:10A1DC008547AA846399F90030202808EFF0DFC185
:10A1EC002A8405491DA09D476391F90418218D47C8
:10A1FC00E31FF7FA302028080549EFF03FC62A8400
:10A20C0009E5054681452685B92E2685EFF0CFFC5C
:10A21C0088243C080147CE862286D685CD22E309C8
:10A22C0009F82685EFF0EFE161B7CD47639BF900A4
:10A23C0018219147E31DF7F630202808EFF09FC74F
:10A24C0045B7D547E395F9F6034A05008947E3106E
:10A25C00FAF6302028080549EFF0DFD42A8455F5AA
:10A26C0083570102A1EBB8841306F003DC44930678
:10A27C0007FCB3C60608636AD600B085D94663F6F8
:10A28C00C600B486D94563EDD500BAA30145EF00ED
:10A29C001038054903560102D2852685BD24B5B771
:10A2AC00AC87BAA3D2A38EA3F6A385479CA0014A80
:10A2BC000149CDB7014AF9BF7971AA8522D426D2BA
:10A2CC002221AA84280806D64AD0EFF0FFD2F24504
:10A2DC0099E535E185452285EFF03F836DA0BC847F
:10A2EC0015476394E706B8858D4763F6E704680065
:10A2FC00EFF05FCF0359E100DD4763FB27018C864C
:10A30C00B70717008507100822853EC8EF00102FED
:10A31C00BC851109638527012285EFF06FFE1C8631
:10A32C0072466C00858B1106228589CF8D3501C54F
:10A33C002285EFF0EFFC884451DD9780FF1FE7800A
:10A34C00002B49BFEFF09FD3DDB711476389E700BE
:10A35C001387A7FF85463347070863ECE6023147AE
:10A36C00F117B387E70217C7FF1F1307E7C5BA97A3
:10A37C009A2371D3A8233008A2850D204DFDB884F3
:10A38C009147E319F7F4B2502254925402594561A3
:10A39C0082802C082285092659FDF5B701114AC87F
:10A3AC002A89314526CA4EC606CE22CCAE89B28445
:10A3BC009760FF1FE780205B29C19307000A2311D8
:10A3CC0035011EA12A842146110595C0A6859760EA
:10A3DC00FF1FE7806068A2854A85EFB06F86014554
:10A3EC00F2406244D2444249B249056182808145BF
:10A3FC009760FF1FE780C06CF9BF0545D5B7011109
:10A40C004AC82A891305000226CA4EC652C456C22F
:10A41C005AC006CE22CCAE8A328BB6893A8ABE841A
:10A42C009760FF1FE780205421C9930720FA1CA1D5
:10A43C00A30065012311550123024501A302350137
:10A44C002A84614621059DC0A6859760FF1FE78081
:10A45C00A060A2856244F240D244B249224A924A98
:10A46C00024B4A85424905616FA09FFD814597606B
:10A47C00FF1FE780E064F1BFF2406244D2444249DE
:10A48C00B249224A924A024B056182805C4579713D
:10A49C0022D406D62A84AE86B9CFBA23F885130700
:10A4AC0020066393E504FA2303D6C1903357C70AF9
:10A4BC00B22B9E2B1377F70F918F93F7F70F01E6C3
:10A4CC00890793F7F70FBA97FD17B3C7E702FC8616
:10A4DC003E206E200824FC8401473C0801460537C9
:10A4EC00B250225445618280D82F83A781901207E5
:10A4FC00BA97FE23E9BF2EC61946814528089760F6
:10A50C00FF1FE780E05BB246E1B7797122D406D633
:10A51C0026D22A8489CD08242E866E202254B2504D
:10A52C00925481470147930600064561C9BDB28428
:10A53C00280059469760FF1FE7808058648499E48F
:10A54C003E2048446C007C85EFF04FBE6E20082402
:10A55C003C0001479306000601465535B250225483
:10A56C00925445618280797106D6814799E53E21E6
:10A57C0070867C845C4581EF3C002E866E2108251C
:10A58C00014793060006A53DB25045618280BE236B
:10A59C007C85DDB7411122C406C61C2111472A84D3
:10A5AC006391E7022E866E21082581470147CD462F
:10A5BC00B93549466E202244B240154541016FF031
:10A5CC00CFB113F7B70F89466316D7000146353F55
:10A5DC005146CDB70D476397E7002244B240014680
:10A5EC00410151B7B2402244410182809A21B147C6
:10A5FC0071173307F70297C7FF1F9387E79CBA972A
:10A60C00D84301EBD841AAA70145D8C3BA219AA7D0
:10A61C00828059458280797126D2444522D44AD011
:10A62C0006D62A842E89B1C4C84419C59780FF1F49
:10A63C00E780E0FB23A604009E206E2008247C8586
:10A64C00BE200147930640067C869E244A867C8762
:10A65C009C483EC83E207C843C00EFF05FDAA38E21
:10A66C00240123A80400B25022549254025945618B
:10A67C0082802800314681459760FF1FE780404467
:10A68C003E206E2008247C8401473C009306400643
:10A69C004A86EFF0DFD6C1BF797152CC2A8A8A2163
:10A6AC0026D206D622D44AD04ECE56CAAE84EFF06D
:10A6BC006F8E6300051240452A89630C04107E21BD
:10A6CC00639947111E2463880710542C938A819038
:10A6DC0003A70A009206FD1736977A23B3C707081B
:10A6EC001EA46316F70093053006EFF03FDA5C48C2
:10A6FC00B5EBC840834915001C21A209B3E9F90048
:10A70C00BE2013872900631AF702F9559780FF1FA3
:10A71C00E78020FAC8C023913401034589002686BE
:10A72C00D285EFF0BFC71DEDB2502254925402599E
:10A73C00F249624AD24A456182809565938515C07B
:10A74C004E859780FF1FE78020DE48C8C840231C39
:10A75C003401F9559780FF1FE780A0F5BE20C8C0D3
:10A76C00F917BEA048482DCDB220362C1E2C33082C
:10A77C00D60063C90707582C83A70A009545120712
:10A78C00BA97BE2363CA0705CC4036959760FF1F66
:10A79C00E780802C3A2CBE20BA971A2CB3C7070836
:10A7AC003EAC6398E702035729000345890030004B
:10A7BC0078845848D2857C853AC6EFF03FBE11C5E7
:10A7CC0048489780FF1FE78080E2232A0400232C4F
:10A7DC000400054591BF99454A85EFF04F8BD5BFD5
:10A7EC00A545DDBF9145CDBFBE21CDCF011126CAF8
:10A7FC0006CE22CC03D7C190AA846D45636FF708AF
:10A80C002E84484091459780FF1FE78080EA3E20C8
:10A81C00AA861CA13E20A1831CB11E203CA11E2097
:10A82C00A1833CB13220C167F917110633460608E3
:10A83C00639DF4022AC4314532C69760FF1FE7803E
:10A84C008012AA854D45B1C9930700F93246A2463C
:10A85C009CA1F957BEA18947DCA1F2A194C503C5FF
:10A86C006191EFA0FFBD01450DA881452685EF4004
:10A87C00303101E9138741911C23F5D7FD171CA337
:10A88C00DDB789476302F5029D476301F502C947AD
:10A89C006300F502FD47E30FF5FCF2406244D2443D
:10A8AC00056182806D4582805145C5BF1145F5B764
:10A8BC000945E5B7011122CC4AC831441309C5FF3B
:10A8CC003304890226CA97B4FF1F9384E46F06CE23
:10A8DC0026945C4095CF03C7419105C768843EC65A
:10A8EC002A241E242C007C85013711C548409780F2
:10A8FC00FF1FE780C0CFB1473309F902CA9423A2E6
:10A90C0004000545F2406244D2444249056182800C
:10A91C000145CDBF797126D244454ECE52CCFE2096
:10A92C00BA2883D9C19006D622D44AD056CAB3D9F4
:10A93C00F90A2A8A9E282DCF998F4E8463D4370129
:10A94C0033C4070889452285EFF0AFA82A89CD4A80
:10A95C0031C5BE202AC660857C84BE2899EB9E2812
:10A96C00130925001CA19E28A1831CB16374340516
:10A97C008228BE28CC4422864A85BE959760FF1F4C
:10A98C00E780800D03556A002C00EFF0FFE5AA8AE2
:10A99C0015C54A859780FF1FE78060C5B2502254C9
:10A9AC0092540259F249624A5685D24A45618280D4
:10A9BC00890761B779143344040865BFBA289E200F
:10A9CC003A949A28FD17B3C70708334404089EA08D
:10A9DC00A2A86376E400F9F3FD57DCBCC1B781454E
:10A9EC005285EFF05FC35DBF797122D44ECE56CA4B
:10A9FC005AC85EC662C406D626D24AD052CC9389B7
:10AA0C00E19003CA0900938A4190054B5284930B41
:10AA1C00F00F138C119183A40A0093174400BE9479
:10AA2C0003C9040063166907DC44BDC3D8472DC3B2
:10AA3C009A2321C783C7419181CF2685E13DAA8501
:10AA4C0005E9050483C711916351F4022380890041
:10AA5C00B25022549254F249624AD24A424BB24BFF
:10AA6C00224C4A8502594561828023870190CDB7DB
:10AA7C002685EFF05FBA0149E1BFDC3F639A7701AD
:10AA8C00930520062685EFF07FA0DC44A38E0700FB
:10AA9C0083470C0005041374F40F6363F400014442
:10AAAC00E31B44F7C9BF4111154506C6EFF09FE003
:10AABC0009C50545B240410182801945EFF09FDF81
:10AACC006DF91145EFF01FDF6DF51D45EFF09FDEC1
:10AADC006DF103C5119179DDB240410131B79E2171
:10AAEC000D47F117B3C70708636FF704DC41411139
:10AAFC0022C406C626C22E84A9CB8545AA842D2D38
:10AB0C0039C92685912BC167F917638DF40019E9B2
:10AB1C003E2089CB162019476391E60403D7C190D8
:10AB2C0063FDE70283C74191A285268599C722441C
:10AB3C00B240924441016FF03FCB2244B240924468
:10AB4C0041016FF0BFAA094582800945B2402244F9
:10AB5C009244410182805145D5BF6D45C5BF797185
:10AB6C0026D252CCAA842E8A5D4589454AD04ECE37
:10AB7C0056CA06D622D4B289B68A3A89EFF06F85C6
:10AB8C0035C12A84014563060900D68513054400A6
:10AB9C000299935785003CB093074500230044016C
:10ABAC007C85954728A07C84A300340122C683C7EA
:10ABBC0041912C00268585C7EFF01FC3AA8411C5CF
:10ABCC0022859780FF1FE78080A2B2502254025941
:10ABDC00F249624AD24A2685925445618280EFF04E
:10ABEC00FFA0E9BFCD44D5B7797126D24AD052CC5B
:10ABFC0056CA2E8906D6BE8522D44ECE9947B2842B
:10AC0C00368ABA8A6311F9062A220944EFE09FB802
:10AC1C002AC62DC15C4583596500BE239EA0B24750
:10AC2C00154723805701BAA31387F190102393057E
:10AC3C00160093F5F50F0CA3D0A399E1854614A348
:10AC4C0051476317E9001547BAA0DC479A249AA725
:10AC5C005287A686CA854E8519372A8432450DC47B
:10AC6C00EFE03FBE01A842867400AA89EFE07FA501
:10AC7C002A8455D5B2502285225492540259F24955
:10AC8C00624AD24A45618280F945EFE05FD3DDB775
:10AC9C009E211CA19E21A1831CB1BE213CA1BE21E1
:10ACAC00A1833CB1114582809E211CA19E21A183D0
:10ACBC001CB1BE213CA1BE21A1833CB1DE215CA113
:10ACCC00DE21A1835CB1FE217CA1FE21A1837CB19C
:10ACDC00214582809E211CA19E21A1831CB1094586
:10ACEC0082809E211CA19E21A1831CB1BE213CA16E
:10ACFC00BE21A1833CB1DE215CA1DE21A1835CB12C
:10AD0C00FE217CA1FE21A1837CB19E251CA59E2544
:10AD1C00A1831CB5294582809A218546AA8718A152
:10AD2C009A21218318B19A216319D700BA2138A12D
:10AD3C00BA21218338B1114582800945631DA700D2
:10AD4C00BA211945B8A3BA212183B8B3DA21D8A303
:10AD5C00DA212183D8B382809E211CA19E21A1835C
:10AD6C001CB1BE213CA1BE21A1833CB11145828006
:10AD7C00797126D24AD04ECEB2842A89AE89294620
:10AD8C008145480022D406D636849760FF1FE780A1
:10AD9C0020D364868DE03E207C8283D7C1907C8456
:10ADAC005C4491CBD42F03A781909E2792063697B3
:10ADBC003A237C8578834A85170700001307A7F28E
:10ADCC00540013F6F90FD545EFF07FD92A8911C13C
:10ADDC0095E085471CA0230204000146814522858D
:10ADEC00EFF0AFF2B25022549254F2494A85025914
:10ADFC00456182802285EFE0DFA4EDB7B2861707AC
:10AE0C0000001307A7F12E8685456FF05FD5011161
:10AE1C0068874165700001489307F00F0D4797064E
:10AE2C000000938626E799457D1506CEEFF0DFDB13
:10AE3C00F24005618280B28701482E861147970641
:10AE4C0000009386A6E6C9456FF01FDAB286170795
:10AE5C000000130767E82E86CD456FF05FD0011117
:10AE6C0022CC26CA4AC84EC606CEAA842E8917B44E
:10AE7C00FF1F1304641897B9FF1F9389E91A1C402C
:10AE8C0081C7CA85268582971104E31A34FFF240E4
:10AE9C006244D2444249B24905618280411122C4C4
:10AEAC0006C626C217B7FF1F130707FE7C2B783B7D
:10AEBC0017B4FF1F1304C4181CB4BA9793F7F70FF9
:10AECC001CA4B5C71305C0033385A702A56585056A
:10AEDC00938481919770FF1FE7800065102493077E
:10AEEC00C00381453306F60288C09760FF1FE780D8
:10AEFC0020BD14249C4001477D566341D702224457
:10AF0C00B240924413060003814517B5FF1F130589
:10AF1C00A50E41011763FF1F670083BAB2A32382FA
:10AF2C00070023A6070205079387C703F9B7B240AA
:10AF3C002244924441018280411122C426C24AC05B
:10AF4C0006C62A892E84B2849780FF1FE78060D9B9
:10AF5C0009EDC167F91751456313F9000145B2407A
:10AF6C002244924402494101828054555C2195C28D
:10AF7C0013F727014146630BC700C18B3D45E5D351
:10AF8C00BC2E0145E3FD87FC3145D1BF1545F5D4F9
:10AF9C00F9B7C18B0145E1F71545D1B779714AD0A5
:10AFAC00416922D426D24ECE52CC56CA5AC806D6A5
:10AFBC00AA84014497B9FF1F93898908138A819148
:10AFCC00930AC0037D19054B83C789006364F400A1
:10AFDC00014525A83307540383270A00BA97BA23DF
:10AFEC006316270105041374F40FF9BFC83330003E
:10AFFC0093856700EFF0A05E1946A6852800976040
:10B00C00FF1FE78000B7E31F65FDB2502254925436
:10B01C000259F249624AD24A424B456182804166EA
:10B02C00AA8697B5FF1F83C5250203A78191814787
:10B03C007D166394F50001458280035827003A85FC
:10B04C006306C80003480700E308D8FE850793F79A
:10B05C00F70F1307C703F1BF411106C69780FF1FF7
:10B06C00E78020C809C54A29B240410182800145C8
:10B07C00E5BF03A7819197B6FF1F83C6E6FC1107B6
:10B08C00814701456393F6008280102301C60505B4
:10B09C001375F50F850793F7F70F1307C703DDB784
:10B0AC0017B5FF1F034545FA828017B7FF1F13071B
:10B0BC00A7F481473A86B1460C4391E5B3C7C72044
:10B0CC0088C30145828085071107E397D7FE4D455C
:10B0DC008280411106C622C49780FF1FE78060C0A2
:10B0EC000DCD2A842A218545EFF07FD7485409C518
:10B0FC009770FF1FE780A04F22851306C003814580
:10B10C009760FF1FE780C09BFD573EA02302040001
:10B11C000145B2402244410182800945DDBF411105
:10B12C0006C69780FF1FE780C0BB09C54825B24003
:10B13C00410182800145E5BFC167F9176305F5023E
:10B14C00411122C406C62E849780FF1FE78060B988
:10B15C00AA87014589C7DC237D8C33358000B2403A
:10B16C0022444101828005458280411122C406C6D9
:10B17C002E849780FF1FE780C0B601CD5A29AA877D
:10B18C00054563048700C2AB0145B240224441012E
:10B19C0082800545DDBF29CD01114AC8416922CC09
:10B1AC0026CA4EC652C456C206CEAA84014497B9CA
:10B1BC00FF1F9389E9E8138A8191930AC0037D19D3
:10B1CC0083C78900634BF400F2406244D244424985
:10B1DC00B249224A924A05618280B307540303257F
:10B1EC000A003E953E216383270182940504C9BF62
:10B1FC00828083A6819117B6FF1F0346E6E4910671
:10B20C0001478147631FE600858393C7F7FF054518
:10B21C00B3C707086361E5023315A0283345050859
:10B22C0082808C2299C1CE36CD8F05071377F70F0C
:10B23C009386C603C1BF93F61700F9FE05058583F7
:10B24C001375F50FC1BF797156CAAA8A2E8526D2FD
:10B25C004AD04ECE52CC5AC85EC662C406D622D450
:10B26C00AE84328B368CBA8B3E8AC28946899780E3
:10B27C00FF1FE78000A735ED41657D159780FF1F07
:10B28C00E78020A62A84554529C81946DE85130572
:10B29C006400A30284019750FF1FE780E07B835773
:10B2AC00010326A0230264013EA883574103230017
:10B2BC005401232604025EA82306440123173401FB
:10B2CC00231824013D370AB8232A04022685232C8F
:10B2DC0004028145EFF0BFB80145B250225492549C
:10B2EC000259F249624AD24A424BB24B224C456156
:10B2FC0082804545DDB797B6FF1F83C6E6D403A70A
:10B30C00819181476395F60041657D1582800E3BE6
:10B31C001306C7036394A5002A238280850793F73D
:10B32C00F70F3287C5B7416617B8FF1F0348C8D15E
:10B33C0083A6819101477D16954811436314E8005B
:10B34C0001458280BE223685638EC702CC5A9DC9C8
:10B35C00BC31AC2189CD938597FD93F5F50FE37244
:10B36C00B3FE9387D7FA93F7D70F89EF8280938533
:10B37C00F7FD93F5F50FE3F6B8FC9387D7FA93F73F
:10B38C00D70FE1D305071377F70F9386C6037DB765
:10B39C00416697B5FF1F83C525CB03A781918147D4
:10B3AC007D1625486394F5000145828036233A8545
:10B3BC00638BC600545B81CAB4329386E6FD93F668
:10B3CC00F60FE374D8FE850793F7F70F1307C7033F
:10B3DC00D1BF011122CC2A84494506CEEFB0DFDD66
:10B3EC001DC12AC622859780FF1FE780808F01CD63
:10B3FC00624432460E39F24017B5FF1F034575C43F
:10B40C0005616FA0AFA5F24062440561828079713D
:10B41C004ECE52CCAE892A8A93053005414526D2B0
:10B42C004AD056CA5AC806D622D4328B3689BA8A22
:10B43C009770FF1FE780400FCD4429C92A848944A7
:10B44C006381090441468145231261019750FF1F16
:10B45C00E78000675686CE8522859750FF1FE780D0
:10B46C00A05F2146630F0902CA8528009750FF1F71
:10B47C00E780805EA28650002C005285EF30D066AB
:10B48C00AA8422859770FF1FE7806016B250225461
:10B49C000259F249624AD24A424B2685925445617E
:10B4AC008280814528009750FF1FE7806061D9B7E3
:10B4BC00411122C4405926C206C6AA8429CC08547C
:10B4CC0009C59770FF1FE7808012285809C597702F
:10B4DC00FF1FE780C011685809C59770FF1FE780F0
:10B4EC000011285C09C59770FF1FE7804010685C4D
:10B4FC0009C59770FF1FE780800F0325040809C555
:10B50C009770FF1FE780A00E22859770FF1FE780C2
:10B51C00000E23AA040222448E38B240924417B57E
:10B52C00FF1F034515B241016FA0EFBB411126C2AD
:10B53C0006C622C4AE849770FF1FE780807A29C9A3
:10B54C00032345032A84630503048328C3070328C4
:10B55C0083078327430703270307834663000356A8
:10B56C000300834523002685EFB01FCD2285893744
:10B57C00EFF01FE211CD2244B240924417B5FF1FE9
:10B58C00034535AC854541011773FF1F670063699F
:10B59C00B2402244924441018280411122C426C20D
:10B5AC0006C6AA842E849770FF1FE78080735C59AF
:10B5BC0089CF9E23639B970085476318F400224430
:10B5CC00B240924441016FF0BFEEB240224492442B
:10B5DC0041018280411106C622C426C2EFF0BFD4BD
:10B5EC000DCD44592A8495C8BC208DC783A70192E0
:10B5FC0089C7DC4399C326858297B8309307F0023C
:10B60C00631DF7002A202244B24092448145410137
:10B61C006FF0DFF183A7C191E1BFB24022449244A5
:10B62C0041018280411126C24AC006C622C4AA84A6
:10B63C002E899770FF1FE780C06A05CD405955C011
:10B64C001E206390970A3C30130710026391E708A1
:10B65C003C20BDCB7C5403270408DE2B15E313F7E9
:10B66C00170019CF18545A23058B19CB93072002B6
:10B67C003CB0B240224492440249054541018280CB
:10B68C0013F7270001CB18545A23098B01C79307D2
:10B69C004002F9BF918B81CB1C54DE23918B81C767
:10B6AC0093076002F1B783A70192E1D7DC43F1D392
:10B6BC002285829738309307F0028145E31BF7FA15
:10B6CC002685EFF0BFE675B783A7C191F9BF1307C5
:10B6DC00A0026398E7006304090013092003CA85DC
:10B6EC00C5B7631C090026859770FF1FE780605F54
:10B6FC0009C55C2193E707015CA1A6854A85EFB0DB
:10B70C00EFC485BF011126CA99476C85AA842E8582
:10B71C008D4522CC4AC806CE328936847C84EFE033
:10B72C004FCB2AC61DC9AA854A8502942A8419E5DD
:10B73C002C002685EFF0AFBA2A8411C532459770DC
:10B74C00FF1FE780C0EA2685EFF0BFC8F2402285D4
:10B75C006244D2444249056182804D44EDB74111A7
:10B76C0022C42E862E84971600009386666A89451D
:10B77C0006C626C24AC02A8971370C20AA844A857B
:10B78C00EFF0DFDAB24022440249268592444101AF
:10B79C00828083A7C1919DC79C438DC71D71A2CC8C
:10B7AC0086CE984110082A843AC8D84185453ACAB1
:10B7BC00829709C548862A206C005537F6406644A6
:10B7CC00256182808280AA872E8591CFFC5781CFFC
:10B7DC00982398A1983398B1B82BB8A1982FDC4B2B
:10B7EC00B8B1DCC18280414681451753FF1F670009
:10B7FC00232D83A7019281C79C4791C3828709455A
:10B80C00828003A701981DC75843AA8705450DC719
:10B81C0003A50708411106C6930605021306050C7D
:10B82C0093050506130505040297B2401375F50F31
:10B83C00410182800545828082804DC9357122CDBF
:10B84C002A840A2126CB52C556C35AC106CF4AC9EF
:10B85C004EC7DEDE2E8AB28A368B9770FF1FE780CA
:10B86C004048AA8431C50C182285EFF0DFF53C2046
:10B87C00938B6400A9CBEFB04F882A89014583C90B
:10B88C005400EFB04F85AA840C100818EF10803AC2
:10B89C0008542C10EF10A03ADE88A68B5AC04E88A4
:10B8AC00DE874A8714103010D6855285EF20206130
:10B8BC00FA406A44DA444A49BA492A4A9A4A0A4B33
:10B8CC00F65B0D618280EFB04F83AA89014503C9F5
:10B8DC005400EFB04F802ACE08540C10EF10803576
:10B8EC002C100818EF10A035F2484DBF8280AA87A3
:10B8FC0001CD1855414511CBFC5781CB28333D4721
:10B90C006375A700882F8280414582806DC54111E7
:10B91C0022C406C626C2AA872E840945E1C99833DB
:10B92C007D761306F67F98A1B8234D4598B1B833B0
:10B93C00B8A1D823B8B1D433DA21858AA2061377FB
:10B94C00F7EF558FDAA1D433334707081377F7DFB6
:10B95C0093D61648A606558FDAA1D4333347070879
:10B96C001377F7BF93D62648AA06558FDAA1D4339E
:10B97C0033470708718F93D63648AE06558FDAA138
:10B98C00F42333470708799B858A558FDAA1F42372
:10B99C0033470708759B898A558FDAA1F4233347FF
:10B9AC0007086D9B918A558FDAA1F823DE21218B34
:10B9BC00DD9BD98FDEA1EFB03F80AA845145EFB05B
:10B9CC00AFFF383093F4F40FAA87494563609702B0
:10B9DC0093F7F70F63ECE70018209147614563E795
:10B9EC00E7001830854763E3E7000145B240224485
:10B9FC009244410182800945828015C52A87AE8711
:10BA0C00094585C5411106C614331385170019461F
:10BA1C0094A1930527009750FF1FE780E003B240E5
:10BA2C000145410182800945828082800DC9AA8727
:10BA3C002E8709459DC5411106C6B42390331305C5
:10BA4C002700A206D18E96A12146938537009750E8
:10BA5C00FF1FE7806000B24001454101828009452B
:10BA6C00828082801DC12A87AE8709458DC1411114
:10BA7C003E8541469305170006C69750FF1FE78089
:10BA8C00A0FDB2400145410182800945828082803F
:10BA9C00AA87094591CB89C99C333D4761456365AC
:10BAAC00F7009CA101458280828005C52A87AE875C
:10BABC00094595C141113E851306000493051700F5
:10BACC0006C69750FF1FE78020F9B240014541019F
:10BADC0082800945828082801D71A2CC2A8408450F
:10BAEC0086CEA6CA23060100042135479387F4FFAE
:10BAFC0093F7F70F6360F70A17670100130707FB4B
:10BB0C00B3C7E7209C43BA9782870C08EFF01FE07D
:10BB1C00C947631AF50499475C862A206C00EFF03C
:10BB2C001FC4F6406644D644256182800C08EFF0B1
:10BB3C003FF60DED2A209770FF1FE780801AA14772
:10BB4C0011CD5825631AF70403A701929D4719C715
:10BB5C00184309C71008A6850297AA875C8629A0F6
:10BB6C000C08EFF0BFEC79D51C86C5FB2A20EFF052
:10BB7C005F8645BF0C08EFF05FE8F5B71C31230872
:10BB8C00F1004DBF0C08EFF05FF2F1BF0C08EFF0C5
:10BB9C007FEDD1BF9D4749B703A7C19145BF411167
:10BBAC0022C406C626C24AC01821930720092A843B
:10BBBC006314F7101C3139476391E70A5621096762
:10BBCC00610781476394E6089384419288403DCD98
:10BBDC000C4403C90500631D09001C218505214681
:10BBEC00A9CB29059750FF1FE78000E79C40B1CFF8
:10BBFC0049459750FF1FE78000D72A841DC1930742
:10BC0C0010FC1CA1A30025018C40090541468905A7
:10BC1C009750FF1FE78040E49C40A2858833EF904B
:10BC2C003F8288409770FF1FE780609C23A201929F
:10BC3C0029A809059750FF1FE78000E2EF30806AC2
:10BC4C0005494DF59C40238027018547B24022448D
:10BC5C00924402493E85410182801307E003639BB5
:10BC6C00E706382195476317F7024A21EFF02FCBEF
:10BC7C009147E31CF5FC83A7C191E1DB9C47F1D70D
:10BC8C0072244A20930564002244B2409244024933
:10BC9C0041018287A147631BF7006C204A20224494
:10BCAC00B2409244024941016FF0DF9793060003C2
:10BCBC008147E31DD7F8D5B79306000A8147E317F0
:10BCCC00D7F8EFF07FE1084449D19770FF1FE78068
:10BCDC000092A5BF81479DBF011122CC06CE26CA7A
:10BCEC004AC8094415CDAE8409449DC92A898D459D
:10BCFC006800EFA09F921C8726866C0093F7F703D1
:10BD0C0093E707044A855C87EF2060122A8409E9CF
:10BD1C000D466C00138534009750FF1FE780C0D38D
:10BD2C00F24022856244D2444249056182805D71B1
:10BD3C004EDE86C6A2C4A6C2CAC052DC56DA5AD897
:10BD4C005ED6894955C9328989495DC6138B450030
:10BD5C002A8AAE8A334B0B08930530055A859760B7
:10BD6C00FF1FE780607C2A84CD4959C5EFA0DFBA5C
:10BD7C00AA845686D28593DA840013DA040193FBE5
:10BD8C00F40F1305440093FAFA0F137AFA0FE180BB
:10BD9C009750FF1FE780A0E2A30174012301540117
:10BDAC00A300440104A0EFA09FB6AA854146080851
:10BDBC009750FF1FE780A0E0214734005A86A285E8
:10BDCC000808EF20402DAA891DE121462C002300F4
:10BDDC007901A300590123014901A301990013051D
:10BDEC0049009750FF1FE78080DDEFA0BFB322858D
:10BDFC009760FF1FE780A07FB64026449644064913
:10BE0C00625AD25A425BB25B4E85F25961618280B2
:10BE1C00411126C2AA842E854AC006C622C42E8988
:10BE2C009770FF1FE780E0EB79C1405979C05C3017
:10BE3C00094793F6B70F6387E60011471305E00F28
:10BE4C006393E7081E200945639F270713098400A5
:10BE5C004146A6854A859750FF1FE780E0BF4146C3
:10BE6C00A685130584019750FF1FE780E0BE38308C
:10BE7C0085469307F7FE93F7F70F63ECF6049304EC
:10BE8C00C40383A70198C14526858DC79C4F9DC3CC
:10BE9C0082979306C4022686CA852285EFF0FF9905
:10BEAC003C2081CF22852244B24092440249410178
:10BEBC006F00F07CEFA06FF6E9BF3830C947E303A1
:10BECC00F7FE3CB00145B240224492440249410184
:10BEDC00828093071005E317F7FE3C20E5D72285F7
:10BEEC002244B2409244024941016F00907F0945BF
:10BEFC00D9BF4945C9BF39C9011122CC26CA06CEC2
:10BF0C00AA842E84094595CD0D468D0528009750A1
:10BF1C00FF1FE78060B41C8570002C0093F7F703BB
:10BF2C0093E7070426855C85EF10707019E90D46C0
:10BF3C00A28568009750FF1FE780A0C37D1533359D
:10BF4C00A000F2406244D24405618280094582809F
:10BF5C00011152C42A8A32854EC656C25AC006CE28
:10BF6C0022CC26CA4AC82E8BB28AB6899770FF1F7C
:10BF7C00E78020D709ED8944F24062444249B24936
:10BF8C00224A924A024B2685D244056182805C5932
:10BF9C002A89C544F5F34D45EFB00FA21374F50F84
:10BFAC005145EFB06FA1E38809FC03C78901E36435
:10BFBC0087FC9377F50FE3E0E7FC93053005130559
:10BFCC0040089760FF1FE7802056232AA9022A8485
:10BFDC00CD445DD11306400881459750FF1FE78083
:10BFEC0020AEA301040023014401230264012310A9
:10BFFC0054012326340723240402A30204006307FC
:10C00C000A002285EF00F061AA8419E18144ADB7E2
:10C01C004A85EFF0EFC98DB7397122DC06DE26DADE
:10C02C004AD84ED652D456D25AD05ECE62CC66CABC
:10C03C000944630A0610BA84094463060710AA8BE4
:10C04C002E89328B368C9770FF1FE78080C9AA8AA5
:10C05C00514475C99305300541459760FF1FE78032
:10C06C00A04CAA894D4465C198309C2003CA340069
:10C07C0022075D8FBC20620AC207D98F336AFA008F
:10C08C0083A78A0263E647017D5709446398E70A50
:10C09C006307090083C74A000544898BC5C3214641
:10C0AC0081450A859750FF1FE78080A1930C4C00B7
:10C0BC0093053005B3CC0C0866859760FF1FE780AD
:10C0CC00A0462A894D443DC96286DA8511059750F0
:10C0DC00FF1FE780C0AE1146A6854A859750FF1F0B
:10C0EC00E780E0AD414693858A014E859750FF1F4E
:10C0FC00E780E0AC21478A866686CA854E85EF10BC
:10C10C0090792A841DE521468A8528009750FF1FC7
:10C11C00E780E0AA21469385440028009750FF1F32
:10C12C00E78020A58547631EF502D2855E85EFB0BA
:10C13C000FC44A859760FF1FE780604B4E85976060
:10C14C00FF1FE780C04AF25022856254D2544259F4
:10C15C00B259225A925A025BF24B624CD24C216178
:10C16C0082800544F9B7797122D406D626D24AD0FA
:10C17C004ECE2E849397556063D6070497A4FF1F69
:10C18C00938404ECA8309750FF1FE780E0832AC605
:10C19C0009CDEFF0DFA0B24511E5A8209307F00F11
:10C1AC00631FF5002E85EF908FA41319F468B2501D
:10C1BC0022549254F2494A85025945618280EF908B
:10C1CC002FA8E5B713F9150063070900EFF08FC02E
:10C1DC0013491400E9BFE1DD854421A0850493F4E3
:10C1EC00F40FEFE0FFEBE3F4A4FCB3179028B3C912
:10C1FC000708E18FE5D74E85EFF0EF8FC167FD178C
:10C20C006305F500DD45EFF06FB23349340145B7F6
:10C21C0023A2019223A0019223AE019097A7FF1FA6
:10C22C00938747E1170700001307075D98C31707AB
:10C23C0000001307472ED8C317F7FFFF1307671D1E
:10C24C0098C797A7FF1F938727DE171700001307C0
:10C25C00274198C3171700001307A7FBD8C317175C
:10C26C0000001307272698C7828097A7FF1F83C754
:10C27C0067DDA18B014789C717A7FF1F130787DB52
:10C28C0023A0E1920145828097A7FF1F83C787DB1C
:10C29C00918B014789C717A7FF1F1307E7D823AE58
:10C2AC00E19001458280011106CE2AC6EFF05FF6BF
:10C2BC003245994597A7FF1FA385A7D8EFD05F8D6F
:10C2CC00F24017F5FFFF1305852D05616FE0FFDDCB
:10C2DC001C5599C321458280411122C426C22A844F
:10C2EC00AE84130500049305300506C64AC097605A
:10C2FC00FF1FE780602308D479C513060004A685C8
:10C30C009740FF1FE78040757454B82A93778700D5
:10C31C00EDCB1C54BC23A18BEDC783270408C5E7C8
:10C32C0093053005130500109760FF1FE780C01FB1
:10C33C00AA872320A4080D45C1CB74549C30983295
:10C34C00D1CB3337E0000E07936707016C545CB018
:10C35C00B829058B19CB1854854638230D8B6316D9
:10C36C00D70078201367170078A00327040809C7A3
:10C37C0078201367870078A00547639DE70C1309A5
:10C38C008400414681454A859740FF1FE7804073F2
:10C39C0081451305840141469740FF1FE780407299
:10C3AC009304C40383A70198C1452685B5CF9C4F40
:10C3BC00A5CF829783270408BDCB2285EF0070326E
:10C3CC009307000549C12145B240224492440249D9
:10C3DC0041018280A1473DFBBC20918B91E7BC2A97
:10C3EC00918B99E385479DB7982094229547330705
:10C3FC00F702975701009387E76EBA97B6979C237D
:10C40C00B1B79C3081C79032E14729F2BC205D8FD7
:10C41C00118B69DB9820954794223307F7029757C5
:10C42C0001009387E76DD1BFEFA02F9F61B72285E5
:10C43C009306C4022686CA85EFF02FC02285EF0032
:10C44C00102451F1C1470A203CB08145EFA0BFFC3C
:10C45C0001459DBF13F7870141C7C18B930484002D
:10C46C004146A1CB890526859740FF1FE780C05E1A
:10C47C0081451305840141469740FF1FE7804064C6
:10C48C007C201309C403C14593E747007CA083A714
:10C49C0001984A8595C79C4F85C7829783270408C6
:10C4AC009DC32285EF00F02319FD930720053CB0B6
:10C4BC0045B7814526859740FF1FE78060604DBFDB
:10C4CC00EFA0AF95E1BF9306C4024A86A6852285EC
:10C4DC00EFF0AFB62285EF00901ACD4769D9E5B5DC
:10C4EC00094785456388E70093F7D70F1147639693
:10C4FC00E70089450A20EFA01FF27C2093E7470054
:10C50C007CA08327040881C7930710054DB7C54746
:10C51C0079BF3C2163830726397122DC06DE26DADB
:10C52C004AD84ED652D43C31130750052A84639511
:10C53C00E70803497500138A01989309C5039357BB
:10C54C003900AA97842783270A00C1454E85B5C3B5
:10C55C009C4FA5C3829783270A00A1C79C47B1C3F0
:10C56C000325040813797900B3D62441858A9305F1
:10C57C000504180893E606084E86130505088297ED
:10C58C001375F50F19ED41460C081305C4029740BD
:10C59C00FF1FE780604C2285EF00700E930760054B
:10C5AC003CB0F2506254D2544259B259225A2161D1
:10C5BC008280EFA08F8645B7130710026392E702C3
:10C5CC001C5503270508DE2361EB13F7071069C719
:10C5DC0078555A2B1377071061C3930770023CB040
:10C5EC003C3013077002639FE70C3C5885E39305BE
:10C5FC00300571459760FF1FE78000F328D819C5F7
:10C60C00714681459740FF1FE780804B2458A1C895
:10C61C00BC2C89E72285EFF08FADA8AC285881455A
:10C62C0041469740FF1FE780A04928583D472C2DD5
:10C63C009387F5FF93F7F70F6364F700EF90FFFD17
:10C64C00EF801FEA3C58A1458AAB13852701EF9078
:10C65C00DFFC2C580A20EF00D031631A0510930729
:10C66C0080023CB00A209760FF1FE780806741463C
:10C67C0009C57E2513D617003E966254F250D2544B
:10C68C004259B259225A17A5FF1F0345959B06061E
:10C69C00854521616F809FFC13F7072009CB7854E7
:10C6AC005A2B1377072001C7930790020DBF93F7FE
:10C6BC0007409DD77C54DE2B93F7074095D3930707
:10C6CC00B00231BF130780026397E7023C5899C749
:10C6DC008E2B0A2013862701EF00102F1C54DE230B
:10C6EC0013F7072029CF78545A2B1377072021CB27
:10C6FC0093079002BDB713079002639BE700EFA06E
:10C70C006FA0AA850A20EF00302B9307A00291BFDF
:10C71C001307A0026390E704EFA02F9EAA8585471C
:10C72C0001456384F500814505452EC6EFA0AF9AFF
:10C73C002A86B2450A20EF00D0241C54DE2393F73E
:10C74C0007409DC37C54DE2B93F7074091CF930792
:10C75C00B00201BF1307B0026398E700EFA02F9B54
:10C76C00AA850A20EF00B0299307F00215BD3830D6
:10C77C009307F002E318F7EE2DB58280411122C425
:10C78C00405926C206C67C54AA84DE2B13F7071028
:10C79C0011C718545A23137707100DE313F707200A
:10C7AC0011C718545A231377072009EB93F7074046
:10C7BC008DCB1C54DE2393F7074085C793071002DB
:10C7CC003CB02285EFF0FFD438309307F002631EA3
:10C7DC00F7002244AA20B2409244814541016FE007
:10C7EC00FFD49307F0023CB0EDB7B2402244924420
:10C7FC0041018280397122DC405926DA4AD84ED662
:10C80C0006DE2A89AE84B289630204382A211E20EE
:10C81C00639FA7103C20638607389387E5FF93F747
:10C82C00F70F2D47636FF736175701001307072FC4
:10C83C00B3C7E7209C43BA97828722856254F25093
:10C84C00D2544259B259B28521616FF07FA841464A
:10C85C00CE851305C4049740FF1FE780E01F228597
:10C86C00812D383093074005631AF7009307900524
:10C87C003335A000931435003CB05DA893066005D9
:10C88C00D147E317D7FE9307A005DDB71309C405FD
:10C89C004A854146CE859740FF1FE780E01B032564
:10C8AC0004084DC53C30130790056397E7002285BB
:10C8BC0079259307E00595A81307A0056392E7086F
:10C8CC007C3013D73700229714279D8BB3D6F640B4
:10C8DC00858A83A7019893E60608B1CB9C47A1CB28
:10C8EC009305050818084A861305050482971375E5
:10C8FC00F50F15ED41460C081305C4049740FF1FB6
:10C90C00E78020277C304D47850793F7F70F7CB0E5
:10C91C00E36FF7F885451795FF1F034595729760F0
:10C92C00FF1FE7800030930750053CB031A8A144AD
:10C93C00F25062544259B2592685D25421618280F8
:10C94C001307C005E385E7F68144DDB7930984003E
:10C95C004A86CE8522851408EFE03FEE41469305CA
:10C96C00C40408089740FF1FE780A02071D18A8675
:10C97C001306C403CA854E85EF108068A1440DE1EF
:10C98C002285EFE0DFF62A870A209797FF1F83A7FF
:10C99C00E76A814601468A858297B334A0008E04EB
:10C9AC0093072002D1BD0C22EFE05FB871BF383085
:10C9BC00930720026317F71E7C5889EB930530050B
:10C9CC0071459760FF1FE78020B668D86858630AE6
:10C9DC00051C4146CE859740FF1FE780E007645851
:10C9EC002285EFE0DFF0A8AC930730023DBF383072
:10C9FC00930730026317F71A1E2268582146938555
:10CA0C0029001EA949059740FF1FE780E0047C54CC
:10CA1C00DE2B13F727002DC718545A23098B2DC36F
:10CA2C009307400219B7383093074002631BF7167F
:10CA3C003C5C81EB85455D459760FF1FE780C0AE90
:10CA4C0028DC285CE30205F083C709004146CE854B
:10CA5C007CA99740FF1FE780200093075002F1B597
:10CA6C00383093075002631EF712285C19469385E1
:10CA7C00190041059740FF1FE78000FE7C54DE2B18
:10CA8C00918B95CF1C54DE23918B95CB9307600231
:10CA9C0069BD7C5C89EB9305300551459760FF1FA0
:10CAAC00E78080A868DC685CE30305E84146CE8536
:10CABC009740FF1FE78040FA7C5C7D5798CB4A85F6
:10CACC00EFF0DFCB51B50325040813060004CE8527
:10CADC00130505049740FF1FE78000F82285EFE05F
:10CAEC005FD23C30130700056395E70093074005C0
:10CAFC002DBD13071005E38FE7E013072005E39521
:10CB0C00E7E483A70198E38407E29C47E38107E20B
:10CB1C00832504089304840018089385050881462E
:10CB2C0026862E8582970A201008A685EFA09F974F
:10CB3C009307B005DDBB38309307E0056313F706A8
:10CB4C008325040841464E859740FF1FE78060020D
:10CB5C00AD44E30F05DC032504084146CE85974020
:10CB6C00FF1FE78060EF2285EFE07FD82A872C58E3
:10CB7C000A209797FF1F83A7674C8146014682972F
:10CB8C00B334A0008E0493071002FDB1AD47E39DB2
:10CB9C00F5DA14222E21130665000821EFA0AF8DC3
:10CBAC0065B39D4471B3AA87094541C6D9C11CA27E
:10CBBC009C211CB29C313CA2BC213CB2BC31A302D6
:10CBCC0006005CA2DE2193D787485CB2DA2113778A
:10CBDC00072001C793E727005CB2DE2193F70740DB
:10CBEC0089C75C3293E747005CB2DE211317B0288B
:10CBFC00F98F89C75C3293E787005CB22303060088
:10CC0C00DE21858B7CA2DA21098B01C793E72700F3
:10CC1C007CA2DE21918B89C77C2293E747007CA202
:10CC2C00DE21A18B89C77C2293E787007CA201457A
:10CC3C00828082802E86AA8505456FF0DFF62E86CF
:10CC4C00AA8509456FF03FF68DC52A87094505C7AA
:10CC5C00411106C6AE878D4694A113851700414637
:10CC6C00BA859740FF1FE78020DFB24001454101A4
:10CC7C0082800945828082808DC52A87094505C737
:10CC8C00411106C6AE87914694A113851700414603
:10CC9C00BA859740FF1FE78020DCB2400145410177
:10CCAC0082800945828082808DC52A87094505C707
:10CCBC00411106C6AE87994694A1138517004146CB
:10CCCC00BA859740FF1FE78020D9B240014541014A
:10CCDC0082800945828082809DC92A87094515CBAF
:10CCEC00411106C69D4694A11623AE8713853700C5
:10CCFC0094B116232146A182B4A193052700974035
:10CD0C00FF1FE78060D5B240014541018280094593
:10CD1C00828082808DC52A87094505C7411106C6C8
:10CD2C00AE87A14694A1138517004146BA8597405A
:10CD3C00FF1FE78060D2B240014541018280094566
:10CD4C008280828085C92A8709451DC7411106C684
:10CD5C00A54694A11423AE871385270094B11946D8
:10CD6C00930517009740FF1FE78000CFB2400145A5
:10CD7C00410182800945828082808DC52A870945C0
:10CD8C0005C7411106C6AE87A94694A113851700A5
:10CD9C004146BA859740FF1FE78000CCB240014561
:10CDAC004101828009458280828095C52A87094588
:10CDBC000DC7411106C6AE87B14694A11385170065
:10CDCC0013060004BA859740FF1FE780E0C8B24005
:10CDDC000145410182800945828082808DC52A8768
:10CDEC00094505C7411106C6AE87B54694A1138502
:10CDFC0017004146BA859740FF1FE780E0C5B24057
:10CE0C00014541018280094582808280AA870945BB
:10CE1C0081C999C7154798A19C2301459CB1828073
:10CE2C0082800DC55D718A8586C6A2C42A84EFE016
:10CE3C009F990A200A86970600009386E6DF9D4597
:10CE4C00EFE05F8CB64026446161828005458280AC
:10CE5C000DC55D718A8586C6A2C42A84EFE0BF9693
:10CE6C000A200A86970600009386A6DD9D45EFE012
:10CE7C007F89B640264461618280054582805D7160
:10CE8C00A2C49305C5022A8441460A8586C69740EA
:10CE9C00FF1FE78060BC0A200A8697060000938675
:10CEAC00E6DAC545EFE01F86B64026446161828014
:10CEBC005D71A2C49305C5032A8441460A8586C6C2
:10CECC009740FF1FE78040B90A200A8697060000AA
:10CEDC009386C6DAC545EFE0FF82B6402644616111
:10CEEC00828083A70198A9CB9C435D71A2C486C69E
:10CEFC002A841305E00F8DCF032504089305050C38
:10CF0C0013050508829783250408130600040A8577
:10CF1C00938505089740FF1FE78000B40A20970609
:10CF2C0000009386C6E80A8693051004EFE08FFD97
:10CF3C00B6402644616182801305E00F8280317116
:10CF4C0022DD2A840A2126DB06DF4AD94ED752D5A8
:10CF5C0056D35AD15ECF62CD66CB9760FF1FE78068
:10CF6C0040D83C58AA8489EB9305300571459750FD
:10CF7C00FF1FE780605B28D82858CD4705C971464C
:10CF8C0081459740FF1FE780A0B303290407228542
:10CF9C00EFE0FF95230DA9003C20138901986382D3
:10CFAC000712832709008DE39307E00FFA506A54A8
:10CFBC00DA544A59BA592A5A9A5A0A5BFA4B6A4CA9
:10CFCC00DA4C3E852961828003AC0701E30E0CFC30
:10CFDC00032B0408EF907F92AA8B0145EF90BF8F33
:10CFEC00DC303458130B0B029309C403130AC40529
:10CFFC00938A64002A8736C0B337F0009308010483
:10D00C005688B33670015286CE855A85029C1C54C4
:10D01C00B8232307E1029833A306E1029C232306DD
:10D02C00F10283270900C9D383AB4701E38E0BF6CA
:10D03C00DC30B337F0003ECEEF903F8C2A8B0145AD
:10D04C00EF907F8903270408F2472AC03AC2B3380D
:10D05C00600156887810930684004E86D28588002D
:10D06C00829B7C54B82B2305E1029833A304E10284
:10D07C009C232304F1028327090003AB4701EF90A3
:10D08C00DF872A890145EF901F8583C854009C08CF
:10D09C002A883EC2B3381001B337200138109306EA
:10D0AC0084015286CE8556C08800029B0A209706C2
:10D0BC0000009386E6D29008C545EFE0AFE4AA875E
:10D0CC00F5B5D43083270900032B0408B336D00000
:10D0DC0083AC070136CEEF905F82AA8B0145EF90AF
:10D0EC008FFF3C58F246130B0B02130AC40593092D
:10D0FC00C403938A64002A88930801044E86D2855F
:10D10C003EC05687B33770015A85829C1C54930BD2
:10D11C000103B8232307E1029833A306E1029C2301
:10D12C002306F1028327090083AC4701DC30B337B7
:10D13C00F0003ECEEF906FFC2A8B0145EF90AFF9DB
:10D14C00F2472AC0B33860015688781093068400E1
:10D15C004E86D2855EC28800829C83250408414697
:10D16C005E859740FF1FE780C0A0AD47E31B05EE2F
:10D17C0035BD2E8697060000938646B3C5456FE0F5
:10D18C006FD85D71B287A2C44C802A84BE8513050A
:10D19C001100194686C69740FF1FE780E08B0A8670
:10D1AC00228597060000938626BAA145EFE08FD51D
:10D1BC00B6402644616182802E86970600009386D5
:10D1CC00A6B5C5456FE00FD45D71B287A2C46C8063
:10D1DC002A84BE8513052100214686C69740FF1F71
:10D1EC00E78080870A86228597060000938606AF23
:10D1FC00AD45EFE02FD1B6402644616182802E868A
:10D20C00970600009386A6B7C5456FE0AFCF79713E
:10D21C0022D406D626D24AD03C31130730052A84B4
:10D22C006385E708130750056396E7080349750003
:10D23C009307A0053CB193573900AA97842783A77D
:10D24C0001981305C503C145B1CF9C4FA1CF82975F
:10D25C0013797900B3D62441858A93E6060883A70F
:10D26C0001989DCB9C478DCB032504081808130609
:10D27C00C403930505041305050882971375F50F70
:10D28C0001ED1305C40241460C089730FF1FE780DF
:10D29C00A07C2285EFF0BFBEB250225492540259AA
:10D2AC0045618280EF906FB765B7930790053CB1ED
:10D2BC00814675B7130710026391E7027C5503276B
:10D2CC000508DE2B79EF13F7170061CF18555A2399
:10D2DC00058B61CB930720023CB03C301307200236
:10D2EC006398E70E3C5889EB9305300571459750D0
:10D2FC00FF1FE780602328D82458A5CC2285EFE0B7
:10D30C000FDFA8AC2858814541469730FF1FE780B6
:10D31C00207B28583D472C2D9387F5FF93F7F70F6B
:10D32C00636BF70283C7C198CDC34146814508089A
:10D33C009730FF1FE780C07819469795FF1F93859C
:10D34C00A5C508089730FF1FE780007130580C08FE
:10D35C002E85EF90F000EF80AF983C58A1458AAB3A
:10D36C0013852701EF906FAB2C580A20EFF07FE06C
:10D37C0001E5930730023CB00A209760FF1FE7805D
:10D38C004096414611C172252254B2509254025912
:10D39C001795FF1F0345F5CA0606854545616F8045
:10D3AC00EFAB13F7270001CB18545A23098B01C795
:10D3BC009307400215B7918B8DD31C54DE23918BB0
:10D3CC00E38D07F09307600201BFEF900FA561B7E3
:10D3DC00130730026396E7023C5899C78E2B0A203C
:10D3EC0013862701EFF05FDE7C54DE2B13F727004A
:10D3FC0039CB18545A23098B39C793074002A5BF60
:10D40C0013074002639CE700EF90CFCFAA850A2058
:10D41C00EFF09FDA9307500239DDB9BF13075002C2
:10D42C00639CE702EF906FCDAA85054599C18545B0
:10D43C0001452EC6EF902FCA2A86B2450A20EFF07E
:10D44C005FD47C54DE2B918B95C31C54DE23918BC3
:10D45C0091CF9307600205B7130760026398E7004A
:10D46C00EF90EFCAAA850A20EFF07FD97C540327EE
:10D47C000408DE2B09EF13F7071011CB18545A23AD
:10D48C001377071009C7930770023CB031B513F737
:10D49C00072009CB18545A231377072001C7930789
:10D4AC009002E5B793F7074089CB1C54DE2393F722
:10D4BC00074081C79307B002C9BF9307F002F1B7C9
:10D4CC00397122DC26DA4AD84ED606DE52D42E89A1
:10D4DC00B289AA849760FF1FE780A080405941461B
:10D4EC0081450A859730FF1FE780805D35C4035A5C
:10D4FC00040063139A06383093071002631FF70277
:10D50C008327040899CF2C58A1C95285EF10B05E1F
:10D51C000545F2506254D2544259B259225A2161F3
:10D52C0082808A861306C4059305C4031305840000
:10D53C00EF00102D15E18A85C9BF2C5891CD9E297D
:10D54C00639C37012146C9054A859730FF1FE78048
:10D55C00406219C12C5855BF26859750FF1FE78094
:10D56C0040782A8455D54C55B9C19E29639137050D
:10D57C002146C9054A859730FF1FE780805F8547A4
:10D58C006317F50283C7118189C74C54BC3D639264
:10D59C00A70CBD452685EF1030519797FF1F83A729
:10D5AC00A79181C789451D45829701459DB7138970
:10D5BC00B198834709009799FF1F9389E98C858B54
:10D5CC008DCF583083C741986319F702194693855C
:10D5DC005198130564009730FF1FE78080598547E9
:10D5EC00631DF50083A7090381C791451D458297EB
:10D5FC00BD452685EF10504B21BF03C7C19883A7AB
:10D60C00090331CB03470900098B09CB81C7954529
:10D61C001D4582972685EF10504EDDBD81C78D4587
:10D62C001D4582974146814508089730FF1FE780CA
:10D63C00204919469795FF1F938505960808973042
:10D64C00FF1FE78060410C082E850A86EF90405141
:10D65C008A85268565BD8545C5FF6DBF797122D448
:10D66C00405926D24AD04ECE06D6AA892E89B284EB
:10D67C00630404622A211E20638BA7002149B25047
:10D68C0022549254F2494A850259456182803C20C9
:10D69C00639207629387F5FF93F7F70F3147636B3C
:10D6AC00F760174701001307674AB3C7E7209C438D
:10D6BC00BA9782871C54F9F39305300513050004BF
:10D6CC009750FF1FE78040E608D44DD9982091472A
:10D6DC0063F4E7000D4965B798308547E3ECE7FE46
:10D6EC0013060004A6859730FF1FE780E036185418
:10D6FC007C54A30204005443D04BFD75858A758E6F
:10D70C00D62B9385F57FF99AD18ED6ABD04B54435B
:10D71C00758ED62B098AF59AD18ED6ABD04B544345
:10D72C00758ED62B118AED9AD18ED6ABD04B544335
:10D73C00758ED62B218ADD9AD18ED6ABD04B544325
:10D74C00758ED62B1376061093F6F6EFD18ED6ABDC
:10D75C00D04B5443758ED62B1376062093F6F6DFFA
:10D76C00D18ED6ABD04B5443758ED62B1376064048
:10D77C0093F6F6BFD18ED6ABD44B5043F18ED22B51
:10D78C0093D6B648AE066D8ED18ED6ABBC2B032588
:10D79C000408A18BEDC73C23A18BF5C3E31005EE68
:10D7AC0093053005130500109750FF1FE780C0D775
:10D7BC002320A40805D17C54A30204009830943390
:10D7CC0099E649CB5C3093E707015CB021A0A147F7
:10D7DC005CB06DFB2285EFF0AFE76C54BC29858BF8
:10D7EC0089CB1C54BC238D8B89C77C2093E71700F5
:10D7FC007CA08327040889C77C2093E787007CA042
:10D80C005C300547639EE70A414681451305840059
:10D81C009730FF1FE780C02A8145130584014146DC
:10D82C009730FF1FE780C02983A701981305C40315
:10D83C00C145C1C79C4FD1C3829703270408C14778
:10D84C0019C3930700050A203CB08145EF90BFBC7B
:10D85C00014935B5B82B118B11E7B820118B19E3A1
:10D86C008547A5B79823942095473307F702974728
:10D87C00010093872727BA97B6979C23B9B719C588
:10D88C009750FF1FE780A0D6232004087C549833C0
:10D89C0009C7983019C3E1470DBFB82B118B01E7AD
:10D8AC00B820118B55DF9823954794203307F70246
:10D8BC00974701009387C7247DBFEF801FD6B5BF64
:10D8CC0013F7870135C3C18B130584004146B1C3DF
:10D8DC0089059730FF1FE7802018814513058401C7
:10D8EC0041469730FF1FE780A01D7C201305C40321
:10D8FC00C14593E747007CA083A701988DC39C4F3B
:10D90C0099CF82978327040891CF930720053CB0C9
:10D91C0081B781459730FF1FE780801A7DBFEF806C
:10D92C00DFCFCDB7CD47E5B7094789456386E7001B
:10D93C0011476397E70085450A20EF90DFAD21A0E2
:10D94C001947E38AE7FE7C2093E747007CA08327F6
:10D95C00040881C7930710055DBFC5474DBF4146FD
:10D96C00A6851305C4049730FF1FE780E00E3C30FA
:10D97C0013076005639EE70085451785FF1F034568
:10D98C00556C9750FF1FE780C0299307500541B78E
:10D99C0045476384E7029306C4021306C403930548
:10D9AC0084002285EFD07FE92285EFF04FCD33390B
:10D9BC00A0000E09D1473CB0D9B1C94789BF930922
:10D9CC00C4054E854146A6859730FF1FE780C008E9
:10D9DC000325040879C13830930690056318D700E5
:10D9EC002285EFF0EFCC9307E00515B79306A00561
:10D9FC006318D706783003A6019893563700A29681
:10DA0C0094266309062A032886006305082A1D8BC1
:10DA1C00B3D6E640858A0A8793E60608930505087F
:10DA2C004E8613050504029841468A851305C404E5
:10DA3C009730FF1FE780E013133915002285EFF0B4
:10DA4C002FC77C30CD460A09850793F7F70F7CB0BA
:10DA5C001307600563F4F6001307E00538B005B151
:10DA6C009306C005E316D7DE03A7019863040724C9
:10DA7C000328870063000824930505089304840099
:10DA8C000A87814626862E8502980A200A86A68554
:10DA9C00EF905FA19307B0059DBD8A864E869305D6
:10DAAC0084002285EFD07FD941469305C4040A85B2
:10DABC009730FF1FE780E00B8547E312F5BC22850A
:10DACC00EFF00FBF93071002E30305E445BE3830B7
:10DADC00930770026310F71E7C5889EB9305300591
:10DAEC0071459750FF1FE78020A468D868586303DE
:10DAFC00051CA68541469730FF1FE780E0F564586A
:10DB0C002285EFD0DFDEA8AC9307800209B5383050
:10DB1C00930780026310F71A1E22685821469385DA
:10DB2C0024001EA949059730FF1FE780E0F27C54C2
:10DB3C00DE2B13F7072035C718545A231377072009
:10DB4C002DC393079002E1B338309307900263130F
:10DB5C00F7163C5C89EB930530055D459750FF1F2C
:10DB6C00E780809C28DC285C630605144146A6856A
:10DB7C009730FF1FE78040EE9307A00249BB383077
:10DB8C009307A0026318F7121C22285C1946938590
:10DB9C0014007CA941059730FF1FE780E0EB7C5413
:10DBAC00DE2B93F70740A1C71C54DE2393F70740E5
:10DBBC009DCF9307B002A1BB38309307B002631B13
:10DBCC00F70E7C5C89EB9305300551459750FF1F90
:10DBDC00E780809568DC685CE30205AA4146A6856F
:10DBEC009730FF1FE78040E77C5C7D5798CB03D5CF
:10DBFC0029008145EFD09F93A1B938309307F004E9
:10DC0C00E3FEE7A603250408E30A05A613060004B1
:10DC1C00A685130505049730FF1FE780E0E32285F6
:10DC2C00EFF02FAC2A892285EFD0BFBD3C30130713
:10DC3C000005639FE70003D6E90085451785FF1FA4
:10DC4C00034535400606EF707FA193073005A5B359
:10DC5C00130710056395E70093076005A9BB13072D
:10DC6C002005E39EE7A09307C005B1B338309307B6
:10DC7C00E005E315F7A0032504084146A685973077
:10DC8C00FF1FE78060DD2285EFF06FAB2A899307D9
:10DC9C00100215B30C22B9BF8547E39BF5BA0328D4
:10DCAC0046003C32382214322E2110220145EF80DE
:10DCBC007FF179BE1D49E1B28147C1463307F500BA
:10DCCC00B388F500182383C808003308F6008507CD
:10DCDC00334717012300E800E392D7FE82803D47CB
:10DCEC0081477D583306E5001422B388E5007D1783
:10DCFC008606D58F2380F8001C229D83E31407FF32
:10DD0C0082800147C1469377F70F63FDC700B307C5
:10DD1C00E5009C233388E5002300F8000507E31495
:10DD2C00D7FE8280918F93B717009E07E5B701113C
:10DD3C004AC84EC62E89AA8993053005414506CEA0
:10DD4C0022CC26CA52C4328A9740FF1FE780C07D7E
:10DD5C002A849305300541459740FF1FE780C07C1E
:10DD6C00AA845DC059C1414681459730FF1FE780A9
:10DD7C0020D54E852286A685EF80905EAA8929E162
:10DD8C008307040063D90704A6852285EFF03FF5CD
:10DD9C004A86974501009385A5DE2685EFF0DFF1D5
:10DDAC008307090063DE0702A6854A85EFF03FF37F
:10DDBC005286974501009385A5DC2685EFF0DFEFB1
:10DDCC0022859750FF1FE780808226859750FF1F82
:10DDDC00E780E0810DA0CA852285EFF05FF0C9B71E
:10DDEC00D2854A85EFF0BFEFE1BF22859740FF1F38
:10DDFC00E780E07FCD49F2406244D2444249224A56
:10DE0C004E85B2490561828075D5CD497DBF81476C
:10DE1C004146B306F5003387F500182303C8060006
:10DE2C0085073347070198A2E395C7FE828001114D
:10DE3C0026CA4EC6AE84AA89930530051305000385
:10DE4C004AC806CE22CC32899740FF1FE780C06DAE
:10DE5C002DC51306000381452A849730FF1FE780E8
:10DE6C0020C64146CE8522859730FF1FE78020D5FE
:10DE7C00A6850D461305D4019730FF1FE78020D4EB
:10DE8C0013060402930504012285EF80704DAA84C9
:10DE9C000D469305D4024A859730FF1FE78020D2A8
:10DEAC0022859740FF1FE7808074F240624442490C
:10DEBC00B2492685D24405618280CD44FDB75D719F
:10DECC0052DC62D42E8A2A8C93053005130500038C
:10DEDC00A6C2CAC04EDE56DA5AD85ED686C6A2C4D0
:10DEEC00B28B368BBA84BE8A4289C6899740FF1F93
:10DEFC00E7808063630405101306000381452A84C0
:10DF0C009730FF1FE780C0BB4146E28522859730E2
:10DF1C00FF1FE780C0CA414681450A859730FF1F25
:10DF2C00E78000BA1D46DE850A859730FF1FE78023
:10DF3C0000C91D46DA85130571009730FF1FE78075
:10DF4C0000C833392001B33490004146814508089C
:10DF5C0023072101C4879730FF1FE78060B619465D
:10DF6C00D68548089730FF1FE78060C5CE851946D7
:10DF7C001305A1019730FF1FE78060C4130904014A
:10DF8C004146D2854A859730FF1FE78040C38A857A
:10DF9C004A85EFF0DFE7930904024E86CA85228595
:10DFAC00EF80103CAA840DE94146CE854A85973016
:10DFBC00FF1FE78060AA0C084A85EFF05FE54E86EC
:10DFCC00CA852285EF80D039AA8446454146CE8544
:10DFDC009730FF1FE780A0BE22859740FF1FE78088
:10DFEC000061B64026440649F259625AD25A425B45
:10DFFC00B25B225C2685964461618280CD44D5B7A4
:10E00C0001114EC652C4AE892A8A930530051305F8
:10E01C00000326CA4AC806CE22CCB2843689974061
:10E02C00FF1FE780605035C52A84D2854146973062
:10E03C00FF1FE780C0B8130A0401CE852146528524
:10E04C009730FF1FE780A0B7A685214613058401F2
:10E05C009730FF1FE780A0B6930904024E86D28545
:10E06C002285EF80F02FAA844146CE854A859730D1
:10E07C00FF1FE780C0B422859740FF1FE780205721
:10E08C00F24062444249B249224A2685D244056193
:10E09C008280CD44F5B739715ECE62CCAA8B2E8CC2
:10E0AC0041459305300506DE4ED652D45AD066CA89
:10E0BC006AC8B289B68C3A8D22DC26DA4AD856D296
:10E0CC009740FF1FE78040462A8A9305300541455B
:10E0DC009740FF1FE78040452A8B63040A1415E51F
:10E0EC0052859740FF1FE78080504D44F2502285A7
:10E0FC006254D2544259B259225A925A025BF24B90
:10E10C00624CD24C424D216182802A86D2855E853A
:10E11C00EFF0FFC12A8401CD52859740FF1FE780A5
:10E12C00004D5A859740FF1FE780604CC1B793059F
:10E13C00300541459740FF1FE780003FAA849305B7
:10E14C00300541459740FF1FE780003EAA8AF9C47D
:10E15C0009ED26859740FF1FE7806049528597405F
:10E16C00FF1FE780C0484D446DBF1389F900135958
:10E17C00494013F6F900630509047D193349090870
:10E18C0029E2131549005686D2856295EFF0DFB26D
:10E19C004146814526859730FF1FE7806092814973
:10E1AC00B3C7090863F827051DC426859740FF1FD0
:10E1BC00E780E04356859740FF1FE7804043A9BFA7
:10E1CC000149131549008A856295EFF09FB3568675
:10E1DC00DA850A8565BF939549000A86E2952685FE
:10E1EC00EFF09FAD26868A855E85EF8070172A84B6
:10E1FC0085097DB75DF80A86D6852685EFF0DFABFD
:10E20C0026868A855E85EF80B0152A846A86A68567
:10E21C0066859730FF1FE780208441BF21D14D4494
:10E22C0051BFE30405EC81B739715ECEAA8B594519
:10E23C0026DA4AD84ED652D456D25AD062CC06DE02
:10E24C0022DC034C01042E8BB28A368A3AC6BE8974
:10E25C004289C6849720FF1FE780E07025CD916727
:10E26C00938717E91EA185473CA12A84B245210555
:10E27C00638A0B04930710033CB019468145973011
:10E28C00FF1FE780E08323035401A3034401230A07
:10E29C00840123126401231734012318240126A8B6
:10E2AC00A2856254F250D2544259B259225A925A0F
:10E2BC00025BF24B624C1785FF1F034565D8216149
:10E2CC006F700F98A301040019469720FF1FE78079
:10E2DC00A07855BFF2506254D2544259B259225AC6
:10E2EC00925A025BF24B624C2161828001115AC03E
:10E2FC002A8B1305100326CA4AC84EC652C456C2EE
:10E30C0006CE22CCAE8A328AB684BA893E89972050
:10E31C00FF1FE780406525C1B7470201938717E9C6
:10E32C001CC1930785002A8423046501A3045501AD
:10E33C005CC1D285194629059720FF1FE780C07163
:10E34C00CE8504A81305140126869720FF1FE780AD
:10E35C00A07023082403A2856244F240D2444249AF
:10E36C00B249224A924A024B1785FF1F034545CDFD
:10E37C0005616F70EF8CF2406244D2444249B2495D
:10E38C00224A924A024B05618280011152C42A8AA8
:10E39C00314522CC26CA4AC84EC606CEAE89328931
:10E3AC00B6843A849720FF1FE780E05B0DCD916720
:10E3BC00938717E91EA18D473CA1A301450122A516
:10E3CC006244231235012313250106A5F240D244E1
:10E3DC004249B249224AAA851785FF1F034545C603
:10E3EC0005616F70EF85F2406244D2444249B249F4
:10E3FC00224A0561828001114EC6AA89394526CA76
:10E40C004AC806CE22CC2E89B2849720FF1FE78003
:10E41C00805521C19167938727E91EA19147A301DC
:10E42C003501231225012A843CA1A6851905214614
:10E43C009720FF1FE7804062A2856244F240D244DD
:10E44C004249B2491785FF1F034585BF05616F60BF
:10E45C003FFFF2406244D2444249B2490561828096
:10E46C0001114AC82A89414526CA06CE22CC2EC69D
:10E47C00B2849720FF1FE780004F15CD9167B245FE
:10E48C00938727E91EA195472A84231225013CA1D5
:10E49C00214619059720FF1FE780005CA28566A422
:10E4AC006244F240D24442491785FF1F034575B9B7
:10E4BC0005616F60FFF8F2406244D2444249056145
:10E4CC008280011152C42A8A394522CC26CA4AC8F4
:10E4DC004EC606CEAE893289B6843A849720FF1F89
:10E4EC00E78060480DCD9167938717E91EA1994786
:10E4FC003CA142A562442312450123133501231488
:10E50C00250126A5F240D2444249B249224AAA85A5
:10E51C001785FF1F0345C5B205616F607FF2F2409E
:10E52C006244D2444249B249224A056182807971DF
:10E53C0022D426D24AD04ECE52CC06D62A842E8A4B
:10E54C00B2893689BA849740FF1FE780807911CD54
:10E55C001306F00F2C0022852314410123153101E1
:10E56C00231621016487EFC01F8DB25022549254A0
:10E57C000259F249624A45618280011152C42A8AC9
:10E58C00394522CC26CA4AC84EC606CEAE89328937
:10E59C00B6843A849720FF1FE780E03C0DCD91674D
:10E5AC00938717E91EA19D473CA142A56244231203
:10E5BC004501231335012314250126A5F240D2442D
:10E5CC004249B249224AAA851785FF1F034545A730
:10E5DC0005616F60FFE6F2406244D2444249B249A1
:10E5EC00224A056182805D715AD82A8B130540023C
:10E5FC00A2C4A6C2CAC04EDE56DA62D466D26AD0B3
:10E60C006ECE86C652DC5ED6835D0105035D410588
:10E61C00834C8105034CC105835A0106AE893289AE
:10E62C00B6843AC43EC042C246849720FF1FE7809E
:10E63C00803369C911672A8A130717E91AA193074E
:10E64C004A011307900238A13EC6A2452105930B3F
:10E65C00EA0063020B0813071003A301EA00194632
:10E66C0081459720FF1FE780A045194681455E85AF
:10E67C009720FF1FE780C0441946814513054A01C6
:10E68C009720FF1FE780C04323032A01A3039A00AE
:10E69C0023009A03A3008A03231D8A002644231215
:10E6AC003A01231EBA01231FAA0123115A03B640B3
:10E6BC0096440649F259D25A425BB25B225C925C98
:10E6CC00025DF24DD285625A1785FF1F03454597AF
:10E6DC0061616F60FFD6A3010A0019469720FF1FE6
:10E6EC00E780803782455E8519469720FF1FE780BB
:10E6FC00A0369245194613054A019720FF1FE78063
:10E70C00A03559B7B640264496440649F259625A88
:10E71C00D25A425BB25B225C925C025DF24D61614B
:10E72C00828079714ECEAA89614552CC56CA5AC89C
:10E73C005EC662C406D622D426D24AD02E8AB28AAB
:10E74C00368BBA8B3E8C9720FF1FE780C02135CDCE
:10E75C00B7470B01938717E91CC1930785002A84DF
:10E76C005CC19304A50001493C306364F902A285A5
:10E77C002254B25092540259F249624AD24A424B44
:10E78C00B24B224C1785FF1F0345858B45616F608B
:10E79C003FCB2685238F34FFA38F44FF1946D685A4
:10E7AC009720FF1FE780402B13857400238364019F
:10E7BC001946DE8505099720FF1FE780E0291379AC
:10E7CC00F90FA3868401C10445B7B2502254925468
:10E7DC000259F249624AD24A424BB24B224C456131
:10E7EC00828001114EC6AA89214522CC26CA4AC86C
:10E7FC0006CE2E89B28436849720FF1FE780A016A0
:10E80C0015C99167938717E91EA1B1473CA1A301D4
:10E81C00350164A160B1624423122501F240D24457
:10E82C004249B249AA851785FF1F034565810561D9
:10E83C006F601FC1F2406244D2444249B249056143
:10E84C0082805D71A6C28344C10552DC3E8A865724
:10E85C005ED6AA8B13854402CAC04EDE56DA5AD84D
:10E86C0062D466D26AD06ECE86C6A2C4035D0105A0
:10E87C00834C4105664C2EC6B28D368BBA8AC28942
:10E88C0046893EC49720FF1FE780E00D51C9B24571
:10E89C00B7470D01938717E91CC1930785002A849C
:10E8AC005CC1230475010CB51946EE85290597202A
:10E8BC00FF1FE780601AE28523086401A308540156
:10E8CC0023094401A3093401230A2401231BA401B5
:10E8DC00230C94011305940119469720FF1FE78020
:10E8EC00A017A2451305440264BC08D026869720C5
:10E8FC00FF1FE7806016A2852644B6409644064961
:10E90C00F259625AD25A425BB25B225C925C025D53
:10E91C00F24D1775FF1F0345A57261616F605FB201
:10E92C00B640264496440649F259625AD25A425B82
:10E93C00B25B225C925C025DF24D6161828041119E
:10E94C0026C2AA84614506C622C49720FF1FE78011
:10E95C0080013DC99167938717E91EA19307400277
:10E96C003CA19C302A84938564003CB1BC30B82017
:10E97C002105A207D98F231EF5FEDC201946230F93
:10E98C00F5FEDC30A30FF5FE9720FF1FE780C00CCF
:10E99C00DC24A2851775FF1F0345856A7CA4FC2423
:10E9AC00D834A207D98F1EA8FC343CA89C283CB8AC
:10E9BC009C385CA8BC285CB8BC387CA82244B2400B
:10E9CC00924441016F60DFA7B2402244924441015E
:10E9DC00828039714ED652D45ECE66CA06DE22DCF7
:10E9EC0026DA4AD856D25AD062CCAE8B977CFF1F0F
:10E9FC00938C0C6586453A8A03C77C00BE892EC66B
:10EA0C009307F00F6300F7082A8C13854801328BAB
:10EA1C00B68A4289C6849720FF1FE780C0F42A84F7
:10EA2C0035C19307000D1EA1D9473CA123128501C6
:10EA3C0023037501A3036501230455012315450127
:10EA4C0023063501A306250164A5B2458DC85105E1
:10EA5C0008C826869720FF1FE7800000A285625415
:10EA6C0003C57C00F250D2544259B259225A925AE0
:10EA7C00025BF24B624CD24C21616F607F9C23286D
:10EA8C000500E9BFF2506254D2544259B259225A8D
:10EA9C00925A025BF24B624CD24C21618280411142
:10EAAC0022C42A84194506C69720FF1FE780A0EBD5
:10EABC0015C19167938717E91EA1C1473CA142A1DB
:10EACC002244B240AA851775FF1F034565574101C3
:10EADC006F601F97B24022444101828041110D4565
:10EAEC0006C69720FF1FE78000E815C1930710F9B1
:10EAFC001CA19307E0031CB1C5473CA1B240AA85F9
:10EB0C001775FF1F0345C55341016F607F93B240DA
:10EB1C004101828001114EC6AA89294522CC26CA00
:10EB2C004AC806CE2E89B28436849720FF1FE78010
:10EB3C0080E315C99167938717E91EA1C9473CA1CA
:10EB4C00A30135012302250100A5624466A1F24010
:10EB5C00D2444249B249AA851775FF1F0345454E59
:10EB6C0005616F60FF8DF2406244D2444249B24964
:10EB7C000561828001114EC6AA892D4526CA4AC854
:10EB8C0006CE22CC2E89B2849720FF1FE780A0DD11
:10EB9C0031C1930710F91CA19307E0031CB1CD47B9
:10EBAC00A3013501230225012A843CA1A685150564
:10EBBC0019469720FF1FE78020EAA2856244F240A5
:10EBCC00D2444249B2491775FF1F03456547056199
:10EBDC006F601F87F2406244D2444249B2490561DA
:10EBEC008280411126C2AA84214522C406C62E84E5
:10EBFC009720FF1FE78020D705C59167938717E9FA
:10EC0C001EA1D1473CA160A1224446A1B24092442E
:10EC1C00AA851775FF1F0345A54241016F605F82EE
:10EC2C00B2402244924441018280411126C2AA84FE
:10EC3C00714506C622C49720FF1FE780C0D259C178
:10EC4C009167938717E91EA1930760023CA19C3042
:10EC5C002A849385A4003CB1BC30B8203105A207AE
:10EC6C00D98F231CF5FEDC30D8201946A207D98F8A
:10EC7C00231DF5FEFC30F820A207D98F231EF5FECC
:10EC8C009C24230FF5FE9C34A30FF5FE9720FF1F49
:10EC9C00E78080DC9C28A2851775FF1F0345453A49
:10ECAC003CA8BC289838A207D98F5EA8BC38A30B07
:10ECBC000400230C04007CA82244B240924441017D
:10ECCC006F600FF8B240224492444101828041119E
:10ECDC0026C206C622C49774FF1F93846436F8308C
:10ECEC009307F00F630FF7022A8419459720FF1F33
:10ECFC00E78060C7AA8515C5930700FD1CA1930783
:10ED0C007002A30005003CA11C303CB13C205CA16E
:10ED1C003C305CB12244E830B240924441016F6017
:10ED2C002FF2B24022449244410182809777FF1F18
:10ED3C0083C777311307F00FAA856396E700174353
:10ED4C00FF1F6700C38A1307000D1AA11307800267
:10ED5C0038A13E856F60CFEE411126C2AA84714561
:10ED6C0006C622C49720FF1FE780E0BF59C59167F4
:10ED7C00938717E91EA1930760023CA19C302A845B
:10ED8C009385A4003CB1BC30B8203105A207D98FC3
:10ED9C00231CF5FEDC30D8201946A207D98F231D81
:10EDAC00F5FEFC30F820A207D98F231EF5FE9C241B
:10EDBC00230FF5FE9C34A30FF5FE9720FF1FE78071
:10EDCC00A0C99C28A2851775FF1F034565273CA881
:10EDDC00BC289838A207D98F5EA8BC387CA8DC2840
:10EDEC007CB8DC381CACFC281CBCFC383CAC224489
:10EDFC00B240924441016F60AFE4B240224492446D
:10EE0C004101828041114AC02A89214522C426C26F
:10EE1C0006C6AE8432849720FF1FE780C0B405C5B8
:10EE2C00930710591EA12301250160A1224446A17C
:10EE3C00B24092440249AA851775FF1F034545202D
:10EE4C0041016F60EFDFB24022449244024941011C
:10EE5C008280411126C2AA84214522C44AC006C61A
:10EE6C002E8932849720FF1FE780E0AF1DC5916784
:10EE7C00938727E91EA1A1473CA164A160B122445C
:10EE8C0023122501B24092440249AA851775FF1F2F
:10EE9C000345351B41016F60AFDAB2402244924406
:10EEAC00024941018280011152C42A8A314522CC87
:10EEBC0026CA4AC84EC606CEAE893289B6843A8472
:10EECC009720FF1FE78020AA1DC98567938717C964
:10EEDC001EA1230145012303250122A5624423120F
:10EEEC00350106A5F240D2444249B249224AAA85CC
:10EEFC001775FF1F0345C51405616F606FD4F24091
:10EF0C006244D2444249B249224A056182800111CD
:10EF1C004AC82A891385C50026CA06CE22CCAE84DF
:10EF2C0032C69720FF1FE78000A40DCD8567B24540
:10EF3C00938717E924A1231225012A841EA13105E8
:10EF4C0008C426869720FF1FE78000B1A285624483
:10EF5C00F240D24442491775FF1F0345650E056107
:10EF6C006F600FCEF2406244D24442490561828008
:10EF7C00411126C2AA84194522C406C62E849720A4
:10EF8C00FF1FE780409E05C58567938717F91EA173
:10EF9C00854724A13CB142A12244B2409244AA85A7
:10EFAC001775FF1F0345C50941016F606FC9B2405A
:10EFBC002244924441018280411122C42A840D458D
:10EFCC0006C69720FF1FE780009A0DC1930710F922
:10EFDC001CA1E9471CB120A12244B240AA85177597
:10EFEC00FF1F0345E50541016F608FC5B240224408
:10EFFC0041018280411122C42A84214526C206C6C1
:10F00C00AE849720FF1FE78000960DC5916793870C
:10F01C0027E91EA1930700033CA160A1224446A14D
:10F02C00B2409244AA851775FF1F03459501410113
:10F03C006F600FC1B2402244924441018280411161
:10F04C00214522C426C206C6AE8432849720FF1FF7
:10F05C00E780609115C18567938707391EA18547A5
:10F06C003CA162A1224446A1B2409244AA8503C5A8
:10F07C00619141016F60CFBCB24022449244410186
:10F08C008280011122CC26CA4EC652C456C25AC026
:10F09C001304F5FF06CE4AC8094BAA89AE84328AFE
:10F0AC00B68A3344040863946513138B31918347F8
:10F0BC000B00C9CB03C916009C2222093369F90045
:10F0CC009777FF1F83D747DDF517635BF91C930711
:10F0DC00C6FF6314F90831459720FF1FE780A0880D
:10F0EC002A8439CD23134501930700F9150AA1652C
:10F0FC001EA12311350144A1850552859730FF1FB0
:10F10C00E780804208C405C983470B009385EAFF5A
:10F11C0013562A00FD172300FB009720FF1FE780E2
:10F12C0060961C44A28503C5619189071CC4EF60DD
:10F13C002FB1814401A822859730FF1FE780204B17
:10F14C009304F00FF24062444249B249224A924A77
:10F15C00024B2685D244056182809307D6FFE3419A
:10F16C00F9FEB1473304F402938401909C40A297BA
:10F17C00B82719C7884309C59730FF1FE780204778
:10F18C00A16513054900850583A9040033450508CD
:10F19C009730FF1FE78040399C40A29923A0A9001B
:10F1AC00A297884351DD0547B8A783470B005286C9
:10F1BC00D685FD172300FB009720FF1FE780C08931
:10F1CC009C40A29723934701239227019DB7854723
:10F1DC00E398F5F6B1473304F402138901908327C1
:10F1EC000900A297FA23884351CBDE23B306C7004C
:10F1FC00910763C5D7083A95D6859720FF1FE780FE
:10F20C00A08583270900A297FA233306EA00334628
:10F21C000608F2A3DE239107E31DF6F031459710A3
:10F22C00FF1FE7804074AA851DC9930700F91EA132
:10F23C00832709002302650123113501A297FA23C4
:10F24C009C437AA11CC503C56191EF606F9F832716
:10F25C000900A2972393070023850700D9BD8327B4
:10F26C000900A297884365D59730FF1FE7802038A7
:10F27C0083270900A29723A00700D1BF11C997309B
:10F28C00FF1FE780C03683270900A29723A0070041
:10F29C0083270900A29723930700238507005DB5F8
:10F2AC0091444DB56F80301C6F80501D6F80705431
:10F2BC006F80D01F411106C6EF80701CB240014513
:10F2CC00410182806F8010216F80D0226F8090244A
:10F2DC006F8030266F80D0276F8090296F80502BE5
:10F2EC006F80102D6F80B02E1C321822A20733E6CF
:10F2FC00E7006F80F02F6F8030316F8090336F801C
:10F30C00F0356F8050386F80D03A6F80B03C6F8092
:10F31C00903E6F807040411122C60344C10226C446
:10F32C008344010303430101030E4101834E810118
:10F33C00034FC101834F0102834241028343810287
:10F34C0022D6324426D8A2441ED416D27ED07ACEEF
:10F35C0076CC72CA1AC841016F80B04E6F80F03DF6
:10F36C006F80D03F6F8090426F8070446F805046AA
:10F37C006FA0A0156FA020266F8070486F80504A38
:10F38C006FA0203485672A871388A7C76915334572
:10F39C000508636EA802138807C80145636AB802A2
:10F3AC0063E8E5021307301F6364C702138766FF27
:10F3BC00938767C73347070863ECE70005063346B6
:10F3CC000608B305B6028E0633A5D500828001452A
:10F3DC0082801778FF1F130868C70345180003A71E
:10F3EC00C19683A6C1941375F507D1C590428327A6
:10F3FC004800137606F8498E90C213F6150001CA20
:10F40C0093F5050341466385C506938787C141651E
:10F41C00130505A0B3D5A7025057B70810FEFD1869
:10F42C001366260050D7704333761601B3F7A70244
:10F43C00FD89D2054D8E70C31306A00FB705FCFFD6
:10F44C00AA07B3D7C70270436D8EBA07B983D18FA1
:10F45C007CC383470800898B99CB98429C421377D5
:10F46C00F7071367070493F707F8D98F9CC28280BC
:10F47C009387078369BF5C57F59B5CD79C4293F7D6
:10F48C0007F8C98F9CC2F1B7411106C69777FF1FC9
:10F49C00238507BE9750FF1FE780E08EB2400145E1
:10F4AC00410182807971B7E700E026D284433707A7
:10F4BC00200006D622D44AD04ECE52CC56CA5AC8B8
:10F4CC005EC662C466C26AC0F98C23A0E7180F102E
:10F4DC0000001774FF1F130464B7184415E323A02E
:10F4EC0097100545B250225492540259F249624A7F
:10F4FC00D24A424BB24B224C924C024D4561828017
:10F50C001777FF1F0327C7C209C723A09710094508
:10F51C00D1BF1C20328BB68A858BADC31779FF1FE8
:10F52C001309C9B4832749002A8AAE8999EB483C50
:10F53C009305900409059730FF1FE780E0FE232216
:10F54C00A9008327490099E7B7E700E023A09710AB
:10F55C000D4549BF0347290098A383274900630D34
:10F56C000A04638B0904A3803701032549004E86E6
:10F57C00D28509059710FF1FE780004E9779FF1F72
:10F58C00938909D403A7C9019547630AF70083C778
:10F59C00090219476385E7000D476392E70283C7A9
:10F5AC00190289E7930780102390F902B7E700E06E
:10F5BC0023A0971001453DB7A3800700C1B7138A5C
:10F5CC00C19583270A0098430D8B1DC323820188A4
:10F5DC00B84B1377F78FB8CB98431367870098C352
:10F5EC009C4393D7374889C70100010001000100F3
:10F5FC00832C0A00B7070200834B040023A20C06DD
:10F60C0023A4FC009777FF1F23A407CC9777FF1F39
:10F61C0083C787A6918B1779FF1F130929A589E743
:10F62C0093F70B04639A071008308145EFF07FDAEB
:10F63C00138DC19403270D00138CC196B7063300AC
:10F64C001C4313D54B40014693F7F7CF1CC31C4307
:10F65C000D8993F7F7CF93E707201CC303270C0002
:10F66C001C47D58F1CC74C2CB707030093878715F5
:10F67C0023A8FC049730FF1FE78060DE83270D0072
:10F68C001844142098C75844858AD8C303270A0005
:10F69C005C43F99BD58F5CC3832749003CDF032770
:10F6AC000C005C4393F7F7EF5CC3010001000327E8
:10F6BC000C005C4393E707105CC38347E900A3018C
:10F6CC0069012301590193E747002307F9009307C8
:10F6DC00000423A0F9009777FF1F23AB07BEA147B7
:10F6EC0023AEF9009767FF1F83A7877C81CB034567
:10F6FC00090113060064C145EF505FF683270A0029
:10F70C001705000013058529DC43858B89E7170550
:10F71C000000130565039710FF1FE780007C9777A7
:10F72C00FF1F23A907BA9777FF1F23AD07B88327BD
:10F73C000A00054798C39DBD93F50B03484093E51C
:10F74C001500EDB5797122D41774FF1F130444B75B
:10F75C005C4006D626D24AD04ECE858B6387071ED8
:10F76C009777FF1F23A007B68329C403A3070100C3
:10F77C00EFF09FD19777FF1F83C70790918B9774FA
:10F78C00FF1F9384A48E1779FF1F1309298C6384A0
:10F79C00071683C71900CE979823930700086318A0
:10F7AC00F7008347090093E787002300F9005C58B2
:10F7BC000D476377F70EF1175CD85C58984463E7F4
:10F7CC00E70E3387E74083C71900D424CE979C33C8
:10F7DC00939646608E0763DA060E63FFE70C1D8F67
:10F7EC009306000263E8E6005858636AF70CB30707
:10F7FC00F7409CC4882889459730FF1FE7806042FA
:10F80C008345090093F78500F5C383A6C19593073B
:10F81C00800CFCD21C5C1307F00F3706330098C326
:10F82C009777FF1F23A207AA9777FF1F23A007AA8A
:10F83C009777FF1F23AE07A89777FF1F23AC07A866
:10F84C0003A7C1941C4391858D8993F7F7CF1CC3F3
:10F85C001C43014593F7F7CF93E707201CC303A77D
:10F86C00C1961C47D18F1CC7B70703009387872508
:10F87C00BCCA05469730FF1FE78000A583470900E7
:10F88C00B420B030DD9B814501452300F900EFF039
:10F89C007FC1B250225492540259F2494561828080
:10F8AC001767FF1F0327C763BA9731B79766FF1F08
:10F8BC0083A60663B69731B73387E74015B79766CB
:10F8CC00FF1F83A6E66136971DB75858636AF70089
:10F8DC00B307F7409CC4DC2493E70708DCA419BFEA
:10F8EC009766FF1F83A6C65F3697DDB783C71900DF
:10F8FC00F917A380F900485C01469305F100973095
:10F90C00FF1FE780E0875C5C9306F00F982363038E
:10F91C00D702BC306380D702630EF70093652500D5
:10F92C009395456083270901505C93F5F50F0D45C0
:10F93C00829785B78307090093154560E3C407FEDA
:10F94C00F5F19C872380F900F1BF83A7C195FC5387
:10F95C0085EFEFF07FB39767FF1F83A7E75589C744
:10F96C00854513051008829722549767FF1F9387CC
:10F97C00E76FB25092540259F249B423B033814527
:10F98C00014545616FF01FB2584CA147E313F7F0E6
:10F99C0085472382F188F5BD797126D29774FF1FB4
:10F9AC00938404929C4006D622D44AD04ECE52CC9C
:10F9BC00858B6383072083A9C40301469305F1005B
:10F9CC004E85A30701009777FF1F23AB078E972067
:10F9DC00FF1FE780E07A1764FF1F1304246917697F
:10F9EC00FF1F1309A966131A4560631F0A123C30E6
:10F9FC009306F00F6389D700D85C18236305D700F2
:10FA0C00094A6313F7128307090063C507009C8733
:10FA1C002380F9005C24918BADCFDC580D476373C8
:10FA2C00F714F117DCD8DC58184463E3E714338778
:10FA3C00E74083C719005424CE979C3393964660B5
:10FA4C008E0763D6061463FBE7121D8F9306000224
:10FA5C0063E8E600D8586366F712B307F7401CC496
:10FA6C00082889459730FF1FE780A01B83C7190022
:10FA7C003387F900142313070008639BE6129C5C80
:10FA8C001307F00F98C38347090093E787002300FF
:10FA9C00F90003A7C1965C5793D71748A1C38327D6
:10FAAC004900C165938505A033D6B7027443370569
:10FABC0010FE7D15E98EB3F7B7027D8A5206D18E02
:10FACC0074C39306A00F3706FCFFAA07B3D7D7025F
:10FADC007443F18EBA07B983D58F7CC35C40034560
:10FAEC0009008C3311850D899720FF1FE780207347
:10FAFC0017050000130525129710FF1FE780E03D46
:10FB0C0083A7C19498431317772998C3D857719B2F
:10FB1C00D8D783470900A18B9DEB83270901D05CC3
:10FB2C0081450D45829725A09740FF1FE780A025B2
:10FB3C00D05C832709010D459375FA0F82974840D5
:10FB4C003420303009CD0C310905EFF0BF95B2509F
:10FB5C00225492540259F249624A4561828081458D
:10FB6C000145E5B71767FF1F03278737BA9755BDC0
:10FB7C009766FF1F83A6C636B69755BD3387E740F9
:10FB8C00F1B59766FF1F83A6A6353697F9B5D858F9
:10FB9C00636AF700B307F7401CC45C2493E70708BB
:10FBAC005CA47DBD9766FF1F83A686333697DDB7B1
:10FBBC00F917A380F900F1BD83A7C195FC53B1E3FC
:10FBCC00EFF09F8C9767FF1F83A7072F89C7894585
:10FBDC001305100882979767FF1F93872749C8431F
:10FBEC00B033B42301CD0C3109052254B2509254D8
:10FBFC000259F249624A45616FF0DF8A814501453D
:10FC0C00EDB7D84CA147E314F7F485472382F1886C
:10FC1C003DBF41119767FF1F83A7C76A06C622C461
:10FC2C00858B95C79767FF1F23AE07681764FF1F67
:10FC3C001304C441EFF05F851C20A18B8DEF1C4891
:10FC4C000146814511452244B2404101828783A778
:10FC5C00C195FC53B9E79767FF1F23AB0766176481
:10FC6C00FF1F1304A43E1C20A18B91E71C480146E6
:10FC7C0081455145C9BF9767FF1F9387273FC843ED
:10FC8C00B033B42301CD0C310905EFF0BF811C203A
:10FC9C00DD9B1CA0B240224441018280814501457C
:10FCAC00EDB785472382F188F5B781471726010008
:10FCBC00130606EE9306F00F3307F6001823636461
:10FCCC00E5006313D700828003D805006364070145
:10FCDC009AA18280850793F7F70FF9BF411122C4CF
:10FCEC0006C626C22E849397556063DA07029710D6
:10FCFC00FF1FE78060CDAA8401CD1C21054793C767
:10FD0C0007086364F700EF2090652685EF502FEE0F
:10FD1C001315F468B240224492444101828093F757
:10FD2C00850099CB9767FF1F83A7073EBC5B91C3E8
:10FD3C00829713458400F9BF93F7450099CB9767D9
:10FD4C00FF1F83A7673CFC5791C382971345440060
:10FD5C00D1B793F7050281CF9767FF1F83A7073CA5
:10FD6C0083A7070991C382971345040265B793F7DC
:10FD7C00050181CF9767FF1F83A7473A83A7C70861
:10FD8C0091C382971345040171B709656D8D59D1E3
:10FD9C009767FF1F9387C72FF433F023CC33C82307
:10FDAC00EF80E0381315D468B5B7411122C48145F2
:10FDBC00130600122A841765FF1F1305652D06C64E
:10FDCC0026C223AA01929710FF1FE78060CF01453E
:10FDDC00EF10E05B0145EF10E05B9767FF1FA3821C
:10FDEC008708B707D7071764FF1F1304642AB507E2
:10FDFC005CC8B7C70D0D938707141CCCB7C7D707C2
:10FE0C00938707145CCCF177938707141EB0814756
:10FE1C00232EF40C9767FF1F9387872FB4477D47DA
:10FE2C00232CE40C37772D071307F71FD98EF847CF
:10FE3C0009661306E6B9518F9764FF1F9384C404B7
:10FE4C00B4C7F8C7B4CBF8CBFC24A30C0402A30CA6
:10FE5C00F40AA300F40CF977FD17231FF40E2310FA
:10FE6C00F410FD472301F410930730303EBC5EBC08
:10FE7C00EF507FEC9307C01C231BF406DE206D466D
:10FE8C001307B00FA983A300F4089E2828B02322DF
:10FE9C000404B3D7E70A3EB47EB49386E700B3F705
:10FEAC00C70AB3C606083EB08E069307801433C744
:10FEBC0006085AB41AB83377F70A8547A30FF40229
:10FECC00B70703009387C71C3CC0B7170706938777
:10FEDC0007443CC4B7071600938707905AB076B016
:10FEEC001AB45CD8EF70A03EEF20E015EF60B02E96
:10FEFC002244B240924441016F30800E011122CC59
:10FF0C0006CE9767FF1F83C7B7182A8485EB18287E
:10FF1C008547631BF70C8347D40303475404858B35
:10FF2C006312F70C1946930564041305E403971048
:10FF3C00FF1FE78000C43335A00099A88347550400
:10FF4C00D9CB8347B5041307000493F7070C6394CC
:10FF5C00E708085931C1930564041305A5022EC6A0
:10FF6C009720FF1FE78020CC8547B2456316F5022A
:10FF7C00085889472302F4043C31194693E72700BB
:10FF8C00A302F40451059710FF1FE780E0AC054570
:10FF9C00F240624405618280142805478347C403FC
:10FFAC00638BE60203470406118BD98F8DE713058B
:10FFBC0044049720FF1FE78080D308D809CD8947D8
:10FFCC002302F4043C3119469305640493E727009B
:10FFDC00A302F40445BF8347C403898B8DDB1C58F3
:10FFEC009C3395F701456DB783470406918B85F7D4
:04FFFC005C3413F767
:020000021000EC
:10000000170011CF34380D47639BE60068402C443D
:100010006244F24005611723FF1F6700E3EA898B02
:10002000ADDF38389547E31AF7F6CDB7011197677A
:10003000FF1F83A7272A22CC06CE26CA858B1764EA
:10004000FF1F0324E40BBDC79767FF1F23A40728E6
:10005000938441979C409DC7DC438DC789475C8250
:1000600083475404130561001946DC825C2893051C
:1000700064045C869710FF1FE780C09E9C40480088
:10008000DC43829783477406858B81CB8345540478
:10009000082413066404EF90807E83477406898BDE
:1000A00091CB22856244F240D24405611733FF1F91
:1000B0006700C3CA22856244F240D2440561173307
:1000C000FF1F6700A3C541114AC01769FF1F13092D
:1000D000E9FC8327090B06C622C426C281EB05452D
:1000E000B24022449244024941018280AA8497404E
:1000F000FF1FE78000CA8327090B8297EF10D04EBD
:100100002A8471DDDC50AC482324F508B834930709
:10011000A009631BF70E85472300F51483C7340637
:100120002303F514A303F514FC35F8250148A207B1
:10013000D98F98291546F90542075D8F83C735FF8A
:1001400013058413E207D98F232CF40883C755FFC6
:1001500003C765FFA2074207BA9703C745FFBA97CF
:10016000232EF40883C775FFA30BF40283C795FF02
:1001700003C785FFA207D98F1EBC83C7B5FF03C77E
:10018000A5FFA207D98F3EBC83C7D5FF03C7C5FF14
:10019000A207D98F5EBC83C7F5FF03C7E5FF232EF7
:1001A0000413A207D98F7EBC8147232CF412971029
:1001B000FF1FE780208BB84883473702FD8BA30AD7
:1001C000F40203473702ED1793F7F70F158323085F
:1001D000E4022D476365F7023E3C05679306A7C717
:1001E000E917B3C7070863ECF600563C9307301FC6
:1001F00063E7D7007E3C130707C86375F7020A243C
:10020000EF10905D0145E9BD8327090D1167F98F56
:1002100081DFFC4498239C21F98F93D75748230012
:10022000F51419B78327490B228582978327890DF7
:100230000A24294693F7072091E305469305000811
:10024000EF2090298327090D1167F98F99C70A2498
:10025000514693050008EF20302883278905F84B85
:10026000B7070008F98FE38C07E68824238C040085
:10027000494693050008EF20302695B5011122CCA0
:10028000930545012A84284901464EC606CE26CA52
:100290004AC89720FF1FE78060EF8949631805204F
:1002A00083044401AA8913050004EF60BFF113150C
:1002B000456063CFA4202C4831479C3193F7F70366
:1002C0003CA86399E7209C210D47BD8B3CB8639502
:1002D000E720130964031946A1054A859710FF1FFB
:1002E000E780E089630C051E2C4813056404194659
:1002F0009C21890593D76748A302F4049700FF1F48
:10030000E78040762285EFF03FC0630B051C644414
:100310009D471CA89CA08547BCA0BCB0CA851946B7
:10032000138544009700FF1FE780C073BC20B830DE
:100330000149990793F7F70F13678700BCA0B8B07E
:100340007844BA970357C406B8B3BC2078448346B0
:1003500014063E978357C4069206A183BD8BD58FA2
:100360005CA3B82009071377F70FB8A0762CD1CE7D
:1003700083470406795993F7070491C375593309E4
:10038000E9401379F90F6372D90883463406751969
:1003900085471379F90F6393F61293078042F94664
:1003A0009387371AB3C7D7021766FF1F034646D68F
:1003B000136606019765FF1F238CC5D4C16503A68C
:1003C000C1950CC6B386D702860634D2B43093E604
:1003D0000601B4B0744403462406369730B3B42003
:1003E000784436975CA3B8207C44BA970347340618
:1003F0001607D8B3BC208D07BCA05C54CA973CDC60
:100400007E2CB38727412319F4068347040693F70C
:10041000070489CFB8307C44B42013670704B8B010
:100420005838B697B8B3BC208507BCA0BC20684438
:10043000722C8D074C543E9551C66365C9089700D0
:10044000FF1FE78020620349E401B8209377F70398
:1004500085073E99A3082401B8A083475403858BE0
:1004600091E70347440389476317F70078441C2347
:1004700093E707041CA37C44183881451705000046
:100480001305E53A98B39710FF1FE780A0A68347AE
:10049000B4068345340610380D45DD8D9720FF1FC7
:1004A000E78040E39740FF1FE780A08EF240624460
:1004B000D24442494E85B24905618280856793875F
:1004C0008784F1BD4A869700FF1FE780A059B5BF1A
:1004D000AD49E9BF9149D9BF8D49C9BF9549F9B720
:1004E000A549E9B7011122CC930545012A84284981
:1004F000014626CA06CE4AC84EC652C49720FF1FE0
:10050000E780C0C88944631605142C4813072002ED
:1005100091449C3193F7F7033CA8639CE712842134
:100520009547BD8824B8639FF412130A64031946E3
:10053000A10552859700FF1FE7806064630B0510DB
:100540002C481309640419469C214A85890593D7D0
:100550006748A302F4049700FF1FE780A05022859C
:10056000EFF09F9AA54475C59769FF1F93898997F6
:1005700083D7C9001307003293870719B3D4E70262
:1005800083A70900829783A68900B30795003E8759
:1005900063E4A70063E4D7003387D7406444A147EE
:1005A0001CA858D09CA08547BCA0BCB01946D285D9
:1005B000138544009700FF1FE780C04ABC209907BD
:1005C000BCA0BC3093E72700BCB08347540491C75C
:1005D00078441C2393E707F81CA31946CA851385A2
:1005E000A4009700FF1FE780E047BC20990713F79E
:1005F000F703050718B8BCA083475403858B91E720
:100600000347440389476317F70078441C2393E7A3
:1006100007041CA318387C448145171500001305F6
:1006200045C298B39307A0F93CB49710FF1FE78029
:10063000608C8347B4068345340610380D45DD8D44
:100640009720FF1FE78000C981449730FF1FE78094
:100650004074F24062444249B249224A2685D2445B
:10066000056182808D44F5B741114AC01389C19557
:100670008327090022C41307800706C626C2F8D3C1
:100680002A840945238201889730FF1FE78000787C
:1006900083A7C194D857370500827D15719B1367D6
:1006A0001700D8D783250900D84113671700D8C190
:1006B00083068406D85713F6F603698F6606518FB2
:1006C000D8D71307A0031385C1966351D7121441DD
:1006D00037060007F84E518FF8CE9843370633009F
:1006E0001377F7CF98C398431377F7CF1367072093
:1006F00098C318411447D18E14C7B70603009386D8
:100700008625B4C95457F59A54D79843834624068E
:10071000137707F893F6F607558F98C337C7898E76
:10072000130767ED98C737575500644413075755AB
:10073000D8C39D471CA89CA08547BCA0A147BCB0BE
:100740007C440357C406D8A3BC20784483461406CF
:100750003E978357C4069206A183BD8BD58F5CA3B9
:10076000A8209307E00F09051375F50FA8A00356FD
:100770002407898F63C4C7047C442C5C0D053E9517
:100780009700FF1FE780002EB82083572407937639
:10079000F7038507B6971CB8B8A083475403858B29
:1007A00091E70347440389476317F70078441C2304
:1007B00093E707041CA37C44183898B383270900E7
:1007C0007844B2409244B8DF9767FF1F23A607B072
:1007D000834534068347B406103822440249DD8D30
:1007E000014541011723FF1F6700C3AE1306200216
:1007F0001841635CD600744F370600F97D16F18E00
:1008000037060005D18E74CFC9BD370600F9694897
:100810007D166357D800744FF18E37060003DDB79D
:10082000744FF18E93968629F9BF01119767FF1FC8
:1008300083A747AA22CC26CA06CE9764FF1F9384BB
:10084000E485858BE050C9C79767FF1F23A407A8DD
:1008500083C74407C18B9DC383C7440793F707022F
:10086000E5DF2285EFF05FE083C7440793F7F70CDD
:10087000238AF4069730FF1FE780A0512285972036
:10088000FF1FE780A049938441979C409DC7DC43AC
:100890008DC789475C82834754041305610019465C
:1008A000DC825C28930564045C869700FF1FE78068
:1008B000601B9C404800DC43829783477406858B0D
:1008C00081CB83455404082413066404EF80307BF5
:1008D0009730FF1FE780E04B22856244F240D2440C
:1008E00005611723FF1F6700634339714ED6938953
:1008F000C19583A6090022DC26DA06DE4AD852D446
:1009000056D25AD093078007FCD22382018883A74E
:10091000C194D857B70533002A84719B1367170019
:10092000D8D798431377F7CF98C398431377F7CF67
:100930001367072098C303A7C19610474D8E10C7B1
:100940003706030013068625B0CA5057759A50D74C
:10095000984303462506137707F81376F607518F59
:1009600098C3DC420D4793E71700DCC264459D47FE
:100970001CA99CA08547A3810400BCA08347F50562
:100980006384E70AFD1793F7F70F1547636BF700CA
:100990001717010013070722B3C7E7209C43BA9734
:1009A00082870149BC2013F7F70305073A990347EB
:1009B000E405A30824011A07D98FBCA08347540378
:1009C000858B91E70347440389476317F700784411
:1009D0001C2393E707041CA37C4418388145172582
:1009E000FF1F1305053D98B383A709007844B8DFBE
:1009F0009767FF1F23A2078E9700FF1FE780804F96
:100A0000834534068347B40610386254F250D254FA
:100A10004259B259225A925A025BDD8D0145216139
:100A20001723FF1F6700038B8547BCB0194693054A
:100A30006403138544009700FF1FE780A002BC20D9
:100A40009907BCA00347F4059947631FF702BC3020
:100A50001385A40093E72700BCB083475403898B18
:100A60006387072A0C58BC296383072A1946D105D6
:100A70009700FF1FE78000FF78441C2393E707F8E7
:100A80001CA3BC209907BCA0BC30B82093E787000A
:100A9000BCB07C44BA970357C406B8B3BC207844B2
:100AA000834614063E978357C4069206A183BD8BE6
:100AB000D58F5CA3B82009071377F70FB8A0562C81
:100AC000638B062683470406795993F7070491C37D
:100AD00075597C483309E9401379F90F918B81C727
:100AE00039191379F90F81476372D908834634069F
:100AF000751985471379F90F639BF6229307804296
:100B0000F9469387371AB3C7D7021756FF1F034614
:100B10002660136606019755FF1F238BC55E03A64B
:100B20000900C1650CC6B386D702860634D2B4303C
:100B300093E60601B4B0744403462406369730B3F6
:100B4000B420784436975CA3B42078443697834623
:100B50003406960654B3B8200D07B8A018544A9727
:100B600038DC5A2C330727412319E406784811460C
:100B70009376C700638BC60031466396C610034662
:100B800014068346F4076310D610218B630B071AF3
:100B9000032A840983A7C18882971757FF1F130769
:100BA0006734636DAA18B7470F009387072433058E
:100BB000AA40B335F502522781463305F502EFF01E
:100BC000405AB7074B00130745ED9387B7C7AA8A6A
:100BD00063EBE70A2A8A4946814568009700FF1FB0
:100BE000E780C0EEB7C70300938737FC63D557197A
:100BF000B7872500138737ED6346571FB247938A9F
:100C00006A099397D7283EC69307C012B3CAFA025F
:100C1000CE0A93D73A013247F976CE07758FCD8346
:100C2000D98F03576408B3C707089306040842071F
:100C3000D98F3EC69C52D052D8463EC89757FF1F08
:100C400083C7F7459D8B7D8A960793158700D18FC3
:100C5000CD8F3ECA9C4A61834946A2075D8F3ACC3C
:100C60008357840868446C00FC86BC208D073E9541
:100C70009700FF1FE78000DFBC3093E70702BCB09E
:100C8000BC20C907BCA08347040693F7070489CF9B
:100C9000B8307C44B42013670704B8B05838B6970E
:100CA000B8B3BC208507BCA0BC30684493F70702EA
:100CB0009DCF0327C40A05CFB4202546938736006D
:100CC000AA9790A31306200390B31023A906B0A3FC
:100CD0001033B0B33023D0A33033D0B35023F0A3BC
:100CE0005033F0B3702390A7783398B7B4A0522C48
:100CF000E30906CABC200C548D073E95636AC910EF
:100D00009700FF1FE78000D60349C40161B98347FC
:100D1000D40391C778441C2393E707F81CA3194612
:100D20009305E4039700FF1FE780C0D399BB856755
:100D300093878784F1B3814701490DBD1C473E9AD3
:100D40009DB5B83083463406418B29C379470546A3
:100D5000B387E702035724076397C6021307870781
:100D60000587BA97138A4729494681456800970045
:100D7000FF1FE780A0D59307FA007947B3C7E702C2
:100D8000CE07CD8349BD13070707E1BFBC205A2C0E
:100D900005463E979307070F6396C6001307870F14
:100DA000935717401757FF1F0347973613671700CE
:100DB0001756FF1FA30EE63403A6090037070800E5
:100DC000138A875218C693875754794733E7E70247
:100DD000998F86077CD6834714062300D408A30F77
:100DE000F40659B763C85701B2479397E7283EC640
:100DF000814715B59886B787DAFF93876709137718
:100E0000F7F913670706D886D6971307C012BDB740
:100E10004A869700FF1FE780E0C469B68547BCB0EB
:100E2000930565031946138544009700FF1FE7806B
:100E300060C3BC20B830175AFF1F130A2A2699072F
:100E400093F7F70F13678700BCA0B8B07844014947
:100E5000BA970357C406B8B3BC2078448346140637
:100E60003E978357C4069206A183BD8BD58F5CA3A2
:100E7000B820914709071377F70FB8A08346F40508
:100E8000639CF60883470406795993F7070491C3D6
:100E900075595E2C3309E9401379F90F637EF90621
:100EA00083463406751985471379F90F6399F60C53
:100EB00093078042F9469387371AB3C7D702034690
:100EC0004A07C16513660601230ACA0603A609007C
:100ED0000CC6B386D702860634D2B43093E6060138
:100EE000B4B0744403462406369730B3B420784433
:100EF00036975CA3B8207C44BA970347340616079C
:100F0000D8B3BC208D07BCA01C54CA973CDC5E2C17
:100F1000B38727412319F4068347040693F7070490
:100F200089CFBC30B82093E70704BCB07C44BA97A3
:100F30005838B8B3BC208507BCA00347F4059147D7
:100F40006319F704522C31C6BC2068440C548D0739
:100F50003E95636AC9029700FF1FE780A0B003496E
:100F6000C4010347F4059147631FF71E83474A07EF
:100F700093F7070F93E75700230AFA0625B485670E
:100F80009387878405BF4A869700FF1FE78080AD5F
:100F9000C9BF0149F9B78547BCB093056503194638
:100FA000138544009700FF1FE780C0ABBC20990762
:100FB000BCA0BC3093E72700BCB08347D40391C7E3
:100FC00078441C2393E707F81CA383475403138535
:100FD000A400898B638D07140C58BC2963890714FE
:100FE0001946D1059700FF1FE780C0A778441C234E
:100FF00093E707F81CA3BC20B830175AFF1F130A49
:10100000EA09990793F7F70F13678700BCA0B8B0F8
:1010100078440149BA970357C406B8B3BC20784452
:10102000834614063E978357C4069206A183BD8B60
:10103000D58F5CA3B820854709071377F70FB8A0B1
:101040008346F405639CF60883470406795993F7B1
:10105000070491C375595E2C3309E9401379F90FE0
:10106000637EF90683463406751985471379F90FAF
:10107000639FF60C93078042F9469387371AB3C7EC
:10108000D70203464A07C16513660601230ACA064A
:1010900003A609000CC6B386D702860634D2B43044
:1010A00093E60601B4B0744403462406369730B381
:1010B000B420784436975CA3B8207C44BA970347A1
:1010C00034061607D8B3BC208D07BCA01C54CA97A1
:1010D0003CDC5E2CB38727412319F40683470406C2
:1010E00093F7070489CFBC30B82093E70704BCB05E
:1010F0007C44BA975838B8B3BC208507BCA00347D6
:10110000F4058547631FF704522C21CEBC206844A8
:101110000C548D073E956360C9049700FF1FE7805C
:1011200060940349C4010347F405854735BD8347EF
:10113000D40391C778441C2393E707F81CA31946EE
:101140009305E4039700FF1FE780C0916DB58567A5
:101150009387878415B74A869700FF1FE7808090A2
:10116000D9B70149C9B783474A0793F7070F93E7F0
:10117000670019B57E2D411122C406C699071CB916
:101180007C45114718A998A37C4518392A8498B33F
:1011900083475503858B91E70347450389476317C9
:1011A000F70078441C2393E707041CA368449305C5
:1011B0006403194609059700FF1FE780A08A684469
:1011C000722C4C542244B240210541011703FF1FE9
:1011D00067004389AA871755FF1F0325E5F111E131
:1011E00082801825E30EF7FE0841D5BF411106C6DF
:1011F00022C42A849730FF1FE780A0B922852306E6
:101200000400A3050400A30404009720FF1FE78047
:10121000E0B068389307F00F6306F500EF408FF6F3
:10122000FD577CB868289307F00F6306F500EF4080
:101230006FF5FD577CA8B2402244410182804111E4
:101240009757FF1F83A7070922C406C6858B17542B
:10125000FF1F0324E4EA99CB22859757FF1F23AB96
:101260000706EFE05FE62285EFF05FF82285224473
:10127000B24041011723FF1F670043AA411122C456
:101280001754FF1F032404E728480146930544012F
:1012900006C626C29710FF1FE78040EF75E12C4875
:1012A0007D479C3193F7F7033CA8E91793F7F70FB5
:1012B0006368F70C9C21BD8B3CB8F51793F7D70FEB
:1012C000E1E31946A105130564039700FF1FE780BA
:1012D000008B5DC52C488544230294049C21130592
:1012E0006404194693D767488905A302F40497F06C
:1012F000FE1FE78020772285EFE01FC151C13438FF
:1013000015471C286394E60263ECF40683A7C188A2
:10131000829748D02285EFE01FDB63139506228574
:101320002244B240924441016FF05FEC81C71947FB
:101330006398E7048304440113050004EF509FE819
:101340001315456063CEA4022285EFF0BFE281450C
:1013500017F5FFFF1305C5CD9700FF1FE78080B984
:101360001038834544060D459710FF1FE78080F62F
:101370002244B240924441011733FF1F670063A12A
:101380009730FF1FE780E0A022852244B2409244BC
:1013900041011723FF1F6700639C23A4A192828051
:1013A00023A8A19282801757FF1F032767D4AA871B
:1013B000085719C51A2D6305F70013058505DDBF0C
:1013C0008280011122CC06CE2A8403458502930730
:1013D000F00F2E866309F5002EC6EF40AFDA3246D5
:1013E000FD572304F40293068402A2856244F2406E
:1013F000171500001305858C05616F40AFBB97562C
:10140000FF1F9386A6C9F236B7054801ED05BE3227
:101410009A3A232CB51CF632232EB51CED45231821
:10142000C51C3356B60A2310C51E13068014231A92
:10143000F51C2319E51CB3D7B70A231BD51C33575A
:10144000C70AB3D6C60A2312F51E2313D51E2311CD
:10145000E51E2307F50482808346651405478357FC
:10146000651E6390E6029387C7FB1147B3C7E70287
:101470000357451EB3C70708B357F70A2307F504F8
:101480008280938707FB2147D5B70357651D835794
:10149000A51D411106C6B3D7E70A05671307878460
:1014A0006379F700832605101316B028F18E91E2B8
:1014B000BA870357651E6307F7002313F51E854798
:1014C000230EF5060357251D8357E51DB3D7E70AFD
:1014D0000567130787846379F700832605101316C1
:1014E000B028F18E91E2BA870357251E6307F700F3
:1014F0002311F51E8547230EF506EFF0FFF5B240E8
:101500000145410182800357A5049547723DB30709
:10151000F702363D93D53740635BB600118F0E0757
:101520003347D702B34707082314F5048280B3C7B3
:10153000D702B3C70708CDBF5C25CD9B5CA58280D1
:101540009757FF1F83A7C7BE0145054791E38280D8
:10155000B4376393E60005059C43CDBF411122C417
:1015600091452A84014526C206C69754FF1F9384DD
:10157000E4B2EF407F8103D7C40A231BA40485474C
:1015800063F9E7060357641E8357241E1755FF1F90
:101590000355059637460F00BA9793878757B3A52B
:1015A000A7021306062481463305F502EFE0703BDF
:1015B000835704040357E4058355840503A34409B2
:1015C0001D8F3307B7028327040905469388F5FF6B
:1015D000130E80023E97637E16013308C6039A8776
:1015E000FD563A9889C7631BF4001C4081EB231B0E
:1015F000C404B240224492444101828083AEC708B1
:101600006398BE0083A60709B306D840B3F6B602B6
:1016100063E4A6009C43F9B7090675BF411126C2D1
:101620009754FF1F938484A703D7C40A06C622C415
:10163000854763F1E7060357651E8357251E2A84F5
:101640001755FF1F0355C58ABA9793878757B3A5C8
:10165000A70237460F001306062481463305F5021C
:10166000EFE030300346540583A8440985467D16D3
:101670001303800263F0C6023387660283270409DE
:10168000FD553E97C68789C7631BF4001C4081EB5C
:10169000231BD404B240224492444101828003AE11
:1016A000C7080328C408631A0E0103A80709B30575
:1016B000E84063640701B305074163E4A5009C4368
:1016C000D9B7850645BF797156CA975AFF1F938AC5
:1016D000EA9C163D03D6CA0A9757FF1F9387878057
:1016E00022D44ECE52CC83D9C70003AA870006D697
:1016F00026D24AD05AC85EC662C466C2854703274E
:1017000085082A84850663F5C710B38636039307D8
:101710000032014993860619B3D6F6023697BA8489
:101720006364D70063644701B30447418357641E71
:101730000355241E37460F00232894083E951305B1
:101740008557B3253503130606248146130B003253
:10175000814B3385A902EFE0D0202A8C83AC4A0963
:10176000814A8146130600645A85DE85EFE0701FCA
:101770003387A400E687FD56A1EBB3855903130612
:1017800000648146B3BA590313850532B335B500F9
:10179000D695EFE0101DAA9433B5A400A687631474
:1017A000A90063E44401B3874441B2502328F408FC
:1017B000225492540259F249624AD24A424BB24BE5
:1017C000224C924C45618280639487009C43D5D71C
:1017D00083A5C7080326C408639AC50003A60709A2
:1017E000B306E6406364C700B306C74063E48601FE
:1017F0009C4359B7B3073B0133B767013E8B83471F
:101800007403850ABA9B8607FD17E3ECFAF4B5B7B3
:101810008347750393B7270093C71700B697B3871D
:1018200037039306003293870719B3D7D7023E9741
:10183000BA866364F70063644701B3064741B6871D
:10184000ADB7411122C406C61744FF1F13048469B3
:101850001C288DCF9387C192984319EB1844975653
:10186000FF1F23A1E68E1707FF1F130787B098C33A
:1018700088431757FF1F2321078C9700FF1FE7801E
:1018800040875C402244B240410182875A2403567B
:10189000650823A601929757FF1F23AF07883306D9
:1018A000E60237470F009306F72313070724832721
:1018B0000509AA8536963356E6021747FF1F0347E8
:1018C000F75E3A9663E3C7022244B24003A7C50815
:1018D0003386C740938695021705FF1F1305E5A3BE
:1018E00041011713FF1F670083241844BA97E9BF0B
:1018F000411106C6D52919C983278511014581E7FC
:10190000B240410182809C430505D5BF7D55CDBFC6
:10191000411122C426C206C69757FF1F83A707821C
:101920002A84AE846396A7009757FF1F23A80780D9
:101930008327041299C70A24014693050008EF1073
:10194000A0398357440499C70A244D4693051008CB
:10195000EF1080380A24154693051008EF10C037A1
:101960002305040023080400230A94041757FF1FCB
:101970000327879795476316F7009757FF1F23A5FF
:101980000796B240224492440145410182803C25A1
:101990006382073283570508011122CC06CE26CA7E
:1019A00085072310F5087C35230C05002A8413F7DE
:1019B000270015E303570504954763FCE7269305C5
:1019C000E003EFF0FFF4A305A4020945F2406244EE
:1019D000D2440561828013F7070221CF93F7F7FD08
:1019E0007CB58327050A3835A305050293E7470030
:1019F0002320F50A8547631EF7023E3D9306204EDD
:101A000003274509B387D702B3D7E7021747FF1F5C
:101A10000347C7491307C703BA9703477503B3C7FB
:101A200007082312F5083307D702B3A7E7202311CD
:101A3000F5081C38858BE9C78357E4050357040470
:101A40006395E7245E3C8355C40503458402231057
:101A5000F406834754056EBC9205A30BF40283572A
:101A60006405F9159744FF1F9384C4471EBC835730
:101A7000A4055EBCEF30FFB13834231004081E3CCF
:101A8000035684056319071ADA248C44B387E702E6
:101A90001307003293870719B3D7E7020327040916
:101AA000D1073E97BA866364F7006364B700B30654
:101AB000B7405C3C2328D40832BC81C72285EFF0B4
:101AC000FFB5DA243E3C9306003223110402B387AB
:101AD000E70233D6D702B3F7D7029306204E232668
:101AE000C408B387D702B3C7E7021EB08357040404
:101AF0005EB07C3493E707027CB41C38F99B1CB8B9
:101B00001C38898BA1C78356E41203570404B3879A
:101B1000E6409397576063CF07166399E6028147C3
:101B20000148232CF41213058413232E04131546A5
:101B3000930584122AC697F0FE1FE780A0F2324573
:101B40001D231C38A306A412F59B1CB81C3813F7E0
:101B500007012DC70356C414835604043307D64027
:101B60001317576063480712631AD604BD9B1CB84D
:101B70008347A41499C7898B638807128547230379
:101B8000F4148347B41499C7898B6382071285477D
:101B9000A303F4142285EFF05F8F8347C40799C72E
:101BA0008327040A93E707102320F40A8327040AF3
:101BB000A305040293E707202320F40A183893773B
:101BC000070285CF9747FF1F83A78752D4231306A9
:101BD00080059C57B386C602B697D62F8357040458
:101BE000B387F6409397576063C907008357C414BF
:101BF0006395D7001377F7FD18B88347A40293F7CE
:101C0000070485CB03576404835704046313F70266
:101C100018289307A0046314F70085471CA883279E
:101C20008410C18B99C78327440A93E70740232276
:101C3000F40A014561BB0347E418218B11CF835699
:101C40000404035704192E3C158F3307B70233479A
:101C5000C702BA962318D4189DC7DA248C44B30758
:101C6000F7021307003293870719B3D7E702032758
:101C700004093E97BA866364F7006364B700B3064D
:101C8000B7402328D40832BC2DBD998F9397576055
:101C9000E3D807E6930580022285EFF07FC7A3050E
:101CA000A402130580021DB323030414D9BDA303AA
:101CB0000414CDB50545828005C9411122C406C66C
:101CC0007C352A849305E003898B91C3A145EFF00D
:101CD0003FC4FD57A305A402230804002304F40213
:101CE000B2402244410182808280411122C406C652
:101CF0002A8483278411CDEB83270412F1E703257F
:101D0000041109C59710FF1FE780208F0345740257
:101D10009307F00F6304F500EF30DFC6034564025C
:101D20009307F00F6304F500EF30DFC5034584022D
:101D30009307F00F6304F500EF30DFC4034594020E
:101D40009307F00F6307F500EF30DFC3FD57A304DF
:101D5000F4020A2451249747FF1F9387273403D79F
:101D6000C70A1DEF23A601921747FF1F0327071875
:101D700023A4E70A9747FF1F83A7471295C3174578
:101D8000FF1F0325A51009CD9710FF1FE780E086F0
:101D90009747FF1F23AC070E9747FF1F23AA070E85
:101DA000B240224441018280C84309C59710FF1FF9
:101DB000E780A08483278411BA27136707F0BAA7A6
:101DC0009C43232CF41035B7C84309C59710FF1F57
:101DD000E780A08283270412BA27136707F0BAA707
:101DE0009C432320F41209BFAA871745FF1F032530
:101DF000253411E182801A25E30EF7FE0841D5BF94
:101E00009746FF1F83C6F6091746FF1F0346860E37
:101E10002A87938716001745FF1F0325653219C2CD
:101E2000939716009207C166AA97FD166394A700C0
:101E3000014582803225E30EE6FEE30CD6FE410525
:101E4000F5B701114EC69749FF1F9389292583A72E
:101E5000490A06CE22CC26CA4AC852C4ADEB174A5C
:101E6000FF1F130A2A038347FA001747FF1F034780
:101E700067081389170019C31399170003D4E902DF
:101E80003305F94093144900130414021584160411
:101E9000334404083305A4029305402426953345B2
:101EA00005089700FF1FE780E06815C10346FA00A8
:101EB000C16623A2A90AB3079500938846F53306A5
:101EC000C94011050147938626F5631AE900F240DF
:101ED0006244D2444249B249224A05618280637D0C
:101EE000C700BE853688A297231305010CC1A30243
:101EF000050005074105D1BF81454688F5B7411169
:101F0000930530261305801E06C622C426C29700FC
:101F1000FF1FE78020621306801E81452A8497F008
:101F2000FE1FE780A0BA01451DC49744FF1F93849C
:101F3000E41683A64409854785CE368712276301B8
:101F4000F602184365FF1EA4B1E722859700FF1F24
:101F5000E780A06A0A24B240224492444101828070
:101F600085072167B3C70708E399E7FC8147E1BF0D
:101F70001EA423AA840823AC84082396F40AEFF055
:101F80005FEC83A7840923A007002305040023072F
:101F90000400C9B783A7840980C383D7C40A23ACCC
:101FA000840885072396F40AE9BF1745FF1F032518
:101FB000251911CD411106C69700FF1FE780E06388
:101FC000B2409747FF1F23AD071641018280974714
:101FD000FF1F23A707168280411122C41744FF1F49
:101FE0001304C40B832644092A8706C63685814715
:101FF00031C91225631CE6048DEB9C42232AF408A8
:102000009700FF1FE780605F8327840923A00700F4
:102010008357C40A8DE7EFF05FF99747FF1F23A9A5
:102020000710B240224441018280032784096315CE
:10203000A700232CF408E9B7184198C3D1B7FD17BE
:102040002316F40A8357C40AE9FFF1B7AA870841A7
:1020500045B7714681451745FF1F1305650D17F3F9
:10206000FE1F6700A3A61C3118215421A207D98F97
:102070003821FD8A9305000242075D8F3C310145FE
:10208000E207D98F01473316E0287D8E01C605058A
:102090001375F50F0507E318B7FE8147214733D6BF
:1020A000F64801C605051375F50F8507E399E7FEA8
:1020B000828001114AC84EC6032985138329C5139E
:1020C00022CC26CA52C406CE2A84A30B0512A3062C
:1020D00005128144130A500226864A85CE85EFD028
:1020E0005048058911C58347D4128507A306F41209
:1020F0008504E39344FFF2406244D2444249B2492A
:10210000224A05618280011106CE22CC26CA4AC825
:102110004EC69744FF1F938464F8BC309749FF1F55
:10212000938949DC03D7C900A307F5023E3D130993
:1021300000322A84B387E70237460F0013060624CD
:1021400081468145B3D727032326F5081305C0121E
:102150003305A702EFE0E0002312A4082285EFF088
:102160008FD603D7C9003E3C9306204E2285B38705
:10217000E702B3F72703B387D702B3C7E7021EB05E
:102180008357440886072311F408EFF04FA72285F0
:10219000EFF06FB76E3C22859205F915B3C50508BF
:1021A000EFF02FA22285EFF0DFF0E147A30AF4124F
:1021B00083A7419323A0840A898B85C39744FF1F7B
:1021C000938444CD9C5891CB8325840935458297CF
:1021D0009C588325C4093945829722856244F24080
:1021E000D2444249B2499747FF1F239007EC9747D3
:1021F000FF1F23AD07EA05616FF0AFE4411126C26E
:1022000006C622C4AA84EFF03FBE19C52A842685DB
:10221000EFF00FEE2322A41AB2402244924441016F
:102220008280411126C206C622C44AC0EFF03FCDCB
:10223000AA8431C9EFF05FBB2A8463000516C14749
:102240003EA5930700FB7CA585471CA91749FF1FE6
:10225000130949C483570901130740109305D0247B
:10226000950713050004B3C70708B3D7E70A33F58A
:10227000A70A9700FF1FE780E02B2328A41019E985
:102280000A24EFF07FD5B2402244024926859244C9
:10229000410182809747FF1F83A70707232AF41075
:1022A0009747FF1F938787DF83A6470D03A7070D77
:1022B000232ED40E9433232CE40E89E61377F7F300
:1022C000232CE40EBA3F8326C40F0326840F231267
:1022D000E4142326D41003C7A7048346E40223246E
:1022E000C410A304E41693E616FC0327440A23074C
:1022F000D40283A6870C136607042322C40A370678
:10230000000223130414F18E89C6136707052322E4
:10231000E40A83C7270599C78327440A9397672947
:102320002322F40AFD572310F4047EB02304F402A0
:102330008567938787BB2315F4042285EFF0CF9F31
:10234000034549012301A414EF409011D147A30391
:10235000F41893078002A302F4189307C04E231CBD
:10236000F4169307F007230DF416F5779387A7EB80
:10237000231EF4168327C40FA301A4142300A4185A
:10238000A300A41893F7070881C785472307F4180B
:102390009747FF1F239807D0FDB58544EDB501454C
:1023A0008280411106C6EFF03FA4B24013351500FC
:1023B0000605410182806FF0DFFE411106C6EFF095
:1023C000BFA205C10357C5058356A505035665077A
:1023D000835545070A25EF70C0410145B2404101D0
:1023E00082800945E5BF01111375F50F06CEEFE0B8
:1023F0007FDE29C99747FF1F83A7C7D793F7072019
:102400009DC302C402C202C08148014881470147FE
:102410008146054681451305C003EF70003E014526
:10242000F240056182808346D5031307E50302C0AD
:10243000814801488147054681451305C003EF7077
:102440006039F1BF0945E9BF9747FF1F938707C56B
:1024500003A7C708094529CB83A7870D011106CE1D
:1024600093F707208DC302C402C202C0814801480D
:1024700081470147814601468145EF700038F240AF
:10248000014505618280835807020358A7018357DD
:10249000070583465707014602C0130767078145B2
:1024A0000945EF702033E1BF8280011106CE22CCB6
:1024B000EFF09F9325CD303505472A849747FF1FBE
:1024C0009387C7BD6312E604F853094515CB03464D
:1024D0000403834657048358E4030358C4033E3C73
:1024E0000E240345B4021307670432C00546EF709B
:1024F000602E7C34A3050402014593E717007CB4E9
:10250000F24062440561828003A7C70809456DDB7C
:10251000834657078358E4030358C4033E3C0E2404
:102520000345B4021307670702C0D1B70945C9BF05
:10253000397106DE22DC26DAEFF01F8B71C93835DF
:102540002A849747FF1F938767B52DEBE45309450E
:10255000ADC019468145081097E0FE1FE78000577F
:1025600019468145281097E0FE1FE7802056C16775
:10257000FD178358A40383C6540430340E24034546
:10258000B4023EC89C2413088102138764043EC62B
:10259000834704033EC47E3C3EC25E3C3EC01C10EA
:1025A000EF7020287C34A3050402014593E717004F
:1025B0007CB4F2506254D25421618280A45F0945F8
:1025C000EDD819468145081097E0FE1FE7800050BE
:1025D00019468145281097E0FE1FE780204F83D7DA
:1025E000240D8358A40383C6540530340E240345B8
:1025F000B4023EC89307F00F3EC602C47E3C1308E7
:102600008102138764053EC25E3C3EC01C1049BF78
:10261000094545B7397106DE22DC26DA4AD8EFF0E3
:10262000AFFC630F0514343505472A849747FF1F15
:102630009387C7A6639AE60AE4530945C1C083C7D6
:1026400044041946898BC9C38C58BC25B5CFB10544
:10265000280897E0FE1FE780E04083C754041389F1
:1026600064041946898BA5CBCA85081097E0FE1F24
:10267000E780403F8C5819469105281097E0FE1FCF
:10268000E780403E834704038358A40383C6540471
:1026900030340E240345B4023EC47E3C13080102CC
:1026A00038103EC25E3C3EC03C08EF7000157C34E2
:1026B000A3050402014593E717007CB4F25062546D
:1026C000D2544259216182808145280897E0FE1F3B
:1026D000E780C03F59B78145081097E0FE1FE780AB
:1026E000E03E1946CA8551BF83A4C7080945F9D4FD
:1026F00083C744061946898BB9CF93856406280899
:1027000097E0FE1FE780003683C7440713896407FC
:102710001946898BA1CBCA85081097E0FE1FE78078
:10272000603483A5440819462810910597E0FE1FE0
:10273000E780403383A74408BC3393E72700A38A8C
:10274000F4068358A40383C6540730340E2403458B
:10275000B40202C499B78145280897E0FE1FE780BC
:10276000E0365DB70810814597E0FE1FE780003630
:102770001946CA85281097E0FE1FE780A02ED1B722
:1027800009452DBF797122D426D206D6AA84EFF04E
:10279000AFE51744FF1F0324E49739C5AA8709450D
:1027A0001DCC83D7271519469305640D7C86854774
:1027B0007C878357440D13052101A3040100FC808D
:1027C000648597E0FE1FE780E0298327C40D280079
:1027D0003ECC8327040E3ECEEF70600B0145B25015
:1027E00022549254456182800945D5BF011122CC03
:1027F00006CE2A84EFF04FDF3DC18347B502034781
:1028000045176083DC8283473517D8845C8495EF55
:1028100083477517030795175C86830735145C8516
:10282000631CF7008947DC854800EF7020060145EE
:10283000F240624405618280030785176314F70044
:102840008547D5B7A3050100C5B78347A5175C85A4
:1028500083475517DC858347F5175C86F1B7094533
:10286000C1BF011122CC06CE2A84EFF0EFD729C5D3
:102870008307A517C084218040851307F00763896B
:10288000E70203474503998FDC858347451813F713
:1028900007010DE393F7070293B717008507280098
:1028A0005C86EF60907E0145F24062440561828063
:1028B000FD57DC858147E5B70945FDB7797122D41D
:1028C00026D206D6AA84EFF02FD21744FF1F032486
:1028D000648421C5AA87094505CC83D727151946E5
:1028E0009305640DFC808547FC818357440D1305D7
:1028F0006101A3060100FC82648797E0FE1FE78068
:1029000060168327C40D68003ECEEF60D077014586
:10291000B25022549254456182800945D5BF41117D
:1029200006C6EFF06FCC11C9834505140A25EF6088
:1029300050750145B240410182800945E5BF93755C
:10294000F50F01112E8506CE22CC2EC6EFE09F8812
:1029500005C1834605072A84B245082D0546EF6068
:10296000D0710145230C0400F2406244056182806D
:102970000945DDBF411106C6EF60F06FB240014569
:1029800041018280411122C406C61734FF1F03246F
:102990006478094509CC0355240DEF60906D03253B
:1029A000C40C9307F00F2319F40C11E50145B24054
:1029B0002244410182809700FF1FE78000C4A304E6
:1029C000040CEDB79737FF1F83A7C77499CB41114C
:1029D0001385070D06C6EF605069B24001454101FD
:1029E000828009458280411106C622C4EFF0CFBF24
:1029F00005C983467514034665140E252A840345CC
:102A0000B5028506050693F6F60F1376F60FEF600E
:102A1000B0630145A3050402B24022444101828013
:102A20000945DDBF411106C6EFF00FBC05C10357D4
:102A3000251E8356051E0356651E8355451E0A2511
:102A4000EF60705B0145B240410182800945E5BFFE
:102A5000411106C622C4EFF02FB915C52A840357C9
:102A6000C5058356A50503566507835545070A2501
:102A7000EF60F0571C38014593E747001CB8B2409F
:102A80002244410182800945DDBF411106C6EFF0B5
:102A9000AFB505C18347451B0346351B9305B51AE2
:102AA0000A25A2075D8EEF6050540145B2404101F6
:102AB00082800945E5BF411106C622C4EFF0CFB2BE
:102AC00005C10E252A84130605100345B502EF60E3
:102AD00090510145A3050402B24022444101828085
:102AE0000945DDBF411106C622C4EFF0EFAF05C5B1
:102AF0000357C5058356A505035685050E252A846B
:102B00000345B502EF60F04D0145A3050402B24054
:102B10002244410182800945DDBF01458280014593
:102B20008280014582800145828001458280014585
:102B30008280014582800145828001458280014575
:102B40008280014582800145828001458280014565
:102B50008280014582800145828001458280014555
:102B600082800145828001458280411106C622C4CF
:102B7000182193060008AA876313D7021831930619
:102B8000C002054563E3E60497F600009386060459
:102B90003347D720AA231843029701453DA0930647
:102BA000100805456313D7029833E9466309D71027
:102BB00063E5E604B1466303D70E63ECE600954691
:102BC0006304D706A146630AD70AB24022444101F2
:102BD0008280CD46E31BD7FEAA23EFF0EFA02A8424
:102BE00029C90356450419C60E250545EF60703DF9
:102BF00023120404A30804024DB793067005630969
:102C0000D70C9306F00FE30AD7F893060003E31EF0
:102C1000D7FAAA23EFF04F9D2A8401CD0E25034554
:102C2000B502EF60903A85A8AA23EFF0EF9B2A84C3
:102C300019E1094559BF032785110DC7835745047D
:102C40008507B3C7070818433E868507B3C707083B
:102C50007DFB2312C40419C60E240545EF607036AF
:102C6000231204040345B402034644050E24EF6016
:102C700010342285EFF06F870DB7AA23EFF0CF96BF
:102C80002A8445D90346C5040E250345B5023336CB
:102C9000C000EF601032A305040201B7AA23EFF0D1
:102CA000AF942A8459D50357250583560505034655
:102CB000F5040E250345B502EF60F02FE9BFAA2306
:102CC000EFF08F923DD50345B502EF60D02FF1B5FF
:102CD000AA23EF60D02FD1B5011122CC37E400E058
:102CE00026CA04404AC84EC652C406CEB7072000C2
:102CF0002A892E8AB289FD8C2320F4180F10000037
:102D0000114597E0FE1FE780C0C61DC523004501A1
:102D1000A300350123112501232094106244F240C1
:102D2000D2444249B249224AAA851735FF1F0345BA
:102D3000151405616F208FF123209410F240624436
:102D4000D2444249B249224A11450561828041116B
:102D50004AC037E900E026C28324090006C622C41F
:102D6000B7072000FD8C2320F9180F100000EFF0AA
:102D7000AF8711E9232099100945B24022449244BB
:102D800002494101828083270512230D05002A8410
:102D9000A9CF78340A25058B11EF0A240146930543
:102DA0000008EFF07FF329C5B7E700E023A09710F4
:102DB0000145E1B7D443D0278C278906EF60502125
:102DC00015E183270412BA27A3840700136707F0CD
:102DD000BAA79C432320F4128357240481C7FD170C
:102DE0002311F40483270412CDFB231104046DBFC7
:102DF00085473CAC55BFAA862E86AA8517050000DC
:102E00001305C5006F201F9B411126C29734FF1F79
:102E10009384C42883A7440C22C406C62A8491E75D
:102E2000B240224492444101828063848700DC5F87
:102E3000FDB73C2499C79305C4001305A401EFB066
:102E4000E01B3C2899C7930544011305A402EFB089
:102E5000E01A22852244CC58B240924441016FF0DE
:102E60009FF901114AC81739FF1F1309292322CCE2
:102E70000324490C26CA4EC652C456C206CEAA84A2
:102E8000014A93094500854A65E09305202513050D
:102E9000000497F0FE1FE780E0692A841D4545CCB9
:102EA000BC30194693854400130544003CB097E0BC
:102EB000FE1FE78020BB938AA401414681455685C9
:102EC00097E0FE1FE780C0D379E19309A401D6857E
:102ED00041464E8597E0FE1FE78020CF85473CA402
:102EE0003C309305C4004E8593E727003CB4EFB017
:102EF000E0109384A40241468145268597E0FE1F99
:102F0000E78000D041E99307A402A6853E854146AB
:102F1000BE8497E0FE1FE78040CB85473CA83C304D
:102F200093054401268593E727003CB8EFB0000DD8
:102F3000A3000400832549032285EFF0DFEB631E25
:102F40000A042322890C232E04028347090C01451D
:102F500085072300F90CF2406244D2444249B24949
:102F6000224A924A056182803830BC306305F700FE
:102F7000228A405C11BF4146CE851305440097E08C
:102F8000FE1FE780C0BFE31555FF4945E9B723059C
:102F9000040085B72309040061BF232E8A0265B7A8
:102FA000411122C426C206C64AC01734FF1F03249B
:102FB000241BFD5419ECB24022449737FF1F23A174
:102FC000071A9737FF1F238B0718924402494101C4
:102FD00082800820EF201F9B0329C40304A02285C0
:102FE00097F0FE1FE78060614A84E9B79737FF1FBB
:102FF0009387C70A2380070C23A2070C6FB0C00970
:1030000041114AC01739FF1F1309490926C28324F9
:10301000890706C622C483C7D404858BA9CB8347FE
:10302000290049459DCF19469735FF1F93856515A2
:103030001385E40497E0FE1FE780C0A28547BCB477
:103040009CB8BCB8BC28094798A4C1CBEF80A0535A
:10305000832789052A8485C79307004063EFA7006B
:103060001D45B240224492440249410182801946E2
:103070009735FF1F9385851065BF130405C08357DF
:10308000C90A81CF1737FF1F1307C7E01E2B7837F8
:10309000B387E702E3F687FC1D8CEF8080568D47EF
:1030A0003354F4023355A40A1181334505082391A2
:1030B000A4045DD512059305E0243345050897F077
:1030C000FE1FE780204703D62404E8C02A871308A0
:1030D000F6FF814763CBC704A8C483C70402173433
:1030E000FF1F1304A4D80D472830639CE704F2287F
:1030F000BE383E969145EF20CFF728309145970096
:10310000FF1FE780C0B2923C19CA938614031206CF
:10311000A685172500001305C5F2EF20AFE9973704
:10312000FF1F238D07F601452DBF63D907019306C5
:103130000701B6850CC38507368769BFBA86814506
:10314000D5BF09476394E700B2386DB7F2285DB781
:1031500041119305E0261305800E22C406C697F0A0
:10316000FE1FE780203D2A842DC91306800E81456D
:1031700097E0FE1FE78080959737FF1F23AC87F805
:1031800023050400230404009737FF1F93870714C7
:10319000985FDC5F78D83CDCFD571EB8A30EF406C0
:1031A000A300F408970700009387C7E53CD497274E
:1031B0000000938787B07CD4972700009387C79B34
:1031C0003CD89737FF1F83C7E7D281EB8D4503A516
:1031D000C19397E0FE1FE780E0D1B24022852244F0
:1031E00041018280411122C406C626C28347C5051B
:1031F0002A84A5C79305E50519461305E50497E05C
:10320000FE1FE780C097AA8429E91C28898BA5E3C3
:103210009737FF1F83C797E885CF8347D4058DCBAA
:10322000834734061307000493F7070C6392E70201
:103230001305C40597F0FE1FE780A0AF68D009C949
:103240008947230EF4048347D40493E7270089A811
:103250000347C40589476316F70083474405A1E780
:103260008544B240224426859244410182808347AE
:10327000D405E5DB834734061307000493F7070CF6
:10328000E391E7FE9737FF1F83C757E1F9D713058F
:10329000C40597F0FE1FE780C0A968D0F9574DF12B
:1032A000A30EF4045DBF9737FF1F83C737DFCDDB65
:1032B0008347540513054405A9CB8347B405130779
:1032C000000493F7070C6392E70497F0FE1FE78072
:1032D000C0A268D051D593046405A685194651054E
:1032E00097D0FE1FE78000786C508D47230AF404C6
:1032F000BC311946910593E72700A30AF4042685FB
:1033000097D0FE1FE7800076A1BF97F0FE1FE780F1
:10331000009A68D031D58947230AF4043C29A9D3FF
:103320008D47230AF4040431B33490001DBF0347D2
:1033300045051DC31829AA870545058B05C3E84B1C
:10334000AC4F411106C697F0FE1FE780E0B7B240D0
:103350003335A000410182800545828082807971E9
:1033600022D406D63C292A84BDC3035705048357BB
:103370002504637EF70497F0FE1FE780009F8547D2
:103380006307F5000145B2502254456182805C34E8
:103390001D4728446394E700834784025CA1834768
:1033A00054051946930564055CB1834794021905D9
:1033B0007CA13E341EA597D0FE1FE780A06A8357EC
:1033C000040485072310F4043C449C433CC4584C3B
:1033D000A1674834F98FE1C7994763E7A7047C24C4
:1033E00013075002E360F7FA97F6000093864689C8
:1033F0003345D5201841369702874D472304E40210
:103400007D57E917A304E402231F0402A306040264
:103410002307F40211A8930750F11EB4231F0402DE
:10342000A306040223070402034EE40201436309D6
:103430000E007C2403238407B387C74189073E938A
:10344000034584028346C4020347D402834794029F
:1034500003083402835EE403834554058308540162
:103460008506137F45001AC872C61306640593F6D5
:10347000F60F63030F021303E4051AC40343D405D4
:103480001AC276C0EF60803C0545F5BD4147BDB727
:103490006D47ADB749479DB702C402C2DDB7854746
:1034A0006316F5041737FF1F0327C7C6182B83457C
:1034B000540583075401098B1306640515C383461D
:1034C000D40599CE03473406130500041377070C7F
:1034D0006318A7001307E4050545EF60A0366DB734
:1034E000014781460545EF60802F79BF742493071B
:1034F0005002E3E9D7E889476307F5009947631568
:10350000F500094511A00D45E91693F6F60F2307BE
:10351000D402014799C2385C2107830754018345CF
:10352000540513066405C1B7411106C622C42A8496
:103530009710FF1FE780E085930700FA3CA4A145A0
:103540001735FF1F0345B592EF20AFBA1737FF1F9E
:103550001307C7B41C237628850793F7F70F1CA31E
:10356000130700643347D70263C8E700EF20FF88E2
:103570009737FF1F238407B2B24022444101828063
:10358000411122C406C6B1475CA57C590D472A8467
:1035900098A35C25785993F7F7031CB38347D504A8
:1035A00023060504898BA1C383474505898BA1C7E1
:1035B0006C5189ED6C50BC299DCB68581946D105DA
:1035C000210597D0FE1FE780E04915A0BC25FDD35B
:1035D00089472306F50468591946B105090597D0AE
:1035E000FE1FE780204883474405898BE1F7834726
:1035F000C404898B91EB685819469305E4040905C6
:1036000097D0FE1FE7800046034744058D47630BB4
:10361000F7006858194693056405210597D0FE1FE9
:10362000E78040448347D404858B91E70347C40473
:1036300089476317F70078581C2393E707041CA3F6
:1036400083475405858B91E7034744058D476317EE
:10365000F70078581C2393E707F81CA358349D47BC
:103660004C24631EF70003455402930760FA3CA400
:103670002244B240410117F3FE1F670003BB9307CA
:1036800020FA3CA40145EDB7411126C29384C194B0
:103690008C409737FF1F23AD07C222C49737FF1F07
:1036A00023A607C206C6D8559727FF1F83C7C77F23
:1036B000B7060082FD161396476093F7F703758FE0
:1036C000E607D98FDCD51307A0032A8483A7C19608
:1036D000635CC704F84FB7060007558FF8CF228503
:1036E000EFF01FEA785883A7C1952285B8DF9C4088
:1036F00098431317772998C3D857719BD8D7EFF001
:103700001FC697F0FE1FE78000A69737FF1F83A70D
:1037100027BC858BB1C79737FF1F23AB07BAB240D1
:10372000224492444101828013072002635AC70059
:10373000F84FB70600F9FD16758FB706000571BF83
:10374000B70600F96947FD166357C700F84F758F34
:10375000B706000359B7F84F758F13178729BDBFF8
:10376000930700FA3CA465BF797122D493055501F3
:103770002A84285D014626D206D697F0FE1FE780F0
:10378000E0A0894463140518305C9D46A1441C22C6
:10379000BD8B5CB4183278A4639AD7163C2291444E
:1037A00093D6670093F7F70363F2E7169944639F94
:1037B00006149305F7FF9D8D93F5F50F2307B402CB
:1037C0002832C544937635006392061493764500FB
:1037D0006397061093064600FD1793F4F70F93774F
:1037E000850095CB9C328348940213D8470063949C
:1037F00008170568130808F083C80600A207B3F786
:1038000007010358A402B3E717016316F814F9146B
:10381000890693F4F40F418935C19C22096513058B
:1038200005F093F7F7032302F402BC22A207E98F05
:103830008832C98F939757607EB08DCF038506007D
:103840006353050A1305C01203485402B387A70245
:103850000545631CA8082D070A07998F138547EDB6
:1038600013084051034784026374A80813670704D0
:103870002304E402F5148D0693F4F40F3C3213F79D
:10388000070261EF93F7070499C79C22FD1493F494
:10389000F40FA301F402E1E40346E4027C24385C63
:1038A0008346C402918F8907BA9732C63EC802C4C4
:1038B00002C27E3C850693F6F60F3EC08308540193
:1038C00003083402834794020347D4028345540516
:1038D0000345840213066405EF50507705A893064C
:1038E0005600F917DDBD794585B729070E07B5B72D
:1038F0004A3CAA951725FF1F0355457E635EB50018
:10390000136707042304E40293040002B250225414
:103910002685925445618280136707022304E402DE
:103920001387C19508434EBC4C451398154923266F
:1039300005010F100000184337050200938757ED6B
:1039400008C7130500081738FF1F2329A898860702
:103950007CD34CC705B7D14455BFD94445BFE144DA
:1039600075B75D71A6C2B7040300A2C4CAC04EDE1B
:1039700052DC56DA5AD85ED686C61724FF1F0324B7
:1039800064791389C195370A02009739FF1F93891B
:10399000E993930A0008138BC194938BC196938487
:1039A000841583270900F8537DFFD44713971649E0
:1039B000D8C70F1000000327090093072030B70570
:1039C00033002324470123A859017CD354C79737D8
:1039D000FF1F23AD078E8347840293F7F7F9230473
:1039E000F4029737FF1F23AD078E9737FF1F23A1E0
:1039F000078E85471CC383270B00944393F6F6CFAD
:103A000094C3944393F6F6CF93E6062094C383A61B
:103A10000B0090464D8E90C624CBD856759BD8D6B9
:103A2000984383464402137707F893F6F607558FB9
:103A300098C397E0FE1FE78000739700FF1FE780A1
:103A4000403583A70900858B89CB22859737FF1FD7
:103A500023AE0786EFF05FD131C5930700FA3CA48F
:103A6000034584028346C402830854011375F5F9A3
:103A7000136505042304A402030834028347940257
:103A80000347D4028345540502C802C602C402C2D9
:103A9000723C850693F6F60F32C013066405EF50AC
:103AA000F05A09A8834784021307000293F7070618
:103AB000638DE700B640264496440649F259625A9F
:103AC000D25A425BB25B6161828038249307500A0C
:103AD000E309F7EC71B75971A2D4930555012A8413
:103AE000285D014686D6A6D2CAD0CECED2CCD6CAC2
:103AF000DAC8DEC6E2C4E6C2EAC06EDE97E0FE1FA8
:103B0000E780C068094759ED032B84071D4613075A
:103B1000000883460B00BD8A54B483471B007CA475
:103B20006392C60883442B00114713DC640023040E
:103B3000840393F4F40363F7F406138714006376A5
:103B4000F70089461947630FDC04FD17858F2307AB
:103B5000F40283473B0013094B00858B9DE7FD145E
:103B600083473B0093F4F40F898BC5CB0347C4050F
:103B70003C5C6300071689469C236318D70693971D
:103B8000476063C90706494731A8834744051305C1
:103B900064058DCB1946CA8597D0FE1FE78020FEAD
:103BA000454721E1B650265496540659F649664ACF
:103BB000D64A464BB64B264C964C064DF25D3A859E
:103BC000656182808547230AF40483470B00194608
:103BD000CA8593D76748A30AF40497D0FE1FE780ED
:103BE00060E81309AB00E514A5BF0347D4059D8326
:103BF000E31BF7F81946CA851305E40597D0FE1FA5
:103C0000E780E0F749D183478402E914190993E773
:103C1000470093F4F40F2304F4022285EFF08FDCC5
:103C2000254749D183463B0093F7460089C7FD14D9
:103C3000050993F4F40F93F7860095CB8347190099
:103C400083459402514713D64700E39DC5F40567A9
:103C5000130707F0A207F98F03470900D98F3A34F9
:103C60006303F7003EB4F914090993F4F40F93F7D2
:103C70000601C1C35547E3170CF2834709000967E2
:103C8000130707F093F7F7032302F4028347290091
:103C9000A207F98F03471900D98F939757607EB019
:103CA00003070900635507006177D98F7EB07E3026
:103CB000F5140D0993F4F40F93F6060299C78347A0
:103CC000840293E707022304F40295EA231F040207
:103CD0009DA80547230EE4049C231946CA859D83AD
:103CE000A30EF4041305E40597D0FE1FE78080D7E8
:103CF00019BF93F60602F9DA5947E3150CEA49466B
:103D0000CA85680897D0FE1FE780C0D5BC870947E1
:103D10007EBC5C4CB98B6394E70283472408858B97
:103D20006383071A9729FF1F83A9893F93056405B9
:103D3000054A6390090C8347C407639B0710B914B5
:103D4000490993F4F40F83473B0093F7070489CBA9
:103D500083470900FD140509A301F40293F4F40F4D
:103D6000C9C013062003A54505450347190083472D
:103D70000900631BC7046399B7040347C4076315AD
:103D8000A70403473900834629002207558F83463D
:103D90004900C206D98E034759006207558F232078
:103DA000E40C034769002300E40E03477900A300F5
:103DB000E40E034789002301E40E03479900A301A1
:103DC000E40E0947230EE40663FD970013871700EE
:103DD000B387F440FD171377F70F93F4F70F3A9971
:103DE000C9F42285EFF0AFD48547630BF52E054764
:103DF00055BB03C74900834794026313F70C8347FD
:103E0000540503C75900858B631CF70A19461385AF
:103E100069002EC697D0FE1FE78060D6B2456311B9
:103E2000450B83479402A308040C2319440D230A6D
:103E3000F40C8347540519461305640DA30AF40CCA
:103E400097D0FE1FE78000C22320040E230E4407F4
:103E50009257A2561305040B13D757001D8BA30FBF
:103E6000E40C0347540213968601A1820507230E32
:103E7000E40C7A3CA30EE40C2183230FE40C13D74B
:103E80008700598E1307040814CF8356C10250CB04
:103E9000FD8B2314D40882565CDB14DBEFE0AF9C6F
:103EA0000347D1018967A307A40893760702F24963
:103EB000FD17A1EEB3F9F900F947B389F90295A00E
:103EC00083A90900BDB50347440D83479402E31459
:103ED000F7E6834754050347540D858BE31DF7E44C
:103EE0001946930564051305640D97D0FE1FE780FE
:103EF00000C98547E311F5E4A308040C2319A40CB9
:103F00002320040E230EA406A1B7B3F9F9001377FA
:103F100007049307C012B389F90201C7B7872500C8
:103F2000BE998346540205477C246393E618AD0787
:103F30008A07B389F940B7074B00138749ED938788
:103F400077DAE3EEE7DE972BFF1F938BABF903D510
:103F5000CB0037460F008146B3A5A90213060624FD
:103F60002300040833053503EFC0A01F83A70B000F
:103F70002A8AAE8A8297B307450133B5A700B305F5
:103F8000550183A68B003E8799E163E4D700338710
:103F9000D74083A7C1882320E40A82971307204EC5
:103FA00033CDE90223A2A19483D7EB00B74D0F00D4
:103FB000938D0D249387471F172AFF1F034A1AEF7B
:103FC00083DCCB00814681456686B3C7FD02B30A18
:103FD000ED023305BA03135A1A00B3DAFA02EFC03E
:103FE0004018930600321307204E6686B387AC0351
:103FF000AA9AB3F7D7028146B387E702B3C79703FC
:10400000B335BA03B3C70708BE9A3305BA03EFC086
:10401000401556956371350BD289B3B55C03032AFD
:10402000040A37460F002326540B13060624814644
:1040300033855C03EFC0E012636CAA083305AA4025
:104040002322A40A0345D4079307F00F6304F50065
:10405000EF105F938327440A1725FF1F0325850C64
:1040600063EC3707338637418327C40D03D7CB0072
:104070009306D407A183B3C70708B387E7021307E2
:104080000032A2859387071933D7E70297F0FE1F06
:10409000E780E0A90347D4079307F00FE301F7CACD
:1040A000FD572319F4085C4C93E747005CCC41B9F9
:1040B000A9078E07BDBD37153D00668681461305ED
:1040C00005908145EFC0E009B38AA9408D49B1B799
:1040D00083A78B003E9A9DB703A78B00BA9759B769
:1040E0008947631CFC007C34858B81CB8347440566
:1040F00089C71C38CDC3FD171CB89700FF1FE78088
:1041000040C92285EFF0AFA58347840293F70702E9
:10411000E38F07CC7E301397576063520708CE07B2
:10412000CD831307C012034654028546B387E702C6
:1041300078246318D6062D070A07998FB7064B0017
:10414000138647ED938686DA13071002E3ECC6A4C4
:1041500013070064E36DF7C81387C19510435446F5
:10416000939516494CC60F100000184337060200FD
:10417000938757ED10C7130600089725FF1F23AF3D
:10418000C51486077CD354C7930750FA3CA48347D1
:10419000E4025EBCA9B92285EFF00FCF89B9794757
:1041A00059B729070E0751BF9727FF1F83A787F627
:1041B000D84F394693050008459BD8CF13074004D4
:1041C000A388E70C01456FE03FB1411122C493057C
:1041D00055012A84285D014626C206C64AC097E0DA
:1041E000FE1FE780A0FA894435E5032984079D4630
:1041F00093040008034709003D8B58B48347190016
:104200007CA46319D7040347840299441367870089
:104210002304E402034729009376F70319831DEB77
:104220001387160091446377F702FD17958F2307D4
:10423000F4028347390093054900858B8DCF83466F
:1042400044050D47834709006392E61293F707047C
:1042500089EBC544B240224402492685924441017B
:10426000828068501946510597D0FE1FE780209143
:104270009305A90079DD83473900C94413F7270066
:1042800071FB230E040413F74700CD4461F793F448
:104290000702639F041213F7870005C398318566F0
:1042A000938606F02207758F94218905558F3AB4BD
:1042B00003C7F5FF1183A304E402C18BB9CF9C218E
:1042C0000967130707F093F7F7032302F402BC21F1
:1042D000A207F98F9831D98F939757607EB00387E3
:1042E0000500635F07081307C012034654028546A2
:1042F000B387E70278246317D6082D070A07998F3A
:10430000138747ED9306405163F1E6088347840223
:1043100093E707042304F4028D058347390093F7DC
:10432000070481C79C21A301F402030744013C3820
:10433000634AE00885475CA82C380545EF10DFA4E8
:1043400008B82285EFF0AF818547E315F5F0834784
:1043500084021307000293F70706E39DE7EE930735
:1043600050FA3CA48347E4025EBCEDB50347540514
:1043700093D76748E31FF7EC194613056405EDB5BD
:104380007947A5B729070E079DBF1387C19510432D
:1043900054461395164948C60F10000018433706B7
:1043A0000200938757ED10C7130600081725FF1F5B
:1043B0002326C5F286077CD354C78347840293E73C
:1043C000070289BF858399C33CB8BDB78547EDBF58
:1043D000D94449B5011126CA9384C196984022CC8C
:1043E0004AC84EC606CE5C571389C1949389C195BD
:1043F000F59B5CD703270900834645021724FF1F5E
:104400001304C4EC1C4393F6F607014693F707F830
:10441000D58F1CC3B7C7898E938767ED1CC7B75765
:104420005500938757555CC303A709009305F00F08
:104430005C4393E717005CC3930710FA3CA5034560
:1044400055022320040097E0FE1FE780000283A6A8
:104450000900232A040003270900232204008547BA
:104460009CC21C433706330093F7F7CF1CC31C4391
:1044700093F7F7CF93E707201CC39840F2406244BC
:104480001C47D2444249D18F1CC7B707030093870A
:104490008715BCCAB24905618280411106C622C493
:1044A000FD572308F502834715022A842301F502EC
:1044B000A147A300F50235459700FF1FE78000954F
:1044C0002285EFF03FF19387C195984354471396A7
:1044D000164950C70F1000009C433707020098C7C9
:1044E000130700081726FF1F232AE6DE05671307B8
:1044F00027A8F8D3D4C7930740FA3CA4B24022447B
:1045000041018280011122CC930555012A84285D46
:10451000014606CE26CA4AC84EC652C497E0FE1FC0
:10452000E780C0C663110542832984071307F0079B
:1045300083C60900BD8A54B483C71900A301E402ED
:10454000230A040493F7F7037CA4230E04041D47F5
:104550006399E632544C1167758F6318073E03C99F
:1045600029009374F903138714006392E73E1359EB
:1045700069002304240383C73900138A490013F711
:10458000170051CB6317093CC18B91C70347140235
:1045900089476300F73C8547230AF40483C7090071
:1045A000D285194693D7674813056405A30AF40416
:1045B00097C0FE1FE780004B83C73900E514138ABC
:1045C000A90013F7270093F4F40F25EB83C73900F4
:1045D00013F747006311073893F60701A18BC5C392
:1045E00083471A000567130707F0A207F98F0347EF
:1045F0000A00D98F3EB483471A009183A304F402C2
:10460000FD572301F402C1E6F914090A93F4F40FEB
:10461000A3060402F9A0FD1413F7270093F4F40F86
:1046200055D7630C09008D44F24062444249B249B7
:10463000224A2685D24405618280C18B91C70347F7
:1046400014028947E301F7FE8547230EF4043C5C1E
:10465000D28519469C231305E405E9149D83A30E16
:10466000F40497C0FE1FE780E03F83478402190AE5
:1046700093F4F40F93E747002304F40281BFFD573E
:10468000A304F4022301F402C1D6D54471BF97F00C
:10469000FE1FE780007083472A000967130707F0B1
:1046A00093F7F7032302F40283474A00A207F98F26
:1046B00003473A00D98F939757607EB003072A00CB
:1046C000635507006177D98F7EB083474A00094759
:1046D0009583A302F402E36AF7FAED14150A93F442
:1046E000F40F83C7390013F707026318072613F77F
:1046F000070405C313F7070111C7834614020947CE
:10470000638FE62403470A00FD1493F4F40FA3011A
:10471000E40263980424631A09022285EFE09FAC47
:1047200019E1A54411B72285EFE07FC07DD983C789
:104730003900C18B95E397F0FE1FE78080652285E5
:1047400023070402EFE0BFC189B7C18B91E797F05F
:10475000FE1FE780006415BF8347540272302306B2
:1047600004028507A306F4029317566063DF070C63
:104770004E064D829307C012034714023306F60219
:1047800085476316F7007C24A9078E071D8EB7079F
:104790004B00130746ED938787DA63E6E71C930720
:1047A000005063E6C70A9384C1959C40D84793168E
:1047B0001749D4C70F1000009C40B7060200172904
:1047C000FF1F1309A9B094C7130656ED93060008FE
:1047D0002328D9000606F0D3D8C7F8537DFF8347B6
:1047E000140222852301F402A147A300F402EFF092
:1047F0007FBE9C40D84793161749D4C70F100000BE
:104800009C40B70602009304000294C79306000878
:104810002328D9009306A032F4D3D8C797E0FE1F0F
:10482000E780609483270900858BE38F07DE22856C
:104830006244F240D2444249B249224A9727FF1FBC
:1048400023A607A805616FF00FA9F94735B70347FD
:1048500004039307F00F93041002E317F7DC9307A8
:1048600010271306F6D83356F60293060403A285E2
:10487000170500001305A5C29304F007EF009FF38E
:1048800065B3130770043357D700058B93040008F2
:10489000E30C07D8E91793F7F70F7D47E366F7D8DE
:1048A0008544230A940483C7090019469385290087
:1048B00093D7674813056405A30AF40497C0FE1F45
:1048C000E780401A5C34230E0404639197022C5C49
:1048D000230EF40419469C211305E405A1059D83CC
:1048E000A30EF40497C0FE1FE780C0172285EFE0F7
:1048F0007F8F8547AA84E316F5E22285EFE03FA388
:10490000E31195E25C3481C71947639CE700643486
:10491000858881C88347440589C71C3889CFFD171E
:104920001CB897F0FE1FE780C046583491476318C3
:10493000F7009D44D5B92285EFE01FD5F5B122855A
:10494000EFE0FFA1FDB78944C5B1A144F1B991449D
:10495000E1B9C544D1B9CD44C1B9D944F1B1DD44BF
:10496000E1B1E144D1B1930410027DB9411122C4F7
:10497000930555012A84285D014626C206C697E0A4
:10498000FE1FE780A080894429E12C5C7D4791448B
:104990009C31230E040493F7F7037CA4E91793F7E3
:1049A000F70F6364F7029C211147A144BD8B5CB4EF
:1049B000639DE700834644050D479C21AA846395C7
:1049C000E60493F7070481EBC544B24022442685F0
:1049D000924441018280685019468905510597C06B
:1049E000FE1FE780C0196DD1030744013C386348BE
:1049F000E00285475CA82C380545EF10EFB808B8F1
:104A00002285EFE0DF95D1B70347540593D7674878
:104A1000E31CF7FA1946890513056405C9B78583B0
:104A200099C33CB8C9BF8547EDBF011122CC1724FB
:104A3000FF1F1304A489584C26CA06CE4AC84EC686
:104A400095479714FF1F83A4E46C6306F700584C46
:104A50008D47631FF7008347140281E793076010B7
:104A60001EB0F2406244D2444249B249056182809C
:104A70005C4C1389C195832709003707020019454B
:104A800023A2070698C79727FF1F23A907849389A6
:104A9000C19497F0FE1FE780603703A70900B7C7EE
:104AA000898E938767ED1CC7B75755009387575575
:104AB0005CC383C724021307F00F6387E700A3805A
:104AC000F402FD572381F4020327090001469305F0
:104AD000F00F5C43014593E717005CC3930710FA9E
:104AE000BCA499475CCC9717FF1F23A1077E1384B2
:104AF000C19697E0FE1FE780409718405C57F59BF2
:104B00005CD783A6090098349C421377F70793F784
:104B100007F8D98F9CC29717FF1F83C7A73D99C776
:104B200003A5C19397C0FE1FE780E03B03A70900E0
:104B3000B70633001C4393F7F7CF1CC31C4393F70E
:104B4000F7CF93E707201CC318401C47D58F1CC71D
:104B500003270900B7070300938787153CCB9717F6
:104B6000FF1F23AF07769717FF1F23A307768547FD
:104B70001CC3C5BD411122C406C626C21714FF1F9F
:104B80000324445903471402A147630BF70A9716FD
:104B9000FF1F83A6667599476394F60A89441C34FF
:104BA0006315970A130770026380E710130750021A
:104BB000930570026394E700930560020CB483A729
:104BC000C19498433706CEFF7D161377F7CF13674E
:104BD000071098C303A7C196144703A5C1953708CA
:104BE0003300F18E14C73706030030C99716FF1F34
:104BF00023AE066C9716FF1F23A4066E9716FF1FA1
:104C000023A8066C854614C194431306861593F6B3
:104C1000F6CF94C3944393F6F6CF93E6062094C35D
:104C20001447B3E6060114C730C95457F59A54D750
:104C30009843137707F84D8F98C3930710FA3CA455
:104C4000B24022449244410182801307700263867D
:104C5000E702930650026394D7001307600218B46A
:104C600083A6C196DC56F59BDCD683A6C1949C42F4
:104C700093F707F8D98F9CC2C9B783470402898B81
:104C800085C77238A1451715FF1F0345551EEF0054
:104C90005FBE93075002A30094021CB42244B240AA
:104CA000924441016FF07FD822852244B240924461
:104CB00041016FE07F879717FF1F9387273E03A768
:104CC000070A25E31717FF1F13074760504FA94630
:104CD0006309D604544F2D476385E604411122C46D
:104CE000A05F06C61715FF1F03457518834704020A
:104CF00013F7170011C78547322CA300F40239A01F
:104D0000898BF5DB72388947A300F402A145EF00D7
:104D10005FB6930750021CB42244B24041016FF0C9
:104D2000DFD08280011122CC26CA4AC84EC652C4A6
:104D300056C25AC006CE1714FF1F0324A43D930A7F
:104D4000200A1309100A9304600A130B400A9309FE
:104D5000500A171AFF1F130A6A573C246398570B0F
:104D60009387C195984354471396164950C70F101F
:104D700000009C43370702009714FF1F93840455DB
:104D800098C71307000898C803A7C194184313577E
:104D9000774835C31307E018F8D3D4C797D0FE1F60
:104DA000E780603C9C40858B8DCB9717FF1F23AF1E
:104DB000075097F0FE1FE780C0FD2285EFF01FBB74
:104DC00009CD030744013C38634A0702FD575CA83C
:104DD0002C380545EF005FFB08B81C2463880712D8
:104DE0006244F240D2444249B249224A924A024BBA
:104DF00005616FF09FC31307E01A79BF860793F729
:104E0000F70F99C33CB8E9B7FD57EDBF639127038E
:104E100083270A00858BF1D322859717FF1F23A7CD
:104E2000074AEFF02FEE3C24E39927F37DB7639216
:104E3000970A9387C195984354471396164950C7CC
:104E40000F1000009C43370702009714FF1F938444
:104E5000E44798C71307000898C803A7C1941843EC
:104E60001357774821CF1307E018F8D3D4C797D04A
:104E7000FE1FE780402F9C40858B89CF9717FF1F2F
:104E800023A6074497F0FE1FE780A0F02285EFF0ED
:104E9000CFB309CD030744013C3863440702FD57F3
:104EA0005CA82C380545EF003FEE08B8382493077E
:104EB000500AE314F7F2EFE0DFAA05B71307E01A90
:104EC0006DB7860793F7F70F99C33CB8D9BFFD5765
:104ED000EDBF639A670397D0FE1FE780C028832742
:104EE0000A00858B81CB22859717FF1F23A0073EE1
:104EF000EFE07FBE3C2463943701EFE09FA63C24A3
:104F0000E38D97E4D9BDE38A37FFC1BD9717FF1F33
:104F100083C747FE99CF6244F240D2444249B24926
:104F2000224A924A024B0145056117C3FE1F6700E2
:104F300083FBF2406244D2444249B249224A924A37
:104F4000024B056182804111B7E700E026C284432D
:104F50003707200006C622C44AC0F98C23A0E718F0
:104F60000F1000009717FF1F9387473603C71702DC
:104F700011CB83C6070209476396E6001717FF1F88
:104F8000A3060736D44F21476386E600D44F1D475A
:104F90006398E600D84F2380E7020547A380E70225
:104FA00097F0FE1FE780E0DE1714FF1F032484162E
:104FB0006840231504002304040097D0FE1FE780F7
:104FC000C0631719FF1F130969EA034539009145AA
:104FD000231004042322040423240404EF007F91FB
:104FE00003453900A145EF00DF9003451403930703
:104FF000F00F6307F500EF00FF98FD57A308F402D8
:10500000034504039307F00F6307F500EF009F9734
:10501000FD572308F4029717FF1F83C7A7ED91C719
:10502000014597C0FE1FE78000ECB2402244B7E77D
:1050300000E023A09710024992444101828041116F
:1050400006C6FD57A308F50245469305000801452D
:10505000EFD09FC8B24041016FF0FFEE9717FF1FDE
:1050600083C7F7E085EF411117B5FFFF130505C8AA
:1050700006C6EF003FB3EFA01FD4B24097E7FFFF93
:105080009387470D1717FF1F2328F708970700007E
:10509000938787C923AEF1924101828097E7FFFF92
:1050A0009387470B1717FF1F2328F7069707000062
:1050B000938787C723AEF1928280411122C406C62E
:1050C0002A840345D5079307F00F6307F500EF0027
:1050D0007F8BFD57A30EF406FD57A300F40841464D
:1050E000930500080145EFD03FBF5C4CB240C59B23
:1050F0005CCC224441018280411122C493055501B8
:105100002A84285D014606C697D0FE1FE780000866
:10511000631C0516305C9D4621451C22BD8B5CB48A
:10512000183278A46393D7163C22114593D66700B2
:1051300093F7F70363FBE714194563980614930587
:10514000F7FF9D8D93F5F50F2307B4020348360052
:10515000454593763800639A061293764800F9E243
:1051600093064600FD1713F5F70F9377880095CB4C
:105170009C320343940293D84700631C1311856843
:10518000938808F003C30600A207B3F717018358FA
:10519000A402B3E76700639EF80E791589061375BC
:1051A000F50F13780801630208069C2209681308AA
:1051B00008F093F7F7032302F402BC22A207B3F727
:1051C000070103C81600B3E70701939757607EB045
:1051D00095CB8386060063DB06049306C012034862
:1051E000C40DB387D70289466314D8042D070A0774
:1051F000998F138747ED9306405163FEE602894776
:105200002304F40275151375F50F3C3213F70702EA
:1052100059E393F7070481C77D151375F50F35C55D
:105220006145A5A093065600F91735BFF94645BF5D
:1052300029070E0775BF5A3C9716FF1F83D606EA4B
:105240002E9763D5E6002307040255BF5ABC0547D5
:105250002304E4021387C1950C43D44513981649DF
:1052600023A605010F1000001843B705020093871D
:1052700057ED0CC7930500081718FF1F2320B80629
:1052800086077CD354C7BDBF0945B24022444101C3
:1052900082805145DDBF5945CDBF411126C26459B9
:1052A00022C406C69D479CA08547A3810400BCA0DC
:1052B0008347950B2A8493F7070489CF930700044B
:1052C000BCB07C591717FF1F034707BED8A3BC20EB
:1052D0008507BCA00346940C19CABC2068588325D6
:1052E000C40C8D073E9597B0FE1FE780A077B820CD
:1052F0008347940C9376F7038507B69793F7F70FD8
:105300005CA4B8A078581CB3B24022449244410136
:105310008280411126C29714FF1F938424FB9C585E
:10532000B706080022C44AC006C61389C195F58F86
:10533000032709001714FF1F0324C4DDDDCB9307E7
:1053400080077CD32382018883A7C194D457B705F3
:1053500033002285F19A93E61600D4D7944393F64E
:10536000F6CF94C3944393F6F6CF93E6062094C306
:1053700083A6C19690464D8E90C63706030013064D
:10538000862530CBD056759AD0D694430346E40791
:1053900093F606F81376F607D18E94C38326840914
:1053A000D4C38326040C94C75C43F99B5CC3EFF021
:1053B000DFEE8327090078580145B8DF8345C40D27
:1053C0009717FF1F23AA07F05024FD1593F5F50F3B
:1053D00097D0FE1FE78000F097F0FE1FE780609BEC
:1053E000DC44A304040CB24022449244024941012B
:1053F00082807C57EDDB85472382F188EDB7797198
:1054000022D4930555012A84285D014606D626D26A
:105410004AD04ECE52CC56CA97D0FE1FE78000D756
:105420006313053A345C1D46130500089C22BD8BAE
:105430005CB49832230A0404230E040478A463970E
:10544000C718A42223040402114593D7640093F4DF
:10545000F40363FDE4161945639A07169305F7FFF5
:10546000858D93F5F50F2307B402B0324545937748
:105470001600639D07149377260049456398071427
:1054800093774600639D071413894600FD149377B4
:10549000860093F4F40F85498DCF5C4CA18B638615
:1054A0000714834719000565130505F0A207E98F66
:1054B00003450900C98F035524096316F512834972
:1054C000240893C9490093D92948F914090993F488
:1054D000F40F418A35C2834709000966130606F0B6
:1054E00093F7F7032302F40283472900A207F18F01
:1054F00003461900D18F939757607EB095CB030672
:1055000009006356060E1306C0120345C40DB38787
:10551000C7020946631FC50C2D070A07998F138719
:1055200047ED130640516379E60C89472304F402E2
:10553000F5140D0993F4F40FBC32594513F7070223
:1055400051E793F7070489CB83470900FD14050948
:10555000A301F40293F4F40FB9CC130A8002A14A18
:1055600083471900639A47038347090063965703EB
:10557000C947230EF406834789000347790015467F
:10558000A207D98F2318F408930529001305A4084E
:1055900097B0FE1FE780004D8347090063FD970029
:1055A00013871700B387F440FD171377F70F93F4B1
:1055B000F70F3A99D5F4639E09060347C407894754
:1055C00063E5E7008D47230EF4060545B2502254EB
:1055D00092540259F249624AD24A45618280138943
:1055E0005600F9146DB52319F4088549F9BD7946BB
:1055F00029BF29070E071DB705472304E4021387B7
:10560000C1954EBC0C43D04513151649C8C50F10A3
:1056100000001843B7050200938757ED0CC79305A8
:1056200000081715FF1F232BB5CA86077CD350C768
:1056300001B75C4CA18BD1D383472408898BB5FF7C
:105640008348E4027C24385C9306F00FB38717414B
:105650008907BA973EC003488402035784080306AB
:105660005401830534020355240D9307F00FB7044A
:105670000300EF40C01F1389C1959719FF1F93893D
:10568000E9C4138AC194938AC1969384841503470D
:1056900084028547E313F7F283270900F8537DFF5F
:1056A000D44713971649D8C70F10000003270900E5
:1056B000B7070200B70533001CC79307000823A8EB
:1056C000F900930720307CD354C79717FF1F23AFEF
:1056D00007BE9717FF1F23A507C09717FF1F23A912
:1056E00007BE2304040285471CC383270A00944392
:1056F00093F6F6CF94C3944393F6F6CF93E6062041
:1057000094C383A60A0090464D8E90C624CBD856EB
:10571000759BD8D6984383464402137707F893F6CF
:10572000F607558F98C397D0FE1FE780C0A397E078
:10573000FE1FE780006683A74900858BADC72285E1
:105740009717FF1F23A607B8EFF01F9BAA870357E1
:1057500084080355240D91E70348840289476310A8
:10576000F80202C0814809489307F00F9306F00F32
:105770001306F0079305F007EF40600F3DBD834827
:10578000E4027C24345CB38717418907B6973EC096
:1057900003065401830534029307F00F9306F00FBC
:1057A000EF40E00CEDB502C0035784080355240D0B
:1057B000814809489307F00F9306F00F1306F0078E
:1057C0009305F00755BF094511B541114AC0171996
:1057D000FF1F1309A98C8327090B06C622C426C202
:1057E00081EB0545B2402244924402494101828046
:1057F000AA8497E0FE1FE780C0598327090B829790
:10580000EFC08FDE2A8471DD83A7C40BAC5C014836
:105810002324F508FC35F8251546A207D98F9829C9
:1058200013058513F90542075D8F83C735FFE2072E
:10583000D98F2320F5F683C755FF03C765FFA2075D
:105840004207BA9703C745FFBA972322F5F683C7E5
:1058500075FFA30FF5EE83C795FF03C785FFA2076A
:10586000D98F2310F5F083C7B5FF03C7A5FFA207A3
:10587000D98F2311F5F083C7D5FF03C7C5FFA20752
:10588000D98F2312F5F083C7F5FF03C7E5FF232265
:105890000501A207D98F2313F5F081471CC197B0EA
:1058A000FE1FE780201CB45C054783C73602230037
:1058B000E414FD8BA30AF40203C7C40DED1793F79C
:1058C000F70F7D171377F70F2303E414A303E414F2
:1058D00003C7360215832308E4022D476365F702E8
:1058E0003E3C05679306A7C7E917B3C7070863ECF3
:1058F000F600563C9307301F63E7D7007E3C130742
:1059000007C86377F7000A24EFC00FED0145D9BD42
:105910008327490B228582970A2413069002930558
:105920000008EFD06FBB8327090D1167F98FE38A59
:1059300007EA0A24514693050008EFD0EFB955B5A0
:10594000797122D4930555012A84285D01464AD0F5
:1059500006D626D24ECE52CC56CA97D0FE1FE7802E
:10596000E08209496318051A2C5C03C90500137904
:10597000F900A30624019C31230A0404230E040425
:105980007CA49D476313F91897E0FE1FE7806040F1
:10599000832984077C24114983C429002304040239
:1059A00013D7640093F4F40363F6F41619496313F0
:1059B0000716FD17858F2307F40283C73900454971
:1059C00013F717006318071413F7270049496313E7
:1059D000071413F7470075E39109FD1413F78700C7
:1059E00093F4F40F054A05CF584C218B61CF03C7C0
:1059F00019008566938606F02207758F83C6090015
:105A0000558F83562409639DE60A034A2408134AE6
:105A10004A00135A2A48F914890993F4F40F13F72A
:105A20000701554965EB13F70702594965E793F7F5
:105A3000070489CB83C70900FD148509A301F4027B
:105A400093F4F40FB9CC13098002A14A83C719005B
:105A5000639A270383C7090063965703C947230E38
:105A6000F40683C7890003C779001546A207D98FBA
:105A70002318F408938529001305A40897B0FE1F86
:105A8000E78040FE83C7090063FD97001387170076
:105A9000B387F440FD171377F70F93F4F70FBA9914
:105AA000D5F463130A020347C407894763E5E70097
:105AB0008D47230EF4060549B1A89509F91439BF9D
:105AC0002319E408054A81BF5C4CA18BE9DF8347B9
:105AD0002408898BE9FB8348E4027C24385C930624
:105AE000F00FB38717418907BA973EC00348840275
:105AF0008347A40B0357840803065401830534022B
:105B00000355240DEF30B05679BF9547630EF90069
:105B100013090008B25022549254F249624AD24A00
:105B20004A8502594561828083A7C19523A607064D
:105B30003707080098C79707FF1F23AF077A9C31E4
:105B40001307200293F7F7037CA4E393E7FC930980
:105B5000E4041946A1054E8597B0FE1FE780200298
:105B600055D92C5C1309640519469C214A85890581
:105B700093D76748A30AF40497B0FE1FE78080EE2E
:105B800083A7C18882976458232EA40AA1479CA0AA
:105B90008547BCA0BCB01946CE851385440097B09C
:105BA000FE1FE78020ECBC209907BCA0BC3093E727
:105BB0002700BCB08347540591C778581C2393E74E
:105BC00007F81CA31946CA851385A40097B0FE1FC9
:105BD000E78040E9BC20990713F7F703050758A4AD
:105BE000BCA08347D404858B91E70347C40489474D
:105BF0006317F70078581C2393E707041CA34C2471
:105C00007C588CB30345C40D9307A0F93CA47D15C3
:105C10001375F50F97C0FE1FE780206183A7C1941D
:105C200098431317772998C3D857719BD8D797C033
:105C3000FE1FE780405397E0FE1FE780801597071F
:105C4000FF1F83A7E768858BE38707E62285EFF0D0
:105C5000DFB795B5797122D406D626D24AD04ECE7A
:105C600052CC56CA5AC85EC6034B05082A84630F35
:105C70000B128327C50D170AFF1F130AAA269304C8
:105C80001B00A183B3C70708B384F4028357EA005B
:105C900037450F00130505249387471F930B204EAC
:105CA0001709FF1F03499920835ACA00814681457D
:105CB000B347F5025686B38974033305A902B3D9F5
:105CC000F902EFA0004A1307003237460F0013060F
:105CD00006248146B3879A024E958324040AB3F7BB
:105CE000E702B3877703B3C75703B3C707083E95E7
:105CF000B3B5AA022326A40A3385AA02EFA0604600
:105D000063E3A4025C4CB385A4402322B40A13F7D6
:105D100087000345D40721CF1359190063E92501F2
:105D2000B385254111A883278A00BE94E1BF83274C
:105D30008A0033892741CA9597D0FE1FE78080F3F8
:105D400083A7C188829723A2A19483578408230C38
:105D5000040AB25085072314F408225492540259BD
:105D6000F249624AD24A424BB24B456182801547A2
:105D7000636C670113591900E3F425FB83278A003C
:105D8000B3872741BE954DBFC59B5CCC9307E0030D
:105D9000A308F40CEFF01EBFFD57A30EF40639461E
:105DA000930500080145EFC03FF359BF0347C507FE
:105DB0008947E3F7E7F81709FF1F1309A91283249E
:105DC000050A8327C40A0355C90037460F00130686
:105DD0000624B335F50281463305F502EFA060389D
:105DE00063ECA402B385A4409707FF1F83C7170C79
:105DF0002322B40A85830345D40763E3F5029D8D0E
:105E000097D0FE1FE78000E7835564080345140818
:105E10009205EFF00EF82DB783278900BE94D9B70D
:105E200003278900B307F740BE95D9BF797126D201
:105E30009704FF1F938484499C583707080022D495
:105E400006D64AD04ECE52CC56CA5AC85EC6F98F34
:105E50001704FF1F0324042C9DE383A7C195FC575F
:105E600081C785472382F188B25022549254025947
:105E7000F249624AD24A424BB24B456182805C4C45
:105E8000B98BFDD3294597E0FE1FE78020F81389E1
:105E9000C19603270900A947DCCC5C57138AC1943B
:105EA000F59B5CD703270A008346E4071C4393F65F
:105EB000F60793F707F8D58F1CC39707FF1F23A991
:105EC0000740930700049CC09707FF1F23A60742C3
:105ED0008347940CB9CF8357440C83568408834579
:105EE000C40D639AD72E8346740C8347A40B639228
:105EF000F60489471306F0FB6394F5001306F0FCE3
:105F00008346840C8347340E9305204EB387D70213
:105F10009306D007B387D7028346240EB386B60212
:105F2000B6979387E7F8B297DCD49C4093E70702D3
:105F30009CC0832784099389C19583A609005CC30B
:105F40000146DC429305F00F93E71700DCC283277C
:105F500044091CC70345C40D7D151375F50F97C083
:105F6000FE1FE780805083A709000327840AD447D7
:105F700013961649D0C70F10000083A709003706F3
:105F80000200060790C71306000890C8F8D3D4C7CC
:105F90001707FF1F232607341707FF1F232A07327F
:105FA00083260A00054798C39842370633001377C3
:105FB000F7CF98C298421377F7CF1367072098C29C
:105FC000832609009846518F98C6370703001307A8
:105FD0008715B8CB97C0FE1FE780E0189C40858BE3
:105FE0006382071A9707FF1F23A2072E9307F00764
:105FF000A301F4022285EFF0BF9483470408F5C79C
:106000000347C40D03AB44031709FF1F130989EDB0
:106010008947032A8900835AC9006316F71C1305B0
:1060200010033385AA0237460F0013060624814663
:106030008145EFA000136364AB1C3305AB40C8D8A7
:106040008346A40B9DC28347140ED858B387D7024A
:1060500093060032B387570393870719B3D7D70244
:106060006361F71AB307F740DCD80357E900B74577
:106070000F00938505241307471F33C7E5028327C5
:10608000C40D1705FF1F034575E2930B204EA18336
:106090000581B3C7070856868146338B57033305FE
:1060A000B5028145B387770333D9E702EFA0600BD0
:1060B00013070032B377EB02130B0B192A99B3873E
:1060C0007703B3C75703335BEB02B3C707083E99A7
:1060D000DC582326240BDA973E8763E4670163E4E8
:1060E0004701338747412320E40A0347C4078D470C
:1060F000631AF7043946930500080145EFC0DFBD78
:10610000930500251305001097C0FE1FE78080420D
:106110005C4C035664082326A40CED9B5CCCA304C2
:10612000040C930614081206A28517F5FFFF130549
:1061300005F9EFF02EE85C4C93E787005CCC9147C3
:10614000230EF406DC54230004088DCF83A7090036
:106150003707020017F5FFFF1305E51B23A207060B
:1061600098C79707FF1F23AB071697B0FE1FE7805E
:1061700080D703A709007C57FDFF014597B0FE1F9C
:10618000E78060D60347A40B8347040E0507137707
:10619000F70F230DE40A6378F7129704FF1F938427
:1061A00064D49C28ADC3930770FA230CF40A17C576
:1061B000FE1F130525C597B0FE1FE78080F322540C
:1061C000DC40B25092540259F249624AD24A424BE0
:1061D000B24B45618287958F93975760E3DB07D475
:1061E000A304040CB9B393956A003385550137466F
:1061F0000F00130606248146B335B5001DBD529B22
:106200002DBD529785B58347140E9444B387E7029A
:10621000DA24B387E7021307003293870719B3D74D
:10622000E7020327440A3E973A896364F7006364F0
:10623000D7003309D74083A7C1888297B307A94005
:106240006374A9009844BA97B5C3D2240347140EC7
:10625000930600323307C702130707193357D702D3
:1062600063F6E70437450F0013050524B3B5A7020D
:1062700003A4090037070800814618C43385A70224
:10628000EF90306E060568D42254B25092540259F1
:10629000F249624AD24A424BB24B1705000013053D
:1062A00025B9456117B3FE1F6700E3C3170500005A
:1062B000130505B897B0FE1FE780E0C283A7090069
:1062C0000947F8D755B622852254B2509254025944
:1062D000F249624AD24A424BB24B45616FF09F97F6
:1062E000011122CC26CA4AC806CE4EC652C456C296
:1062F0005AC083A7C1949843370633009384C1954D
:106300001377F7CF98C398432A841709FF1F1309FF
:10631000E9FB1377F7CF1367072098C303A7C1964C
:1063200014479305F00FD18E14C79440370603002D
:1063300013068615B0CA0326450990C703268509AA
:10634000D0C35057759A50D798430346E507137743
:1063500007F81376F607518F98C3DC420146F99B84
:10636000DCC20345C50D930700042320F9007D1509
:106370001375F50F97C0FE1FE780200F9C40032781
:10638000840AD44713961649D0C70F1000009C40CA
:1063900037060200060790C7130600082328C90025
:1063A000F8D3D4C71707FF1F232C07F21707FF1FC7
:1063B000232007F2054798C397C0FE1FE780A0DAA5
:1063C00097E0FE1FE780E09C83274900858B63846C
:1063D00007129707FF1F23AD07EE0347C40D832461
:1063E00049039709FF1F9389E9AF894703D5C9007E
:1063F000631FF710930710033305F50237460F00AC
:106400001306062481468145EF90B05563ECA41035
:106410003385A440232AA9029307F007A301F402BD
:106420002285EFE0DFFD0347C4078D47631EF702B7
:106430003946930500080145EFC01F8A5C4C03569E
:10644000640893061408ED9B5CCC1206A28517F530
:10645000FFFF1305C5C6EFF0EEB55C4C93E7870070
:106460005CCC9147230EF40603D7E900B7450F0033
:10647000938505241307471F33C7E5028327C40DFF
:1064800083DAC9001705FF1F034555A2130B204EE1
:10649000A1830581B3C7070881465686338AFA026D
:1064A0003305B5028145B3876703B3D4E702EF90A4
:1064B000504B1307003283A68900B377EA02130A10
:1064C0000A19AA94B3876703B3C75703335AEA027A
:1064D000B3C70708BE94832749032326940AD2979B
:1064E0003E8763E4470163E4D7003387D740232026
:1064F000E40A2300040822856244F240D24442495F
:10650000B249224A924A024B05616FF0AFF49315EB
:1065100065002E9537460F00130606248146B335D5
:10652000B500DDB583A78900BE94DDB55C4D39713A
:1065300022DC06DE26DA4AD84ED652D456D25AD0BB
:106540005ECE62CC66CAB98B2A8463810738138910
:10655000C188832709008324450A170AFF1F130AED
:106560006A98829763E2A4149709FF1F938989921E
:1065700003CC9901898C8547835ACA00135B1C00A0
:1065800063D297020325C40A37460F001306062478
:10659000B3B5AA0281463385AA02EF90903C5A9582
:1065A000637C95108327C40D1307003283440408CD
:1065B000A183B3C70708B3865703850493F4F40F88
:1065C00023009408832B8A0093860619B3D6E6022B
:1065D0000327040A3697BA896364D7006364770196
:1065E000B30977410357EA0037450F001305052427
:1065F0001307471F3347E5028504930C204E568648
:1066000081462320340B8145B384F4023305AC0268
:10661000B387940333DAE702EF90B0341307003204
:1066200037460F00130606248146B3879A02529517
:10663000B3F7E702B3879703B3C75703B3C7070896
:106640003E95B3B5AA022326A40A3385AA02EF9089
:10665000503163EFA904B389A940835784082322EA
:10666000340B0345D40785072314F408B385694127
:1066700063F66901B38B6B41B3853B0197C0FE1F85
:10668000E780405F83270900829723A2A194F250FC
:106690006254D2544259B259225A925A025BF24B76
:1066A000624CD24C2161828083278A00BE946DBDEA
:1066B0003385AB40AA9955B7294597D0FE1FE7808F
:1066C000E074A9471707FF1F2320F7C20347C40739
:1066D000C947631AF70203570409835784086314F0
:1066E000F7021305040B15469305A4082AC697A0C4
:1066F000FE1FE78020373245EFB0FF969147A30792
:10670000A408230EF406228597B0FE1FE780602BB5
:10671000130704085C578356CA0003268A008607BD
:106720009387770D1CD78347040885072300F40857
:106730007C4F1853A183B3C70708B387D7029306CA
:10674000003293870719B3D7D7023E97BA8663649E
:10675000F7006364C700B306C7408347040E2320D5
:10676000D40AFDC383470A01230D040A85CF93078A
:1067700070FA230CF40A17B5FE1F1305A56897B02D
:10678000FE1FE7800097625483274A00F250D254DC
:106790004259B259225A925A025BF24B624CD24C85
:1067A00021618287832709000324440A8297636C4E
:1067B000A406098C1389C1953DC803C59901B74446
:1067C0000F0093840424330595020356CA008146C2
:1067D000814532C6EF90F0183246637AA404B3358F
:1067E000940203290900B707080081462324F90011
:1067F00033059402EF90F016060562542326A9068D
:10680000F250D2544259B259225A925A025BF24B78
:10681000624CD24C17F5FFFF13058561216117A368
:10682000FE1F6700436C83278A003E9459B717F513
:10683000FFFF1305E55F97A0FE1FE780C06A83276F
:1068400009000947F8D7A1B5832709008324440A22
:10685000829763E3A402898C85E422856254F25016
:10686000D2544259B259225A925A025BF24B624CAC
:10687000D24C21616FF0DFA683278A00BE94E1BF6E
:1068800003C5990137490F0013090924330525036E
:106890000356CA008146814532C6EF90900CE3FE54
:1068A000A4FAB3B52403324683A9C195B7070800FB
:1068B00023A4F900814633852403EF90900A06054E
:1068C00023A6A90683A7C906F5FF41BF0345D5073F
:1068D000EFF04E8BFD57A30EF40655BB9707000053
:1068E000938707C51707FF1F232EF78282800111A8
:1068F0004AC817F9FE1F1309697A22CC0324C90B71
:1069000026CA4EC652C456C206CEAA848149130A6C
:106910002500854A39E093057025314597C0FE1F53
:10692000E78040C12A84014539C89C3019469385C7
:1069300024001CB01305240097A0FE1FE7808012DE
:106940008327C90BB1E7232E890A23240400834738
:10695000890B8507230CF90A15A018309C306305B4
:10696000F700A28900447DB71946D285130524009B
:1069700097A0FE1FE780A020E31555FF0545F240D4
:106980006244D2444249B249224A924A0561828015
:10699000E38D09FA23A489004DBF17F5FE1F0325D7
:1069A000A57B11E997F7FE1F23A8077A97F7FE1F2B
:1069B0002382077A8280411106C622C4004597C00F
:1069C000FE1FE78080C3228575F8B240224497F706
:1069D000FE1F23A3077897F7FE1F238D077641013B
:1069E000828097F7FE1F9387676B23AE070A238C7D
:1069F000070A8280138781941C439306001094C376
:106A000001000100010001001C4323A00700143114
:106A100003480500A206B3E6060103482500420824
:106A20003368D8003431E206B3E6060194D7543116
:106A300003484500A206B3E6060103486500420884
:106A40003368D8007431E206B3E60601D4D71435B2
:106A500003488500A206B3E606010348A5004208E4
:106A60003368D8003435E206B3E6060194DB5435CA
:106A70000348C500A206B3E606010348E500420844
:106A80003368D8007435E206B3E60601D4DB9431EE
:106A90008821A206C98EA8214205558DB431E2068F
:106AA000C98E94CFD431C821A206C98EE8214205EF
:106AB000558DF431E206C98ED4CF88259435A206CF
:106AC000C98EA8254205558DB435E206C98E94D3EA
:106AD000D435C825A206C98EE8254205558DF43562
:106AE000E206C98ED4D3D443F59AD4C3D44393E6F3
:106AF0001600D4C3944393E6160094C31443DC42B7
:106B0000858BBDE39C4E01451CA21C439C4FA18379
:106B10001CB21C439C4FC1833CA21C439C4FE1838D
:106B20003CB21C43D84F58A2D84F218358B2D84FFB
:106B3000418378A2D84F618378B2985318A69853AE
:106B4000218318B69853418338A69853618338B689
:106B5000D85358A6D853218358B6D853418378A622
:106B6000DC53E1837CB68280010049BF011122CC55
:106B70002A84354506CE2EC632C497D0FE1FE78044
:106B8000E02803A7C1953C4B228593E707083CCB3F
:106B90002246B245EFF01FE6F2406244014505612E
:106BA000828083A7C1949843370600827D1613170D
:106BB000772998C31307F03F98DF13070005D8DB48
:106BC000D8571317F729D8D7D45717F7FE1F0347FD
:106BD000A72D931547601377F703F18E6607558F3E
:106BE000D8D79306A00303A7C19663DFB602744FFC
:106BF00037060007D18E74CF370702001307C7206E
:106C0000D8DF984B137707FC1367E70098CB37E77B
:106C100000E0D147A309F70497B7FE1F93876741A8
:106C200093E717007CD782809306200263DAB600D0
:106C3000744F370600F97D16F18E370600055DBFEB
:106C4000370600F9E9467D1663D7B600744FF18E1A
:106C50003706000345B7744FF18E9396862961BFBE
:106C60001307A003AA87636EA7041307A0020D45AC
:106C7000636AF7041307200209456365F70469474F
:106C800005456361F70451470145636DF7024947C4
:106C90007D556369F702394775556365F7022947E2
:106CA0006D556361F70219476155636DF700114730
:106CB00059556369F700094745556365F700315534
:106CC0008280114582803557AA87634CE504495775
:106CD0000D4563C9E7045D57154563C5E70465576E
:106CE0001D4563C1E70471572D4563CDE702795710
:106CF0003D4563C9E7024D4563C6070255459DC33F
:106D000005476D456380E702094713053002638B31
:106D1000E7000D471305B0026386E7001305B003D3
:106D200082800545828019C5371700401E2F939732
:106D3000F7281EAF8E05220697F7FE1F2389B75A44
:106D4000498E83A7C1944D8E13164629B0D7B857E4
:106D500013674700B8D7B85789C613172729B8D77C
:106D6000828013172749E5BF411122C406C617F4D4
:106D7000FE1F1304A45503470402A1476318F7023A
:106D800017F7FE1F0347472D97F7FE1F9387C72E60
:106D9000058BB033B42321CBC84331C50C31090571
:106DA000EF800FF101C58547A300F40203470402F9
:106DB0009947631AF70097F7FE1F83A7A735BC37DB
:106DC00095C7EFD09FC6034704029D476310F702A3
:106DD00097F7FE1F83A74735FC3389CB2244B24087
:106DE00041016F70003C814501455DBFB2402244C6
:106DF000410182805D71B7E700E0CAC003A90700C6
:106E0000A6C24EDE3707200086C6A2C452DC56DA80
:106E10005AD8AA84AE893379E90023A0E7180F1065
:106E200000001384C1941840138AC196938AC195B7
:106E30001C43370B03001306800293F7F7CF93E749
:106E400007101CC383260A003707CEFF7D179C4618
:106E5000930510082800F98F9CC683A70A0023A871
:106E6000670597A0FE1FE78060C6354597D0FE1FD7
:106E7000E780C0F91C4093F6F41F3706330023A4C3
:106E80000700984B130B8B15130510F81367F703C6
:106E900098CBF84F130E401F914E137707E0558F94
:106EA000F8CF9843130380021367070898C317F7B6
:106EB000FE1F2327074283A60A0017F7FE1F232978
:106EC0000740054798C298431377F7CF98C3984374
:106ED0001377F7CF1367072098C303270A001C47CF
:106EE000D18F1CC723A866053800814613F8F60F1A
:106EF000135638004E961C2213787800B3D70741FA
:106F0000858BD1CB1C4083280A0023AC070423A027
:106F1000070683A5C802F59923A6B80283A807002F
:106F200093F5F60793F808F8B3E8B80023A0170123
:106F3000CC539395F528CCD303AF0A008145232287
:106F4000CF0783A807066382150383A80703830579
:106F5000070093D8F8009398486063D515018C5BBF
:106F6000BD810CA3AC5393F5F50F83284F066386C0
:106F7000080083A88705E3F41EFDCC539395F548DC
:106F8000CCD38305070063D6B4001C22B39707490E
:106F90001CA233E5A50A85060507E39966F41840A7
:106FA0001C4B93F707FC93E7E7001CCBB640264445
:106FB000B7E700E023A0271196440649F259625A28
:106FC000D25A425B61618280011122CC2A84114530
:106FD00026CA4AC832C62E89B68406CE97D0FE1F6E
:106FE000E780C0E29386C1949C421385C195938546
:106FF000C196D85737033300719B13671700D8D752
:10700000832805001307800723A2E8069843137717
:10701000F7CF98C398431377F7CF1367072098C328
:1070200003A805003246032788003367670023243E
:10703000E800370703001307872523A8E804032780
:10704000C802759B2326E8026305090A9843136466
:1070500004041374F407137707F8418F98C3374774
:1070600076711307971298C78327480093F7F7EFB5
:107070002322F80001000100984117F4FE1F1304B9
:10708000E424A6855C4393E707105CC39842B75796
:107090005500938757555CC31C41185C0145B8DF08
:1070A00017F7FE1F2328072217F7FE1F23260722A4
:1070B000D843799BD8C391475CCC97B0FE1FE7803B
:1070C000602103A7419511C7544318479C42D98FAB
:1070D0009CC25C44858B81CB17F7FE1F130707FC0E
:1070E0001E2785071EA7F2406244D244424905612B
:1070F000828098431374F407137707F8598C37C7C5
:10710000898E80C3130767EDB9BF011126CA4AC82B
:107110004EC6C1643709006AB70900AC22CC52C41C
:1071200056C206CE1304F00FFD141309690E93899D
:10713000E90C614A930A0002A6850145EFE05EC7AB
:107140009317850013F7071033E5270119C333E5BB
:10715000370181470147B356F54885073356F5484F
:107160006307D60005071377F70F6364EA04E39417
:1071700057FF81471306F003ED463357F5001377A9
:10718000F70305CB6307C7028507E398D7FE1357BC
:1071900085009377F50F1377F70F639BE70213577B
:1071A00005011377F70F6395E70213578501639184
:1071B000E7027D141374F40F41F09305000F41456D
:1071C000EFE09EBCB7B7006A4205938767CE5D8D3E
:1071D000F2406244D2444249B249224A924A05618D
:1071E000828097F7FE1F9387670ED44F1147638500
:1071F000E60E83C737026391070EB7C7004003A7A7
:107200008194938707306319F70C011122CC37E47E
:1072100000E026CA044006CE4AC84EC652C456C232
:10722000B7072000FD8C2320F4180F10000035450F
:1072300097D0FE1FE78080BD938AC1941522A522B6
:10724000EFF03F9683A70A00138AC196B706330072
:1072500098439389C195370903001367070898C3BA
:1072600098431377F7CF98C398431377F7CF1367F3
:10727000072098C303270A001C47D58F1CC783A784
:10728000090013078955B8CBAD24EF00B01D752256
:10729000352403A70A001C4393F7F7CF93E70710A1
:1072A0001CC383260A003707CEFF7D179C46F24099
:1072B000224AF98F9CC683A70900924AB24923A8A3
:1072C000270597F7FE1F23A107022320941062448D
:1072D000D2444249056182808280B7C7004013874B
:1072E000073023A4E19413870720411123AEE194D2
:1072F0009387071037D7004022C406C617F4FE1F35
:107300001304C4FC23A6E19623A6F19485475CCC24
:1073100097F7FE1F938787EA5CDC97F7FE1F83A72A
:1073200067B71CDC97B7FE1F938707D123ACF19496
:10733000EFF03FEBB7E700E0A301040203C75741BA
:1073400013670708A38AE740B240224437071000BA
:1073500023A0E7103707200023A0E7104101828017
:1073600083A7C1951307C008D8CB93066007D4CF75
:10737000D8D31306E006D0D7D8DBD0DFF8C3F4C7E4
:10738000D843059BD8C30547FAA323AA070417F7D8
:10739000FE1F032767F7F8DF7D5798C737071F00E1
:1073A0003D07D8C7828083A7C1961307004898D7A6
:1073B000D85FB70600F9FD16758F13179729D8DF28
:1073C000D85F9D663706FDFF0E070D831317E7296B
:1073D000D8DF985B7D161367077098DB985B558F35
:1073E00098DB985BB7060700558F98DB985BB7066C
:1073F0000090FD16758F1317C72998DBB447370720
:10740000F9FF7D17F98EB4C7F447E19AF4C7F44742
:1074100093F6F6F8F4C7F447F18EF4C7F44F758F7E
:10742000F8CFF84FB70690FFFD16758FF8CF93078A
:1074300040060100FD17F5FF82801387C1961C43AB
:10744000B44B93960649B4CB94479396562994C768
:10745000D44793E60601D4C7D447BD9AD4C70100E8
:107460000100010001001C43D44793E60601D4C784
:10747000D4439396C628D4C303A6C1959306400669
:1074800074D2745291C683A6C70993D68648F5DA9A
:1074900001000100010001001C4313870708544F3D
:1074A000B84BFD8A13170729B8CBB84B019B558FF2
:1074B000B8CB98471317574998C7828083A7C196BE
:1074C000B44F41777D17F98EB4CF94479396062930
:1074D00094C7D44793F6F6EFD4C7D443758FD8C377
:1074E000D84713670710D8C7D84313170729D8C33D
:1074F0008280397122DC4ED652D406DE26DA4AD892
:1075000056D25AD05ECE62CC66CA6AC86EC603A492
:10751000C1965C409389B196138A919693F7F7EFE1
:107520005CC01C549397C7481CD45C54BD9B5CD46E
:107530001C44939717291CC45C4093E707015CC067
:10754000B757341203A70196938787676309F770CB
:107550005C4001791309F90FF99B5CC01C5C316731
:10756000130707F0B3F72701D98F1CDC5C409304A5
:10757000040893E717005CC097B0FE1FE780E0F8AF
:107580009C4893F7F7032380F900DC48A98393F71D
:10759000F7072385F1965C403D6713070780F99B49
:1075A0005CC01C5CB3F72701D98F1CDC5C4093E7FF
:1075B00017005CC097B0FE1FE78020F59C4893F74A
:1075C000F703A383F196DC48A98393F7F707238396
:1075D000F1965C40356713070740F99B5CC01C5C63
:1075E000B3F72701D98F1CDC5C4093E717005CC020
:1075F00097B0FE1FE78060F19C4893F7F7032300E4
:10760000FA00DC48A98393F7F7072384F1965C40DE
:107610004167130707C0F99B5CC01C5CB3F72701E7
:10762000D98F1CDC5C4093E717005CC097B0FE1F4D
:10763000E780A0ED9C4893F7F703A382F196DC481E
:10764000A98393F7F7072382F196834C0A0003C7B7
:107650000900930760021306500233079741B307EE
:10766000F7029306700293054002130530021308D7
:107670002002130E1002F94E754FFD4FF14A3306EA
:10768000C7026D4BE94B654CD942D543DD48D14D1E
:10769000CD444949B3C7D7023D43B949294D354A7D
:1076A0003346D60292072206D18F3306B702D98F0E
:1076B00095453346D6023206D18F3306A70213050D
:1076C00004083346D6024206D18F330607033346F9
:1076D000D6025206D18F3306C703254E3346D60253
:1076E0006206D18F131657003346D6027206D18F29
:1076F0001CD13306E703194FB307D7039D4EB3C719
:10770000D7023346D60292072206D18F3306F703FB
:107710008D4F3346D602D18F33065703B14A3346D5
:10772000D6023206D18F330667032D4B3346D6027D
:107730004206D18F33067703E14B3346D602520619
:10774000D18F33068703454C3346D6026206D18F6C
:10775000330677033346D6027206D18F5CD13306E7
:107760007702B30757023346D602B3C7D7022206C1
:107770009207D18F330617033346D602D18F3306D3
:10778000B7033346D6023206D18F3306970233460B
:10779000D6024206D18F330627033346D60252065D
:1077A000D18F330687033346D6026206D18F131674
:1077B00047003346D6027206D18F1CD5B307670245
:1077C0003346F703B3C7D7022206D18F33063703F8
:1077D0003346D6021206D18F330657033346D602FC
:1077E0003206D18F330667033346D6024206D18F65
:1077F0003306A7033346D6025206D18F3306C7039A
:107800003346D6026206D18F131637003346D602AE
:107810007206D18F5CD5B307D70333464703B3C78E
:10782000D7024206D18F3346D7026206D18F330684
:10783000E7033346D6021206D18F3306B70233462A
:10784000D6022206D18F131627003346D6023206FF
:10785000D18F131617003346D6025206D18F1CD98A
:1078600083C77196B387FC4033C6A70393FCFC0320
:10787000B3CDB7033206920DB3EDCD0013068002EF
:1078800033C8C702B3ED0D01214833C807034208CE
:1078900033E80D01B3CDB702F20D3368B801B38DF3
:1078A000F703B3CDCD02A20D3368B801B38DE70362
:1078B000B3CDCD02D20D3368B801B38DD703B3CDAC
:1078C000CD02E20D3368B801338B6703232A050329
:1078D0001148B38DC703B38A5703338A4703B3896B
:1078E000370333C80703B3CDCD021208334BCB02A5
:1078F00033E80D01B3CACA02220B336B6801334A65
:10790000CA02B20AB36A5B016D4BB3C9C902420A2B
:1079100033EA4A01F14AD20933683A01B38967026E
:10792000754A13034002B3C9C902E209B3693801B9
:10793000139847003348C802338C87037208B3E9B1
:1079400009010948232C3503F94933892703B384F6
:107950009702B3837702B3825702B3881703B38BBE
:10796000770333C80703334CCC0232083349C902CA
:1079700033680C01654CB3C4C40212093369280191
:10798000B3C3C302A204B364990013091002B3C2C3
:10799000C202C203B3E3740093046002B3C8C80216
:1079A000D202B3E2530093032002B3CBCB02E2082E
:1079B000B3E8120193023002F20BB3E87801E94B0D
:1079C000232E150333887703B38867033348C8022F
:1079D000B3C8C8021208A20833681801B388870325
:1079E000B3C8C80233681801B3885703B3C8C802C4
:1079F000B20833681801B3884703B3C8C802C20885
:107A000033681801B3883703FD49B3C8C802D208E8
:107A100033681801B3883703B3C8C802E208336873
:107A2000180193985700B3C8C802F20833681801C8
:107A300023200505338827039398C7013348C802DC
:107A400033681801B3887702B3C8C8029208336854
:107A50001801B3885702B3C8C802A20833681801D6
:107A6000B3886702B3C8C802B20833681801930824
:107A70005002B3881703B3C8C802C208336818019C
:107A8000B3889702B386D702B3C8C802B3C6C6028A
:107A9000D20833681801E206B366D80074C19306B1
:107AA0009002B386D70203288504137808FFB3C673
:107AB000C602BD8AB366D80034C59306A002B38659
:107AC000D702B3C6C60230451376F6F0BD8A9206D9
:107AD000D18E34C503C6819603C86196330806412A
:107AE000B306A80303238504B308B802B3C6F6029D
:107AF000B3C8F802A206F208B3E61601B308C80339
:107B0000B3C8F802B208B3E6160193183800B3C838
:107B1000F802C208B3E61601B308D803B3C8F802E6
:107B2000D208B3E61601B308E803B3C8F802E208C6
:107B3000B3E61601B798888893880880B3E61601E3
:107B4000B3E66600931828003343F80234C583C6B1
:107B5000A196918E1376F6076206B3C8F802320337
:107B6000B3E868003383F6033343E302B30FF8034B
:107B70007203B3E86800060833C3E602B3CFFF021E
:107B80005203B3E868003348F802920FB3E8F801F3
:107B90002208B3E70801139816003348E802620888
:107BA000B3E70701256813088888B3E707017CC598
:107BB000338FE603B387B60293952600B3C7E70277
:107BC000334FEF029207B3C5E502220FB3E7E70197
:107BD000B38ED603CD8F93953600338EC603B3860E
:107BE000A603B3CEEE02B3C5E502B20EB3E7D701EA
:107BF000334EEE02C205CD8FB3C6E602520EB3E796
:107C0000C701370700817D17E206D58F3CC95C406C
:107C1000BD9B5CC05C40F99B5CC01C549397C7281B
:107C20001CD45C5493E707015CD41C5C93F707FCFD
:107C3000B3EC9701232C94031C5CF98FD18F1CDCCF
:107C4000F2506254D2544259B259225A925A025BAB
:107C5000F24B624CD24C424DB24D2161828023A046
:107C60000196E5B203A7C1965C4393E707105CC396
:107C70008280411106C6E52393056040EF10303441
:107C8000B2400145410182801DA511C589C501C6CB
:107C90001E2201458DE301110565C9471306F10058
:107CA000130555C3854506CEDC87EF101031F24031
:107CB0008887056182808280011197E7FE1F2388F3
:107CC000A74205651306F100130595C4854506CE48
:107CD000A3070100EF10702EF240888705618280B3
:107CE00001111305910006CEFD234884056530007F
:107CF00025059D45EF10702CF240088405618280B7
:107D000001111305D10006CEC52B48860965700008
:107D100009059145EF10702AF240088605618280BE
:107D2000011106CEFD23C88709651306F10015056C
:107D30008545EF109028F240888705618280011107
:107D400006CE852DC88709651306F10029058545EE
:107D5000EF10B026F240888705618280011106CEBF
:107D6000EF004073C88709651306F10039058545A2
:107D7000EF10B024F240014505618280011106CE6A
:107D8000EF00F029C88709651306F1004105854514
:107D9000EF10B022F240888705618280011106CE83
:107DA000EF009009C88709651306F1004505854570
:107DB000EF10B020F240888705618280411106C62D
:107DC00022C4EF00B00E8965CD052A84EF10301F64
:107DD000B2402285224441018280011113055100E5
:107DE00006CEEF0050284882096550006105A54580
:107DF000EF10B01CF240014505618280411106C6BA
:107E0000EF00B0298965E505EF10701BB240014510
:107E100041018280011106CE22CC2A84EF00F03885
:107E200048860965C0867000218069058D454087B8
:107E3000EF10B018F24062440145056182800111E3
:107E400006CE22CC2A84EF00904448860965C0867D
:107E5000700021806D058D454087EF101016F240AF
:107E60006244014505618280011106CE22CC2A843C
:107E7000992548860965C086700021801305050292
:107E80008D454087EF107013F24062440145056153
:107E90008280011106CE22CC2A84EF00007648862B
:107EA0000965C08670002180130515028D45408745
:107EB000EF10B010F240624401450561828001116B
:107EC00006CEEF007041C88709651306F10013055F
:107ED00075028545EF10700EF2408887056182803B
:107EE000011106CEEF007048C88709651306F1003E
:107EF000130595028545EF10500CF2408887056107
:107F00008280011106CEEF00304AC887096513064A
:107F1000F1001305D5028545EF10300AF24088873D
:107F200005618280011106CEEF00F04CC88709651B
:107F30001306F1001305E5028545EF101008F24025
:107F4000888705618280011106CEEF00D078C8874E
:107F500009651306F100130595038545EF10F0053B
:107F6000F240888705618280797102C081480148AA
:107F70008147014706D6EF10E010A30FA100096565
:107F80001306F1011305E5038545EF101003B25008
:107F90000345F10145618280011106CEEF102028D2
:107FA000C88709651306F100130505048545EF1020
:107FB000D000F240888705618280011106CEEF1063
:107FC000E036C88709651306F100130515048545D9
:107FD000EF10A07EF240888705618280011106CEF5
:107FE000EF10E045C88709651306F1001305250465
:107FF0008545EF10807CF24088870561828097E795
:10800000FE1F239DA70C01458280011106CEEF10B3
:10801000E05FC88709651306F1001305150585455E
:10802000EF10A079F240888705618280011106CEA9
:10803000EF108066C88709651306F1001305250552
:108040008545EF108077F2408887056182805D71F9
:108050001303D1031AD20343010786C61AD0034380
:10806000C1061ACE034381061ACC034341061ACA3D
:10807000034301061AC80343C1051AC60343810519
:108080001AC4030341051AC2034301051AC0EF00D5
:10809000D03A230EA10209657018130565038945BE
:1080A000EF10A071B6400345C1036161828097E67D
:1080B000FE1F9386A6FEBE2681E79307F01FBEA68D
:1080C000BE262146014513F707103357C7408607E0
:1080D000B3C70708598D93D5574013D797402D8FB5
:1080E000058B7D161375F50FD98F71FEBEA68280A4
:1080F00017E7FE1F130787FA5E2789E7E17793C723
:10810000F7FF5EA75E27B94601459168994533F6AA
:1081100017013356D6408607518D33C8070813D64A
:10812000E748FD1693D7F748B18F1375F50FB3677E
:10813000F800E39EB6FC5EA78280797126D24AD011
:108140004ECE52CC06D622D456CA5AC85EC6AE848B
:10815000B289368A17E9FE1F0329C91A2DC5AD4712
:108160002A8463E8A7021304F5FF1374F40F138B3A
:10817000119783470B00C9E39D47494563EA3703DD
:1081800017A70000130707B3B3C7E9209C43BA97AA
:108190008287B147630CF5029307600263E5A7008D
:1081A0001304E5FFD9B7930770024945E301F4FCD6
:1081B000B250225492540259F249624AD24A424B76
:1081C000B24B456182801304500255B7130460021C
:1081D00079BFCA8AB38B2401638D5B01EFF05FF135
:1081E0002381AA00850ACDBFCA8AB38B2401639676
:1081F0005B0385472300FB0093F9F9009306FAFF20
:10820000228523003901A300990093F6F60F2686F4
:108210008545EFE07FDB014561BFEFF05FE923813A
:10822000AA00850AE9B726869305000F13052900E1
:108230009790FE1FE78080896DBF26869305A00A70
:10824000F5B726869305F00FD5B726868145F9BF89
:108250002686BD45E1BF268693055005C1BF411165
:108260009317B02806C622C4E98F95C3EF90AF9349
:10827000AA87094589CB9423114731456395E600C8
:10828000154798A34945B2402244410182802E847B
:10829000EF909FB565D93C25C18BEDD73C35230ABE
:1082A0008504B337F000E9071CA90145E9BF0111B6
:1082B00006CE22CC2EC6EF903FB301CDB2452A8424
:1082C000EF900FE5A305A4020145F2406244056169
:1082D00082804945DDBF17E7FE1F130727DC814772
:1082E00099468345070E3306F50085070CA205075E
:1082F000E399D7FE0145828097E7FE1F938787B9F0
:108300009A2B18A19A2B218318B1FC373CA1014567
:10831000828019E14945828097E7FE1F938707D83D
:10832000B84FAA8501C75827314575F7B85F01C70F
:10833000383731456DF303A7C70801C77833314596
:1083400079FB0111054706CE194617E5FE1F1305F7
:1083500045E3B8A32EC69780FE1FE780A070B24504
:108360009306000CD8319377070C639FD70019460A
:1083700017E5FE1F130545E19780FE1FE780806E1D
:108380000145F240056182809306F00363E8E60050
:10839000194617E5FE1F130585DFF9BF1307000413
:1083A0004945E390E7FE194617E5FE1F130585DEF4
:1083B000E1B7411126C297E4FE1F938424CE22C464
:1083C000A04C06C639E4BC5499E74945B240224462
:1083D00092444101828035CD0547E318E5FE014511
:1083E00082972A8455C59317B0281EB19307007051
:1083F0007EA58D471CBDA30A0502194697E5FE1F01
:108400009385C5D7130565039780FE1FE7808065B8
:1084100021A87848B7070008F98FADEBBC54D5D731
:108420000DC98547E313F5FA58248547E30FF7F89C
:108430007C24B98B95CB742405478947639FE6025A
:108440001EB02244FC54B24092441305000F410177
:1084500082871305000FEF80FFD725D95C25B5D79C
:10846000EF80DFD801459DB7EF908F8D97E7FE1F16
:1084700083C7A7A3E311F5FC89BF1E3013070002D1
:10848000B3F7E70A1167B3D7E70A5DBF31453DBFD0
:108490001D452DBF97E7FE1F83A707C9314599CB1F
:1084A000FC3389CB411106C6EF507066B2400145DE
:1084B000410182808280011126CA4AC84EC652C438
:1084C00056C25AC02E89368ABA893E8B06CE22CC35
:1084D000B284C28AEF905F9185671307A9FF9386E4
:1084E000A7C73347070863E8E610938707C82A84BD
:1084F000494563E4970A63E2240B1307301F636E58
:10850000470963EC370993071A00B3C70708B38715
:1085100097021397390063D2E70841C01C3813F75C
:1085200047003DC3ED9B1CB83C34231A2407231B92
:108530009406D5EB03578406C167FD176309F70658
:10854000631799063E3C231BE404231CF40497E7BD
:10855000FE1F83D767BF8D46114763E5F600850789
:1085600013F7F70FA30AE4042285EF803FFF835738
:108570000404A907231FF4048327440A93E7170080
:108580002322F40AC5475CBC231C6407231D54073F
:10859000231D4405231E34050145F2406244D244A4
:1085A0004249B249224A924A024B056182800356EF
:1085B000440601CEB3D4C4023306960233460608FD
:1085C0003376260B231CC40459B7B3059900858163
:1085D0004A85EFD0EEFD231CA4049305840526856F
:1085E000EF706FEDADB78327840A93E7070223246A
:1085F000F40AC14749BF49454DB7411122C406C6D7
:108600002E84EF906FFE11E54945B24022444101AE
:1086100082801C39A305850213F7470075D7ED9BAF
:108620001CB9BD472306F5028327850A93E7270077
:108630002324F50A0145D1BF97E7FE1F938707A6BC
:10864000B44F2A8791C6D02601C6D436494585EA5B
:10865000B45F99C6B03609C6942A4945858A85E231
:1086600083A6C70891C6F03201C6D436494581EACF
:1086700083C6870B83C7970B63E8F6001D4582808E
:108680001D45F24005618280011119461305A100C4
:1086900006CED8849780FE1FE780C03C2800EFE01C
:1086A0000FA58547E31EF5FC0145E1BF797126D290
:1086B0004AD04ECE52CC56CA5AC85EC606D622D42E
:1086C0002E89B289B68A3A8ABE8B428BEF90CFF15F
:1086D000C94455C105679307A9FF9306A7C7C944B5
:1086E000B3C7070863E9F608130707C863653709C6
:1086F00063E329099307301F63EF5707636D47074B
:1087000013871A00334707083307270393173A00E4
:108710006353F70604392A848588639E040E8327F1
:10872000450A93F71720E5EB3835231A2507231B55
:108730003507231C7507231D6507231D5505231EBB
:1087400045055C3D4DE385EB83270510898BA1C36F
:1087500031469305F00F130585069780FE1FE780CD
:10876000E0368327440A2314040693E707202322D4
:10877000F40AC9475CBCB25022540259F249624A19
:10878000D24A424BB24B268592544561828063099E
:108790003905B385290185814A85EFD06EE1231C17
:1087A000A404930584054E85EF70EFD097E7FE1F74
:1087B00083D787998D46114763E5F600850713F740
:1087C000F70FA30AE4042285EF805FD983570404DE
:1087D000A907231FF4048327440A93E7170041BF26
:1087E000231C2505E1B7C1FB83278510898B95C71D
:1087F00031469305F00F130585069780FE1FE7802D
:10880000E02C8327440A2314040693E7072023223D
:10881000F40ACD4785B7B144B9BFE944A9BF97E78A
:10882000FE1F9387A787B84F11C7542781C65837B3
:1088300049450DEBB85F19C7343789C6182B494530
:10884000058B0DE383A7C70891C7F83301C7DC3751
:10885000494589EB411106C6EFE02F94B24001452E
:10886000410182808280411122C426C24AC006C6CC
:10887000AA84014421499305F00F0545EFD0CED0DD
:10888000B387840088A30504E31724FFB240224481
:1088900092440249014541018280797122D44ECE31
:1088A00006D626D24AD02EC6B2893684EF90CFD3D0
:1088B0007DC90349B500B245AA846316090E214655
:1088C0001305B51A9780FE1FE780C019A389341BD2
:1088D00093D98900238A341B7C2450346C3454246B
:1088E000A207420603C5C404B297E206AE97B69744
:1088F00003A7440A9386040835C1DCD63C2410340F
:1089000013670702A2074206B2973034B2971024C9
:108910006206B2979CDA7C205030A2074206B297DA
:108920007030B29750206206B297DCDA3C201030EB
:10893000A2074206B2973030B29710206206B29773
:108940009CDE8547A386F40423A2E40AB250225495
:108950009254F2494A85025945618280FCC63C2402
:10896000103413678700A2074206B2973034B297DB
:1089700010246206B297BCCA7C205030A20742067F
:10898000B2977030B29750206206B297FCCA3C2072
:108990001030A2074206B2973030B297102062061C
:1089A000B297BCCE55B7094955B7411122C406C686
:1089B0002E84EF906FC371C9343585472A870545EA
:1089C000639CF606142B930740026396F6067C24FC
:1089D0005434A207C206B6977434B6975424E206FC
:1089E000B6978346D704A9CE93060708DCD63C2465
:1089F0001034A2074206B2973034B29710246206B0
:108A0000B2979CDA7C205030A2074206B2977030B1
:108A1000B29750206206B297DCDA3C201030A207F1
:108A20004206B2973030B29710206206B2979CDEB1
:108A30009307A0021CAB0145B24022444101828051
:108A400093060708FCC63C241034A2074206B297DE
:108A50003034B29710246206B297BCCA7C205030E2
:108A6000A2074206B2977030B29750206206B297C2
:108A7000FCCA3C201030A2074206B2973030B297B1
:108A800010206206B297BCCE65B7054575B7411197
:108A900006C6EF906FB51DCD34350547AA87094549
:108AA0006397E602942B130740026392E6020D4798
:108AB0002386E7021947A385E7021307500298AB04
:108AC00003C7A7020145136717002385E702B240D9
:108AD000410182800945E5BF5D71A2C4A6C286C678
:108AE00097D7FE1F9387875B368494332A87B28497
:108AF0008DC2B44F81C6D4263145BDE2B45F81C674
:108B0000B4363145B1EE83A6C70881C6F43231458B
:108B1000A1EA03C6070C83C6170C1D456372D60471
:108B200083A7070D494593F707049DCB19462800F5
:108B3000D8839780FE1FE780E0F24146A6851305A3
:108B4000E1029780FE1FE780E0F11305E101414655
:108B5000A2859780FE1FE780E0F04800EFA06FB08D
:108B6000B640264496446161828097D7FE1F938762
:108B7000E75298330DC3B84F01C75827494505E759
:108B8000B85F01C73837494519EF83A7C70881C7C0
:108B9000FC33494589EB411106C6EFA06FC0B240D6
:108BA000014541018280828097D7FE1F9387074F3E
:108BB00094332A878DC2B44F81C6D42649459DEA95
:108BC000B45F81C6B436494595E683A6C70881C619
:108BD000F432494585E203A6870D98B383A5C70DF6
:108BE0009376F69F19C39366066023ACD70C23AE29
:108BF000B70C01458280930700643305F5024111EB
:108C000026C297D4FE1F9384644922C403A4440C53
:108C10004AC006C61309F00FC8D801E8B240224482
:108C200092440249014541018280082063052501E3
:108C3000CC58EFC01E96405CCDB75D716ECE97DD0F
:108C4000FE1F938DAD4552DC3E8A83A78D05A6C2DB
:108C5000CAC04EDE56DA5AD85ED662D46AD086C60C
:108C6000A2C466D246C6B684830B410583468105FD
:108C7000834901062A8D2E89B28A3A8C428B99C784
:108C8000EC4BB70700043145ED8F85EF8D4763E965
:108C90004701937C090163870C0085476389F604CB
:108CA000494505A093753900E38CF5FE937589005D
:108CB000E5F96397F60283C7CD033145918B639342
:108CC0000720B640264496440649F259625AD25AC1
:108CD000425BB25B225C925C025DF24D616182801C
:108CE0006394F91E83C7CD03918B3145F9DB6A8507
:108CF000EF804FCE2A8411E983A78D060545829720
:108D00002A841D455DDC2304A40193070002639FB0
:108D1000F4008D476399F904562C9307900F1305BF
:108D20005004E3E0D7FA762CE3EDD7F89376F90F09
:108D30002300D406638E0C101379F9009547631B4A
:108D4000F902930710F87CA44545E3EC54F7FD477E
:108D50004545E3F857F79167E3E597F6D6948580A4
:108D6000B3C4040831A88547E392F9FC562C930755
:108D7000D02E75B7B5476313F90C85477CA4894499
:108D800006B0A307840163160C1085471CBC93F63C
:108D9000060299E2A30A44033245194681459780A9
:108DA000FE1FE780E0E563140510B2458547230EFA
:108DB000F402A30E640319461305E4039780FE1F13
:108DC000E78040CA834701055CB49307F0076393CB
:108DD000FB0E565797D7FE1F83C7070D1CA303052D
:108DE0005401EFD05FEE2304A406EFD07FE7D657FF
:108DF00048B888A38347C105230504062302040657
:108E0000A302F40683470406C18B99EBFD1993F97D
:108E1000F90F8947E3E637E9A3050406A301340700
:108E2000834741060145A300F40683478106A30357
:108E3000F4067C489397B7297CC861B589476314C9
:108E4000F900994709B7E30009F023070400EDBDD5
:108E50009D477CA493F5160093F7460089C991E3DA
:108E60009145A30FB4048547230FF404F1BD93F596
:108E7000260081C9894591C39545A30FB40489474C
:108E8000E5B78D4591C39945A30FB404230F04049E
:108E900065BDA30C040081478D453356FC4801C6CF
:108EA000103C050610BC8507E399B7FECDB5230E2F
:108EB000040209BF914763C57701A30A740105B78E
:108EC0005CB831BFE385D9E28947E392F9E283C711
:108ED000CD03898B19BD5D71CAC017D9FE1F130957
:108EE000E91BAA8703258905A6C286C6A2C44EDE51
:108EF00052DC56DA5AD85ED662D466D26AD06ECECA
:108F000032C23AC4B68405E5858B95EFA9C1014507
:108F1000B640264496440649F259625AD25A425BF8
:108F2000B25B225C925C025DF24D616182807449A9
:108F300037070004758F63120714858B89E781C991
:108F4000EF80CFAAE9B7639D050E4945D1B7032449
:108F5000C90555DC2285EF806FA90040DDBF784947
:108F60003377EC00631B07100347F5056304970193
:108F70006316A70103D7EA016301071003C75A0369
:108F8000630E370703C7EA006317370133279420BE
:108F90001A23E3ECEDFA0327C9067D141374F40FCA
:108FA00079CFA247B3249A209A203E9A9305800C49
:108FB0002397EA0603470A00054523980A06A38477
:108FC000EA06EFC07EDC03D7CA0612052644050771
:108FD0003D8B498F2396EA068327C90603C50B00FC
:108FE000B64096440649F259625AD25A425BB25B85
:108FF000225C925C025DF24D6161828793878A05F3
:10900000194681453E853EC69780FE1FE78040BFDA
:10901000631D3501194697D5FE1F93858516138567
:109020008A059780FE1FE780E0A3194681451385D6
:109030008A059780FE1FE780A0BCE31535F531B7A0
:10904000FD1513F4F50F370C0003894C154D8549B8
:10905000930D0008130BF00F9247228AB38B870001
:1090600003C50B00EF800F97AA8AE31A05EE83274A
:10907000890513052004E38D07E8314551BDE31D43
:1090800064FDE1B539714AD84ED656D25AD05ECE7B
:1090900062CC66CA6AC83E8B06DE22DC26DA52D46F
:1090A00097D7FE1F83A70705834B0104AE8A328939
:1090B000368CBA89C28C468D95C7F84BB707000429
:1090C000F98F8DC3314AF2506254D2544259B25989
:1090D000925A025BF24B624CD24C424D5285225A5C
:1090E00021618280EF800F8FAA84130A200461DD42
:1090F00063745901494AC1BF9547E3FD57FF834750
:10910000050693F73703FDF7034AE505E31C0AFA62
:109110007C49918BC5FBEF20C04EF94763E4A70063
:109120001D4A55B783C7340691EB03D7440893070C
:10913000D02E63F5E700994763F0270F6384090C8D
:10914000B3C73A03E3C867FB639B0B0203A4C40ADB
:109150002DC42302340123047401A3026401FC48DA
:1091600056991359194093E72700FCC883C7040692
:1091700023932409B3E787012380F406A9B7E3FB0F
:109180006CF785476383FB02B3079B412947B3878D
:10919000E702B3C77703E3CFA7F503A4C40A11CC52
:1091A00023023401A303A40131A003A4C40A11C4FF
:1091B000230234012303940179BF13861900120698
:1091C0009305E010328532C69790FE1FE780803607
:1091D0002A8439D5324681459780FE1FE780008F6B
:1091E000B7C7898E23A6840A938767ED1CC09307AF
:1091F00004015CC423023401E38F0BF48547E3933D
:10920000FBFA4DBF03A5C40A39D99790FE1FE7802A
:10921000C03E23A6040AA1B7130A50046DB541113C
:109220004AC017D9FE1F130969E78327890526C29B
:1092300006C622C4AA842E8589CFF84BB70700043E
:10924000F98F81CB3145B240224492440249410119
:109250008280EF703FF82A84130520046DD413F741
:1092600014007C484DCB13F7170069FF0347040631
:109270001377370361FB8988C1CC0327490D454526
:1092800093E70740418B61D3C1657CC8FD1501455B
:10929000EFC01EB22314A408EFD03FE793040408E4
:1092A000B7050001C8C4FD150145EFC0FEB288C86E
:1092B0009304040A154697D5FE1F938505EE26856F
:1092C0009770FE1FE780007AA685130500FBEFD09C
:1092D0007FB22685EF803FD97C485824A300A4089C
:1092E000DD9B93E747007CC88547631FF700930524
:1092F000800C0545EFC05EA98357C406120585079B
:10930000BD8BC98F2316F406EF602030014525BFC1
:1093100093F7F7BF95BF0345D407CD9B7CC8930750
:10932000F00FE303F5FEEFC0EEE5F9BF01114AC807
:109330003A8917D7FE1F130767D60328870722CC61
:1093400026CA4EC652C456C206CE2A8AAE8A328475
:10935000B684BE89630808008326C8019167314539
:10936000F58F9DE3785F314505C39377A4FF4545AD
:1093700081EF93775400314581CB63100802029747
:109380002A880D45631F0800F2406244D2444249D6
:10939000B249224A924A056182808347B80031452A
:1093A000E5F78D474945E3E147FFA3064805230854
:1093B0005801230008029375140085C99C20A30757
:1093C000F80083570900231BF80003D60900335621
:1093D000F60A93075005231CC8003306F60285479A
:1093E0002300F8022186231DC800118829C0AE94ED
:1093F0009C2033A92521B3A53521A307F800A30795
:10940000F802035709002319E8029E21B3D7E70A9F
:1094100013075005231AF802B387E702A187231B1D
:10942000F8028347080293E727002300F802832706
:10943000C80101459397F728232EF800B1B717D735
:10944000FE1F1307A7C53C5F011122CC26CA4AC8DC
:1094500006CE2E89B284368489E77C5F8DEB314558
:1094600021A8D04F9166F18EFDFA785F6DDB19C9A6
:1094700005476309E5024945F2406244D244424946
:10948000056182802AC6EFB01FAC3245F5B70547AB
:10949000E313E5FE8297AA870DCD1147A3060504C5
:1094A0007AA91AADB4370547E387E6FC85C086BFC5
:1094B000A2BF01C41E04E3D084FC238927016244B7
:1094C000F240D2444249BC570561828723AC07026F
:1094D000EDB70D4555B741114AC017D9FE1F130905
:1094E000E9BB8327890726C206C622C4AA8481EF66
:1094F0008327C907D5E33147B24022449244024949
:109500003A8541018280D84F9167F98FEDF7832723
:10951000C907F5D3FC241D47032489079D8BE38CE1
:10952000E7FC98205C4C058B59C35C4C898BE1F7B8
:109530009C20114793F667006397E6008326C90CC9
:109540004547C18AD5DA858B85E39C3019469385DA
:109550003400230AF40CBC201305640DA30AF40C98
:109560009770FE1FE78000509C202301F408BE2462
:109570002312F408DE242313F408FC24A301F408C6
:10958000FD57A30EF4065C4CC59B93E727005CCC0B
:10959000EFD0CFB401478DB782970D4731DD11472A
:1095A0007AA91AAD0547A306050438B5A5B7898B76
:1095B000C1D30347440D9C30E31FF7F20347540D1A
:1095C000BC20E31AF7F21946938534001305640DA5
:1095D0009770FE1FE780A05A85472D47E317F5F4E3
:1095E00021BF97D7FE1F83A7E7B2314599CFDC4F44
:1095F00011677D8F19EB898B89CB411106C6EFA0CE
:10960000BFBAB2400145410182808280011122CC63
:1096100026CA4AC84EC606CE2E893284B689BA8476
:10962000EF705FBB3DC503284505AA873145137719
:10963000082029EB17D7FE1F130747A68346970478
:10964000454563E1260503C6470B33568640058A28
:1096500015CA8326070D37060800F18E85C6034715
:10966000870463619702238B870AA38A270BA38B46
:10967000370B11C0268413680810238C870A23AA8D
:1096800007050145F2406244D2444249B2490561AE
:10969000828013052004FDB7411122C406C62E8422
:1096A000EF705FB315C17849AA87314593762700DB
:1096B00081CA9376F7DF19C093660720F4CB014582
:1096C000B24022444101828013052004D5BF01111C
:1096D00026CA4AC852C406CE22CC4EC62E8A328929
:1096E000B684EF806FF071C193870197631D090005
:1096F000054798A30145F2406244D2444249B24929
:10970000224A05618280982385472A846315F700E1
:1097100023880196094AB7E700E083A907003707C5
:10972000200023A0E718B3F9E9000F1000004165FD
:10973000130545F5EF80CFEC29C93C253EA58327CD
:109740008411A1E3232CA410232EA410930710F856
:10975000F9141CB523200500231625012304450117
:1097600044C1834594020145B315B028B3C505082B
:109770009790FE1FE780A04BB7E700E023A03711CA
:1097800095BF8327C41188C3C1B797C7FE1F83A79E
:10979000677391C795659385555505458297B7E7DA
:1097A00000E023A037111D45B9B70945A9B76F508F
:1097B0002FE66F50CFEA6F50CFEF6F500FF66F501C
:1097C000EFFB6F509F886F50EFFF6F507F83828059
:1097D0006F50FF8B034301001AC06F40BFA56F405D
:1097E000BFB16F405FBB6F40DFC16F403FC86F408C
:1097F0001FCE6F409FD46F401FD979711303F00FB4
:109800001AC81AC60343810306D61AC40353410378
:109810001AC2035301031AC0EF40BFDDB2504561C5
:10982000828003530100035E4100834E8100034F99
:10983000C100835F010176C47AC67EC872C21AC0B5
:109840006F403FDB6F40BFEE6F407FFA0353010074
:10985000034E4100834EC10093F8F80F1378F80FC0
:1098600076C672C21AC06F409FFE6F500F8E6F5047
:109870000F976F508FA36F502FA76F506FAA6F5025
:109880002FB06F50CFB66F500FBB828082806F5069
:109890006FCD130705031E21110593C7F7FF231E84
:1098A000F5FE8347E5FF93C7F7FF230FF5FEE314AB
:1098B000E5FE828099473305F50201110A86C1450C
:1098C00006CE1305052033450508EFC02EF109E546
:1098D0000886F240056182800145E5BF011122CC76
:1098E00026CA4AC84EC606CE8144014413895199FE
:1098F0009389C19983470900636AF400F240624486
:109900004249B2492685D2440561828083A7090075
:109910001315440019469305F00F3E959770FE1FEE
:10992000E780002E01E5850493F4F40F0504137419
:10993000F40FC9B703A5019911CD411106C6EFB0C7
:10994000DEABB24023A8019883C75199238AF198CE
:109950004101828083C75199238AF198828059718D
:10996000A6D286D6A2D4CAD083C74199AA84639EC0
:10997000A7001384C19B08208545EFB09EBD082039
:109980008945EFB01EBDEFF0FFFA19493389240372
:109990005000C145130409202285EFC02EE409C9F7
:1099A0000144B6502285265496540659656182803A
:1099B00019469305F00F48009770FE1FE78040247A
:1099C00065F1480041469305F00F9770FE1FE78050
:1099D000E00F480871469305F00F9770FE1FE7806F
:1099E000E00E0818130600039305F00F9770FE1F92
:1099F000E780C00D5000C1452285EFC05E8450084D
:109A00002A84F14513051920EFC07E835008498C44
:109A1000F14513052920EFC09E821374F40F5008FE
:109A2000498CC14513053920EFC07E811374F40FB2
:109A30005008498CC14513054920EFC05E8013745E
:109A4000F40F5008498C914513055920EFC02EFFA3
:109A50001374F40F498C1D651018930500032695A7
:109A6000EFC0EEFD1374F40F498C03C5218113740C
:109A7000F40FEFC08EF735B7011122CC26CA4EC6BF
:109A800006CE4AC80144EF50FF85938951999384CB
:109A9000C19983C709006369F400F2406244D2446B
:109AA0004249B24905618280884013194400194631
:109AB0009305F00F4A959770FE1FE780601411E53B
:109AC0008C40CA95E835EF503F8205041374F40FBB
:109AD000C9B7397122DC26DA4ED652D406DE4AD80E
:109AE0000144EF505F83938951999384C199194A36
:109AF00083C70900636AF400F2506254D254425999
:109B0000B259225A216182808840131944001946B3
:109B10009305F00F4A959770FE1FE780600E1DE5D4
:109B2000330544030A86C14513053520334505082E
:109B3000EFC0CECA1008C1450945EFC02ECA8C40FF
:109B400014080A86CA95E835EF50AFFC0504137473
:109B5000F40F79BF011106CEEFF05FD805478947B2
:109B60006363A700A9471306F10085451305200488
:109B7000DC87EF10B065F24005618280011122CCD4
:109B800026CA4EC652C406CE4AC80144938951998A
:109B90009384C199194A83C709006367F402EFF0FF
:109BA000FFD383C7819999C3EFF01FED83C77199E4
:109BB00099C3EFF01FF26244F240D2444249B249E5
:109BC000224A05616FF01FF93305440390401319D1
:109BD0004400C1454A961305052033450508EFC0EA
:109BE000EEBF05C9884019469305F00F4A95977056
:109BF000FE1FE780A0ED884019469305F00F4A95B7
:109C000019059770FE1FE78060EC9C40CA97239669
:109C1000070005041374F40FBDBF2A2183C5C19B3F
:109C20006F20F0019947B385F502397122DC26DAFD
:109C30004AD84ED606DEA1472A84B2843A8993894F
:109C400025206384F60093891520714681454800DC
:109C50009770FE1FE78080E75000F1454E85EFC00A
:109C6000EEB705E18347E1012547E51793F7F70FC5
:109C70006369F700CA86500093F514002285EFD07F
:109C80002ECAF2506254D2544259B2592161828094
:109C9000797122D426D24AD0AE842A893284814571
:109CA000130600020A8506D69770FE1FE78000E2C1
:109CB00083C7418123102101230EF100B4843DCCE0
:109CC00083C7B19B03C7819B5C8283C7A19BDC8256
:109CD00013564748937777002206D18F135657487B
:109CE0002606D18F135767482A07D98F93F6868F98
:109CF000D58F414697C5FE1F9385456213056100C8
:109D0000FC849770FE1FE780E0D583C7919B13F713
:109D1000170011C789C4B88413672700F884034764
:109D20006101A2850A85D98F230BF100EFD04EB1D6
:109D3000B2502254925402594561828083C7319BAC
:109D400003C7019B5C8283C7119BDC821356474883
:109D5000937777002206D18F135657482606D18F66
:109D6000135767482A07D98F93F6868FD58F4146B8
:109D700097C5FE1F9385855913056100FC84977074
:109D8000FE1FE78020CE83C7219B51B7011122CC53
:109D900006CE2A842EC632C49790FE1FE78020F597
:109DA00005C55825A1472246B245631CF70083A785
:109DB000019A99CBDC4389CB22856244F24005614C
:109DC000828783A7419AF5B7F24062440561828099
:109DD000011122CC26CA4AC84EC606CEAA84014426
:109DE000138951999389C19983470900636BF400E2
:109DF0003E84F24022856244D2444249B249056120
:109E0000828083A70900131544001946A6853E9554
:109E10009770FE1FE780A0D669FD05041374F40F48
:109E2000E1B75D71A2C4138401991C40CAC04EDE23
:109E300086C6A6C252DC56DA5AD82A89AE89A1EF64
:109E40006300051A638E0518EFF09FF8938A519905
:109E500083C70A00138A41992300AA00636DF502A3
:109E60008144138BC1990DA083270B0013954400E7
:109E700019469305F00F3E959770FE1FE78040D876
:109E800009E9850493F4F40F83C70A00E3EEF4FCB8
:109E9000BE8423009A00938441999C2003C7519962
:109EA00063F0E71418403DEB1947B387E7024A8691
:109EB000C1459387072033C50708EFC04EB8130686
:109EC00000039305F00F0A859770FE1FE78000C01E
:109ED00088209D670A863E95930500033345050853
:109EE000EFC0EEB59C2003A5C19941469207CA85F3
:109EF0003E959770FE1FE780E0B62320340103C52E
:109F00002181EFC08EAE0145B640264496440649F5
:109F1000F259625AD25A425B61618280104701470E
:109F200019CE19473385E702F1451305152033454E
:109F30000508EFC0CEB01C40054723A407001C4015
:109F4000904B39CE88209947F1453305F50213052A
:109F5000252033450508EFC08EAE1C40D04B23A80A
:109F6000070029E2D04741DE88201949C145330561
:109F700025031305452033450508EFC04EAC882066
:109F80001C40914533052503D04741061305552054
:109F900033450508EFC0AEAA1C4023A6070085B7CD
:109FA000D04B05C288209947C1453305F5021305FA
:109FB000352033450508EFC08EA81C4023AA0700B2
:109FC00055B7D04755F205FF83C7819999C3EFF084
:109FD000BFAA83C7719999C3EFF0BFAFEFF09FB7E6
:109FE00005451DB70111994722CC3304F50226CA55
:109FF0000A86AE84C14506CE130404203344040807
:10A000002285EFB0BEFD19C50145F2406244D2443D
:10A010000561828019469305F00F0A859770FE1F2F
:10A02000E78000BE75F138869377D70F89C49377A0
:10A03000F70F93E72700630CF7000A86C1452285D6
:10A040007C86EFC0CE9F03C52181EFC00E9A0545E7
:10A050006DBF411122C426C206C601450144938446
:10A0600051999C206373F40011C5B240224492447C
:10A070004101828022850504EFF07F8E1374F40F76
:10A08000CDB783C75199637EF502011122CC06CE6C
:10A090002E8485C599473305F5020A86C145130507
:10A0A000052033450508EFB07EF301E919468A859E
:10A0B00022859770FE1FE780E09AF24062440561B6
:10A0C000828082809947B307F5021D71A2CCCEC66B
:10A0D0003284AE890A86C145A6CA86CE93870720F8
:10A0E000CAC8AA8433C50708EFB05EEF11C9014999
:10A0F000F6406644D644B6494A8546492561828081
:10A1000019469305F00F0A859770FE1FE78040AF50
:10A1100079FD9D67BE941008930500032685EFB076
:10A12000FEEB2A8919C10549E1B70808EFF06FF67F
:10A130006394090413060003814508089770FE1F05
:10A14000E78000AC6DF113060003814508089770A5
:10A15000FE1FE780A097854708082384F19AEFF057
:10A160004FF31008930500032685EFC04E8D03C5FD
:10A170002181EFC08E8745BF1C083E87162363856B
:10A18000360311079400E31BD7FE3DD09A2311C775
:10A1900091079800E39CE7FEA1BFB8232390370105
:10A1A000E30387F8A0A345BF3C23E38E87F620A3F3
:10A1B0005DF02310070045B7011126CA4AC84EC6F4
:10A1C00006CE22CC52C497C9FE1F9389A9CC03C5E1
:10A1D000E900FD57930520041205238EF19A93841C
:10A1E000C199A38A019823AE01989780FE1FE7804A
:10A1F000603488C01389519905C183C7E9000144BF
:10A200002300F900834709006360F40C83A78900E9
:10A21000638B070E23860198834709000544414656
:10A22000814517C5FE1F1305650F238AF198A38B7F
:10A23000818023A80198A38D019A238D019A97709C
:10A24000FE1FE780A088930470074146814517C52B
:10A25000FE1F1305A50B238C919A238B8180A38C61
:10A26000019A23AA019A2389019AA389019AA388B2
:10A27000019A9770FE1FE78060852388919A23A634
:10A28000019AA384019A9547A38AF180C147238A42
:10A29000F1802384019A8947A389F180F2402389C0
:10A2A0008180A388818023888180624423A2019ACF
:10A2B00023A0019A238C0198238B0198D244424910
:10A2C000B249224A056182808840131A4400194627
:10A2D0009305F00F52959760FE1FE780207F88401E
:10A2E00019469305F00F529519059760FE1FE780F8
:10A2F000E07D9C4005041374F40FD2972396070069
:10A300002387070001B7930700F82386F19829B740
:10A310001971A6DACAD8CED6D2D4D6D286DEA2DCBD
:10A320008144938951991389C199194A9D6A83C7B8
:10A33000090063E3F40203C52181EFB01EEB83C77C
:10A340000900F6506654238AF198D6544659B659F6
:10A35000265A965A09618280032509001394440005
:10A36000194622959305F00F9760FE1FE78000764F
:10A370000325090019469305F00F229519059760EA
:10A38000FE1FE780A0748327090041469305F00F64
:10A39000A2973384440323960700238707004800CD
:10A3A0009760FE1FE780807271469305F00F4808A2
:10A3B0009760FE1FE7808071130600039305F00F7E
:10A3C00008189760FE1FE78060703344040850004F
:10A3D000C1451305042033450508EFB05EE650087B
:10A3E000F1451305142033450508EFB05EE550082C
:10A3F000F1451305242033450508EFB05EE450080D
:10A40000C1451305342033450508EFB05EE350081D
:10A41000C1451305442033450508EFB05EE25008FE
:10A4200091451305542033450508EFB05EE13385AF
:10A43000540110189305000385043345050893F46F
:10A44000F40FEFB0DEDFE5B5411122C4930705C07C
:10A4500006C6130720022E84B3C70708636EF70CE5
:10A460001787000013070787B3C7E7209C43BA97F5
:10A47000828783C771811CA08147B24022443E85F8
:10A480004101828083C7919B93D72748EDB783C74B
:10A49000B19BD5B783C7A19BF9BF414697C5FE1FA6
:10A4A0009385C5E722859760FE1FE780A05BE9B72B
:10A4B00083C7919B858BC1B783C7819B6DBF83A7E2
:10A4C000419B1CC055BF83C7618175B783C7219B62
:10A4D00065BF83C7319B45B783C7119B69BF4146A1
:10A4E00097C5FE1F938585E275BF83C7219BD9B7AA
:10A4F00083C7019B49B783A7C19AE1B783C7919AE4
:10A500009DBF83C7518185BF83C74181ADB783C7D5
:10A51000819995B783C77199B9BFEFF02FBC08A097
:10A52000A1BF83C7018181BF83C7919B93D7374860
:10A5300099B783C7219BDDBF130700048947E36EEA
:10A54000A7F2EFC03EC80AA005BF011106CE22CC7B
:10A5500026CA4AC84EC652C4EFD0AE8C3DED03C7E2
:10A56000619985472A8493845199630CF702138972
:10A57000C199054A9C206370F4048327090093194C
:10A580004400CE97FC27639A47012285EFF02FBD48
:10A5900083270900CE972387070005041374F40F5F
:10A5A000D1BFEFF01FAB9820238B019883A7C199EF
:10A5B000B907631DE400EFB07EEE6244F240D2447E
:10A5C0004249B249224A05616FF04FDB05042380FE
:10A5D00007001374F40FC107E9BFF2406244D2448C
:10A5E0004249B249224A0561828079714AD04ECEF1
:10A5F00052CC06D622D426D256CA9389519989477D
:10A6000003C409002E8A3289630AF50663F1A702A2
:10A610008D478144994A630AF506B2502285225437
:10A6200092540259F249624AD24A456182802E858B
:10A63000EFF00FFA83C709002A84E370F5FEE30EFA
:10A6400009FC1946D2854A859760FE1FE780804144
:10A65000E9B703A50A009397440019463E95D285B1
:10A6600019059760FE1FE780805129ED850493F45A
:10A67000F40F03C40900E3EE84FC45B78144938AD8
:10A68000C199C5BF850493F4F40F03C40900E3F630
:10A6900084F8338554030A86C145130535203345B4
:10A6A0000508EFB0BE9379FD41469305F00F0A858A
:10A6B0009760FE1FE780C05471F5D2850A85EFC010
:10A6C0003EB869F183C7090063E4F4002684B1B79A
:10A6D000E30E09FECA852685EFF0BF9AC5BF7971E2
:10A6E00026D206D622D44AD0AA8402CC231E010048
:10A6F0009780FE1FE780A05F0DCD1389618103471E
:10A70000090089476307F702930565002A844831E9
:10A710003008EFF09FED83C751996372F5022AC6A6
:10A72000EFF04F99B2452A860547A1462685EFF0FE
:10A730006FCFB250225492540259456182808347B0
:10A74000090091E795452685EFC0DEEADDB70547AC
:10A75000E391E7FE4C3001462685EFF06FD3D1BF81
:10A760000111C16726CA06CE22CC4AC84EC6FD17C3
:10A77000AE846309F5069780FE1FE78040572A8460
:10A78000514929C993056500483101465549EFF003
:10A79000DFE583C751996376F500A685EFF09F84C6
:10A7A00001498DC82285EFF04FC72DA0A6852285CF
:10A7B000EFF05F8311C1014905041374F40F83C7DF
:10A7C0000900E365F4FE99C417F5FFFF130525455D
:10A7D000EF003F9DF2406244D244B2494A8542496B
:10A7E000056182800144554993895199C9BF01117E
:10A7F000C1674AC84EC606CE22CC26CA52C4FD172F
:10A800002E89B2896300F5069780FE1FE780204EEF
:10A81000D14421C19305650048310146D544EFF08C
:10A82000DFDC83C751996376F5024E86CA85EFF067
:10A830007F89814439A84E86CA852285EFF09F889A
:10A8400011C1814405041374F40F83470A00E364C3
:10A85000F4FEF24062444249B249224A2685D2447B
:10A86000056182800144D544138A5199F9BF411191
:10A8700022C42A8406C6EFF03F94238E819A224494
:10A88000B24041016FF08FAF1D7186CEA2CCA6CA37
:10A89000CAC8CEC6D2C4D6C2EF40FFA783C71181B3
:10A8A00099CB0144138A51991389C199994A8347D5
:10A8B0000A00636BF400F6406644D6444649B64944
:10A8C000264A964A2561828003250900931944008F
:10A8D00019469305F00F4E959760FE1FE7804032B2
:10A8E00029E9B30454035010F145B3C40408138597
:10A8F000142033450508EFB06EEE05ED0347F10374
:10A900009307F00F6317F7025000C14513853420F9
:10A9100033450508EFB08EEC5008C1450945EFB04E
:10A92000EEEB8325090054085000CE95E835EF4042
:10A930005F9E05041374F40F9DBF5D71A6C2CAC06B
:10A94000930705C086C6A2C44EDE52DC56DA5AD83A
:10A95000130720022A89B284B3C707086368F74E39
:10A96000177700001307C73FB3C7E7209C43BA9788
:10A970008287854761446393F5021C220947636F10
:10A98000F700A38BF180014411A8854761446397C8
:10A99000F50014221387919B63FAD50CB6402285EB
:10A9A000264496440649F259625AD25A425B616182
:10A9B000828085476144E393F5FE1C221147E36FD3
:10A9C000F7FCA38DF19AC1B785476144E398F5FC84
:10A9D0001C22E3E5F5FC238DF19A75B7C14761446C
:10A9E000E39EF5FA4146A68517C5FE1F130505939C
:10A9F0009760FE1FE780000779B785476144E39FB2
:10AA0000F5F814221387919BE3EAD5F81C236381A0
:10AA1000062093E71700B9A885476144E390F5F84D
:10AA20001C22238CF19A85B791476144E398F5F68F
:10AA30001842B7470F009387F723E3E1E7F623AA0D
:10AA4000E19A91B785476144E39AF5F41C220947DE
:10AA5000E366F7F4238BF1803DB785476144E39FBC
:10AA6000F5F21422E3ECD5F21387219B1C2389C64F
:10AA700093E747001CA301BFED9BEDBF85476144F1
:10AA8000E39EF5F01C221147E36AF7F0A389F19ADF
:10AA9000DDBD85476144E393F5F01C22E3E0F5F06A
:10AAA000A388F19ACDB5C1476144E399F5EE4146DB
:10AAB000A68517C5FE1F130565851DBF8547614423
:10AAC000E39EF5EC1422E3EBD5EC1387219B3DBF0D
:10AAD00085476144E394F5EC1C222388F19A65B51F
:10AAE00091476144E39CF5EA1842B7470F0093870A
:10AAF000F723E3E5E7EA23A6E19A71B56144E39F12
:10AB000005E8EFC01EB201E9EFF0AFD4EFB01E9937
:10AB1000EFF0CF868DBD8547238BF198ADB59D476E
:10AB20006144E39DF5E6938514001946680097603B
:10AB3000FE1FE78020F3882050086C00EFF0FFAA8A
:10AB400083C75199AA840944E37AF5E44808EF00E1
:10AB5000AFC52A8409E92685EFE07FE0EFB01E94B7
:10AB6000EFF0CF8125BD83A7C1999204A697054731
:10AB7000F8A7594425B59D47639EF5081946938566
:10AB8000140068009760FE1FE780C0ED8820014632
:10AB90006C00EFF09FA583C751996377F50499473F
:10ABA000B304F5025008F14593841420B3C404089B
:10ABB0002685EFB0AEC22A8415E51307A04193079E
:10ABC000F00F6313E90085475008F1452685A30778
:10ABD000F102EFB0CEE603C52181EFB00EE1EFF058
:10ABE000BFCA6DBB0944E5BF83C7C1980944E38769
:10ABF00007DA1387B1989306A0411C23631AD90082
:10AC000093E717001CA31D46A68513854198CDB375
:10AC1000F99B8DB585476144E392F5D81387B198C8
:10AC20009306A0411C236315D50093E7270099B52F
:10AC3000F59B89B5A3880180EFF01FC5A9B38547AF
:10AC4000A388F1800144138951999949130AF00F9F
:10AC5000FD5A138B218183470900E37FF4FCB30481
:10AC600034035008F14593841420B3C404082685A6
:10AC7000EFB0CEB605E18347F102638D470150087E
:10AC8000F1452685A3075103EFB06EDB03450B00AA
:10AC9000EFB0AED505041374F40F75BF854761445A
:10ACA000E39EF5CE1C22E3EBF5CEA384F19AE1B945
:10ACB00085476144E394F5CE1C222547E360F7CE37
:10ACC000A38AF180C9B185476144E399F5CC182284
:10ACD000A546930797FF93F7F70FE3E1F6CC238A96
:10ACE000E18055B185476144E39AF5CA138781999C
:10ACF0001C2214231CA3E39806C8E396B7C809BD19
:10AD000085476144E39CF5C8138471991C2218207F
:10AD10001CA009E76394B700EFE05FE60820EF406E
:10AD2000CFDF95B185476144E39AF5C61C220D47F4
:10AD3000E366F7C6A389F180B9B185476144E39F13
:10AD4000F5C41C222389F1803DB90545EFB0EEC959
:10AD50001DB985476144E393F5C41C222388F18023
:10AD60001DB1930740026144E39AF5C28830014661
:10AD700093852400EFF07F8783C751996364F500C2
:10AD8000094429B999473305F5029820A147334969
:10AD90000508631FF702130929205008F1453349BC
:10ADA00009084A85EFB08EA32A8415E593858400AF
:10ADB00048086D469760FE1FE780C0CA5008F145FD
:10ADC0004A85EFB0CEC703C52181EFB00EC2F9B6F8
:10ADD00013091920D9B70544D1B617B7FE1F035779
:10ADE000670C930740046D44E3FAE7BA8547614472
:10ADF000E396F5BA1C22E3E3F5BA81CF83A7019865
:10AE00005544E38D07B81387919B1C2393E7870074
:10AE100095B11387919B1C23DD9BA9B917B7FE1F22
:10AE200003574708930740046D44E3F9E7B68547A5
:10AE30006144E395F5B61C22E3E2F5B6F9DB83A79E
:10AE4000019855441387219BE9F389BE93070004B9
:10AE5000E3E827F38947E395F5F226448E20B640D0
:10AE60009644F259625AD25A425B4A850649616158
:10AE70006FC0FE83797106D622D426D23C21514779
:10AE8000E91793F7F70F6367F704177700001307C5
:10AE9000E7F5B3C7E7209C432A84BA978287262523
:10AEA00050255435268532C636C49780FE1FE7806C
:10AEB00000E4AA8705C1D827A147A2463246130558
:10AEC0003400631EF70283A7019AA68599CB9C43A1
:10AED00089CB82978544B25022542685925445618D
:10AEE000828003A5C19AEFC0CEAF6DD59307E00F66
:10AEF000E302F5FE85452685EFC0CEEFE1BF83A7CF
:10AF0000419AA68599C39C43E9F703A5419BE1BFFC
:10AF10002E252E852EC49780FE1FE78040DDAA8750
:10AF200055D9D827A147A245130534001306C400FC
:10AF30009306C4016319F70083A7019AC1DF9C47F8
:10AF4000D1DB829741BF83A7419ACDBF10314DEE2F
:10AF50007C21858BCDCB83A70199D5E781454146DF
:10AF600008089760FE1FE78060B64C48A5C5FC291D
:10AF70001946C105A30FF10008089760FE1FE7807E
:10AF800060AEB8867C2093D72748D98FFC86EFE047
:10AF9000FF9483C75199639FA70083C7018199C319
:10AFA000EFF00FB797B7FE1F83A7C7F181C785459D
:10AFB00021458297EFE09F92A2850808EFE07FE6A7
:10AFC000AA841DE5894503C5C19B9780FE1FE780C4
:10AFD00000C611B74A209780FE1FE78040D1E30BDF
:10AFE00005EE5C31194693056500A30FF10069B7C2
:10AFF00010304A208545EFE07FD955468D454A20DF
:10B00000EFE0DFD8C1BD01468545D5BF183099476F
:10B010004A216318F7029780FE1FE78040CDAA847B
:10B020000DC183C7318109476386E7020D47638DF0
:10B03000E70005476397E7004C314A200146EFE0FF
:10B040003FC51030894565BF014681451305004164
:10B05000EFF0BF8E4E2088201546EFC0CEDCD5B76E
:10B060009305450028310146EFF02FD883C7519949
:10B07000E372F5E699473305F5021306C4009145DE
:10B080001305552033450508EFB06E9B03C521819C
:10B09000EFB0AE9581B583C7919A4A2181C783C528
:10B0A000518199BD83C7718199E39545B1B5978069
:10B0B000FE1FE780C0C3AA84E30E05E03C244831AC
:10B0C000858B85C7854763F2A7025E2493F7072027
:10B0D00089EF100893856400EFF02FD183C7519951
:10B0E0006395A7004A208D4501BDCC304A20130648
:10B0F0008400EFE0FFB90146814511B74A21EFF026
:10B100000FDEC9BB4A21EFF04FC4138771811C23A6
:10B1100093F7F7071CA37DBB797126D206D622D4FC
:10B120004AD04ECE52CCAE849397556063D907086F
:10B1300003C5C19B9760FE1FE780C0892A8431C187
:10B140001C211307100B6389E7041307000D6384A8
:10B15000E7021307000B6393E7025821F9476316D0
:10B16000F7002A218145EFF0AFDF4C201305840062
:10B17000EF00906A21A0EFF0FFCF01C52285EFA07C
:10B18000CEA71394F468B2502285225492540259E7
:10B19000F249624A456182805C21EDF312256E21FD
:10B1A0002A212384019AEFF08FE483C7819AF9D78B
:10B1B00003C521812384019AEFB02E83C1B793F791
:10B1C000250095C381450145EFE0BFC59387C19B2D
:10B1D000894511C18545882313C424009780FE1F2B
:10B1E000E780E0A44DB793F71500DDCB13890199F3
:10B1F000832709001384C19703DA47001C4081EFBD
:10B20000C16513878197894613860185FD1505451C
:10B21000EF10302A08C00C4093C4140085E983273E
:10B22000090001468545CA2333C40408EFE01FB670
:10B230008327090001468D45CA23EFE03FB503C5CA
:10B240002181EFA09EFAEFE0EFEE35BF9389819761
:10B2500003D609009308F00F094881471307E1005E
:10B2600074005285EF10706E01E9308611C61C40E3
:10B270005285AE27EFF0AFD7084003D60900C1656D
:10B280008146FD15EF10F06108C033C4040841D9B0
:10B29000854503C5C19B9780FE1FE7804099E5B5B2
:10B2A00013F44500E30104EE13C44500E9BD939790
:10B2B000556063D20706411103C5419F22C426C2CF
:10B2C00006C6AE849750FE1FE780C0702A840DCD5D
:10B2D00018219307000D6316F7023C2181EF1C3102
:10B2E00091EB9305350019461385C19D9750FE1FBC
:10B2F000E780407783A7019C89C79C4399C3228537
:10B3000082972285EFA06E8FB24022441395F46895
:10B310009244410182800145828019C123A0A19CF1
:10B3200081470147814603C6E19C894503C5419F8A
:10B330006F00F0060111C88683C7419F680006CEE2
:10B340005C864C87D087EFD0BE84F2400561828056
:10B3500003C5419F6FD05E80411126C206C622C43C
:10B360009384419F80209307F00F6308F4006145A8
:10B37000B240224492444101828017050000130527
:10B3800045F3EFA03E8288A0E30385FE23A0019C45
:10B390008947A386F19EEFB01EEA0145D1BF17B7DA
:10B3A000FE1F1307A7CAFD575CB37CA3A386019EAB
:10B3B00005472386E19E23A2019E19472395E19C20
:10B3C0000567130707C82394E19C2386F19C8D47EA
:10B3D0002387019CA386019CA384F19E2384F19E74
:10B3E000194681451385419D1753FE1F6700036E63
:10B3F000411122C4930705D006C65D472E84B3C70A
:10B4000007086367F70C17770000130767A3B3C734
:10B41000E7209C43BA97828783C7D19E1CA019A8B6
:10B42000414697B5FE1F938565F122859750FE1F13
:10B43000E78040638147B24022443E8541018280DB
:10B44000414697B5FE1F938565EEC5B783A7419E1C
:10B450009CC1CDB719469385C19DC1BF83C7C19E0D
:10B4600075BF2E85EFD0DED7F1B72E85EFD07ED910
:10B47000D1B783C7B19D5DB783C7A19D45B71946B5
:10B480009385419D5DB783C7019D49BF83C7F19CEB
:10B4900071B783A7019F59B783C7E19C41B783D791
:10B4A000A19C1EA041BF83D7819CE5BF83C7919E0D
:10B4B000B5B783C7819E9DB72E85EFD07ED79DBF40
:10B4C00083C7B19E93F7F70791BF83C7A19EB9B712
:10B4D000130700048947E360A7F6EFB0BECE0AA0C9
:10B4E00091BF011122CC41462A84AA850A8506CE45
:10B4F0009750FE1FE7800057282093053400EFB0D7
:10B50000AEB348810A85EF307FE7F24062440561BF
:10B5100082806F30FFE6411106C6EF903FB417F509
:10B52000FEFF13052582EFA0EEE7EFE02EEE17C534
:10B53000FEFF1305C522EFA0EEE6EFC0EE9D171546
:10B540000000130505B2EFA0EEE5EF00B02E1715D1
:10B55000FFFF130545C2EFA0EEE4EF009FD51705EE
:10B5600000001305A5BBEFA0EEE3EFF04FB01725E9
:10B57000000013056579EFA0EEE2EF208075B24080
:10B5800041016FF07FDD83A701A003A7819F0145E3
:10B590006313F7008280F62399E2D62336959C4305
:10B5A000C5BF17B7FE1F1307E78E1C435A2341116F
:10B5B00093860711E117BA97856523A0D1A023AC24
:10B5C000F19E06C69D051356370063F4E500130689
:10B5D00000203387C60023AEE19E611698C2D2A236
:10B5E000239306001CC3998FE1175EA32313070062
:10B5F000EFF07FF9B24097B7FE1F239CA786410169
:10B60000828083A701A003A7819F01456313F700F0
:10B610008280F62381E6D6233375D50A9C43FDB795
:10B620009821937625009377D70F99C293672700C7
:10B6300093F6F707131745606354070093E607086E
:10B640001378850093F7760F6304080093E786006C
:10B650009376050299CE93E707029CA163570700F2
:10B660001C2293E7C7001CA282801375A5026DF906
:10B67000828093F7F7FD9CA1E34407FE9377A50230
:10B68000E5F37DF11C22CD9BF9BF2D45631C07100E
:10B69000011126CA4AC84EC606CE22CC9821BE89C0
:10B6A00089472E89B684631EF704DC4132849833BF
:10B6B00094232207558F8D66938746A013165760F3
:10B6C00063C9C7029386F69F63DDC602F577938749
:10B6D000F75F3E978D47C8453347070863E7E702A2
:10B6E000976600009386C67B3347D7201C43B697E6
:10B6F0008287938766AA630EF608938686B8630FDF
:10B70000D60823900400054525A09750FE1FE7802A
:10B71000003F334605083356360B92A08325C900F7
:10B720001DA01E2109479AA01CA0A1831CB00145A1
:10B73000F2406244D2444249B2490561828099474D
:10B740009EA01946AA8522859750FE1FE78080316A
:10B75000F9BF85479EA01C211CA0D1BF05C9A147E8
:10B760009EA01E211CA01E21A1831CB03E213CA036
:10B770003E21A1833CB05E215CA05E21A1835CB030
:10B780007E217CA07E21A1837CB055B7239004004C
:10B7900079BF85479EA0DC459C237DBFE1479EA0E5
:10B7A0006146ADBF8280797122D44AD006D626D2B6
:10B7B0004ECE52CC56CA3A89982189472E84631DB1
:10B7C000F7025C40B684B28503C8170094238D67E6
:10B7D00022083368D800938627A0131858606301A5
:10B7E000D8102A8A63CC0601938607A0630BD8027F
:10B7F000938717A0630CF808854711A8138737A013
:10B800006309E80A138767AA8D47E317E8FEB25079
:10B81000225492540259F249624AD24A3E85456105
:10B820008280484432C69750FE1FE780402D9D47D6
:10B8300033450508E36D25FD938A41A183C70A00BE
:10B84000B3099900B24563D43701B547C9B7484435
:10B850002686B3C909084A959750FE1FE7808020C5
:10B8600003C60A00484481450506330636414E9515
:10B870009750FE1FE780802583A781A199E3814728
:10B8800079B79C438145E5DF528515A0AD47E310AC
:10B8900009F8E39CE4FA1C321822A207D98F584415
:10B8A0001EA383A781A1E1DF9C438545E9DB829745
:10B8B000F9B703C7F1A08D4739DBAD47E31909F4A8
:10B8C0009947E394F4F8484419469750FE1FE780DF
:10B8D000601983A781A1C5D79C43D5D38D456DB78A
:10B8E00003C7A182218B8D471DD3AD47E31109F218
:10B8F0008547E39CF4F4182293070008E3E9E4F099
:10B900005C4498A3ADBF411122C40944A38681823F
:10B91000A38581822385818223AC01A0238201A09B
:10B92000238A01A0239901A0A38701A0A14719465A
:10B930008145138581A006C6A384F1829750FE1F1E
:10B94000E780C01823848182B707A0001387018293
:10B95000938707051CC3B707E8035CC3238E818068
:10B9600085476146814517B5FE1F130525B1A38D97
:10B97000F180238D8180A38C8180238301A0975047
:10B98000FE1FE780A01413060013814517B5FE1FA4
:10B990001305C59B238C8180A38201A09750FE1FB5
:10B9A000E780C0129787FE1F9387475AB240224410
:10B9B000170700001307A7CD98C317070000130748
:10B9C000C7DED8C323A4070041018280797122D445
:10B9D00026D206D64AD04ECE52CCA1472E84B2846F
:10B9E00063EBA700176700001307874C3345E5207A
:10B9F0001C41BA97828793071008630CF51863EC13
:10BA0000A70093072004630AF51493070008630D49
:10BA1000F514094581A093072008E31CF5FE85472E
:10BA20006399F50208229377250085E783C7E1A093
:10BA30001387F7FF97B5FE1F93854591120792076D
:10BA40002E97A1075047BE9591A29307800F63FBE5
:10BA5000B7006145B250225492540259F249624AE9
:10BA600045618280138AC18283470A0017B9FE1F8D
:10BA70001309C98D9207CA97C84719C59770FE1F49
:10BA8000E780A0B7238A01A0130614001376F60FEF
:10BA9000916593850571328583490A0032C6977096
:10BAA000FE1FE78020A983470A009209CA999207DE
:10BAB00023A6A900CA97C84749DD32468145975059
:10BAC000FE1FE780A00083470A002286A685920712
:10BAD0003E990325C9009750FE1FE780A0F8238AEE
:10BAE00081A0014585BF8947E395F5F61E2223997C
:10BAF000F1A0C5BF8547E39EF5F41C22A387F1A002
:10BB0000CDB79947E397F5F41946A685138581A02B
:10BB10009750FE1FE78000F5E9B7A147E39BF5F2D8
:10BB20002146A68513850182E5B78547E393F5F2A3
:10BB30001C22A38DF18075B7E147E39CF5F06146C7
:10BB4000A68517B5FE1F13056593D9B78547E39200
:10BB5000F5F01C22A382F1A069B78547E39BF5EEBF
:10BB60001C222385F182B5BF8547E394F5EE83C798
:10BB7000C1821387F7FF97A5FE1F9385257D1207C6
:10BB80002E97920750478820A107BE95EFF05FA936
:10BB900089BF8547E39FF5EA83C701A1D9BF01119A
:10BBA000FD1522CC06CE328426CA3E864AC813F83A
:10BBB000F50FAD4763E8070B3A89176700001307D5
:10BBC00067313348E82083270800B684BA97828714
:10BBD0008545EFA03EC101E5EFD05EAC0145F240E6
:10BBE0006244D2444249056182808945EFA09EBFEC
:10BBF0007DF52285EFD04E8ED5B7914532C6EFA0A8
:10BC00007EBE324669FDCA852685EFA05EB4EFD0C0
:10BC1000FEA8EFD0CEE4EF00EFE7C9B7A14532C6EA
:10BC2000EFA05EBC324645FDCA852685EFA03EB238
:10BC30002285EFD06E8AEFD02E82EF00CFE379BF5E
:10BC4000B14532C6EFA01EBA324651F9CA852685E3
:10BC5000EFA0FEAF2285EFD02E88EFC0FEFFEF00F1
:10BC60008FE175B70945A5BF7547AA876365B70218
:10BC7000114701456378B702ED1593F5F50F61475C
:10BC80006361B702976600009386C627B3C5D520C7
:10BC900098413697028793F5F50713072005638AC5
:10BCA000E50001458280C8478280884382808847BA
:10BCB0008280C84382809307F00F630FF50601115D
:10BCC00026CAAA841305000222CC4AC84EC652C412
:10BCD00056C206CE2E8AB28AB6893A899750FE1F7E
:10BCE000E78020C92A844D450DC8930700FB1CA09E
:10BCF000A3005401231144012302340113058400DD
:10BD0000614663050902CA859750FE1FE78080D50A
:10BD1000A2852685EF908EF30145F2406244D2441D
:10BD20004249B249224A924A056182808145975030
:10BD3000FE1FE780A0D9E9BF09458280011122CC0E
:10BD400006CE2A844C86D0869770FE1FE78020FAA4
:10BD50000DC15425214797A7FE1F9387272F639E68
:10BD6000E600E82378009306E0070146A285EFF09D
:10BD70009FF4F240624405618280C83378009306E4
:10BD8000E0070146A285E5B7930700643306F60293
:10BD90006F905EA215C1411122C406C62A840821F3
:10BDA0009307D00F63E6A700EF90DEBDFD571CA000
:10BDB000B24022444101828082801A219307000B05
:10BDC0006310F7025C214947639AE70018398547F9
:10BDD0006398E7002A2185456FD0FED36D47CDBF1C
:10BDE0008280011122CC26CA4AC806CE2A84AE849B
:10BDF000328936C69770FE1FE78060EF15C950255F
:10BE0000A146324797A7FE1F93874724631DD6009C
:10BE1000E823CA862686A2856244F240D24442497B
:10BE200005616FF05FE9C833CA862686A285EDB743
:10BE3000F2406244D244424905450561828023AE06
:10BE4000A1A08280011122CC26CA06CE2A84AE840B
:10BE50009770FE1FE780A0E9A6852285EF3050127B
:10BE600005E9228564869770FE1FE78040E80DC1D2
:10BE70005425214797A7FE1F9387471D639FE60020
:10BE8000E82378009306F0070146A285EFF0BFE2B1
:10BE9000F2406244D24405618280C833DDB77971D3
:10BEA00022D44AD0AE8706D6BA8526D24ECE754762
:10BEB000328436896364F7042147636CF7001547C1
:10BEC0006388E7021947638DE708C167FD1785445A
:10BED0001DA037061400DD1713060620B317F0283F
:10BEE0007D8E49EE19677D8F25EB93F71710F1DFF3
:10BEF000C167FD1789446316F40221A813F7F707F9
:10BF000093062005E313D7FC41677D17631EE60403
:10BF10008D442EC6EF30900AB24533049540334429
:10BF200004083385840033450508EFD05ECBAA872B
:10BF3000B3C9040821C963040900231089002254ED
:10BF4000B25092540259B3053041F2493E854561E1
:10BF50001763FE1F6700A376C167FD17954461BF95
:10BF6000C167FD179D4441BF1307200D8D44E39A1F
:10BF7000E7FA1304C6003344040865B7C167FD1728
:10BF80008D4495BFB250225492540259F2494561F2
:10BF9000828079714ECEAE89C16526D20147AA84CE
:10BFA00089461386C184FD15054522D406D64AD09C
:10BFB000EF003050054429C92A8913073002814611
:10BFC0001146F5452685EFF09FED2AC655440DCD67
:10BFD0000357A900CE860146788411477885054726
:10BFE00018A1B2472C002685A38007003247FD57D1
:10BFF0003CA332473CB3EF0010412A8411C53245BF
:10C000009760FE1FE780605FB250228522549254F1
:10C010000259F24945618280411106C6EFF0DFC442
:10C0200019C5B24041011763FE1F6700035DB240AE
:10C0300041018280011106CE2AC6EF30805F324571
:10C04000914523A001A223AE01A097A7FE1FA38FB5
:10C05000A7FEEFD0BEB4F24005616F109038797141
:10C060004AD006D622D426D201499397556063D888
:10C07000070417A5FE1F034575FD2E899750FE1F67
:10C08000E78040952A844DC518219307000A631E56
:10C09000F70885474C08DC85EF300066AA841DC58B
:10C0A0009C8599C7084409C59760FE1FE780E05446
:10C0B0002A208545EFD03EA6CD476398F406B250BE
:10C0C000225492544A850259456182808347610116
:10C0D00091CF71476361F7064D476376F706938604
:10C0E000C7FE130730143357D74831CF03A7C1A178
:10C0F00001C7034751013DC79C8599C7084409C53D
:10C100009760FE1FE780604F5247B7070001938793
:10C1100007F07D8FB7071200938707106307F700BA
:10C1200003476101ED47630EF7082285EF90EEACFF
:10C130001319F96869B7138717FE1377F70F93067A
:10C140000002E3F5E6FA858B8DCB83A701A2B5C388
:10C150002A201306B1004C0882979C85AA84BDE76B
:10C16000C5D4B9B75C8699472308F1002A206C0032
:10C1700023170100EF30007641B783A7C1A185CB1B
:10C180002A201306B1004C088297AA8435D583472C
:10C190005101E39707F023089100834761012A20AA
:10C1A0006C005C8623170100EF30C072D5BD994446
:10C1B000F9BF9C8599C7084409C59760FE1FE780B1
:10C1C000C0432A208545EFD01E9585B7084449D93C
:10C1D0009760FE1FE780604261B70145828017A724
:10C1E000FE1F034737E7814763E4E700014582808C
:10C1F0009221938645006314A6002E8582808507D0
:10C20000B685DDB71DC5411122C406C63821930786
:10C21000D00F2A8463EBE7000E2128310147F9464D
:10C220005D46EFF05FA9F9573EA0B24022444101BC
:10C230008280828017A7FE1F0347D7E18147FD5602
:10C2400063E3E700828016A123010500850711053D
:10C25000C5BF014582809385D1839307000285463F
:10C260009CA1FD57238EF182A38DF182238DF18253
:10C27000239CD182239001A423AE01A223AC01A26E
:10C2800023AA01A213860183938701865CC22382BD
:10C2900001A29787FE1F9387E7CC094718A298A3AE
:10C2A00098AB2380E7022388E7021387018594A7D0
:10C2B000D0C794AFD8DB1385C1850D471386418560
:10C2C0009386C184238CE702C8C323950700D0CB93
:10C2D000239D0700CCCFD4D32384070223950702E4
:10C2E00023A60702239D070203A781A2D8DF978711
:10C2F000FE1F938767C6170700001307870B23A04D
:10C300000700D8C323A407008280411106C6EFF0BE
:10C310001FED09C52821B240410182800145E5BFDA
:10C32000411122C426C24AC006C6AA842E8932847C
:10C33000EFF0FFEAAA8711E94165CA857D15EFF0A4
:10C340001FEAAA87454581C786A3A0A30145B2403D
:10C350002244924402494101828021E30948354741
:10C36000639E0603011106CE22CC1822103222064B
:10C37000598E32C6B377F64085E7CC452A842EC461
:10C38000EFF0BFF832460147630EC50022856244D4
:10C39000A245F24005616FF0BFF82D473A858280D3
:10C3A00013070008F24062443A850561828083C821
:10C3B0000500094863910803DC4103C807009C336A
:10C3C000A207B3E707010D681308289063950701DA
:10C3D00089476FF09FF80545828001114EC606CE51
:10C3E00022CC26CA4AC89389B18303C709009307A0
:10C3F000F00F630FF7022A892945AE8432849740F3
:10C40000FE1FE7800057AA8505C59307100B1EA1E4
:10C410002302050002A562442311250166A1F24012
:10C4200003C50900D2444249B24905616F900E82AA
:10C43000F2406244D2444249B249056182804111CE
:10C4400026C2AE8483A581A222C406C62A84EFF048
:10C45000DFEB098909C922852244B240A6859244AE
:10C4600041016FF01FB3B24022449244054541019F
:10C470008280411122C426C24AC006C6AA8413047F
:10C4800045001309850B1E209DC3084409C597600C
:10C49000FE1FE78080162285314681459740FE1FAA
:10C4A000E780C0623104231A04FEE31E24FDB2407B
:10C4B0002244FD579EA0024992444101828097A6E2
:10C4C000FE1F83C636B983A701A301476394E60024
:10C4D000014582808E231386870B6394A5003E85D9
:10C4E000828005071377F70FB287CDB7AA8703A518
:10C4F00081A301C95A216314F700084582800841CD
:10C50000CDBF8280411106C6EFF05FFE09C5084528
:10C51000B240410182800145E5BF797122D4138484
:10C52000450026D24AD052CC5AC82E8A06D64ECEC4
:10C5300056CA5EC622892287014B814481468147C3
:10C54000BD45122345CAB5EE46233E23B286A697C3
:10C55000B3C70708050B3107E315BBFEADC49165F2
:10C560009385457026859760FE1FE780A0FCAA8B07
:10C5700039C90C44D1C9814A8149522033853B01D4
:10C580009740FE1FE780004E5E200844BE99B3C965
:10C5900009089760FE1FE780400663980A0031098A
:10C5A000854A832589004A84E9F9314681452285F7
:10C5B000850A9740FE1FE780605163826A05310952
:10C5C000CDB7630ED6000145B250225492540259A1
:10C5D000F249624AD24A424BB24B456182803223D1
:10C5E000E313F6FE5223B294B297B3C40408B3C760
:10C5F00007088DB78547E3E367F70545F1B72326BD
:10C600007A0123149A00D5BF1309C400854A8149D1
:10C6100049BFAA8703A541A311E1828018453A27A3
:10C620006314F700110582800841FDB7411106C669
:10C63000EFF03FFE09C50A21B24041018280014569
:10C64000E5BF411106C6EFF0DFFC09C52821B24065
:10C65000410182804145E5BF411122C42A84090578
:10C6600006C6EFF02FF3FD573CB0B2402244410123
:10C670008280411122C4416406C626C29307E4FFAA
:10C680006301F502AA849DE19780FE1FE780408543
:10C6900009E91305F4FF9780FE1FE780608411C14C
:10C6A00006A1B240224492444101828085476392B0
:10C6B000F5049780FE1FE780A0822A847DD1FD5774
:10C6C0001EA13C201307F00F6382E7021307E00F5F
:10C6D0006389E70028300147F9465146A685EFF007
:10C6E0008FDD2285EFF05FF7FD573CA023020400A9
:10C6F0004DBF8947E397F5FA8545EFE0BEA455F1B4
:10C7000026859770FE1FE780A07D2A845DF951BFC2
:10C710005D71A2C4CAC086C6A6C24EDE52DC56DA1D
:10C720005AD82E84AC21F9472A896392F504977070
:10C73000FE1FE780E07A2A8405C138219307D00FD5
:10C7400063ECE70028310147F9460146CA85EFF05E
:10C750008FD62285EFF05FF00145B640264496441F
:10C760000649F259625AD25A425B61618280832A39
:10C770000400B7070001938707F037071200B3F7EB
:10C78000FA0013070710B28981446388E7022EC6B6
:10C790009770FE1FE780C074B245AA8419CD50215E
:10C7A00009CE93174660E3C907FA4A85EFF00FD91F
:10C7B000DC2093E707F8DCA045B7138AC183034761
:10C7C0000A009307F00F1945E309F7F8E147E3E69C
:10C7D000B7F893D71500FD17175700001307877E8A
:10C7E000B3E7E72003A80700E30908F603AB470017
:10C7F000E3050BF6B3CA0A0863850A00C947E39E3E
:10C80000F5F4562010440C3008203808029831F511
:10C810002C084A85029B1DCD183021F33820230AAD
:10C82000A100B9472308E1006314F702E247982307
:10C830009C33A207D98F0C084A85FC81EF30800910
:10C8400001DD14080546D9454A85EFF08FD931B787
:10C85000BC84D5B734209147E380F6F003450A0045
:10C8600038080146CA85EFF00FC5E31805EE2C2005
:10C870002808EFF06FBF19C1238009001840B707DF
:10C880000001938707F07D8FB70712009387071089
:10C89000E304F7ECE38204EC3C2031BF411122C4F5
:10C8A00006C62E849770FE1FE780806309C95C214D
:10C8B000138717006315E40093F707F85CA1B240F3
:10C8C000224441018280397152D42E8A4ED693057A
:10C8D000E100AA89528522DC4AD856D25AD05ECECF
:10C8E00006DE26DA3289368BBA8BBE8A9770FE1F37
:10C8F000E7804061054425C1AA8428873944EFF0C8
:10C90000FFBE31C90328450063070804D6875E8748
:10C91000DA864A86A6854E8502982A840DED93070D
:10C92000E00F638AFA02982089476316F702DC4019
:10C9300098239C33A207D98F0D6713072790639C18
:10C94000E7008347190003460900D285A2075D8EE0
:10C950004E85EFF09FA8F25022856254D25442597E
:10C96000B259225A925A025BF24B2161828079714C
:10C9700022D422214ECEAA89228556CA06D626D294
:10C980004AD052CC5AC85EC662C4AE8AEFF03FB3FA
:10C9900005E52285EF30E038594411E10144B250F9
:10C9A0002285225492540259F249624AD24A424B99
:10C9B000B24B224C4561828003C7890085476307DB
:10C9C000F700EFF01FAB03D52900E9B7AA85AA84C9
:10C9D00013858900EFF07FB42A8415CDFA209624C0
:10C9E000D044CE2003D52900E147EFF0DFEDD94751
:10C9F0002A846318F50023A604002685EFF07FA79C
:10CA000071BF19E1268575BFDE2026852390FA00C7
:10CA1000EFF03FA669B713894400014AB94B594C5E
:10CA20003D4B8355090085CDE14763077A010357E4
:10CA3000C900D94711E3E14703572900835649004C
:10CA40000326890003D52900EFF0FFE72A8463104D
:10CA5000850323240900050A3109E3146AFD2685AC
:10CA6000EFF03FA12DD0D947E31BF4F205BF65D508
:10CA7000835709002390FA00F9BF79714AD003590E
:10CA8000850022D426D22A84AE844A8593052101CA
:10CA900006D69770FE1FE780E04679C51C252AC69A
:10CAA00093F707029DC7A881EFF0DFA5B245AA87DB
:10CAB00011E9239024013945B2502254925402596D
:10CAC000456182802A204946829701C51E249EA086
:10CAD000E5B7035924004A85EFF07F9E01ED4165DB
:10CAE0007D15EFF0DF9D09E51E2425459EA0E9B7E1
:10CAF00023102501130745008147BD46122339EE57
:10CB00003147B387E7029305840031462EC691076B
:10CB10003E959740FE1FE780E0F4B2453146480855
:10CB20009740FE1FE78000F452242A2041478146A7
:10CB3000DD45EFF0CFB62ACE09E51E2445459EA07F
:10CB4000A5BF0C4852249740FE1FE780A0F12A2081
:10CB50004C08EF30C0182DD15945B9BF85073107B2
:10CB6000E39ED7F825459DB705458DB7797122D449
:10CB70002A840A254AD02E899305E1004ECE06D696
:10CB800026D2B2899770FE1FE780C0372DC91C25B9
:10CB9000AA8493F707028DEF18389307200511E355
:10CBA0005C20362450440E242A200147EFF0BFD1E8
:10CBB00021E11C38B9E32A20EF30A00EAA8759459D
:10CBC0008DCFB250225492540259F249456182806D
:10CBD0002887EFF03F93AA870DC52A204946A685EE
:10CBE00082975DD91E242310F9001C3899E7D1BF24
:10CBF000D947E319F5FE238009000145D9B705455A
:10CC0000D5B73945C5B7797122D44AD04ECE52CC6A
:10CC100056CA06D626D2AA892E8AB28A3689977033
:10CC2000FE1FE780E02B09440DC53C211307E00FF0
:10CC3000AA845D44638FE7001307F00F5944639A99
:10CC4000E70063920A02D2854E85EF30400E2A84B7
:10CC500021C1B2502285225492540259F249624AAB
:10CC6000D24A4561828003550A009305E1002317EB
:10CC700001009770FE1FE780E0282887EFF07F9C77
:10CC8000AA8505464E85EFE0EEAB2A844DDDD1B78F
:10CC90009307F00FE30FF9FA938624007946A685EF
:10CCA00017F5FFFF13054556EFF00F8EA381240102
:10CCB0004DB7797126D24ECE52CC56CA5AC85EC6EE
:10CCC00006D622D44AD062C466C2AA8A2E8BB28B00
:10CCD000368ABA8983A441A3B9C0804483DC440066
:10CCE0000149035CA400631499018440F5B73E2414
:10CCF00063F757010509410433490908EDB7E36BB0
:10CD0000FBFE63090A000C204840D2865E86EF20B5
:10CD1000D0166DD16384090023908901A284B2509A
:10CD200022540259F249624AD24A424BB24B224C37
:10CD3000924C26859254456182809A21B62185477E
:10CD400063E1E6041DCFD42101111386550022CCE6
:10CD50001385C1852E84894506CE32C6EF20F01199
:10CD6000C14719C9542032462E200A200147EFF04E
:10CD70005FF4A94711C18147F24062443E850561D5
:10CD800082803E8582802E860A22AE21854763E11D
:10CD9000A50219CD542241110147150606C6EFF030
:10CDA0005FF1A94711C18147B2403E8541018280B0
:10CDB0003E8582802E860A22AE21854763E1A50248
:10CDC00019CD542241110147150606C6EFF07FEE3A
:10CDD000A94711C18147B2403E85410182803E850D
:10CDE000828039714ED6BE2183D9050006DE22DC51
:10CDF00026DA4AD852D456D25AD05ECE62CC66CA0F
:10CE000063E437152A8A054563830912416BAE8AAC
:10CE10002314010002C6014401497D1B894B054CC6
:10CE2000C94C83D52A000147814601464E8523130C
:10CE30000100EFF01FE8AA8471C509EC1307200276
:10CE4000930661005A8695455285EFF04F852A84F6
:10CE5000630E050E38849C2025C71885630187055D
:10CE600041476394E70ABE244146130524001CA0F1
:10CE7000BE24A1831CB0CC409740FE1FE78080BE3B
:10CE800049043C848507B3C707087C8463FC2707F3
:10CE9000BE24638967078509B3C9090859B7639632
:10CEA0007707BE240946130524001CA0BE24A183D5
:10CEB0001CB0CC409740FE1FE780C0BA1104D1B728
:10CEC00022C603596100B82413052400638F77013B
:10CED000335999032305710118A0BE244146A1834B
:10CEE0001CB0CC401379F90F41BF2305810118A074
:10CEF000BE24135929001379F90FA1831CB0CC402B
:10CF000009464DBF3C8429459DC32C005285EF2026
:10CF1000702C09CD34001546D9455285EFE07FECE1
:10CF200011C532459750FE1FE780206D0145F25034
:10CF30006254D2544259B259225A925A025BF24B6D
:10CF4000624CD24C216182800545D5B74545C5B7B5
:10CF5000411122C406C626C293F705022A843285EF
:10CF600085C3EFF00FEEAA8505462285EFD09EFD22
:10CF700095476305F500BD476315F502214515A0EA
:10CF800093F78500B6849DC3EFF0AFEBAA85054605
:10CF90002285EFD03EFB09C59C3481C79C2491C3F8
:10CFA0000145B240224492444101828093974560FA
:10CFB00063D70700EFF0EFE8AA850146D1BF898962
:10CFC0000D45F9FDF9BF7971AE8622D42A848A22F3
:10CFD0009305E10106D636C69770FE1FE78080F202
:10CFE00011C90C2522852254B246B087B250456142
:10CFF0006FF01FF6B2502254054545618280411101
:10D0000022C406C693F705022A8432858DC3EFF049
:10D010004FE3AA8505462285EFD0DEF21547AA87A1
:10D020006305E5003D47631DE502A14715A893F799
:10D03000850099CBEFF0EFE0AA85054622852244D2
:10D04000B24041016FD01EF013974560635707004F
:10D05000EFF02FDFAA850146D5B7898991E18D4789
:10D06000B24022443E85410182807971AE8622D44D
:10D070002A848A229305E10136C606D69770FE1FE0
:10D08000E78040E8B24609C90C2522852254B087C2
:10D09000B25045616FF0BFF6B2502254054545616C
:10D0A00082803E257971416722D426D24AD04ECE65
:10D0B00006D6231701007D17AA8432843689814958
:10D0C000638DE7009420D040138517001307E1001B
:10D0D00033450508EFF0FFBDAA899420D04089456B
:10D0E0001385C185EF20605915C5A2242285EFF074
:10D0F000EFD309C57D142A9433440408630409005E
:10D1000023108900B2502254925402594E85F2499C
:10D11000456182809420D040894513858185EF2028
:10D12000C05561F59420D040894513854185EF2095
:10D13000C05411C9E38C09FA3C87E39987FA03D4F8
:10D14000A9007D1455BFA22455BF397122DC26DA0F
:10D150004AD84ED652D456D25AD05ECE06DEBE8BB8
:10D160009C252A8AAE84C18BB28A36843A89C289C8
:10D17000468B9DEF942089476383F6065685EFF032
:10D18000EFB605CD83280500638908022286625424
:10D19000F250925A5A88CE87025BB2595E87CA868D
:10D1A000F24B4259A6855285D254225A2161828877
:10D1B0003285EFF02FB5AA8709ED3945F250625458
:10D1C000D2544259B259225A925A025BF24B21610F
:10D1D00082802946A6855285829749DDC5B7DC4005
:10D1E00003C3170098238D6722033363E30013867C
:10D1F000479013175360E343E6F81386F78F634BAA
:10D20000E60293862780630FD70863C8E604F977A0
:10D21000938707803E93854733430308E3E067F62F
:10D220002D45E39D0BF8DC449023CC432310C9002B
:10D2300022850DA2F5779387F76F3E938D47334391
:10D24000030863EE6710175700001307E7D1334355
:10D25000E32083270300BA97828793873780E31FF1
:10D26000F7F02D45E39C0BF485472310F900DC44CF
:10D2700081459C231CA0AA24050533450508977009
:10D28000FE1FE78020C8835709005DE59107231042
:10D29000F90011468145130514009740FE1FE780F1
:10D2A000E08271A02D45E39B0BF0DC446C0083C948
:10D2B00017009823A209B3E9E90011472310E900F8
:10D2C0009C234E851CA0DC449C331CB09770FE1F31
:10D2D000E78040C3AA8431CD3086C1659306E10062
:10D2E000FD158329C500EFF0DFDB19E99420D0405C
:10D2F000894513858185EF20403819E1FD577C87EA
:10D3000003C7090089476310F70283A5490009464E
:10D31000130544009730FE1FE780C074835709004F
:10D3200089072310F9003C873CA0A1833CB001454C
:10D3300071B523173101C5BF18218907BA9723108A
:10D34000F9003E251CB03E25A1833CA010214C4194
:10D35000130534009730FE1FE780C070C9BF2D450C
:10D36000E39E0BE42310D900DC449C231CA0DC4486
:10D370009C331CB06DBFC8449730FE1FE7802078F7
:10D38000334705081D45E36B77E36380EB02B38603
:10D39000790163C6E60033077741B3490708CC44F7
:10D3A000231039014E86DE9561B58149CDBF2D45EB
:10D3B000E3960BE0CC445285EFE03FF5894723101C
:10D3C000F90008A0218108B09DB72D45E3980BDE38
:10D3D00089472310F90049BF2D45E3910BDEDC445A
:10D3E0001D472310E900982318A0983318B0BA23DA
:10D3F00038A0BA23218338B0D82358A0FA2358B0D4
:10D40000FE23A1837CA025B75D71A6C2AA842A2130
:10D410004EDE52DC56DA5AD85ED662D466D26AD074
:10D420006ECE86C6A2C4CAC0AE8AC16BEF200039D8
:10D43000130CF5FF2A8A8149979DFE1F938D8D0558
:10D44000938CC1A3138B01A4FD1B334D0C08DE2468
:10D4500063F6F90083D70D0063CD8701AA20979565
:10D46000FE1F93852503EF20E0782A841DCD5944C3
:10D470002DA89C449305E100B3A7F92003C9170028
:10D480009C2322093369F9004A859770FE1FE780C3
:10D4900060A7AA851DE923902A0103A54D0009C5AF
:10D4A0009750FE1FE78060150544B640228526444C
:10D4B00096440649F259625AD25A425BB25B225CE8
:10D4C000925C025DF24D6161828083C8440083A654
:10D4D0000C003087AA206A8881475A87EFF0FFC680
:10D4E0002A8419C923902A0103A54D005DDD9750B8
:10D4F000FE1FE780801055BF83A74D0099EFAA203B
:10D50000514781465E86BD45EFE07F9923A2AD007D
:10D5100009E523902A01454449BF83D70D000357ED
:10D520000B003E97634747013307FA407D172310EE
:10D53000EB0003A54D0003560B0083A50C003E95A0
:10D5400085099730FE1FE780E05183D70D00035710
:10D550000B00B3C90908BA972390FD00CDBD3971FE
:10D5600026DAAA842A214ED65AD006DE22DC4AD8F0
:10D5700052D456D25ECE62CC66CA6AC82E8BEF20D9
:10D58000E023AA89D424AE248A2478001386D40008
:10D59000EFF02FF205C1938BB9FF2A84E5190149F9
:10D5A000138CC1A3938C01A433CA09086349790180
:10D5B000631B09109E2429452310FB009DA8035DD1
:10D5C000C10083C8440083260C00AA2052888147EA
:10D5D00066876A86A285EFF05FB719C9AE242285F7
:10D5E0009306E1006A86EFF0DFAB2A8461F0C9B7E9
:10D5F00083D70C009228E313F6FE83250C00C8485D
:10D600009730FE1FE780A05771D99799FE1F938925
:10D6100069E883A7490095EFAA20416645478146FE
:10D620007D169D45EFE0BF871DE19E2445452310F3
:10D63000FB00F2506254D2544259B259225A925AC3
:10D64000025BF24B624CD24C424D2161828023A29C
:10D65000A900AE24835AA40022859306E1006A86BD
:10D66000EFF03FA42A84E3830AF883A74900130755
:10D67000190033470708CA972380570183A7490039
:10D6800093DA8A0093062900BA972380570113077B
:10D690003900110983A74900B3C6060833470708B4
:10D6A0003349090811C93087B69790A383A7490069
:10D6B0002182BA9790A3DDBDB697FD5694A383A7A8
:10D6C0004900BA9794A3AA209795FE1F938585DCFD
:10D6D0001359290023902501EF20403B39D95945A2
:10D6E00089BF411122C406C693F705012A843285F9
:10D6F00085C3EFE01FF5AA8505462285EFD09E84FD
:10D7000095476305F500BD47631DF502214515A842
:10D7100093F7450099CBEFE0DFF2AA850546228515
:10D720002244B24041016FD0FE8193F7050491C7B6
:10D73000EFE03FF1AA850146DDB713C5F5FF058986
:10D740000605B240224441018280797122D426D25A
:10D7500052CC06D64AD04ECE56CA5AC82A8AAE8471
:10D760000144DE206364F400014581A083AA040023
:10D770009319140013891900B327542103CB070010
:10D78000B3872A0188239305E100220533656501EB
:10D790009760FE1FE78000771DE123806A019C40AF
:10D7A00005453E990347090098B3B250225492545C
:10D7B0000259F249624AD24A424B456182800C25A5
:10D7C00030875285EFF0FFF101CD9C40BE9903C731
:10D7D000090098A39C403E990347090098B3F1B70C
:10D7E000050433440408B5BF0111AE8722CC2A8456
:10D7F0008A239305E10006CE9760FE1FE7808070C4
:10D8000009C90C25228562443087F24005616FF01A
:10D810005FEDF240624405450561828039715AD05E
:10D820002A8B2A2126DA4AD806DE22DC4ED652D4AA
:10D8300056D25ECE62CC66CAAE84EF1030782A89AA
:10D840008346CB008355AB0003558B00780013064D
:10D85000DB00EFF00FC6630B0514C16A130AA9FFC2
:10D86000AA8B01449389C1A3979CFE1F938C8CC201
:10D87000FD1A6D19334A0A08035CC10083C58B0089
:10D8800003552B006286EFF0DFE563100514834833
:10D890004B0083A6090003552B005288814713874C
:10D8A00001A46286DE85EFF05F8A6310051215C859
:10D8B00083D72C0003D701A411076395E700A29733
:10D8C00063C227079795FE1F9385C5BCBE210355EC
:10D8D0002B003354F40282A1EF20803515C1594545
:10D8E00005A003552B00494781465686C545EFE004
:10D8F0000FDB23A2AC0015E183D7AB0045459EA00A
:10D90000F2506254D2544259B259225A925A025B8E
:10D91000F24B624CD24C2161828083D701A49107E3
:10D920002391FC0083A74C0003D7AB006286A2972B
:10D9300098A383A74C001307140033470708BA972E
:10D9400003D7AB009306E1005E85218398A383553E
:10D95000AB00138C01A4EFF0CFF403A74C003C877D
:10D96000130624003346060832971CA303A74C0075
:10D9700093063400A183B3C6060836971CA3AA8B6E
:10D9800003A54C0011043344040803560C0083A57E
:10D990000900229563910B029730FE1FE780800CEF
:10D9A00083570C00A29733C4070809FC83578B00E8
:10D9B00029459EA0B1B79730FE1FE780A00A835784
:10D9C0000C003E943344040845BD83D7AB009EA0B1
:10D9D000E31A04EE83578B009EA01DB71D71A6CAE3
:10D9E000CAC8AA84035985002A21A2CCCEC6D2C4B3
:10D9F000D6C2DAC05EDE62DC6AD886CE66DA6ED661
:10DA0000AE8AEF10B05B130BD5FF01447115138C78
:10DA1000D400938BC1A3138A01A4179DFE1F130D7D
:10DA20006DA7B3490508635D6411D424AE241307C0
:10DA3000E10162864A85EFF0CFA7AA8C6302051048
:10DA40000359A500B0870C25AA2032C6EFF07FC984
:10DA5000631D050E83C8440083A60B003246AA202E
:10DA60004E8881475287E685EFF02FEE79ED15C499
:10DA700083570A0003572D0089076302F70697951D
:10DA8000FE1F938525A1BE21AA20B357F4029EA1B3
:10DA9000EF2060080DC1594539A8AA2041664D47BD
:10DAA00081467D16A545EFE08FBF2322AD001DE125
:10DAB00023902A014545F6406644D6444649B64976
:10DAC000264A964A064BF25B625CD25C425DB25DCE
:10DAD0002561828083570A0089072311FD0083573F
:10DAE0000A00A29763DE670583274D0003D7AC00C9
:10DAF000930D2400A29798A383274D0003D7AC0071
:10DB00000504334404082183A29798A303254D00FC
:10DB100003560A0083A50B00B3CD0D086E95973010
:10DB2000FE1FE78020F483570A00BE9DC167FD17E2
:10DB300033C40D08E309F9EE050933490908E5B5D1
:10DB4000294515FC23902A01BDB76DDC0DBF416747
:10DB50007D176315E5002E856FE0CFED411106C6F8
:10DB6000EFE0EFE709C5FD571EA123010500B24014
:10DB700041018280011126CA06CE22CC4AC88547BF
:10DB8000AA846390F5042685EFE07F9321E941693B
:10DB90009305F9FF1307E1008946138601850545C2
:10DBA000EFF02F912A847D1905C44C442685EFF0AF
:10DBB0001FFA308722858146CA85EFF08FCE2A84EE
:10DBC000E5B789476396F5008545EFD0AED745DDCB
:10DBD000F2406244D244424905618280EFE07F898D
:10DBE0007DB7411122C406C626C21784FE1F130446
:10DBF000E445083423A801A223A601A223A401A27C
:10DC000049C19307200C3305F50291659385157082
:10DC1000938401A31905334505089750FE1FE7803B
:10DC2000609110349307200C81453306F60288C0BA
:10DC300019069730FE1FE78060E99C401834814543
:10DC4000938647007D5563E6E5069306800BB30691
:10DC5000D70201460507FD55B69723A6F1A2BE8659
:10DC60008EA2ACB2ACA22382060005069906E36937
:10DC7000E6FEF95696A399463307D702BA9723A42E
:10DC8000F1A217F5FFFF1305E5A8EFE04F9B17F58D
:10DC9000FFFF1305E5C0EF10D02517F5FFFF1305B3
:10DCA000859DEFD04EC1B2402244924401454101CE
:10DCB0008280239EA6FE36861388460B231006001C
:10DCC000232406003106E31B06FF85059386860B99
:10DCD0009DBF411106C622C42A84EFD0DFC2EFE007
:10DCE0008FD703A581A2238D8182EFE0AFD4238E4D
:10DCF00081822244B240170500001305E5E7410187
:10DD00006FD06EBB9397556063D8072E797103C5AA
:10DD1000A18322D44AD006D626D24ECE2E89973061
:10DD2000FE1FE78020CB2A8459C918219307000BD6
:10DD30006314F70885479384C1A3DC849C402315B2
:10DD4000010081EFEFB0DEDC91659385357097407F
:10DD5000FE1FE780207E88C039C96146814517854E
:10DD6000FE1F130525739730FE1FE78020D68349D9
:10DD7000440089476394F908EFB09ED99784FE1F49
:10DD8000938444718AA02A20A685EF10F040AA86C9
:10DD90009E202A201A248DEE6363F7001EA40E2411
:10DDA000EFE04F8A2285EFE04F819C8491C74C20A1
:10DDB00013058400EFE04FA62285EF700EE4B25009
:10DDC00022549254F2491315F96802594561828030
:10DDD0006363F7001EA41E24D9459786FE1F938611
:10DDE000666B0D469EA0EFD0DFFF8D4545DD1785A4
:10DDF000FE1F1305256AEFE02FA26DB79387A9FFD9
:10DE000093F7F70F4947E36FF7F817470000130739
:10DE1000A716B3C7E7209C43BA9782879305A10052
:10DE20002285EFF0CFF3AA8435DDD9476394F40A55
:10DE300085092A2093F9F90F9786FE1F9386866538
:10DE40004E86D945EFD0FFF931DDCE854DB793052C
:10DE5000A1002285EFF09FB8F9B7835984006C00C8
:10DE60004E859760FE1FE780E009AA842DC12A2015
:10DE700041669306E10055477D16AD45EFE02F82E0
:10DE80009789FE1F9389096123A2A900AA8655CD0F
:10DE9000834844000358E10030862A20A685814744
:10DEA0004E87EFF08FAAAA846312050E2A20CE8532
:10DEB000EF10104CE30805EE2A20D945CE862D46FA
:10DEC000EFD03FF2AD45E30F05EC4E852DB723159E
:10DED000310185441830D147E306F7EC5C2097897F
:10DEE000FE1F9389295B2A202380F9003C85CE857B
:10DEF000238299002391F900EF10D01DE30405EA75
:10DF00002A20CE860546D945EFD0BFEDE30C05E8C3
:10DF1000854565BF835984006C004E859760FE1F60
:10DF2000E78040FEAA8445D52A2041669306E10099
:10DF300059477D16B545EFD09FF69789FE1F938907
:10DF4000695523A2A900AA8609E51E24C5447C853B
:10DF500051B7834844000358E1003E2430862A200C
:10DF6000A6854E87EFF06F9EAA840DE12A20CE850C
:10DF7000EF109043E30805E22A20D945CE863546C6
:10DF8000EFD03FE6B545E30F05E081B7D94703A5DC
:10DF900049006397F4009740FE1FE780006619B5BB
:10DFA0009740FE1FE78060651E247C8525B793059A
:10DFB000A1002285EFF04FC5BDB59305A1002285D4
:10DFC000EFF0DF858DB5130691009305A100228542
:10DFD000EFE0DFB989BD9305A1002285EFE0FFA93D
:10DFE000AA84E31405E4A30401006DBB9305A1001A
:10DFF0002285EFE0DF9705BD01458280397126DA81
:10E00000AE84B70540004ED6F915AA89054506DE4F
:10E0100022DC4AD8EF705EDC1314652997350000C6
:10E020009385C57A41460A85EF507EF6414697357D
:10E0300000009385A5790808EF507EF593178400BA
:10E0400013590401334704082183D98F1379F90F39
:10E0500010088A854E857C87A3062101EF801FB1B9
:10E060008347E1010347D101A0B0A2074207BA9755
:10E070000347F1012180C0A0BA979CA013D7870065
:10E08000C18398B0BCA0A3822401F2506254D25440
:10E090004259B25921618280011119469785FE1FAC
:10E0A0009385E5E01785FE1F1305450D06CE22CCAE
:10E0B00026CA4AC891644EC69730FE1FE780809AF0
:10E0C0009385F4FF0145EF70BECE2A84FD550145CE
:10E0D000EF709ED0A287FD147D5933F79700B36689
:10E0E000E500CDC6631425016302970A1784FE1F5D
:10E0F0001304C4FA2308F40EA18393E707FC116903
:10E10000C1692326A40EA308F40E7D19FD19CA8542
:10E110000145EF70FEC9AA84FD550145EF70DECBC5
:10E12000B3679500EDD7FD576314F500E38124FF35
:10E130000357040E93570501230AF40E93578501E4
:10E14000A30AF40E8356240EB3470508B98F03576C
:10E15000440F230B940EA18093F4F403358FA30B8B
:10E16000940ED98F8356440E0357640F2319A40EBF
:10E17000358FD98F93975760B3F73701C9DBF240DA
:10E180006244D2444249B24905618280A685014574
:10E19000EF701EC22A84FD550145EF70FEC3A287B1
:10E1A0002DBF011126CA9784FE1F93842412D84CD8
:10E1B00022CC06CE4AC84EC695471784FE1F0324BC
:10E1C000A4F66306F700D84C8D47631FF70083C79A
:10E1D000140281E7930770109EB0F2406244D2446B
:10E1E0004249B249056182800D459760FE1FE78074
:10E1F000E0C19389C19403A70900B7C7898E9387AB
:10E2000067ED1CC7B7575500938757555CC3034745
:10E21000A4039307F00F6305F700FD57230DF402E5
:10E220001389C195032709008547A30CF4025C43B9
:10E230000145014693E717005CC3930720FB7CA0D0
:10E240009D47DCCC930550029787FE1F23A007084B
:10E250009384C1969740FE1FE78020219840014596
:10E260005C57F59B5CD783A6090058309C42137716
:10E27000F70793F707F8D98F9CC29787FE1F83C7CC
:10E2800067C799C303A541A49730FE1FE780A0C5C7
:10E2900003A70900B70633001C4393F7F7CF1CC34D
:10E2A0001C4393F7F7CF93E707201CC398401C4704
:10E2B000D58F1CC703270900B7070300938787156D
:10E2C0003CCB9787FE1F23AD07009787FE1F23A136
:10E2D000070085471CC311B7411106C622C426C2D8
:10E2E0009784FE1F938484B82A84A830C145EF70B8
:10E2F0004EE0A83093050002EF70AEDF2302040069
:10E3000023130400B240224492444101828041110F
:10E3100022C406C69787FE1F938747FB03C71702D1
:10E320001784FE1F032444E011CB83C607020D4768
:10E330006396E6001787FE1FA30A07FAD44F21470A
:10E340006386E600D44F19476398E600D84F2380D0
:10E35000E7020547A380E7029760FE1FE78060A3FE
:10E360002285EFF07FF71306A00293050008014510
:10E37000EF409F96034504049307F00F6307F500F1
:10E38000EF704EE0FD572300F404B24022444101F7
:10E390008280411126C2AA8428490146814506C6C9
:10E3A00022C44AC09740FE1FE78040DE89470DED3A
:10E3B000A0482146A14718203D8BB8B81430B4A816
:10E3C0006314C7020349240099471357690009EFF2
:10E3D000130719001377F70FE5476397E600383006
:10E3E0008D47630AF700C547B24022449244024970
:10E3F0003E854101828003A5040B19469305440024
:10E4000011059720FE1FE780807771DD194693057F
:10E41000A400138564039720FE1FE7804076C94758
:10E4200061D53547E147E311E9FCEF309FDFEF307D
:10E43000BF9B2A8471C183A6040BD850FC440148B9
:10E440002324E508984E9785FE1F938505D513056F
:10E4500085132320E5F6D84A1789FE1F130909C43E
:10E460002322E5F6D83BA30FE5EEF83BF02B22077D
:10E47000518F2310E5F0983F902F2207518F2311E1
:10E48000E5F0B83FB02F2207518F2312E5F0D82FC7
:10E49000DC3F1546A207D98F2313F5F0DC2E23228B
:10E4A0000501A30EF5EE81471CC19720FE1FE780F2
:10E4B000605B85472300F41483C704082285230387
:10E4C000F414A303F414EF301FC48327890D93F7CA
:10E4D000072081CB0A241306900293050008EF4021
:10E4E000AFFF8327090D1167F98F99C70A24514699
:10E4F00093050008EF404FFE83A7C40A0D47B8B745
:10E500008547DDB5397152D4178AFE1F130A0ADC1C
:10E5100083270A03B706080022DC4ED666CA938911
:10E52000C195978CFE1F938C6CB706DE26DA4AD80D
:10E5300056D25AD05ECE62CCF58F03A48C0503A7C9
:10E5400009009DE37C5781C785472382F188F250FB
:10E550006254D2544259B259225A925A025BF24B37
:10E56000624CD24C21618280930780070329C40A40
:10E570007CD32382018883479900032CC90092072A
:10E580003E9C83472C0095CB834769009306204E21
:10E5900003461C00B387D702938787FD11CA8346C1
:10E5A0007900B386C6021306D007B386C602B697B3
:10E5B000B706080014C786077CD71C438D8B91C70C
:10E5C00009459760FE1FE7806084138BC194832701
:10E5D0000B00938AC19637063300D857370800825C
:10E5E0007D18719B13671700D8D798431377F7CF1F
:10E5F00098C398431377F7CF1367072098C303A7EF
:10E600000A001447D18E14C783A6090037060300F9
:10E6100013068625B0CA5057759A50D79043834544
:10E62000E407137606F893F5F5074D8E90C30305BE
:10E630008406D0579375F503E605337606014D8EB3
:10E64000D0D71306A003635CA628704FB705000758
:10E650004D8E70CF03270409D8C30327C40898C779
:10E660008327C40AB83785476313F72E832B040B1F
:10E670000347990083C71B00631BF72C23A60606DC
:10E68000B70708009CC69787FE1F23A707C6DC4272
:10E69000154793E71700DCC26444930720021CB8B7
:10E6A00098A09CB083475403858B91E703474403AC
:10E6B00089476315F700930750049CA019469305FA
:10E6C0006403138524009720FE1FE780A03983C7C9
:10E6D0003B0089C79C2093E707F89CA019469385C7
:10E6E0004B00138584009720FE1FE780A03783C767
:10E6F0008B01FCA483C79B01FCB483C7AB019CA81E
:10E7000083C7BB019CB883A74B0113D78700BCA864
:10E71000C183DCA8B8B80347040889476313F7002E
:10E720008D47DCB803D7CB0083D7AB00BA9785837E
:10E7300013D7870098BC03C7EB009CAC8D83B8ACA3
:10E7400003D7EB008D072183B8BC03C70B01D8ACFE
:10E7500003C71B01D8BC1947B3D7E70AFCA8A1839C
:10E76000FCB883C7EC0FFCAC83C7FC0FFCBC83C7B1
:10E770000C102380F40283C71C10A380F40283C70B
:10E780002C102381F40283C7CB01FD8BA381F402FB
:10E79000784483C73C00834637029607D58FA30190
:10E7A000F7029777FE1F83C7277083250B00B706F4
:10E7B0000082FD16D8551396476093F7F703758FBF
:10E7C000E607D98FDCD51307A00383A70A0063549B
:10E7D000C714F84FB7060007558FF8CF1038834598
:10E7E000040801459787FE1F23A807AE9740FE1F28
:10E7F000E78040AE83278A00858BC9C7977AFE1FC2
:10E80000938A4A6E03D5CA009787FE1F23A407ACDC
:10E810009307800F3305F50237460F008146130634
:10E8200006248145EF10F01383A70A00AA842E8BDB
:10E830008297B307950033B5A700B305650183A69A
:10E840008A003E8799E163E4D7003387D7400345C8
:10E85000040858D00146B9459740FE1FE780E0C044
:10E860000146814505459740FE1FE780A0A69750C9
:10E87000FE1FE78000528327CA00858B81C722854F
:10E88000EFF03FB18347990003474900850793F7AD
:10E89000F70FA304F90063F3E7329774FE1F938424
:10E8A00064649C28638E07268327C40A130770FAC2
:10E8B0001745FE1F1305A5E3B8A79730FE1FE78095
:10E8C00040836254DC40F250D2544259B259225A29
:10E8D000925A025BF24B624CD24C21618287130642
:10E8E0002002635AA600704FB70500F9FD156D8E22
:10E8F000B7050005B1BBB70500F96946FD156357BB
:10E90000A600704F6D8EB705000399B3704F6D8EE2
:10E91000131686293DBB13072002635AC700F84F20
:10E92000B70600F9FD16758FB706000575B5B70671
:10E9300000F96947FD166357C700F84F758FB70692
:10E94000000359BDF84F758F1317872979B5DC423D
:10E95000F99BDCC264449D47832B8C00834A3C00B6
:10E960001CA89CA08547A3810400BCA07C4893F709
:10E9700007209DC79147BCB08347640B8346540B67
:10E9800078449A07D58F5CA3BC2081468507BCA03C
:10E990000346840B8345540B0345640BEF80AFB8EB
:10E9A0007C4893F7074095CBB8307C44B42013677C
:10E9B0008700B8B00357A408B697B8B3BC20784412
:10E9C0008346F4073E978357A4089206A183BD8B24
:10E9D000D58F5CA3BC208907BCA08347040693F7AE
:10E9E000070489CFB8307C44B42013670704B8B05B
:10E9F0005838B697B8B3BC208507BCA08347C40776
:10EA00000547C11793F7F70F6362F706BC20032B86
:10EA1000C40415468D073E9BA1472300FB009307C6
:10EA20008002A300FB009775FE1F938505771305F1
:10EA30002B009720FE1FE780E0028346C407414772
:10EA4000835784086395E60CA1072311F408C54792
:10EA5000230EF40683472408A303FB0083572408EE
:10EA6000A1832304FB00BC20A507BCA0638C0B0082
:10EA7000BC20684456868D07DE853E959720FE1F94
:10EA8000E78040FEB82001459377F7038507BE9ADB
:10EA900093FAFA0FA3085401B8A07C44A38057014D
:10EAA00083A709007844B8DF1038834504089787A6
:10EAB000FE1F23A307829740FE1FE780A081975087
:10EAC000FE1FE780002D83A709003707020023A25D
:10EAD000070698C71787FE1F2322078003472C00CD
:10EAE000E30207DAFC57E38F07D81745FE1F13052B
:10EAF000C5D19720FE1FE780003F03A709007C5780
:10EB0000FDFF01459720FE1FE780E03DA5BB0357B1
:10EB10002408B307F7400947E34EF7F2C9470DBF92
:10EB2000938AC18883A70A0082972A8B83A70A0049
:10EB30008297E30D65FF034759008347990094448A
:10EB4000B387E702DA24B387E7021307003293871B
:10EB50000719B3D7E702032744093E973A84636451
:10EB6000F7006364D7003304D74083A70A00829775
:10EB7000B307A4406374A4009844BA9737450F00C4
:10EB800013050524B3B5A702D22481463385A70215
:10EB9000EF10205DAD472A84170500001305C596C8
:10EBA000232EFA009720FE1FE780E03383A7090099
:10EBB00037070800060498C7E0D751BA8327C90071
:10EBC000884719ED1C24680023070100DC86832791
:10EBD000C40ADC23DC87EF004F902305090085BAC7
:10EBE0009740FE1FE78060A10327C90083464900C4
:10EBF000814763C5D7001C47EDF3E9B7232407001D
:10EC00008507C5BF5D714EDE9389C19503A60900D6
:10EC1000A2C452DC5ED686C6A6C2CAC056DA5AD88C
:10EC200062D466D26AD06ECE930780077CD22382EC
:10EC30000188138AC19483270A00938BC196B70574
:10EC40003300D8572A84719B13671700D8D798438D
:10EC50001377F7CF98C398431377F7CF136707203D
:10EC600098C303A70B001447CD8E14C7B706030043
:10EC70009386862534CA5457F59A54D78345E507B9
:10EC8000944393F5F50793F606F8CD8E94C354425A
:10EC9000F99A54C283058506D4573705008213F6C6
:10ECA000F5037D156606E98ED18ED4D79306A003B1
:10ECB00063D0B62A744F37060007D18E74CF13077E
:10ECC00004085447184B9305300294C7D8C3054530
:10ECD0009777FE1F23A20760EF700E8B64449D4759
:10ECE0001CA8230FA4069CA08547A3810400BCA0F8
:10ECF0007C4893F707209DC79147BCB08347640BBE
:10ED00008346540B78449A07D58F5CA3BC20814678
:10ED10008507BCA00346840B8345540B0345640B55
:10ED2000EF806F807C4893F7074095CBB8307C44E8
:10ED3000B42013678700B8B00357A408B697B8B3D8
:10ED4000BC2078448346F4073E978357A408920674
:10ED5000A183BD8BD58F5CA3BC208907BCA0B0204C
:10ED6000035744089307D00F918F1779FE1F13099B
:10ED7000E93263DFE7200347040885476316F7207D
:10ED80009307804279479387371AB3C7E7028346D0
:10ED90004907C16593E60601230AD90683A609003F
:10EDA0008CC63387E7020607B8D2B830136707016D
:10EDB000B8B078448346E407329734B3B42078443B
:10EDC00036975CA3B8207C44BA970347040816071B
:10EDD000D8B3BC208D07BCA08347040693F7070473
:10EDE00089CFB8307C44B42013670704B8B05838D2
:10EDF000B697B8B3BC208507BCA08347C4070547B6
:10EE0000C11793F7F70F6362F706BC20832AC40487
:10EE100015468D07BE9AA1472380FA00930780020A
:10EE2000A380FA009775FE1F9385253713852A0066
:10EE30009720FE1FE78000C38346C40741478357DE
:10EE40008408639EE614A1072311F408C547230E26
:10EE5000F40683472408A383FA0083572408A18378
:10EE60002384FA00BC20A507BCA003564408814AAD
:10EE700021C2B82068448325840A930737003E9551
:10EE8000BC30C18B63860712F95AB38AEA4093FA01
:10EE9000FA0F56869720FE1FE780C0BC8327840A9E
:10EEA000D6973CDC83574408B38757412319F406AF
:10EEB000B8200145056B9377F7038507BE9A93FA4F
:10EEC000FA0FA3085401B8A07C44130D8007B70DB6
:10EED0003300A380570183A709007844B70A0300D1
:10EEE000938A8A25B8DF1038834504081D4C854C69
:10EEF0009730FE1FE780003E9750FE1FE78060E9D5
:10EF000003270A00130B8B843C57ED9B3CD7977764
:10EF1000FE1F238E073C371700401E2FC607C583F0
:10EF20001EAF83474907C18BD9EB22852644B640E3
:10EF300096440649F259625AD25A425BB25B225C4D
:10EF4000925C025DF24D61611743FE1F670003DDB5
:10EF50009306200263DAB600744F370600F97D1677
:10EF6000F18E3706000591BB370600F9E9467D169C
:10EF700063D7B600744FF18E370600033DBB744F64
:10EF8000F18E939686291DBB856793878784DDBBA9
:10EF90008347490793F7F70E230AF90635BD035750
:10EFA0002408B307F7400947E345F7EAC94745B5E1
:10EFB0009720FE1FE78000AB834A4408D5BD8347F6
:10EFC000490793F70702E5DF8347490703A60900CE
:10EFD00093F7F70C230AF9062322A6072382018858
:10EFE00083270A00D857719B13671700D8D7984317
:10EFF0001377F7CF98C398431377F7CF136707209A
:10F0000098C303A70B001447B3E6B60114C723281F
:10F0100056055457F59A54D798438346E407137717
:10F0200007F893F6F607558F98C3644423088401C4
:10F0300023808401A3810400238194017C4893F7F9
:10F04000074095C7A147BCB07C440357A408D8A388
:10F05000BC2078448346F4073E978357A408920661
:10F06000A183BD8BD58F5CA3BC208907BCA0B02039
:10F07000035724079307E00F918F63D3E7060347F5
:10F080000408DA87631497019307804279479387CE
:10F09000371AB3C7E70283464907C16593E60601FD
:10F0A000230AD90683A609008CC63387E702060720
:10F0B000B8D2B83013670701B8B078448346E40784
:10F0C000329734B3B420784436975CA3B8207C449C
:10F0D000BA97034704081607D8B3BC208D07BCA015
:10F0E0000356240781470DCEB82068442C5C930753
:10F0F00037003E95BC30C18BA5C3F957998F93F764
:10F10000F70F3E863EC69720FE1FE780A095385C2D
:10F11000B2473E9738DC035724071D8F2319E406B6
:10F12000B420014513F7F6030507BA9793F7F70FD5
:10F130001CB8B4A078441CB31038834504089777F2
:10F14000FE1F23AB07189730FE1FE780A0189750CB
:10F15000FE1FE78000C4F1B39720FE1FE780809078
:10F16000834724072319040665BF8347C507638DBA
:10F17000073E797122D406D626D24AD04ECE52CC42
:10F1800049472A84639CE70203572508835785086B
:10F190006316F7021305050A15469775FE1F93853A
:10F1A000C5FF2AC69720FE1FE780C08B3245EF209F
:10F1B0009FEB9147A300A408230EF4062285972015
:10F1C000FE1FE780005909459750FE1FE78000C4E5
:10F1D0000327C40A1389C1888347C407832609000B
:10F1E000630F071E0D476398E70C9147230EF40643
:10F1F0007C4893E787007CC89777FE1F938707EAD0
:10F2000003C75707098B6DDF03C757071377C70F6E
:10F21000A38AE70682969777FE1F9387A7CCD62707
:10F2200003576408232AA4089C473307D702930690
:10F230000032130707193357D702B306E5003686A5
:10F2400063E4A60063E4F6003386F640232CC4088A
:10F250009776FE1F83C696C5636CD604158E9306FB
:10F26000D407A28517050000130565F09740FE1F1F
:10F27000E780E08BAD4717F5FFFF1305E52817770B
:10F28000FE1F2323F7069720FE1FE780C0C583A734
:10F29000C1950947F8D783578408B250925485071F
:10F2A0002314F40822540259F249624A45618280CB
:10F2B000958F3E966DB78329840982969774FE1FB9
:10F2C000938444C263E6A9043385A9409777FE1F5F
:10F2D00083C7D7BD63E5A700854763EEA702DA249D
:10F2E000835764089044B387E7021307003293877B
:10F2F0000719B3D7E702032784093E97BA866364E8
:10F30000F7006364C700B306C740232CD40861B775
:10F310009C44BE9955BF8326C40AA3840600D22408
:10F3200083576408032784098C44B387C7021306F4
:10F330000032232AE40893870719B3D7C7023E9700
:10F340003A866364F7006364B7003306B7409C28CD
:10F35000232CC40899CF930770FABCA61735FE1F5B
:10F360001305E5389720FE1FE780A0D8DC40829780
:10F370001DB7832709008297AA89832709008297EE
:10F38000E38DA9FE8327090083294409829763E559
:10F39000A904AD471777FE1F2328F7F4B7470F00DE
:10F3A000938707243385A940B335F502D2248146DB
:10F3B0003305F502EF00F05A83A7C195370708001F
:10F3C00098C70605E8D717F5FFFF1305E513972043
:10F3D000FE1FE78040B1C1B59C44BE995DBF0D479B
:10F3E000639EE7089147230EF4067C4893E7870065
:10F3F0007CC89777FE1F938767CA03C75707098B97
:10F400006DDF03C757071377C70FA38AE7068296F6
:10F410009777FE1F938707ADD62703576408232AE3
:10F42000A4089C473307D702930600321307071935
:10F430003357D702B306E500368663E4A60063E4DB
:10F44000F6003386F640232CC4089776FE1F83C649
:10F45000F6A56362D602158E9306D407A28517051A
:10F4600000001305C5D09730FE1FE780406C228551
:10F47000EFF04FF90DB5958F3E96F9BF8296AA84AD
:10F48000832709008297E38DA4FE83270900832444
:10F4900084091779FE1F1309E9A4829763EEA40279
:10F4A0003385A4409777FE1F83C757A08359C900AF
:10F4B00063E3A70015E583576408130700320326AA
:10F4C0008900B387370393870719B3D7E702032768
:10F4D00084093E97BA8625B583278900BE94C9B7AB
:10F4E0009777FE1F83C7D7C293E717009774FE1F55
:10F4F0009384C4BAA38AF40603AAC195B707080087
:10F500002324FA00B7470F0093870724B335F50289
:10F510004E8681463305F502EF00B04406052326EA
:10F52000AA0683C75407898BEDDF83C754071307E7
:10F5300000320326890093F7C70FA38AF406835786
:10F540006408B387370393870719B3D7E702032704
:10F5500084093E97BA866364F7006364C700B30604
:10F56000C740232CD40821B78280411126C2AA8427
:10F57000284922C401462E84850506C69730FE1F01
:10F58000E780C0C03DEDBC481D4621459423BD8A9F
:10F59000B4B89833B8A8639DC604B423114513D6F4
:10F5A000660093F6F60363F5E604194531E27D172C
:10F5B000158F58B0B83345459376270095EA937672
:10F5C000470085EE91079306F00F34A093768700ED
:10F5D000514599EE93760701554599EA137507024F
:10F5E0001DE1137707049306F00711C3942314A0B9
:10F5F000B2402244924441018280D42395078D8AEF
:10F60000E9B70945F5B75945E5B79707000093876E
:10F6100007B61777FE1F232BF7AE82809C211CA113
:10F62000BE211CB1BE21A1833CA1DC213CB111450E
:10F63000828023A601A423A401A482800DCD4111C0
:10F6400022C426C206C6AA842E84014585C122850D
:10F650004146973500009385E59C9710FE1FE78093
:10F6600060409C2005455CA49C305CB4B2402244C0
:10F6700092444101828001458280011122CC26CA38
:10F6800006CE8947AA843284639FF5006384B6025C
:10F69000414781476397E6048A85EFF03FFA414688
:10F6A0008A85228515A841476393E504638FF60098
:10F6B000639FB6022E86A2856244F2402685D2441C
:10F6C00005611713FE1F6700834B8A853285EFF0B3
:10F6D000FFF641468A8526859710FE1FE780204A5F
:10F6E000AA87F2406244D2443E8505618280814708
:10F6F000CDBF23A6A1A48280011122CC622106CE17
:10F7000026CA4AC84EC63DC8832985002A88AE84C9
:10F7100003C9090081471317496063550702B147C0
:10F72000054563F687040355280051143344040843
:10F730004E8633878900A2868545EFC0BE8EB337DB
:10F74000A0008507135569487D141379F9033344E4
:10F7500004089CA088B023812401C2A0014719C0DD
:10F760001387190098C409476383E7000145F240F5
:10F770006244D2444249B249056182800545C5BF11
:10F78000C167F917630AF502D94763F7B702011198
:10F7900022CC2EC606CE2A84EFA08EB7B24563686F
:10F7A000B50022856244F24005616FB0DE9CF240F4
:10F7B000624405450561828005458280C167F9176D
:10F7C0006314F5006FA0CEB4411106C6EFB09E8958
:10F7D00011E15D45B2404101828039714ED652D46B
:10F7E0005AD05ECE06DE22DC26DA4AD856D22A8AE3
:10F7F0002E8BB289B68B15E7EFF05FFC9145EFA039
:10F800000EBE2A844D49854A19EDF2506254D254F5
:10F81000B259225A925A025BF24B4A8542592161EF
:10F8200082803A84814A230034018544630A0B00B4
:10F83000DE8513051400029B93041500B3C404086D
:10F840009399496063D30902C1455285EFB09E8FF9
:10F85000654915E533069400A6852285EFC0EECDF7
:10F860002A8911EDB104B3C4040891472C005285D4
:10F870007C8422C66485EFB04EA72A8959D5E386D9
:10F880000AF822859730FE1FE78020D7BDBF0111FF
:10F8900022CC26CA4AC84EC606CE2A893284B689E8
:10F8A000EFF0BFF3AA8419ED83A7C1A481CF054768
:10F8B0006317E40003C4090005041374F40FA28560
:10F8C0004A858297F24062444249B2492685D24431
:10F8D00005618280AE860147054697050000938545
:10F8E00025D46FF0DFFA9E211CA19E21A1831CB1BB
:10F8F00009458280BC2105471CA18A216397E70046
:10F900000A050505334505088280C9473305F50218
:10F91000CDBF8A210A05334505088280BE211CA17E
:10F920008A21BE213305F50205053345050882808D
:10F930008A2182808A2182808A218280BE211CA124
:10F940008A21BE213305F50205053345050882806D
:10F950009E211CA19E21A1831CB1BE213CA1BE21E0
:10F96000A1833CB1CA2111053345050882809E213F
:10F970001CA19E21A1831CB1AA21090533450508BC
:10F980008280894711456398F6001C321422014594
:10F99000A207D58F1EA382809A21D947AE8663FA2B
:10F9A000E70001470D4697050000938505F46FF0C9
:10F9B0001FEE094582801145639DA6001C3214226A
:10F9C0000145A207D58F1EA33C323422A207D58F52
:10F9D0003EA38280BC210547FD1793F7F70F6362B2
:10F9E000F7049E219DCF011122CC2A84C84106CE66
:10F9F0002EC61DC189459730FE1FE78040CC2A875F
:10FA000022856244B246F240154697050000938570
:10FA1000A5EE05616FF0BFE7F2406244094505615C
:10FA2000828009458280954763F0D706411122C440
:10FA300026C24AC006C61C323A841822A207B284E3
:10FA4000D98F1EA03C32382293854400A207D98F5B
:10FA50003EA089475CA009461305540036899710DB
:10FA6000FE1FE7802000194781476304E900938760
:10FA70006400691923142401B2405CC422449244F6
:10FA80000249014541018280114582809E219DCF1E
:10FA9000011122CC2A84C84106CE2EC61DC185453F
:10FAA0009730FE1FE780A0C12A8722856244B246B4
:10FAB000F2401D46970500009385E5E505616FF06E
:10FAC0001FDDF2406244094505618280094582805C
:10FAD0009947B2856388F600D14711454146638452
:10FAE000F60082800946411106C650A39C3194213C
:10FAF00013055700A207D58F1EA3BC31B421910571
:10FB0000A207D58F3EA39710FE1FE780A0F5B24055
:10FB10000145410182809E219DCF011122CC2A8482
:10FB2000C84106CE2EC61DC189459730FE1FE7800D
:10FB300000B92A8722856244B246F24025469705DD
:10FB400000009385E5DD05616FF07FD4F2406244EB
:10FB5000094505618280094582808947114563987E
:10FB6000F6001C3214220145A207D58F1EA3828005
:10FB7000011122CC2A84C84106CEAE8601C92EC608
:10FB800085459730FE1FE78080B3B2462A872285DD
:10FB90006244F2402D46970500009385A5D9056182
:10FBA0006FF0FFCE6FF03FE1011122CC2A84C841F3
:10FBB00006CEAE8601C92EC685459730FE1FE7806A
:10FBC00000B0B2462A8722856244F2403546970546
:10FBD0000000938565D605616FF07FCB93F7160023
:10FBE000114581EB89476386F600858256A310C3D1
:10FBF00001458280011122CC2A84C84106CE2EC63E
:10FC00001DC185459730FE1FE78060AB2A8722859E
:10FC10006244B246F2403D4697050000938505D206
:10FC200005616FF0DFC6F2406244094505618280DC
:10FC30009E219DCF011122CC2A84C84106CE2EC61A
:10FC40001DC189459730FE1FE78060A72A8722855E
:10FC50006244B246F240454697050000938545CE82
:10FC600005616FF0DFC2F2406244094505618280A0
:10FC700009458280854763F4D70208A70CB71C3278
:10FC80000C220945A207CD8F81456384A600930508
:10FC90002600F9161EA336A34CC3014582801145E8
:10FCA0008280014781464D4681456FF05FBE8D479A
:10FCB000114563F5D7021C320C22A207CD8F1EA37B
:10FCC0003C322C22A207CD8F81456384A600930588
:10FCD0004600F1163EA356A30CC7014582800111D0
:10FCE00022CC2A84884506CEAE8601C92EC695450B
:10FCF0009730FE1FE780A09CB2462A872285624487
:10FD0000F2405D46970500009385C5C405616FF01C
:10FD10001FB8854711456395F6001C2201451CA3B9
:10FD2000828001478146654681456FF05FB60111CB
:10FD300022CC2A84C84106CEAE8601C92EC68D4586
:10FD40009730FE1FE780A097B2462A87228562443B
:10FD5000F2407546970500009385A5C105616FF0D7
:10FD6000DFA709CE93070002918F635AF000B39783
:10FD7000F5003355C500B3D5C5005D8D82800116F1
:10FD800033D5C50081458280014863C8050E63DB19
:10FD90000600B337C000B306D0401348F8FF9D8E6D
:10FDA0003306C040B2882A872E83F9E263F2C51277
:10FDB000C167636CF61AB7070001B337F600B307E3
:10FDC000F040E19BE107335EF60097260000938642
:10FDD0006626F2969422130E0002B697B306FE40F2
:10FDE000630CFE003393D500B357F500B318D6006B
:10FDF00033E367003317D50013D608013355C30228
:10FE0000B3C60808935707013373C302B385A6022C
:10FE10004203B3E7670063FAB700C6971303F5FF21
:10FE200063E4170163E8B7321A858D8FB3D5C70233
:10FE300033470708B3F7C702B386B602C2075D8F20
:10FE4000637BD70046979387F5FF63651701F91524
:10FE50006363D700BE8542054D8D81456309080067
:10FE6000B337A000B305B0409D8D3305A04082801C
:10FE700063FED50081450145D5B7B337A000B30572
:10FE8000B0409D8D3305A0407D5811B7C16763E434
:10FE9000F618B7070001B3B7F600B307F040E19BCF
:10FEA000E107B3D8F600172700001307A7184697F5
:10FEB0001823130300023E97B308E3406311E318CD
:10FEC00063ECB6263335C50013451500814579B777
:10FED0005DC2C167637AF62413330610134313001F
:10FEE0000E03B3566600972700009387A714B697B2
:10FEF0009423930700029A96B38ED740639CD70849
:10FF0000B386C5408545135306013346060833D5ED
:10FF1000660293570701B3F66602330EC502C206A6
:10FF2000D58F63FAC701C6979306F5FF63E41701FF
:10FF300063EFC7213685B387C741B3D6670233471E
:10FF40000708B3F767023386C602C2075D8F637B7B
:10FF5000C70046979387F6FF63651701F916636339
:10FF6000C700BE864205558DD5BD9337061093C791
:10FF700017008E0789BD8146972700009387870B5E
:10FF8000B69794230143930700029A96B38ED74005
:10FF9000E388D7F6B318D60133DED50013D30801B2
:10FFA000B3576E02B356D5003317D50133C60808D0
:10FFB000B395D501CD8E93D50601337E6E02330500
:10FFC000F602420EB3E5C50163FBA500C695138E8C
:10FFD000F7FF63EA151763F8A516F917C695898D1B
:10FFE00033D56502B3C60608B3F56502330EA60223
:10FFF000C205CD8E63FBC601C6969305F5FF63E08F
:020000022000DC
:10000000161563FEC6137915C69693950701B38638
:10001000C641C98DEDBD93B7061093C717008E0773
:10002000B3D8F600172700001307C7004697182318
:10003000130300023E97B308E340E303E3E8B35E33
:10004000E600B3961601B3EEDE0033D3E50013DF0E
:100050000E01B357E303B39515013357E5004D8FF8
:1000600033CE0E0893560701331616013373E3039C
:10007000B305FE024203B3E6660063FBB600F696E4
:100080001383F7FF63E3D60D63F1B60CF917F69609
:100090008D8EB3D5E60333470708B3F6E603330383
:1000A000BE02C206558F637B670076979386F5FF85
:1000B0006369D70963776708F9157697C207416FB7
:1000C000CD8F9306FFFFB3F5D70013DE0701F18E46
:1000D0004182B38ED50233076740B306DE0213D3E5
:1000E0000E01B385C502B6959A95330ECE0263F321
:1000F000D5007A9E93D60501F2966363D702630515
:10010000D7003E85814599BBC166FD1633F7D50002
:100110004207B3FEDE00331515017697E373E5FE63
:100120001385F7FF81451DBBB70700016377F60212
:1001300093560601414345BB8145054505B32E85D0
:10014000E9B5B685A5BFF28759BD9A8791B77915EC
:10015000C697D5B37915C697C9B993568601614339
:1001600059B33288AA882E87CDEA63FFC50EC167CE
:10017000636AF618B7070001B337F600B307F0401B
:10018000E19BE1073353F60097260000938686EA49
:100190009A96942213030002B697B306F340630BBA
:1001A000F3003397D500B357F5003318D6005D8FB1
:1001B000B318D500135608013355C702B3460808D3
:1001C00093D708013377C702B385A6024207D98FB8
:1001D00063FAB700C2971307F5FF63E4070163E80A
:1001E000B7303A858D8F33D7C702B3C80808B3F745
:1001F000C702B386E602C207B3E8F80063FBD80083
:10020000C2989307F7FF63E50801791763E3D80005
:100210003E874205598D8145828063F5D500814531
:1002200001458280C16763E5F618B7070001B3B7DF
:10023000F600B307F040E19BE10733D8F60017273B
:100240000000130727DF42971823930800023E9708
:100250003388E8406392E81863EDB6263335C5006D
:10026000134515008145828045C6C167637BF6242E
:1002700013370610134717000E07B356E6009727EB
:100280000000938727DBB6979C2393060002BA975A
:10029000B38EF640639DF608B387C54085459356F7
:1002A00006013346060833D5D70213D70801B3F742
:1002B000D7023303C502C207D98F63FA6700C2971A
:1002C0001307F5FF63E4070163E067223A85B3870C
:1002D000674033D7D702B3C80808B3F7D70233064D
:1002E000C702C207B3E8F80063FBC800C2989307CF
:1002F000F7FF63E50801791763E3C8003E8742050D
:10030000598D82809337061093C717008E079DBDC5
:100310008146972700009387E7D1B6979C23014732
:1003200093060002BA97B38EF640E387F6F63318C9
:10033000D60133D3F50093560801335ED302B3954B
:10034000D501B357F500CD8F3346080813D7070101
:10035000B318D5013373D302B305C6034203336721
:100360006700637BB70042971305FEFF636A0717B8
:100370006378B716791E42970D8F3355D702B3C7EE
:1003800007083377D7023303A6024207D98F63FBEE
:100390006700C2971307F5FF63E0071563FE671256
:1003A0007915C29793150E01B3876740C98DE5BDD6
:1003B00093B7061093C717008E0733D8F600172798
:1003C0000000130727C742971823930800023E979F
:1003D0003388E840E382E8E8335EE600B39606013E
:1003E000336EDE00B3D8E500935E0E01B3D7D803B9
:1003F000B39505013357E5004D8F33430E089356EF
:10040000070133160601B3F8D803B305F302C20897
:10041000B3E6160163FBB600F2969388F7FF63E339
:10042000C60D63F1B60CF917F2968D8EB3D5D603CF
:1004300033470708B3F6D603B308B302C206558F95
:10044000637B170172979386F5FF6369C70963772A
:100450001709F9157297C207C16ECD8F9386FEFFFB
:10046000B3F5D70013D30701F18E4182338ED50245
:1004700033071741B306D30293580E01B385C50263
:10048000B695C6953303C30263F3D500769393D62E
:1004900005019A966363D7026305D7003E858145BF
:1004A0008280C166FD1633F7D5004207337EDE0039
:1004B000331505017297E373E5FE1385F7FF814558
:1004C0008280B70700016377F60293560601414721
:1004D0007DB38145054582803A85E9B5B685A5BFDE
:1004E0002A8E59BDC68791B77915C297CDB37915B4
:1004F000C297CDB993568601614751B35D7122D43D
:1005000006D62A842EDA32DC36DEBAC0BEC2C2C4B7
:10051000C6C603A5018411C51C4D81E72AC6A12BBF
:1005200032450C455418228636CEEF00B022B25028
:10053000225461618280011126CA06CE22CC4AC8AB
:100540004EC652C4AA8419E11C4502901C4D2E8946
:10055000ADE315239C4C8044B9CF972700009387C7
:1005600067C1631DF404C0407C50858B99E75E240D
:1005700093F7072099E3284C69255E24A18B99C342
:100580001C48D5E3A2852685A52A51CDFD547C5073
:10059000858B99E75E2493F7072099E3284C9D25E6
:1005A000F24062444249B249224A2685D24405615A
:1005B000828000455DB726857D2945B797270000D5
:1005C000938747B96314F400804479BF97270000EC
:1005D000938747B6E31AF4F8C04479B71CC40509F9
:1005E00063C807021C401387170018C08CA31C4463
:1005F00083450900FD17FDF11CC463D9070222865B
:10060000A94526858120FD57E302F5F8A94441B7A5
:10061000184C63C4E700E39745FD228626851D201C
:10062000E31735FDA5B7FD59294AD1B71C401387FB
:10063000170018C0294798A3D1BFAA8503A5018434
:100640006FF07FEF011122CC26CA4AC806CE4EC6F3
:10065000AA842E89328401C51C4D91E3292997274C
:100660000000938727B16317F402C0401C4C1CC4E0
:100670005E24A18B99C31C4895EFA285268549204D
:1006800015C97D59F2406244D244B2494A85424973
:1006900005618280972700009387C7AB6314F4003D
:1006A0008044E9B7972700009387C7A8E310F4FCBC
:1006B000C0446DBF1C4808409379F90F1379F90FB6
:1006C0001D8D5C486346F500A2852685912C55F961
:1006D0001C440505FD171CC41C401387170018C0D7
:1006E000238037015C486388A7005E24858BD9DBB3
:1006F000A947E319F9F8A28526851D2441D551B7EC
:10070000411122C426C24AC006C683A401842A8994
:100710002E8489C49C4C99E32685B12E972700002E
:10072000938747A56313F402C0408317C40013F7EF
:10073000870025E713F707010DEB25472320E90084
:1007400093E707045EA47D5571A097270000938767
:1007500067A06314F4008044C9BF97270000938703
:10076000679DE314F4FCC044C9B7918B9DC34C58FA
:1007700089C9930744046384F5004A859D2B232A85
:1007800004025E242322040093F7B7FD5EA41C48F4
:100790001CC05E2493E787005EA41C4899EB5E248E
:1007A0001307002093F707286385E700A2854A8591
:1007B0007D218317C40013F717001DC35848232455
:1007C00004003307E04018CC1848014501E713F74F
:1007D00007083DF7B2402244924402494101828019
:1007E00013F72700814611E3544814C4F1BF8397DF
:1007F000C500011122CC26CA06CE4AC84EC613F740
:100800008700AA842E8479E3D8416345E000B8418B
:100810006356E008585459C303A9040023A00400F8
:100820000C5093D7C748A9CB70485E24918B99C7C9
:100830005C401D8E5C5899C33C401D8E5C540C502E
:10084000814626858297FD57630CF5041C48056791
:10085000232204001CC05E24F98F91C368C84C5841
:1008600023A0240185CD930744046384F5002685E5
:100870004921232A04021DA00146854626850297A8
:10088000FD572A86E313F5FA9C40C5D37547638567
:10089000E70059476395E70623A024010145B5A069
:1008A00098408317C40001CFF5466305D700D946A9
:1008B0006319D7041C48232204001CC04DB71848F4
:1008C0002322040093D7C74818C041BF83A905015C
:1008D000E38609FC03A905008D8B23A035013309AC
:1008E0003941014791E3D84918C4E35920FB1C540E
:1008F0000C50CA864E8626858297634FA0008317C8
:10090000C40093E707045EA47D55F2406244D244DC
:100910004249B24905618280AA993309A940F1B7D9
:100920009C49411106C622C426C281EB8144B240D3
:1009300022442685924441018280AA842E8401C5E6
:100940001C4D91E30D2A972700009387A782631D12
:10095000F402C0408317C400F1DB7850058B11E727
:1009600093F7072099E3284C692C2685A285EFF0A0
:100970001FE87C50AA84858BDDFB5E2493F707205B
:10098000DDF7284C412465B7971700009387877CD3
:100990006314F40080447DBF971700009387877924
:1009A000E31AF4FAC0447DB7411122C406C62A8472
:1009B0004EA572A52320050023220500232405004F
:1009C0002322050623280500232A0500232C0500E1
:1009D000214681451305C505EF30CEDC9717000091
:1009E000938787855CD097170000938787871CD4EF
:1009F000971700009387478B5CD497170000938765
:100A0000878DB24000D01CD82244410182809705D6
:100A10000000938525F149A2411126C29307800663
:100A20009384F5FFB384F4024AC02E8922C406C61B
:100A300093854407452E2A8401CD232005002322D7
:100A40002501310508C4138684068145EF308ED513
:100A5000B24022852244924402494101828013859A
:100A600041A545A2138541A571AA138581A551AA67
:100A7000138581A541AA411122C406C62A84EFF03C
:100A8000DFFE1C4C91C72244B24041016FF05FFE73
:100A9000970700009387E7F71CD423240404232638
:100AA00004042328040483A74186639487008547B0
:100AB0001CCC2285152848C022853D2008C42285EB
:100AC000252048C4484001469145EFF0FFED084419
:100AD0000546A545EFF05FED48440946C945EFF0EE
:100AE000BFEC85471CCC45B7411126C24AC006C69B
:100AF00022C42A89EFF0BFF683A441869C4C81E78B
:100B00002685EFF05FF7938484048044DC40FD1772
:100B100063D607009C40A5C78440C5BF0317C40027
:100B200021EFC17785075CC41305840523220406E1
:100B3000C128EFF03FF321462320040023240400C2
:100B40002322040023280400232A0400232C040069
:100B500081451305C405EF30EEC4232A0402232C7B
:100B600004022324040423260404B24022852244E0
:100B700092440249410182801304840649BF914591
:100B80004A85EFF07FE988C02A8459F5EFF09FEDA0
:100B9000B1472320F900D1BF797122D44AD04ECE7B
:100BA00052CC5AC85EC606D626D256CA2A892E8A82
:100BB000130485048149054BFD5B0444832A4400EA
:100BC000FD1A63D00A0200406DF8B25022549254CC
:100BD0000259624AD24A424BB24B4E85F2494561B4
:100BE0008280DE24637BFB008397E40063877701C8
:100BF000A6854A85029AB3E9A90093848406C9B7F9
:100C00008280828082805971A2D42E848395E500EF
:100C1000A6D2CAD086D6B284368963D205025E24B3
:100C200093F707088DEB13070040B6502654232096
:100C3000F90098C0065996540145656182803000DC
:100C4000ED25E34E05FC3247BD67F98F7977BA97FA
:100C500093B71700C9BF814713070004F9B7DE2512
:100C6000797122D406D626D24AD04ECE898B2E84D4
:100C700091CF930774041CC01CC885475CC8B25050
:100C8000225492540259F249456182807400300026
:100C9000AA84EFF05FF7A2492A892685CE8599229A
:100CA00019E98317C40013F7072071FBF19B93E741
:100CB00027005EA47DBF97070000938787D59CD44B
:100CC0005E2408C008C893E707085EA4B247232A39
:100CD000340199CB8315E4002685A52D11C55E242A
:100CE000F19B93E717005EA45E2433E527014AA435
:100CF00079B7D1CD83A7C5FF011122CC06CE1384CD
:100D0000C5FF63D307003E942AC6452D138701A66D
:100D10001C43324581EB2322040000C36244F240AD
:100D2000056145A5637DF4001040B306C4006396D9
:100D3000D7009443DC43B29614C05CC0F9BF3E8731
:100D4000DC4399C3E37DF4FE14433306D700631FED
:100D500086001040B29614C33306D700E390C7FC58
:100D60009043DC43B29614C35CC34DBF6375C400AB
:100D7000B1471CC165B71040B306C4006396D700E5
:100D80009443DC43B29614C05CC040C341BF828030
:100D900041114AC01389C1A58327090022C426C274
:100DA00006C6AA842E8489E781458D212320A900C7
:100DB000A2852685A1297D59631A25017D54B2405B
:100DC0002285224492440249410182801304350065
:100DD0007198E30685FEB305A44026850529E31036
:100DE00025FFE9BF011126CA93843500F1984AC84E
:100DF000A104B14706CE22CC4EC62A89B3F4F40A28
:100E000063C4040063FDB400B1472320F900014529
:100E1000F2406244D2444249B24905618280712B5A
:100E2000938901A683A709003E8421E8A6854A8507
:100E3000EFF01FF6FD572A846317F50A03A4090093
:100E4000A287C9EB8329040081454A85A2997D2E9A
:100E50006395A9081C408D044A859D8CF198B14783
:100E6000A104B3F4F40AA685EFF09FF2FD576306E0
:100E7000F5061C40A6971CC015A01440858E63C8BB
:100E800006042D47637DD70204C0330794006396A0
:100E9000870223A0E9005C4014C35CC34A85152384
:100EA0001305B4009307440061993307F540E3014B
:100EB000F5F63A94898F1CC0A1BFD8C3E9BF58404A
:100EC0006395870023A0E900D1BFD8C3C1BFA28723
:100ED0004040A1BF3E84DC43ADB7B1472320F900B9
:100EE0004A85C5212DB704C155BF1C46FD171CC638
:100EF00063DA0700184E63C5E700A9476394F5005D
:100F00006FF04FF41C422E851387170018C28CA374
:100F10008280011122CC26CA4AC84EC652C406CECF
:100F20002A89AE893284B304D6007D5A63149400B2
:100F3000014509A80C204E864A85EFF01FFB0504E9
:100F4000E31645FFF2406244D2444249B249224A84
:100F500005618280357122CD26CB4AC94EC706CFA6
:100F600052C556C35AC1DEDEE2DCAA892E8432891C
:100F7000B68409C51C4D99E3EFF0FFAF9717000049
:100F80009387471F6318F40403A449007C50858BA2
:100F900081EB5E2493F7072081E7284CEFF07FC6B2
:100FA0005E24A18B99C31C48A5E3A2854E85EFF072
:100FB0002FF539C97C50858BA1C37D55FA406A4411
:100FC000DA444A49BA492A4A9A4A0A4BF65B665CAD
:100FD0000D618280971700009387C7176315F4008F
:100FE00003A4890065B7971700009387A714E31F30
:100FF000F4F803A4C90059BF5E2493F70720D5FF76
:10100000284CEFF03FC055BF93070002A304F10244
:101010009307000302D22305F10226C6930B500268
:10102000971A0000938A0A17294BCA849C2099C3F7
:10103000639A7709338C2441638E2401E2864A86C1
:10104000A2854E85EFF0FFECFD576306F518925729
:10105000E2973ED29C2063800718FD571389140045
:1010600002C802CE3ECA02CCA309010482D4834541
:101070000900154656853526C2479304190029E50F
:1010800013F7070109C713070002A309E10413F7C7
:10109000870009C71307B002A309E10483460900CA
:1010A0001307A0026389E602F247CA8481462546F7
:1010B000982093851400130707FD6372E60685C622
:1010C0003ECE15A085049DB733055541B397A7289B
:1010D00026893EC869BF324793064700184336C683
:1010E000634807023ACE98209307E002631CF70496
:1010F00098309307A002631AF702B2478904138756
:1011000047009C433AC67D57B3E7E70A3ECA1DA88D
:101110003307E04093E727003ACE3EC8E9B7B387EC
:101120006703AE848546BA9761B7850402CA8146D3
:1011300081472546982093851400130707FD6372A5
:10114000E606E9F68C200D46171500001305050587
:10115000892C11CD97170000938747041D8DC24736
:10116000130700043317A700D98F85043EC88C20CD
:101170001946171500001305A5021389140023044E
:10118000B102052435C99307000095E74247B247ED
:101190001377071009CF91073EC69257D2973ED2D8
:1011A00069B5B3876703AE848546BA9761B79D0773
:1011B000E19BA107D5B77800970600009386A6D5D6
:1011C00022860C084E8597000000E7000000FD57BE
:1011D0002A8AE314F5FC7C50858B81EB5E2493F71F
:1011E000072081E7284CEFF0FFA15E2493F7070466
:1011F000E39507DC1255D9B3780097060000938673
:1012000086D122860C084E85F124D1B7411122C423
:101210002A842E8523A201A606C6EF307EA4FD57A0
:101220006316F50083A741A691C31CC0B2402244B7
:1012300041018280411122C42E848395E50006C6B7
:10124000012B634905007C48AA977CC8B240224420
:10125000410182805E249397C7485EA4C5BFDE2506
:10126000011122CC26CA4AC84EC606CE93F70710F3
:10127000AA842E843289B68991C78395E500894670
:101280000146DD285E248315E400F2409397C748A9
:101290005EA46244CE864A86B24942492685D2443B
:1012A00005611DA8411122C42E848395E50006C660
:1012B000E1207D575E246319E5009397C7485EA43B
:1012C000B2402244410182809397C72868C85EA437
:1012D000C5BF8395E5003DA0411122C42A842E8517
:1012E000B285368623A201A606C6EF305E95FD576D
:1012F0006316F50083A741A691C31CC0B2402244E7
:1013000041018280411122C42A842E8523A201A694
:1013100006C6A521FD576316F50083A741A691C314
:101320001CC0B240224441018280411122C42A845F
:101330002E85B28523A201A606C6B121FD576316EC
:10134000F50083A741A691C31CC0B24022444101CD
:101350008280411122C42A842E8523A201A606C6BA
:101360000D29FD576316F50083A741A691C31CC044
:10137000B240224441018280411122C42A842E8538
:10138000B285368623A201A606C61129FD5763162B
:10139000F50083A741A691C31CC0B240224441017D
:1013A000828093F5F50F2A966314C500014582806B
:1013B0001C21E38EB7FE0505C5BF138501A56FF09F
:1013C0005F84138501A56FF0FF83797156CA9C492C
:1013D000BA8A984522D44AD04ECE52CC06D626D2CE
:1013E0005AC85EC6B3E7E70A1CC203C73504AA8918
:1013F0002E843289368A19C385071CC21C4093F794
:10140000070291C78327090089072320F9000440B8
:10141000998891E8130B9401FD5B5C440327090054
:10142000998F63CCF40483473404B336F0001C4036
:1014300093F70702A5EB13063404D2854E85829AF2
:10144000FD576303F5041C4011478144998B639950
:10145000E7008327090044449D8C8147B3E4F40AE4
:101460001C4418486354F700998FBE9401496904DD
:101470007D5B63982405014509A885465A86D28577
:101480004E85829A631E75017D55B2502254925446
:101490000259F249624AD24A424BB24B45618280BC
:1014A0008504A5BF3307D40013060003A301C704B6
:1014B0000347540493871600A2978906A381E70483
:1014C0009DBF85462286D2854E85829AE30E65FBB6
:1014D000050945B7797122D44AD04ECE52CC06D6F2
:1014E00026D256CA5AC803C88501930780072A899D
:1014F0002E84B289368A63E2070393072006938617
:10150000350463E10703630C081C93078005171675
:101510000000130666C96308F81493042404230129
:10152000040515A89307D8F993F7F70F5546E36616
:10153000F6FE171600001306A6C9B3C7C7209C43C2
:10154000B29782871C4393842504938647009C436B
:1015500014C32381F504854775A290411C4313757C
:1015600006089385470029C19C430CC3584063DF9C
:1015700007129305D002A301B40418C4635E0702E6
:10158000B307F04017160000130606C22948B684B8
:1015900033F70703FD143297182398A03E87B3D77B
:1015A0000703E37707FF85A09C43137506040CC36C
:1015B00055DD939757605DBF6D9A10C0D1B79041CC
:1015C0001C43137506089385470001C50CC39C4353
:1015D00031A0137606040CC37DDA9E231307F006B0
:1015E00017160000130646BC6310E80C2148A3013F
:1015F0000404584018C4E34C07F80C40ED990CC0A3
:10160000D9F7B68449F7A147631EF8001C40858BC3
:1016100091CB58401C4863C7E70093070003A38F92
:10162000F4FEFD14858E14C85287CE867000A28504
:101630004A85EFF09FD9FD5A631A550D7D55B2507A
:10164000225492540259F249624AD24A424B4561AD
:1016500082809C4193E707029CC1130880071716FC
:1016600000001306A6B5A30204050C401C4313F8A2
:101670000508138547006305080008C39C4339A08B
:1016800013F8050408C3E30B08FE9E2313F71500A7
:1016900001C793E505020CC099C3414889BF1840B2
:1016A0001377F7FD18C0D5BF294891B7171600006A
:1016B000130686AF294835BF90411C43CC491378A7
:1016C0000608138547006306080008C39C438CC3C3
:1016D00039A008C3137606049C4375DA8EA3232829
:1016E0000400B68491B71C43D041814593864700DE
:1016F00014C384432685EFF0DFCA01C5B3079540C4
:101700005CC05C401CC8A301040439BF1448268691
:10171000CE854A85029AE30355F31C40898B85E701
:101720004844B2473365F50A19BF85465686CE85CB
:101730004A85029AE30465F185045C443247998F37
:10174000E3C5F4FEF1BF8144930A94017D5BF5B7D4
:10175000411122C42A842E85B285368623A201A691
:1017600006C6A120FD576316F50083A741A691C3C5
:101770001CC0B2402244410182809307800523A20D
:10178000F1A67D5582809307800523A2F1A67D55A1
:1017900082809307800523A2F1A6014582809307EA
:1017A000800523A2F1A67D5582809307800523A2A0
:1017B000F1A67D55828000000000000000000000BE
:1017C0000000000000000000000000000000000019
:1017D00000000000000000006C33FEFF8433FEFFB9
:1017E000A833FEFFB233FEFFC833FEFF2A200000FD
:1017F00043483538355F424C455F4C49425F56316E
:101800002E340000686561642066696C652065722D
:10181000726F722E2E2E00004C494220696E697440
:10182000206572726F7220636F64653A202578209C
:101830002E2E2E0A00000000446973636F766572D5
:10184000696E672E2E2E0000446973636F76657291
:1018500079206F7665722E2E2E000000474150527F
:101860006F6C655F43726561746553796E632025A3
:10187000642072657475726E2025642E2E2E0A20E7
:10188000000000004741505F4558545F4144565F97
:101890004445564943455F494E464F5F4556454E80
:1018A000542E2E2E000000004741505F53594E43E6
:1018B0005F45535441424C49534845442E2E2E0017
:1018C00073796E632068616E646C653A20252378B5
:1018D0000A00000073796E6320696E746572766128
:1018E0006C3A2025640A0000706572696F64696350
:1018F00020616476202D206C656E202564202800F0
:101900002025237800000000202900004741505F77
:1019100053594E435F4C4F5354202E2E2E0000003F
:101920006F70636F6465202578202E2E2E0A0000CC
:101930009239FEFFEC37FEFFEC37FEFFEC37FEFF7F
:10194000EC37FEFF6438FEFFEC37FEFFEC37FEFF9E
:10195000FA38FEFF4239FEFF7A39FEFF43726561B5
:10196000742053594E432074696D656F75742C2033
:101970007265737461727420646973636F766572E3
:10198000792E2E00805FFEFF0060FEFF0060FEFFEC
:10199000D45FFEFF1E5FFEFF1E5FFEFF1E5FFEFFA9
:1019A0001E5FFEFF1E5FFEFFDE5FFEFFF65FFEFFB7
:1019B0001862FEFF3862FEFFD65EFEFFD65EFEFFB7
:1019C0004062FEFFD65EFEFFD65EFEFFD65EFEFFE5
:1019D000D65EFEFF2C62FEFF9462FEFF9A62FEFF5F
:1019E000D65EFEFFD65EFEFFBA62FEFFC262FEFF5B
:1019F000CA62FEFFE062FEFFD65EFEFFD65EFEFF1D
:101A0000D65EFEFFD65EFEFFD65EFEFFD65EFEFF12
:101A1000D65EFEFFD65EFEFFD65EFEFFD65EFEFF02
:101A2000D65EFEFFD65EFEFFD65EFEFFD65EFEFFF2
:101A3000D65EFEFFD65EFEFFA662FEFFAE62FEFF32
:101A4000F462FEFFD65EFEFFD65EFEFF9261FEFFF1
:101A5000B26FFEFF2C6FFEFFAA6FFEFF286FFEFF26
:101A60002C6FFEFF9E6FFEFF2C6FFEFF2C6FFEFFA4
:101A70002C6FFEFF2C6FFEFF2C6FFEFFB66FFEFF7C
:101A80002C6FFEFF9E6FFEFF387AFEFFCC7AFEFFC2
:101A9000FC7AFEFF807BFEFF667AFEFF667AFEFF21
:101AA000667AFEFF667AFEFF8E7BFEFF967BFEFF68
:101AB000C87BFEFF62A0FEFF62A0FEFFE4A0FEFF67
:101AC000E4A0FEFF84A0FEFFE4A0FEFFB8A0FEFF9E
:101AD000E4A0FEFFCCA0FEFFE4A0FEFFD4A0FEFF2A
:101AE000DCA0FEFFE4A0FEFF8CA0FEFF01010201CE
:101AF00002010102010104040601040101010101C6
:101B000004010201010000000101020102010102C1
:101B1000010204040601040101010101040402019F
:101B20000400000022ADFEFF36ADFEFF74ADFEFFE7
:101B30008EAEFEFF96AEFEFFD6AEFEFF0EAFFEFFF0
:101B400048AFFEFF7AAFFEFF30AEFEFFAEAFFEFF46
:101B50001EB0FEFF6CBBFEFF6CC1FEFF16BEFEFF9B
:101B600076BEFEFF4CC1FEFF86BFFEFFC6BFFEFF76
:101B700000C0FEFF36C0FEFF70C0FEFF6CC1FEFF5E
:101B8000B2C0FEFF24C1FEFF000000000000000004
:101B90000000000000000087070B0D1113171D1F28
:101BA00025292B2F353B3D4347494F535961FF00B2
:101BB000E6F3FEFF6CF2FEFFF2EDFEFF6CF2FEFFBD
:101BC000E6F3FEFF78EEFEFF4E2D0100AA24010091
:101BD0009E230100E42A0100B62A01008A2A01009E
:101BE000502A0100242A0100222B0100262B01008B
:101BF000142601002A2B0100E62901002E2B0100EA
:101C0000C4290100322B010084290100742901003C
:101C10003E290100362B01001E2901003A2B01004C
:101C20003E2B0100422B0100BC280100A223010031
:101C3000B6230100462B01004A2B01004E2B010068
:101C4000522B0100562B010062280100EC270100F5
:101C50005A2B01005E2B0100622B0100662B010054
:101C6000842701001A2B01001E2B010030250100E2
:101C700048240100E6230100BA2301007E17FFFF7C
:101C80009A17FFFF1018FFFF8417FFFF1418FFFFBC
:101C90008417FFFF1818FFFF43483538355F424C63
:101CA000455F4C49425F56312E342E34000000000F
:101CB0003865FFFF7665FFFF8A65FFFF2265FFFF3E
:101CC0009265FFFF9A65FFFFA065FFFFA665FFFF16
:101CD000A287FFFFB487FFFFBE87FFFFC487FFFF18
:101CE000CA87FFFFE087FFFFE887FFFFEE87FFFF60
:101CF000F687FFFFFC87FFFF0288FFFF0888FFFFD2
:101D00000E88FFFF1A88FFFF2088FFFF2688FFFF4D
:101D10006888FFFF2C88FFFF3288FFFF3888FFFFAD
:101D20003E88FFFF4A88FFFF6888FFFF6888FFFF43
:101D30006888FFFF6888FFFF6888FFFF6888FFFFEB
:101D40006888FFFF6888FFFF5288FFFF4488FFFF15
:101D50006888FFFF5888FFFF6288FFFF168CFFFF2F
:101D60002E8CFFFF568CFFFF6C8CFFFF808CFFFFDB
:101D70009E8CFFFFBC8CFFFFCC8CFFFFE88CFFFF2D
:101D8000FE8CFFFF208DFFFF368DFFFF4A8DFFFF8A
:101D9000608DFFFF748DFFFF848DFFFFA08DFFFF1F
:101DA000408FFFFF548FFFFF6A8FFFFF888FFFFF79
:101DB000F090FFFFC88FFFFFC28DFFFFDE8FFFFF98
:101DC000EE8FFFFF1A8EFFFF1A8EFFFFD88EFFFFE8
:101DD000E28EFFFFF68FFFFFA48FFFFF0690FFFF4D
:101DE0007E90FFFFC090FFFF1C93FFFFEC90FFFF72
:101DF000EC90FFFF7892FFFF6491FFFFB690FFFF2A
:101E00001493FFFFEC90FFFF2492FFFFAE92FFFFC1
:101E1000EC90FFFFEC90FFFFEC90FFFFEC90FFFFDA
:101E2000EC90FFFFEC90FFFFEC90FFFFEC90FFFFCA
:101E3000EC90FFFFEC90FFFF2891FFFFDC95FFFF88
:101E4000E495FFFF0496FFFF1096FFFF1896FFFF33
:101E50002096FFFF2696FFFF2E96FFFF3696FFFF88
:101E60003C96FFFF4296FFFF4A96FFFF5096FFFF0A
:101E70005696FFFF5C96FFFF9496FFFF9496FFFF38
:101E80006296FFFF6A96FFFF7096FFFF7696FFFF50
:101E90007C96FFFF8496FFFF8E96FFFF8698FFFFDC
:101EA000B698FFFFA298FFFFC098FFFF9E9BFFFF21
:101EB0003A9CFFFF489CFFFF569CFFFF6E9CFFFF74
:101EC0007E9CFFFF669BFFFF8C9CFFFFA09CFFFF9B
:101ED000009DFFFF1A9DFFFF949DFFFF2A9DFFFFBE
:101EE000949DFFFF949DFFFF949DFFFF4C9DFFFF7E
:101EF000949DFFFF949DFFFF949DFFFF709DFFFF4A
:101F0000B29DFFFFA69DFFFFB29DFFFFA29DFFFFB9
:101F1000B29DFFFFA29DFFFFB29DFFFFA29DFFFFAD
:101F2000B29DFFFFAA9DFFFFB29DFFFFA29DFFFF95
:101F3000B29DFFFFB29DFFFFA29DFFFFA29DFFFF8D
:101F4000A29DFFFFAE9DFFFFAE9DFFFFA29DFFFF85
:101F5000A29DFFFFA29DFFFFB29DFFFFA29DFFFF7D
:101F6000B29DFFFF12B4FFFF4AB4FFFF66B4FFFF4C
:101F700074B4FFFFA8BEFFFF30BEFFFFDABEFFFF55
:101F800030BEFFFFE6BEFFFF30BEFFFFA0BFFFFF7A
:101F900030BEFFFF3AC0FFFF30BEFFFF46C0FFFF6D
:101FA00030BEFFFF52C0FFFF30BEFFFF30BEFFFF5D
:101FB00030BEFFFF62C0FFFF30BEFFFF78C0FFFFF3
:101FC00082F90100DAC10100B6F90100E2CD010099
:101FD00026FA0100B4CD0100D0FA010086CD01003F
:101FE0005AFB0100E8D70100A4FB0100E8D701007B
:101FF000DCFB01004AD70100D0FA01003ACD010014
:1020000074FC0100C6CF01000000000000000000C9
:10201000AEFC01006AD0010012FD010052C20100B5
:10202000FB349B5F80000080001000000000000077
:10203000000102020303030304040404040404046F
:102040000505050505050505050505050505050540
:102050000606060606060606060606060606060620
:102060000606060606060606060606060606060610
:1020700007070707070707070707070707070707F0
:1020800007070707070707070707070707070707E0
:1020900007070707070707070707070707070707D0
:1020A00007070707070707070707070707070707C0
:1020B00008080808080808080808080808080808A0
:1020C0000808080808080808080808080808080890
:1020D0000808080808080808080808080808080880
:1020E0000808080808080808080808080808080870
:1020F0000808080808080808080808080808080860
:10210000080808080808080808080808080808084F
:10211000080808080808080808080808080808083F
:10212000080808080808080808080808080808082F
:10213000000000000000000000000000000000009F
:10214000000000000000000000000000000000008F
:10215000000000000000000000000000000000007F
:10216000000000000000000000000000000000006F
:10217000000000000000000000000000000000005F
:10218000000000000000000000000000000000004F
:10219000232D302B20000000686C4C0065666745DD
:1021A0004647000030313233343536373839414212
:1021B0004344454600000000303132333435363771
:1021C00038396162636465660000000078F3FFFFE0
:1021D0008EF3FFFF4EF3FFFF4EF3FFFF4EF3FFFFC3
:1021E0004EF3FFFF8EF3FFFF4EF3FFFF4EF3FFFFB3
:1021F0004EF3FFFF4EF3FFFFECF4FFFFF2F3FFFFA0
:1022000086F4FFFF4EF3FFFF4EF3FFFF1AF5FFFFCB
:102210004EF3FFFFF2F3FFFF4EF3FFFF4EF3FFFF1E
:042220008EF4FFFF3A
:102224008AB60100A6B7010000000000000000000B
:10223400AEC3010000000000020000005C4000206A
:102244000100000030400020020000005440002043
:10225400010000003D400020020000004C4000202E
:1022640000000000000000000200000050400020B8
:1022740003000000000000000000000070210200C4
:102284005021020030210200000000000000000084
:10229400000000000000000000000000000000003A
:1022A400000000000000000000000000000000002A
:1022B400000000000000000000000000000000001A
:1022C400000000000000000000000000000000000A
:1022D4000000000000000000A8640020020203E4E3
:1022E400C2840000C3812F01010101021005010114
:1022F40002020201020000005000A0000000E803F6
:1023040002080202020200000200000060400020F5
:102314000100FFFFFF200000A03F0020000000009C
:10232400FC500000052A00000229000003280000D8
:10233400012800000028000001180000A03F002030
:00000001FF
