:040000006F305069A4
:100004000000000000000000A0000020EE0300201B
:10001400A9BDF9F3FC01002000000000000000006D
:10002400FC010020A00000200000000000000000EF
:10003400A000002000000000A0000020000000003C
:10004400A0000020A0000020A0000020A0000020AC
:10005400A00000206C040020A0000020000000008C
:10006400A0000020A0000020A0000020A00000208C
:1000740018050020A0000020A0000020A0000020FF
:10008400A0000020A0000020A0000020A00000206C
:10009400A0000020A0000020A0000020A00000205C
:1000A40001A0B7170040984B41111367070198CB83
:1000B400982B1377E70F98AB1307800873370780E3
:1000C400137787083AC60F100000130770052380C2
:1000D400E704130780FA2380E7040F100000B847F1
:1000E400B70600069506558FB8C703C7B70413773C
:1000F400F70DA385E704B82713672701B8A71307EB
:1001040050149AA7372700408346578093F6F60E7B
:10011400A302D7808946A303D78003C7E7041377D4
:10012400C70F136717002387E70403C7F702136792
:100134002700A387E702982B1367170098AB238047
:100144000704B247F3A707800F1000004101828023
:10015400EFF03FF513050020970500009385450A4D
:1001640017460000130606D363FAC5008322050070
:1001740023A0550011059105E3EAC5FE17C502E069
:100184001305458A974500009385C5D01386819051
:1001940063FAC5008322050023A0550011059105CB
:1001A400E3EAC5FE138581909775000093850533B6
:1001B4006377B500232005001105E36DB5FE9302B6
:1001C4005002739002BC8D427390428085427390BA
:1001D40012BC93028008739002309702000093824D
:1001E40062E293E2320073905230975200E09382BD
:0C01F400C29173901234730020300000A0
:100200009305000273A04580824573901534924097
:100210002242B2424243D2436244F24402559255D2
:100220002256B2564257D2576258F258064996495A
:10023000264AB64A464BD64B664CF64C065D965D52
:10024000265EB65E465FD65F096173002030B7F761
:100250000700DC53411123A4F190B7170040984BDD
:100260001367070198CB982B1377E70F98AB130709
:10027000800873370780137787083AC60F1000008D
:10028000130770052380E704130780FA2380E7042F
:100290000F1000001307000C6315E5029A2713677F
:1002A000070C9AA7B7170040982B1367170098AB55
:1002B00023800704B247F3A707800F100000410115
:1002C0008280B82793760520ADCA118B29E303C736
:1002D000E70403C6E7041377F70F13663600238796
:1002E000C704B02713664600B0A792278E2733466F
:1002F000060893E5050C8EA7A5470100FD1793F7A7
:10030000F70FE5FFB717004092A72387E70493771D
:100310000510DDC3371700403C2793E707013CA7D2
:100320009377F50199EFB727004003C7578013670C
:100330000701A382E7801D470DA013672700B8A718
:10034000F9B725476366F704B727004003C757800E
:100350001377F70EA382E7800547A383E780334531
:100360000508B71700401367050C9AA78AA7B5CEF2
:1003700003C7570483C65704418B858A558F1DF3E5
:10038000B82B418B05D3B8271377D70FB8A719BF60
:100390009377050199EBB727004003C75780137780
:1003A000F70EA382E78009474DBFB727004003C778
:1003B00057801377F70EB5BF9377850181EFB72785
:1003C000004003C757801377F70EA382E780130717
:1003D000100561B7B727004003C757801377F70EA2
:1003E000A382E780130770058DBFB8271377B70F77
:1003F00071BF41118146014681451145F52A130718
:100400008008F337078093F787083EC40F10000079
:10041000B7170040130670052380C704930680FABF
:100420002380D7040F100000FD55CEB723800704AA
:10043000A245F3A505800F100000733707801377DE
:1004400087083AC60F1000002380C7042380D70412
:100450000F10000003C76704136717002383E70426
:1004600023800704B247F3A707800F10000001A004
:10047000197106C212C416C61AC81ECA22CC26CECC
:100480002AD02ED232D436D63AD83EDA42DC46DEF4
:10049000CAC0CEC2D2C4D6C6DAC8DECAE2CCE6CE64
:1004A000EAD0EED2F2D4F6D6FAD8FEDA93850193EA
:1004B0008841E700050092402242B2424243D243C3
:1004C0006244F244025592552256B2564257D257D0
:1004D0006258F25806499649264AB64A464BD64BC8
:1004E000664CF64C065D965D265EB65E465FD65F50
:1004F0000961730020304111B7170040985F3AC678
:10050000945F3247E39CE6FE324541018280B7E7C3
:1005100000E03707001023A0E7208280B7170040D3
:10052000130700032388E702854723ACF192730089
:100530002030411106C6EF00701CF5BF2303048074
:1005400015472303E48001002302A48082808307EF
:100550006480E3CE07FE23030480828083076480E7
:10056000E3CE07FE03454480828083076480E3CEA8
:1005700007FE2302A4808280411126C44AC24EC0D5
:1005800006C61377F50BAD47AA892E8995446306F5
:10059000F70019456537653F8D444E854537FD5950
:1005A000FD1463983401B240A244124982494101CA
:1005B0008280135509011375F50F453F2209CDB708
:1005C000011126CC06CEB704080051371545BD37BA
:1005D000713769372AC6A53F32459377150089EBF5
:1005E000136515001375F50FF240E2440561828032
:1005F000FD14E9FC0145CDBF3971B7F7070006DEF0
:1006000026DC4ADA4ED852D656D45AD25ED062CEC2
:1006100003AB47027D57B7E700E083AA070022C675
:1006200003AA470023A0E71823A2E718B71B00403E
:10063000930770052380FB04930780FA2380FB0453
:1006400083C74B041147AA8993E7070E2382FB0453
:10065000372400401305F00F2303E4802E8C3289E9
:10066000B684E93DED35938779FF93F7F70F094796
:10067000137BFB006362F712A1473707080063078B
:10068000FB00B70707003E9C378707007955637E5C
:10069000EC02B3878401636AF702A9476398F906FD
:1006A00089E481446D3526850DA0E2850945E9354B
:1006B00005090345F9FFFD14050C453D81C49377F9
:1006C000FC0FFDF7F53D69FD7D55B7170040130799
:1006D00070052380E704130780FA2380E70403C72B
:1006E0004704418B2382E704F250B7E700E023A0E0
:1006F000571123A24711E25432445259C259325A77
:10070000A25A125B825B724C21618280A547639A78
:10071000F906A1478569631DFB029387F9FFB3863C
:100720009700B374FC00B69493C7F7FFFD8C33FCBD
:100730008701416B856B9387F9FFB3F7870199E3D5
:1007400063FF340193D94900C147E3E637FF91BF06
:100750009307F00FE9B78567C169FD17C9B713059E
:10076000800D638869011305000263847901130514
:100770001008E2851135A93521D94E9CB384344146
:10078000C1B7E2852D45CD3BCA94E30C99F005092C
:10079000F133A30FA9FED5BF9387F9FF93F7F70FA6
:1007A000636FF70AA1476319FB06B70708003E9C71
:1007B00083C75B043707070093F7070299E337877E
:1007C0000700B70708003E977955E370ECF0B307D0
:1007D0009C00E36CF7EE8947639AF9048980D54958
:1007E000E38104ECE2850945413B11090327C9FF78
:1007F00091472320E48003076480E34E07FE230330
:100800003481FD17EDFBFD14110C81C49377FC0FAF
:10081000E9FF7D3371F54DBD83C75B0437070700E2
:1008200093F70702D5F33787070079BF8547E3843D
:10083000F9F2E2852D4589339389F4FFE38304E6D9
:10084000313B93F7390091EB83260480032709009D
:1008500093074900E398E6E43E89CE84F1BFB547AB
:100860006396F9001305900BD13925BDB1471305E7
:10087000B00AE38BF9FE99476394F904A147631525
:10088000FB00B70708003E9CE2852D45F531814409
:100890000D4BA149E1316396640183270480232035
:1008A000F9008504E39834FF8327048013172C0193
:1008B000635507002312F900EDB32322F900D5B3E5
:1008C0009D476399F90281451305B0047531BD4414
:1008D0002320090023220900FD59493193F77400B0
:1008E000CA9703C70700FD14398D2380A700E3963C
:1008F00034FF45BB91476399F900130560063D3904
:10090000B931130590098DB7E38D09D8F15459BB5E
:1009100023AC05FE1C4199E30CC182803E8783A76E
:1009200087FFEDFF232CB7FE8280411126C2B7E47A
:1009300000E04AC003A90400B707200006C622C48D
:100940003379F90023A0F4180F10000009E523A063
:100950002411014535A09565938505D0C98D2A845C
:100960002105B3C5050833450508EF10702E65D184
:10097000FD572320050042A17CA123A024112105BD
:10098000B240224492440249410182804111B7E7BA
:1009900000E04AC003A9070026C23707200006C6A8
:1009A00022C4AA843379E90023A0E7180F100000BD
:1009B00083A781940144014685E301C8A28513857C
:1009C0008194975000E0E780602DA16526859750BF
:1009D00000E0E780007E0DA003C7E7FF63199702E0
:1009E00005CCA28513858194975000E0E780002B09
:1009F000A1652685EF206015B24022852244B7E725
:100A000000E023A02711924402494101828011E0B5
:100A10003E8683A787FF4DB73E84E5BF37E700E0FA
:100A20001C43B70620002320D718F58F0F100000B5
:100A300019C191C111E637E700E02320F710828049
:100A40002E960F70B650D5BF37E700E01C43B706AF
:100A500020002320D718F58F0F10000019C101477F
:100A600085E137E700E02320F7108280B386E500B8
:100A700003A80600B306E5007D1623A006011107B2
:100A800075F6C5B737E700E01C43B7062000232002
:100A9000D718F58F0F10000001C53307C50011E608
:100AA00037E700E02320F71082800505A30FB5FE8D
:100AB000E31DE5FEF5B7B7E600E09C4237062000EF
:100AC0002A87F18F23A0C6180F1000000145B30636
:100AD000A7008386060091E637E700E02320F710A1
:100AE00082800505EDB70111B7E700E026CA84430F
:100AF0004AC83707200006CE22CC2A892E86F98CD8
:100B000023A0E7180F1000009305F00432C6334508
:100B10000608EF10F0132A8401C53246CA85FD3D50
:100B2000F24022856244B7E700E023A097104249D3
:100B3000D2440561828037E700E01C43B7062000FD
:100B40002320D718F58F0F10000001C599C1014768
:100B500011EA37E700E02320F710054582800507FA
:100B6000E309E6FE3308E500B386E5000348080024
:100B70009422E306D8FE37E700E02320F710014572
:100B8000828037E700E01C43B70620002320D718F7
:100B9000F58F0F1000001307F6FFBA952A9663171A
:100BA000C50037E700E02320F71082809821FD156B
:100BB0000505A30FE5FEE5B737E700E01C43B706E0
:100BC00020002320D718F58F0F10000001C5330730
:100BD000C50019E637E700E02320F71001458280C1
:100BE00014210505E398B6FEE31CE5FE37E700E0B7
:100BF0002320F71005458280797126D293840196CF
:100C000022D4804006D64AD04ECE52CC56CA5AC8BC
:100C10005EC662C44DC437C9C901814B138B81952F
:100C20001309F937176A0000130ACA27976A0000E8
:100C3000938ACA24976900009389C92B3E2099EFB3
:100C40005C44639A0B009CC0032CC4002285EF1007
:100C5000900C628489A823A6FB00FDB783270B00B4
:100C600082971C443307F5406376F50003A789009B
:100C70001D8F2A976368E9062E200820EF10F06C7C
:100C80005C405844A9CB0C44176600000326062795
:100C9000AE97BE8663E4B70063E4C700B386C7407F
:100CA00014C4A28B3A8459F8176700000327071E63
:100CB000894763E6E7009767000023A9071CB25045
:100CC000225492540259F249624AD24A424BB24BE0
:100CD000224C4561828063940B0098C0B5B723A66F
:100CE000EB009DB703274A021DCB63EDA7023385B6
:100CF000A7401C2099EF03479A0183A6890061173A
:100D0000B307A7003E8563E4E70063E4D7003385BB
:100D1000D74083A70A016374F50023A8AA00A28B19
:100D2000404451B703A78900BA97D1B7011126CA29
:100D300006CE976400009384E41B22CC4AC84EC6BA
:100D400052C49C288844D9CFB7E700E003A9070024
:100D50003707200023A0E7183379E9000F100000BF
:100D600003C7019519CB23A02711F2406244D24456
:100D70004249B249224A0561828017670000130781
:100D800027498357C70AA1CB9C440324870A6304DD
:100D9000F404976900009389690E03A7090122856D
:100DA000630BF702138A819583270A008297636891
:100DB000A40C83270A00098C829783A70901984411
:100DC0003354F40AB307A4003E8563E4870063E468
:100DD000E7003385E740B7E700E023A027119C44F4
:100DE000639BA7021764000013044409184883A7F3
:100DF00081956319A70882979444374736FE1307F5
:100E000007C83697B307A7003E8563E4E70063E4AD
:100E1000D7003385D74017640000130464625C5C1C
:100E200089CB83A6C1A79C463707CDFF7D17F98FD5
:100E30009CC611E1884485475CD09767000083A772
:100E4000A708829715E15C5C99CF5C5089CF97F039
:100E500001E0E780E06797F001E0E78080EB9767CB
:100E6000000023A10760493B5C5CE38007F003A717
:100E7000C1A71C47B7063300D58F1CC7FDB59C44DE
:100E80003E9405BF829714489844B387A6003E85D8
:100E900063E4D700E3E1E7F83385E740ADBF23A67D
:100EA000A19401C585472388F1948280AA8799E59A
:100EB000176700000347070509C7D5B711476369DE
:100EC000B700176700001307A701B3C5E5209CC151
:100ED000828083A7C19481CF411106C6829783C7C0
:100EE000019599E323A60194B2404101828083C712
:100EF000019581E723A6019482808280411122C45A
:100F000026C206C64AC0976400009384645383C710
:100F10003402176400001304A4FCB9C31764000072
:100F20001304C4F513894196032709001C201430CB
:100F30000146B3A5E7208E21B5C911C21CA0082027
:100F4000636DD50697670000238A07F283A7819512
:100F5000D5E7B240224492440249410182808297FF
:100F60001C40F5FF9767000083C7C7F985E3DC489D
:100F7000858B89CFD84C9947631EF700976700008F
:100F800023AA074CEF10E00F5C4482971C44D9D78A
:100F9000829769B7D84C9D47E31AF7FE9767000020
:100FA00023AA074AEF10E00D1C48C5B7850793F741
:100FB000F70F0546E3EFD7F651B73327E5200E23A9
:100FC000231007002399019483A7C195B347F52007
:100FD0009C4382971C208326090003D721953377F1
:100FE000E540B3A6D7209222518F9AA299C38507D4
:100FF0001CA018201C30E36EF7F4A9B79767000017
:1010000083A7C7EF1CC8CD3E83C73402B9F383C79B
:10101000140299CBDC4C89EB97670000A38207444C
:1010200097F001E0E78040EB9767000083A7C7E9EE
:101030008DD31C4899DF183083260900814763C788
:10104000E702D84C9147E3E6E7F09767000083C7D3
:10105000671A918BE39F07EE83C70195E39B07EE29
:101060002244B240924402494101C9B133A6D7207B
:101070001222E31006EE8507D9B7B7C700401387E1
:10108000C72014431396264910C30100010093871B
:10109000872617650000032525E09C436A0514C3D5
:1010A00093C7F7FF99835D8D828023A6A1968280E6
:1010B000411122C417640000130484381C4426C262
:1010C00006C6858B9764000083A4C41A91EBEF20B9
:1010D00090472244B2402685924441016F1050430C
:1010E00098289767000023A107368947E301F7FE98
:1010F0000146930550020145EF10E0288145175540
:1011000001E0130565FC5D33014681450545EF109F
:10111000200E5C44858BC5DFB240224492444101DD
:1011200082809767000083A7A718639B07160111A9
:1011300022CC2A84094506CE26CA4AC84EC6EF20CC
:1011400030489389C1A603A6090093078007138935
:10115000C1A57CD223880194832709009384C1A769
:10116000B7053300D8572285719B13671700D8D76E
:1011700098431377F7CF98C398431377F7CF136744
:10118000072098C398401447CD8E14C7B7060300B4
:101190009386862534CA5457F59A54D798433424F5
:1011A000137707F893F6F607558F98C3EF10704D35
:1011B00083A60900370500827D15DC4293E71700FE
:1011C000DCC203260900030784065C569375F70307
:1011D000E605E98FCD8F5CD69305A0039C4063D5CF
:1011E000E508F84FB70500074D8FF8CFB7C7898ED0
:1011F000938767ED1CC6B7575500938757555CC258
:101200008347A40683444406DD8C894717670000A2
:101210002326F7249767000023AA07227C44BCDE1C
:101220009767000083C707CE99C7FC52FDFF9767F9
:10123000000023AB072018289D4781451725000093
:101240001305A5036306F70017050000130585E6DF
:10125000B13910386244F2404249B249A685D244BD
:10126000014505616F00D0789305200263DAE5003F
:10127000F84FB70500F9FD156D8FB7050005ADB73F
:10128000B70500F96945FD156357E500F84F6D8F07
:10129000B705000391BFF84F6D8F13178729B1B7BA
:1012A0008280976700009387A7F6E8530547542587
:1012B0006390E60203C747079147631AF7000111DD
:1012C00006CE2AC6EF10D0203245F240056191BD0E
:1012D000828083278511E5CB411122C406C658259B
:1012E0008345E5049437D2272A841377C70F1395D3
:1012F000466063F7C50663510506882793F6F6072F
:1013000094B70546936627006314C50093661700DB
:1013100054A4D8430907D8C3032504114CB82E861A
:10132000CC430905EFF08FEF832784115438D8435D
:101330003697D8C3DA27158FDAA789473CBC03470D
:1013400064039767000083C707B76369F706B24075
:1013500022440145410182801367170058A46DBFE4
:101360009376F60F63550502882785451366270097
:101370006314B5001366170050A454B8A384070083
:1013800085473CBC832784119C43D5FBC9B71367B1
:10139000170058A454B8A384070003250411CC43B4
:1013A0000905EFF0AFE7832784115438D843369707
:1013B000D8C3DA27158FDAA78D47E1B75C2493E706
:1013C00007015CA469B705458280411183A741A448
:1013D00022C406C6858B2A84CDEB78298357051D48
:1013E00063E5E70A4165130525F5977001E0E7809D
:1013F000E09841CD3C253EA583270412ADE3232090
:10140000A4122322A41285472311F40423200500EB
:101410007C2854415EA5583418A5054718B5138596
:101420001702176700000327670515811C437D1508
:101430001375F50F9CC25C43DCC21C479CC65C471D
:10144000DCC61C4B9CCA5C4BDCCA1C4F9CCE5C4F60
:10145000DCCE0DC19386060213070702C1BF8327A6
:10146000441288C3835724042322A4128507B3C7D8
:10147000070859BF17670000130787D91E2785077C
:101480001EA7B2402244410182805C24230904004B
:10149000054593C747005CA4EDB7142D854763EC61
:1014A000D70A1C3D2A870145CDEB5C2713F50701C0
:1014B0003C2B99CB834667039767000083C7B79F90
:1014C00063ECF60001E5828049E582808357271EA0
:1014D0000357671EBA9721A08357271E75F9014548
:1014E000ADCF9387C71217650000035565A1B3B54B
:1014F000A70237460F00411113060624814622C475
:1015000026C206C67D543385A702978002E0E78095
:1015100020BF9764000083C4749AAA949767000060
:1015200083A747D803A707099C433354E40AFDFB6C
:1015300083A78195829781476364A400B307A44081
:10154000B240224433B5970013451500924441013F
:1015500082808147B5BF01458280828003A7C1A6F2
:101560003C5BFDFF01000100828039C901116C0064
:1015700022CC06CE2A84EF20E04A15C9FD57630D20
:10158000F502B2479765000083C5559363EBB7003A
:10159000034594026244F240B385B74005616F1081
:1015A000205F1767000003276795BA97D5B7624495
:1015B000F24005616F20800BF24062440561828039
:1015C0008280797152CC176A0000130A6AC426D24D
:1015D00083244A0906D622D44AD04ECEC5C897677E
:1015E00000009387E7E5D44F15476384E604DC5396
:1015F0002A8989CF97F001E0E78080ED97E001E04C
:10160000E78020719767000023AE07E4FD596C0066
:101610002685EF2020411DE517250000130545050F
:10162000EFF0FF8783A7C1A63707100098C70547CB
:10163000B8DB0D45B250225492540259F249624A25
:1016400045618280637435013244AA898440E1F0A7
:10165000FD571305F00FE38FF9FC914763F1870203
:101660009307B4FF2320F9002324FA0A99E7976728
:10167000000083A7A7882320F900014565BF97676D
:10168000000083A7A787ED17A297E9BF09455DB7BB
:10169000797126D206D622D44AD04ECE52CC56CA22
:1016A0005AC85EC68347550303447513AA843E9403
:1016B0001374F40F9307400263F687001304B4FD1C
:1016C0001374F40F03A9841383A9C413A38B841286
:1016D00022864A85CE85978002E0E780A09D058915
:1016E00015E503CBD412014A814A337B6403930B83
:1016F000500252864A85CE85978002E0E780809B23
:1017000005890DC563916A031374FA0F238B841244
:10171000B250225492540259F249624AD24A424B80
:10172000B24B45618280850A939A4A60050AE312AA
:101730007AFDE9BF8327850903560504797193D69D
:101740000701BD8EB3C60608358E93575640898B68
:10175000135776485D8F93573640918B5D8F935723
:101760001640A18B5D8F93171600C18B5D8F931769
:10177000360093F707025D8F9317560093F707041F
:101780005D8F9317760093F7F70F22D45D8F2A842D
:101790009357D6001355B6001189898B935586004F
:1017A000C98F1355F6002582C98F218AD18F1396D0
:1017B0001500418AD18F1396350013760602D18F1A
:1017C0001396550013760604D18F13967500137681
:1017D000F60FD18FA207C5455D8F3307B70226D21A
:1017E0004AD04ECE032984138329C4135AC806D67F
:1017F00052CC56CA36973347070813565740098AC2
:1018000093577748D18F13563740118AD18F13568B
:101810001740218AD18F13161700418AD18F1316D2
:10182000370013760602D18F13165700137606047D
:10183000D18F131677001376F60FD18F1358B70098
:101840001356D70013784800098A1355870033666A
:1018500006011358F700258333660601218B518F4B
:1018600013161500418A518F1316350013760602A0
:10187000518F1316550013760604518F13167500F9
:101880001376F60F518F2207D98FB387B7025EC642
:10189000B697B3C7070813D55740098913D77748B8
:1018A000498F13D537401189498F13D517402189A6
:1018B000498F139517004189498F13953700137588
:1018C0000502498F1395570013750504498F139529
:1018D00077001375F50F598D13D8B70013D7D700BC
:1018E00013784800098B13D687003367070113D894
:1018F000F700A58333670701A18BD98F1317160053
:10190000418BD98F1317360013770702D98F13171E
:101910005600137707041E06D98F1376F60FD18F62
:10192000A2073367F5003307B702130650024A8552
:10193000CE853697B98EB3C4060833F6C402137B3E
:10194000F60F977002E0E780E076058905E9834AA3
:10195000D412014A930B5002B38A9A02814493DA5B
:101960000A0126864A85CE85977002E0E78080745A
:1019700005890DC563914A0313FBF40F230B641310
:10198000B250225492540259F249624AD24A424B0E
:10199000B24B45618280050A137AFA0F8504E392FF
:1019A00074FDE9BF8327C50803568508797193D66E
:1019B0000701BD8EB3C60608358E93575640898BF6
:1019C000135776485D8F93573640918B5D8F9357B1
:1019D0001640A18B5D8F93171600C18B5D8F9317F7
:1019E000360093F707025D8F9317560093F70704AD
:1019F0005D8F9317760093F7F70F22D45D8F2A84BB
:101A00009357D6001355B6001189898B93558600DC
:101A1000C98F1355F6002582C98F218AD18F13965D
:101A20001500418AD18F1396350013760602D18FA7
:101A30001396550013760604D18F1396750013760E
:101A4000F60FD18FA207C5455D8F3307B70226D2A7
:101A50004AD04ECE0329040A8329440A5AC806D61E
:101A600052CC56CA36973347070813565740098A4F
:101A700093577748D18F13563740118AD18F135619
:101A80001740218AD18F13161700418AD18F131660
:101A9000370013760602D18F13165700137606040B
:101AA000D18F131677001376F60FD18F1358B70026
:101AB0001356D70013784800098A135587003366F8
:101AC00006011358F700258333660601218B518FD9
:101AD00013161500418A518F13163500137606022E
:101AE000518F1316550013760604518F1316750087
:101AF0001376F60F518F2207D98FB387B7025EC6D0
:101B0000B697B3C7070813D55740098913D7774845
:101B1000498F13D537401189498F13D51740218933
:101B2000498F139517004189498F13953700137515
:101B30000502498F1395570013750504498F1395B6
:101B400077001375F50F598D13D8B70013D7D70049
:101B500013784800098B13D687003367070113D821
:101B6000F700A58333670701A18BD98F13171600E0
:101B7000418BD98F1317360013770702D98F1317AC
:101B80005600137707041E06D98F1376F60FD18FF0
:101B9000A2073367F5003307B702130650024A85E0
:101BA000CE853697B98EB3C4060833F6C402137BCC
:101BB000F60F977002E0E780E04F058905E9834A58
:101BC0001408014A930B5002B38A9A02814493DAB3
:101BD0000A0126864A85CE85977002E0E780804D0F
:101BE00005890DC563914A0313FBF40F230F6407A6
:101BF000B250225492540259F249624AD24A424B9C
:101C0000B24B45618280050A137AFA0F8504E3928C
:101C100074FDE9BF797122D426D22E84AA8441466C
:101C2000979502E0938505B40A8506D6972000E0D3
:101C3000E780E02A4146979502E09385A5B208081F
:101C4000972000E0E780A0293C3010088A85DC87D7
:101C50005C2026855C875C30DC8697E001E0E780CD
:101C6000A0E30347F1011C200145631EF700034771
:101C7000E1011C3001456318F7000345D1013C2008
:101C80001D8D13351500B250225492544561828047
:101C9000011122CC26CA4AC84EC606CEAA841754C1
:101CA00000000324246313092500854905C09C30E6
:101CB0003830858B6304F700405CCDBF194693052F
:101CC00044004A85EFE03FE7E31835FFF240228504
:101CD0006244D2444249B24905618280411122C422
:101CE00026C24AC006C6175400000324A45E93040B
:101CF0002500054901E8B240228522449244024968
:101D000041018280A6851305A4022937E30525FF3A
:101D1000405CCDB7411122C426C24AC006C6175442
:101D200000000324245B93042500054901E8B24028
:101D3000228522449244024941018280A6851305EE
:101D4000A401C93DE30525FF405CCDB7011126CABA
:101D5000644122CC4AC84EC652C406CE2A841D49CC
:101D600093096505054A3C4463E4F4000545A1A0D8
:101D70005834DC2063192705034784026304F70005
:101D80008440D5B7D83083475405E31BF7FE194686
:101D90009305640513856400EFE0FFD98547E311DF
:101DA000F5FED82483479402E31CF7FCFA243E3462
:101DB000E318F7FC0145F2406244D2444249B2497B
:101DC000224A05618280E31DF7FAD8308347540523
:101DD000E318F7FA1946CE8513856400EFE0BFD506
:101DE000E31045FBC1BF011122CC26CA06CE2AC48E
:101DF0002EC6175400000324644D854419E00145A4
:101E00000DA09C841830858B6304F7000044FDB757
:101E100019469305A10013052400EFE0DFD1E31775
:101E200095FEF2406244D24405618280EFF06F8AF1
:101E300073000000000000009382019503830200FC
:101E400023800200630F0300F32510342EC0970592
:101E500000009385E5FD73901534EF00405B73003F
:101E6000203086DCEF00A05AE6508280000041114D
:101E70004AC01389C1A50327090026C206C61C5FF4
:101E800022C4938481A593D76748B5CF93070006F2
:101E90001CDF175400001304A45A184C93070008C1
:101EA0006317F7009C409C4393F707041CCC1C402D
:101EB00093F7070489CB83A78195829748D81C4064
:101EC00093F7F7FB1CC01C4093F7070289CF1C4017
:101ED00003A7C1A6B706080093F7F7FD1CC05C5422
:101EE00014C786077CD71C4893F7070489EF8547FA
:101EF0005CC83707020083A7C1A698C71307000C68
:101F000018C81854F8D383270900985F1357474817
:101F100011CF985F1367070198DF83A7C1A623A29B
:101F200007068547175700002324F7529C40D843E3
:101F30001357174819C7D843759BD8C3D843799B03
:101F4000D8C3B240224492440249410182800537FD
:101F500073002030975700009387874E370704009F
:101F600088DB698F01CF03A7C1A6FD5634D79756EA
:101F700000009386A6F0D84E0507D8CE13778500CB
:101F800019CF984783A6C1A51367170098C71307F1
:101F9000000898CBD856719B13671700D8D61377D3
:101FA000150001CFD84383A6C1A513671700D8C376
:101FB000D856719B13671700D8D61377650019CFD1
:101FC0001377450059C398431367170098C383A636
:101FD000C1A5D856719B13671700D8D64167698F82
:101FE0000DC39756000083C6E629C18A1757000023
:101FF00013070722A5C28346470793E60602230A72
:10200000D70637070200698F01CF984B137707086F
:1020100019C3054798CB83A7C1A63707020098C705
:10202000B70708007D8D0DC117570000034797259E
:10203000058B975700009387A71D1DCB03C7570734
:1020400013672700A38AE7068280D8471367170023
:10205000D8C7B5BF834647070946BD8A6388C6000F
:10206000834647070D46BD8AE39DC6F8914641BFAA
:1020700003C75707118B69DB03C75707136787002F
:10208000D1B783A6C1A6175700001307673B1C43AF
:10209000858B91E75C43858B99E3FC52EDFB975769
:1020A000000023A9073A82809386C1A52A87884227
:1020B0001C5D93D75748D1E781C51C59BD839CA1AE
:1020C00015C69C42945BC60693D7660163D606008C
:1020D00093E707C0B3C707088316060093975760B6
:1020E000B9C6BE968947B3C6F60216A283A7C1A693
:1020F000BC4B083393D757488DCF29C5975600005E
:1021000083A6863593F606049307950009459DCA74
:10211000BA979C230547194593F6F7066394E602A0
:1021200001459397476063DF0700394582801EA20F
:1021300075BF2A9748331375F5077D153335A00011
:1021400082800545828083A741A699CB944BD04BD2
:102150009842518F98C294439C479842D98F9CC211
:102160001386C1A60548184283A6C1A5975700004B
:102170009387072D6312050503A806001368080856
:1021800023A0060183C62702B3C5D52054479385F3
:10219000A50C13981649232607010F1000001842BA
:1021A00037060200860510C71306000890CB6CD3D3
:1021B00054C72380A1A6828088421375F5F788C290
:1021C00083C62702B3E5D52054479385E50E1395C2
:1021D000164948C70F10000018423706020086054E
:1021E00010C71306000890CB6CD354C70945D1B76C
:1021F000411122C4AA8706C626C22E851384C1A611
:10220000B285DDE71C40F8537DFF3707020098C711
:102210009757000023AA072297540000938484C88C
:10222000DC5085C7B7E700E03707200023A0E72888
:10223000B7F700E0938707D0984B6D9B98CB984BEE
:102240001367870398CB73005010F53D83A7C1A592
:1022500098431317772998C3D857719BD8D79757A6
:10226000000023A9071E9757000023AD071C1C4040
:10227000094798C3DC5099CB37F700E0832707D193
:1022800093E787002328F7D07300501014401757A6
:1022900000001307E71A1C47858B91E75C47858B85
:1022A00099E3FC52EDFBB24022449244410182800A
:1022B0000D47639EE7049757000023A70718975719
:1022C000000023A50718975400009384A4BDDC5098
:1022D00085C7B7E700E03707200023A0E728B7F756
:1022E00000E0938707D0984B6D9B98CB984B136772
:1022F000870398CB73005010B93583A7C1A59843C5
:102300001317772998C3D857719BD8D7A5B7054716
:10231000E39EE7F6975600009386C6B8DC5285C761
:10232000B7E700E03707200023A0E728B7F700E071
:10233000938707D0984B6D9B98CB984B1367870377
:1023400098CB730050101C40D04713171649D8C7BC
:102350000F1000001C403707020098C71307000841
:102360009755000023A6E50E03A7C1A518431357F0
:10237000774819C71307E018F8D3D0C7DC52E5BD7A
:102380001307E01AD5BF83A741A689CFD44303A87A
:10239000870098423367070198C2D447DC4B9842C4
:1023A000D98F9CC2054783A7C1A59505631EE50289
:1023B00098431367070898C3984F137707C01367AC
:1023C000A71398CF13078007B8BB9397350093875F
:1023D000C703175700001307A7061CD72380A1A621
:1023E00019C2060610D78280984309451377F7F77C
:1023F00098C3984F137707C01367271398CF130715
:10240000F007B8BB939745009387C703D9B783A755
:10241000C1A68847D847798D11C588C783A781A6EB
:1024200091C382878280896703A7C1A6938707F437
:102430007CD383A6C1A783A7060993D7A74991C7D1
:1024400083A7060993D7974999E37C53EDF78280D8
:102450004111B7E700E022C480433707200006C6D9
:10246000798C23A0E7180F10000011C199E5B7E798
:1024700000E023A08710014549A80D053345050854
:10248000130740037199B34705086362A70203A5C8
:1024900001B183A681B0639FA600175700000327F0
:1024A00067A371D7C207DD8D05450297C9B703A59C
:1024B000C1B0C5B77A2131EF5A21636CF704B30676
:1024C000F7402148175600001306469B6375D80253
:1024D0008328050003586600938687001D8FAA96FF
:1024E0006117DAA223A016012393060014C15EA18E
:1024F000130788FF7AA27A226EA12105B307F7405D
:102500007EA2B7E700E023A08710B2402244410139
:102510008280084149B7B7E700E08C4337072000C5
:1025200023A0E718F98D0F10000001E523A0B710D4
:10253000828003A301B183A881B09A87814663F8A2
:10254000170903A807006367F5086365A8081387E0
:102550008700636EE506F223216705076317E6002F
:10256000138631A21822050718A21755000013057B
:10257000E590D2237A212393070032973347070847
:102580007AA16383670203A3C1B0630FF30003D38F
:102590006600631B0300DE2223A0060121073E968E
:1025A0002106D2A27AA1B68798436302170383A6B5
:1025B000C1B0630ED700762399EAD623522318437D
:1025C000A106B296D6A398C37E21A1077EA1B7E744
:1025D00000E0A9BFBE86C2879DB7AA8703A701B145
:1025E00003A681B0B305B5406314E6003E8529A873
:1025F000930687001843E3E9D7FEE3F7E7FE2E854D
:10260000E3E4D5FEE3F2E5FE8280411126C206C670
:1026100022C44AC09754000083A404C563830410F5
:1026200003A4C40AAA86054535C03C241307700AD2
:102630006390E70858301C34175900001309898B40
:1026400003268900B387E7020357C900B387E7026F
:102650001307003293870719B3D7E70203A744098A
:102660003E97BA846364F7006364C700B304C7404D
:1026700083A7819584C28297B387A44063F5A400A1
:1026800003278900BA9789EB1305F00FB240224463
:10269000924402494101828058309306204E33070C
:1026A000D702E3F3E7FE930780FA3CA40145F9BFA4
:1026B0001307800AE39AE7FC83A7819582972A890A
:1026C0003545EF10E06FAD47175700002328F7D8C6
:1026D00058301C34175600001306C681B387E70232
:1026E0005A261046B387E70213070032938707196B
:1026F000B3D7E70203A744093E97BA866364F7009D
:102700006364C700B306C740E310D9F8176502E059
:1027100013050589EFE0AFF883A7C1A60947F8D7ED
:10272000A5B70545A5B7397156D2975A0000938AC7
:102730002AD183A70A033707080026DA06DE22DC3F
:102740004AD84ED652D45AD05ECE62CC66CA6AC837
:102750006EC6F98F9754000083A404B16384071CEC
:1027600083A9C40A83C7990003A4C90092073E94B1
:102770002820B14705053305F5025E203E95334517
:102780000508EFE08F9AAA8C6305051A130DC500A2
:102790002324A50134203146370B0300B386C6023B
:1027A000231304000149138AC1A6938BC1A5938DFD
:1027B000C1A7130B8B15054CEA9654C483C6790048
:1027C0009307D00783250A00B386F602C1679CC52C
:1027D000370833008606B4D183A60B0090421376E7
:1027E000F6CF90C290421376F6CF1366062090C2C1
:1027F00003A50D0010453366060110C503A60900A8
:1028000023A865059305500290C672205444B296E1
:102810002324DD0014300146CA96A301DD0003C560
:1028200004089756000023AF06C0B13E83260A0075
:10283000CC4613961549D0C60F10000083260A0017
:102840003706020090C61306000823A8CA0003A694
:102850000B00104213567648631F860B1306E018D0
:10286000F0D2CCC617560000232606BE175600002D
:10287000232A06BC23A08601EFF0BF80EF10A04CF6
:1028800083A64A00858AD9CAEA852685976002E030
:10289000E78020770DE903465D0049C276204E208F
:1028A000B29663DDB606B428AC4803258D00918E40
:1028B0008906B695EFE08F9623020D0003465D0072
:1028C0007620B29676A003260A00310D3452FDFE22
:1028D000342005091379F90FE362D9EE9C2466854B
:1028E000A381FC001C20A3820C002383DC00238234
:1028F000FC006254F250D2544259B259225A925AB0
:10290000025BF24B624CD24C424DB24D2161171327
:1029100001E0670023FB1306E01A99B7FD56230276
:10292000DD0055B783A7C1A6FC5781C7854723881B
:10293000F194F2506254D2544259B259225A925AE6
:10294000025BF24B624CD24C424DB24D216182800F
:10295000411122C406C626C24AC02E848DCD13F969
:1029600015008147414763020904131745003E974C
:10297000B1463307D70283A48196B317F02833C931
:102980000708BA949C40C840829723A0040023A261
:10299000040033448900B240228522449244024913
:1029A00041018280B356F448E9F28507E39CE7FED3
:1029B000CDB7011126CA06CE22CC4AC84EC6AE8477
:1029C000A1C593F7150001444147B1CB93174500CA
:1029D000A2973147B387E7029389819603A909003B
:1029E0003E998327090081C7032549008297314713
:1029F0003307E40283A70900BA979C478DC73314B5
:102A00008028B3470408BD8CF24062444249B24971
:102A10002685D24405618280B3D68448C5FA050470
:102A2000E31CE4FECDB72320090023220900C1BF27
:102A3000AA8703A5019611E182803A216315B700A8
:102A40001821E30BF7FE4845FDB77971B7E700E0C1
:102A500022D4804352CC06D626D24AD04ECE56CA75
:102A60005AC85EC662C43A8A37072000798C23A010
:102A7000E7180F10000005E123A087100945B250A8
:102A8000225492540259F249624AD24A424BB24B02
:102A9000224C4561828083A78195B6892A89AE8AB6
:102AA000328B938B8196829703A70B008144B146AA
:102AB000C147338CD40233068701104235EEC1651D
:102AC000938505F04145EFF0BF9819ED9747000059
:102AD00083A7474081C7814511458297B7E700E04A
:102AE00023A087102D4561BF138701961C43A1E3E6
:102AF00008C323000500B31790283EA183A70B004D
:102B0000232605002324650123224501E29723A003
:102B1000270123A2570123A44701638409002380CE
:102B20009900B7E700E023A08710014589BF3E87E1
:102B3000DC47F5FF48C775BF8504E39CF4F6B7E7AB
:102B400000E023A0871021451DBFB7E700E09843B0
:102B5000B706200023A0D718758F0F1000009746E6
:102B6000000083C6B6316371D50283A64196332532
:102B7000D5201621D58D0EA19746000023A806303A
:102B800023A0E7100145828023A0E7100D45828035
:102B90000111B7E700E022CC80433707200006CEC2
:102BA00026CA4AC8798C23A0E7180F100000BD4739
:102BB00063E7A70431473307E50283A78196BA97F5
:102BC0009C4395CF3315A0282E89B34505080145B0
:102BD0002EC6B93DAA8409C9B2450145973000E027
:102BE000E780202323A42401B7E700E023A0871077
:102BF0000145F2406244D244424905618280B7E710
:102C000000E023A087100945EDB79746000083C672
:102C1000665B83A7819E01476394E600014582803D
:102C20008E23138687026394A5003E858280050764
:102C30001377F70FB287CDB79747000083C7975830
:102C4000AA86850703A5419F014712216307D60085
:102C500005071905E36BF7FE014582802A8703A566
:102C6000C19F11E182801C45B227636BC7000358E6
:102C70004500B306C8006355D7008146639406013A
:102C80000841C5B703D3A700938807016316E30083
:102C900091C192A13E8582808506C687B3C606088B
:102CA000F1BF9746000083C6E65183A781A2014782
:102CB0006394E60001458280AE231386C7036394C4
:102CC000A5003E85828005071377F70FB287CDB741
:102CD000411122C406C6974700002385075A03A462
:102CE00081A305C06C390145B315B028B3C50508EB
:102CF000973000E0E780C05C930710273305F502AA
:102D000002942244B2408145014541016FE00F9A8F
:102D1000411106C6383D19C73425631ED702B2409B
:102D200041017DB73C2DE5DF3825E30AF7FE3CA5E0
:102D3000814517E5FFFF13050557EFE02F979747EC
:102D4000000083C7271C89C783A7C1A65147F8D3B2
:102D5000B240410182803C2D89C7E39AF6FC38A538
:102D6000C1BFD5FEEDBF41114AC01749000013098C
:102D7000296D8327890022C426C206C69744000015
:102D800093840449858BE0509DCB9747000023AD89
:102D9000076A83C74407C18B85CFEF00D07A83C70A
:102DA000440793F70702E5DF83C74407228593F7BB
:102DB000F70C238AF406972001E0E7804051EF00EA
:102DC000907822852244B24092440249410109B7D9
:102DD00083C75407858B91CBEF00F0768D47230E88
:102DE000F406BC5822858297D9BF83C7440715478C
:102DF000BD8B6395E7048347B4060345340601465B
:102E0000930550025D8DEFF00FD8014681450545D1
:102E1000EFF00FBE8327C900858BD5D32285974756
:102E2000000023A50762972001E0E780003241F906
:102E3000B2402244924402494101828083C7440740
:102E40001947BD8BE39DE7F68347B4060345340677
:102E50000146930550025D8DEFF0EFD201468145AA
:102E60000545EFF0EFB88327C900858BA9DB2285E4
:102E70009747000023AC075C972001E0E7806006DD
:102E80007DB7411122C426C206C67C2578452A8416
:102E9000BD8B1CA91CA31D4764456395E7340547FA
:102EA000B8A08347F5058D466393D7185E2DCDE313
:102EB0007C491147B18B638DE70831476398E70080
:102EC000034715068347F5076304F7088547BCB039
:102ED00019469305640313854400EFD03FB4BC202A
:102EE000990793F7F70FBCA003470406137707046D
:102EF00001CFB83013670704B8B07844BA97583890
:102F0000B8B3BC208507BCA097470000238C0736C8
:102F1000BC2013F7F703050718B80347E4051A07A1
:102F2000D98FBCA083475403858B91E703474403A3
:102F300089476317F70078441C2393E707041CA311
:102F40007C44183898B3B2402244924441018280B4
:102F5000A147BCB08357C406974500009385452B15
:102F60001386C1A6DCA08357C40603471406744425
:102F7000A1831207BD8BD98FDCB2B42085478906A7
:102F800093F6F60FB4A0174700000347A72F631E60
:102F9000F706183C9387E6008E07231AF4069387FA
:102FA000C708B387E702794510420948238A050715
:102FB000C1650CC6938707FBB3C7070893877716CD
:102FC000B3C7A70233C70708B387A70286073CD257
:102FD000BC3093E70701BCB07C44B6978346240617
:102FE00093E60604B4B3B4207C44B697D8A3B420C7
:102FF0007C4421837D8BB697834634069606558F95
:10300000D8B3BC208D07BCA021B71042F947385275
:1030100005833357F7023C5268528583FD8BAA978C
:103020007CD28D47238AF5063347070855B71946E2
:10303000639BC7125E2DC1E393056503B8B013858A
:103040004400EFD0BF9DBC201385A4009907BCA00D
:10305000BC3093E72700BCB083475403898B95CFDE
:103060000C58BC299DCB1946D105EFD03F9B784425
:103070001C2393E707F81CA3BC20990793F7F70FCD
:10308000BCA00347040613770704E30F07E6B43038
:10309000784493E60604B4B095B58347D40391C74A
:1030A00078441C2393E707F81CA319469305E4030F
:1030B000EFD0DF96D1B7A147BCB08357C506DCA0DF
:1030C0008357C506034615066C45A1831206BD8BC2
:1030D000D18FDCB1B020174500001305651393852F
:1030E000C1A609061376F60FB0A09747000083C764
:1030F00067196398E704183C9307E6008E07231AC4
:10310000F4069387C708B387E70279488946230AFC
:10311000D5069441C1658CC6938707FBB3C70708E2
:1031200093877716B3C7070333C70708B387070327
:103130008607BCD2BC3093E70701BCB07C44B29791
:1031400071BD8C41B851F94705833357F702BC5123
:1031500003A845068583FD8BC297FCD1230AD506BB
:1031600033470708C1BFA147BCB08357C506DCA0E1
:103170008357C506034615066C45A1831206BD8B11
:10318000D18FDCB1B0201745000013056508090692
:103190001376F60FB0A09747000083C7A70E83A54C
:1031A000C1A6E391E7FA183C9307E6008E07231ABD
:1031B000F4069387C708B387E702F9460948230A4C
:1031C0000507416588C5938707FBB3C70708938741
:1031D0007716B3C7D70233C70708B387D702860766
:1031E000BCD189BF0547639EE706B1471CB9834739
:1031F0005503898BA1CB0C59BC29A9C71946D10508
:1032000013858400EFD09F8178441C2393E707F84F
:103210001CA368441946930564030905EFD01F8079
:1032200011679747000083A7A70BF98FE38C07CEA0
:103230007C24B98BE39807CE78441C2393E70702DC
:103240001CA3CDB18347D40389C79C2093E707F81B
:103250009CA0684419469305E4032105EFD00FFCB8
:103260004DBF522D0C559307660093F7F7031CB919
:1032700013858400E5B7011126CA974400009384A2
:10328000241C9C4422CC06CE17440000130444F8AE
:10329000858B6850C9C32AC69747000023A6071A22
:1032A000EF00702A03474407894732456307F70058
:1032B000034744078D47631CF70283A6C1A6BC528F
:1032C0000357450785831307C71263F2E702BC5211
:1032D0008583B1C3914703474407E31EF7FE624469
:1032E000F240D2440561172301E067006326382DC0
:1032F0003C3D09CF34256309D7026388F60238A51F
:103300006244F240D24405616FD0BFE199CF3825C5
:1033100009EF3CA5F5B72AC6EF00F022624432451A
:10332000F240D24405616DB2EDF7DC4CEDF7034796
:10333000440789476307F700034744078D47E31CA9
:10334000F7FC914703474407E31EF7FE49BF630EAE
:103350000530011122CC06CE26CA4AC84EC652C438
:1033600056C2582585472A846316F72C97470000D4
:103370009387070DD44F1547638AE600D44F0D4756
:103380006386E600D84FAD476312F7026C3862449B
:10339000F240D2444249B249224A924A014505616B
:1033A000B315B028B3C505086FF02FFA163113070F
:1033B0000064974400009384A4E53347D7029C201F
:1033C000E8D0850793F7F70F9CA063CAE700973012
:1033D00000E0E780803297470000238B07E27824E3
:1033E0009D47631FF70483479406B1C383560407C0
:1033F00063ECF6020C24930730041CAC1305300474
:1034000093F6F60F0146970002E0E78040F9228527
:103410006244F240D2444249B249224A924A05618A
:10342000173301E0670043C185062318D4069305CE
:1034300030020545973000E0E78000252301A4060F
:103440000549238A2407183C8D47631CF70E9730E3
:1034500000E0E780A0950D89630F0514631625171A
:10346000930760023CA4930750023CAC93077002A0
:1034700078243CBC85476302F70889659385F5701D
:1034800013051027174A0000130ACAA683497401BE
:10349000973000E0E780C0210E30835ACA002A89A5
:1034A00013060064B3855503814613850532B33591
:1034B000B500976002E0E780A0C4AA84B335590341
:1034C00037460F00130606248146330559039760DB
:1034D00002E0E780E0C283270A00AA948297B3073C
:1034E000950003278A00BE8563E4A70063E4E70034
:1034F000B385E7404E85EFF0AFE983475403898BEE
:10350000E9CB8347C403F1C70C58E1C5BC25F1C31F
:103510008947230AF4021946B10513056403EFD065
:10352000EFCF0347C407894763E9E70A228562446E
:10353000F240D2444249B249224A924A05616FD0D0
:103540005FBE89467C346315D70213F7170019CB89
:10355000898B1307500291EB9307700238A43CAC9F
:10356000814739B713076002C5BF93076002FDB7F3
:1035700099CF93F617001307500291E6898B13B782
:1035800017001307670238A4230D0400D1BF3C2C99
:10359000130740026368F700930750023CAC3C2CD1
:1035A0003CA47DBF850793F7F70F3CAC130770026F
:1035B000E364F7FEEDB713077002930750023CACCB
:1035C00038A4930760026DB5130750029307700289
:1035D000FDB78547230AF402A9B70327C40A83A6C7
:1035E00081953C27ADC31C37583397440000938422
:1035F00064909044B387E702DA24B387E7021307A5
:10360000003293870719B3D7E702032744093E978F
:103610003A896364F7006364C7003309C740829640
:10362000B307A9406374A9009844BA970357640785
:10363000E3FEE7EEF2406244D2444249B249224AF4
:10364000924A0561828083248409829663E9A400FA
:10365000835764073385A440E37AF5ECE1BF9747CD
:10366000000083A7A789BE94E5B7828001114EC6EA
:10367000974900009389C9B922CC03A4C9094AC853
:1036800017490000130909870357C90026CA835444
:1036900064088327040906CEB384E40237470F0089
:1036A0009306F7231307072452C456C25AC0B69490
:1036B000B3D4E40263EE9702138A8195B3849740F2
:1036C00083270A00829763E9A4023385A4406349F3
:1036D000050283570404A30F040085072310F40494
:1036E00083470414639E07102285EFD07FFA21AA36
:1036F00003278900BA97C9B783278900BE94F1B719
:1037000083270A008297032784086366E50A198DD8
:103710007E3C0357C9008E07B387E70213070032C8
:1037200093870719B3D7E70263ECA708B74A0F00DE
:10373000138BFA23938A0A248357040485072310E2
:10374000F4048347041481E72285EFD07FF42285B7
:10375000973001E0E780C075631305240326040950
:103760000327C408832689003297BA876364C70099
:103770006364D700B307D740783C0356C9002328B9
:10378000F408050778BC035764083307C7025A9743
:1037900033575703B384E74063F5E700998EB3844A
:1037A000F60083270A00829763E6A4043385A440C9
:1037B000E34405F839BF83278900998F3E9589BF77
:1037C000A1452285973001E0E780A066A305A40209
:1037D0009737000083A707706383071C6244F24099
:1037E000D2444249B249224A924A024B8945154580
:1037F0000561828783278900A6973385A7404DBF3F
:103800002285EFD03FF32285973001E0E780406AC0
:10381000631705180355C90083576408B7460F009E
:103820001386F623B387A702938606240327040989
:10383000230B0402832A8900B297B3D7D702636AA5
:10384000F716B307F7408326C4082324F408014B76
:10385000B387E600BE8463E4D70063E45701B38412
:1038600057411E3023289408A1CB835604045A30B4
:1038700037460F0056B03387E640B387E7023A3049
:103880001306062481468145BA97B3C707083385D6
:10389000A7023EB0976002E0E780808611CD2695B2
:1038A000B3349500A695AA876314BB0063645501E1
:1038B000B30755412328F40883270A008297AA8476
:1038C00083270A008297E30D95FE83270A0083244D
:1038D0008408829763E4A40E3385A440630B050E2D
:1038E000035AC90083576408B7440F001387F423B1
:1038F000B387470393840424BA97B3D79702173743
:1039000000000347B75BBA9763E5A70CB335950290
:10391000835A24025286814633059502975002E06D
:10392000E780007E3389AA0033854A0337460F00BB
:103930001306062481468145975002E0E780407CCB
:1039400015C1B337950252868146B385B4023385DB
:10395000A402BE95975002E0E780807AB38AAA401D
:10396000231154033545A92923AE890838348547E6
:10397000631AF704930700FD7CA4814503A501A504
:10398000EFD0CFD29547174700002329F7AC370770
:10399000100083A7C1A698C7060923A82707F240ED
:1039A0006244D2444249B249224A924A024B0561DA
:1039B0008280B3065701B387F64071B5832789002B
:1039C000BE9419BF930710FC7CA4814503A581A474
:1039D00045BF9747000023AB078C834709018DC380
:1039E00003A5C1A3EFD06FEC624483274900F240E6
:1039F000D2444249B249224A924A024B0561828727
:103A0000834594026244F240D2444249B249224A78
:103A1000924A024B01450561B315B028B3C50508AC
:103A20006FF0AF92011122CC26CA4EC606CE4AC80C
:103A300052C456C25AC038358547832405092A84A2
:103A4000AE896314F70C83570508835AC503173AE8
:103A50000000130A2A4A035BCA0063FC57191429A1
:103A60006399E61803278511631507180327450A8C
:103A70006311071874351D47639DE6162A3DB38A06
:103A8000FA409307204E330555030329440937466E
:103A90000F001306062481463305F5029737000010
:103AA00083C7C74133592503B335AB023E99334928
:103AB0000908231324093305AB02975002E0E7807D
:103AC0002064B307950033B5A7002E9503278A001D
:103AD000BE8419E163E4E700B384E740B3076903F8
:103AE00037470F009306F7231307072423A09900F5
:103AF000B697B3D7E702D69763E4F4009D8C31A064
:103B000003278A00B307F740BE9413898195832762
:103B1000090023A09900829763E2A4103385A44092
:103B2000635D050A83270900173B0000130B8B3CDC
:103B3000829703A709006369E50E198D7E3C035740
:103B4000CB008E07B387E70213070032938707196C
:103B5000B3D7E70263EFA70C374A0F00930AFA23A3
:103B6000130A0A248357040485072310F4048347A7
:103B7000041481E72285EFD0BFB12285973001E0A0
:103B8000E780003361E5832604098327C4080327FF
:103B90008B00B697BE8463E4D70063E4E700B38488
:103BA000E7407C3C8356CB002328940885077CBCE7
:103BB00083576408B387D702D697B3D7470363E622
:103BC000F40A9D8C8327090023A09900829763E162
:103BD000A40A3385A440E34705F89737000083C75C
:103BE000F72D63E6A7069737000023A1876C0145F0
:103BF000B9A88357640837470F009306F723B387A4
:103C0000670313070724B697B3D7E702E3F8F4EE88
:103C100003278A002697B304F740C5BD97370000F5
:103C200083A7C72DBE94DDBD83278B00998F3E955A
:103C300031B7A1452285973001E0E780801FA305B9
:103C4000A4029737000083A7E72881EF7D55F24053
:103C50006244D2444249B249224A924A024B056127
:103C60008280894515458297D5B71D8FBA9499BF33
:103C700083278B00BE94B1BF83A7C1A598433706A5
:103C8000CEFF7D161377F7CF1367071098C303A7EE
:103C9000C1A71447370803001375F51FF18E14C729
:103CA00083A6C1A623A8060523A40700904B93F57D
:103CB000F507130888151366F60390CB9043136637
:103CC000060890C3F04F137606E0498EF0CF23AC80
:103CD000070423A007065057759A50D790431376D0
:103CE00006F84D8E90C31306401FF0D21736000021
:103CF000232206761736000023260674054690C256
:103D00009043B70533001376F6CF90C390431376F4
:103D1000F6CF1366062090C310474D8E10C723A818
:103D20000605D8531317F728D8D32547F05201C6F4
:103D3000B04FE37DC7FED8531317F748D8D3A85325
:103D40001335450082801387C1A61443BC4ABD9B2E
:103D5000BCCA01000100010001001C43B44B93F6F2
:103D6000F68FB4CB944393E6860094C30100010020
:103D70000100010083A6C1A59C4293F7F7CF93E70A
:103D800007109CC203A6C1A71C46B706CEFFFD16AE
:103D9000F58F1CC61C4337070300B8CB83A741A689
:103DA00099CBD44390479842518F98C2944BDC4BA7
:103DB0009842D98F9CC29737000023A1076A82805E
:103DC00083A7C1A69C438D8BE9C74111B7E700E0EB
:103DD0004AC003A9070026C23707200006C622C42E
:103DE000AA843379E90023A0E7180F1000001734E4
:103DF00000001304E464584C8D47631AF7009737AA
:103E0000000083A7673D01468145454582971947D4
:103E10006391E4048347140289CB834704026396C9
:103E2000970097370000A38D0762584CA147631590
:103E3000F700930780101EB0238801942937B24001
:103E40002244B7E700E023A0271192440249410130
:103E500082809D47639BF40083471402F9D7034790
:103E600004028D47E313F7FC6DBF544C6389E600F1
:103E7000584C6306F700584CA147E31FF7FA8347F5
:103E80001402DDFB5C4C2300F4028547A300F4021E
:043E900065B7828010
:103E9400971100209381C1BD17C101201301411660
:103EA4001305400097C5FF1F9385851517C6FF1F8F
:103EB4001306C63463FAC5008322050023A0550007
:103EC40011059105E3EAC5FE17C5FF1F1305452833
:103ED40002852A8309CA83830500230073007D16A3
:103EE400050385056DFA82802A8311C62300B30079
:103EF4007D16050365FE8280B717004003C777056A
:103F04001377E70FA38BE704130700F8A38DE704E7
:103F14003D47238CE70413075003A38CE70403C72E
:103F2400A7051377D70F238DE70482803717004046
:103F34008347E70412054111BD8BC98F93F7F70F2F
:103F440093068008F3B6068093F6860836C60F10EB
:103F54000000930670052300D704930680FA23001B
:103F6400D7040F1000002307F70423000704B24707
:103F7400F3A707800F1000004101828041112A83BA
:103F84000148930E407E130F0019930F4006B34867
:103F9400030863EF1E01130300193373650285429E
:103FA400FD4363F6B2088D4F214F930E4006A1A046
:103FB4007D13336EE3039308E016630E0E00336E35
:103FC400F3039308D01663080E009378330093B874
:103FD40018009388D816C29833C808084DBF93F8C0
:103FE4001500138EF5FF637CBF02F908C29833C82D
:103FF4000808B3450E08E394F5FF8545630B0300F9
:10400400B378D5038145638608009375350093B56D
:104014001500F105C29533C805088945E9BFB38881
:104024001341C29833C80808B3450E089DBF7D16D6
:10403400329879463307C70213D61700BE073348B0
:10404400080832976146B3F6C60213068070B38639
:10405400C6023697A166F58F4207D98FB71600407E
:1040640003C7F60213770708D883908303C7F602C1
:1040740013770708E316E6FE9883B71600404DCF82
:104084001307800873370780137787083AC40F1023
:10409400000037170040930670052300D7049306E9
:1040A40080FA2300D7040F100000232A0703834655
:1040B400170393E60608A308D70223000704224740
:1040C400732707800F1000001166371700407D1614
:1040D400545B4C5FAD8EF18EE5FE93068008F3B61B
:1040E400068093F6860836C60F1000009306700506
:1040F4002300D704930680FA2300D7040F1000008E
:104104005CDB8347170393E70704A308F702230044
:104114000704B247F3A707800F1000004101828013
:1041240003C7F60213770708D883908303C7F60200
:1041340013770708E316E6FE98837DD391B791477A
:1041440063ECB7049767020093874763B3C5F52010
:1041540098413E97B71700409387470B02879443D3
:1041640037170040B3F6A64094C39306070B9C424E
:10417400B3F7A74019A8944337170040B3F6A640F5
:1041840094C39306070B9C42C98F9CC29307070AEA
:1041940098433377A74098C38280944337170040ED
:1041A400C98ED9B798433377A74098C3B71700404F
:1041B4009387070A9843498FF9BF9843498FF5B706
:1041C40019C5371700401E2FCD8F1EAF8280B71739
:1041D40000409A2FB375B7408EAF8280B717004066
:1041E4009A279306000C21651377070C630ED704F6
:1041F4009A27137707100DC79A279E277D8B09EB03
:1042040093F7072095CF3755E80113050580828081
:1042140037C59812FD8B130505E03345F5028280FE
:104224009A279E2713770720FD8B11C73755E8017E
:1042340013050580DDB73725F40013050540F1BFEC
:104244003725F400130505408280B7F700E088475E
:1042540082803285814737370040A14663C3A70077
:1042640082803037E30FD6FE3386F50010228507AF
:1042740010A7EDB797060020938686FFAA87884289
:104284001737002013074725AA9763E9E7000A8731
:10429400130707FC6364F7009CC282807D5582800B
:1042A400411122C406C62A84153F2947B307E502F3
:1042B400B2408D83B3D7870222449507B3D7E70270
:1042C40037370040B3C707085EA741018280716594
:1042D40041111305052006C6E137B737004013071F
:1042E40070F8B8A30D47B8B31307000498B3054793
:1042F400F8A7B240410182803285D041411106C6FF
:104304000C32034806000D66A205B3E505019308C7
:10431400A6A21398556063C80803130626A263581F
:10432400060375761306C65DB2951946B3C505082E
:104334006363B6021768020013088845B3C50521F4
:10434400904142960286130606A5630DC80E23907B
:104354000600A94515A01D469D45636FE60021464C
:10436400198E3356F60A9385C19092A2BA9597C0D6
:10437400FF1FE780606A8145B2402E85410182803B
:104384002D469D45E36AE6FE3146198E3356F60AFC
:10439400976502009385854892A2C9BF31469D4521
:1043A400E36CE6FC3546198E3356F60A976502002F
:1043B4009385C54592A25DBF41469D45E36EE6FAED
:1043C4004546198E3356F60A976502009385C54211
:1043D40092A269BF41469D45E360E6FA4546198EBF
:1043E4003356F60A976502009385C53F92A2BDBF76
:1043F40041469D45E362E6F84546198E3356F60A72
:10440400976502009385C53C92A28DB741469D45B0
:10441400E364E6F64546198E3356F60A97650200BC
:104424009385C53992A299B735469D45E366E6F46E
:104434003946198E3356F60A976502009385053777
:1044440092A22DB719469D45E368E6F2998D33D6BD
:10445400F50A970500209385E5E192A201BF97062E
:1044640000209386E6A24146CD451705002013059A
:10447400E5A26F90100D2D4825E73285902109475C
:10448400631DE604D841411106C6102318332207E0
:10449400518F4166130846FE63030703636CE8000B
:1044A4007D07054633470708637BE6002390060033
:1044B400294805A01516E31BC7FE154711A005479B
:1044C400CC4533D6E70A92A297C0FF1FE780C054B9
:1044D4000148B2404285410182802390060005488C
:1044E40042858280011106CE22CC26CA4AC84EC615
:1044F40080251374040255E083C905000948AE877A
:10450400639F090903A84500B28436890343080060
:10451400034818002208336868004163130E13FE31
:104524006304C8030D13630E68048D679387279093
:1045340029446310F8046244F240D2444249B24927
:10454400854705616F70F06829EF0547636DD704EF
:10455400C8470546A68597C0FF1FE780E04B814901
:1045640083A7C19299C79C4389C74A86A6854E856D
:104574008297F24022856244D2444249B24905619D
:10458400828005E305476360D702C8470546A685D0
:1045940097C0FF1FE7804048E1B72144D9BF0544D5
:1045A400C9BF2D44F9B73544E9B7C167F917630C9E
:1045B400F502411122C406C685472A84639AF50090
:1045C40022852244B240938581B341016F907001EA
:1045D40089476396F5008545EFB0A07575D1B24063
:1045E4002244410182808280411122C42A8441658F
:1045F400938581B37D1506C6EF90A07E1705000054
:104604001305E5FA0588EFB0E06905C02244B2401D
:10461400970600209386869B4146C54517050020D2
:104624001305859B41016F90C071B240224401453E
:104634004101828009C523A6A19201458280454596
:1046440082801147636EA706976602009386061E52
:104654003345D52018414111AE87369706C6B28539
:10466400028705476145639AE700054613858192F1
:1046740097C0FF1FE780403A0145B2404101828064
:1046840005476145E39BE7FE054613854192CDB797
:1046940005476145E393E7FE054613850192C9BFCB
:1046A40005476145E39BE7FC05461385C191C9B7FE
:1046B40015476145E393E7FC1546138541914DBFCA
:1046C40009458280411122C42E84938581B326C278
:1046D40006C6AA84EF70F04A058919CD9707002011
:1046E40083D7279B1EA0A2852244B24026859244EC
:1046F400014641016F80100FB24022449244494563
:1047040041018280411193962500AA852D4506C654
:1047140097C0FF1FE78000EEB2400145410182804F
:10472400011122CC06CE3714004026CA4AC84EC610
:1047340052C483447405034AB40583498405034978
:104744009405EFF06FFB8347A40593F4F40F137AF9
:10475400FA0F93E71700230DF40493F9F90F137973
:10476400F90FB717004003C7A705058B6DFF03D5E5
:10477400C705A38D4705238C3705A38C2705A38B79
:104784009704F2406244D2444249B249224A056144
:104794008280411122C406C62E849397556063DF3C
:1047A400070097C0FF1FE780201E19C1EF1020509B
:1047B4001315F468B24022444101828093F7150036
:1047C40013C51500E5FB8967ED8F99CFEFB0B137BD
:1047D40037F60200130606E0896503C54193EF101E
:1047E400E0731315D468F9B711656D8D61D517653C
:1047F40002001305E504EF40725D13060064916541
:1048040003C54193EF1080711315E46865B72D71EA
:10481400232A9110FD74E98C232C81102328211163
:10482400232631112A84AE893289930600100A8620
:10483400A6852D45232E111097C0FF1FE78080DB2E
:1048440013154401498113962900CA850A9597C016
:10485400FF1FE780601CA68585660146254597C035
:10486400FF1FE78020D90A86A685930600102945F4
:1048740097C0FF1FE78000D88320C1110324811152
:1048840083244111032901118329C11015618280F8
:10489400011183A7819006CE22CC26CABD8B214765
:1048A4006399E700AD37F2406244D24401450561A3
:1048B4008280B7F70700DC532A84B284BD8B9396B9
:1048C40025006397E7008567FD17F58F91C301A065
:1048D400A2850146254536C697C0FF1FE78080D1D3
:1048E400B2462686A285294597C0FF1FE78080D05F
:1048F4005DBF1D714946976502009385A5F4177540
:104904000200130565C486CEA2CC97C0FF1FE780C2
:10491400402201E917650200130505F4EF40124B2C
:1049240001A0B7F700E023A40700795798CB3D47CF
:1049340098C30564B7E700E023A087180F100000B0
:1049440017D7FF1F1307074F23A8E192130700F897
:10495400A38AE7401306C0038145480897C0FF1F98
:10496400E7800012970700209387C7C43ECA8D676B
:1049740093870780FC849D673ECEB7070105938724
:1049840007103ED0ED472312F10285472303F102BD
:1049940097070000938747D7BEC497070000938703
:1049A40067EFBEC6930754F12314F102B7F507006D
:1049B400970700009387A7893EDA8146970700008E
:1049C400938747D67000E10519453EDE97C0FF1F67
:1049D400E78040C219466C001305E102EFF06FCF87
:1049E400D24781C7BC8463F3870001A04808EF1055
:1049F4005029AA8501C917650200130525E7EF4070
:104A0400122901A0F64066442561828041111705F0
:104A14000000130545D806C622C4EF10F023138402
:104A2400419308A0112808202244B2401306003202
:104A3400896541016F10804E397106DE13078008C5
:104A4400F337078093F787083EC20F100000B717AB
:104A54000040930570052380B704130680FA238071
:104A6400C7040F10000083C6F70293F6D60FA3877E
:104A7400D702238007049246F3A606800F10000095
:104A840073370780137787083AC40F100000238018
:104A9400B7042380C7040F10000003C7F70213678D
:104AA4005700A387E70223800704A247F3A70780E0
:104AB4000F100000814701478146054685451305CF
:104AC400407EEFF0AFCB680013064002814597C0EB
:104AD400FF1FE780E0FAB707C0A83ECAB7873200D5
:104AE4003ECC97C7FF1F9387C7A03EC6680097C7F1
:104AF400FF1F938787A13EC8EF103045F250216114
:104B040082804111114506C6EFF04FC2130550349F
:104B140097B0FF1FE7806073B7170040116723AC9D
:104B2400E70AC1450545EFF0AFE985452165EFF09A
:104B34000FE18D451165EFF08FE0EFF04FF9177538
:104B44000200130565A0EF4072286533C135EF10EC
:104B5400621DEF102224EF005078EF00500C97C034
:104B6400FF1FE780C09C82802A86B305B04017658A
:104B740002001305A5D16F409211011122CC26CA5F
:104B840006CE2E84B684EF10A021B7470F0093877A
:104B940007243376F50291C8B28517650200130520
:104BA40065D032C6EF40B20E324622856244F240EE
:104BB400D244814505616FF0D132797126D206D68F
:104BC40022D44AD04ECE972700209387A71E942341
:104BD400AE840147638CA600F42B05476388A600C6
:104BE40083C6C7020D476393A600094793F6840062
:104BF4009DCE81567482D9463307D702094683C6AF
:104C0400D1934C00BA97AA23054723990700239808
:104C1400070023970700B8B7EF60207E13C5840010
:104C2400B250225492540259F2494561828093F65B
:104C34000402D1CED9463307D7023384E7005C247B
:104C4400B9EF13899181034709003E282A2025C31F
:104C54008549014781460546C945231601007C82E2
:104C640023133101EF60A0632AC415C99307A0057B
:104C74001CA12A2003C6D1934C00EF60605B1DE1A8
:104C84008347090008201306006493B717009305AF
:104C94000002230634012300F900EF10202813C575
:104CA4000402BDBFC9454800EF609023CDBF03C6D1
:104CB400D1934C007C82EF60E05675F185475CA48B
:104CC4008347090093B717002300F900C9BF93F67F
:104CD4000410B1CED9463307D7023384E7005C24ED
:104CE4009DEF5E282A2001477C8281468947094638
:104CF400C945231601007C83EF60605A2AC405C1AC
:104D0400054923002501A24703C6D1934C00A38083
:104D140007002A20EF60C05111E52306240113C5C2
:104D24000410FDBDC9454800EF60901BCDBF93F64C
:104D340004018DC2D9463307D702130640068146C3
:104D4400D145BA97AA2313078025EF00927A13C599
:104D54000401F9B513F50404E30405ECD94633075B
:104D6400D7023384E7002A20EF0072780820056612
:104D74001306069693050004EF10401A13C50404A5
:104D840045B539714AD806DE22DC26DA4ED652D42D
:104D94002E89139755606358072697C0FF1FE78035
:104DA400A0BE2A8405C918219307000B6311F702DA
:104DB40097240020938404003E21BA206306F7025E
:104DC4009A2C6303F704FA3489496300F7022285B5
:104DD400EF00F06D1315F968F2506254D254425941
:104DE400B259225A216182808149D947B387F90295
:104DF40009474C20130A8400A697DC236388E70044
:104E04005285EF60F00DE1B78549C5B70D47638F53
:104E1400E50005476392E5021824631BF7024C245E
:104E240017650200130505A9EF406266D947B387E9
:104E3400F902A6972386070058209307F007631901
:104E4400F7000E2417650200130545A8EF402264FD
:104E54005C202D476388E7020547639CE70218241A
:104E6400A9466312D7044C24176502001305C5A68E
:104E7400EF40E261D947B387F902A697238607007A
:104E84004C20BDBF5C44176502001305E5A58C23C7
:104E9400C5B74D476392E7029305A0051765020065
:104EA4001305C5A6F1B7C9466314D7024C24176588
:104EB4000200130565A46DBF6D47639BE7005C4466
:104EC40017650200130585A58C23EF40425C4DBF96
:104ED40059473387E902269738375DD3E39209FAB5
:104EE400B83485466316D7061D476395E7021E242A
:104EF40095C35C4417650200130585A38C3398237E
:104F0400A205D98DEEA4B033B8232206598E92A8F7
:104F1400EF40E2575C201D47639AE7021830E947E7
:104F2400E390E7F6FE24A9DF7C849E280947B8B401
:104F34007C85F977938727107C86FD57AA2003C6C2
:104F4400D1932C005C87EF60202E1DBF0547C9BF9D
:104F540089466315D7062547639CE7021E248DCB3B
:104F64005C4488209305000298239C331306006454
:104F7400A207D98FBEA897270020238307E4EF0058
:104F8400F079AE28176502001305459DEF402250C5
:104F94005C2025476392E7021830E947E392E7EE85
:104FA4008D47BCB4FE247C849E287C8593072020F6
:104FB4007C869307900259B70547CDB78D46E31118
:104FC400D7EC2547639CE7021E248DCB5C448820E4
:104FD4009305001098239C3313060064A207D98F0D
:104FE400DEA897270020238D07DCEF003073CE283E
:104FF4001765020013050599EF40624997270020C1
:10500400A38F07DAB5BD13F7150005C317F6FF1F05
:105014001306861497F5FF1F9385451303C5D19393
:10502400EFE041531345190045BBAA8713F5050862
:1050340001C941657D15EF00524C1345090869BB50
:1050440017270020130707D71423639CF600625424
:10505400F250D254B259225ACA8542593E8521612E
:10506400A9BE742BE385F6FE8346C702E381F6FEF0
:1050740003472704E312F7D6D9BF81E9AA85176548
:1050840002001305A5936F4082400547639EE50027
:10509400AA85176502001305E59409C61765020081
:1050A400130585966F40A23E09476399E5000DE616
:1050B400AA851765020013052597EDB70D47639D73
:1050C400E500AA85176502001305459861DE17659A
:1050D40002001305259A45BF82803C213547636F42
:1050E400F732176702001307E7AAB3C7E7209C4308
:1050F400011122CCBA9706CE26CA4AC84EC652C45B
:1051040056C25AC02A8482879389C19303C709006F
:10511400A547034A450063E9E72E1304550081447B
:1051240017290020130949CD03C5090063E1A4062A
:10513400A285194633652521090597C0FF1FE7801D
:10514400A08D83C509001765020013052596B3E7F2
:105154002521850593F5F50FA38047012380B90028
:1051640062441386F5FF33662621F24083487600B5
:10517400034866005C3258223432D2444249B24970
:10518400224A924A024B302205616F404230B3E515
:10519400242119468905228597C0FF1FE78060995D
:1051A40063140526850493F4F40FBDBFB369542139
:1051B40017F9FF1F130909FB890981441946CE8594
:1051C4004A8597C0FF1FE780C09611ED850493F4CC
:1051D400F40F1909E39464FF05041374F40F83476F
:1051E4000A00E365F4FC83470A00639787041765A4
:1051F40002001305258EEF40623D014685450D45AD
:10520400238E0192EFE0013D176502001305058925
:105214006244F240D2444249B249224A924A024B81
:1052240005616F40A23A0144138AC193972A002072
:10523400938A8ABC0D4B65B7176502001305C58AAE
:10524400EF40C23897270020938707BB0E049306CC
:1052540024003E941030BE9681450145EFE0E134D0
:105264000566130606C89305000803C5D193EF002D
:10527400F04A176502001305258859BF93050008F5
:1052840003C5D193EF0030720C306391050E97245F
:105294000020938424B2BA20C167F9172E24630630
:1052A400F7089A2C630DF700FA34630BF7062E8582
:1052B400EF00B224176502001305058591BF8947E5
:1052C400BCAC8EAC72241765020013052585EF4033
:1052D400021C176502001305A585EF40222FBA2092
:1052E400C167F9176308F7009A2C6305F700FA34CD
:1052F400631CF710175502001305457AEF40022D81
:10530400238E01926244F240D2444249B249224A75
:10531400924A024B014685450D4505616FE0812B9C
:1053240089472388F402EEB471BF72248947175564
:1053340002001305A57EDCA0AEA0EF404215882034
:10534400854713060064A145DCA4EF00303D8820A6
:105354000564130604C8C145EF00503C88201306B9
:10536400049693050004EF00703BA5B7175502009F
:105374001305057DEF40A211B5BF97240020938447
:1053840064A35A21B6208147638BE600962C854797
:105394006387E600F6348D476393E60089475947EF
:1053A400B387E7027020175502001305257BBE94CE
:1053B400AE20EF40C20D8820F95793050004BEA02B
:1053C40023820400A3850400239904002386040097
:1053D400238E0192EF00305D175502001305056C12
:1053E400EF40C21E05B7624472214E21F240D244FE
:1053F4004249B249224A924A024B17550200130508
:10540400E57705616F40A208F2406244D244424904
:10541400B249224A924A024B0561828082807971A4
:10542400170500001305259606D622D426D24AD0A5
:105434004ECE52CCEF1040029384D193856588A060
:10544400938505960945EF207041D1451D45EF2010
:10545400F040930540062145EF2050409305400657
:105464003545EF20B03F85470D4770009145130542
:10547400F0405C84DC845885DC8502C6EFF0014D85
:105484003000854513058040EFF0414C1306910030
:10549400854513059040EFF0614B1306A100854547
:1054A4001305A040EFF0814A1306B10085451305AA
:1054B400D040EFF0A149172400201304A48F17292A
:1054C400002013094993170A0000130ACA8BF959DB
:1054D4005285EF00707808A02311340123020400E0
:1054E400A30504002306040023190400231A04005E
:1054F40023170400231804005904E31B24FDEF6060
:1055040070488820EF60607722548820B25092540B
:105514000259F249624A8545456117D3FF1F670066
:1055240083622A86B305B040175502001305056A45
:105534006F30F275411122C41724002013048491A2
:105544003E2026C206C6AE84638AA7005E24638911
:10555400A7047E286398A704894711A08147294797
:10556400B387E702AA85175502001305A5673E9481
:1055740072A0268646A016A4EF307271B114930768
:105584000005B3C4040863FF970008202244B24016
:105594009244096613060690A14541016F00101854
:1055A400854775BFB2402244924441018280011173
:1055B40022CC172400201304E4895A21362006CE75
:1055C4008147638BE600562485476387E600762887
:1055D4008D476393E60089472947B387E7028945E6
:1055E4003E940820F9573EA023120400231304001C
:1055F40023140400EF00303B08209145EF00B03A3B
:10560400175502001305855FEF30527C854713065A
:10561400F100854513055030DC87EF00E244F24089
:105624006244056182803D897D15954763E3A72027
:10563400175702001307476A3345E5201C41797167
:1056440022D4BA9706D626D24AD04ECE52CC56CAC7
:105654002E848287175502001305455B2254B250ED
:1056640092540259F249624AD24A45616F30127625
:10567400BC2119476390E7022E85153F6C2017550E
:1056840002001305A559EF30926017550200130567
:10569400A55AE9B70D47E38AE7FEB2502254925463
:1056A4000259F249624AD24A45618280B82195473B
:1056B400E315F7FE971400209384C479BA20C167D8
:1056C400F9176306F702DA24630CF70CFA28630B64
:1056D400F70CAA25EF006262175502001305C542B4
:1056E400EF30D26E175502001305C55985BF014925
:1056F400CA851755020013052555EF305259A9479D
:105704003309F9023E24130600648945175A02003E
:10571400130A8A54975A0200938A8A558D49CA9467
:10572400BEA07E2488200569DEA01E28FEA03E2897
:105734009EA4DD472390F182EF00407E8820096615
:1057440013060690A145EF00607D8820130609C862
:10575400C145EF00A07C8820130609C89145EF00DD
:10576400E07B72242E24175502001305253B416962
:10577400EF30F251971400209384C46D01447919D9
:10578400A2855285EF30B250AE205685EF303250AC
:10579400BE20638B27010504A904E31334FF99B7E2
:1057A4000549B9B70949A9B71755020013050545B5
:1057B400EF30D26185471306F1008545130550305B
:1057C400DC87EF00622A39BFB8218D4717550200E4
:1057D4001305054CE313F7EC51B5AC2191476397DE
:1057E400F500175502001305254C8DBD99476393A9
:1057F400F50222856D3B6C20175502001305054206
:105804002254B25092540259F249624AD24A456132
:105814006F30F24795476399F5001C30F9F317553B
:1058240002001305254A1DBD175502001305054A3C
:10583400C1BF8280011106CE22CC01C9894763040D
:10584400F502F2406244056182806800328497B0B8
:10585400FF1FE780601CA285175502001305454908
:10586400EF30F242F9BF680097B0FF1FE780C01A1B
:10587400175502001305454AEF305255D9B70111A7
:10588400930780F85C8206CE22CC03D701828D4731
:1058940063ECE700175502001305C549EF301253B6
:1058A400F24062440561828085470147814605468E
:1058B400ED452A847C85EF50901E30854C002AC625
:1058C40097B0FF1FE78040152C002285EFE09FDF93
:1058D40061D9ED452800EF50B060D9B7411122C419
:1058E40006C626C22E849397556063D7070897B0DF
:1058F400FF1FE7806009AA8421C11C211307000B44
:10590400638DE7041307000D6396E7023C214547C6
:10591400638CE7026547639FE7000348A5001C35D5
:105924001825743170214C31175502001305854137
:10593400EF30F2352685A52E1317F468B2402244C1
:1059440092443A854101828070216C3117550200DE
:1059540013054542EF30B233F1BF58219307F007E6
:10596400E31AF7FC0E251755020013056542239030
:10597400B182EF30D2317DBF13F7150005C317E6AE
:10598400FF1F1306667F971500209385E54B03C51B
:10599400B182EFF05164134714004DB797140020FF
:1059A4009384444B9C206390A70813F7250011CBE4
:1059B4001306006489459D23AA20D135134724008A
:1059C400B5BF13F7850009CFAA2013074006814607
:1059D40013064006D145EFF0915913478400B9BF2F
:1059E40093F7050195C3AA200147894609468145D5
:1059F400EF000233AA85175502001305A53AEF30CC
:105A04001229134704011DBF13F7450005DBAA2023
:105A1400EF00E22D88200566130606C89145FD298E
:105A24001347440021BFBC24639CA70413F725003B
:105A340019C7130600648945D521CA24BDBF13F7CD
:105A4400850009CBCA241307400681461306400685
:105A5400D14551B793F7050199C7CA24014789462F
:105A64000946814571B713F74500E30907ECCA24D9
:105A7400EF00E2270566A824130606C8914545B73A
:105A8400DC28E39DA7EA13F7250019C71306006471
:105A940089456921EA2815B713F7850009CBEA2857
:105AA40013074006814613064006D1452DB793F7E8
:105AB400050199C7EA2801478946094681450DBF72
:105AC40013F74500E30C07E6EA28EF0042220566D7
:105AD400C828130606C8914599B7397117050000FF
:105AE400130505E006DE22DC26DA4AD84ED652D467
:105AF400EF009016D1479384B182054488A0FC82BC
:105B0400100893074006854513055030FC8423088C
:105B14008100EFF0717517E6FF1F13062668F14543
:105B240013057030EFF05174138641829D451305BF
:105B34006030EFF071735008894513051031EFF0B0
:105B4400B1723008894513052031EFF0F1719305E6
:105B540000050D45EF208050930500051145EF2009
:105B6400E04F85457945EF20604F30089145130596
:105B74007040408440862308810002CC230A01003F
:105B8400EFE0D15C3000854513050040EFE0115C87
:105B94007000854513051040EFE0515B50088545C2
:105BA40013052040EFE0915A100885451305504035
:105BB400EFE0D1594D45EF40F07A4D45EF80401F5D
:105BC400EFE0FF894D45EFE03FA217E6FF1F130604
:105BD400665BD5450145EF40D05B89475C868D47C0
:105BE4002308F1009147230AF100B70703049387C0
:105BF40017203ECC3000954785450145230EF10022
:105C04004084EFE01FA4700085450545EFE07FA3C5
:105C1400100885450945EFE0DFA2500885450D458C
:105C2400EFE03FA2300895451145EFE09FA117141E
:105C34000020130424221719002013098923170AAA
:105C44000000130AEAC9F9595285EF00F00008A0D0
:105C54002311340123120400231304002314040029
:105C64002904E31324FF1385C181EFE0BF9C13854E
:105C74000194EFD0817362548820F250D254425977
:105C8400B259225A8545216117D3FF1F6700A3EB40
:105C9400184183A785FF6319B7001CC1FD5723ACC6
:105CA40005FE238FF5FE8280232CF6FEC5BF41112D
:105CB40022C437E400E026C204403707200006C6A9
:105CC400F98C2320E4180F10000009E92320941014
:105CD4001545B24022449244410182800347E5FFC6
:105CE4009307F00F6306F700232094101145D5B7EE
:105CF40097D0FF1FE780E081014523209410D1BF96
:105D040041114AC037E900E022C403240900B7075F
:105D1400200006C626C27D8C2320F9180F1000002F
:105D240089E523208910154515A0AA84971700201A
:105D340083C757142E8563F5F400894763EE9700F3
:105D4400BD37B7E700E023A087100D45B2402244D9
:105D5400924402494101828083A785FF99E703C7E2
:105D6400E5FF9307F00F6308F7009137B7E700E00A
:105D740023A087104DBF238F95FE1385819497B080
:105D8400FF1FE780A0B8A165268597D0FF1FE78095
:105D940080DB01452320891055BF23A40194828010
:105DA4004111B7E700E026C284433707200006C646
:105DB40022C4F98C23A0E7180F10000097170020C5
:105DC40083A7C70F1384C18291C782971C40AA97E7
:105DD4001CC021A083A78195EDFB0840B7470300B1
:105DE4009387D73F3305F502B7A72600938737EC8F
:105DF400B2403E9508C02244B7E700E023A09710C4
:105E0400924441018280B7E700E09843B70620003E
:105E140023A0D718758F0F1000009716002083C693
:105E24007605637ED50083A641963325D5201621B9
:105E3400B3F5B6400EA123A0E7100145828023A04C
:105E4400E7100D4582807971B7E700E026D28443DC
:105E54003707200006D622D44AD04ECE52CCF98C35
:105E640023A0E7180F100000930705FF93F7F70F1F
:105E74007D47636FF70831473307E50283A78196AF
:105E8400BA979C43D1C7135445003D893315A028C4
:105E9400AE89B345050822852EC697D0FF1FE7803B
:105EA400E0B82A8929C9B2452285171A0020130AA5
:105EB400EA03913F83A7819582978357CA002A8476
:105EC40081463387370313060064B3B737031305DA
:105ED4000732B335E500BE95EF30C221B307850024
:105EE40083268A003E8763E4A70063E4D7003387F0
:105EF400D7402324E900B7E700E023A09710014529
:105F0400B250225492540259F249624A4561828045
:105F1400B7E700E023A097100945DDB7797122D4D3
:105F240037E400E04AD003290400B707200006D66E
:105F340026D24ECE52CC56CA5AC85EC63379F90020
:105F44002320F4180F1000009717002083C797F23E
:105F54006376F50083AB819563970B00B7E700E0A8
:105F640023A0271199A0971A0020938A2AF803AB3B
:105F74008A00B74736FE938707C83E9B83D7CA007B
:105F84002E8AAA84B385C702B2898146B3B7C702F1
:105F940013850532B335B50013060064BE95EF30A2
:105FA40062156370AB02232024110145B2502254C0
:105FB40092540259F249624AD24A424BB24B456169
:105FC4008280829B83D7CA002A8413060064B38527
:105FD40037038146B3B7370313850532B335B500AC
:105FE400BE95EF302211B307850003A78A003E84D3
:105FF40063E4A70063E4E7003384E740D2852685A1
:1060040097D0FF1FE78080A201C900C5B7E700E071
:1060140023A02711054559BF93E504F04145B3C5B5
:10602400050897C0FF1FE780604211E99717002019
:1060340083A7C7E985D7A6851145829705B7138736
:1060440001961C4389EF08C385472326050000C534
:106054002311450104A11CB12322050045BF3E873D
:10606400DC47F5FF48C7CDB77971B7E700E026D222
:1060740084433707200006D622D44AD04ECE52CCD1
:1060840056CA5AC85EC662C466C2F98C23A0E71811
:106094000F10000025C12A892E8AB28AB68941448C
:1060A400B14C138B8196130C0003B30B9403832719
:1060B4000B00DE979C43B9EF135544409375F400ED
:1060C40056861375F50FB315B028B3C50508B93551
:1060D40031C183270B00DE9723A0270123A24701A8
:1060E4006384090023808900B7E700E023A09710A8
:1060F400014521A023A097100945B250225492547F
:106104000259F249624AD24A424BB24B224C924C57
:10611400456182800504E31A84F9B7E700E023A00F
:1061240097102145D9BF011122CC37E400E026CADB
:1061340004404AC84EC652C406CEB70720002A8976
:106144002E8AB289FD8C2320F4180F100000F93335
:10615400D2854A8597D0FF1FE780408D01ED23202B
:1061640094102145F2406244D2444249B249224A41
:10617400056182809717002083D707D8B38537033A
:106184002A89130600648146B3B7370313850532A1
:10619400B335B500BE95EF20F2752322A900232064
:1061A40094100145C1B7011126CAB7E400E04AC8FA
:1061B40003A9040022CC4EC6B707200006CE52C461
:1061C400AA892E843379F90023A0F4180F10000053
:1061D40097D0FF1FE7808085171A0020130A8AC909
:1061E4001DE1A2854E85053183470A00638037058A
:1061F40023A024111945F2406244D2444249B249D1
:10620400224A0561828023110500A2854E85E53E60
:1062140083470A006386370123A024110145E1BFA7
:10622400138721951E23C18F1EA3FDB79387219544
:106234009A23598C82A36DBF01114AC837E900E043
:1062440022CC03240900B707200006CE26CA4EC676
:106254007D8C2320F9180F1000009307F00263E5EA
:10626400A704B144B30495029389819683A70900D6
:10627400A6979C4395CB9375F5001181B315B0286F
:10628400B3C505080D3783A709000145A69723A0C8
:10629400070023A2070023208910F2406244D2445D
:1062A4004249B24905618280B7E700E023A0871024
:1062B4000945E5B74111B7E700E026C2844306C6A5
:1062C40022C437072000F98C23A0E7180F10000020
:1062D40097C0FF1FE780807519E90145B240224449
:1062E400B7E700E023A09710924441018280004563
:1062F40083A78195829797170020938727BF6367A9
:10630400A4029847B74636FE938606C83305A440D0
:106314003697E374E5FC13070064B335E502D2272E
:1063240081463305E502EF20F25C4DBF98473A946D
:10633400C9BF411106C623AAA1940295B24097177A
:10634400002023A5A7B40145410182804111514693
:10635400814517150020130525B806C622C426C298
:1063640023A0019623AA019423AC019423880194C9
:1063740023A6019497A0FF1FE78080701306800274
:106384008145171500201305E5AE97A0FF1FE78090
:10639400206FEFF0112A97170020938727B0E82B7E
:1063A400FC3B171400201304E4AC85453E958D474F
:1063B4003305F50293070004938481963905137518
:1063C400F50F3375F50A994728A03305F50213052F
:1063D40005243345050897C0FF1FE780200788C0C0
:1063E4003DC53020994781453306F602130606243D
:1063F40097A0FF1FE780C0689C4038209384C19514
:10640400938707249CC0B347F72023A2F196EFF0AB
:10641400DF9829291C30944017C6FF1F13062659FC
:1064240033C7D72010C3138717001377F70F17C686
:10643400FF1F1306A6513347D72010C31387370015
:10644400890718B093F7F70FB3C7D72090C3B240AA
:10645400224492444101828097160020938686A1AB
:106464002A87BC228832637BF5001306150083A7B4
:10647400C19590B2B347F52098C382801305F00FFD
:1064840082801C41F5C7370700F07D8FB7060020D6
:1064940089476310D70E5A21411122C406C62A84A3
:1064A40079C319469305F00F690597A0FF1FE7808C
:1064B400607005478D476308E50A1C4491C7585826
:1064C400994755C3185C45C31306C0038145171586
:1064D40000201305A59C97A0FF1FE780605A1306B0
:1064E400C003A285171500201305459B97A0FF1F25
:1064F400E7808052971700209387479ADA2701E7AD
:1065040013070010DAA7F82719E30547F8A79A2B11
:1065140019E36D479AABF83719E31547F8B7B82B69
:1065240019E30547B8ABB83B19E3F837B8BBD83B18
:1065340011C7937637000983F4ABF8BBD82B19E362
:106544005547D8AB182C01E71307C00398AF9C57E5
:1065540091C78297971700202392A792FD57238211
:10656400F1B0ED338147B24022443E85410182803F
:1065740089473E85828079714ECE97190020938990
:10658400E99683A7090006D622D426D24AD052CC53
:10659400829713090064B335250303D6C9008146E5
:1065A400171A0020130A0A8D32C633052503EF207B
:1065B400723483248A012A84014563868402324624
:1065C4003305944063EF840003A589008146B33505
:1065D400A9023305A902EF20F231B30795403385B0
:1065E4008700232C8A00B250225492540259F24953
:1065F400624A45618280011122CC0A852E8441467B
:10660400974502009385851406CEEFD09F8C180819
:106614003324E420035704FFF24062449717002018
:1066240083D7A78D37450F00BA9713050524335533
:10663400F502056182809717002083D7078C5147A4
:106644001D45637CF702794719456378F702130700
:10665400200315456373F7021307B0041145637EE5
:10666400F700130740060D456379F7001307600927
:1066740009456374F70013B5B70F8280411122C432
:1066840026C22E84AA8406C6058CEFF06FF1B327C8
:10669400A402B2402244338597001375F50F924447
:1066A40041018280411122C426C22E84AA8406C6D6
:1066B400058CEFF0EFEEB327A402B24022443385F9
:1066C400970033450508924441018280411122C458
:1066D40026C22E84AA8406C6058CEFF06FEC3335EF
:1066E400A402B24022442695924441018280411181
:1066F4004AC0170900201309697A8327890206C64C
:1067040022C426C28DCF8297970400209384847676
:106714009E242A848DC733F7A70A33470708B3D7C3
:10672400A70AB3C70708B307F74051476359F700EF
:106734008327C90291C38297EF90F14082A4B240AB
:1067440022449244024941018280011122CC23A6B1
:10675400019617040020130464745C5406CEAA85C1
:1067640081C72AC68297B245C9C59C410545B5CFA4
:106774009C45A5CFDE25B5CBFE25A5CB9C2981CB99
:106784007C287838BA976342F506DC41B9CF130602
:106794004002170500201305657597A0FF1FE780C9
:1067A400A0279707002093876774984323ACE1944C
:1067B400183C19EFCA279307805737460F00330553
:1067C400F5021306062481468145EF20B21208BC67
:1067D400183C9D4763E4E700A1471CBC1705000073
:1067E4001305A5D9EFF0FFB40145F24062440561F9
:1067F40082809707002023AD0768970700209387BE
:10680400E76E17B7FF1F1307078798C33787320050
:10681400FD56130727A194C7D8C797070020238FD5
:10682400076CB7C7004023A4D726A5BF011122CC0B
:106834001704002013048466084406CE26CA4AC8F6
:1068440001E90545F2406244D2444249056182802F
:106854005C58E5DB185C75D7700085458297184451
:10686400B247E300F7FE4A249305E0041709002029
:106874001309496097C0FF1FE78040BD2320A90288
:1068840069D152249305F00F814497A0FF1FE7803C
:10689400201F7C240326090263C1F402328597C0B9
:1068A400FF1FE78000C701459707002023A4075E68
:1068B4009707002023A2075E71B74E241844B387BC
:1068C4009502898185043385E7001C5C08C28297A0
:1068D400C9B7011122CC170400201304245C1C4402
:1068E40026CA4EC656C206CE4AC852C45AC0AA8444
:1068F400AE89B28A6388071A585839CB1307F01F38
:106904006366A710170A0020130ACA5603290A024D
:10691400631209044A249565938515E097C0FF1F07
:10692400E780C0B22320AA022A861DC14E245C58E7
:106934000844898182971C4403290A022322FA020B
:106944008947639EF402C1479305090C6381F904E6
:106954002945BDA003274A02E384E7FE4A2495653E
:10696400938525E097C0FF1FE78040AE2A896DD14B
:106974004E242A865C58084489818297D1B78D4772
:10698400639AF404C1479305490DE393F9FCB821D4
:106994009307A0056312F7069E21639F97044E8612
:1069A4009105568597A0FF1FE780000783270A02F9
:1069B400638727014A8597C0FF1FE78080B501459B
:1069C400F2406244D2444249B249224A924A024BBA
:1069D4000561828091476397F4009305890EE399DA
:1069E40099F675B793070010E394F4F6A147E3E131
:1069F40037F79305090F61BF83270A02E38A27F556
:106A04004A8597C0FF1FE780C0B099B71D67637FB1
:106A1400E506130705E099463347D7025624170BBA
:106A24000020130B2B453307D702330AF7008327C3
:106A34004B026396470103290B02631109024A249E
:106A44009305E00497C0FF1FE78040A02A8909D17D
:106A54004E245C582A868981528582979145130772
:106A6400A00593F5C50FB307B900B4236399E602F3
:106A740096236394960291054E86CA95568597A0EF
:106A8400FF1FE78060F983270B021DB7A166F91683
:106A9400E3E0A6EC3307E54051B7AC33D9B783271D
:106AA4000B02A9BF9705002083A5C53EE38205EA32
:106AB40091479306A00593F7C70F3387F50030235A
:106AC400E318D6E81223631B960091074E86BE9501
:106AD400568597A0FF1FE78020F4D5B53C33E1BF6E
:106AE400970700209387873B984721C7985F31C356
:106AF40085466310D504411122C4170400201304F1
:106B04006437105006C615C2CE27485089810297B3
:106B1400085097C0FF1FE780C09F9707002023AB52
:106B240007369707002023A90736B24022444101C3
:106B34008280828001114AC817090020130909368E
:106B44004EC68329890022CC26CA52C406CE56C218
:106B5400AA842E84328A638D091A8327890399EBC8
:106B64002945F2406244D2444249B249224A924AF7
:106B74000561828083274903E5D79307F01F63E00B
:106B8400A70C970900209389E92E83A7090295CFC2
:106B94000325890083A749026395A7048947639F56
:106BA400F404C147E31EF4FA03A509021305050C16
:106BB4009307A0053CA106A12286D285110597A0C2
:106BC400FF1FE78060E5014569BF0355C9009305D0
:106BD400E00497C0FF1FE780608723A0A9024DF956
:106BE40041B78355C9008327490303A60902898154
:106BF40082978327890023A2F9024DB78D47639AB0
:106C0400F400C147E31EF4F403A509021305450D7E
:106C140045B791476399F400E31494F403A509027A
:106C24001305850E71B793070010E39BF4F2A14797
:106C3400E3E887F203A509021305050F95BF9D67D5
:106C44006373F506930705E01947B3C7E7020357D3
:106C5400C900970A0020938AEA21B387E702BE9904
:106C640083A70A02A1CB83A74A026391370703A52E
:106C74000A0291479305A0051308F00F13F7C70FF5
:106C8400B306E500B0226313B60683D80600B0321B
:106C9400639C9804B307F64063C6870411072286F1
:106CA400D2853A9529BF21677917E36BA7EAB30721
:106CB400F54071BF0355C9009305E00497B0FF1F69
:106CC400E780C07823A0AA0259FD59BD8355C900A5
:106CD4008327490303A60A0289814E85829723A24A
:106CE4003A0371B723900601B28749BF3386870000
:106CF40011061308F00B6374C8002D459DB5ACA2B2
:106D040013063400719A1106B29786A2BCB279B701
:106D1400970900209389091683A709029DCB03A52F
:106D2400090291471308A0059305F00F13F7C70F45
:106D3400B306E500B0226310060583D80600B0321E
:106D440063979800B307F640E3DA87F48EA2B2871C
:106D5400F1BF8347E9000355C9009305E0043305F7
:106D6400F5023345050897B0FF1FE780206E23A086
:106D7400A90255F5F5B30356C9008345E900B38567
:106D8400C502338687001106E3E9C5F623810601AF
:106D940085BF01458280011106CE2EC6EF80D067E3
:106DA40019C5B245F2402A2105616FD06008F2404E
:106DB400494505618280A38C0198238C019823AAFC
:106DC400019823A8019823A6019823A4019823AA33
:106DD400019623A801969707002093876713370627
:106DE400840390D33707B40037C6070098C313064B
:106DF40006B83747A000D8C3D0D337071000416680
:106E04009306070AB70550009308060194C723A404
:106E1400170393860501930816F8D4C723A617030E
:106E2400B706D007B7087F001308070513850601C6
:106E3400410723A81703B0C39308160093860605D9
:106E440013861500D8CBF8C323A8070188CF23AE37
:106E5400070023AA170323AC070223AE070223A4C7
:106E64000704F0C7B4CB23AA0704ACCF23AE0705AD
:106E7400B8D33707A000F8D71307000AB8DB130705
:106E8400C01CF8DB37071400B8DF0547F8DFE8D388
:106E940023A40706930710F817070020232AF70EE8
:106EA4008280011152C42A8A214522CC26CA4AC8AA
:106EB4004EC606CE2E84B2893689BA8497A0FF1FA7
:106EC400E78060A605C9930700FD1CA19947A300AC
:106ED40045013CA12303250164B123123501AA8590
:106EE40022856244F240D2444249B249224A0561B1
:106EF4006FE01FE1F2406244D2444249B249224A5F
:106F04000561828023AAA198828023A8A198828007
:106F140023A6A198828023A4A1988280011122CC67
:106F240026CA4AC806CE4EC62A89AE840144B3098D
:106F3400890063699400F2406244D2444249B249F0
:106F440005618280EFE0DFE5B3470508A183238074
:106F5400F9009307140093F7F70F850963F8970076
:106F6400CA97090488A31374F40FD1B73E84D1B728
:106F7400411122C4170400201304C4016A20C1670C
:106F840006C6FD17630CF50017060020034686228B
:106F940093858197EF80D029FD577EA0B24022448B
:106FA4004101828009C925151375F50F1335850E26
:106FB4001345150082800145828023900500C9C2D3
:106FC400797122D426D252CC56CA5AC806D64AD08F
:106FD4004ECE5EC62A8B2E8AB28A3684814463FFE3
:106FE4005405B307940083C9070013891400334977
:106FF400090863850904B387290163C1FA04B30747
:10700400240183CB07005E85713F0DC99387F9FF87
:107014002310FA0063906B03050933052401B25071
:10702400225492540259F249624AD24A424BB24B18
:1070340045618280CE94B3C4040855B70145C5B7F1
:1070440001458280011122CC26CA4AC84EC606CE0A
:1070540097040020938404F42E89D0C88CC8C8C433
:107064002A8441469305F00F4A8597A0FF1FE780C5
:1070740060B48549631935038848C145453541469F
:107084009305F00F228597A0FF1FE780A0B2054962
:10709400631525036244C844F240D2444249B249CC
:1070A400C1450561A5BD414681454A8597A0FF1F9D
:1070B400E78040B0E31535FDC1B7414681452285DF
:1070C40097A0FF1FE78000AFE30625FDF24062446E
:1070D400D2444249B24905618280411122C426C288
:1070E4002E84AA8413060002814517050020130587
:1070F40065EA06C64AC097A0FF1FE7806098170993
:107104000020130929E9970700202387870AA30190
:107114009900EFC03054854719C181474945230080
:10712400F900B240224492440249410182809DC93F
:107134001DC985476318F500DC3193E707FCDCB112
:107144000545828089476316F500DC3193F7F70320
:10715400FDB78D47E316F5FEDC3193F7F70393E7AC
:107164000704F1BF014582808DC10DC1DC311307D5
:10717400000C054593F7070C638AE7001307000426
:1071840009456395E7000D458280014582804111E0
:1071940022C4005D06C626C21DC8AA84085009C5BB
:1071A40097B0FF1FE780E036485009C597B0FF1F2E
:1071B400E7802036085409C597B0FF1FE780603583
:1071C400228597B0FF1FE780C03423AC0402B2408D
:1071D400224492444101828009ED9707002083C72D
:1071E40087DB17050020130565DC81CB1385019827
:1071F400828017050020130565DB828017050020B7
:10720400034565D9828017050020032565D982804E
:1072140017050020032505D982809707002083A73E
:10722400A7D888438280170700201307A7D6544B9A
:107234009C4285079CC228339307F00F6307F5002F
:10724400916517C3FF1F670003908280011122CC50
:1072540006CE2E8432C6EF80302C9147B245631C93
:10726400F50083A7819889CF9C4399CB22856244FA
:10727400F2400561828783A7019999C3DC43F5B77E
:10728400F2406244054505618280797122D42A84E2
:107294004A214ECE06D626D24AD097C0FF1FE78099
:1072A40000A09389819931E583C409009307F00F05
:1072B400639AF40083C591992685EFF0DFAD19E157
:1072C400238C01984A20EF8030259147631CF500F8
:1072D40097070020938707CC5620FA236394E6008F
:1072E4007D57FAA3B250225492540259F24945618F
:1072F4008280582504212A893AC6513D4A85EF8067
:10730400F05E4A20EF80901C83C70900324799C37E
:10731400E38297FA9307F00F5220E385F4FA74207E
:107324002820A685EFF0FFB771BF79715AC82A8B60
:107334002E854ECE52CC56CA06D622D426D24AD058
:107344005EC62E8AB28AB68997C0FF1FE780209551
:1073540075C5045D2A89FDC09C501305400391E363
:1073640061459C5489C79307450133C50708638663
:1073740009009307C50133C50708DC5089C7930783
:10738400750133C507089790FF1FE780C0592A8409
:1073940055C5614681459790FF1FE780606E970B46
:1073A400002083CBEBB963940B00834B0900930754
:1073B40000FD1CA0A947A30064013CA023035401C1
:1073C4008C50231244011305840191C908C47146E9
:1073D400130A44039790FF1FE780006452858C547E
:1073E40091C948C45146130A45019790FF1FE7808D
:1073F400A0625285638C090008C87146CE85130AC1
:10740400C5019790FF1FE78020615285CC5099C534
:1074140048C85D469790FF1FE7800060A2855E859F
:10742400EFE01F8E2254B2509254F249624AD24A7B
:10743400424BB24B4A850259456191BBB25022542A
:1074440092540259F249624AD24A424BB24B4561C4
:10745400828001114EC6AA892E8526CA06CE22CC68
:107464004AC8AE8497C0FF1FE780608321C917090B
:1074740000200349E9AC63140900034905001945D8
:107484009790FF1FE780204A2A840DC98145194639
:107494009790FF1FE780C05E930700FD1CA0B947CB
:1074A400A30034013CA046A0A2856244F240D24429
:1074B400B2494A85424905616FE09F84F2406244C3
:1074C400D2444249B24905618280797162C42A8CEE
:1074D4002E8526D24ECE52CC56CA5AC85EC606D681
:1074E40022D44AD0AE84B28B368BBA8A3E8AC28901
:1074F40097B0FF1FE780A07A35C52A894145979048
:10750400FF1FE78040422A8431CD41468145979050
:10751400FF1FE780E05617050020034565A219E127
:1075240003450900930700FD1CA0BD47A300840187
:107534003CA023047401A304640123055401A3059E
:10754400440146A023263401A2852254B250925409
:107554000259F249624AD24A424BB24B224C45612B
:107564006FE00FFAB250225492540259F249624A1F
:10757400D24A424BB24B224C45618280011126CA49
:10758400AA8439454AC84EC652C406CE22CC2E8A95
:10759400B28936899790FF1FE780E03815CD9307AD
:1075A400000D1EA1B1472A84231245013CA1CE85BA
:1075B400190519469790FF1FE7800046230624010A
:1075C400A2856244F2404249B249224A13F5F40FBB
:1075D400D24405616FE0CFF2F2406244D2444249A2
:1075E400B249224A05618280411126C206C622C4DC
:1075F4004AC0970400209384E499B8309307F00FAD
:107604006308F7042A8939459790FF1FE780A03162
:107614002A841DCD930700FD1CA1A300250123018D
:10762400050097050020938565980D0519469790E8
:10763400FF1FE780603E9E24A285A8303EA49C30B4
:107644005CA42244B2409244024941016FE04FEBF2
:10765400B24022449244024941018280011156C23F
:10766400AA8A314526CA4AC84EC652C406CE22CC7E
:107674005AC0AE84328AB6893A899790FF1FE78050
:10768400802A3DC92A84268597B0FF1FE7802061A0
:1076940009C55825A1476311F704170B0020034BB4
:1076A4009B8F930700FD1CA09D47A30054013CA0A1
:1076B40046A0231344012314340123152401A28575
:1076C4006244F240D2444249B249224A924A5A851B
:1076D400024B05616FE0CFE2170B0020034BDBADDB
:1076E400E3910AFC83A741AD9C47C5DFCA864E8659
:1076F400D2852685829775B7F2406244D2444249C6
:10770400B249224A924A024B05618280411126C243
:10771400AA84214522C406C62E849790FF1FE780C1
:10772400802015C5930700FD1CA1C5473CA13C3032
:10773400AA853CB15E205EA17C207CA17C307CB11A
:107744002244B2402685924441016FE06FDBB2408F
:10775400224492444101828041114AC02A897145E0
:1077640026C206C622C4AE849790FF1FE780A01BE2
:107774003DC5930700FD1CA1F5473CA1BC302A84FC
:107784009385C4003CB1DE2031051946231CF5FE67
:10779400FE20231DF5FE9E24231EF5FEBC24230F8C
:1077A400F5FEBC34A30FF5FE9790FF1FE780C026BB
:1077B400BC28A2854A853CA8DE285EA8FC287CA8B3
:1077C400FC387CB89C2C1CAC9C3C1CBCBC2C3CAC3D
:1077D4002244B2409244024941016FE06FD2B24068
:1077E4002244924402494101828001114AC82A89F3
:1077F400614526CA4EC606CE22CCAE89B284979085
:10780400FF1FE780401225C1930700FD1CA1BC3077
:107814002A84938584001CB195473CA1FC30110552
:107824001946A30FF5FE9790FF1FE780E01EDE20A8
:1078340023063401A2853EA4BE2C4A857EA4DE2CF8
:107844001EA8FE2C3EA883C704025CA883C71402AA
:107854005CB8BE30F240D2447EA862444249B24988
:1078640005616FE0EFC9F2406244D2444249B24933
:1078740005618280411122C406C617F4FF1F130458
:1078840064713C208DC7AA85194613850198979089
:10789400FF1FE7806018282093850198EFF03F8947
:1078A4002244B2401385019841016FC0605BB2402D
:1078B4002244014541018280411126C206C622C4E8
:1078C4004AC097F4FF1F9384E46CB8309307F00F19
:1078D4006300F7042A8929459790FF1FE780A004D5
:1078E4002A841DC5930700FD1CA1A147A3002501FF
:1078F4003CA1BC20938501981105A30FF5FE194600
:107904009790FF1FE7804011A830A285EFE04FBF9A
:10791400B8208D47631DF70083A7C19889CB9C4786
:1079240099C72244B2409244024941018287B2403D
:1079340022449244024941018280797122D406D6BC
:1079440026D24AD04ECE52CC56CA09444DCD2A89AD
:107954000A212E8A514497B0FF1FE7804034AA843D
:107964005DC1970A0020938AEA8483C74A000547C9
:107974004944FD1793F7F70F6377F7085825A14794
:107984006314F70063110A089C5C4544ADEF9165EC
:10799400938545711305C00297B0FF1FE78000ABC4
:1079A40088DCAA894D4425C11306C00281459790FD
:1079B400FF1FE780E00C8357090093864900368552
:1079C4002391F90071469305490036C69790FF1F2D
:1079D400E780800489472380F900DC24B2460356FB
:1079E400090083C50A00E11713B51700EF90601A68
:1079F4002A8463060A00D2852685EF80901D01C47F
:107A04002685EFF0CFF8B2502285225492540259C1
:107A1400F249624AD24A4561828097F7FF1F83C7C1
:107A2400A779FD1793F7F70F05476377F708011157
:107A34004AC806CE22CC26CA4EC652C432898947C9
:107A44002DC22A8AAE89368497B0FF1FE78020258D
:107A5400AA84D14739C5485509C597B0FF1FE780A7
:107A640040ABF1454A859790FF1FE7808007C8D453
:107A7400AA85CD471DC5D824A147631DF70209C8AF
:107A8400382D1229930625015285EF80B01A2A84D5
:107A9400D820936747006384090093676700DCA0DC
:107AA400A287F2406244D2444249B249224A3E8506
:107AB400056182800144E9BFC9473E8582809307FE
:107AC400000463EAA70097F7FF1F938767443325F1
:107AD400F5200A21828041657D158280011122CC26
:107AE4002A842E8526CA06CEAE8497B0FF1FE7806F
:107AF400001B0DCDB7470F009387F723094563E2B9
:107B0400870281450A8541469790FF1FE78040F729
:107B1400A68560800A8541804081A3010100EF8031
:107B24005073F2406244D244056182804945D5BF16
:107B340097F7FF1F2381A76882806F80F07F797198
:107B440052CC2A8A328526D24AD04ECE56CA5AC838
:107B54005EC662C406D622D42E8CB28A368BBA8B09
:107B64003E89C289C68497B0FF1FE780401305C9C8
:107B74002A84631A0A1893774B000343450085CF80
:107B84001363230163940B1663100914639F09089C
:107B940085E81C5C1373B3FF23026400C5EBB25089
:107BA400225492540259F249624AD24A424BB24B8D
:107BB400224C456182801373D3FF13630301D9B749
:107BC40013634300230264009C484146A6851CD4E9
:107BD400130584019790FF1FE78000E463130C12E0
:107BE400638C0B0A485409C597B0FF1FE780609265
:107BF400F1455E859790FF1FE780A0EE48D4005CB6
:107C040059DC1C5091EB916593853571714597B0A2
:107C1400FF1FE780A08308D008500DC17146DE85A0
:107C24009790FF1FE78040DF11A8136343002302EE
:107C34006400D9F8005C630C0C0235D0639A090225
:107C4400A5E029A0005C21DC639409022254B2500F
:107C54009254F249B24B224CCA865A860259424B7C
:107C6400D6855285D24A624A45616FF00FEC05D839
:107C74005C5091EB9165938525715D4597A0FF1F3D
:107C8400E780C07C48D0485045DD5D46CE8597905E
:107C9400FF1FE78060D86DB7005C11D0E39A09FC40
:107CA4001C5491EB916593851571514597A0FF1F65
:107CB400E780C07908D4085451D95146A6859790D5
:107CC400FF1FE78060D559B71363430023026400A4
:107CD400E39C04EEE3080CF6485405EDF1454A85AF
:107CE4009790FF1FE780E0DF48D431A81363430077
:107CF40023026400E39A04ECE3060CEEE31E09FCA1
:107D0400FDBDE31B09FC005CE30B04E8E39B0BEE05
:107D140035B797A0FF1FE780C07FC9B7011126CAF6
:107D240052C406CE22CC4AC84EC62A8AAE8497B024
:107D3400FF1FE780C0F635C12A8939459790FF1F98
:107D4400E78060BE2A8431C997F9FF1F83C9491FA0
:107D540063940900834909009307000D1EA0AD47F1
:107D64003CA0930569001305340019469790FF1F42
:107D7400E78080CA93F714005CA493D4144844B4F5
:107D840023154401A2856244F240D2444249224A66
:107D94004E85B24905616FD0BFF6F2406244D244C9
:107DA4004249B249224A0561828001114EC652C439
:107DB40056C206CE22CC26CA4AC8AA8A2E8AB289BC
:107DC40097B0FF1FE780A0ED35CDAA841305C0024C
:107DD4009790FF1FE78020B52A842DC517F9FF1F50
:107DE400034909166314090003C904009307000D2D
:107DF4001EA0E9473CA0938564001305340019468E
:107E04009790FF1FE78040C1D285231554011305C5
:107E1400C40041469790FF1FE78000C0CE8513053C
:107E2400C40141469790FF1FE78000BFA2856244CA
:107E3400F240D244B249224A924A4A8542490561F3
:107E44006FD01FECF2406244D2444249B249224A04
:107E5400924A0561828003A5019701CD411106C6AE
:107E640097A0FF1FE780E06AB24023A80196410172
:107E740082808280411122C406C626C24AC02E8452
:107E840097B0FF1FE780A0E129CD00D517F9FF1FA8
:107E94000349090BAA8463140900034905004145F9
:107EA4009790FF1FE78020A82A8405CD9307000D33
:107EB4001EA1A5473CA1DC30938564001105A30FE6
:107EC400F5FE19469790FF1FE78000B59C54A285E4
:107ED400B2405CC4224492444A85024941016FD0B5
:107EE4003FE2B240224492440249410182805D71E2
:107EF400A2C4A6C286C6AA842E8497B0FF1FE780B8
:107F040000DA0DC954251147AA874945639FE60045
:107F14009C5F91C3E02B97A600009386E6B40A8683
:107F2400894526854080EF80C041B640264496446A
:107F3400616182805145D5BF97F7FF1F83C7C7276B
:107F4400FD1793F7F70F0547637AF704411126C22B
:107F540006C622C44AC0B284894715CA2E8997B07E
:107F6400FF1FE780C0D32A84D14715C163060900E7
:107F74005C2193E727005CA14146A6851305840193
:107F84009790FF1FE78040A99C481CD48147B240CA
:107F94002244924402493E8541018280C9473E857C
:107FA4008280011122CC26CA06CE2A84AE8497B0E0
:107FB400FF1FE780C0CE19C96C0022854486EF807C
:107FC400E03DF2406244D244056182805145D5BF10
:107FD4006F70D049C1671387E7FF6391E50283A7F8
:107FE400019991EB494582804945B240224492442B
:107FF4000249410182809C43F5D78287411122C402
:1080040026C24AC006C6FD172A892E84B284639408
:10801400F50283A7019989C79C4399C3829711C527
:10802400A6854A85EFE03FD769F1238C2199A38C7B
:10803400919801455DBF2E8597B0FF1FE78020C64C
:1080440045D51C210D45E39227FB22852244B240ED
:108054000249A685924441016FB0905D93070004E4
:1080640063E1A7064111C16722C426C206C6FD17F3
:108074002A84AE8409456380F502C5476312F4027D
:108084002E85EFB0506297F7FF1F938767E833247C
:10809400F420014506A0B24022449244410182806A
:1080A4009307A0036316F4002E85EFB03059E1BFA7
:1080B4009307B003E319F4FC13F5F50FEFB0505830
:1080C400D9B709458280011106CE2AC6EFE0BFCE9A
:1080D400EF20A00CEF10E06BEFD0D104324597F7FE
:1080E400FF1F938727EB130700F0BAA3238207002F
:1080F4007D5797F7FF1F9387E70BB8A388A3F24038
:10810400954505616F608066757126C306C722C5F3
:108114004AC1CEDED2DCD6DADAD8DED6E2D4E6D272
:10812400EAD0EECEAE849397556063D9075217FA1E
:10813400FF1F130A2A0803450A00130B200A930B96
:10814400F00F9790FF1FE7802084C167FD172A84F2
:10815400130C1009954C394D97FDFF1F938D8DE33A
:108164003ECC15E01395F468BA402A449A440A496F
:10817400F659665AD65A465BB65B265C965C065D33
:10818400F64D496182801C20639A670103C93D0052
:10819400E2452A202286EFF06F8BD1A003492A0002
:1081A400639A87091C30639097032285EFF0EF8D63
:1081B4002285EFD0DFAF03450A009780FF1FE780D9
:1081C400A07C2A8479BF6393A7194A208567A507F1
:1081D400631AF5040C4497F9FF1F9389A9DB8821DE
:1081E40015E51946850517F5FF1F130525DC97903E
:1081F400FF1FE780608203C709008547631CF702FD
:1082040089472380F900EFB070455DB703C70900C3
:1082140085476311F70297F7FF1F238D07D6EFF009
:10822400AFBC79B709679307C70063EDA7040507D7
:108234006369A702E30E79F7A2854A85EFD05FACA4
:108244009DBF370700181307F770B357F748F5C3F6
:1082540083A7C198B1DF9C43A1DF2285829729F9C6
:10826400D1BFF977F917AA972947B3C707086362FB
:10827400F70C17370200130727B4B3C7E7209C4352
:10828400BA978287F9779387A7FCAA97F146B3C771
:108294000708E3F8F6FA3907E31EE5F883A701991E
:1082A400E38807F0DC43E38507F00965A285390517
:1082B40095A883298400E38F09F603C7090097F77B
:1082C400FF1F938727CD19EB03C7290083C6190025
:1082D4002207558F9AA703C7390098B394230947F7
:1082E400E39AE6F403C7090001CB97F7FF1F238342
:1082F40007CA03C5090025B78C338A270D4798A3FD
:10830400EF606049FDB71C448823EFF0EFDA4DB508
:1083140083A74199E38E07E89C43E38B07E809654B
:10832400A2852D05829725BF1C449C23E39407F066
:1083340041B5896793871704E31EF5EE83A7419936
:10834400E38807E69C43A285F1FF9DB53D47639E04
:10835400E7044A2089671387D7006306E50013877B
:1083640097016318E50083A70199E38307E4DC43DD
:10837400D9BFCD07E310F5ECC16717F7FF1F03570B
:10838400C7C1FD17631DF70083A70199E38207E2C4
:10839400DC43E38F07E00965A2854D0561B783A738
:1083A4008198E38707E09C43EDB71307E003E39369
:1083B400E7E83C200547639EE7107C20938A0197F9
:1083C400639A070E83A70A006381070E83C9070017
:1083D4002149683093078400BE853ECEEFE0DFD8A4
:1083E40068B013064002814568109780FF1FE7803C
:1083F40020693C30194693058400A307F1027C30C0
:108404004818A309F1029780FF1FE780E0605E200F
:108414007010CA852318F1027E244E852313F104BB
:108424001E282314F1043E282315F1045C28230696
:10843400F104FD57A306F1042317F104EFF0EFBA9A
:108444003C309DE3DD47835804010358E400743055
:108454004E203EC23E28130784003EC0CA8705460C
:108464004E85EF70F02128B083A70A0081C711451B
:10847400EFF07F9E9389819903C50900E30A05D231
:1084840083C59199EFE03F91E30405D2343093071B
:1084940010036389F600522083C509004A87368594
:1084A400EFE03FA0238C019821B397F9FF1F83C904
:1084B40099AE39BF83A7C19897F9FF1F83C9B9AD96
:1084C40099C3DC4399E3114929B781450145829752
:1084D400DDBFF91793F7F70F13077002E36CF7D4B6
:1084E4001737020013070790B3C7E7209C43BA97D6
:1084F40082877C20938A0197A9EB83A70A00A9C3EA
:1085040083C907002149683093772500B1CF0589D5
:108514001307440168B02286CA854E853ACEEFF02F
:10852400CFAC3C307247A9F3DD478358C4010358EC
:10853400A40174304E203EC27E2C3EC0CA8705B7CB
:1085440097F9FF1F83C939A575BF83A7C19897F908
:10855400FF1F83C959A499C3DC4399E3114965B743
:10856400814501458297DDBF13078400BA853ACE61
:10857400EFE09FBF724779BF83A74199E38A07C29F
:10858400DC43E38707C2228582971DB183A7419903
:10859400E38007C29C47F5B722868D454A20E5BE95
:1085A4009305A10213051031EFD0E13C6C101305C3
:1085B4002031EFD0413C72208357C1024A2063E747
:1085C400C70016240357A10263F7E60093050002CF
:1085D400EFB0700CF1BE6373E6007AA063F3D700CA
:1085E4001EA45A24362412246E2001488147EFB079
:1085F400500A7DBE2286B14555B783A74199E389C8
:1086040007BADC47BDBF2285EF00E07655B683A7E5
:108614004199E38F07B89C4BADB72285EF00A07F4B
:1086240041BE0145EF00700E61B683A7C198E38394
:1086340007C0DC43E38007C0814505458297DDBE62
:1086440083A7C198E38807BEDC43E38507BEA28500
:108654000945EDB722869305600289B793F71500A3
:1086640099CB83A7419989C7DC4399C30145829774
:1086740013C51400D5BC93F7250081CF83A7C198F7
:1086840091C7DC4381C781450545829713C5240002
:10869400E1BC13F54500E30905AC83A7419717F442
:1086A400FF1F1304248F99CB85475CA083A7C1982F
:1086B40091C7DC4381C781450545829748446C10C6
:1086C400EF80A0256810EFF0EF9A97F7FF1F83D78C
:1086D400478681CF130600643386C702914517F598
:1086E400FF1F034525ADEFD07F8313C54400ADBC08
:1086F400011122CC2A84554506CE26CAEFF02FBCA0
:10870400AA8413054002EFF08FBB2AC6130550025A
:10871400EFF0EFBAAA86228562443246F240B335BE
:108724009000D24405616FB0E07E397122DC06DE30
:108734000D472E84631AE500BA259625F2212830C8
:10874400CE21EFE0BFF189A809679306D700AA8775
:108754006319D504BC21A9C3138401970C408DCDA2
:10876400DC87BC31194691054808A309F1009780BC
:10877400FF1FE780602A930700F03ED61C402318B1
:1087840001002313010202D4882370008145EFF015
:10879400CF850545EFF02FEC0545F2506254216179
:1087A40082809306E700E309D5FE93063701631937
:1087B400D500A82175D1014781460146814551B7AD
:1087C4006507E30BE5FC31476319E50017E5FF1F77
:1087D4000345757CEFE09FF3C1B71307600263198B
:1087E400E50017E5FF1F0345157BEFE0FFF66DB7C6
:1087F40041677D170145E392E7FAD831C947E31D84
:10880400F7F8F625D2250A24AE25EFB0E0718547A6
:1088140011C55D45EFF0AFAAB337A0004C202A2064
:1088240030007C84EF7020223C84BDF79305A100C6
:1088340013051031EFD021146C0013052031EFD053
:1088440081133C851A246373F7001EA43C863A24E2
:1088540063F3E7003EA41E243A246373F7003EA4A6
:108864002A20EF00C1727A24562432240E242A20AE
:1088740001488147EFB0006005B741114AC006C600
:1088840022C426C217F9FF1F1309C99203477900AE
:108894009307F00F6302F706AA8439CD68255105C2
:1088A4009780FF1FE78020082A8439C59307000DAD
:1088B4001EA1D9473CA1DE205EA1FC207CA1FC3096
:1088C4007CB19C241CA5DC345CB5F02470A515C2D5
:1088D4008C48510508C89780FF1FE780E013A285E4
:1088E400224403457900B2409244024941016FD0C9
:1088F4002FC123280500E5B7B2402244924402491F
:1089040041018280C1679386E7FF2A87639BD50074
:1089140083A7019799CF9C230D45639DE7006FB012
:10892400A054FD1749456397F50083A70197E5FB1C
:10893400828049458280397122DC06DE26DA4AD8F3
:108944004ED652D456D25AD0182185472A84630B66
:10895400F7001025930695009305E1010545EFE026
:10896400CFE51DE98147014514201147638DE602D7
:1089740003A7419A18338D466307D7028DC705C7ED
:1089840011ED0145F2506254D2544259B259225A5F
:10899400925A025B216182801C21F9B78546631DCE
:1089A400D7028D8BF9DF0830930524002EC6EFE043
:1089B400AFFB08B01389819A83270900AA898144EF
:1089C4008DC3B245138AC19A130BF00F83470A0073
:1089D40063EBF400814481A08946E314D7FA858BC4
:1089E400D1B7054545B783270900939A4400D69724
:1089F4009823630C67059833631937051946138563
:108A040027002EC69780FF1FE780A012B24515CD20
:108A140083240900D69418209147C1E8E303F7F6AC
:108A240083240900B9DC83460A0081471306F00F4A
:108A3400E389F6F403C8040013850401630BC8003A
:108A4400850793F7F70FAA84E5B7850493F4F40F29
:108A5400B5BF98A01C301385240019469CB097809C
:108A6400FF1FE78060FB082491659385F571050578
:108A740097A0FF1FE780809D05C1182091476314CC
:108A8400F702C8C41024930594000505A30FC5FE7E
:108A94009780FF1FE78040F81C24A1F708207D156C
:108AA40013351500C5B588C4F1BF6311F706C84472
:108AB4001C2405C11021630DF60418209147631787
:108AC400F706C84419C597A0FF1FE78080A423A612
:108AD4000400082491659385E571050597A0FF1F9F
:108AE400E780C09605C118209147631AF704C8C4EB
:108AF4001024930594000505A30FC5FE9780FF1F5E
:108B0400E78080F108243335A000ADBD88444DB71B
:108B14009305940005059780FF1FE7808001854732
:108B2400E31DF5F85545EFE09FF99DBF884455D105
:108B340097A0FF1FE780E09D23A4040059BF88C4C9
:108B440045BF397122DC4AD84ED652D406DE26DA25
:108B540056D25AD05ECE2A84130925000831CA851C
:108B6400138A419AEFE04FE008B083270A000D47CB
:108B7400AA899C33639DE700138A819A83270A009C
:108B84008144938AC19A639F070E05452DA0EDD7B2
:108B9400144C70389305E1000545EFE00FC2AA8438
:108BA4001DC903270A0085461C2118336310D70208
:108BB4008D8BF9F30145F2506254D2544259B259A3
:108BC400225A925A025BF24B216182808946858B3C
:108BD400E314D7FAF9BF1C2011476385E7002D473A
:108BE400E39AE7FC938A819A83A70A00014A938B4C
:108BF400C19AE9D303C70B00B3470A0863E4E7004B
:108C0400A5FC4DBF03A50A00131B4A001C205A955E
:108C140018216310F7021C31639D37011946CA8578
:108C240009059780FF1FE780C0F001C583A40A00EF
:108C3400DA94050AC1B783A9840059A80C4C13859A
:108C440019009780FF1FE780C0EE85476317F5087A
:108C54005545EFE0DFE64DC1B1BF1C2011476385E8
:108C6400E7002D47639DE700C8C470380505A30FCE
:108C7400C5FE0C4C9780FF1FE78000DAB5A888C4B6
:108C8400EDB7850403C70A00B3C7040863F8E70611
:108C940003250A00139B44001C205A951821E31253
:108CA400F7FE1C31E39F37FD1946CA8509059780F5
:108CB400FF1FE78000E871D583240A001C201147B8
:108CC400DA946385E7002D47E397E7F683A9C400A8
:108CD4007C3803C60900E303F6F64E8597A0FF1F10
:108CE400E7802083683891659385E5710505979041
:108CF400FF1FE780A07535F1E39904E803C70A0074
:108D040083240A0081479306F00FE3F0E7E88C2000
:108D1400138604016387D5008507B284B3C70708A7
:108D2400EDB7E38404E61C20CA85138524009CA0C7
:108D34001C3019469CB09780FF1FE780E0CD68384F
:108D440091659385F57105059790FF1FE780007085
:108D5400E30D05E218209147631DF700C8C470387D
:108D64000505A30FC5FE0C4C9780FF1FE780C0CA02
:108D740029BD88C4EDB701114AC806CE22CC26CA43
:108D840017E9FF1F13090943034779009307F00FFD
:108D9400630DF706AA8435C961459780FF1FE780F4
:108DA40080B82A843DC19307000D1EA1D5473CA17C
:108DB400BC30938584002EC63CB1DE205EA1FC202D
:108DC4007CA1E830EFE04FBAB24568B0194613050C
:108DD40084009780FF1FE78020C4FC24A2850345FC
:108DE40079007CA49E281EA8BC283CA8BC383CB8AA
:108DF400DC285CA8DC385CB8FC287CA86244F2401F
:108E0400D244424905616FC0BFEFF2406244D2448C
:108E1400424905618280411126C206C622C497E4F4
:108E2400FF1F93842439F8309307F00F6309F70286
:108E34002A8415C519459780FF1FE780C0AEAA850F
:108E440019CD9307000D1EA1DD473CA15E202244ED
:108E5400B2405EA1E830924441016FC07FEAB24063
:108E64002244924441018280011126CA9384819A4A
:108E74009C4006CE22CC4AC84EC652C48DC32A8911
:108E8400AE89131A45000144884063124403638A7F
:108E940009049790FF1FE780C06723A4019AF2405A
:108EA4006244D2444249B249224A05618280B307EE
:108EB4008500884709C99790FF1FE78080659C401B
:108EC400A29723A407009C40A297C84709C997907A
:108ED400FF1FE78000649C40A29723A6070041047B
:108EE40065B755DD228681459780FF1FE78040B92D
:108EF400944081477D5613F7F70FE37227FB1397CE
:108F04004700369710A38507FDB7797152CC138AB1
:108F1400419A83270A0006D622D426D24AD04ECEBE
:108F240056CA5AC85EC6CDCF2A89938AC19A81444B
:108F340009ED83A6819A91CA03C60A008147930565
:108F4400F00F13F7F70F6369C70213953400210577
:108F54009780FF1FE780209D2A8415E9214597808B
:108F6400FF1FE780409C2A8425C1C5679387073D7E
:108F74001CC12322040099A0139747003697182395
:108F84006305B700850493F4F40F85075DBF930769
:108F940000FD1CA18547A30025013CA124B1F1D803
:108FA40013098500232225018149138B819A930B90
:108FB400F00F83C70A0063F3F90095EC83270A00D6
:108FC400A2858823EFC0DFD303C50A008145693D2C
:108FD40003250A009790FF1FE780A05323A2019A5C
:108FE400B250225492540259F249624AD24A424B34
:108FF400B24B4561828083250B0093974900BE954F
:109004009C21638377032300F9009C311305290015
:10901400FD14A300F9001946890593F4F40F978011
:10902400FF1FE780609F2109850993F9F90F51B764
:1090340083A7419AA9C7411122C406C62A8415E10F
:109044000945EFE0DFA72A8601C9854517E5FF1F1B
:1090540003454516EFC09FEC0545EFF06FE92A8400
:1090640011C9854517E5FF1F0345C514EFD0AF931C
:109074002285613DB240224405454101828001457B
:10908400828089679386B7006315D5009C45882341
:1090940045B79386C7006317D5009C45854688234A
:1090A40019C9FDB793861704E302D5FE93872704F5
:1090B4008146E304F5FE36858280011106CE22CC7A
:1090C40026CA4AC84EC652C456C255CD3C312A8916
:1090D40099CF444189CC5945EFE07F9E8149938AD9
:1090E400419A131A45608347390063EBF900F24053
:1090F4006244D2444249B249224A924A056182807A
:109104008387840263C8470783A70A00A5C7268507
:10911400EFF07F8225C1882451059780FF1FE780E7
:1091240080802A8421C99307000D1EA1B5473CA164
:109134009C201946938524003CB18387840215053D
:109144007CA19C30A30FF5FE9780FF1FE780C08CA5
:10915400902450A415C61305440108C893859400AF
:109164009780FF1FE780408B83A70A00A28588238E
:10917400EFC01FB985099384940293F9F90FA5B739
:1091840023280400D5B783A7419AB5D3BD3B6244D5
:10919400F240D2444249B249224A924A0145056109
:1091A4006FF00FD5797106D622D426D24AD04ECE8E
:1091B40052CC56CA5AC85EC645CD3C312A899DC395
:1091C40044418DC05945EFE09F8F89048149938ABA
:1091D400419A130B00FDC14B131A456083473900B4
:1091E40063EDF900B250225492540259F249624A92
:1091F400D24A424BB24B456182808387D40063C418
:10920400470783A70A00A5C351459770FF1FE7804E
:1092140080712A8429C923006501A3000500230164
:10922400750183C7E4FF1946A6853CB18387D40042
:1092340015055CB583C7F4FFA30FF5FE9770FF1FF8
:10924400E780807DFC20938574001305C4003CB442
:1092540019469770FF1FE780207C83A70A00A28528
:109264008823EFC0FFA9850993F9F90FC104BDB79D
:1092740083A7419AA5DBEFF05FC92254B250925400
:109284000259F249624AD24A424BB24B0145456106
:109294006FF00FC6797106D622D426D24AD04ECEAC
:1092A40052CC56CA5AC85EC662C466C2630A052254
:1092B4003C312A8995C7404105C45945EFE03F80B8
:1092C40009048149138A419A914B354C172B0200AA
:1092D400130B4BBB931A45608347390063EFF900C6
:1092E400B250225492540259F249624AD24A424B31
:1092F400B24B224C924C456182808307A40063CA1E
:10930400571583270A0063860714834CE4FF93F7F9
:109314000C01CDC793870CFF93F7F70F6369FC002B
:10932400B3C767219C43DA978287230F04FE130592
:10933400E4FFEFF01F81630E05108347E4FF63EF42
:10934400FB1005476398E70A51459770FF1FE780B4
:10935400805DAA84630F050E930700FD1CA1C1471D
:10936400A30005003CA18347E4FF1946A2853CB154
:109374008307A40015055CB58347F4FFA30FF5FE2E
:109384009770FF1FE78040697C2419469305F40019
:10939400BCB41385C4009770FF1FE780E06765A025
:1093A4008547230FF4FEA30A040051B78947230F0E
:1093B400F4FEB5BF8D47E5BF9147D5BF93F78C0049
:1093C40099C3AD47EDB713F71C0093F74C0011C7D1
:1093D40099C39547F9B7A147D9BF13F72C0011C713
:1093E40099C3A5477DBF9947D9B799C3A947C1B7C1
:1093F4009D4775BF483851059770FF1FE780A052FD
:10940400AA8421C99307000D1EA1B5473CA1834737
:10941400E4FF1946A2853CB18307A40015057CA18D
:109424008347F4FFA30FF5FE9770FF1FE780C05E2C
:109434005038D0A419C61385440188C88325640113
:1094440099BF23A8040083270A00A6858823EFC0B8
:109454003F8B850993F9F90F7104BDBD4838130595
:1094640005029770FF1FE780004CAA847DD1930703
:10947400000D1EA1C9473CA18347E4FF93FC0C06E1
:109484001946B3E797013CB18347F4FFA28515055C
:10949400A30FF5FE9770FF1FE78000587C20194644
:1094A4009305F400BCB47C3013853401DCA41C2483
:1094B400DCB41C34FCA48307A400FCB45E249EA882
:1094C4007C24BCA89770FF1FE7800055503890BCDF
:1094D40009C613850402C8CC95B723AE0400A5B70A
:1094E40083A7419AE38E07DEEFF03FA22254B250E5
:1094F40092540259F249624AD24A424BB24B224C2C
:10950400924C014545616FF0AF9E79714AD0138941
:10951400419A8327090006D622D426D2CDEB17E43C
:10952400FF1F130424C95820C947298B51CB9165C7
:10953400AA849385D57111459790FF1FE78000F1A8
:109544002320A900CD472DCD78309307F00F631465
:10955400F7009C207CB01146A6859770FF1FE7801A
:10956400A04B930531011305F041EFA0F15097E7AB
:10957400FF1F938727A2A0230347310133348000C0
:1095840011C3090413051002EFE06FD31376F50F2E
:109594000589E14715C5154532C6EFE04FD2BC2019
:1095A400E8841945230AF100EFE06FD13246AC306C
:1095B400E8867C08380854082285EFA07015AA872D
:1095C400B2502254925402593E8545618280C54767
:1095D400C5BF1971A2DCA6DA86DECAD897E4FF1FDC
:1095E400938444BDDC204944A18BB9CB83A7419A21
:1095F4004144B9E72A89EFE0BF9D9C245544637137
:10960400F504938401979C4045449DEB91659385B3
:10961400C57129459790FF1FE78040E388C04D44FA
:1096240005C12946CA859770FF1FE780E03E1305F0
:109634006002EFE0CFC81374F50F058909E96144AE
:10964400F65022856654D654465909618280130621
:109654000003814588009770FF1FE7806042414501
:10966400EFE0EFC52316A1043D45EFE04FC52319F4
:10967400A1043545EFE0AFC4231CA1043945EFE054
:109684000FC4231FA1042145EFE06FC32312A106D9
:109694001D45EFE0CFC29C402315A10613642400AE
:1096A4009C33F1C72D45EFE08FC12310A104314550
:1096B400EFE0EFC02313A1041305C002EFE02FC0B5
:1096C4002317A1041305B002EFE06FBF231AA1040E
:1096D40013059002EFE0AFBE231DA1041305A00201
:1096E400EFE0EFBD2310A10613058002EFE02FBDCC
:1096F4002313A10613057002EFE06FBC9C402316F0
:10970400A106A83393854700EFD07FA22AD69305FC
:10971400F1031305F041EFA0313697E7FF1F93875C
:109724006787AC230347F1033256B335B00011C346
:1097340089059440FC002287A8223EC8930721058E
:109744003EC6BC083EC49307E1053EC2DC103EC0E1
:109754009308A106130861049C009106EFA0C07B46
:109764002A84E30F05EC0D45EFE0EFEED1BD25456E
:10977400EFE0EFB42310A10429451DBF97E7FF1FB5
:1097840083C787A3A18B1385C19991E301456FD04A
:10979400CFF72386019AFD5717E7FF1FA30FF7A002
:1097A40023A4019A23A2019A97E7FF1F9387878036
:1097B400170700001307278D98C317070000130726
:1097C4000790D8C3170700001307079E98C7170709
:1097D4000000130767ACD8C717F7FFFF1307270A62
:1097E40098CB9387C19917F7FFFF1307E71198C325
:1097F40017F7FFFF1307A7F3D8C38280411122C4D0
:1098040026C206C61384C19AAA8408208545EFF0AF
:10981400AFE597E7FF1F83C7279AA98BADC717D575
:10982400FF1F1305257904A0EFD0CFED9384819A0F
:109834009C4099C74D45B2402244924441018280E4
:10984400082019E10145C5BF91659385B5711205DD
:109854009790FF1FE78080BF88C069DD1020814595
:1098640012069770FF1FE780A021142090408147C3
:10987400FD5513F7F70FE377D7FC1397470032979B
:109884000CA38507FDB701452386019AEFD08FE726
:1098940055BF03A5419701CD411106C69790FF1FFF
:1098A400E78020C7B24023AA0196410182808280CA
:1098B40001111305700306CEEFE06FA02AC613054D
:1098C4008003EFE0CF9F2AC413059003EFE02F9F9E
:1098D4002246B245F240AA86054505616FA0806222
:1098E4005D711305D00386C6A2C4A6C2CAC0EFE048
:1098F4000F9D2A841305C003EFE06F9CAA8413050F
:10990400E003EFE0CF9B2A891305F003EFE02F9BE0
:109914008A871377F50F9376F90F13F6F40F93757F
:10992400F40F0545EFA0805FB640264496440649EF
:1099340061618280011122CC06CE26CA0D472E8495
:109944006317E504B831E947CA2197D4FF1F93840C
:1099540064646315F700FE206387A7049790FF1FD4
:10996400E780E033722011C172A53A2416244E20F8
:109974002830EFD0BFCE5A20FE206314F700FD57E5
:10998400FEA00545F2406244D24405618280096725
:109994004D07AA87631CE500BC2131476385E700B6
:1099A4004547E390E7FEEFD0AFDCE1BF31476319F1
:1099B400E50017E5FF1F03453580EFD03FD5D1B74C
:1099C400130760026319E50017D5FF1F0345D57E11
:1099D400EFD09FD87DB741677D170145E394E7FA3F
:1099E400D831C947E310F7FACC212A2030002314D8
:1099F4000100EF60400071B71971A2DC1384419734
:109A04001C4086DEA6DACAD8CED6D2D4D6D2DAD0D4
:109A14000545638A070C9305F1051305F041EFA092
:109A2400B1059305F1051305F041EFA0F10497D7B3
:109A3400FF1F93872756BC230347F105B337F00074
:109A440011C389071840BEC6283393054700EFD0D9
:109A54000FEE1840AAC40D452C23AEC2EFE02F86AA
:109A6400AAC01145EFE0AF85832A04002ADE6545CC
:109A740003C7AA0003CBBA003ADCEFE04F842A8480
:109A84006945EFE0CF83AA847145EFE04F832A89CB
:109A94006D45EFE0CF82AA897545EFE04F822A8AAF
:109AA4007945EFE0CF812648B6476257F25606461D
:109AB40096451375F50F137AFA0F93F9F90F137985
:109AC400F90F93F4F40F2ACC1314446002D002CE9D
:109AD40052CA4EC84AC626C422C25AC093884A00F3
:109AE4000545EFA0003DF6506654D6544659B65984
:109AF400265A965A065B09618280411122C44AC0E3
:109B040006C626C21389519C834709001307E00F38
:109B14002E846382E7041307F00F6385E70211457F
:109B24009770FF1FE78020E0AA8509CD930700FD09
:109B34001CA189473CA1854700B13CB103450900FC
:109B4400EFC00F9CF9572300F900B240224492441D
:109B5400024941018280AA8411459770FF1FE78062
:109B640080DCAA857DD1930700FD1CA1894700B143
:109B74003CA124B12244B2409244024903C5419C11
:109B840041016FC0EF9779714AD0138941978327B8
:109B9400090022D406D626D24ECE52CC4544D5E76F
:109BA40097D4FF1F93840461DC204944958BD1CF63
:109BB4002E8A91652382A19CAA899385757131456A
:109BC4009790FF1FE78080882320A9004D4435CD5E
:109BD40023003501A30005002946D28509059770A5
:109BE400FF1FE78060E30327090091463C2363E7F6
:109BF400F606CD4691CF0546F546638BC700094668
:109C0400C9466387C7000D46C1466383C700D5466E
:109C140034A3930571001305F041EFA0E1659C8323
:109C2400C5E317D7FF1F034707378D47631AF708A4
:109C3400EFD06FDD2C00EF60504E2800EFD09FC3B3
:109C44004545EFD0DFE725E50144B2502285225493
:109C540092540259F249624A45618280ED1793F7A2
:109C6400F70F95460544E3E2F6FE97160200938645
:109C7400E624B3C7D7209C43B697828789473CA381
:109C840019A0230107006545EFD07FE39307F00790
:109C9400E301F5F8032709003C2393E707043CA3F9
:109CA4008DBF8547E9BF9947D9BF9147C9BF1306FF
:109CB40000643306C50288209145EFC02FA669B71A
:109CC400EFF09FD32A8449D1EFF0BFBCBDBF01118F
:109CD40026CA938441979C4022CC06CE4AC8494464
:109CE400B1C39C230D44639FA70217D9FF1F130917
:109CF400694C034509008945EFC0EFCA03450900D3
:109D040091452390019CEFC00FCA9C4001478146B6
:109D140080B31306F100854785450145DC87EFA034
:109D2400201E2A84F24022856244D24442490561BD
:109D34008280011106CE22CC26CA4AC84EC6854767
:109D44006318F5061384019C1E20A1CB17D7FF1FAF
:109D54000347872439E31307B003636CF70297D4EE
:109D6400FF1F9384244588208945EFC0CFC3122068
:109D74009307006488203306F6028945EFC00F9AE2
:109D84002390019CF2406244D2444249B2490561A5
:109D94008280938747FC1EA0F5B783A74197FDD324
:109DA4006244F240D2444249B2498823056105B76E
:109DB4009389419783A70900F1D717D9FF1F130986
:109DC400693F83474900918BD5DF89476311F506C5
:109DD4002D45AE849770FF1FE780E0B42A845DD1DF
:109DE400930700FD1CA1E547A30005003CA1BC307E
:109DF40015051946230FF5FEDC2093855400A30FA7
:109E0400F5FE9770FF1FE78020C1034559009307B3
:109E1400F00F6315F50083A709008823A285624427
:109E2400F240D2444249B24905616FB07FED034527
:109E340009008945EFC02FB76244F240D244424939
:109E4400B2492390019C05616FF0BFA497D7FF1F0F
:109E540083C78736958B89CB83A7419B81CB854765
:109E6400A381F19C6FF0DFA4494582804145828043
:109E7400A381019C854501456FA0400997D7FF1F29
:109E840083C78733958B91C785472381F19C6FF0F6
:109E94003FA5494582802381019C814505456FA0EA
:109EA40020089307C01C63FCA7000945828009456C
:109EB400F2406244D2444249B249056182800111B0
:109EC40022CC06CE26CA4AC84EC62A8431CDAE89D3
:109ED4009165210593856571334505089780FF1FBA
:109EE400E780C056AA8461D51389C19B0325090064
:109EF40009C59780FF1FE780C0611385840088C06F
:109F040022868145232099009770FF1FE78040B780
:109F1400832709002286CE8588439770FF1FE78038
:109F2400A0AF83270900C2A383A7419795CB97D7F6
:109F3400FF1F83C76728958B95C783A7C19B91CFC4
:109F44009843D6236244F240D2444249B24905467A
:109F54008D45054505616F90307A01478146DDB72F
:109F64000145B9B74945A9B79307C01C63FCA700CD
:109F7400094582800945F2406244D2444249B249CB
:109F840005618280011122CC06CE26CA4AC84EC67B
:109F94002A8431CDAE899165210593855571334568
:109FA40005089780FF1FE780604AAA8461D513895A
:109FB400819B0325090009C59780FF1FE780605531
:109FC4001385840088C022868145232099009770D8
:109FD400FF1FE780E0AA832709002286CE858843F5
:109FE4009770FF1FE78040A383270900C2A383A7BC
:109FF400419795CB97D7FF1F83C7071C958B95C7B0
:10A0040083A7819B91CF9843D6236244F240D244E4
:10A014004249B24905468D45054505616F90106E6C
:10A0240001478146DDB70145B9B74945A9B793074B
:10A03400C01C63F4A70009458280797122D406D636
:10A0440026D24AD04ECE2A8439CDAE8991652105D7
:10A0540093857571334505089780FF1FE780003F9E
:10A06400AA840945A9C41389419B0325090009C58C
:10A074009780FF1FE780E0491385840088C022860B
:10A084008145232099009770FF1FE780609F8327F5
:10A0940009002286CE8588439770FF1FE780C0970A
:10A0A40083270900C2A383A7419789EB0145B250D6
:10A0B400225492540259F2494561828097D7FF1F76
:10A0C40083C7870F958B4945FDD36C001305D030AA
:10A0D400EFB0710AB24793F7070FE9DB83A7419BFF
:10A0E4009443D2238D450545EF901062C9B783A7E9
:10A0F400C19B89CFD2238C43411106C69770FF1FA1
:10A10400E7808091B2400145410182800945828007
:10A1140083A7C19B95C303A7819B894719CF52236A
:10A124000C43411106C69770FF1FE780E08EB240D2
:10A1340081473E854101828089473E85828083A78D
:10A14400C19B95C303A7419B894719CF52230C4355
:10A15400411106C69770FF1FE780008CB24081470B
:10A164003E854101828089473E85828097D7FF1FC3
:10A1740083C78704918B99CF41111385019B06C630
:10A18400EFC07FD9B240FD5717D7FF1F2317F7E061
:10A194004101828001456FC01FD8FD572382F19C85
:10A1A400F957A382F19CA381019C2381019C2390F4
:10A1B400019C23AE019A23AC019A23AA019A97D752
:10A1C400FF1F938767E0170700001307471F98C313
:10A1D40017070000130727B6D8C317070000130793
:10A1E400E78198C717F7FFFF1307C76CD8C717F79E
:10A1F400FFFF1307276F98CB97F7FFFF9387C7736A
:10A2040023A8F19A8280411126C2938441979C40ED
:10A2140006C622C495CB2A840D459760FF1FE780AC
:10A224008070AA8519C9930700FD1CA18D4700B150
:10A234003CA19C408823EFB0BFAC19C42244B24077
:10A24400924441016FF0EFE4B24022449244410150
:10A25400828079714AD0138941978327090006D6F1
:10A2640022D426D24ECE6380070E98338547AA8423
:10A2740097D9FF1F938909D26301F70483C7490063
:10A284008DE70D459760FF1FE780E069AA8501CD42
:10A29400930700FD1CA1914704B13CA18327090049
:10A2A4008823EFB0FFA5EFF0CFDE0545B25022546E
:10A2B40092540259F2494561828083A7C19B89CB9C
:10A2C4009443D2239305E1000545EFC01FCF11ED60
:10A2D4000145EFD0CFFE2A8631C2894517D5FF1F2D
:10A2E400034545EDEFB09FC315A81C21858BEDD325
:10A2F4000545EFD0CFFC9307B0032A8463F0A7048D
:10A304005D6613060670894517D5FF1F034585EA68
:10A31400130444FCEFB03FE12390819C83270900A0
:10A32400094798B383C7490091C797D7FF1F23856F
:10A3340007C6A5BF2685EFF01FED85BF9307006410
:10A344003306F50251BF014595B7411122C42A8451
:10A354000D4506C69760FF1FE780E05C19CD9307A3
:10A3640000FD1CA1CD4700B13CA12244B240AA8506
:10A3740003C5419C41016FB0BF98B24022444101E2
:10A384008280411122C42A840D4506C69760FF1FAE
:10A39400E780605919CD930700FD1CA1ED4700B17A
:10A3A4003CA12244B240AA8503C5419C41016FB03F
:10A3B4003F95B2402244410182805A2101118966AD
:10A3C40006CE22CC26CA13866600AA876316C70067
:10A3D4009C4701458C2351A8138606046365E60453
:10A3E40013865603636FE600138696006307C70857
:10A3F4001386A6006303C712A1066305D7060145A9
:10A4040085A8F9769386A6FC3697A94633470708AC
:10A41400E3E7E6FE971602009386C6AB3347D720E0
:10A4240018433697028713861605630AC716938660
:10A434002605E316D7FC1C45802383C7219C22856F
:10A44400639207160D459760FF1FE780C04DAA85EC
:10A4540019CD930700FD1CA1F14700B13CA103C530
:10A46400419C05AA9C4705458C23EFF00FE905455F
:10A47400F2406244D2440561828003A741970145BA
:10A4840065DB9C47882359E585471CB30545EF9058
:10A49400701DF1BF1C459384519C1307E00F80236A
:10A4A4009C20638BE7021307F00F6384E7021145D6
:10A4B4009760FF1FE7802047AA8501CD930700FD21
:10A4C4001CA1894700B13CA1A30105008820EFB07D
:10A4D4003F83F9579CA061BF938441979C400145F9
:10A4E400C1DB05E805447D454085EFD04FDD688636
:10A4F40013050002EFD0AFDC9C40C8851307B10000
:10A5040080B374001306A10085450545EF90501FE4
:10A51400B9BF2285EFF03FCF99BF9C476244F24018
:10A52400D244882305616FF0DFD21C4509458C2392
:10A534002DBF1C4588232DE16C001305D030EFB0EE
:10A544008143B247414793F7070FE382E7F293054C
:10A55400B10013056031EFB0014288858545EF9065
:10A56400F01A31B71C45802383C7319C22858DE7BF
:10A574000D459760FF1FE780003BAA85E30905EEC0
:10A58400930700FD1CA1D14700B13CA183A74197CB
:10A594008823EFB0EFF6E1BDEFF03FDBC9BD1C450A
:10A5A400882301C5EFF0FFDDD9B585450545EF905A
:10A5B400301775BD411122C417D4FF1F0344C4BF13
:10A5C40006C6158809CC17D5FF1F1305E59FEFC0F4
:10A5D4003F944D44B240228522444101828001458A
:10A5E400EFC01F93C5BF9821937625009377D70FAB
:10A5F40099C29367270093F6F707131745606354CE
:10A60400070093E607081378850093F7760F630431
:10A61400080093E786009376050299CE93E7070234
:10A624009CA1635707001C2293E7C7001CA28280E9
:10A634001375A5026DF9828093F7F7FD9CA1E3449D
:10A6440007FE9377A502E5F37DF11C22CD9BF9BFAC
:10A654002D45631C0710011126CA4AC84EC606CEF2
:10A6640022CC9821BE8989472E89B684631EF704BB
:10A67400DC413284983394232207558F8D66938767
:10A6840046A01316576063C9C7029386F69F63DD1D
:10A69400C602F5779387F75F3E978D47C8453347E2
:10A6A400070863E7E7029716020093866685334737
:10A6B400D7201C43B6978287938766AA630EF60851
:10A6C400938686B8630FD60823900400054525A019
:10A6D4009760FF1FE780E03D334605083356360B8D
:10A6E40092A08325C9001DA01E2109479AA01CA081
:10A6F400A1831CB00145F2406244D2444249B249AC
:10A704000561828099479EA01946AA852285976093
:10A71400FF1FE7806030F9BF85479EA01C211CA065
:10A72400D1BF05C9A1479EA01E211CA01E21A18343
:10A734001CB03E213CA03E21A1833CB05E215CA024
:10A744005E21A1835CB07E217CA07E21A1837CB0AC
:10A7540055B72390040079BF85479EA0DC459C2310
:10A764007DBFE1479EA06146ADBF8280797122D44E
:10A774004AD006D626D24ECE52CC56CA3A89982111
:10A7840089472E84631DF7025C40B684B28503C8F2
:10A79400170094238D6722083368D800938627A076
:10A7A400131858606301D8102A8A63CC0601938673
:10A7B40007A0630BD802938717A0630CF80885479A
:10A7C40011A8138737A06309E80A138767AA8D477E
:10A7D400E317E8FEB250225492540259F249624AF5
:10A7E400D24A3E8545618280484432C69760FF1F45
:10A7F400E780202C9D4733450508E36D25FD938AAA
:10A80400819D83C70A00B3099900B24563D4370117
:10A81400B547C9B748442686B3C909084A9597601D
:10A82400FF1FE780601F03C60A00484481450506F0
:10A83400330636414E959760FF1FE780602483A757
:10A84400C19D99E3814779B79C438145E5DF5285F2
:10A8540015A0AD47E31009F8E39CE4FA1C32182272
:10A86400A207D98F58441EA383A7C19DE1DF9C434F
:10A874008545E9DB8297F9B703C7319D8D4739DBFD
:10A88400AD47E31909F49947E394F4F848441946A9
:10A894009760FF1FE780401883A7C19DC5D79C43DD
:10A8A400D5D38D456DB703C72184218B8D471DD327
:10A8B400AD47E31109F28547E39CF4F418229307AA
:10A8C4000008E3E9E4F05C4498A3ADBF411122C45D
:10A8D4000944A3828184A38181842381818423AE5A
:10A8E400019C2383019C238C019C239B019CA389B1
:10A8F400019CA147194681451385C19C06C6A380C6
:10A90400F1849760FF1FE780A01723808184B70735
:10A91400A00013878183938707051CC3B707E80347
:10A924005CC3238A818285476146814517C5FF1F21
:10A934001305C57DA389F18223898182A38881823D
:10A944002384019C9760FF1FE78080131306001384
:10A95400814517C5FF1F1305656823888182A3837A
:10A96400019C9760FF1FE780A01197A7FF1F9387A3
:10A97400A784B2402244170700001307A7CD98C349
:10A98400170700001307C7DED8C323A4070041013B
:10A994008280797122D426D206D64AD04ECE52CCA9
:10A9A400A1472E84B28463EBA700170702001307A4
:10A9B40027563345E5201C41BA9782879307100830
:10A9C400630CF51863ECA70093072004630AF514DD
:10A9D40093070008630DF514094581A09307200827
:10A9E400E31CF5FE85476399F50208229377250059
:10A9F40085E783C7219D1387F7FF97C5FF1F9385BD
:10AA0400E55D120792072E97A1075047BE9591A2C4
:10AA14009307800F63FBB7006145B25022549254F0
:10AA24000259F249624A45618280138A418483470C
:10AA34000A0017C9FF1F1309695A9207CA97C84722
:10AA440019C59780FF1FE780C0AC238C019C1306B7
:10AA540014001376F60F9165938505713285834949
:10AA64000A0032C69780FF1FE780409E83470A0092
:10AA74009209CA99920723A6A900CA97C84749DD33
:10AA8400324681459760FF1FE78080FF83470A00B5
:10AA94002286A68592073E990325C9009760FF1F69
:10AAA400E78080F7238C819C014585BF8947E39526
:10AAB400F5F61E22239BF19CC5BF8547E39EF5F462
:10AAC4001C22A389F19CCDB79947E397F5F4194665
:10AAD400A6851385C19C9760FF1FE780E0F3E9B763
:10AAE400A147E39BF5F22146A68513858183E5B74B
:10AAF4008547E393F5F21C22A389F18275B7E147F8
:10AB0400E39CF5F06146A68517C5FF1F1305056094
:10AB1400D9B78547E392F5F01C22A383F19C69B76A
:10AB24008547E39BF5EE1C222381F184B5BF85475D
:10AB3400E394F5EE83C741841387F7FF97C5FF1F9E
:10AB44009385C54912072E97920750478820A1077D
:10AB5400BE95EFF05FA989BF8547E39FF5EA83C7F8
:10AB6400419DD9BF630F052E9387619C9823631A77
:10AB7400072E054798A397C7FF1F93872746894643
:10AB840098A717C7FF1F231007461387818B94A329
:10AB94009386818FD8C7D4C37D576302E52C13777E
:10ABA400150085450DCF17C6FF1F23160644094718
:10ABB4009386C18E1386518498ABD4CBD0CF85466F
:10ABC4002382E1842380E7021387018ED8D394AFD4
:10ABD4002384D70217C7FF1F231707428D45137716
:10ABE400250031C7139745003E979386C18E0946C9
:10ABF40054C313883184854610A314A72326070160
:10AC0400231507001387150033470708238AE19C9F
:10AC140012073E9710A314A71386C18D9386619DD6
:10AC2400890550C32315070054C7B3C50508137716
:10AC3400450031C7139745003E979386C18E094658
:10AC440054C313882184854610A314A7232607011F
:10AC54002315070013871500334707082389E19C50
:10AC640012073E9710A314A71386818D9386319DF6
:10AC7400890550C32315070054C7B3C505081377C6
:10AC8400850021C7139745003E971386C18E50C394
:10AC94000546894610A71386118414A323150700BB
:10ACA40050C7138715003347070812073E9714A3AC
:10ACB4009386418D54C3A14614A79386C19C8905EC
:10ACC4002315070054C7B3C505081377050121C729
:10ACD400139745003E979386C18E094654C3138843
:10ACE4000184854610A314A7231507002326070112
:10ACF400138715003347070812073E9710A314A7BC
:10AD04001386018D93868183890550C3231507001B
:10AD140054C7B3C505081377050221C71397450027
:10AD24003E979386C18E094654C313884183854652
:10AD340010A314A723150700232607011387150062
:10AD44003347070812073E9710A314A71386818C74
:10AD540093863183890550C32315070054C7B3C5AF
:10AD640005081377050421C7139745003E9793867A
:10AD7400C18E094654C313882183854610A314A7A2
:10AD840023150700232607011387150033470708F7
:10AD940012073E9710A314A71386C18C9386819C37
:10ADA400890550C32315070054C7B3C50508137795
:10ADB400050831C7139745003E971386C18E50C3CB
:10ADC4005146894610A71386118314A3231507003F
:10ADD40050C7138715003347070812073E9714A37B
:10ADE4009386418C54C3854614A797C6FF1F938648
:10ADF400E63189052315070054C7B3C50508137543
:10AE0400051039C1139745003E979386C18E54C3EC
:10AE1400094685461385018310A314A7231507004B
:10AE240048C713871500334707081207BA971387D3
:10AE3400418CD8C31387719C890590A394A723954B
:10AE44000700D8C7B3C505089796FF1F9386C63673
:10AE5400414617C5FF1F130565186F20906E4D45B9
:10AE640099B3014582800111FD1522CC06CE3284AE
:10AE740026CA3E864AC813F8F50FAD4763E8070BA8
:10AE84003A89170702001307E70A3348E8208327A3
:10AE94000800B684BA9782878545EFC00FA401E500
:10AEA400EFF04FF10145F2406244D244424905615A
:10AEB40082808945EFC06FA27DF52285EFE01F9463
:10AEC400D5B7914532C6EFC04FA1324669FDCA8558
:10AED4002685EFC02F97EFF0EFEDEFF02FA9EF509D
:10AEE400D07EC9B7A14532C6EFC02F9F324645FD7B
:10AEF400CA852685EFC00F952285EFE03F90EFE0ED
:10AF0400FF87EF50B07A79BFB14532C6EFC0EF9CEE
:10AF1400324651F9CA852685EFC0CF922285EFE0EB
:10AF2400FF8DEFE0BF85EF50707875B70945A5BF79
:10AF340079714ECEAE896C0022D426D24AD006D680
:10AF44002A89B284EF0030322A840DE1CE854A8505
:10AF5400EFB0613F2A8419E93245268797B601008C
:10AF64009386E63D2D468145EF00104AB250228576
:10AF7400225492540259F24945618280397126DA89
:10AF8400AE844C0022DC4AD84ED652D406DEAA89BE
:10AF94003289368AEF00302D2A8421E9A685630D93
:10AFA40009009E202C007C84BE207C8593072030E1
:10AFB4007C86930780025C874E85EFB0C1352A8476
:10AFC4000DE55946A6851305A100230421019760C8
:10AFD400FF1FE78060A41245528797B6010093864D
:10AFE400063125462C00EF003042F250228562548F
:10AFF400D2544259B259225A216182807547AA8794
:10B004006365B702114701456378B702ED1593F5FF
:10B01400F50F61476361B70297060200938686F4D1
:10B02400B3C5D52098413697028793F5F5071307E2
:10B034002005638AE50001458280C84782808843F1
:10B04400828088478280C84382809307F00F630F11
:10B05400F506011126CAAA841305000222CC4AC8A7
:10B064004EC652C456C206CE2E8AB28AB6893A89D0
:10B074009760FF1FE780208B2A844D450DC89307F6
:10B0840000FB1CA0A300540123114401230234013A
:10B0940013058400614663050902CA859760FF1F92
:10B0A400E7808097A2852685EFA09FC50145F240E1
:10B0B4006244D2444249B249224A924A056182809A
:10B0C40081459760FF1FE780A09BE9BF0945828007
:10B0D400011122CC06CE2A844C86D0869780FF1F8D
:10B0E400E780E0BB0DC15425214797C7FF1F938715
:10B0F400670C639EE600E82378009306E0070146A8
:10B10400A285EFF09FF4F240624405618280C83367
:10B1140078009306E0070146A285E5B7930700642B
:10B124003306F6026FA05FF415C1411122C406C6AE
:10B134002A8408219307D00F63E6A700EFB0CF8FCE
:10B14400FD571CA0B2402244410182808280797163
:10B1540022D406D626D24AD04ECE9E2509448DEB63
:10B16400AE846C00AA893289EF00F00F2A840DE1C5
:10B17400A6854E85EFB021222A8419E932454A87F3
:10B1840097B601009386E6204D468145EF00D0270F
:10B19400B2502285225492540259F2494561828068
:10B1A4001A219307000B6310F7025C214947639A45
:10B1B400E700183985476398E7002A2185456F30F1
:10B1C40080526D47CDBF8280011122CC26CA4AC865
:10B1D40006CE2A84AE84328936C69780FF1FE78064
:10B1E40000AC15C95025A146324797C7FF1F938766
:10B1F40067FC631DD600E823CA862686A2856244BE
:10B20400F240D244424905616FF03FE4C833CA8634
:10B214002686A285EDB7F2406244D24442490545F0
:10B22400056182806FF0DFD0B28601466FF01FD5D2
:10B23400239405006FF0BFF123A2A19E828023A076
:10B24400A19E8280011122CC26CA06CE2A84AE8415
:10B254009780FF1FE780A0A4A6852285EFA0F15B5D
:10B2640005E9228564869780FF1FE78040A30DC10E
:10B274005425214797C7FF1F9387C7F3639FE600B1
:10B28400E82378009306F0070146A285EFF0FFDB80
:10B29400F2406244D24405618280C833DDB77971DB
:10B2A40022D44AD0AE8706D6BA8526D24ECE75476A
:10B2B400328436896364F7042147636CF7001547C9
:10B2C4006388E7021947638DE708C167FD17854462
:10B2D4001DA037061400DD1713060620B317F02847
:10B2E4007D8E49EE19677D8F25EB93F71710F1DFFB
:10B2F400C167FD1789446316F40221A813F7F70701
:10B3040093062005E313D7FC41677D17631EE6040B
:10B314008D442EC6EFA03154B245330495403344D6
:10B3240004083385840033450508EF304048AA8774
:10B33400B3C9040821C963040900231089002254F5
:10B34400B25092540259B3053041F2493E854561E9
:10B354001773FF1F67002328C167FD17954461BF5A
:10B36400C167FD179D4441BF1307200D8D44E39A27
:10B37400E7FA1304C6003344040865B7C167FD1730
:10B384008D4495BFB250225492540259F2494561FA
:10B394008280011122CC26CA06CED0212E84130726
:10B3A400000281469945AA84EFF07FEF2AC621C5A1
:10B3B4001E205020930554007C803E207C818947C8
:10B3C4007C82930780025C839750FF1FE780C064F0
:10B3D4005C208A8526857C84EFA0316D2A8411C582
:10B3E40032459770FF1FE780C012F2402285624405
:10B3F400D244056182804D44CDBF397122DC26DA06
:10B404004AD806DE89472A84AE8436896306F60064
:10B41400C14709456315F60432C6A9C04C08228504
:10B42400992532460DEDC1778507A6851305D1010F
:10B434003ECC230EC1009750FF1FE780E05D2C082F
:10B444002285EFF01FF501ED52454A8797B60100BA
:10B45400938646E41D462C08EF00007B0145F2501C
:10B464006254D254425921618280397126DA4AD811
:10B474004ED63289AE893686BA84814613071002C5
:10B48400D94522DC06DE2A8432C6EFF05FE12ACEFB
:10B494001DCD3246A685231A3101F084231B2101D8
:10B4A4009750FF1FE780405722854C08EFA0517545
:10B4B4002A8411C572459770FF1FE7808005F250FA
:10B4C40022856254D2544259B259216182804D443A
:10B4D400FDB7011122CC06CE26CADD472A8463902B
:10B4E400F50A5439B1441C49B38696023287B6979B
:10B4F400904314436306D6020A20230601006C001D
:10B50400EFA0D1730824B165938505B8EFA0BF936C
:10B51400E5473CA097B70100938707F25CC099A860
:10B524005623D223E31AD6FC88470C479750FF1FB3
:10B53400E7802060AA870A2089E7230601006C00BF
:10B54400C1B75C385828850793F7F70F5CB863F5E3
:10B55400E702B38797021848BA979847D623B223CD
:10B564008E23EFF09FF049F90824B165938505B85F
:10B57400EFA07F8DD94431A87C285C86C9B70A2105
:10B58400AE846C0023060100EFA0516B8547E39B5A
:10B59400F4F6F24062442685D244056182800111AA
:10B5A40022CC06CE26CADD472A840A216398F508F0
:10B5B400EFA0712A522C3E284E286D162A96334647
:10B5C40006083307F64052ACAA86334707080A2018
:10B5D4006372B7061388C6FFB388E54063D40803D3
:10B5E400AE97918FB3C607081C4C0E283E97EFF018
:10B5F400DFE709ED0824B165938505B8EFA0BF84A2
:10B60400D944B1A0ED16B3C60608F9BF0A20230633
:10B6140001006C00EFA091620824B165938505B820
:10B62400EFA07F82E5473CA097B701009387C7E06E
:10B634005CC0F9B785475C866C00E9BFAE846C00DA
:10B6440023060100EFA0915F8547E397F4FCF240E5
:10B6540062442685D2440561828079714ECEAE89DA
:10B66400C16526D20147AA8489461386018CFD153B
:10B67400054522D406D64AD0EF10E06C054429C90A
:10B684002A891307300281461146F5452685EFF0D5
:10B694001FC12AC655440DCD0357A900CE860146C5
:10B6A400788411477885054718A1B2472C00268570
:10B6B400A38007003247FD573CA332473CB3EF1049
:10B6C400C05D2A8411C532459770FF1FE78060E48E
:10B6D400B2502285225492540259F2494561828023
:10B6E400411106C6EFF09F9119C5B240410117738D
:10B6F400FF1F670003E2B24041018280011106CEC0
:10B704002AC6EFA0417C3245914523A2019E23A085
:10B71400019E97C7FF1FA38FA7A8EF302005F24013
:10B7240005616F20407579714AD006D622D426D29D
:10B7340001499397556063D8070417C5FF1F034554
:10B7440075A72E899750FF1FE78000242A844DC5D2
:10B7540018219307000A631EF70885474C08DC8507
:10B76400EFA03103AA841DC59C8599C7084409C567
:10B774009770FF1FE780E0D92A208545EF20B07637
:10B78400CD476398F406B250225492544A85025924
:10B79400456182808347610191CF71476361F706F8
:10B7A4004D476376F7069386C7FE13073014335765
:10B7B400D74831CF03A7019E01C7034751013DC7B5
:10B7C4009C8599C7084409C59770FF1FE78060D41A
:10B7D4005247B7070001938707F07D8FB707120020
:10B7E400938707106307F70003476101ED47630E72
:10B7F400F7082285EFA0AFCB1319F96869B713874F
:10B8040017FE1377F70F93060002E3F5E6FA858B2C
:10B814008DCB83A7419EB5C32A201306B1004C08E3
:10B8240082979C85AA84BDE7C5D4B9B75C8699473D
:10B834002308F1002A206C0023170100EFA0311522
:10B8440041B783A7019E85CB2A201306B1004C087B
:10B854008297AA8435D583475101E39707F02308DB
:10B864009100834761012A206C005C862317010044
:10B87400EFA0F111D5BD9944F9BF9C8599C708443F
:10B8840009C59770FF1FE780C0C82A208545EF20AF
:10B89400906585B7084449D99770FF1FE78060C752
:10B8A40061B75D71A2C4A6C286C6CAC04EDE52DCB0
:10B8B40056DA5AD85ED6A5472A84B2846392F50E26
:10B8C400834745021A22322285072302F502930791
:10B8D400F7FFB307F602D440B3C70708B697542559
:10B8E40003CB070003C917008547638BF60493173E
:10B8F4008900B3E7670141677D17638AE70A1A285D
:10B9040063F7E70A50248507B3C7070885467EA472
:10B914000A209305E400631BD6007C84930720303F
:10B924007C869307800278855C872C00EFA0B11E8B
:10B934000824B165938505B8EFA0EFD059458DA8CB
:10B944003307C702239004008149014A930B350150
:10B95400B34A0708E3FD59F9B620DC402C281386C6
:10B964005900ED163E965E85B3C60608EFA0215A2F
:10B974001DC1630B3A01C840B220B305350152958D
:10B984009750FF1FE7804009BE203E9A9E20334A0D
:10B994000A0885079EA0BE20BE99B3C909085DBFE9
:10B9A4005822A9476311F7028347450289CF01450D
:10B9B400B640264496440649F259625AD25A425B2A
:10B9C400B25B616182803428130934014A86894557
:10B9D4001385818FEFA0A15329E934284A8689452C
:10B9E4001385418FEFA0A15229E134284A86894565
:10B9F4001385018FEFA0A1510DE934284A868945AA
:10BA04001385C18EEFA0A1500DE1DC2009476380AE
:10BA1400E702ED1793F7F70F29476368F700130759
:10BA24009048B357F700858B99E3054551B7834791
:10BA3400440285072302F402BE2075BD411122C4CD
:10BA440006C62E849770FF1FE780E01B09C93C25BA
:10BA5400138717006315E40093F707F83CA5B24079
:10BA6400224441018280411122C406C62E8497706B
:10BA7400FF1FE78040191DC111C008C01C25130712
:10BA8400E00F5D456388E7001307F00F59456393A2
:10BA9400E7000145B2402244410182800945DDBFEF
:10BAA400411122C42A84210526C206C64AC0EFF0E9
:10BAB400AFE72420A51493F4D40F81E858248547D4
:10BAC400631DF7041C483149A1E3FD572301040019
:10BAD4001CB4230204021305C4002244B24092445D
:10BAE40002496146814541011753FF1F670043F92D
:10BAF400B38724033E95084509C59770FF1FE78067
:10BB040040A1850493F4F40F5C280848E3E2F4FEB2
:10BB14009770FF1FE780E09F4DBF084C75F975B71C
:10BB2400411122C4416406C626C29307E4FF63019F
:10BB3400F502AA849DE19770FF1FE780C00C09E914
:10BB44001305F4FF9770FF1FE780E00B11C106A1F6
:10BB5400B240224492444101828085476392F504B5
:10BB64009770FF1FE780200A2A847DD1FD571EA10C
:10BB74001C241307F00F6382E7021307E00F6389A5
:10BB8400E7003420083401475146A685EFF0EFCB97
:10BB94002285EFF0FFF0FD571CA4230504004DBFE0
:10BBA4008947E397F5FA8545EF40A01855F12685B6
:10BBB4009770FF1FE78020052A845DF951BF21C5D6
:10BBC400011122CC06CE18259307F00F2A846308AE
:10BBD400F70234210E21083501475D46EFF0EFC628
:10BBE4003820E1476318F7000A206C00230601009F
:10BBF400EFA0D104F9571CA42285EFF07FEAF240AC
:10BC040062440561828082809307F00F6306F70621
:10BC1400011122CC26CA2A844AC84EC652C4B68907
:10BC2400328A3A8993068500AE847946AA85170537
:10BC34000000130505F906CEEFF04FCEA30424014E
:10BC4400230144012322340185C01305C400624446
:10BC5400F2404249B249224AA685D244614605616E
:10BC64001753FF1F670043DBF2406244D24442494A
:10BC7400B249224A0561828082802386A19E828005
:10BC8400411122C406C695472A846391F506834769
:10BC94004502854685072302F5021E2258423022BA
:10BCA400FD17B3C70708631ED602B3C7E72098235E
:10BCB4009C330145A207D98F7A2463F0E7020A2056
:10BCC40085075EA49305C400EFA0615B0824B165F9
:10BCD400938505B8EFA02F975945B24022444101FE
:10BCE4008280C946B387D702BA97D1B75822A947E9
:10BCF4000545E314F7FE0345440213351500F1BF6F
:10BD0400411122C406C69D472A846396F5048347DD
:10BD1400450285072302F5021E225842FD17B3C7C8
:10BD2400E72098239C33A207D98F7A25014563F035
:10BD3400E7020A2085075EA49305C400EFF06FE5CF
:10BD44000824B165938505B8EFA0EF8F5945B2403B
:10BD54002244410182805822A9470545E319F7FE90
:10BD64000345440213351500DDB7411122C426C230
:10BD740006C6B5472A84B2846394F5048347450212
:10BD840085072302F5020A21EFA0E12C9E20130768
:10BD9400F5FF014563C1E7027A240A209305C40034
:10BDA400BA977EA4EFA0415B0824B165938505B8DA
:10BDB400EFA06F895945B2402244924441018280E8
:10BDC40058229D470545E318F7FE03454402133501
:10BDD4001500D5B7411122C406C6C5472A8463900D
:10BDE400F5061E223A22FD17B387E70203474502F0
:10BDF40005072302E5025842B3C707083E973C33C0
:10BE04003823A207D98F41677D176397E70001455F
:10BE1400B240224441018280138717005AA57A2533
:10BE2400E3F7E7FE9305C5000A21EFA001540824B7
:10BE3400B165938505B8EFA00F815945D1BF58224C
:10BE4400A9470545E316F7FC0345440213351500DD
:10BE5400C1B7011126CA4AC84EC656C206CE22CC64
:10BE640052C4BC211547AA8A2E89B289B684639E1E
:10BE7400E7023686CE854A85EFF09FE02A84631E6A
:10BE840005108547034599006393F910D820A94705
:10BE94006319F70C054A83462900034599000147B5
:10BEA4006946D685EFF06F9AF9A83547638CE708A1
:10BEB4006361F7041D47638BE7062547638EE70636
:10BEC400A547638FF90A0544034599002687CE8662
:10BED4000146D685EFF06F97054A19E5CE8526858C
:10BEE400EFF0CF91133A15005DD4D9476306F402FD
:10BEF40059A84547638EE7045D47E393E7FCD825DB
:10BF040085473686CE854A85631AF704EFF06FDCE1
:10BF14008547054AE306F5FAF2406244D2444249B1
:10BF2400B249924A5285224A056182803686CE857C
:10BF34004A85EFF0FFDC99B73686CE854A85EFF067
:10BF44005F962DBF3686CE854A85EFF01FE23DB75A
:10BF54003686CE854A85EFF0FFE70DB7EFF02FE484
:10BF640045BF268785460146D685EFF00F8EE3133D
:10BF740005F285452685EFF06F88133A150021BF39
:10BF84009E20B1F3054A4A85EFF09FB171B7A547EA
:10BF9400E39CF9F29E208DFBF5BDA547E396F9F2EB
:10BFA4009E20E39307F2054A89B79E216399071CF3
:10BFB400397126DA4ED652D406DE22DC4AD8A021C4
:10BFC400ED47AA89AE84328A6313F40203C7C19E83
:10BFD4009307F00F0144631DF7049947F25062542C
:10BFE400D2544259B259225A3E8521618280F54782
:10BFF400631DF40683C6C19E1307F00F9947E38FB0
:10C00400E6FC9770FF1FE78000C02A8415C1302525
:10C0140005C29317466063D407008147C1B7F5454D
:10C024004E85EFF0EF8A3C2493E707F83CA4F5B77C
:10C03400D62090448C3088203800EFA04141AA8754
:10C0440051FDB42038000146CE8503C5C19EEFE002
:10C05400DFFFAA8741F5B24799C323000A00BC2039
:10C064007547E39CE7FA79F04DBF9770FF1FE780AF
:10C0740080B92A895DD185476317F404CE208844AA
:10C084003000EF90317FAA8731F9834729001547A3
:10C094006382E702E51793F7F70FC14663E1F604FD
:10C0A4003317F0281377574411E7639AD70283278D
:10C0B400090195C7B0203400CA854E85EFF07FD9B9
:10C0C4002300AA0099BF38219147E31987F058410A
:10C0D400E30607F0CE208844300002976DB703458D
:10C0E400990097B7FF1F83C7F70C6381A702B42099
:10C0F40038000146CE85EFE05FF52A8409E9AC20DB
:10C104002800EFE0BFEF19C123000A0001440347F0
:10C1140029008D476318F7043C840357C90063F46E
:10C12400E7002316F9008355C9004E85EFF08F917F
:10C1340017B7FF1F035787D7ED4763F5E702835708
:10C14400C900DD4663F0F6029386370063D1E60248
:10C1540011669385470013060629B3C505084E8565
:10C16400EF70904D4A85EFF0BF93A28785BD1166AD
:10C174009305B00F13060629B355B70ACDB79947EF
:10C184003E858280011106CE26CA4AC822CC4EC6FC
:10C1940052C497B4FF1F9384E40188249307800258
:10C1A40091653305F502938565701389819E334546
:10C1B40005089760FF1FE780602990249307800299
:10C1C40081453306F6022320A9009750FF1FE7801C
:10C1D400208B832709004D459DCB0144130A80021F
:10C1E400FD599C24636DF40217050000130525DC3A
:10C1F400EFF08F841705000013058584EF90B15884
:10C204001705000013050592EF30D0290145F240CF
:10C214006244D2444249B249224A05618280B3074A
:10C224004403032509006146814505041374F40F92
:10C234003E95231035012301050023143501230500
:10C2440005002302050231059750FF1FE780408354
:10C2540049BF0145828017B7FF1F034737F681475F
:10C2640063E4E700014582809221938645006314CC
:10C27400A6002E8582808507B685DDB71DC54111D0
:10C2840022C406C638219307D00F2A8463EBE70043
:10C294000E2128310147F9465D46EFE01FDBF957CF
:10C2A4003EA0B240224441018280828017B7FF1F22
:10C2B4000347D7F08147FD5663E3E700828016A168
:10C2C4002301050085071105C5BF014582809385BB
:10C2D40051859307000285469CA1FD57238AF1846A
:10C2E400A389F1842389F1842398D184239401A020
:10C2F40023A201A023A001A023AE019E1386818462
:10C304009387C18F5CC2A386019E9787FF1F938783
:10C3140027EC094718A298A398AB2380E702238847
:10C32400E7021387418E94A7D0C794AFD8DB138557
:10C33400818F0D471386C18E9386018C238CE7026F
:10C34400C8C323950700D0CB239D0700CCCFD4D3FB
:10C35400238407022395070223A60702239D0702CD
:10C3640003A7019FD8DF9787FF1F9387A7E51707C8
:10C3740000001307870B23A00700D8C323A40700DA
:10C384008280411106C6EFF01FED09C52821B24095
:10C39400410182800145E5BF411122C426C24AC041
:10C3A40006C6AA842E893284EFF0FFEAAA8711E92F
:10C3B4004165CA857D15EFF01FEAAA87454581C707
:10C3C40086A3A0A30145B2402244924402494101FC
:10C3D400828021E309483547639E0603011106CE96
:10C3E40022CC182210322206598E32C6B377F64078
:10C3F40085E7CC452A842EC4EFF0BFF832460147C6
:10C40400630EC50022856244A245F24005616FF0C7
:10C41400BFF82D473A85828013070008F240624432
:10C424003A850561828083C8050009486391080341
:10C43400DC4103C807009C33A207B3E707010D687A
:10C44400130828906395070189476FF09FF8054505
:10C45400828001114EC606CE22CC26CA4AC89389D0
:10C46400318503C709009307F00F630FF7022A8988
:10C474002945AE8432849740FF1FE780C04AAA85CD
:10C4840005C59307100B1EA12302050002A56244F3
:10C494002311250166A1F24003C50900D244424993
:10C4A400B24905616F90DF85F2406244D24442494B
:10C4B400B24905618280411126C2AE8483A5019FE1
:10C4C40022C406C62A84EFF0DFEB098909C9228554
:10C4D4002244B240A685924441016FF00F98B240C5
:10C4E40022449244054541018280411122C426C25E
:10C4F4004AC006C6AA84130445001309850B1E20EE
:10C504009DC3084409C59760FF1FE780800022850A
:10C51400314681459740FF1FE78080563104231A36
:10C5240004FEE31E24FDB2402244FD579EA00249AE
:10C5340092444101828097B6FF1F83C636C883A701
:10C54400819F01476394E600014582808E23138610
:10C55400870B6394A5003E85828005071377F70F48
:10C56400B287CDB7AA8703A501A001C95A216314D4
:10C57400F700084582800841CDBF8280411106C67C
:10C58400EFF05FFE09C50845B240410182800145D4
:10C59400E5BF797122D41384450026D24AD052CC07
:10C5A4005AC82E8A06D64ECE56CA5EC6228922871D
:10C5B400014B814481468147BD45122345CAB5EEEE
:10C5C40046233E23B286A697B3C70708050B310757
:10C5D400E315BBFEADC491659385457026859760D0
:10C5E400FF1FE780A0E6AA8B39C90C44D1C9814A50
:10C5F4008149522033853B019740FF1FE780C041AA
:10C604005E200844BE99B3C909089760FF1FE780FC
:10C6140040F063980A003109854A832589004A84D9
:10C62400E9F9314681452285850A9740FF1FE78055
:10C63400204563826A053109CDB7630ED6000145F2
:10C64400B250225492540259F249624AD24A424B9D
:10C65400B24B456182803223E313F6FE5223B29437
:10C66400B297B3C40408B3C707088DB78547E3E39B
:10C6740067F70545F1B723267A0123149A00D5BF3D
:10C684001309C400854A814949BFAA8703A5C19FEC
:10C6940011E1828018453A276314F700110582805E
:10C6A4000841FDB7411106C6EFF03FFE09C50A2156
:10C6B400B240410182800145E5BF411106C6EFF059
:10C6C400DFFC09C52821B240410182804145E5BF14
:10C6D400411122C42A84090506C6EFE0FFA4FD57D0
:10C6E4003CB0B240224441018280411122C44164E1
:10C6F40006C626C29307E4FF6301F502AA849DE1FE
:10C704009760FF1FE780005309E91305F4FF976062
:10C71400FF1FE780205211C106A1B2402244924477
:10C724004101828085476392F5049760FF1FE7808B
:10C7340060502A847DD1FD571EA13C201307F00FC1
:10C744006382E7021307E00F6389E700283001479B
:10C75400F9465146A685EFE05F8F2285EFF05FF73B
:10C76400FD573CA0230204004DBF8947E397F5FA27
:10C774008545EF30005C55F126859760FF1FE78003
:10C78400604B2A845DF951BF5D71A2C4CAC086C6DC
:10C79400A6C24EDE52DC56DA5AD82E84AC21F947B2
:10C7A4002A896392F5049760FF1FE780A0482A84D2
:10C7B40005C138219307D00F63ECE7002831014706
:10C7C400F9460146CA85EFE05F882285EFF05FF005
:10C7D4000145B640264496440649F259625AD25A53
:10C7E400425B61618280832A0400B707000193875A
:10C7F40007F037071200B3F7FA0013070710B289DE
:10C8040081446388E7022EC69760FF1FE780804259
:10C81400B245AA8419CD502109CE93174660E3C9C5
:10C8240007FA4A85EFE0DF8ADC2093E707F8DCA00B
:10C8340045B7138A418503470A009307F00F19454A
:10C84400E309F7F8E147E3E6B7F893D71500FD17D6
:10C8540017E701001307077DB3E7E72003A80700E4
:10C86400E30908F603AB4700E3050BF6B3CA0A086D
:10C8740063850A00C947E39EF5F4562010440C3042
:10C8840008203808029831F52C084A85029B1DCDF2
:10C89400183021F33820230AA100B9472308E10006
:10C8A4006314F702E24798239C33A207D98F0C083C
:10C8B4004A85FC81EF90B10D01DD14080546D94588
:10C8C4004A85EFE07F9031B7BC84D5B734209147D7
:10C8D400E380F6F003450A0038080146CA85EFE014
:10C8E400CFF6E31805EE2C202808EFE02FF119C14C
:10C8F400238009001840B7070001938707F07D8F54
:10C90400B707120093870710E304F7ECE38204EC03
:10C914003C2031BF411122C406C62E849760FF1FFC
:10C92400E780403109C95C21138717006315E400CF
:10C9340093F707F85CA1B240224441018280397127
:10C9440052D42E8A4ED69305E100AA89528522DC60
:10C954004AD856D25AD05ECE06DE26DA3289368BD3
:10C96400BA8BBE8A9760FF1FE780002F054425C15C
:10C97400AA8428873944EFF0FFBE31C90328450053
:10C9840063070804D6875E87DA864A86A6854E85BD
:10C9940002982A840DED9307E00F638AFA02982027
:10C9A40089476316F702DC4098239C33A207D98F8A
:10C9B4000D6713072790639CE7008347190003461C
:10C9C4000900D285A2075D8E4E85EFF09FA8F25034
:10C9D40022856254D2544259B259225A925A025B65
:10C9E400F24B21618280797122D422214ECEAA8910
:10C9F400228556CA06D626D24AD052CC5AC85EC61A
:10CA040062C4AE8AEFF03FB305E52285EF90716A08
:10CA1400594411E10144B2502285225492540259DE
:10CA2400F249624AD24A424BB24B224C456182805F
:10CA340003C7890085476307F700EFF01FAB03D5F1
:10CA44002900E9B7AA85AA8413858900EFF07FB489
:10CA54002A8415CDFA209624D044CE2003D529006B
:10CA6400E147EFF0DFEDD9472A846318F50023A6E8
:10CA740004002685EFF07FA771BF19E1268575BFF5
:10CA8400DE2026852390FA00EFF03FA669B71389CC
:10CA94004400014AB94B594C3D4B8355090085CD9F
:10CAA400E14763077A010357C900D94711E3E14716
:10CAB40003572900835649000326890003D529001A
:10CAC400EFF0FFE72A846310850323240900050A95
:10CAD4003109E3146AFD2685EFF03FA12DD0D94733
:10CAE400E31BF4F205BF65D5835709002390FA00D0
:10CAF400F9BF011170879307E00F1306E1000147A6
:10CB0400894606CEEFF0BFE3F24005618280797179
:10CB14004AD00359850022D426D22A84AE844A8579
:10CB24009305210106D69760FF1FE780E01279C5BF
:10CB34001C252AC693F707029DC7A881EFF01FA4FE
:10CB4400B245AA8711E9239024013945B2502254F1
:10CB540092540259456182802A204946829701C530
:10CB64001E249EA0E5B7035924004A85EFF0BF9C1C
:10CB740001ED41657D15EFF01F9C09E51E24254557
:10CB84009EA0E9B723102501130745008147BD4640
:10CB9400122339EE3147B387E70293058400314607
:10CBA4002EC691073E959740FF1FE780E0E6B24509
:10CBB400314648089740FF1FE78000E652242A20A8
:10CBC40041478146DD45EFE08FED2ACE09E51E247D
:10CBD40045459EA0A5BF0C4852249740FF1FE780FF
:10CBE400A0E32A204C08EF9091482DD15945B9BFB4
:10CBF40085073107E39ED7F825459DB705458DB7D1
:10CC0400797122D42A840A254AD02E899305E10019
:10CC14004ECE06D626D2B2899760FF1FE780C003A6
:10CC24002DC91C25AA8493F707028DEF18389307A2
:10CC3400200511E35C20362450440E242A200147A9
:10CC4400EFF0FFCF21E11C38B9E32A20EF90713EC9
:10CC5400AA8759458DCFB250225492540259F249B1
:10CC6400456182802887EFF07F91AA870DC52A202D
:10CC74004946A68582975DD91E242310F9001C38E5
:10CC840099E7D1BFD947E319F5FE2380090001458F
:10CC9400D9B70545D5B73945C5B7797122D44AD036
:10CCA4004ECE52CC56CA06D626D2AA892E8AB28A2B
:10CCB40036899760FF1FE780E0F709440DC53C21E2
:10CCC4001307E00FAA845D44638FE7001307F00F96
:10CCD4005944639AE70063920A02D2854E85EF9025
:10CCE40051412A8421C1B2502285225492540259BE
:10CCF400F249624AD24A4561828003550A0093058B
:10CD0400E100231701009760FF1FE780E0F4288704
:10CD1400EFF0BF9AAA8505464E85EF2090612A84DC
:10CD24004DDDD1B79307F00FE30FF9FA9386240092
:10CD34007946A68517F5FFFF13058554EFE00FBE6E
:10CD4400A38124014DB7797126D24ECE52CC56CA56
:10CD54005AC85EC606D622D44AD062C466C2AA8A1B
:10CD64002E8BB28B368ABA8983A4C19FB9C0804402
:10CD740083DC44000149035CA400631499018440EA
:10CD8400F5B73E2463F757010509410433490908FF
:10CD9400EDB7E36BFBFE63090A000C204840D28622
:10CDA4005E86EF90C1166DD16384090023908901DA
:10CDB400A284B25022540259F249624AD24A424BE6
:10CDC400B24B224C924C26859254456182809A2122
:10CDD400B621854763E1E6041DCFD42101111386F2
:10CDE400550022CC1385818F2E84894506CE32C608
:10CDF400EF90E111C14719C9542032462E200A2070
:10CE04000147EFF05FF4A94711C18147F240624442
:10CE14003E85056182803E8582802E860A22AE216F
:10CE2400854763E1A50219CD542241110147150636
:10CE340006C6EFF05FF1A94711C18147B2403E85B4
:10CE4400410182803E8582802E860A22AE2185475A
:10CE540063E1A50219CD542241110147150606C606
:10CE6400EFF07FEEA94711C18147B2403E854101F1
:10CE740082803E85828039714ED6BE2183D90500D9
:10CE840006DE22DC26DA4AD852D456D25AD05ECEF6
:10CE940062CC66CA63E437152A8A0545638309129E
:10CEA400416BAE8A2314010002C6014401497D1B73
:10CEB400894B054CC94C83D52A000147814601465C
:10CEC4004E8523130100EFF01FE8AA8471C509EC15
:10CED40013072002930661005A8695455285EFE0B8
:10CEE4000FBC2A84630E050E38849C2025C7188540
:10CEF4006301870541476394E70ABE24414613054D
:10CF040024001CA0BE24A1831CB0CC409740FF1F6A
:10CF1400E78080B049043C848507B3C707087C8454
:10CF240063FC2707BE24638967078509B3C9090819
:10CF340059B763967707BE240946130524001CA03D
:10CF4400BE24A1831CB0CC409740FF1FE780C0AC37
:10CF54001104D1B722C603596100B8241305240073
:10CF6400638F7701335999032305710118A0BE24F7
:10CF74004146A1831CB0CC401379F90F41BF23056E
:10CF8400810118A0BE24135929001379F90FA18334
:10CF94001CB0CC4009464DBF3C8429459DC32C00A0
:10CFA4005285EF90215C09CD34001546D945528550
:10CFB400EFE08FA111C532459750FF1FE780605500
:10CFC4000145F2506254D2544259B259225A925AEB
:10CFD400025BF24B624CD24C216182800545D5B78D
:10CFE4004545C5B703C741A2854763F7E706011165
:10CFF40022CC26CA4AC806CE2A84AE8432899760D7
:10D00400FF1FE78020C311C538219307E00F630792
:10D01400F704631B090022856244F2404249A68555
:10D02400D24405616F90B1098A209305E10023176A
:10D0340001009760FF1FE78020C22887EFF0EFE729
:10D04400AA8505462285EF20D02E71D5F240624490
:10D05400D244424905618280594582805D45FDB7CD
:10D06400411122C406C626C293F705022A843285DA
:10D0740085C3EFF08FE4AA8505462285EF20702B47
:10D0840095476305F500BD476315F502214515A0D5
:10D0940093F78500B6849DC3EFF02FE2AA85054679
:10D0A4002285EF20102909C59C3481C79C2491C393
:10D0B4000145B240224492444101828093974560E5
:10D0C40063D70700EFF06FDFAA850146D1BF8989D6
:10D0D4000D45F9FDF9BF7971AE8622D42A848A22DE
:10D0E4009305E10106D636C69760FF1FE780C0B6F8
:10D0F40011C90C2522852254B246B087B25045612D
:10D104006FF01FF6B25022540545456182804111EB
:10D1140022C406C693F705022A8432858DC3EFF034
:10D12400CFD9AA8505462285EF20B0201547AA87C6
:10D134006305E5003D47631DE502A14715A893F784
:10D14400850099CBEFF06FD7AA8505462285224446
:10D15400B24041016F20F01D1397456063570700EB
:10D16400EFF0AFD5AA850146D5B7898991E18D47FE
:10D17400B24022443E85410182807971AE8622D438
:10D184002A848A229305E10136C606D69760FF1FDA
:10D19400E78080ACB24609C90C2522852254B087A9
:10D1A400B25045616FF0BFF6B25022540545456157
:10D1B40082803E257971416722D426D24AD04ECE50
:10D1C40006D6231701007D17AA8432843689814943
:10D1D400638DE7009420D040138517001307E10006
:10D1E40033450508EFF03FB6AA899420D04089451D
:10D1F4001385818FEF80B15115C5A2242285EFF0EC
:10D204006FCA09C57D142A943344040863040900D1
:10D2140023108900B2502254925402594E85F24987
:10D22400456182809420D04089451385418FEF80E9
:10D23400114E61F59420D04089451385C18EEF804D
:10D24400114D11C9E38C09FA3C87E39987FA03D499
:10D25400A9007D1455BFA22455BF397122DC26DAFA
:10D264004AD84ED652D456D25AD05ECE06DEBE8BA3
:10D274009C252A8AAE84C18BB28A36843A89C289B3
:10D28400468B9DEF942089476383F6065685EFF01D
:10D294006FAD05CD83280500638908022286625498
:10D2A400F250925A5A88CE87025BB2595E87CA8678
:10D2B400F24B4259A6855285D254225A2161828862
:10D2C4003285EFF0AFABAA8709ED3945F2506254CD
:10D2D400D2544259B259225A925A025BF24B2161FA
:10D2E40082802946A6855285829749DDC5B7DC40F0
:10D2F40003C3170098238D6722033363E300138667
:10D30400479013175360E343E6F81386F78F634B94
:10D31400E60293862780630FD70863C8E604F9778B
:10D32400938707803E93854733430308E3E067F61A
:10D334002D45E39D0BF8DC449023CC432310C90016
:10D3440022850DA2F5779387F76F3E938D4733437C
:10D35400030863EE671017E701001307E7C63343BA
:10D36400E32083270300BA97828793873780E31FDC
:10D37400F7F02D45E39C0BF485472310F900DC44BA
:10D3840081459C231CA0AA24050533450508976004
:10D39400FF1FE780608C835709005DE59107231028
:10D3A400F90011468145130514009730FF1FE780EB
:10D3B400206D71A02D45E39B0BF0DC446C0083C908
:10D3C40017009823A209B3E9E90011472310E900E3
:10D3D4009C234E851CA0DC449C331CB09760FF1F2B
:10D3E400E7808087AA8431CD3086C1659306E10049
:10D3F400FD158329C500EFF0DFDB19E99420D04047
:10D4040089451385418FEF80913019E1FD577C8761
:10D4140003C7090089476310F70283A54900094639
:10D42400130544009730FF1FE780005F835709000E
:10D4340089072310F9003C873CA0A1833CB0014537
:10D4440071B523173101C5BF18218907BA97231075
:10D45400F9003E251CB03E25A1833CA010214C417F
:10D46400130534009730FF1FE780005BC9BF2D45CB
:10D47400E39E0BE42310D900DC449C231CA0DC4471
:10D484009C331CB06DBFC8449730FF1FE7806062B7
:10D49400334705081D45E36B77E36380EB02B386EE
:10D4A400790163C6E60033077741B3490708CC44E2
:10D4B400231039014E86DE9561B58149CDBF2D45D6
:10D4C400E3960BE0CC445285EFE0BFEB8947231091
:10D4D400F90008A0218108B09DB72D45E3980BDE23
:10D4E40089472310F90049BF2D45E3910BDEDC4445
:10D4F4001D472310E900982318A0983318B0BA23C5
:10D5040038A0BA23218338B0D82358A0FA2358B0BE
:10D51400FE23A1837CA025B75D71A6C2AA842A211B
:10D524004EDE52DC56DA5AD85ED662D466D26AD05F
:10D534006ECE86C6A2C4CAC0AE8AC16BEF80B131BA
:10D54400130CF5FF2A8A814997ADFF1F938D8DBD7A
:10D55400938C41A0138B81A0FD1B334D0C08DE245A
:10D5640063F6F90083D70D0063CD8701AA2097A540
:10D57400FF1F938525BBEF90E1202A841DCD5944DC
:10D584002DA89C449305E100B3A7F92003C9170013
:10D594009C2322093369F9004A859750FF1FE780CD
:10D5A400A06BAA851DE923902A0103A54D0009C596
:10D5B4009750FF1FE780E0F50544B64022852644D6
:10D5C40096440649F259625AD25A425BB25B225CD3
:10D5D400925C025DF24D6161828083C8440083A63F
:10D5E4000C003087AA206A8881475A87EFF0FFC66B
:10D5F4002A8419C923902A0103A54D005DDD9750A3
:10D60400FF1FE78000F155BF83A74D0099EFAA20C3
:10D61400514781465E86BD45EFD07FC823A2AD0049
:10D6240009E523902A01454449BF83D70D000357D8
:10D634000B003E97634747013307FA407D172310D9
:10D64400EB0003A54D0003560B0083A50C003E958B
:10D6540085099730FF1FE780203C83D70D000357CF
:10D664000B00B3C90908BA972390FD00CDBD3971E9
:10D6740026DAAA842A214ED65AD006DE22DC4AD8DB
:10D6840052D456D25ECE62CC66CA6AC82E8BEF8064
:10D69400911CAA89D424AE248A2478001386D40049
:10D6A400EFF06FEA05C1938BB9FF2A84E5190149AC
:10D6B400138C41A0938C81A033CA09086349790172
:10D6C400631B09109E2429452310FB009DA8035DBC
:10D6D400C10083C8440083260C00AA2052888147D5
:10D6E40066876A86A285EFF05FB719C9AE242285E2
:10D6F4009306E1006A86EFF0DFAB2A8461F0C9B7D4
:10D7040083D70C009228E313F6FE83250C00C84847
:10D714009730FF1FE780E04171D997A9FF1F9389D4
:10D7240069A083A7490095EFAA2041664547814631
:10D734007D169D45EFD0BFB61DE19E2445452310BF
:10D74400FB00F2506254D2544259B259225A925AAE
:10D75400025BF24B624CD24C424D2161828023A287
:10D76400A900AE24835AA40022859306E1006A86A8
:10D77400EFF03FA42A84E3830AF883A74900130740
:10D78400190033470708CA972380570183A7490024
:10D7940093DA8A0093062900BA9723805701130766
:10D7A4003900110983A74900B3C60608334707089F
:10D7B4003349090811C93087B69790A383A7490054
:10D7C4002182BA9790A3DDBDB697FD5694A383A793
:10D7D4004900BA9794A3AA2097A5FF1F938585941F
:10D7E4001359290023902501EF80516339D95945F4
:10D7F40089BF411122C406C693F705012A843285E4
:10D8040085C3EFE09FEBAA8505462285EF206032B1
:10D8140095476305F500BD47631DF502214515A82D
:10D8240093F7450099CBEFE05FE9AA850546228589
:10D834002244B24041016F20C02F93F7050491C7E1
:10D84400EFE0BFE7AA850146DDB713C5F5FF0589FB
:10D854000605B240224441018280797122D426D245
:10D8640052CC06D64AD04ECE56CA5AC82A8AAE845C
:10D874000144DE206364F400014581A083AA04000E
:10D884009319140013891900B327542103CB0700FB
:10D89400B3872A0188239305E100220533656501D6
:10D8A4009750FF1FE780403B1DE123806A019C40A5
:10D8B40005453E990347090098B3B2502254925447
:10D8C4000259F249624AD24A424B456182800C2590
:10D8D40030875285EFF0FFF101CD9C40BE9903C71C
:10D8E400090098A39C403E990347090098B3F1B7F7
:10D8F400050433440408B5BF0111AE8722CC2A8441
:10D904008A239305E10006CE9750FF1FE780C034B9
:10D9140009C90C25228562443087F24005616FF005
:10D924005FEDF240624405450561828039715AD049
:10D934002A8B2A2126DA4AD806DE22DC4ED652D495
:10D9440056D25ECE62CC66CAAE84EF80C1702A899C
:10D954008346CB008355AB0003558B007800130638
:10D96400DB00EFF04FBE630B0514C16A130AA9FF75
:10D97400AA8B0144938941A0979CFF1F938C8C7AB6
:10D98400FD1A6D19334A0A08035CC10083C58B0074
:10D9940003552B006286EFF0DFE56310051483481E
:10D9A4004B0083A6090003552B0052888147138737
:10D9B40081A06286DE85EFF05F8A6310051215C8C8
:10D9C40083D72C0003D781A011076395E700A297A2
:10D9D40063C227079795FF1F9385C574BE2103551E
:10D9E4002B003354F40282A1EF80915D15C1594597
:10D9F40005A003552B00494781465686C545EFD0FF
:10DA04001F8A23A2AC0015E183D7AB0045459EA035
:10DA1400F2506254D2544259B259225A925A025B79
:10DA2400F24B624CD24C2161828083D781A0910752
:10DA34002391FC0083A74C0003D7AB006286A29716
:10DA440098A383A74C001307140033470708BA9719
:10DA540003D7AB009306E1005E85218398A3835529
:10DA6400AB00138C81A0EFF0CFF403A74C003C87EC
:10DA7400130624003346060832971CA303A74C0060
:10DA840093063400A183B3C6060836971CA3AA8B59
:10DA940003A54C0011043344040803560C0083A569
:10DAA4000900229563910B029730FF1FE780C0F6AF
:10DAB40083570C00A29733C4070809FC83578B00D3
:10DAC40029459EA0B1B79730FF1FE780E0F4835744
:10DAD4000C003E943344040845BD83D7AB009EA09C
:10DAE400E31A04EE83578B009EA01DB71D71A6CACE
:10DAF400CAC8AA84035985002A21A2CCCEC6D2C49E
:10DB0400D6C2DAC05EDE62DC6AD886CE66DA6ED64B
:10DB1400AE8AEF804154130BD5FF01447115138C69
:10DB2400D400938B41A0138A81A0179DFF1F130D6E
:10DB34006D5FB3490508635D6411D424AE241307F3
:10DB4400E10162864A85EFF00FA0AA8C63020510FA
:10DB54000359A500B0870C25AA2032C6EFF07FC96F
:10DB6400631D050E83C8440083A60B003246AA2019
:10DB74004E8881475287E685EFF02FEE79ED15C484
:10DB840083570A0003572D0089076302F706979508
:10DB9400FF1F93852559BE21AA20B357F4029EA1E5
:10DBA400EF8071300DC1594539A8AA2041664D470F
:10DBB40081467D16A545EFD08FEE2322AD001DE1F1
:10DBC40023902A014545F6406644D6444649B64961
:10DBD400264A964A064BF25B625CD25C425DB25DB9
:10DBE4002561828083570A0089072311FD0083572A
:10DBF4000A00A29763DE670583274D0003D7AC00B4
:10DC0400930D2400A29798A383274D0003D7AC005B
:10DC14000504334404082183A29798A303254D00E7
:10DC240003560A0083A50B00B3CD0D086E959730FB
:10DC3400FF1FE78060DE83570A00BE9DC167FD17A2
:10DC440033C40D08E309F9EE050933490908E5B5BC
:10DC5400294515FC23902A01BDB76DDC0DBF1E219B
:10DC6400411126C206C622C44AC0444189EB8947F1
:10DC7400B2402244924402493E854101828094206C
:10DC8400D0402A8489451385818FEF80412811C9AA
:10DC94003C202547E51793F7F70F637DF700E1472D
:10DCA400C1BF9420D04089451385418FEF80212640
:10DCB40065F175BF13890185835609008547CDDA5F
:10DCC4001A203697C166E3C5E6FA916593852570F7
:10DCD40031459740FF1FE7806077AA84CD4749D933
:10DCE400314681459730FF1FE78080D91A2083553C
:10DCF400090001468147B386F500B3C6060863E709
:10DD0400E70201C62E972310E90023A00400214650
:10DD1400A285138544009730FF1FE780E0CF138767
:10DD2400C19F1C4381CF3E879C43EDBF5040139558
:10DD3400470085072A9636A6054675BF04C3814762
:10DD440005BF011106CE22CC26CA4AC809E90944F6
:10DD5400F24022856244D2444249056182802AC647
:10DD6400AA84280036896C845085EFF05FEF2A84FA
:10DD740065F1E30F09FCBE24F9DB916593855570C9
:10DD840031459740FF1FE780606CAA8705C1BA241C
:10DD9400938601A0232005005AA19842232425013B
:10DDA40001C7BA861843EDBF9CC25DB74D444DB759
:10DDB4009387D19E98230DE3054798A3058909CD40
:10DDC4009766FF1F93860640414691451765FF1FDE
:10DDD400130505406FF0FFF601458280A389A184F5
:10DDE400828041677D176315E5002E856FE00FCCB7
:10DDF400411106C6EFE02FC609C5FD571EA1230138
:10DE04000500B24041018280011126CA06CE22CC0F
:10DE14004AC88547AA846390F5042685EFE0AFF1EC
:10DE240021E941699305F9FF1307E1008946138647
:10DE3400418E0545EFE03FF12A847D1905C44C4429
:10DE44002685EFF01FFA308722858146CA85EFF0D8
:10DE54004FB62A84E5B789476396F5008545EF10E8
:10DE6400506D45DDF2406244D244424905618280EE
:10DE7400EFE0AFE77DB7411122C406C626C217946E
:10DE8400FF1F13042433083423AC019E23AA019EEC
:10DE940023A8019E49C19307200C3305F50291651F
:10DEA400938515709384819F190533450508974020
:10DEB400FF1FE780A05910349307200C81453306D7
:10DEC400F60288C019069730FF1FE78060BB9C40AC
:10DED40018348145938647007D5563E6E50693062D
:10DEE400800BB306D70201460507FD55B69723AA52
:10DEF400F19EBE868EA2ACB2ACA2238206000506B9
:10DF04009906E369E6FEF95696A399463307D702C4
:10DF1400BA9723A8F19E17F5FFFF13052587EFD0C5
:10DF24000FB217F5FFFF1305259FEF80210617E5B4
:10DF3400FFFF1305C57BEF10F056B2402244924414
:10DF4400014541018280239EA6FE36861388460B36
:10DF540023100600232406003106E31B06FF850573
:10DF64009386860B9DBF411106C622C42A84EFC046
:10DF7400FF95EFE0CFB503A5019F23898184EFE0EE
:10DF8400EFB2238A81842244B240170500001305AE
:10DF9400E5E741016F1010519397556063D7072E41
:10DFA400797103C5218522D44AD006D626D24ECE15
:10DFB4002E899730FF1FE780209D2A8451C918219C
:10DFC4009307000B6313F7088547938441A0DC840F
:10DFD4009C402315010081EFEF00807091659385CB
:10DFE40035709740FF1FE780604688C031C961469D
:10DFF40081451795FF1F1305E5129730FF1FE78032
:10E0040020A88349440089476393F908D12D979444
:10E01400FF1F938424118AA02A20A685EF80C15073
:10E02400AA869E202A201A248DEE6363F7001EA47C
:10E034000E24EFD02FA12285EFD08F969C8491C718
:10E044004C2013058400EFD0AFE92285EF703FC662
:10E05400B25022549254F2491315F9680259456199
:10E0640082806363F7001EA41E24D9459796FF1F80
:10E074009386460B0D469EA0EFD00F958D4545DD4A
:10E084001795FF1F1305050AEFD08FE56DB793872A
:10E09400A9FF93F7F70F4947E36FF7F817D7010084
:10E0A400130787F3B3C7E7209C43BA978287930586
:10E0B400A1002285EFF0AFDBAA8435DDD947639454
:10E0C400F40A85092A2093F9F90F9796FF1F93867E
:10E0D40066054E86D945EFD02F8F31DDCE854DB7FD
:10E0E4009305A1002285EFF07FA0F9B7835984003E
:10E0F4006C004E859750FF1FE78000B6AA842DC19F
:10E104002A2041669306E10055477D16AD45EFD0C0
:10E114000F999799FF1F9389E90023A2A900AA8662
:10E1240055CD834844000358E10030862A20A68553
:10E1340081474E87EFF06F92AA846312050E2A205E
:10E14400CE85EF80E15BE30805EE2A20D945CE8633
:10E154002D46EFD06F87AD45E30F05EC4E852DB707
:10E164002315310185441830D147E306F7EC5C20D0
:10E174009799FF1F938909FB2A202380F9003C8586
:10E18400CE85238299002391F900EF804100E304B6
:10E1940005EA2A20CE860546D945EFD0EF82E30C66
:10E1A40005E8854565BF835984006C004E8597500A
:10E1B400FF1FE78060AAAA8445D52A2041669306FA
:10E1C400E10059477D16B545EFD06F8D9799FF1F34
:10E1D400938949F523A2A900AA8609E51E24C5440A
:10E1E4007C8551B7834844000358E1003E243086BF
:10E1F4002A20A6854E87EFF04F86AA840DE12A20B7
:10E20400CE85EF806153E30805E22A20D945CE8606
:10E214003546EFC07FFBB545E30F05E081B7D9472D
:10E2240003A549006397F4009740FF1FE780602E21
:10E2340019B59740FF1FE780C02D1E247C8525B7A4
:10E244009305A1002285EFF02FADBDB59305A10084
:10E254002285EFF0AFED8DB5130691009305A10073
:10E264002285EFE0FF9989BD9305A1002285EFE0A7
:10E274001F8AAA84E31405E4A30401006DBB93057B
:10E28400A1002285EFE02FF605BD01458280F1C68D
:10E29400011156C2AE8A854526CA4EC652C406CE60
:10E2A40022CC4AC82A8AB284B689EF109028D14772
:10E2B4000DC103C751A283C711A2014999E03E8948
:10E2C400BA871317490003A441A13A94636DF90076
:10E2D400D547F2406244D2444249B249224A924A62
:10E2E4003E850561828036201307040191C6050925
:10E2F4001379F90F3A84D9BFA1C89565938525C0D0
:10E30400130500029740FF1FE780401448C469D1F9
:10E31400130600028145130909049720FF1FE780B3
:10E3240020762300040023112401231344019C3488
:10E3340003A781A1998C1CA45C4491849180C4AFEF
:10E3440023A08900814771B7232604002300040019
:10E354002313440123045401E5B785473E85828095
:10E36400AA8683C551A203A741A181476394F500FE
:10E374000145828032233A8519C2E30CD6FE850713
:10E3840093F7F70F4107DDB7AA8603C651A203A787
:10E3940041A181476314F600014582802E233A850A
:10E3A40081C54C23E38BD5FE850793F7F70F41070F
:10E3B400D5B7AA8683C521A203A781A18147639407
:10E3C400F5000145828012233A8519C2E30CD6FE7A
:10E3D400850793F7F70F4107DDB7AA8603C811A293
:10E3E40083A741A101476314E80001458280B22359
:10E3F4003E8509CAF2236317D600D04701C63222EC
:10E40400E306B6FE05071377F70FC107E9BF41110D
:10E4140026C2444522C406C62A8495C0C84409C5F8
:10E424009740FF1FE780E00EC84809C59740FF1FCB
:10E43400E780200E26859740FF1FE780800D228508
:10E44400414681459720FF1FE7808063FD571CB438
:10E45400B2402244924441018280011122CC2A8498
:10E464002A2106CE2EC6EF10205A32462285814537
:10E47400EF00104E22856244F24005616FF03FF9CF
:10E4840005C53E21411122C406C62A8491CBDD452F
:10E49400EF00104F22852244B24041016FF03FF754
:10E4A400B2402244410182808280411122C4B1479A
:10E4B4001304C5FFB307F40226C29794FF1F938485
:10E4C400E4C706C6A697BA276315B702C84315C1A1
:10E4D4009307F00F6305F6001C21639CC700974067
:10E4E400FF1FE7800003B1473304F402A29423A280
:10E4F4000400B2402244924441018280411122C46A
:10E504002E8426C24946AA848145228506C69720C0
:10E51400FF1FE780E0568DC8D82C83A781A112077E
:10E52400BA979A231AA0BA23FE233AA003D7C1A10B
:10E534005AA09A207AA0BA201AA4DA203AA4FA207F
:10E544005AA49A241EA87AA4B240224492444101B7
:10E5540082802A8683C551A203A881A183A641A1F2
:10E56400014701456393E50082809C2281CFDC460C
:10E5740091CBDC2F9207C2976316F6009307150020
:10E5840013F5F70F05071377F70FC106E1BF13065D
:10E5940000643386C50293069500AA85170500001A
:10E5A400130545EE6F705FAC411122C406C62A8480
:10E5B4000835EF707FC8FD571CB4B24022444101B6
:10E5C4008280011122CC4AC84EC652C456C25AC0D7
:10E5D40006CE26CA2A89AE890144138A11A2938AD7
:10E5E40041A11D4B83470A006365F4046399090242
:10E5F400938951A2138A41A1930AF00F83C709009A
:10E604006364F4061144A14422851306F00FCA85FD
:10E614000504EFF09FE933440408E31794FEF24045
:10E624006244D2444249B249224A924A024B0561A9
:10E63400828083A40A0093174400BE949C208DC357
:10E64400FE20639F270163956901AA20EF10C03B58
:10E6540026854E868145EF00B02F2685EFF03FDBFF
:10E6640005041374F40FBDBF83240A0093174400F8
:10E67400BE949C208DC39C34638F5701FE20639C01
:10E6840027012685EFF05FF22685D145EF00502F54
:10E694002685EFF0DFD705041374F40F85B7C1673F
:10E6A400F917630BF502411122C406C685472A8473
:10E6B4006399F50022852244B240814541016FF0FF
:10E6C4005FF089476396F5008545EF1080667DD13C
:10E6D400B24022444101828082809D456FF07FEEEA
:10E6E40003D5C1A18280011106CE68876C8603C759
:10E6F40001A285476318F70070009305E100054502
:10E70400EF504074F24005618280A947631DF60210
:10E714009C319821A207D98F1EA1BC31B821A20730
:10E72400D98F3EA1DC31D821A207D98F5EA1FC315B
:10E73400F821A207D98F7EA19C359825A207D98FED
:10E744001EA501458280054582809147631EF6001F
:10E754009C319821A207D98F1EA1BC31B821A207F0
:10E76400D98F3EA101458280054582809387C5FFEC
:10E774000D47B3C60708636ED70031473387E702F6
:10E784009797FF1F9387879BBA97A8A38EA30145EA
:10E79400828009458280930740203355F50A71151C
:10E7A400239EA1A02382B1A2A381B1A282809565F8
:10E7B40041111905938535C006C6334505089740B0
:10E7C400FF1FE780A0C801C9B240E95541011743C2
:10E7D400FF1F670043E0B24041018280A38201A28F
:10E7E400238201A2238101A2A38001A2238001A28A
:10E7F40085474111A38FF1A006C622C426C22A84EC
:10E80400238F01A0239E01A023AA01A0EF10A0281A
:10E814001795FF1F13058592130600038145238373
:10E8240081A29720FF1FE780A0251384C1A00820A0
:10E83400938411A21DC59565938545C01205974023
:10E84400FF1FE780A0C023ACA1A001CD1C30102085
:10E8540081459CA02381C1A212069720FF1FE78057
:10E8640020229C201795FF1F03454595138451A230
:10E874003E951375F50F956508A0938555C012054F
:10E884009740FF1FE78080BC938441A188C025CDB9
:10E894001020814512069720FF1FE780601E9840D4
:10E8A4001420814725077D566399F604EF10E03E56
:10E8B400B1473305F5029565938565C03345050871
:10E8C4009740FF1FE78080B823A8A1A02A8401CD28
:10E8D400EF10A03C31463306C502814522859720BE
:10E8E400FF1FE780E0192244B2409244170500005C
:10E8F400130525DB41016F10E03A850710A393F758
:10E90400F70F410755B7A38201A2A38001A279BFE3
:10E91400411126C206C622C44AC0AE8493975560EC
:10E9240063D70708138961A2034509009720FF1FD5
:10E93400E78080052A8431C5182193070009631FE5
:10E94400F7021831CD476312F706938641A22821B6
:10E954009C221788FF1F03485855130664008145FD
:10E9640001476318E50291C19CA29C2281CB034517
:10E97400090085459740FF1FE780E01C2285EF7062
:10E984000FB31395F468B240224492440249410102
:10E9940082800E2205071377F70FAE9793F7F70FD0
:10E9A40009068545B3D7070B6DBFC529C1BF13F54C
:10E9B400150071D9EF00904E19C983C741A281CBCC
:10E9C400854503C561A29740FF1FE780C01713C5A3
:10E9D400140055BF0547637EC7029C319421A207EA
:10E9E400D58F1EA16399E700BC31B821A207D98F46
:10E9F4003EA1014582800947E39DE7FEBC31B82171
:10EA0400A207D98F3EA1DC31D821A207D98F5EA1FC
:10EA1400CDB7054582809147631EF6009C3198214D
:10EA2400A207D98F1EA1BC31B821A207D98F3EA15C
:10EA340001458280054582809147631EF6009C3122
:10EA44009821A207D98F1EA1BC31B821A207D98F62
:10EA54003EA10145828005458280A1476318F602E4
:10EA64009C319821A207D98F1EA1BC31B821A207DD
:10EA7400D98F3EA1DC31D821A207D98F5EA1FC3108
:10EA8400F821A207D98F7EA10145828005458280A5
:10EA940089476319F6009C319821A207D98F1EA1DA
:10EAA40001458280054582803E2279714ECE06D68C
:10EAB40022D426D24AD01307F007AE896371F70235
:10EAC40009473AC47C86300093F5F50FEF00B07225
:10EAD400B250225492540259F249456182805A221A
:10EAE400D9462A89328463F7E6007E2263F4F6006D
:10EAF4006379F70023140100300093F5F90F4A8578
:10EB0400F1B70A2202C4EFF0DF8AAA8435C5EFF018
:10EB14005FA49C246369F5001146A246CE854A850C
:10EB2400EF00B06475B7340026869305F00F4A856C
:10EB3400EFF0EFF575F1A2471A24DC479AA33A20C7
:10EB4400BAA35A20DAA37A20FAA3DA209AA7DC44DB
:10EB540095C793F4F90F2286A6854A858297C167E3
:10EB6400FD172A86E31BF5FA22459947F9451CA1AE
:10EB740044A1EFF0DFA1A9BF094645B7014671BF23
:10EB8400A947631DF6029C319821A207D98F1EA1C3
:10EB9400BC31B821A207D98F3EA1DC31D821A2070C
:10EBA400D98F5EA1FC31F821A207D98F7EA19C35B3
:10EBB4009825A207D98F1EA501458280054582802C
:10EBC4009C211CA19C311CB1BC31B821A207D98F56
:10EBD4003EA1828023220500D82189476304F700DF
:10EBE40005458280F62101114EC606CE22CC26CAE6
:10EBF4004AC80D47AE896379D7049C458433902372
:10EC0400A033A204D18CB023220493874400518CF6
:10EC1400639CD7029307C4FF2A89B3C707086361BB
:10EC2400F70203A589002311990023108900F155E7
:10EC34009740FF1FE780209A2322A900014531A0B5
:10EC44002285EFF0EFF171FD0545F2406244D244B4
:10EC54004249B24905618280797122D426D22E8438
:10EC640006D64AD01C201947AA84B2856390E706C9
:10EC740030202800EFF03FDA0DE92884EFF04FEE62
:10EC84000C302A890DC92E86171700001307A7CC4C
:10EC940034009D452685EF00102C4A8509468145A0
:10ECA40045294A85EFF0AFF60145B25022549254FB
:10ECB40002594561828089477C803C840A867C8134
:10ECC4003C857C822685EF001053F9BF4947639544
:10ECD400E70232202800EFF05FD861F91785FF1FA3
:10ECE4001305C5455E25E9D3183068253C00C9469F
:10ECF4000146A685FD244DBF5147639DE7003220A0
:10ED04002800EFF09FA055F10C3030002685EFF07D
:10ED1400BFD959BF59476398E70432202800EFF060
:10ED2400DFA241F52C842685EFF02FEB15C558455D
:10ED340034851E23B697B3C707081EA3B5D75C470F
:10ED4400A5D783C741A2ADD3854503C561A297402A
:10ED5400FF1FE78040DF89BF89473EC03C840C30F9
:10ED64000A867C8285B70C30231001000A86A1BF75
:10ED74005D71A2C456DA86C6A6C2CAC04EDE52DC93
:10ED8400AA8A88312E8432C6EFF00FE0B24501ED35
:10ED94000144B6402285264496440649F259625AF3
:10EDA400D25A616182802302050023110500834940
:10EDB40004008547AA846399F90030202808EFF0FD
:10EDC4007FC12A8405491DA09D476391F904182138
:10EDD4008D47E31FF7FA302028080549EFF0DFC517
:10EDE4002A8409E50546814526859D262685EFF07A
:10EDF400AFFB88243C080147CE862286D685D522DF
:10EE0400E30909F82685EFF08FE061B7CD47639BEE
:10EE1400F90018219147E31DF7F630202808EFF098
:10EE24003FC745B7D547E395F9F6034A0500894737
:10EE3400E310FAF6302028080549EFF07FD42A843D
:10EE440055F583570102A1EBB8841306F003DC44A3
:10EE5400930607FCB3C60608636AD600B085D94694
:10EE640063F6C600B486D94563EDD500BAA301455F
:10EE7400EF009039054903560102D28526858D2C71
:10EE8400B5B7AC87BAA3D2A38EA3F6A385479CA03B
:10EE9400014A0149CDB7014AF9BF7971AA8522D443
:10EEA40026D22221AA84280806D64AD0EFF09FD27F
:10EEB400F24599E53DE185452285EFF0DF8275A0B5
:10EEC400BC8415476395E706B8858D4763F7E70467
:10EED4006800EFF0FFCE0359E100DD4763FB270133
:10EEE4008C86B70717008507100822853EC8EF00F7
:10EEF4009030BC851109638527012285EFF0EFFD71
:10EF04001C8672466C00858B1106228591CFEFF02A
:10EF14003FE601C52285EFF04FFC884449DD973078
:10EF2400FF1FE780005F41BFEFF01FD3DDB711473C
:10EF34006389E7001387A7FF85463347070863EC17
:10EF4400E6023147F117B387E7021787FF1F13075C
:10EF5400E71EBA979A2371D3A8233008A2850D20FF
:10EF64004DFDB8849147E318F7F4B25022549254FB
:10EF74000259456182802C082285012E59FDF5B77E
:10EF840001114AC82A89314526CA4EC606CE22CC6A
:10EF9400AE89B2849720FF1FE780E09829C19307C8
:10EFA400000A231135011EA12A842146110595C0AA
:10EFB400A6859720FF1FE78020A6A2854A85EF60DB
:10EFC4003FD40145F2406244D2444249B24905610A
:10EFD400828081459720FF1FE78080AAF9BF0545FD
:10EFE400D5B701114AC82A891305000226CA4EC69C
:10EFF40052C456C25AC006CE22CCAE8A328BB689CF
:10F004003A8ABE849720FF1FE780E09121C99307C5
:10F0140020FA1CA1A3006501231155012302450117
:10F02400A30235012A84614621059DC0A685972047
:10F03400FF1FE780609EA2856244F240D244B24939
:10F04400224A924A024B4A85424905616F605FCB6E
:10F0540081459720FF1FE780A0A2F1BFF2406244E0
:10F06400D2444249B249224A924A024B0561828003
:10F074005C45797122D406D62A84AE86A5C3BA2308
:10F08400F885130720066394E504FA2303D6C1A187
:10F094003357C70AB22B9E2B1377F70F918F93F731
:10F0A400F70F01E6890793F7F70FBA97FD17B3C770
:10F0B400E702FC863E206E200824FC8401473C08BD
:10F0C4000146EFF01FF2B250225445618280D82FDE
:10F0D40083A781A11207BA97FE23E1BF2EC6194662
:10F0E400814528089720FF1FE7808099B246D9B749
:10F0F400797122D406D626D22A8491CD08242E866C
:10F104006E202254B2509254814701479306000660
:10F1140045616FF01FEDB284280059469720FF1F08
:10F12400E7800096648499E43E2048446C007C8522
:10F13400EFF0CFBC6E2008243C0001479306000684
:10F144000146EFF01FEAB250225492544561828086
:10F15400797106D6814799E53E2170867C845C45A9
:10F1640089EF3C002E866E21082501479306000690
:10F17400EFF03FE7B25045618280BE237C85D5B76E
:10F18400411122C406C61C2111472A846392E70256
:10F194002E866E21082581470147CD46EFF07FE496
:10F1A40049466E202244B240154541016FF0EFAF4D
:10F1B40013F7B70F89466317D7000146EFF05FF3E3
:10F1C4005146C5B70D476398E7002244B240014653
:10F1D40041016FF0FFF7B2402244410182809A213D
:10F1E400B14771173307F7029787FF1F938707F516
:10F1F400BA97D84301EBD841AAA70145D8C3BA218D
:10F204009AA7828059458280797126D2444522D4B6
:10F214004AD006D62A842E89B1C4C84419C5973069
:10F22400FF1FE780002F23A604009E206E200824E1
:10F234007C85BE200147930640067C869E244A8630
:10F244007C879C483EC83E207C843C00EFF07FD9FC
:10F25400A38E240123A80400B250225492540259CC
:10F26400456182802800314681459720FF1FE78051
:10F2740020813E206E2008247C8401473C009306B4
:10F2840040064A86EFF0FFD5C1BF797152CC2A8A75
:10F294008A2126D206D622D44AD04ECE56CAAE846D
:10F2A400EFF00F8C6300051240452A89630C0410AB
:10F2B4007E21639947111E2463880710542C938A76
:10F2C40081A103A70A009206FD1736977A23B3C7D4
:10F2D40007081EA46316F70093053006EFF05FD904
:10F2E4005C48B5EBC840834915001C21A209B3E969
:10F2F400F900BE2013872900631AF702F9559730E5
:10F30400FF1FE780402DC8C02391340103458900C5
:10F314002686D285EFF0DFC61DEDB25022549254FA
:10F324000259F249624AD24A4561828095659385C1
:10F3340015C04E859730FF1FE780401148C8C8406C
:10F34400231C3401F9559730FF1FE780C028BE20E5
:10F35400C8C0F917BEA048482DCDB220362C1E2CAB
:10F364003308D60063C90707582C83A70A009545BC
:10F374001207BA97BE2363CA0705CC403695971087
:10F38400FF1FE78060693A2CBE20BA971A2CB3C7D6
:10F3940007083EAC6398E702035729000345890038
:10F3A400300078845848D2857C853AC6EFF05FBD3A
:10F3B40011C548489730FF1FE780A015232A040091
:10F3C400232C0400054591BF99454A85EFF0EF8849
:10F3D400D5BFA545DDBF9145CDBFBE21CDCF011120
:10F3E40026CA06CE22CC03D7C1A1AA846D45636F79
:10F3F400F7082E84484091459730FF1FE780A01DF1
:10F404003E20AA861CA13E20A1831CB11E203CA143
:10F414001E20A1833CB13220C167F917110633467F
:10F424000608639DF4022AC4314532C69710FF1FB3
:10F43400E780604FAA854D45B1C9930700F932466C
:10F44400A2469CA1F957BEA18947DCA1F2A194C5AB
:10F4540003C561A2EF60DF8A01450DA881452685B9
:10F46400EF40502C01E9138741A21C23F5D7FD1767
:10F474001CA3DDB789476302F5029D476301F502CA
:10F48400C9476300F502FD47E30FF5FCF24062440F
:10F49400D244056182806D4582805145C5BF1145C6
:10F4A400F5B70945E5B7011122CC4AC8314413091F
:10F4B400C5FF3304890226CA9784FF1F938404C8B6
:10F4C40006CE26945C409DCF03C741A20DC7688435
:10F4D4003EC62A241E242C007C85EFF01FF011C5A3
:10F4E40048409730FF1FE780C002B1473309F90253
:10F4F400CA9423A204000545F2406244D24442491E
:10F50400056182800145CDBF797126D244454ECE36
:10F5140052CCFE20BA2883D9C1A106D622D44AD01F
:10F5240056CAB3D9F90A2A8A9E282DCF998F4E84B8
:10F5340063D4370133C4070889452285EFF02FA728
:10F544002A89CD4A31C5BE202AC660857C84BE285E
:10F5540099EB9E28130925001CA19E28A1831CB1A8
:10F56400637434058228BE28CC4422864A85BE951D
:10F574009710FF1FE780404A03556A002C00EFF004
:10F58400DFE5AA8A15C54A859730FF1FE78060F832
:10F59400B250225492540259F249624A5685D24AD0
:10F5A40045618280890761B779143344040865BFD3
:10F5B400BA289E203A949A28FD17B3C70708334403
:10F5C40004089EA0A2A86376E400F9F3FD57DCBC0E
:10F5D400C1B781455285EFF03FC35DBF797122D435
:10F5E4004ECE56CA5AC85EC662C406D626D24AD081
:10F5F40052CC9389E1A103CA0900938A41A1054B26
:10F604005284930BF00F138C11A283A40A00931756
:10F614004400BE9403C9040063176907DC44A5C70A
:10F62400D84735C39A2329C783C741A289CF2685E2
:10F63400EFF09FEDAA8505E9050483C711A2635184
:10F64400F40223808900B25022549254F249624A4F
:10F65400D24A424BB24B224C4A85025945618280C0
:10F66400238F01A0CDB72685EFF01FBA0149E1BF72
:10F67400DC3F639A7701930520062685EFF05F9FB0
:10F68400DC44A38E070083470C0005041374F40FB5
:10F694006363F4000144E31A44F7C9BF41111545FB
:10F6A40006C6EFF05FE009C50545B240410182801E
:10F6B4001945EFF05FDF6DF91145EFF0DFDE6DF511
:10F6C4001D45EFF05FDE6DF103C511A279DDB24097
:10F6D40041016FF0BFF09E210D47F117B3C7070832
:10F6E400636FF704DC41411122C406C626C22E848E
:10F6F400A9CB8545AA84352D39C92685992BC1679F
:10F70400F917638DF40019E93E2089CB16201947B7
:10F714006391E60403D7C1A163FDE70283C741A255
:10F72400A285268599C72244B240924441016FF0D4
:10F73400DFCA2244B240924441016FF05FAA0945F6
:10F7440082800945B240224492444101828051455D
:10F75400D5BF6D45C5BF797126D252CCAA842E8AF5
:10F764005D4589454AD04ECE56CA06D622D4B289C2
:10F77400B68A3A89EFF0AF8335C12A84014563061E
:10F784000900D685130544000299935785003CB0BF
:10F7940093074500230044017C85954728A07C8479
:10F7A400A300340122C683C741A22C00268585C745
:10F7B400EFF0BFC2AA8411C522859730FF1FE780EE
:10F7C40040D5B25022540259F249624AD24A26859F
:10F7D400925445618280EFF09FA0E9BFCD44D5B734
:10F7E400797126D24AD052CC56CA2E8906D6BE8505
:10F7F40022D44ECE9947B284368ABA8A6312F90665
:10F804002A220944EFE0DFB52AC635C15C45835995
:10F814006500BE239EA0B247154723805701BAA3B3
:10F824001387F1A110239305160093F5F50F0CA38C
:10F83400D0A399E1854614A351476317E9001547FE
:10F84400BAA0DC479A249AA75287A686CA854E8511
:10F85400EFF07FF02A8432450DC4EFE05FBB01A8CE
:10F8640042867400AA89EFE09FA22A844DD5B25043
:10F874002285225492540259F249624AD24A45617D
:10F884008280F945EFE0BFD0DDB79E211CA19E2107
:10F89400A1831CB1BE213CA1BE21A1833CB1114571
:10F8A40082809E211CA19E21A1831CB1BE213CA16A
:10F8B400BE21A1833CB1DE215CA1DE21A1835CB128
:10F8C400FE217CA1FE21A1837CB1214582809E2161
:10F8D4001CA19E21A1831CB1094582809E211CA1EB
:10F8E4009E21A1831CB1BE213CA1BE21A1833CB1B8
:10F8F400DE215CA1DE21A1835CB1FE217CA1FE217D
:10F90400A1837CB19E251CA59E25A1831CB52945F8
:10F9140082809A218546AA8718A19A21218318B149
:10F924009A216319D700BA2138A1BA21218338B1A9
:10F93400114582800945631DA700BA211945B8A362
:10F94400BA212183B8B3DA21D8A3DA212183D8B329
:10F9540082809E211CA19E21A1831CB1BE213CA1B9
:10F96400BE21A1833CB111458280797126D24AD04F
:10F974004ECEB2842A89AE8929468145480022D4D4
:10F9840006D636849710FF1FE780800F64868DE0CB
:10F994003E207C8283D7C1A17C845C4491CBD42F4C
:10F9A40003A781A19E27920636973A237C85788304
:10F9B4004A85170700001307A7F2540013F6F90F3E
:10F9C400D545EFF05FD92A8911C195E085471CA080
:10F9D40023020400014681452285EFF06FF1B25005
:10F9E40022549254F2494A85025945618280228503
:10F9F400EFE0FFA1EDB7B286170700001307A7F1E8
:10FA04002E8685456FF03FD50111688741657000EA
:10FA140001489307F00F0D4797060000938626E7E9
:10FA240099457D1506CEEFF0BFDBF240056182807B
:10FA3400B28701482E861147970600009386A6E6F2
:10FA4400C9456FF0FFD9B28617070000130767E8AE
:10FA54002E86CD456FF03FD0011122CC26CA4AC86C
:10FA64004EC606CEAA842E891774FF1F1304047091
:10FA74009779FF1F938989721C4081C7CA8526859F
:10FA840082971104E31A34FFF2406244D24442499B
:10FA9400B24905618280411122C406C626C2177785
:10FAA400FF1F1307A73F7C2B783B1774FF1F13041A
:10FAB40064701CB4BA9793F7F70F1CA4B5C7130569
:10FAC400C0033385A702A5658505938481A2973079
:10FAD400FF1FE780A09710249307C00381453306D6
:10FAE400F60288C09710FF1FE78080F914249C4019
:10FAF40001477D566341D7022244B2409244130623
:10FB0400000381451775FF1F13054566410117134F
:10FB1400FF1F6700E3F6B2A32382070023A60702B0
:10FB240005079387C703F9B7B240224492444101C1
:10FB34008280411122C426C24AC006C62A892E8464
:10FB4400B2849730FF1FE780801509EDC167F9176C
:10FB540051456313F9000145B240224492440249DD
:10FB64004101828054555C2195C213F72701414617
:10FB7400630BC700C18B3D45E5D3BC2E0145E3FDB6
:10FB840087FC3145D1BF1545F5D4F9B7C18B014583
:10FB9400E1F71545D1B779714AD0416922D426D20B
:10FBA4004ECE52CC56CA5AC806D6AA840144977976
:10FBB400FF1F93892960138A81A2930AC0037D19C8
:10FBC400054B83C789006364F400014525A8330706
:10FBD400540383270A00BA97BA236316270105043E
:10FBE4001374F40FF9BFC833300093856700EF40F6
:10FBF400D1021946A68528009710FF1FE78060F3FD
:10FC0400E31F65FDB250225492540259F249624AEC
:10FC1400D24A424B456182804166AA869775FF1F8E
:10FC240083C5C55903A781A281477D166394F50056
:10FC340001458280035827003A856306C8000348BB
:10FC44000700E308D8FE850793F7F70F1307C703E8
:10FC5400F1BF411106C69730FF1FE780400409C574
:10FC64004A29B240410182800145E5BF03A781A230
:10FC74009776FF1F83C68654110781470145639316
:10FC8400F6008280102301C605051375F50F85075C
:10FC940093F7F70F1307C703DDB71775FF1F034566
:10FCA400E55182801777FF1F1307474C81473A8637
:10FCB400B1460C4391E5B3C7C72088C30145828090
:10FCC40085071107E397D7FE4D458280411106C68B
:10FCD40022C49730FF1FE78080FC0DCD2A842A219F
:10FCE4008545EFF07FD7485409C59730FF1FE7805B
:10FCF400408222851306C00381459710FF1FE780C9
:10FD040020D8FD573EA0230204000145B2402244FE
:10FD1400410182800945DDBF411106C69730FF1FAE
:10FD2400E780E0F709C54825B240410182800145DA
:10FD3400E5BFC167F9176305F502411122C406C680
:10FD44002E849730FF1FE78080F5AA87014589C775
:10FD5400DC237D8C33358000B24022444101828013
:10FD640005458280411122C406C62E849730FF1FA8
:10FD7400E780E0F201CD5A29AA870545630487008C
:10FD8400C2AB0145B2402244410182800545DDBF3A
:10FD940029CD01114AC8416922CC26CA4EC652C493
:10FDA40056C206CEAA8401449779FF1F93898940DD
:10FDB400138A81A2930AC0037D1983C78900634B08
:10FDC400F400F2406244D2444249B249224A924A7F
:10FDD40005618280B307540303250A003E953E2142
:10FDE4006383270182940504C9BF828083A781A20B
:10FDF400C1661776FF1F0346663C89070145014724
:10FE0400FD1691456313E600828003D80700630959
:10FE1400D80003C8A7006315B80005051375F50FCE
:10FE240005071377F70F9387C703E9BF83A681A25A
:10FE34001776FF1F03468638910601478147631FE3
:10FE4400E600858393C7F7FF0545B3C707086361D9
:10FE5400E5023315A0283345050882808C2299C118
:10FE6400CE36CD8F05071377F70F9386C603C1BF30
:10FE740093F61700F9FE050585831375F50FC1BFC9
:10FE8400797156CAAA8A2E8526D24AD04ECE52CC31
:10FE94005AC85EC662C406D622D4AE84328B368C6F
:10FEA400BA8B3E8AC28946899730FF1FE78020DFDC
:10FEB4003DED41657D159730FF1FE78040DE2A84C4
:10FEC400554531C81946DE8513056400A302840133
:10FED4009710FF1FE78040B48357010326A0230235
:10FEE40064013EA8835741032300540123260402DE
:10FEF4005EA8230644012317340123182401EFF0DC
:10FF0400FFF20AB8232A04022685232C0402814521
:10FF1400EFF09FB40145B250225492540259F24971
:10FF2400624AD24A424BB24B224C456182804545DB
:10FF3400DDB79776FF1F83C6662803A781A2814792
:10FF44006395F60041657D1582800E3B1306C70359
:10FF54006394A5002A238280850793F7F70F3287DD
:10FF6400C5B741661778FF1F0348482583A681A2B9
:10FF740001477D16954811436314E80001458280CA
:10FF8400BE223685638EC702CC5A9DC9BC31AC21D2
:10FF940089CD938597FD93F5F50FE372B3FE9387AF
:10FFA400D7FA93F7D70F89EF82809385F7FD93F5FE
:10FFB400F50FE3F6B8FC9387D7FA93F7D70FE1D39D
:10FFC40005071377F70F9386C6037DB741669775C8
:10FFD400FF1F83C5A51E03A781A281477D1625485F
:10FFE4006394F5000145828036233A85638BC6000D
:0CFFF400545B81CAB4329386E6FD93F69C
:020000021000EC
:10000000F60FE374D8FE850793F7F70F1307C703BE
:10001000D1BF011122CC2A84494506CEEF707FAAB8
:100020001DC12AC622859730FF1FE78080C701CDFA
:10003000624432460E39F2401775FF1F0345F5172B
:1000400005616F50FFEDF240624405618280797175
:100050004ECE52CCAE892A8A93053005414526D230
:100060004AD056CA5AC806D622D4328B3689BA8AA2
:100070009720FF1FE780C03DCD4429C92A848944C9
:100080006381090441468145231261019710FF1FD6
:10009000E780409F5686CE8522859710FF1FE78018
:1000A000E0972146630F0902CA8528009710FF1FB9
:1000B000E780C096A28650002C005285EF30505C3D
:1000C000AA8422859720FF1FE780E044B250225483
:1000D0000259F249624AD24A424B268592544561FE
:1000E0008280814528009710FF1FE780A099D9B72B
:1000F000411122C4405926C206C6AA8429CC0854FC
:1001000009C59720FF1FE7800041285809C597209F
:10011000FF1FE7804040685809C59720FF1FE78010
:10012000803F285C09C59720FF1FE780C03E685CC0
:1001300009C59720FF1FE780003E0325040809C575
:100140009720FF1FE780203D22859720FF1FE78033
:10015000803C23AA040222448E38B2409244177590
:10016000FF1F0345950541016F602F84411126C291
:1001700006C622C4AE849730FF1FE78080B231C923
:10018000032345032A84630603048328C307032843
:100190008307832743070327030783466300035628
:1001A0000300834523002685EF70BF992285EFF079
:1001B0003FF4EFF0FFE111CD2244B24092441775B5
:1001C000FF1F034595FF854541011733FF1F67005A
:1001D000C397B2402244924441018280411122C41B
:1001E00026C206C6AA842E849730FF1FE78060AB24
:1001F0005C5989CF9E23639B970085476318F40061
:100200002244B240924441016FF09FEEB24022443A
:10021000924441018280411106C622C426C2EFF0F9
:100220009FD40DCD44592A8495C8BC208DC783A77F
:1002300001A389C7DC4399C326858297B830930709
:10024000F002631DF7002A202244B2409244814507
:1002500041016FF0BFF183A7C1A2E1BFB2402244C8
:10026000924441018280411126C24AC006C622C47E
:10027000AA842E899730FF1FE780A0A205CD4059A0
:1002800055C01E206390970A3C30130710026391FB
:10029000E7083C20BDCB7C5403270408DE2B15E384
:1002A00013F7170019CF18545A23058B19CB93074E
:1002B00020023CB0B240224492440249054541012B
:1002C000828013F7270001CB18545A23098B01C7EA
:1002D00093074002F9BF918B81CB1C54DE23918B95
:1002E00081C793076002F1B783A701A3E1D7DC437D
:1002F000F1D32285829738309307F0028145E31BC2
:10030000F7FA2685EFF09FE675B783A7C1A2F9BF7C
:100310001307A0026398E700630409001309200390
:10032000CA85C5B7631C090026859730FF1FE78083
:10033000409709C55C2193E707015CA1A6854A8522
:10034000EF706F9185BF011126CA99476C85AA8409
:100350002E858D4522CC4AC806CE328936847C84CF
:10036000EFE02FC52AC61DC9AA854A8502942A84B2
:1003700019E52C002685EFF04FB62A8411C53245C9
:100380009720FF1FE78020192685EFF09FC8F240D5
:1003900022856244D2444249056182804D44EDB7D2
:1003A000411122C42E862E84971600009386A66AD9
:1003B000894506C626C24AC02A89EFF0DFF80C201C
:1003C000AA844A85EFF09FDAB2402244024926858A
:1003D00092444101828083A7C1A285CB9C4395C7EB
:1003E0001D71A2CC86CE984110082A843AC8D84103
:1003F00085453ACA829711C548862A206C00EFF0DD
:100400003FFAF6406644256182808280AA872E8565
:1004100091CFFC5781CF982398A1983398B1B82BEE
:10042000B8A1982FDC4BB8B1DCC182804146814530
:100430001703FF1F6700036583A701A381C79C47BC
:1004400091C382870945828003A741A91DC75843EC
:10045000AA8705450DC703A50708411106C69306DF
:1004600005021306050C93050506130505040297FE
:10047000B2401375F50F410182800545828082806C
:100480004DC9357122CD2A840A2126CB52C556C3C7
:100490005AC106CF4AC94EC7DEDE2E8AB28A368BD3
:1004A0009720FF1FE780E07FAA8431C50C182285C2
:1004B000EFF0DFF53C20938B6400A9CBEF605FD4B5
:1004C0002A89014583C95400EF605FD1AA840C10CA
:1004D0000818EF10803A08542C10EF10A03ADE886C
:1004E000A68B5AC04E88DE874A8714103010D685F6
:1004F0005285EF208062FA406A44DA444A49BA4998
:100500002A4A9A4A0A4BF65B0D618280EF605FCF00
:10051000AA89014503C95400EF605FCC2ACE085474
:100520000C10EF1080352C100818EF10A035F24891
:100530004DBF8280AA8701CD1855414511CBFC578C
:1005400081CB28333D476375A700882F82804145C2
:1005500082806DC5411122C406C626C2AA872E8498
:100560000945E1C998337D761306F67F98A1B82333
:100570004D4598B1B833B8A1D823B8B1D433DA21F6
:10058000858AA2061377F7EF558FDAA1D433334764
:1005900007081377F7DF93D61648A606558FDAA11A
:1005A000D433334707081377F7BF93D62648AA06F4
:1005B000558FDAA1D43333470708718F93D6364865
:1005C000AE06558FDAA1F42333470708799B858A55
:1005D000558FDAA1F42333470708759B898A558F15
:1005E000DAA1F423334707086D9B918A558FDAA16E
:1005F000F823DE21218BDD9BD98FDEA1EF706FCC3C
:10060000AA845145EF70EFCB383093F4F40FAA87EA
:1006100049456360970293F7F70F63ECE7001820F2
:100620009147614563E7E7001830854763E3E700DA
:100630000145B240224492444101828009458280B2
:1006400015C52A87AE87094585C5411106C61433ED
:1006500013851700194694A1930527009700FF1FE3
:10066000E780C03BB240014541018280094582805C
:1006700082800DC9AA872E8709459DC5411106C6EE
:10068000B423903313052700A206D18E96A12146EC
:10069000938537009700FF1FE7804038B24001453F
:1006A000410182800945828082801DC12A87AE87F0
:1006B00009458DC141113E8541469305170006C687
:1006C0009700FF1FE7808035B240014541018280DD
:1006D000094582808280AA87094591CB89C99C33CC
:1006E0003D4761456365F7009CA10145828082809A
:1006F00005C52A87AE87094595C141113E85130678
:1007000000049305170006C69700FF1FE78000311D
:10071000B2400145410182800945828082801D717D
:10072000A2CC2A84084586CEA6CA2306010004214D
:1007300035479387F4FF93F7F70F6360F70A17B70E
:10074000010013076794B3C7E7209C43BA978287D9
:100750000C08EFF01FE0C947631AF50499475C865F
:100760002A206C00EFF0DFC3F6406644D6442561D2
:1007700082800C08EFF03FF60DED2A209720FF1F36
:10078000E7802052A14711CD5825631AF70403A72B
:1007900001A39D4719C7184309C71008A6850297EA
:1007A000AA875C8629A00C08EFF0BFEC79D51C86DF
:1007B000C5FB2A20EFF0FF8545BF0C08EFF05FE88E
:1007C000F5B71C312308F1004DBF0C08EFF05FF2C4
:1007D000F1BF0C08EFF07FEDD1BF9D4749B703A7EC
:1007E000C1A245BF411122C406C626C24AC0182173
:1007F000930720092A846314F7101C313947639149
:10080000E70A56210967610781476394E6089384E4
:1008100041A388403DCD0C4403C90500631D090078
:100820001C2185052146A9CB29059700FF1FE780DC
:10083000E01E9C40B1CF49459700FF1FE780E00EC6
:100840002A841DC1930710FC1CA1A30025018C4024
:100850000905414689059700FF1FE780201C9C4041
:10086000A2858833EF500FCA88409720FF1FE7808A
:1008700080CA23AA01A229A809059700FF1FE780C3
:10088000E019EF30A05F05494DF59C40238027011A
:100890008547B2402244924402493E85410182800C
:1008A0001307E003639BE706382195476317F702B8
:1008B0004A21EFF0AFC69147E31CF5FC83A7C1A224
:1008C000E1DB9C47F1D772244A209305640022445F
:1008D000B2409244024941018287A147631BF7005D
:1008E0006C204A202244B2409244024941016FF0F8
:1008F0009F97930600038147E31DD7F8D5B793066A
:10090000000A8147E317D7F8EFF07FE1084449D1A7
:100910009720FF1FE78020C0A5BF81479DBF011121
:1009200022CC06CE26CA4AC8094415CDAE84094455
:100930009DC92A898D456800EF608FDE1C87268659
:100940006C0093F7F70393E707044A855C87EF2071
:10095000C0132A8409E90D466C0013853400970002
:10096000FF1FE780A00BF24022856244D244424937
:10097000056182805D714EDE86C6A2C4A6C2CAC071
:1009800052DC56DA5AD85ED6894955C93289894926
:100990005DC6138B45002A8AAE8A334B0B0893053C
:1009A00030055A859720FF1FE78080AA2A84CD4909
:1009B00059C5EF60DF86AA845686D28593DA840013
:1009C00013DA040193FBF40F1305440093FAFA0FB2
:1009D000137AFA0FE1809700FF1FE780801AA301C6
:1009E000740123015401A300440104A0EF609F821D
:1009F000AA85414608089700FF1FE7808018214715
:100A000034005A86A2850808EF20A02EAA891DE18D
:100A100021462C0023007901A3005901230149013B
:100A2000A3019900130549009700FF1FE780601597
:100A3000EF60AFFF22859720FF1FE780C0ADB64073
:100A4000264496440649625AD25A425BB25B4E85AE
:100A5000F25961618280411126C2AA842E854AC062
:100A600006C622C42E899720FF1FE780802379C104
:100A7000405979C05C30094793F6B70F6387E600A9
:100A800011471305E00F6393E7081E200945639F94
:100A90002707130984004146A6854A859700FF1F52
:100AA000E780C0F74146A685130584019700FF1F24
:100AB000E780C0F6383085469307F7FE93F7F70FC7
:100AC00063ECF6049304C40383A741A9C1452685BA
:100AD0008DC79C4F9DC382979306C4022686CA8504
:100AE0002285EFF0FF993C2081CF22852244B2403D
:100AF0009244024941016F00507EEF606FC2E9BF2E
:100B00003830C947E303F7FE3CB00145B240224408
:100B1000924402494101828093071005E317F7FED2
:100B20003C20E5D722852244B2409244024941014B
:100B30006F10E0000945D9BF4945C9BF39C9011146
:100B400022CC26CA06CEAA842E84094595CD0D4610
:100B50008D0528009700FF1FE78040EC1C85700082
:100B60002C0093F7F70393E7070426855C85EF10C5
:100B7000D07119E90D46A28568009700FF1FE78034
:100B800080FB7D153335A000F2406244D2440561FC
:100B9000828009458280011152C42A8A32854EC65C
:100BA00056C25AC006CE22CC26CA4AC82E8BB28A5A
:100BB000B6899720FF1FE780C00E09ED8944F240F7
:100BC00062444249B249224A924A024B2685D244A3
:100BD000056182805C592A89C544F5F34D45EF6073
:100BE0005FEE1374F50F5145EF60BFEDE38809FC2C
:100BF00003C78901E36487FC9377F50FE3E0E7FC23
:100C000093053005130540089720FF1FE7804084B7
:100C1000232AA9022A84CD445DD1130640088145C8
:100C20009700FF1FE78000E6A301040023014401B1
:100C300023026401231054012326340723240402D1
:100C4000A302040063070A002285EF005063AA8410
:100C500019E18144ADB74A85EFF08FC98DB739717D
:100C600022DC06DE26DA4AD84ED652D456D25AD0E4
:100C70005ECE62CC66CA0944630A0610BA8409448F
:100C800063060710AA8B2E89328B368C9720FF1FA4
:100C9000E7802001AA8A514475C993053005414572
:100CA0009710FF1FE780C07AAA894D4465C198302C
:100CB0009C2003CA340022075D8FBC20620AC20751
:100CC000D98F336AFA0083A78A0263E647017D570A
:100CD00009446398E70A6307090083C74A0005448B
:100CE000898BC5C3214681450A859700FF1FE78090
:100CF00060D9930C4C0093053005B3CC0C08668585
:100D00009710FF1FE780C0742A894D443DC9628651
:100D1000DA8511059700FF1FE780A0E61146A6853A
:100D20004A859700FF1FE780C0E5414693858A0109
:100D30004E859700FF1FE780C0E421478A866686BC
:100D4000CA854E85EF10F07A2A841DE521468A85F2
:100D500028009700FF1FE780C0E2214693854400EA
:100D600028009700FF1FE78000DD8547631EF5021E
:100D7000D2855E85EF704F904A859710FF1FE78000
:100D800080794E859710FF1FE780E078F25022852A
:100D90006254D2544259B259225A925A025BF24BCF
:100DA000624CD24C216182800544F9B7797122D41A
:100DB00006D626D24AD04ECE2E849397556063D65F
:100DC00007049764FF1F9384243FA8309700FF1FF8
:100DD000E780C0BB2AC609CDEFF0DFA0B24511E520
:100DE000A8209307F00F631FF5002E85EF407FECDE
:100DF0001319F468B25022549254F2494A850259A8
:100E000045618280EF401FF0E5B713F915006307D5
:100E10000900EFF04FC013491400E9BFE1DD85443C
:100E200021A0850493F4F40FEFE07FE7E3F4A4FC42
:100E3000B3179028B3C90708E18FE5D74E85EFF0C7
:100E40008F8FC167FD176305F500DD45EFF00FB229
:100E50003349340145B723AA01A223A801A223A63E
:100E600001A29767FF1F93876734170700001307D6
:100E7000075D98C3170700001307472ED8C317F75D
:100E8000FFFF1307071D98C79767FF1F9387473119
:100E9000171700001307874298C31717000013079E
:100EA00007FDD8C3171700001307872798C782804C
:100EB0009767FF1F83C78730A18B014789C71767D3
:100EC000FF1F1307A72E23A8E1A201458280976781
:100ED000FF1F83C7A72E918B014789C71767FF1F85
:100EE0001307072C23A6E1A201458280011106CE3B
:100EF0002AC6EFF05FF6324599459767FF1FA38E2C
:100F0000A72AEFD0FF86F24017F5FFFF1305452D06
:100F100005616FE07FD91C5599C32145828041113D
:100F200022C426C22A84AE8413050004930530052A
:100F300006C64AC09710FF1FE780805108D479C5C4
:100F400013060004A6859700FF1FE78020AD7454A8
:100F5000B82A93778700EDCB1C54BC23A18BEDC737
:100F600083270408C5E79305300513050010971083
:100F7000FF1FE780E04DAA872320A4080D45C1CBC1
:100F800074549C309832D1CB3337E0000E0793670E
:100F900007016C545CB0B829058B19CB18548546F1
:100FA00038230D8B6316D70078201367170078A0BD
:100FB0000327040809C778201367870078A005472E
:100FC000639DE70C13098400414681454A859700DB
:100FD000FF1FE78020AB8145130584014146970040
:100FE000FF1FE78020AA9304C40383A741A9C1453A
:100FF0002685B5CF9C4FA5CF829783270408BDCB0C
:101000002285EF00D0339307000549C12145B24046
:1010100022449244024941018280A1473DFBBC2009
:10102000918B91E7BC2A918B99E385479DB79820D6
:10103000942295473307F70297A701009387470843
:10104000BA97B6979C23B1B79C3081C79032E147DD
:1010500029F2BC205D8F118B69DB98209547942283
:101060003307F70297A7010093874707D1BFEF50D7
:101070003FEB61B722859306C4022686CA85EFF04E
:101080002FC02285EF00702551F1C1470A203CB0E6
:101090008145EF60FFC801459DBF13F7870141C738
:1010A000C18B930484004146A1CB89052685970016
:1010B000FF1FE780A09681451305840141469700F4
:1010C000FF1FE780209C7C201309C403C14593E7E0
:1010D00047007CA083A741A94A8595C79C4F85C737
:1010E0008297832704089DC32285EF00502519FDB0
:1010F000930720053CB045B7814526859700FF1F23
:10110000E78040984DBFEF50BFE1E1BF9306C402B6
:101110004A86A6852285EFF0AFB62285EF00F01B48
:10112000CD4769D9E5B5094785456388E70093F759
:10113000D70F11476396E70089450A20EF605FBE2D
:101140007C2093E747007CA08327040881C793078E
:1011500010054DB7C54779BF3C2163830726397118
:1011600022DC06DE26DA4AD84ED652D43C311307AA
:1011700050052A846395E70803497500138A41A93D
:101180009309C50393573900AA97842783270A0038
:10119000C1454E85B5C39C4FA5C3829783270A00DE
:1011A000A1C79C47B1C30325040813797900B3D6BE
:1011B0002441858A93050504180893E606084E869F
:1011C0001305050882971375F50F19ED41460C08B4
:1011D0001305C4029700FF1FE78040842285EF00BB
:1011E000D00F930760053CB0F2506254D25442597C
:1011F000B259225A21618280EF509FD245B713071E
:1012000010026392E7021C5503270508DE2361EBF9
:1012100013F7071069C778555A2B1377071061C366
:10122000930770023CB03C3013077002639FE70CD9
:101230003C5885E39305300571459710FF1FE78003
:10124000202128D819C5714681459700FF1FE780E6
:1012500060832458A1C8BC2C89E72285EFF08FADAC
:10126000A8AC2858814541469700FF1FE780808140
:1012700028583D472C2D9387F5FF93F7F70F6364AC
:10128000F700EF50FFC9EF40FFB13C58A1458AABD2
:1012900013852701EF50DFC82C580A20EF003033A8
:1012A000631A0510930780023CB00A209720FF1FA5
:1012B000E780209F414609C57E2513D617003E963C
:1012C0006254F250D2544259B259225A1765FF1F44
:1012D0000345B5EE0606854521616F407FC413F7CF
:1012E000072009CB78545A2B1377072001C793079F
:1012F00090020DBF93F707409DD77C54DE2B93F7E8
:10130000074095D39307B00231BF1307800263975C
:10131000E7023C5899C78E2B0A2013862701EF005D
:1013200070301C54DE2313F7072029CF78545A2B32
:101330001377072021CB93079002BDB713079002C4
:10134000639BE700EF507FECAA850A20EF00902C0A
:101350009307A00291BF1307A0026390E704EF5028
:101360003FEAAA85854701456384F5008145054527
:101370002EC6EF50BFE62A86B2450A20EF0030267F
:101380001C54DE2393F707409DC37C54DE2B93F758
:10139000074091CF9307B00201BF1307B0026398D3
:1013A000E700EF503FE7AA850A20EF00102B9307D4
:1013B000F00215BD38309307F002E318F7EE2DB5B3
:1013C0008280411122C4405926C206C67C54AA8498
:1013D000DE2B13F7071011C718545A231377071081
:1013E0000DE313F7072011C718545A23137707206A
:1013F00009EB93F707408DCB1C54DE2393F707408E
:1014000085C7930710023CB02285EFF0FFD4383037
:101410009307F002631EF7002244AA20B2409244D0
:10142000814541016FE09FD49307F0023CB0EDB7D6
:10143000B2402244924441018280397122DC4059F9
:1014400026DA4AD84ED606DE2A89AE84B2896302ED
:1014500004382A211E20639FA7103C20638607388A
:101460009387E5FF93F7F70F2D47636FF73617A7BD
:101470000100130767C8B3C7E7209C43BA97828768
:1014800022856254F250D2544259B259B285216138
:101490006FF07FA84146CE851305C40497F0FE1F68
:1014A000E780C05722859D25383093074005631A91
:1014B000F700930790053335A000931435003CB036
:1014C0005DA893066005D147E317D7FE9307A005F3
:1014D000DDB71309C4054A854146CE8597F0FE1F46
:1014E000E780C053032504084DC53C301307900521
:1014F0006397E700228555259307E00595A8130714
:10150000A0056392E7087C3013D737002297142791
:101510009D8BB3D6F640858A83A741A993E606083A
:10152000B1CB9C47A1CB9305050818084A86130543
:10153000050482971375F50F15ED41460C08130548
:10154000C40497F0FE1FE780005F7C304D4785079D
:1015500093F7F70F7CB0E36FF7F885451765FF1F2A
:101560000345B5C59710FF1FE780205E9307500520
:101570003CB031A8A144F25062544259B259268578
:10158000D254216182801307C005E385E7F68144C8
:10159000DDB7930984004A86CE8522851408EFE0E2
:1015A0003FEE41469305C404080897F0FE1FE7800C
:1015B000805871D18A861306C403CA854E85EF1000
:1015C000E069A1440DE12285EFE0DFF62A870A20D9
:1015D0009767FF1F83A707BE814601468A858297CA
:1015E000B334A0008E0493072002D1BD0C22EFE09B
:1015F000FFB771BF3830930720026317F71E7C587E
:1016000089EB9305300571459710FF1FE78040E493
:1016100068D86858630A051C4146CE8597F0FE1FBE
:10162000E780C03F64582285EFE0DFF0A8AC930765
:1016300030023DBF3830930730026317F71A1E227D
:1016400068582146938529001EA9490597F0FE1F79
:10165000E780C03C7C54DE2B13F727002DC71854BD
:101660005A23098B2DC39307400219B738309307CB
:101670004002631BF7163C5C81EB85455D45971086
:10168000FF1FE780E0DC28DC285CE30205F083C76D
:1016900009004146CE857CA997F0FE1FE7800038FF
:1016A00093075002F1B5383093075002631EF712CA
:1016B000285C194693851900410597F0FE1FE780C5
:1016C000E0357C54DE2B918B95CF1C54DE23918B1F
:1016D00095CB9307600269BD7C5C89EB930530056F
:1016E00051459710FF1FE780A0D668DC685CE303D4
:1016F00005E84146CE8597F0FE1FE78020327C5CEE
:101700007D5798CB4A85EFF0DFCB51B50325040810
:1017100013060004CE851305050497F0FE1FE7802D
:10172000E02F2285EFE05FD23C3013070005639580
:10173000E700930740052DBD13071005E38FE7E091
:1017400013072005E395E7E483A741A9E38407E2B3
:101750009C47E38107E2832504089304840018086A
:1017600093850508814626862E8582970A201008D3
:10177000A685EF60CFE39307B005DDBB3830930754
:10178000E0056313F7068325040841464E8597F06C
:10179000FE1FE780403AAD44E30F05DC0325040853
:1017A0004146CE8597F0FE1FE78040272285EFE077
:1017B0007FD82A872C580A209767FF1F83A7879F07
:1017C000814601468297B334A0008E04930710022D
:1017D000FDB1AD47E39DF5DA14222E211306650015
:1017E0000821EF50FFD965B39D4471B3AA8709451D
:1017F00041C6D9C11CA29C211CB29C313CA2BC2177
:101800003CB2BC31A30206005CA2DE2193D787481C
:101810005CB2DA211377072001C793E727005CB297
:10182000DE2193F7074089C75C3293E747005CB23B
:10183000DE211317B028F98F89C75C3293E7870040
:101840005CB223030600DE21858B7CA2DA21098BA2
:1018500001C793E727007CA2DE21918B89C77C22F8
:1018600093E747007CA2DE21A18B89C77C2293E706
:1018700087007CA20145828082802E86AA8505454C
:101880006FF0DFF62E86AA8509456FF03FF68DC50D
:101890002A87094505C7411106C6AE878D4694A122
:1018A000138517004146BA8597F0FE1FE7800017A1
:1018B000B2400145410182800945828082808DC508
:1018C0002A87094505C7411106C6AE87914694A1EE
:1018D000138517004146BA8597F0FE1FE780001474
:1018E000B2400145410182800945828082808DC5D8
:1018F0002A87094505C7411106C6AE87994694A1B6
:10190000138517004146BA8597F0FE1FE780001146
:10191000B2400145410182800945828082809DC993
:101920002A87094515CB411106C69D4694A1162369
:10193000AE871385370094B116232146A182B4A146
:101940009305270097F0FE1FE780400DB240014548
:10195000410182800945828082808DC52A870945A0
:1019600005C7411106C6AE87A14694A1138517008D
:101970004146BA8597F0FE1FE780400AB240014514
:101980004101828009458280828085C92A87094574
:101990001DC7411106C6A54694A11423AE87138521
:1019A000270094B119469305170097F0FE1FE780B2
:1019B000E006B24001454101828009458280828073
:1019C0008DC52A87094505C7411106C6AE87A946B8
:1019D00094A1138517004146BA8597F0FE1FE78052
:1019E000E003B24001454101828009458280828046
:1019F00095C52A8709450DC7411106C6AE87B14670
:101A000094A11385170013060004BA8597F0FE1FF2
:101A1000E780C000B24001454101828009458280D3
:101A200082808DC52A87094505C7411106C6AE8744
:101A3000B54694A1138517004146BA8597F0FE1F5D
:101A4000E780C0FDB24001454101828009458280A6
:101A50008280AA87094581C999C7154798A19C2307
:101A600001459CB182808280AA87094581C999C7B6
:101A70002D4798A19C2301459CB1828082800DC591
:101A80005D718A8586C6A2C42A84EFE03F980A2049
:101A90000A8697060000938686DE9D45EFE0BF8AA2
:101AA000B640264461618280054582800DC55D7126
:101AB0008A8586C6A2C42A84EFE05F950A200A863A
:101AC00097060000938646DC9D45EFE0DF87B64031
:101AD000264461618280054582805D71A2C49305C0
:101AE000C5022A8441460A8586C697F0FE1FE78014
:101AF000E0F20A200A8697060000938686D9C5453B
:101B0000EFE07F84B6402644616182805D71A2C4AB
:101B10009305C5032A8441460A8586C697F0FE1FB1
:101B2000E780C0EF0A200A8697060000938666D9F0
:101B3000C545EFE05F81B64026446161828083A79E
:101B400041A9A9CB9C435D71A2C486C62A84130512
:101B5000E00F8DCF032504089305050C1305050838
:101B6000829783250408130600040A8593850508D7
:101B700097F0FE1FE78080EA0A2097060000938610
:101B800066E70A8693051004EFE0EFFBB6402644B3
:101B9000616182801305E00F8280317122DD2A8429
:101BA0000A2126DB06DF4AD94ED752D556D35AD161
:101BB0005ECF62CD66CB9710FF1FE780800E3C584A
:101BC000AA8489EB9305300571459710FF1FE780C4
:101BD000208828D82858CD4705C97146814597F0F7
:101BE000FE1FE78020EA032904072285EFE09F9487
:101BF000230DA9003C20138941A963820712832782
:101C000009008DE39307E00FFA506A54DA544A59F9
:101C1000BA592A5A9A5A0A5BFA4B6A4CDA4C3E85F0
:101C20002961828003AC0701E30E0CFC032B04083E
:101C3000EF500FDDAA8B0145EF504FDADC303458FE
:101C4000130B0B029309C403130AC405938A64009F
:101C50002A8736C0B337F000930801045688B3369C
:101C600070015286CE855A85029C1C54B8232307E6
:101C7000E1029833A306E1029C232306F1028327A5
:101C80000900C9D383AB4701E38E0BF6DC30B337D1
:101C9000F0003ECEEF50CFD62A8B0145EF500FD447
:101CA00003270408F2472AC03AC2B33860015688B5
:101CB0007810930684004E86D2858800829B7C54DF
:101CC000B82B2305E1029833A304E1029C232304EB
:101CD000F1028327090003AB4701EF506FD22A8935
:101CE0000145EF50AFCF83C854009C082A883EC2FC
:101CF000B3381001B337200138109306840152869F
:101D0000CE8556C08800029B0A2097060000938665
:101D100086D19008C545EFE00FE3AA87F5B5D4302A
:101D200083270900032B0408B336D00083AC0701D6
:101D300036CEEF50EFCCAA8B0145EF502FCA3C585E
:101D4000F246130B0B02130AC4059309C403938ACA
:101D500064002A88930801044E86D2853EC05687C7
:101D6000B33770015A85829C1C54930B0103B8232E
:101D70002307E1029833A306E1029C232306F10224
:101D80008327090083AC4701DC30B337F0003ECE37
:101D9000EF500FC72A8B0145EF504FC4F2472AC0BE
:101DA000B338600156887810930684004E86D28539
:101DB0005EC28800829C8325040841465E8597F0B8
:101DC000FE1FE78040D7AD47E31B05EE35BD2E86ED
:101DD000970600009386E6B1C5456FE0CFD65D71EA
:101DE000B287A2C44C802A84BE851305110019460F
:101DF00086C697F0FE1FE78060C20A862285970696
:101E000000009386C6B8A145EFE0EFD3B640264464
:101E1000616182802E8697060000938646B4C54590
:101E20006FE06FD25D71B287A2C46C802A84BE85D8
:101E300013052100214686C697F0FE1FE78000BEED
:101E40000A862285970600009386A6ADAD45EFE091
:101E50008FCFB6402644616182802E8697060000AF
:101E6000938646B6C5456FE00FCE797122D406D66B
:101E700026D24AD03C31130730052A846385E7080F
:101E8000130750056396E708034975009307A005FB
:101E90003CB193573900AA97842783A741A913051A
:101EA000C503C145B1CF9C4FA1CF8297137979006B
:101EB000B3D62441858A93E6060883A741A99DCB22
:101EC0009C478DCB0325040818081306C40393050B
:101ED00005041305050882971375F50F01ED130529
:101EE000C40241460C0897F0FE1FE78020B322850C
:101EF000EFF0BFBEB2502254925402594561828025
:101F0000EF500F8265B7930790053CB1814675B7D6
:101F1000130710026391E7027C5503270508DE2BA7
:101F200079EF13F7170061CF18555A23058B61CB52
:101F3000930720023CB03C30130720026398E70E61
:101F40003C5889EB9305300571459700FF1FE780EA
:101F5000205028D82458A5CC2285EFE0AFDDA8ACCE
:101F600028588145414697F0FE1FE780A0B12858C8
:101F70003D472C2D9387F5FF93F7F70F636BF7021F
:101F800083C701AACDC341468145080897F0FE1FCB
:101F9000E78040AF19469755FF1F938565010808F4
:101FA00097F0FE1FE78080A730580C082E85EFD0F1
:101FB000B045EF303FDF3C58A1458AAB1385270180
:101FC000EF401FF62C580A20EFF07FE001E5930761
:101FD00030023CB00A209710FF1FE78080CC4146BA
:101FE00011C172252254B250925402591755FF1F45
:101FF0000345B51C0606854545616F307FF213F732
:10200000270001CB18545A23098B01C793074002BC
:1020100015B7918B8DD31C54DE23918BE38D07F084
:102020009307600201BFEF40BFEF61B713073002B3
:102030006396E7023C5899C78E2B0A201386270126
:10204000EFF05FDE7C54DE2B13F7270039CB1854FA
:102050005A23098B39C793074002A5BF13074002D3
:10206000639CE700EF506F9AAA850A20EFF09FDA91
:102070009307500239DDB9BF13075002639CE70292
:10208000EF500F98AA85054599C1854501452EC693
:10209000EF50CF942A86B2450A20EFF05FD47C54EB
:1020A000DE2B918B95C31C54DE23918B91CF93072C
:1020B000600205B7130760026398E700EF508F9541
:1020C000AA850A20EFF07FD97C5403270408DE2B71
:1020D00009EF13F7071011CB18545A231377071081
:1020E00009C7930770023CB031B513F7072009CB3D
:1020F00018545A231377072001C793079002E5B7B6
:1021000093F7074089CB1C54DE2393F7074081C720
:102110009307B002C9BF9307F002F1B7397122DC0F
:1021200026DA4AD84ED606DE52D42E89B289AA843F
:102130009710FF1FE780E0B64059414681450A8568
:1021400097F0FE1FE780009435C4035A0400631320
:102150009A06383093071002631FF702832704089A
:1021600099CF2C58A1C95285EF1070520545F250F5
:102170006254D2544259B259225A216182808A86CD
:102180001306C4059305C40313058400EF00102D46
:1021900015E18A85C9BF2C5891CD9E29639C3701D2
:1021A0002146C9054A8597F0FE1FE780C09819C1EE
:1021B0002C5855BF26859710FF1FE78080AE2A84D4
:1021C00055D54C55B9C19E29639137052146C9059E
:1021D0004A8597F0FE1FE780009685476317F50252
:1021E00083C7718589C74C54BC3D6392A70CBD451C
:1021F0002685EF1070449757FF1F83A767CD81C7CF
:1022000089451D45829701459DB71389F1A98347EB
:1022100009009759FF1F9389A9C8858B8DCF583026
:1022200083C781A96319F7021946938591A91305FC
:10223000640097F0FE1FE78000908547631DF5005E
:1022400083A7090381C791451D458297BD45268512
:10225000EF10903E21BF03C701AA83A7090331CB2A
:1022600003470900098B09CB81C795451D45829716
:102270002685EF101042DDBD81C78D451D45829733
:1022800041468145080897E0FE1FE780A07F194678
:102290009755FF1F9385C5D1080897E0FE1FE7807B
:1022A000E0770C082E850A86EFD010168A852685E1
:1022B00065BD8545C5FF6DBF797122D4405926D2D1
:1022C0004AD04ECE06D6AA892E89B284630404620F
:1022D0002A211E20638BA7002149B2502254925418
:1022E000F2494A850259456182803C206392076227
:1022F0009387F5FF93F7F70F3147636BF7601797F5
:102300000100130767E2B3C7E7209C43BA978287AF
:102310001C54F9F393053005130500049700FF1FC3
:10232000E780001308D44DD99820914763F4E70063
:102330000D4965B798308547E3ECE7FE13060004C6
:10234000A68597E0FE1FE780606D18547C54A302B9
:1023500004005443D04BFD75858A758ED62B93852A
:10236000F57FF99AD18ED6ABD04B5443758ED62BD0
:10237000098AF59AD18ED6ABD04B5443758ED62BA5
:10238000118AED9AD18ED6ABD04B5443758ED62B95
:10239000218ADD9AD18ED6ABD04B5443758ED62B85
:1023A0001376061093F6F6EFD18ED6ABD04B54438E
:1023B000758ED62B1376062093F6F6DFD18ED6AB2C
:1023C000D04B5443758ED62B1376064093F6F6BF4A
:1023D000D18ED6ABD44B5043F18ED22B93D6B64888
:1023E000AE066D8ED18ED6ABBC2B03250408A18B17
:1023F000EDC73C23A18BF5C3E31005EE9305300533
:10240000130500109700FF1FE78080042320A40815
:1024100005D17C54A30204009830943399E649CB4B
:102420005C3093E707015CB021A0A1475CB06DFB75
:102430002285EFF0AFE76C54BC29858B89CB1C5407
:10244000BC238D8B89C77C2093E717007CA0832752
:10245000040889C77C2093E787007CA05C3005478F
:10246000639EE70A414681451305840097E0FE1FFD
:10247000E7804061814513058401414697E0FE1FD6
:10248000E780406083A741A91305C403C145C1C7C4
:102490009C4FD1C3829703270408C14719C39307F0
:1024A00000050A203CB08145EF509F87014935B5B2
:1024B000B82B118B11E7B820118B19E38547A5B70D
:1024C0009823942095473307F70297970100938745
:1024D00027BFBA97B6979C23B9B719C59700FF1FB6
:1024E000E7806003232004087C54983309C79830A0
:1024F00019C3E1470DBFB82B118B01E7B820118B31
:1025000055DF9823954794203307F70297970100EA
:102510009387C7BC7DBFEF40BFA0B5BF13F787014E
:1025200035C3C18B130584004146B1C3890597E0CB
:10253000FE1FE780A04E814513058401414697E0C8
:10254000FE1FE78020547C201305C403C14593E798
:1025500047007CA083A741A98DC39C4F99CF829748
:102560008327040891CF930720053CB081B78145AC
:1025700097E0FE1FE78000517DBFEF407F9ACDB707
:10258000CD47E5B7094789456386E700114763975B
:10259000E70085450A20EF50AFF821A01947E38AEC
:1025A000E7FE7C2093E747007CA08327040881C7CF
:1025B000930710055DBFC5474DBF4146A68513056E
:1025C000C40497E0FE1FE78060453C3013076005B8
:1025D000639EE70085451755FF1F034515BE97000D
:1025E000FF1FE78080569307500541B74547638436
:1025F000E7029306C4021306C403930584002285F0
:10260000EFD01FE82285EFF04FCD3339A0000E093F
:10261000D1473CB0D9B1C94789BF9309C4054E859C
:102620004146A68597E0FE1FE780403F032504084A
:1026300079C13830930690056318D7002285EFF0F2
:10264000EFCC9307E00515B79306A0056318D706EE
:10265000783003A641A993563700A29694266309C1
:10266000062A032886006305082A1D8BB3D6E64098
:10267000858A0A8793E60608930505084E861305A2
:102680000504029841468A851305C40497E0FE1F9D
:10269000E780604A133915002285EFF02FC77C30A0
:1026A000CD460A09850793F7F70F7CB0130760053D
:1026B00063F4F6001307E00538B005B19306C005D2
:1026C000E316D7DE03A741A9630407240328870084
:1026D0006300082493050508930484000A87814653
:1026E00026862E8502980A200A86A685EF502FECB2
:1026F0009307B0059DBD8A864E869305840022858A
:10270000EFD01FD841469305C4040A8597E0FE1F09
:10271000E78060428547E312F5BC2285EFF00FBFEA
:1027200093071002E30305E445BE383093077002B7
:102730006310F71E7C5889EB9305300571459700AF
:10274000FF1FE780E0D068D868586303051CA685A2
:10275000414697E0FE1FE780602C64582285EFD049
:102760007FDDA8AC9307800209B53830930780025B
:102770006310F71A1E2268582146938524001EA96B
:10278000490597E0FE1FE78060297C54DE2B13F794
:10279000072035C718545A23137707202DC39307F2
:1027A0009002E1B33830930790026313F7163C5C54
:1027B00089EB930530055D459700FF1FE78040C911
:1027C00028DC285C630605144146A68597E0FE1FB9
:1027D000E780C0249307A00249BB38309307A002CA
:1027E0006318F7121C22285C1946938514007CA9F3
:1027F000410597E0FE1FE78060227C54DE2B93F7B3
:102800000740A1C71C54DE2393F707409DCF9307D1
:10281000B002A1BB38309307B002631BF70E7C5C9B
:1028200089EB9305300551459700FF1FE78040C2B3
:1028300068DC685CE30205AA4146A68597E0FE1FB6
:10284000E780C01D7C5C7D5798CB03D5290081456E
:10285000EFD0DF91A1B938309307F004E3FEE7A68B
:1028600003250408E30A05A613060004A68513053C
:10287000050497E0FE1FE780601A2285EFF02FAC79
:102880002A892285EFD05FBC3C3013070005639F87
:10289000E70003D6E90085451755FF1F0345F5916D
:1028A0000606EF30EFE793073005A5B313071005D1
:1028B0006395E70093076005A9BB13072005E39E16
:1028C000E7A09307C005B1B338309307E005E315DF
:1028D000F7A0032504084146A68597E0FE1FE78080
:1028E000E0132285EFF06FAB2A899307100215B32E
:1028F0000C22B9BF8547E39BF5BA032846003C325A
:10290000382214322E2110220145EF405FBC79BEDF
:102910001D49E1B28147C1463307F500B388F50090
:10292000182383C808003308F600850733471701CA
:102930002300E800E392D7FE82803D4781477D581F
:102940003306E5001422B388E5007D178606D58F8F
:102950002380F8001C229D83E31407FF8280014737
:10296000C1469377F70F63FDC700B307E5009C23CB
:102970003388E5002300F8000507E314D7FE8280C2
:10298000918F93B717009E07E5B701114AC84EC64D
:102990002E89AA8993053005414506CE22CC26CA48
:1029A00052C4328A9700FF1FE78080AA2A849305C9
:1029B000300541459700FF1FE78080A9AA845DC0CC
:1029C00059C14146814597E0FE1FE780A00B4E8527
:1029D0002286A685EFD04023AA8929E18307040037
:1029E00063D90704A6852285EFF03FF54A869785CF
:1029F00001009385A5762685EFF0DFF183070900B6
:102A000063DE0702A6854A85EFF03FF3528697857D
:102A100001009385A5742685EFF0DFEF22859700EE
:102A2000FF1FE78040AF26859700FF1FE780A0AE1D
:102A30000DA0CA852285EFF05FF0C9B7D2854A851F
:102A4000EFF0BFEFE1BF22859700FF1FE780A0AC4A
:102A5000CD49F2406244D2444249224A4E85B249AD
:102A60000561828075D5CD497DBF81474146B3065A
:102A7000F5003387F500182303C8060085073347A0
:102A8000070198A2E395C7FE8280011126CA4EC6AF
:102A9000AE84AA8993053005130500034AC806CE03
:102AA00022CC32899700FF1FE780809A2DC513063C
:102AB000000381452A8497E0FE1FE780A0FC414681
:102AC000CE85228597E0FE1FE780A00BA6850D46E8
:102AD0001305D40197E0FE1FE780A00A1306040245
:102AE000930504012285EFD02012AA840D46930598
:102AF000D4024A8597E0FE1FE780A0082285970050
:102B0000FF1FE78040A1F24062444249B249268556
:102B1000D24405618280CD44FDB75D7152DC62D440
:102B20002E8A2A8C9305300513050003A6C2CAC05D
:102B30004EDE56DA5AD85ED686C6A2C4B28B368B23
:102B4000BA84BE8A4289C6899700FF1FE7804090F9
:102B5000630405101306000381452A8497E0FE1FD5
:102B6000E78040F24146E285228597E0FE1FE7803C
:102B70004001414681450A8597E0FE1FE78080F0CD
:102B80001D46DE850A8597E0FE1FE78080FF1D4613
:102B9000DA851305710097E0FE1FE78080FE333968
:102BA0002001B334900041468145080823072101E4
:102BB000C48797E0FE1FE780E0EC1946D6854808F9
:102BC00097E0FE1FE780E0FBCE8519461305A101C3
:102BD00097E0FE1FE780E0FA130904014146D28521
:102BE0004A8597E0FE1FE780C0F98A854A85EFF0A5
:102BF000DFE7930904024E86CA852285EFD0C00024
:102C0000AA840DE94146CE854A8597E0FE1FE780FC
:102C1000E0E00C084A85EFF05FE54E86CA85228524
:102C2000EFC0907EAA8446454146CE8597E0FE1FC0
:102C3000E78020F522859700FF1FE780C08DB64012
:102C400026440649F259625AD25A425BB25B225C70
:102C50002685964461618280CD44D5B701114EC668
:102C600052C4AE892A8A930530051305000326CA8B
:102C70004AC806CE22CCB284368997F0FE1FE78080
:102C8000207D35C52A84D285414697E0FE1FE78026
:102C900040EF130A0401CE852146528597E0FE1FBE
:102CA000E78020EEA68521461305840197E0FE1FEC
:102CB000E78020ED930904024E86D2852285EFC07D
:102CC000B074AA844146CE854A8597E0FE1FE7800E
:102CD00040EB22859700FF1FE780E083F2406244CB
:102CE0004249B249224A2685D24405618280CD44B8
:102CF000F5B739715ECE62CCAA8B2E8C4145930517
:102D0000300506DE4ED652D45AD066CA6AC8B28999
:102D1000B68C3A8D22DC26DA4AD856D297F0FE1FBE
:102D2000E78000732A8A93053005414597F0FE1F1E
:102D3000E78000722A8B63040A1415E5528597F028
:102D4000FE1FE780407D4D44F25022856254D254EC
:102D50004259B259225A925A025BF24B624CD24CFF
:102D6000424D216182802A86D2855E85EFF0FFC1C7
:102D70002A8401CD528597F0FE1FE780C0795A85DD
:102D800097F0FE1FE7802079C1B7930530054145D4
:102D900097F0FE1FE780C06BAA849305300541457C
:102DA00097F0FE1FE780C06AAA8AF9C409ED26855C
:102DB00097F0FE1FE7802076528597F0FE1FE78090
:102DC00080754D446DBF1389F9001359494013F6BE
:102DD000F900630509047D193349090829E213152F
:102DE00049005686D2856295EFF0DFB241468145B3
:102DF000268597E0FE1FE780E0C88149B3C7090830
:102E000063F827051DC4268597F0FE1FE780A07094
:102E1000568597F0FE1FE7800070A9BF0149131582
:102E200049008A856295EFF09FB35686DA850A8558
:102E300065BF939549000A86E2952685EFF09FAD20
:102E400026868A855E85EFC0305C2A8485097DB739
:102E50005DF80A86D6852685EFF0DFAB26868A8563
:102E60005E85EFC0705A2A846A86A685668597E0DB
:102E7000FE1FE780A0BA41BF21D14D4451BFE304FA
:102E800005EC81B739715ECEAA8B594526DA4AD84E
:102E90004ED652D456D25AD062CC06DE22DC034C37
:102EA00001042E8BB28A368A3AC6BE894289C6840C
:102EB00097E0FE1FE78060A725CD9167938717E90C
:102EC0001EA185473CA12A84B2452105638A0B04D3
:102ED000930710033CB01946814597E0FE1FE78039
:102EE00060BA23035401A3034401230A840123127B
:102EF0006401231734012318240126A8A2856254F3
:102F0000F250D2544259B259225A925A025BF24BB1
:102F1000624C1745FF1F0345252A21616F209FDE64
:102F2000A3010400194697E0FE1FE78020AF55BFBC
:102F3000F2506254D2544259B259225A925A025B08
:102F4000F24B624C2161828001115AC02A8B130519
:102F5000100326CA4AC84EC652C456C206CE22CC58
:102F6000AE8A328AB684BA893E8997E0FE1FE7802E
:102F7000C09B25C1B7470201938717E91CC193077E
:102F800085002A8423046501A30455015CC1D28510
:102F90001946290597E0FE1FE78040A8CE8504A8C2
:102FA00013051401268697E0FE1FE78020A723085B
:102FB0002403A2856244F240D2444249B249224AE3
:102FC000924A024B1745FF1F0345051F05616F20FD
:102FD0007FD3F2406244D2444249B249224A924AE3
:102FE000024B05618280011152C42A8A314522CCEC
:102FF00026CA4AC84EC606CEAE893289B6843A84FD
:1030000097E0FE1FE78060920DCD9167938717E9E7
:103010001EA18D473CA1A301450122A562442312B4
:1030200035012313250106A5F240D2444249B24995
:10303000224AAA851745FF1F0345051805616F2021
:103040007FCCF2406244D2444249B249224A0561EF
:10305000828001114EC6AA89394526CA4AC806CEC1
:1030600022CC2E89B28497E0FE1FE780008C21C11C
:103070009167938727E91EA19147A3013501231288
:1030800025012A843CA1A6851905214697E0FE1F4B
:10309000E780C098A2856244F240D2444249B249D6
:1030A0001745FF1F0345451105616F20BFC5F2405D
:1030B0006244D2444249B2490561828001114AC842
:1030C0002A89414526CA06CE22CC2EC6B28497E074
:1030D000FE1FE780808515CD9167B245938727E96C
:1030E0001EA195472A84231225013CA121461905DA
:1030F00097E0FE1FE7808092A28566A46244F240BA
:10310000D24442491745FF1F0345350B05616F2027
:103110007FBFF2406244D24442490561828001117E
:1031200052C42A8A394522CC26CA4AC84EC606CE7F
:10313000AE893289B6843A8497D0FE1FE780E07E5C
:103140000DCD9167938717E91EA199473CA142A530
:10315000624423124501231335012314250126A5BA
:10316000F240D2444249B249224AAA851745FF1F7C
:103170000345850405616F20FFB8F2406244D244E4
:103180004249B249224A05618280797122D426D20D
:103190004AD04ECE52CC06D62A842E8AB28936899F
:1031A000BA849700FF1FE780C0AF11CD1306F00F60
:1031B0002C002285231441012315310123162101FE
:1031C0006487EFC03F87B250225492540259F249AB
:1031D000624A45618280011152C42A8A394522CC53
:1031E00026CA4AC84EC606CEAE893289B6843A840B
:1031F00097D0FE1FE78060730DCD9167938717E925
:103200001EA19D473CA142A5624423124501231300
:1032100035012314250126A5F240D2444249B24982
:10322000224AAA851745FF1F034505F905616F204E
:103230007FADF2406244D2444249B249224A05611C
:1032400082805D715AD82A8B13054002A2C4A6C29F
:10325000CAC04EDE56DA62D466D26AD06ECE86C658
:1032600052DC5ED6835D0105035D4105834C81051B
:10327000034CC105835A0106AE893289B6843AC42B
:103280003EC042C2468497D0FE1FE780006A69C9EB
:1032900011672A8A130717E91AA193074A0113072E
:1032A000900238A13EC6A2452105930BEA006302B5
:1032B0000B0813071003A301EA001946814597D0B4
:1032C000FE1FE780207C194681455E8597D0FE1F52
:1032D000E780407B1946814513054A0197D0FE1FC0
:1032E000E780407A23032A01A3039A0023009A036C
:1032F000A3008A03231D8A00264423123A01231EB9
:10330000BA01231FAA0123115A03B6409644064965
:10331000F259D25A425BB25B225C925C025DF24D82
:10332000D285625A1745FF1F034505E961616F2089
:103330007F9DA3010A00194697D0FE1FE780006E0B
:1033400082455E85194697D0FE1FE780206D924525
:10335000194613054A0197D0FE1FE780206C59B724
:10336000B640264496440649F259625AD25A425B04
:10337000B25B225C925C025DF24D61618280797188
:103380004ECEAA89614552CC56CA5AC85EC662C49E
:1033900006D622D426D24AD02E8AB28A368BBA8B4F
:1033A0003E8C97D0FE1FE780405835CDB7470B01C4
:1033B000938717E91CC1930785002A845CC1930495
:1033C000A50001493C306364F902A2852254B25041
:1033D00092540259F249624AD24A424BB24B224CB1
:1033E0001745FF1F034545DD45616F20BF912685C9
:1033F000238F34FFA38F44FF1946D68597D0FE1F35
:10340000E780C06113857400238364011946DE855B
:10341000050997D0FE1FE78060601379F90FA38636
:103420008401C10445B7B250225492540259F24962
:10343000624AD24A424BB24B224C45618280011112
:103440004EC6AA89214522CC26CA4AC806CE2E8954
:10345000B284368497D0FE1FE780204D15C991674E
:10346000938717E91EA1B1473CA1A301350164A1CF
:1034700060B1624423122501F240D2444249B2496C
:10348000AA851745FF1F034525D305616F209F8738
:10349000F2406244D2444249B249056182805D7182
:1034A000A6C28344C10552DC3E8A86575ED6AA8BEB
:1034B00013854402CAC04EDE56DA5AD862D466D2A8
:1034C0006AD06ECE86C6A2C4035D0105834C410559
:1034D000664C2EC6B28D368BBA8AC28946893EC4E6
:1034E00097D0FE1FE780604451C9B245B7470D0130
:1034F000938717E91CC1930785002A845CC12304C4
:1035000075010CB51946EE85290597D0FE1FE78099
:10351000E050E28523086401A30854012309440113
:10352000A3093401230A2401231BA401230C9401C1
:1035300013059401194697D0FE1FE780204EA2453F
:103540001305440264BC08D0268697D0FE1FE7808E
:10355000E04CA2852644B64096440649F259625A88
:10356000D25A425BB25B225C925C025DF24D17451F
:10357000FF1F034565C461616F20CFF8B640264444
:1035800096440649F259625AD25A425BB25B225CB7
:10359000925C025DF24D61618280411126C2AA8473
:1035A000614506C622C497D0FE1FE78000383DC99A
:1035B0009167938717E91EA1930740023CA19C30B5
:1035C0002A84938564003CB1BC30B8202105A20751
:1035D000D98F231EF5FEDC201946230FF5FEDC30C3
:1035E000A30FF5FE97D0FE1FE7804043DC24A285A1
:1035F0001745FF1F034545BC7CA4FC24D834A20713
:10360000D98F1EA8FC343CA89C283CB89C385CA8E8
:10361000BC285CB8BC387CA82244B240924441012A
:103620006F204FEEB240224492444101828041110A
:1036300022C42A84194506C697D0FE1FE780E02ED3
:1036400015C19167938717E91EA1C1473CA142A10B
:103650002244B240AA851745FF1F0345E5B5410145
:103660006F204FEAB24022444101828041110D4552
:1036700006C697D0FE1FE780402B15C1930710F9AF
:103680001CA19307E0031CB1C5473CA1B240AA8529
:103690001745FF1F034545B241016F20AFE6B24019
:1036A0004101828001114EC6AA89294522CC26CA31
:1036B0004AC806CE2E89B284368497D0FE1FE78092
:1036C000C02615C99167938717E91EA1C9473CA178
:1036D000A30135012302250100A5624466A1F24041
:1036E000D2444249B249AA851745FF1F0345C5ACDC
:1036F00005616F202FE1F2406244D2444249B24951
:103700000561828001114EC6AA892D4526CA4AC884
:1037100006CE22CC2E89B28497D0FE1FE780E0200F
:1037200031C1930710F91CA19307E0031CB1CD47E9
:10373000A3013501230225012A843CA1A685150594
:10374000194697D0FE1FE780602DA2856244F240A3
:10375000D2444249B2491745FF1F0345E5A505611B
:103760006F204FDAF2406244D2444249B2490561C7
:103770008280411126C2AA84214522C406C62E8415
:1037800097D0FE1FE780601A05C59167938717E9F8
:103790001EA1D1473CA160A1224446A1B24092445F
:1037A000AA851745FF1F034525A141016F208FD52D
:1037B000B2402244924441018280411126C2AA842F
:1037C000714506C622C497D0FE1FE780001659C176
:1037D0009167938717E91EA1930760023CA19C3073
:1037E0002A849385A4003CB1BC30B8203105A207DF
:1037F000D98F231CF5FEDC30D8201946A207D98FBB
:10380000231DF5FEFC30F820A207D98F231EF5FEFC
:103810009C24230FF5FE9C34A30FF5FE97D0FE1FCA
:10382000E780C01F9C28A2851745FF1F0345C59848
:103830003CA8BC289838A207D98F5EA8BC38A30B37
:103840000400230C04007CA82244B24092444101AD
:103850006F204FCBB24022449244410182804111FB
:1038600026C206C622C49744FF1F9384E494F8300E
:103870009307F00F630FF7022A84194597D0FE1FB4
:10388000E780A00AAA8515C5930700FD1CA1930730
:103890007002A30005003CA11C303CB13C205CA19F
:1038A0003C305CB12244E830B240924441016F2088
:1038B0006FC5B24022449244410182809747FF1F66
:1038C00083C7F78F1307F00FAA856396E70017F3F6
:1038D000FE1F670043C41307000D1AA113078002DF
:1038E00038A13E856F200FC2411126C2AA847145BE
:1038F00006C622C497D0FE1FE780200359C59167F2
:10390000938717E91EA1930760023CA19C302A848B
:103910009385A4003CB1BC30B8203105A207D98FF3
:10392000231CF5FEDC30D8201946A207D98F231DB1
:10393000F5FEFC30F820A207D98F231EF5FE9C244B
:10394000230FF5FE9C34A30FF5FE97D0FE1FE780F2
:10395000E00C9C28A2851745FF1F0345E5853CA880
:10396000BC289838A207D98F5EA8BC387CA8DC2870
:103970007CB8DC381CACFC281CBCFC383CAC2244B9
:10398000B240924441016F20EFB7B24022449244CA
:103990004101828041114AC02A89214522C426C2A0
:1039A00006C6AE84328497D0FE1FE78000F805C5B6
:1039B000930710591EA12301250160A1224446A1AD
:1039C000B24092440249AA851735FF1F0345C57EC0
:1039D00041016F202FB3B240224492440249410179
:1039E0008280411126C2AA84214522C44AC006C64B
:1039F0002E89328497D0FE1FE78020F31DC5916782
:103A0000938727E91EA1A1473CA164A160B122448C
:103A100023122501B24092440249AA851735FF1F9F
:103A20000345B57941016F20EFADB2402244924485
:103A3000024941018280011152C42A8A314522CCB7
:103A400026CA4AC84EC606CEAE893289B6843A84A2
:103A500097D0FE1FE78060ED1DC98567938717C962
:103A60001EA1230145012303250122A5624423123F
:103A7000350106A5F240D2444249B249224AAA85FC
:103A80001735FF1F0345457305616F20AFA7F2404F
:103A90006244D2444249B249224A056182800111FE
:103AA0004AC82A891385C50026CA06CE22CCAE8410
:103AB00032C697D0FE1FE78040E70DCD8567B2453F
:103AC000938717E924A1231225012A841EA1310519
:103AD00008C4268697D0FE1FE78040F4A285624482
:103AE000F240D24442491735FF1F0345E56C05619A
:103AF0006F204FA1F2406244D24442490561828066
:103B0000411126C2AA84194522C406C62E8497D024
:103B1000FE1FE78080E105C58567938717F91EA121
:103B2000854724A13CB142A12244B2409244AA85D7
:103B30001735FF1F0345456841016F20AF9CB24018
:103B40002244924441018280411122C42A840D45BD
:103B500006C697D0FE1FE78040DD0DC1930710F920
:103B60001CA1E9471CB120A12244B240AA85173507
:103B7000FF1F0345656441016F20CF98B240224486
:103B800041018280411122C42A84214526C206C6F1
:103B9000AE8497D0FE1FE78040D90DC5916793870B
:103BA00027E91EA1930700033CA160A1224446A17E
:103BB000B2409244AA851735FF1F034515604101A5
:103BC0006F204F94B24022449244410182804111BF
:103BD000214522C426C206C6AE84328497D0FE1F79
:103BE000E780A0D415C18567938707391EA1854753
:103BF0003CA162A1224446A1B2409244AA8503C5D9
:103C000061A241016F200F90B240224492444101D1
:103C10008280011122CC26CA4EC652C456C25AC056
:103C20001304F5FF06CE4AC8094BAA89AE84328A2E
:103C3000B68A3344040863946513138B31A2834717
:103C40000B00C9CB03C916009C2222093369F90075
:103C50009737FF1F83D7C725F517635BF91C9307B9
:103C6000C6FF6314F908314597D0FE1FE780E0CB0B
:103C70002A8439CD23134501930700F9150AA1655C
:103C80001EA12311350144A18505528597E0FE1F31
:103C9000E780007C08C405C983470B009385EAFFD1
:103CA00013562A00FD172300FB0097D0FE1FE78064
:103CB000A0D91C44A28503C561A289071CC4EF20BA
:103CC0006F84814401A8228597F0FE1FE780A084BD
:103CD0009304F00FF24062444249B249224A924AA8
:103CE000024B2685D244056182809307D6FFE341CB
:103CF000F9FEB1473304F402938401A19C40A297DA
:103D0000B82719C7884309C597F0FE1FE780A08030
:103D1000A16513054900850583A9040033450508FD
:103D200097E0FE1FE780C0729C40A29923A0A900E3
:103D3000A297884351DD0547B8A783470B005286F9
:103D4000D685FD172300FB0097D0FE1FE78000CD2E
:103D50009C40A29723934701239227019DB7854753
:103D6000E398F5F6B1473304F402138901A18327E0
:103D70000900A297FA23884351CBDE23B306C7007C
:103D8000910763C5D7083A95D68597D0FE1FE7807F
:103D9000E0C883270900A297FA233306EA003346D6
:103DA0000608F2A3DE239107E31DF6F0314597D014
:103DB000FE1FE78080B7AA851DC9930700F91EA1E1
:103DC000832709002302650123113501A297FA23F5
:103DD0009C437AA11CC503C561A2EF10BFF28327E3
:103DE0000900A2972393070023850700D9BD8327E5
:103DF0000900A297884365D597E0FE1FE780A07170
:103E000083270900A29723A00700D1BF11C997E01B
:103E1000FE1FE780407083270900A29723A00700B8
:103E200083270900A29723930700238507005DB528
:103E300091444DB56FC0707A6FC0B07B6FD0802257
:103E40006FD060466FC0107E411106C6EFC0B07AD9
:103E5000B2400145410182806FC0507F6FD0200188
:103E60006FD0E0036FD0C0056FD080076FD04009DE
:103E70006FD0000B6FD0C00C6FD0800E6FD02010B1
:103E80001C321822A20733E6E7006FD060116FD012
:103E9000A0126FD000156FD060176FD0E0196FD0EF
:103EA000201F6FD000216FD0E0226FD0C0246FD0D0
:103EB000A0266FD08028411122C60344C10226C427
:103EC0008344010303430101030E4101834E810139
:103ED000034FC101834F01028342410283438102A8
:103EE00022D6324426D8A2441ED416D27ED07ACE10
:103EF00076CC72CA1AC841016FD0E03F6FD0E0257E
:103F00006FD0C0276FD0A0296FD0802B6FD0402EEC
:103F10006FD020306FD000326FD0E0336FD0C0351B
:103F20006FD020396FD0003B6FF0602C85672A87F7
:103F30001388A7C7691533450508636EA80213885F
:103F400007C80145636AB80263E8E5021307301F3A
:103F50006364C702138766FF938767C73347070801
:103F600063ECE700050633460608B305B6028E0685
:103F700033A5D5008280014582801738FF1F1308C2
:103F800068240345180003A7C1A783A6C1A513751C
:103F9000F507D1C5904283274800137606F8498E6D
:103FA00090C213F6150001CA93F5050341466385D7
:103FB000C506938787C14165130505A0B3D5A70240
:103FC0005057B70810FEFD181366260050D77043EF
:103FD00033761601B3F7A702FD89D2054D8E70C363
:103FE0001306A00FB705FCFFAA07B3D7C70270439B
:103FF0006D8EBA07B983D18F7CC383470800898B44
:1040000099CB98429C421377F7071367070493F7FD
:1040100007F8D98F9CC282809387078369BF5C575A
:10402000F59B5CD79C4293F707F8C98F9CC2F1B708
:10403000411106C69737FF1F238D071A9700FF1FF0
:10404000E78060D0B2400145410182807971B7E7D5
:1040500000E026D284433707200006D622D44AD077
:104060004ECE52CC56CA5AC85EC662C466C26AC038
:10407000F98C23A0E7180F1000001734FF1F13045A
:104080006414184415E323A097100545B250225438
:1040900092540259F249624AD24A424BB24B224CE4
:1040A000924C024D456182801737FF1F032707207E
:1040B00009C723A097100945D1BF1C20328BB68AAF
:1040C000858BADC31739FF1F1309C9118327490019
:1040D0002A8AAE8999EB483C93059004090597E03C
:1040E000FE1FE780E0362322A9008327490099E7D5
:1040F000B7E700E023A097100D4549BF034729000B
:1041000098A383274900630D0A04638B0904A380E5
:104110003701032549004E86D285090597D0FE1F39
:10412000E780C08F9739FF1F9389493103A7C901E1
:104130009547630AF70083C7090219476385E700BB
:104140000D476392E70283C7190289E7930780103E
:104150002390F902B7E700E023A0971001453DB78F
:10416000A3800700C1B7138AC1A683270A0098431A
:104170000D8B1DC323880194B84B1377F78FB8CBF1
:1041800098431367870098C39C4393D7374889C7E0
:104190000100010001000100832C0A00B7070200A2
:1041A000834B040023A20C0623A4FC009737FF1FB7
:1041B00023AE07289737FF1F83C78703918B1739D3
:1041C000FF1F1309290289E793F70B04639A07106D
:1041D00008308145EFF07FDA138DC1A503270D006C
:1041E000138CC1A7B70633001C4313D54B400146BF
:1041F00093F7F7CF1CC31C430D8993F7F7CF93E7D1
:1042000007201CC303270C001C47D58F1CC74C2C50
:10421000B70703009387871523A8FC0497E0FE1FC8
:10422000E780601683270D001844142098C758446F
:10423000858AD8C303270A005C43F99BD58F5CC3EA
:10424000832749003CDF03270C005C4393F7F7EF1B
:104250005CC30100010003270C005C4393E70710D7
:104260005CC38347E900A30169012301590193E776
:1042700047002307F9009307000423A0F9009737AC
:10428000FF1F23A5071CA14723AEF9009737FF1F87
:1042900083A787C381CB0345090113060064C14589
:1042A000EF101FC883270A00170500001305852992
:1042B000DC43858B89E7170500001305650397D05C
:1042C000FE1FE780C0BD9737FF1F23A3071897374E
:1042D000FF1F23A7071683270A00054798C39DBD24
:1042E00093F50B03484093E51500EDB5797122D4A1
:1042F0001734FF1F130484145C4006D626D24AD01C
:104300004ECE858B6387071E9737FF1F23AA0712A0
:104310008329C403A3070100EFF09FD19737FF1F44
:1043200083C707ED918B9734FF1F9384A4EB173954
:10433000FF1F130929E96384071683C71900CE9765
:104340009823930700086318F7008347090093E751
:1043500087002300F9005C580D476377F70EF117CB
:104360005CD85C58984463E7E70E3387E74083C71F
:104370001900D424CE979C33939646608E0763DA57
:10438000060E63FFE70C1D8F9306000263E8E6004C
:104390005858636AF70CB307F7409CC488288945CE
:1043A00097E0FE1FE780607A8345090093F7850058
:1043B000F5C383A6C1A69307800CFCD21C5C13072F
:1043C000F00F3706330098C39737FF1F23AC07065B
:1043D0009737FF1F23AA07069737FF1F23A8070653
:1043E0009737FF1F23A6070603A7C1A51C43918586
:1043F0008D8993F7F7CF1CC31C43014593F7F7CF83
:1044000093E707201CC303A7C1A71C47D18F1CC774
:10441000B707030093878725BCCA054697E0FE1FB0
:10442000E78000DD83470900B420B030DD9B814583
:1044300001452300F900EFF07FC1B250225492549D
:104440000259F249456182801737FF1F0327C7AA27
:10445000BA9731B79736FF1F83A606AAB69731B72A
:104460003387E74015B79736FF1F83A6E6A8369730
:104470001DB75858636AF700B307F7409CC4DC24A3
:1044800093E70708DCA419BF9736FF1F83A6C6A6CB
:104490003697DDB783C71900F917A380F900485C88
:1044A00001469305F10097E0FE1FE780E0BF5C5CEA
:1044B0009306F00F98236303D702BC306380D702C2
:1044C000630EF700936525009395456083270901E6
:1044D000505C93F5F50F0D45829785B7830709006A
:1044E00093154560E3C407FEF5F19C872380F9002E
:1044F000F1BF83A7C1A6FC5385EFEFF07FB39737D9
:10450000FF1F83A7E79C89C785451305100882977D
:1045100022549737FF1F9387E7CCB2509254025929
:10452000F249B423B0338145014545616FF01FB2B4
:10453000584CA147E313F7F085472388F194F5BD64
:10454000797126D29734FF1F938444EF9C4006D69E
:1045500022D44AD04ECE52CC858B6383072083A9C8
:10456000C40301469305F1004E85A3070100973768
:10457000FF1F23A507EC97E0FE1FE780E0B217348A
:10458000FF1F130424C61739FF1F1309A9C3131AE9
:104590004560631F0A123C309306F00F6389D70011
:1045A000D85C18236305D700094A6313F712830701
:1045B000090063C507009C872380F9005C24918B68
:1045C000ADCFDC580D476373F714F117DCD8DC5816
:1045D000184463E3E7143387E74083C71900542482
:1045E000CE979C33939646608E0763D6061463FB82
:1045F000E7121D8F9306000263E8E600D858636651
:10460000F712B307F7401CC40828894597E0FE1F3E
:10461000E780A05383C719003387F90014231307D9
:104620000008639BE6129C5C1307F00F98C3834756
:10463000090093E787002300F90003A7C1A75C578F
:1046400093D71748A1C383274900C165938505A067
:1046500033D6B7027443370510FE7D15E98EB3F7E4
:10466000B7027D8A5206D18E74C39306A00F370617
:10467000FCFFAA07B3D7D7027443F18EBA07B983F8
:10468000D58F7CC35C40034509008C3311850D89AF
:1046900097E0FE1FE78020AB1705000013052512E9
:1046A00097C0FE1FE780A07F83A7C1A5984313177B
:1046B000772998C3D857719BD8D783470900A18B16
:1046C0009DEB83270901D05C81450D45829725A08C
:1046D00097F0FE1FE7802067D05C832709010D4516
:1046E0009375FA0F829748403420303009CD0C3151
:1046F0000905EFF0BF95B250225492540259F24985
:10470000624A4561828081450145E5B71727FF1F51
:104710000327877EBA9755BD9726FF1F83A6C67DC0
:10472000B69755BD3387E740F1B59726FF1F83A69F
:10473000A67C3697F9B5D858636AF700B307F740F7
:104740001CC45C2493E707085CA47DBD9726FF1F6B
:1047500083A6867A3697DDB7F917A380F900F1BDF5
:1047600083A7C1A6FC53B1E3EFF09F8C9727FF1FEF
:1047700083A7077689C7894513051008829797375D
:10478000FF1F938727A6C843B033B42301CD0C3154
:1047900009052254B25092540259F249624A4561C5
:1047A0006FF0DF8A81450145EDB7D84CA147E3148E
:1047B000F7F485472388F1943DBF41119737FF1FD8
:1047C00083A707C806C622C4858B95C79737FF1FE6
:1047D00023A807C61734FF1F1304C49EEFF05F859C
:1047E0001C20A18B8DEF1C480146814511452244B8
:1047F000B2404101828783A7C1A6FC53B9E797372E
:10480000FF1F23A507C41734FF1F1304A49B1C20FC
:10481000A18B91E71C48014681455145C9BF973797
:10482000FF1F9387279CC843B033B42301CD0C31BD
:104830000905EFF0BF811C20DD9B1CA0B240224483
:104840004101828081450145EDB785472388F19478
:10485000F5B7814717760100130646919306F00FCE
:104860003307F60018236364E5006313D7008280E2
:1048700003D80500636407019AA18280850793F736
:10488000F70FF9BF411122C406C626C22E849397A2
:10489000556063DA070297C0FE1FE780200FAA84E5
:1048A00001CD1C21054793C707086364F700EF702B
:1048B00030002685EF10EFBF1315F468B240224494
:1048C00092444101828093F7850099CB9737FF1F6F
:1048D00083A7479BBC5B91C3829713458400F9BFB4
:1048E00093F7450099CB9737FF1F83A7A799FC57EC
:1048F00091C3829713454400D1B793F7050281CF46
:104900009737FF1F83A7479983A7070991C382970A
:104910001345040265B793F7050181CF9737FF1F51
:1049200083A7879783A7C70891C38297134504017C
:1049300071B709656D8D59D19737FF1F9387078D23
:10494000F433F023CC33C823EFC0B0291315D46857
:10495000B5B7411122C48145130600122A841735C8
:10496000FF1F1305A58A06C626C223A201A497C06D
:10497000FE1FE78020110145EF10D00F0145EF1019
:1049800010179727FF1FA38A874EB707D70717343B
:10499000FF1F1304A487B5075CC8B7C70D0D938725
:1049A00007141CCCB7C7D707938707145CCCF177E3
:1049B000938707141EB08147232EF40C9737FF1FEF
:1049C0009387C78CB4477D47232CE40C37772D079A
:1049D0001307F71FD98EF84709661306E6B9518FFA
:1049E0009724FF1F9384C44BB4C7F8C7B4CBF8CB4C
:1049F000FC24A30C0402A30CF40AA300F40CF97722
:104A0000FD17231FF40E2310F410FD472301F410AB
:104A1000930730303EBC5EBCEF103FC29307C01C12
:104A2000231BF406DE206D461307B00FA983A300F5
:104A3000F4089E2828B023220404B3D7E70A3EB422
:104A40007EB49386E700B3F7C70AB3C606083EB044
:104A50008E069307801433C706085AB41AB8337702
:104A6000F70A8547A30FF402B70703009387C71C13
:104A70003CC0B7170706938707443CC4B707160026
:104A8000938707905AB076B01AB45CD8EFB0701B19
:104A9000EF306053EFA0B07E2244B2409244410117
:104AA0006F70B02D411126C206C622C44AC0972499
:104AB000FF1F9384A47503C7E40383C7F403636AE9
:104AC000F7000144B2402285224492440249410148
:104AD00082802A89930510241305000C97E0FE1F9D
:104AE000E78000972A8471DD1306000C814597C08A
:104AF000FE1FE78020F963140900C1571CA4FC4C79
:104B0000A1EBA0CCE0CCA0D0232004008547238FCC
:104B1000F40285471CB4930700F93CB49737FF1F94
:104B20009387C791985FDC5F1725FF1F0345853882
:104B300078C43CC8FD577CA8A30EF40683C7A40420
:104B40002304A406230AF40AEFB0002848B89DBF46
:104B5000BC5080C3A0D02320040083C7E403850792
:104B600093F7F70F6DB7011122CC06CE9727FF1FE1
:104B700083C7D7692A8485EB18288547631BF70C00
:104B80008347D40303475404858B6312F70C1946FB
:104B9000930564041305E40397C0FE1FE780A0F9A2
:104BA0003335A00099A883475504D9CB8347B50472
:104BB0001307000493F7070C6394E708085931C101
:104BC000930564041305A5022EC697D0FE1FE78047
:104BD00060048547B2456316F502085889472302E9
:104BE000F4043C31194693E72700A302F40451056D
:104BF00097C0FE1FE78080E20545F24062440561F0
:104C00008280142805478347C403638BE602034769
:104C10000406118BD98F8DE71305440497D0FE1F2E
:104C2000E780C00B08D809CD89472302F4043C3142
:104C300019469305640493E72700A302F40445BFD3
:104C40008347C403898B8DDB1C589C3395F7014542
:104C50006DB783470406918B85F75C3413F7170013
:104C600011CF34380D47639BE60068402C44624402
:104C7000F240056117D3FE1F6700E316898BADDF95
:104C800038389547E31AF7F6CDB701119727FF1F7C
:104C900083A7477B22CC06CE26CA858B1724FF1F0D
:104CA0000324045DBDC79727FF1F23AD07789384B6
:104CB00041A89C409DC7DC438DC789475C828347E0
:104CC0005404130561001946DC825C2893056404D2
:104CD0005C8697C0FE1FE78060D49C404800DC43A0
:104CE000829783477406858B81CB834554040824BF
:104CF00013066404EFE0606A83477406898B91CBE6
:104D000022856244F240D244056117E3FE1F67002A
:104D1000230022856244F240D244056117E3FE1F5E
:104D2000670003FB41114AC01729FF1F1309094EF1
:104D30008327090B06C622C426C281EB0545B24073
:104D400022449244024941018280AA8497F0FE1FC6
:104D5000E78060FF8327090B8297EF3020002A84C9
:104D600071DDDC50AC482324F508B8349307A00962
:104D7000631BF70E85472300F51483C7340623030E
:104D8000F514A303F514FC35F8250148A207D98FC3
:104D900098291546F90542075D8F83C735FF13052E
:104DA0008413E207D98F232CF40883C755FF03C768
:104DB00065FFA2074207BA9703C745FFBA97232E9C
:104DC000F40883C775FFA30BF40283C795FF03C7DD
:104DD00085FFA207D98F1EBC83C7B5FF03C7A5FFF8
:104DE000A207D98F3EBC83C7D5FF03C7C5FFA20763
:104DF000D98F5EBC83C7F5FF03C7E5FF232E0413DD
:104E0000A207D98F7EBC8147232CF41297C0FE1FC6
:104E1000E780C0C0B84883473702FD8BA30AF4027D
:104E200003473702ED1793F7F70F15832308E402C2
:104E30002D476365F7023E3C05679306A7C7E91750
:104E4000B3C7070863ECF600563C9307301F63E7CF
:104E5000D7007E3C130707C86375F7020A24EF30BA
:104E6000E00E0145E9BD8327090D1167F98F81DF48
:104E7000FC4498239C21F98F93D757482300F514BD
:104E800019B78327490B228582978327890D0A2426
:104E9000294693F7072091E3054693050008EF7034
:104EA00000388327090D1167F98F99C70A245146E5
:104EB00093050008EF70A03683278905F84BB707E4
:104EC0000008F98FE38C07E68824238C0400494608
:104ED00093050008EF70A03495B5011122CC93051D
:104EE00045012A84284901464EC606CE26CA4AC82C
:104EF00097D0FE1FE780401B894963180520830473
:104F00004401AA8913050004EF20BFBB13154560B7
:104F100063CFA4202C4831479C3193F7F7033CA87A
:104F20006399E7209C210D47BD8B3CB86395E72032
:104F3000130964031946A1054A8597C0FE1FE7803F
:104F400080BF630C051E2C481305640419469C2180
:104F5000890593D76748A302F40497C0FE1FE78032
:104F6000E0AB2285EFF03FC0630B051C64449D4716
:104F70001CA89CA08547BCA0BCB0CA851946138557
:104F8000440097C0FE1FE78060A9BC20B8300149EB
:104F9000990793F7F70F13678700BCA0B8B0784460
:104FA000BA970357C406B8B3BC20784483461406A6
:104FB0003E978357C4069206A183BD8BD58F5CA311
:104FC000B82009071377F70FB8A0762CD1CE834706
:104FD0000406795993F7070491C375593309E940D9
:104FE0001379F90F6372D90883463406751985471A
:104FF0001379F90F6393F61293078042F94693876A
:10500000371AB3C7D7021726FF1F03466627136652
:1050100006019725FF1F2385C526C16503A6C1A6E6
:105020000CC6B386D702860634D2B43093E60601A6
:10503000B4B0744403462406369730B3B4207844A1
:1050400036975CA3B8207C44BA970347340616070A
:10505000D8B3BC208D07BCA05C54CA973CDC7E2C26
:10506000B38727412319F4068347040693F70704FF
:1050700089CFB8307C44B42013670704B8B05838DF
:10508000B697B8B3BC208507BCA0BC206844722C7E
:105090008D074C543E9551C66365C90897C0FE1FE5
:1050A000E780C0970349E401B8209377F7038507A9
:1050B0003E99A3082401B8A083475403858B91E748
:1050C0000347440389476317F70078441C2393E799
:1050D00007041CA37C4418388145170500001305FC
:1050E000E53A98B397C0FE1FE78040DC8347B406DB
:1050F0008345340610380D45DD8D97D0FE1FE780BF
:10510000200F97F0FE1FE78000C4F2406244D244B3
:1051100042494E85B24905618280856793878784BD
:10512000F1BD4A8697C0FE1FE780408FB5BFAD49ED
:10513000E9BF9149D9BF8D49C9BF9549F9B7A5497B
:10514000E9B7011122CC930545012A84284901467B
:1051500026CA06CE4AC84EC652C497D0FE1FE78064
:10516000A0F48944631605142C48130720029144C7
:105170009C3193F7F7033CA8639CE7128421954781
:10518000BD8824B8639FF412130A64031946A1056D
:10519000528597C0FE1FE780009A630B05102C48CC
:1051A0001309640419469C214A85890593D76748E9
:1051B000A302F40497C0FE1FE78040862285EFF02B
:1051C0009F9AA54475C59729FF1F938969D283D7F4
:1051D000C9001307003293870719B3D4E70283A7E6
:1051E0000900829783A68900B30795003E8763E490
:1051F000A70063E4D7003387D7406444A1471CA8C5
:1052000058D09CA08547BCA0BCB01946D285138558
:10521000440097C0FE1FE7806080BC209907BCA0B7
:10522000BC3093E72700BCB08347540491C778444F
:105230001C2393E707F81CA31946CA851385A4000D
:1052400097B0FE1FE780807DBC20990713F7F70316
:10525000050718B8BCA083475403858B91E7034723
:10526000440389476317F70078441C2393E7070436
:105270001CA318387C448145171500001305A5E0D0
:1052800098B39307A0F93CB497C0FE1FE78000C213
:105290008347B4068345340610380D45DD8D97D01D
:1052A000FE1FE780E0F4814497F0FE1FE780A0A98D
:1052B000F24062444249B249224A2685D2440561FD
:1052C00082808D44F5B741114AC01389C1A6832756
:1052D000090022C41307800706C626C2F8D32A8411
:1052E00009452388019497F0FE1FE78060AD83A7EE
:1052F000C1A5D857370500827D15719B136717002C
:10530000D8D783250900D84113671700D8C1830671
:105310008406D85713F6F603698F6606518FD8D7DF
:105320001307A0031385C1A76351D7121441370691
:105330000007F84E518FF8CE9843370633001377A5
:10534000F7CF98C398431377F7CF1367072098C315
:1053500018411447D18E14C7B706030093868625DB
:10536000B4C95457F59A54D7984383462406137703
:1053700007F893F6F607558F98C337C7898E13073A
:1053800067ED98C737575500644413075755D8C37E
:105390009D471CA89CA08547BCA0A147BCB07C44ED
:1053A0000357C406D8A3BC207844834614063E970E
:1053B0008357C4069206A183BD8BD58F5CA3A8201A
:1053C0009307E00F09051375F50FA8A003562407EE
:1053D000898F63C4C7047C442C5C0D053E9597B04F
:1053E000FE1FE780A063B820835724079376F70356
:1053F0008507B6971CB8B8A083475403858B91E7FF
:105400000347440389476317F70078441C2393E755
:1054100007041CA37C44183898B3832709007844F8
:10542000B2409244B8DF9727FF1F23AF07008345A0
:1054300034068347B406103822440249DD8D014505
:10544000410117D3FE1F6700A3DA1306200218419B
:10545000635CD600744F370600F97D16F18E37066F
:105460000005D18E74CFC9BD370600F969487D1695
:105470006357D800744FF18E37060003DDB7744FC1
:10548000F18E93968629F9BF01119727FF1F83A7F5
:1054900067FB22CC26CA06CE9724FF1F938404D72D
:1054A000858BE050C9C79727FF1F23AD07F883C737
:1054B0004407C18B9DC383C7440793F70702E5DF09
:1054C0002285EFF05FE083C7440793F7F70C238A48
:1054D000F40697F0FE1FE7800087228597D0FE1F15
:1054E000E780007F938441A89C409DC7DC438DC723
:1054F00089475C8283475404130561001946DC82A6
:105500005C28930564045C8697B0FE1FE780005119
:105510009C404800DC43829783477406858B81CB8F
:1055200083455404082413066404EFD0106797F0F1
:10553000FE1FE780408122856244F240D24405612B
:1055400017D3FE1F6700C37839714ED69389C1A661
:1055500083A6090022DC26DA06DE4AD852D456D2C7
:105560005AD093078007FCD22388019483A7C1A552
:10557000D857B70533002A84719B13671700D8D713
:1055800098431377F7CF98C398431377F7CF1367F0
:10559000072098C303A7C1A710474D8E10C7370631
:1055A000030013068625B0CA5057759A50D7984302
:1055B00003462506137707F81376F607518F98C32D
:1055C000DC420D4793E71700DCC264459D471CA9E8
:1055D0009CA08547A3810400BCA08347F505638494
:1055E000E70AFD1793F7F70F1547636BF700176787
:1055F0000100130727B9B3C7E7209C43BA978287F6
:105600000149BC2013F7F70305073A990347E4055E
:10561000A30824011A07D98FBCA083475403858BA4
:1056200091E70347440389476317F70078441C2335
:1056300093E707041CA37C441838814517D5FE1F47
:105640001305657298B383A709007844B8DF9727DC
:10565000FF1F23AB07DE97C0FE1FE7802085834531
:1056600034068347B40610386254F250D25442597B
:10567000B259225A925A025BDD8D0145216117D33E
:10568000FE1F6700E3B68547BCB019469305640367
:105690001385440097B0FE1FE7804038BC2099076F
:1056A000BCA00347F4059947631FF702BC3013857C
:1056B000A40093E72700BCB083475403898B63871A
:1056C000072A0C58BC296383072A1946D10597B0CD
:1056D000FE1FE780A03478441C2393E707F81CA33F
:1056E000BC209907BCA0BC30B82093E78700BCB0B1
:1056F0007C44BA970357C406B8B3BC2078448346A9
:1057000014063E978357C4069206A183BD8BD58F9E
:105710005CA3B82009071377F70FB8A0562C638B4A
:10572000062683470406795993F7070491C37559F0
:105730007C483309E9401379F90F918B81C73919F6
:105740001379F90F81476372D908834634067519B6
:1057500085471379F90F639BF62293078042F94638
:105760009387371AB3C7D7021726FF1F034646B1E0
:10577000136606019725FF1F2384C5B003A6090001
:10578000C1650CC6B386D702860634D2B43093E620
:105790000601B4B0744403462406369730B3B420EF
:1057A000784436975CA3B420784436978346340611
:1057B000960654B3B8200D07B8A018544A9738DCA1
:1057C0005A2C330727412319E4067848114693766B
:1057D000C700638BC60031466396C61003461406A5
:1057E0008346F4076310D610218B630B071A032A34
:1057F000840983A7819582971717FF1F1307476FA7
:10580000636DAA18B7470F00938707243305AA4092
:10581000B335F502522781463305F502EF30D10D3D
:10582000B7074B00130745ED9387B7C7AA8A63EB09
:10583000E70A2A8A49468145680097B0FE1FE7803B
:105840006024B7C70300938737FC63D55719B78720
:105850002500138737ED6346571FB247938A6A09BD
:105860009397D7283EC69307C012B3CAFA02CE0A4E
:1058700093D73A013247F976CE07758FCD83D98F0A
:1058800003576408B3C70708930604084207D98F73
:105890003EC69C52D052D8463EC89727FF1F83C7AA
:1058A00017979D8B7D8A960793158700D18FCD8F93
:1058B0003ECA9C4A61834946A2075D8F3ACC835712
:1058C000840868446C00FC86BC208D073E9597B028
:1058D000FE1FE780A014BC3093E70702BCB0BC20D9
:1058E000C907BCA08347040693F7070489CFB830E3
:1058F0007C44B42013670704B8B05838B697B8B3DF
:10590000BC208507BCA0BC30684493F707029DCF3C
:105910000327C40A05CFB420254693873600AA97EB
:1059200090A31306200390B31023A906B0A310334D
:10593000B0B33023D0A33033D0B35023F0A35033CF
:10594000F0B3702390A7783398B7B4A0522CE30932
:1059500006CABC200C548D073E95636AC91097B0E7
:10596000FE1FE780A00B0349C40161B98347D4033C
:1059700091C778441C2393E707F81CA319469305A5
:10598000E40397B0FE1FE780600999BB85679387A2
:105990008784F1B3814701490DBD1C473E9A9DB5EF
:1059A000B83083463406418B29C379470546B3870F
:1059B000E702035724076397C60213078707058783
:1059C000BA97138A472949468145680097B0FE1F58
:1059D000E780400B9307FA007947B3C7E702CE0789
:1059E000CD8349BD13070707E1BFBC205A2C0546EC
:1059F0003E979307070F6396C6001307870F9357C9
:105A000017401727FF1F0347B7871367170017268D
:105A1000FF1FA307E68603A6090037070800138ABD
:105A2000875218C693875754794733E7E702998F0F
:105A300086077CD6834714062300D408A30FF406F8
:105A400059B763C85701B2479397E7283EC68147C5
:105A500015B59886B787DAFF938767091377F7F943
:105A600013670706D886D6971307C012BDB74A86B4
:105A700097B0FE1FE78080FA69B68547BCB09305F2
:105A8000650319461385440097B0FE1FE78000F9AF
:105A9000BC20B830171AFF1F130A4A77990793F7EB
:105AA000F70F13678700BCA0B8B078440149BA97D4
:105AB0000357C406B8B3BC207844834614063E9707
:105AC0008357C4069206A183BD8BD58F5CA3B820F3
:105AD000914709071377F70FB8A08346F405639C35
:105AE000F60883470406795993F7070491C375595B
:105AF0005E2C3309E9401379F90F637EF90683467A
:105B00003406751985471379F90F6399F60C9307D5
:105B10008042F9469387371AB3C7D70203464A072C
:105B2000C16513660601230ACA0603A609000CC64E
:105B3000B386D702860634D2B43093E60601B4B0F9
:105B4000744403462406369730B3B420784436971D
:105B50005CA3B8207C44BA97034734061607D8B331
:105B6000BC208D07BCA01C54CA973CDC5E2CB387BC
:105B700027412319F4068347040693F7070489CFC6
:105B8000BC30B82093E70704BCB07C44BA975838BF
:105B9000B8B3BC208507BCA00347F405914763193F
:105BA000F704522C31C6BC2068440C548D073E9536
:105BB000636AC90297B0FE1FE78040E60349C4014B
:105BC0000347F4059147631FF71E83474A0793F77E
:105BD000070F93E75700230AFA0625B485679387D2
:105BE000878405BF4A8697B0FE1FE78020E3C9BFC0
:105BF0000149F9B78547BCB093056503194613857C
:105C0000440097B0FE1FE78060E1BC209907BCA06C
:105C1000BC3093E72700BCB08347D40391C77844D6
:105C20001C2393E707F81CA3834754031385A400A0
:105C3000898B638D07140C58BC2963890714194696
:105C4000D10597B0FE1FE78060DD78441C2393E701
:105C500007F81CA3BC20B830171AFF1F130A0A5BF1
:105C6000990793F7F70F13678700BCA0B8B0784483
:105C70000149BA970357C406B8B3BC207844834699
:105C800014063E978357C4069206A183BD8BD58F19
:105C90005CA3B820854709071377F70FB8A08346A0
:105CA000F405639CF60883470406795993F70704C3
:105CB00091C375595E2C3309E9401379F90F637E5E
:105CC000F90683463406751985471379F90F639FE2
:105CD000F60C93078042F9469387371AB3C7D70269
:105CE00003464A07C16513660601230ACA0603A6CE
:105CF00009000CC6B386D702860634D2B43093E6C8
:105D00000601B4B0744403462406369730B3B42079
:105D1000784436975CA3B8207C44BA97034734068E
:105D20001607D8B3BC208D07BCA01C54CA973CDC16
:105D30005E2CB38727412319F4068347040693F7A3
:105D4000070489CFBC30B82093E70704BCB07C447B
:105D5000BA975838B8B3BC208507BCA00347F405F0
:105D60008547631FF704522C21CEBC2068440C5495
:105D70008D073E956360C90497B0FE1FE78000CA97
:105D80000349C4010347F405854735BD8347D40360
:105D900091C778441C2393E707F81CA31946930581
:105DA000E40397B0FE1FE78060C76DB585679387F2
:105DB000878415B74A8697B0FE1FE78020C6D9B7FB
:105DC0000149C9B783474A0793F7070F93E767006D
:105DD00019B57E2D411122C406C699071CB97C4510
:105DE000114718A998A37C4518392A8498B383478A
:105DF0005503858B91E70347450389476317F700F0
:105E000078441C2393E707041CA3684493056403A8
:105E10001946090597B0FE1FE78040C06844722C00
:105E20004C542244B2402105410117B3FE1F6700C4
:105E3000E3BEAA871715FF1F0325054311E18280E2
:105E40001825E30EF7FE0841D5BF411106C622C44E
:105E500026C24AC0EFF0FFFD630C051883475503C7
:105E60002A849714FF1F9384643A89EF1946971583
:105E7000FF1F9385A5471305640397B0FE1FE780B6
:105E8000E0B99DA80547639CE700BC2049456382B3
:105E9000071619469715FF1F9385A545E9BF1C599D
:105EA000B9E78347C503230A050291EB034754036F
:105EB0008547230AF4028947E319F7FC45BF130518
:105EC000C50397C0FE1FE780A0DC08D80DC1EF60B6
:105ED000E0460C58BC2581CF8947230AF4021946B5
:105EE000B1051305640397B0FE1FE78020B3034795
:105EF00044038947E31CF7FA9C308DCB8347C403E6
:105F000095C783473404130700041305C40393F7AC
:105F1000070C6396E70E97C0FE1FE78020DC08D8C9
:105F200011C53C2981C78947230EF4025C24E9E3AB
:105F30001717FF1F230C072C854778245CA41CB47B
:105F40009714FF1F83C454F7231B94061376F7009E
:105F500099460359E40663F9C60A5A2C9306A00F22
:105F60009717FF1F83C7A74FB367F7203357D70291
:105F70009387970E1715FF1F035545F837460F00F7
:105F800013060624814691042607BA97B3A5A702F3
:105F90003305F502EF3041162695231BA40623187E
:105FA00004066307090268289307F00F6306F500EB
:105FB000EF00CFA8FD577CA80356E40693066401C2
:105FC0001206A285170500001305A521EF000F8A10
:105FD00083A7819582971A302A8693067401A28539
:105FE00017D5FE1F1305A53697D0FE1FE780E0A545
:105FF0000145B2402244924402494101828097C047
:10600000FE1FE780E0C821BF23180406E31D09F83E
:10601000E310F7FC68289307F00F6306F500EF0024
:10602000EFA1FD577CA8930664011316B02851BF59
:10603000411106C622C42A8497E0FE1FE780A0D043
:10604000228523060400A3050400A304040097D0BE
:10605000FE1FE780E0C768389307F00F6306F5007E
:10606000EF00CF9DFD577CB868289307F00F6306BB
:10607000F500EF00AF9CFD577CA8B24022444101DF
:10608000828041119717FF1F83A7C73B22C406C612
:10609000858B1714FF1F0324A41D99CB2285971706
:1060A000FF1F23A1073AEFE0FFC72285EFF05FF85B
:1060B00022852244B240410117D3FE1F670043C12D
:1060C000411122C41714FF1F0324C4192848014694
:1060D0009305440106C626C297C0FE1FE780C0FC98
:1060E00075E12C487D479C3193F7F7033CA8E917ED
:1060F00093F7F70F6368F70C9C21BD8B3CB8F5173D
:1061000093F7D70FE1E31946A1051305640397B090
:10611000FE1FE78040A25DC52C48854423029404FD
:106120009C2113056404194693D767488905A30287
:10613000F40497B0FE1FE780608E2285EFE0BFA2D7
:1061400051C1343815471C286394E60263ECF40609
:1061500083A78195829748D02285EFE0BFBC631367
:10616000950622852244B240924441016FF05FECD3
:1061700081C719476398E7048304440113050004A9
:10618000EF103F941315456063CEA4022285EFF013
:106190005FC4814517F5FFFF130565AF97B0FE1F7C
:1061A000E780C0D01038834544060D4597C0FE1FD8
:1061B000E78000042244B2409244410117E3FE1FED
:1061C000670063B897E0FE1FE780E0B722852244AE
:1061D000B2409244410117D3FE1F670063B301111F
:1061E00022CCFD5706CE7CA98357E5062A849DC79D
:1061F000834605070C259307C0031CAD0146130514
:10620000C003EFD04019094597E0FE1FE78040BB6F
:1062100022856244F24005616FF09FE17C250547CD
:10622000BD8B6386E70083470506918BE9DF9717EF
:10623000FF1F83A7270B93F7072085C302C402C261
:1062400002C0814801488147014781460546814592
:106250001305C003EFD0600C7DB702C08148014830
:10626000814701478146054681451305C003EFD0AC
:10627000600851BF23ACA1A282809717FF1F83C77C
:10628000D7BF85EF411117E5FFFF1305E55F06C690
:10629000EF00CF9CEFE0EFEBB2409717FF1F938723
:1062A000E7F617F7FFFF13072780B8D71707000097
:1062B0001307E7B9F8D7410182809717FF1F93872B
:1062C000E7F417E7FFFF1307277EB8D7170700008B
:1062D0001307E7B7F8D7828011C98327050A93E728
:1062E00007082320F50AFD572303F502828023A027
:1062F000A1A482801717FF1F032787F6AA870857D4
:1063000019C51A2D6305F70013058505DDBF8280C9
:10631000011122CC06CE2A84034565029307F00FB3
:106320002E866309F5002EC6EFF05EF13246FD576A
:106330002303F4028347A4020357840493066402F0
:1063400093E707062305F40283570404A285F2406D
:10635000BA972313F404624417050000130505F8E7
:1063600005616FF0BED0011122CC06CE2A84034510
:1063700075029307F00F2E866309F5002EC6EFF025
:10638000FEEB3246FD57A303F40293067402A28586
:106390006244F24017150000130505E405616FF033
:1063A000FECC011122CC06CE2A8403458502930738
:1063B000F00F2E866309F5002EC6EFF03EE8324658
:1063C000FD572304F40293068402A2856244F2403E
:1063D000171500001305E5E205616FF03EC9971639
:1063E000FF1F9386A6E2F236B7054801ED05BE32DF
:1063F0009A3A232CB51CF632232EB51CED452318F2
:10640000C51C3356B60A2310C51E13068014231A62
:10641000F51C2319E51CB3D7B70A231BD51C33572A
:10642000C70AB3D6C60A2312F51E2313D51E23119D
:10643000E51E2307F50482808346651405478357CC
:10644000651E6390E6029387C7FB1147B3C7E70257
:106450000357451EB3C70708B357F70A2307F504C8
:106460008280938707FB2147D5B78357051D0356C5
:10647000C51D0357E51D8356851D3356F60A835700
:10648000251D8355651D41113357F70A8357451D57
:106490001318B02806C6B3D6F60A8357A51DB3D77E
:1064A000B70A83250510B3F5050181ED8565938550
:1064B00085843357B70AB3D7B70A33470708B3C73A
:1064C00007088355051E1376F60F93F6F60F6396AD
:1064D000C5028355251E6392E5028355451E639EC2
:1064E000D5008355651E639AF500230E0506EFF06F
:1064F000BFF40945B240410182808545230EB506AF
:106500002310C51E2311E51E2312D51E2313F51ECD
:10651000EFF09FF20145F9BF0357651D8357A51D95
:10652000411106C6B3D7E70A056713078784637965
:10653000F700832605101316B028F18E91E2BA8772
:106540000357651E6307F7002313F51E8547230EC7
:10655000F5060357251D8357E51DB3D7E70A0567E1
:10656000130787846379F700832605101316B02874
:10657000F18E91E2BA870357251E6307F7002311B6
:10658000F51E8547230EF506EFF01FEBB2400145DF
:10659000410182800357A5049547723DB307F70276
:1065A000363D93D53740635BB600118F0E073347F6
:1065B000D702B34707082314F5048280B3C7D70274
:1065C000B3C70708CDBF832745110D469306F00FCB
:1065D00098230D8B58B56313C700B42374B998235F
:1065E000418B38A99C337CA982805C25CD9B5CA51E
:1065F00082808327451158259C23935637408987ED
:10660000B58F858B91C71347870058A501458280B8
:10661000054582808327451158259C2393562740A2
:106620008D87B58F858B91E71347470058A50145A6
:106630008280054582808327450E85072322F50E3B
:1066400091E78327850E85072324F50E8327850E82
:1066500093F7070891C785472322F50E2324050EDB
:106660008347A50293F7070491CF83570504035787
:106670008504BA972313F5048327450A93F7F7BFD8
:106680002322F50A82808327C50E85072326F50E6F
:1066900091E78327050F85072328F50E8327050F2C
:1066A00093F7070891C785472326F50E2328050E83
:1066B0008347A50213F7070409C793E707022305D9
:1066C000F50282809717FF1F83A787BD014591E3DD
:1066D0008280B83711E305059C43D5BF9717FF1F8C
:1066E00083A707BC0145054791E38280B4376393D4
:1066F000E60005059C43CDBF411122C491452A8483
:10670000014526C206C69714FF1F938424B0EFF0FC
:106710003EF703D7C40A231BA404854763F9E706A1
:106720000357641E8357241E1705FF1F0355057D5D
:1067300037460F00BA9793878757B3A5A70213066A
:10674000062481463305F502EF20111B835704040C
:106750000357E4058355840503A344091D8F3307BC
:10676000B7028327040905469388F5FF130E8002BC
:106770003E97637E16013308C6039A87FD563A9802
:1067800089C7631BF4001C4081EB231BC404B24087
:10679000224492444101828083AEC7086398BE00C0
:1067A00083A60709B306D840B3F6B60263E4A60091
:1067B0009C43F9B7090675BF411126C29714FF1F04
:1067C0009384C4A403D7C40A06C622C4854763F1D0
:1067D000E7060357651E8357251E2A841705FF1FEA
:1067E0000355C571BA9793878757B3A5A702374654
:1067F0000F001306062481463305F502EF20D10F62
:106800000346540583A8440985467D161303800278
:1068100063F0C6023387660283270409FD553E975D
:10682000C68789C7631BF4001C4081EB231BD4047B
:10683000B240224492444101828003AEC70803283B
:10684000C408631A0E0103A80709B305E84063648E
:106850000701B305074163E4A5009C43D9B785064A
:1068600045BF797156CA971AFF1F938A2A9A163D17
:1068700003D6CA0A9707FF1F9387876722D44ECE95
:1068800052CC83D9C70003AA870006D626D24AD0A5
:106890005AC85EC662C466C28547032785082A8433
:1068A000850663F5C710B3863603930700320149A6
:1068B00093860619B3D6F6023697BA846364D70076
:1068C00063644701B30447418357641E0355241E84
:1068D00037460F00232894083E9513058557B325A6
:1068E0003503130606248146130B0032814B338592
:1068F000A902EF2071002A8C83AC4A09814A8146A3
:10690000130600645A85DE85EF20017F3387A400DB
:10691000E687FD56A1EBB385590313060064814653
:10692000B3BA590313850532B335B500D695EF20B8
:10693000A17CAA9433B5A400A6876314A90063E4DC
:106940004401B3874441B2502328F408225492549E
:106950000259F249624AD24A424BB24B224C924C03
:1069600045618280639487009C43D5D783A5C7087F
:106970000326C408639AC50003A60709B306E640C8
:106980006364C700B306C74063E486019C4359B7FC
:10699000B3073B0133B767013E8B83477403850A16
:1069A000BA9B8607FD17E3ECFAF4B5B78347750386
:1069B00093B7270093C71700B697B387370393069B
:1069C000003293870719B3D7D7023E97BA8663641C
:1069D000F70063644701B3064741B687ADB7971721
:1069E000FF1F9387A78283D6C70A411126C206C616
:1069F00022C40547AA846377D70003A44709A28766
:106A000089EB01EC238E0400B24022449244410100
:106A10008280D83F75FB9C43E5B763149400004027
:106A200075D03C34C1E70327C40883A7C408630FAB
:106A3000F706D82C930700086316F7043E3C8A2417
:106A40001946239AF406239BF4065E3C930500083E
:106A5000239DF4047E3C239EF404EF50407C854744
:106A6000DCBCDC2C93F7F707DCAC1305840622446E
:106A7000B240924431469305F00F410117A3FE1F27
:106A800067004300BE3C0A241946231AF406231B60
:106A9000F406DE3C93050008231DF404FE3C231E8F
:106AA000F404EF50C07789475CBCC1B7004091BF88
:106AB0001707FF1F130787758356C70A411126C2A0
:106AC00006C622C48547AA8463FFD716832785108C
:106AD000898B638A071683274709BE85BDE503D6E0
:106AE000441E01447D581306260205862D067D5559
:106AF000ADE3630004103C343A3CC5E78947231CEE
:106B0000E404A30AF404035704068357040422850B
:106B1000BA97C1071D8B998F231FF4045E3C231D78
:106B2000F4047E3C231EF404EFF01FBD8327440AC7
:106B300093E717002322F40A85475CA88D475CBCC5
:106B4000B2402244924441018280D83D75FB8C4181
:106B500071B7639497009C43C9DF83A6070903A715
:106B6000040963E2E6023387E64083A6C40863F4BF
:106B7000E6003377D7026376A7003A856373C700D0
:106B8000BE859C43B5B7158F83A6C70863F4E6009E
:106B90003377D702E37707FF3A88E374C7FE3E8472
:106BA000CDB7BE3CB3F7E702C1FF9D46994763F5F9
:106BB000E6000583930737000567231AF4061307D9
:106BC00007C88A07B3C7E70A231BF4065E3C0A24FA
:106BD0001306C002231DF4047E3C93050008231E07
:106BE000F404C9475CBC2244B240924441016F5056
:106BF0000063B1C9BA3CBE3DB3F7E702A9E783879A
:106C0000C40163D207049D46994763F5E6000583F6
:106C1000930737000567239AF406130707C88A0706
:106C2000B3C7E70A239BF406DE3C8A241306C0029E
:106C3000239DF404FE3C93050008239EF404CD47F5
:106C4000DCBCEF50C05D238E0400DDBD411122C4C9
:106C500006C61704FF1F1304A4291C288DCF938791
:106C6000C1A3984319EB18449706FF1F23A4E664B9
:106C700017B7FE1F1307E79498C388431707FF1F32
:106C80002324076297A0FE1FE78020425C40224435
:106C9000B240410182875A240356650823AE01A2FF
:106CA0009707FF1F23A207603306E60237470F004E
:106CB0009306F7231307072483270509AA85369629
:106CC0003356E6021707FF1F0347171F3A9663E381
:106CD000C7022244B24003A7C5083386C740938643
:106CE000950217B5FE1F13054588410117C3FE1F06
:106CF0006700A3D51844BA97E9BF01114EC693891E
:106D000001A483A7090026CA4AC806CE22CCAA84B9
:106D10001709FF1F1309C91DB5CF1707FF1F035719
:106D2000A75985476318F7060357C9000354650838
:106D3000832705093304E40237470F009306F7233E
:106D40001307072436943354E40263E4870833843A
:106D5000874083A7819582976361A408B307A44005
:106D600003A4090063CF07061707FF1F0347D714C3
:106D700005836378F70637450F00998F13050524BF
:106D8000B3B5A7020356C90081463385A702EF2099
:106D9000A1360294930700FBFCA48145014597A00E
:106DA000FE1FE780A0108347090195CF03A5C1A36B
:106DB0009707FF1F23AA074E97A0FE1FE780E02E2C
:106DC000624483274900F240D2444249B2490561F6
:106DD000828703278900BA979DBF832789003E9445
:106DE000B5BF01457DB7624483C59402F240D244E9
:106DF0004249B24901450561B315B028B3C505083C
:106E000017C3FE1F670063D4411106C6EF0010755B
:106E100019C983278511014581E7B240410182806C
:106E20009C430505D5BF7D55CDBF411122C426C267
:106E300006C69707FF1F83A767472A84AE84639619
:106E4000A7009707FF1F23A307468327041299C7AC
:106E50000A24014693050008EF50603C8357440420
:106E600099C70A244D4693051008EF50403B0A2469
:106E7000154693051008EF50803A230504002308B7
:106E80000400230A94041707FF1F0327E75C9547B4
:106E90006316F7009707FF1F23A0075CB240224448
:106EA00092440145410182803C2563830732835728
:106EB0000508011122CC06CE26CA85072310F50845
:106EC0007C35230C05002A8413F7270015E30357AC
:106ED0000504954763FDE7269305E003EFF0FFF413
:106EE000A305A4020945F2406244D24405618280B0
:106EF00013F7070221CF93F7F7FD7CB58327050A27
:106F00003835A305050293E747002320F50A854796
:106F1000631EF7023E3D9306204E03274509B387C3
:106F2000D702B3D7E7021707FF1F0347E7F8130796
:106F3000C703BA9703477503B3C707082312F508B9
:106F40003307D702B3A7E7202311F5081C38858B38
:106F5000E9C78357E405035704046396E7245E3CBE
:106F60008355C405034584022310F4068347540562
:106F70006EBC9205A30BF40283576405F9159704C0
:106F8000FF1F9384E4F61EBC8357A4055EBCEFE0AC
:106F9000DEEB3834231004081E3C03568405631AC4
:106FA000071ADA248C44B387E70213070032938769
:106FB0000719B3D7E70203270409D1073E97BA861A
:106FC0006364F7006364B700B306B7405C3C2328F2
:106FD000D40832BC81C72285EFF00FFEDA243E3C94
:106FE0009306003223110402B387E70233D6D70297
:106FF000B3F7D7029306204E2326C408B387D702DF
:10700000B3C7E7021EB0835704045EB07C3493E735
:1070100007027CB41C38F99B1CB81C38898BA9C7A3
:107020008356E41203570404B387E64093975760EE
:1070300063C00718639AE60281470148232CF412C3
:1070400013058413232E04131546930584122AC6B0
:1070500097A0FE1FE780809C3245EF0010781C3817
:10706000A306A412F59B1CB81C3813F707012DC703
:107070000356C414835604043307D64013175760CD
:1070800063480712631AD604BD9B1CB88347A41437
:1070900099C7898B6388071285472303F4148347B4
:1070A000B41499C7898B638207128547A303F4142C
:1070B0002285EFF06FC68347C40799C78327040A68
:1070C00093E707102320F40A8327040AA305040288
:1070D00093E707202320F40A18389377070285CF17
:1070E0009707FF1F83A7C717D423130680059C5754
:1070F000B386C602B697D62F83570404B387F640EB
:107100009397576063C907008357C4146395D700EA
:107110001377F7FD18B88347A40293F7070485CBCC
:1071200003576404835704046313F7021828930772
:10713000A0046314F70085471CA883278410C18B23
:1071400099C78327440A93E707402322F40A01459D
:1071500059BB0347E418218B11CF8356040403570E
:1071600004192E3C158F3307B7023347C702BA966E
:107170002318D4189DC7DA248C44B307F7021307E9
:10718000003293870719B3D7E702032704093E9714
:10719000BA866364F7006364B700B306B740232878
:1071A000D40832BC25BD998F93975760E3D707E683
:1071B000930580022285EFF05FC7A305A4021305A3
:1071C000800215B323030414D9BDA3030414CDB561
:1071D0000545828005C541119305200222C406C6DB
:1071E0002A84EFF09FC4FD57A305A40223080400DE
:1071F000A303F402B240224441018280828005C987
:10720000411122C406C67C352A849305E003898B8C
:1072100091C3A145EFF07FC1FD57A305A402230848
:1072200004002304F402B24022444101828082809F
:107230008327050A797122D406D626D24AD04ECEAB
:1072400052CC56CA2A846380074213F7270011CB19
:10725000F59B2320F50A0A25194693050008EF40FF
:10726000107C8327040A13F7470051CF8344A402FC
:10727000ED9B2320F40A93F7040491CF8327841015
:10728000C18B99C78327440A93E707402322F40A56
:107290002285EFF02FB038348547502883562406D6
:1072A000631AF7743E3C1307204EB387E7020327A7
:1072B0004409B3D7E7021707FF1F0347E7BF1307C8
:1072C000C703BA970347B402B3C707082312F408E9
:1072D00086072311F4089307000419E393070008B5
:1072E0005CAC09E693E414002305940299E60A24B1
:1072F0000D4693050008EF40907223110406230AFF
:107300000400A30E04008327040A13F7870005C3B3
:107310000A24DD9B2320F40A154693050008EF405C
:1073200010708347A40293E747002305F4028327E4
:10733000040A13F7070131C7BD9B2320F40A8347D2
:10734000D4040A24214689C7A306040413060003B3
:1073500093051008EF40B06C8347C40489CF83279E
:107360008410C18B89CB8355A40422859205B3C5B3
:107370000508EFE0FFF98347A40293E71700230510
:10738000F4028327040A13F7070405CB0347F40428
:1073900093F7F7FB2320F40AA14763FAE7003C3494
:1073A00099E78327440A93E707012322F40A0A2472
:1073B000314693051008EF4090668327040A13F7BF
:1073C000070205CF93F7F7FD2320F40A343483270F
:1073D00084100327C41093F70702638E0662638844
:1073E00007680A24114693050008EF40506383475D
:1073F000A40293E717002305F4028327040A13F776
:1074000007101DC30A2493F7F7EF2320F40A230E75
:1074100004061D4693050008EF4070608347A402F0
:1074200093E717002305F4028327040A13F70708DC
:1074300001CF0A2493F7F7F72320F40A1306700507
:1074400093051008EF40B05D8327040A13F7072067
:1074500029C393F7F7DF2320F40A83476414230F2B
:107460000400A29703850718A301A414EF80301C21
:107470002301A4142285EFE03FFC0A243146930542
:107480000008EF40D0598347A40293E71700230573
:10749000F4028327040A11677D8F6309071293970B
:1074A000E7489709FF1F83A9E9DD2320F40A638ACF
:1074B0000952835744151167139637017D8F4D820A
:1074C000630C075A1307C0123306E60293975760FE
:1074D00063D50700B78725003E96035804048355FB
:1074E0008415170AFF1F130AAAA0832704098326FD
:1074F000C408832A8A000355440801496314B85814
:1075000063E0D758B384D7408357CA0032953746D3
:107510000F00B335F5028146130606243305F50244
:10752000EF10913DB306950033B5A6002E95B684B5
:107530006314A90063E45601B3845641938A81958C
:1075400083A70A00829763E3A45A3385A4401709EE
:10755000FF1F1309E994834799018607637EF55855
:1075600003A7C90D8356CA00835764152183334787
:1075700007083307D70293060032850703268A00DF
:10758000B3C70708130707193357D702B306970085
:10759000B68463EEE65C63FCC65C2394F90823A022
:1075A000990A0347E414854683C729086311D76401
:1075B00093E727002381F9084E85EF80A0200A2455
:1075C0001306600293050008EF4070458327040A04
:1075D00009677D8F09C79397D7482320F40A0327AB
:1075E000040AA167F98FB9C7834504031705FF1F74
:1075F0000345F5C1EFF06E803E3C1307204E232A71
:10760000A408B387E70233D5A7029707FF1F83C7F4
:10761000A78A9387C7033E958347A4022312A40831
:1076200093E717002305F4028327040A9397F7488A
:107630002320F40A8327040A858B91CF8347A40271
:1076400083454405228593E717002305F402EFF0F4
:10765000CFFDA305A4028327040A63D607009397EE
:10766000F7492320F40A8307B4179DC30307440393
:1076700099463306F74063D6C6588327440A939742
:1076800047292322F40AED57A30FF416A30DE4169D
:107690008347441813F7270049CF830644030307A1
:1076A000C41763DBE6000327440A13174729232284
:1076B000E40A1147A30FE4160307D417635BD7004E
:1076C0000327440A131747292322E40A7157A30FFB
:1076D000E4160307A4171306F007630CC70203465A
:1076E000741803458418158F13174760B306A64016
:1076F0006354D75293F607016390065293F7F7F855
:1077000093E707012302F4188357A418850723166B
:10771000F4188357C41891CFFD17B3C70708231671
:10772000F41881EB0A241306000293050008EF40C9
:10773000102F3C249DCF8327041281CF3C2C91EB4A
:107740000A24014693050008EF40702D19E1854792
:107750003CAC8357440491CF8347140399EB0A242C
:107760004D4693051008EF40902B01E58547A3088F
:10777000F4028347E41813F7070179C38324440A0A
:10778000BD9B2307F4188988C5EC1828D5476309E1
:10779000F70A1C38898BCDE7814901498D4A130AC4
:1077A0005002939744608987A29783C7771913F78C
:1077B000340006073397EA00F98F630BF70026863B
:1077C00005458145EF10F110B3E9A9003369B9000F
:1077D0008504E39844FD032784138327C4132800FA
:1077E00033773701B3F727013EC63AC4EF00E07E96
:1077F0008347541363EEA700034544037D57854731
:1078000059152C003AC43EC613154560EF8000752B
:1078100003278413A2476317F7000327C413B24753
:107820006300F70215462C00130584129790FE1F83
:10783000E780C01E8327440A93E727002322F40A27
:107840008346E418A54713F796006314F70403571B
:10785000040483570419636EF702B307F740939744
:10786000576063C807028347F4181306000A050728
:10787000B387C702323CDD9A2307D418B3C7C702C7
:10788000BA972318F4188327440A93977729232259
:10789000F40A8347A402E9C7918B89CF1028C165F8
:1078A000938505A02285EFE01FAC8347A402ED9BE2
:1078B0002305F4028347A402858B8DC3034574021C
:1078C0009307F00F6307F500EFE05E97FD57A30302
:1078D000F4028347A402F99B2305F4028347A40220
:1078E000898B89CF6E3C034584029205F915EFE040
:1078F000CED58347A402F59B2305F4028347A40257
:10790000A18B99CF6E3C0D4622859205F915B3C522
:107910000508EFE05FA58347A402DD9B2305F40281
:107920008347A40213F7070101CF0345640293F7CD
:10793000F7F82305F402EFE07E90FD572303F402ED
:107940008347A40213F7070201CF8355A40403451C
:10795000640293F7F7FD2305F4029205EFE0EECE03
:10796000582C9307F00363F9E700383485472285E4
:107970006314F72EEFF0CF9383570404BDC31307AE
:107980004006B3F7E702B1EF83A741A4898BB1C3E7
:1079900097F4FE1F9384C450985805CF1709FF1F12
:1079A0001309C98683570901835529012545C20753
:1079B000DD8D02979C588355E900294582979C5894
:1079C000831524032D4582979C5883054403314534
:1079D00082979707FF1F239207849707FF1F23AF04
:1079E0000782B250225492540259F249624AD24A52
:1079F00045618280930700045CAC09E693E41400BF
:107A000023059402E39D068E0A240D469305000883
:107A1000EF40F000EDB01377070819C70327440AB9
:107A2000131767292322E40AB9C38357241D035778
:107A3000241E6313F7028357641D0357641EE30279
:107A4000F79A13078014E37EF7988327440A9397E5
:107A5000B7282322F40A71B213078014E37DF7FCE0
:107A60008327440A9397B7282322F40AE9B7832788
:107A7000440A9397B748F1BFF9473306F602B1BC01
:107A8000D69749B41307180063F605050D8F330721
:107A9000D70263EFE702B384E7408357CA00329509
:107AA00037460F00B335F502130606248146330529
:107AB000F502EF106164B307950033B5A7002E956A
:107AC000BE846314A900E3EB57A7B3845741BDB448
:107AD000D697D1B7998DB385D502AE97BE8463E4AE
:107AE000B700E3EC57FBB384574145BF83278A00B7
:107AF000A6973385A740A1BC83A70A006350050859
:107B000082978347990103268A00814513971700BE
:107B100033A5A720AA876364E5006364C500B307A3
:107B2000C54063E99704858F03A7C90D0355CA00B3
:107B3000835664152183334707083307A7021305CB
:107B40000032130707193357A70213851600B3D75E
:107B5000E702AA97B3C70708B386D7403387E60280
:107B6000B306970033B7E600B684E386E5A2B38494
:107B7000C64025B433079640BA977DB782978347AE
:107B8000990103268A001397170033A5A720AA8717
:107B90006364E5006364C500B307C54063E2F404B1
:107BA000B387F44083A6C90D8355CA0003576415F3
:107BB000A182B3C60608B386B60293050032938647
:107BC0000619B3D6B602B3D7D702B307F740B3C787
:107BD00007081D8F3307D70263E9E400998C75BA53
:107BE0003387C400B307F74075BFB294C5BF894659
:107BF0006315D70093F7970F75BAF59B93E7470086
:107C000055BA998FE3D6F6A88327440A9397472954
:107C10002322F40A95478DBC834654188345641883
:107C20003388B600635BE80013F8070463170800A5
:107C300093F7F7F893E70704F1B42A96E34BC7AC40
:107C40008D8EE3C8E6AC13F70702E31407AC93F795
:107C5000F7F893E707027DB4EFE07FD831BB41111D
:107C600022C406C62A8483278411CDEB83270412FD
:107C7000F1E70325041109C597B0FE1FE780A0892D
:107C8000034574029307F00F6304F500EFE00EDB89
:107C9000034564029307F00F6304F500EFE00EDA8A
:107CA000034584029307F00F6304F500EFE00ED95B
:107CB000034594029307F00F6307F500EFE00ED839
:107CC000FD57A304F4020A24512497F7FE1F93875B
:107CD000E75303D7C70A1DEF23AE01A217F7FE1F14
:107CE0000327872123A4E70A97F7FE1F83A7C71B53
:107CF00095C317F5FE1F0325251A09CD97B0FE1F62
:107D0000E780608197F7FE1F23A8071897F7FE1FEB
:107D100023A60718B240224441018280C84309C506
:107D200097A0FE1FE780207F83278411BA2713675F
:107D300007F0BAA79C43232CF41035B7C84309C5F4
:107D400097A0FE1FE780207D83270412BA271367C0
:107D500007F0BAA79C432320F41209BFAA8717F59E
:107D6000FE1F0325E55311E182801A25E30EF7FE7D
:107D70000841D5BF97F6FE1F83C6761317F6FE1F80
:107D8000034606182A879387160017F5FE1F03255A
:107D9000255219C2939716009207C166AA97FD163D
:107DA0006394A700014582803225E30EE6FEE30CD2
:107DB000D6FE4105F5B701114EC697F9FE1F93890E
:107DC000E94483A7490A06CE22CC26CA4AC852C42F
:107DD000ADEB17FAFE1F130AAA0C8347FA0017F738
:107DE000FE1F0347E7111389170019C313991700E2
:107DF00003D4E9023305F940931449001304140233
:107E000015841604334404083305A4029305402462
:107E100026953345050897A0FE1FE780606315C1CE
:107E20000346FA00C16623A2A90AB3079500938806
:107E300046F53306C94011050147938626F5631AB6
:107E4000E900F2406244D2444249B249224A056103
:107E50008280637DC700BE853688A2972313050103
:107E60000CC1A302050005074105D1BF8145468825
:107E7000F5B74111930530261305801E06C622C4AE
:107E800026C297A0FE1FE780A05C1306801E8145D6
:107E90002A849790FE1FE780E0BE01451DC497F439
:107EA000FE1F9384A43683A64409854785CE368772
:107EB00012276301F602184365FF1EA4B1E722856D
:107EC00097A0FE1FE78020650A24B2402244924416
:107ED0004101828085072167B3C70708E399E7FC62
:107EE0008147E1BF1EA423AA840823AC84082396FB
:107EF000F40AEFF05FEC83A7840923A007002305B1
:107F0000040023070400C9B783A7840980C383D76B
:107F1000C40A23AC840885072396F40AE9BF17F541
:107F2000FE1F0325E53811CD411106C697A0FE1F9F
:107F3000E780605EB24097F7FE1F23AB0736410132
:107F4000828097F7FE1F23A507368280411122C445
:107F500017F4FE1F1304842B832644092A8706C6C0
:107F60003685814731C91225631CE6048DEB9C429E
:107F7000232AF40897A0FE1FE780E059832784098D
:107F800023A007008357C40A8DE7EFF05FF997F746
:107F9000FE1F23A70730B2402244410182800327FD
:107FA00084096315A700232CF408E9B7184198C386
:107FB000D1B7FD172316F40A8357C40AE9FFF1B7B6
:107FC000AA87084145B77146814517F5FE1F13057D
:107FD000252D1793FE1F6700E3AA1C311821542199
:107FE000A207D98F3821FD8A9305000242075D8FD1
:107FF0003C310145E207D98F01473316E0287D8ED9
:1080000001C605051375F50F0507E318B7FE81478F
:10801000214733D6F64801C605051375F50F8507C8
:10802000E399E7FE828001114AC84EC603298513F1
:108030008329C51322CC26CA52C406CE2A84A30B98
:108040000512A30605128144130A500226864A85AA
:10805000CE85EF10A105058911C58347D412850788
:10806000A306F4128504E39344FFF2406244D24431
:108070004249B249224A056182808347651313D77A
:1080800037002A97834607139D8B33D6F640058A1F
:10809000630C0610011122CC06CE1C392A84898B70
:1080A000C1E78327450A898BC1E313058513EFF0E8
:1080B000DFF20347541383474403636DA7087D56DB
:1080C000FD46138567FF2C0032C436C61315456084
:1080D000EF70D0680326841322478326C413B24767
:1080E000718FF58F6314E600638AF6002800EFF0C5
:1080F000DFEEA54763EEA702A30AA4128347E418A4
:1081000085E7034664132245B245EF00317A0589BD
:1081100001CD8327C41093F7070899C78327440A22
:10812000939767292322F40AF24062440561828012
:108130006D15A30AA41215462C00130584129790FE
:10814000FE1FE780A08D8327440A93E727002322A0
:10815000F40A6DB783456413138547FF1315456013
:1081600097C0FE1FE78040B151F9034664130545EF
:108170008145EF00117693070410985FDC5F154688
:108180003375A740B3F5B7402AC42EC61305841231
:108190002C009790FE1FE7806088130704085C534B
:1081A00093E727005CD399BFB396F6282308D7122C
:1081B0008280411122C426C206C64AC08347650395
:1081C00038392A848507230BF5029384C1A65C25E0
:1081D000631C074C1439B19B93E737001307000465
:1081E0005CA5A30D050038B99397466063D80700D6
:1081F00093F6F60714B9EF30606D39A88327850A26
:1082000013F7270031C7F59B2324F50A83270510B0
:10821000918B85CFEF108036343C8547582463908E
:10822000F60E83278411DC4398A3832784115838E2
:10823000DC4398B3032784119C405843B240224446
:10824000B8DF9244024941018280EF102031E9B742
:1082500013F7170019C7F99B2324F50AEF108023A1
:1082600065BF182905466314C724D5C713F707014E
:1082700019C7BD9B2324F50AEF10B00F71BF13F788
:10828000070401CB93F7F7FB2324F50AEF10A03383
:1082900061B713F7070801CB93F7F7F72324F50A23
:1082A000EF10C03E95BF13F7071009CB93F7F7EF18
:1082B0002324F50A2285EF10C056B9BF13F70740F3
:1082C00001CB93F7F7BF2324F50AEF202003A9B7CA
:1082D0001317B0287D8F01CB9397B7482324F50A55
:1082E000EF10C06315BF09677D8F01CB9397D74807
:1082F0002324F50AEF10407005B72324050A8327CD
:108300000411582498A383270411583898B39C402B
:108310000327041125B78327450A638D073613F712
:10832000070119C7BD9B2322F50AEF10E07FEDB5C9
:1083300013F7070401CB93F7F7FB2322F50AEF109D
:10834000A01BD9BD13F707200DCBCD8A6398061863
:108350008327451A89EF8327440A2322041A22859A
:1083600093F7F7DF2322F40AEF10F00975B5979021
:10837000FE1FE78000F665F145B513F7170019CB2E
:10838000CD8A639D0614F99B2322F50A2285EF000E
:10839000907E59B513F7270011CBCD8A6390061450
:1083A000F59B2322F50AEF10406DBDB513F707408A
:1083B00001CB93F7F7BF2322F50AEF10401EA9BDAA
:1083C0001317B0287D8F01CB9397B7482322F50A66
:1083D000EF10C02091B513F707020DC39790FE1F51
:1083E000E78020EFE30A05E28327440A228593F71A
:1083F000F7FD2322F40AEF10E00B39BD13F78700D5
:1084000001CBDD9B2322F50A2285EF10105D29B5F3
:1084100063DD07009397F7492322F50A8327050AAE
:1084200093E727002320F50AD9BD05677D8F11CB7F
:10843000CD8ACDE69397C7482322F50AEF10A02DE9
:10844000E1BB09677D8F11C79397D7482322F50AAF
:1084500095B541677D8F01CB939707492322F50A94
:10846000EF10300E55BB370702007D8F01CB93977D
:1084700017492322F50AEF10604879BB370710002F
:108480007D8F01CB939747492322F50AEF10A05126
:1084900061B3370740007D8F01CB93976749232253
:1084A000F50AEF10C05A8DBB2322050A89BD1DC7EE
:1084B0009307700563E7E7069307600363E2E7024B
:1084C0009307100363ECE7009307500263EBE702A6
:1084D000E9476302F714F5476305F714228521BBCA
:1084E000130797FC1377F70F93070002E3E8E7FE03
:1084F00097360100938686CA3347D7201C43B69728
:1085000082871307A7FD1377F70FAD47E3E8E7FC72
:10851000973601009386C6D03347D7201C43B697C1
:1085200082879307200763E6E7049307000763EC5D
:10853000E700930760066306F71663EAE700930710
:108540001006E31DF7F82285EF304038A1A8130785
:1085500067F91377F70F0549E362E9F8EF30003761
:108560008327040A230824019397B7282320F40AB9
:1085700065B193076007E305F7D693076008E31F2B
:10858000F7F4EF10604739A88347B5027947639144
:10859000E70283270510918B89CBBD472306F5029F
:1085A000EF00D07D85471CA885B9EF00307BDDBF8B
:1085B0000549639B27018357450703576507BA970A
:1085C0008587231CF504D9B3EF3040308327040A94
:1085D0002308240193E727002320F40A35B9034731
:1085E000B502F947631DF700EF00507785471CA8D7
:1085F0008347A40293E717002305F40231B9835798
:108600004407035764072285BA978587231CF4041F
:10861000EF007056F1BFEF00D061D947230AF40490
:10862000E5BE2285EF30802A8327040A2308040050
:1086300093E717002320F40AC5B6EF00306AE9BEBD
:108640008547A306F5049305C50A41461305C50CE5
:108650009780FE1FE780803C45BB8D472306F504CD
:108660002322050E2324050E2326050E2328050E9E
:10867000EF00906055B6EF3060251C38DD9B1CB8CC
:108680008327040A93E707012320F40A21BFEF00A0
:10869000907309BF9790FE1FE780A0C3E30E05B655
:1086A00035BDEF10B045FDBD17F7FE1F130707B628
:1086B0001E2B85071EAB8DB679714ECE97F9FE1F26
:1086C0009389C9B422D403A4C90952CC56CA5AC842
:1086D000370A0300370B0082B70A00F926D24AD0C6
:1086E0005EC606D662C466C217F9FE1F130909D515
:1086F0009384C1A6930B8A157D1BFD1A7C24130756
:10870000100C639EE7189C4098430D8B1DC3238873
:108710000194B84B1377F78FB8CB98431367870052
:1087200098C39C4393D7374889C7010001000100D3
:10873000010097E7FE1F83C7A77C89E79790FE1F7C
:10874000E780C0E19040938CC1A503A70C0093077C
:1087500080077CD2238801945C57138CC1A7F19BBE
:1087600093E717005CD783472414545793954760C9
:1087700093F7F703B3F66601E607D58F5CD7930648
:10878000A00383270C0063D0B606F44FB70500079B
:10879000CD8EF4CF83268409228514C78326C4098D
:1087A00054C3544293E6160054C2D457F59AD4D712
:1087B000834664131C4393F6F60793F707F8D58FA7
:1087C0001CC3EFF01F9F5C38C5C78347C404898B67
:1087D000C5C3A2850545EF7080461DCD97B0FE1F2D
:1087E000E7806056ADA39306200263D8B600F44F2D
:1087F000B7050005B3F6560161BFE94663D8B60078
:10880000F44FB7050003B3F6560159B7F44FB3F66A
:10881000560193968629B5BF03A70C00B70633000F
:108820001C4393F7F7CF1CC31C4393F7F7CF93E791
:1088300007201CC303270C001C47D58F1CC79C4076
:1088400013078A27B8CB930700082326F90097F768
:10885000FE1F23A107C0503883456414930730FCE2
:108860007CA41106014597A0FE1FE780609879B5AA
:1088700003A70C00B70633001C4393F7F7CF1CC3C4
:108880001C4393F7F7CF93E707201CC303270C0083
:108890001C47D58F1CC79C4013078A2565B7130753
:1088A000400C6392E7508327C900858B6380074C97
:1088B0008327C90093F7070889CF034764139357A9
:1088C0003700A29783C607131D8B3397E64823888A
:1088D000E7127C3413F7270019EB93E727001307FF
:1088E00000F858AC7CB497F7FE1F23A1079C032522
:1088F000441113062403930544039790FE1FE78059
:10890000A07A03D7690483474403232CA900998FD5
:10891000230AF40283278901858B639307368347F3
:10892000A402A30C04002310040893E727002305E6
:10893000F4022285EFD0FFCB29ED83278411A30910
:1089400004009DCF383C0DCF9837058B15EBBA2727
:10895000C843136707F0BAA797A0FE1FE780A0BB24
:108960008357440485072312F404832784119C430E
:10897000232CF4108327441A81C7FD172322F41AED
:108980005C3881CB8347C404898B81C72285EFD0B3
:108990009FCA83278901898B638F070E8347C4048D
:1089A000858B638A070E1C3C85071CBC228597F7C4
:1089B000FE1F23AB07A89790FE1FE78000AE8547F8
:1089C0006311F5302285EFF0CFFE8347C404898B15
:1089D0006381072C5C38638E072AA2850545EF70FA
:1089E0000026E31D05DE03A7C1A51C43B70633001F
:1089F00093F7F7CF1CC31C4393F7F7CF93E70720F8
:108A00001CC303A7C1A71C47D58F1CC7B70703000A
:108A100003A7C1A6938787273CCB4C380345641432
:108A200091059790FE1FE780007283A7C1A5984328
:108A30001317772998C3D857719BD8D7930730FC61
:108A40007CA497E7FE1F83C7A74BA1E383270412EB
:108A50008DCF7834058B15CBD443D0278C270A24AF
:108A60008906EFA0F00815E183270412BA27A38432
:108A70000700136707F0BAA79C432320F41283571B
:108A8000240481C7FD172311F4045038834564146E
:108A900009451106C9BB2285EFD0DFB7E31805F001
:108AA0002285EFD05FB21C3813F7870021CB7828DE
:108AB00031C7743805461387B6FF1377F70F637F06
:108AC000E60245476369D70037270200110733578D
:108AD000D700058B05E79307D003230AF404930717
:108AE00070021CA88347C404858BE38107EC7C28B3
:108AF000E38E07EA2285EFD01FB94DBD54340D47F0
:108B0000639FE6027C381307A002637FF7007C387E
:108B10001D47E389E7FCA306F4028327840A93E751
:108B200017002324F40A7DBF172701001307077CD1
:108B3000B3C7E7209C432285829771F965B738381F
:108B400005EF1828C1466318D70093E717001CB833
:108B500085471CA815A0D5466315D70093E72700C5
:108B6000FDB7F1466314D7028327040A23080400E3
:108B700093E717002320F40A7C28ADD7228597902D
:108B8000FE1FE7808084E31305E2A9BF93069005EA
:108B90006315D70A0347A41421CB83466414B31684
:108BA000D0286306D70093E707011CB821A8034625
:108BB000B4142DEA7C2C99C78327040A93E7072075
:108BC0002320F40A058B8357641E25C7938707FB70
:108BD0002147B3C7E7020357441EB3C70708B3577B
:108BE000F70A2307F404ADB70346B41411EA7C2C4A
:108BF000A5D38327040A93E707202320F40A89BF1B
:108C00008346741493E70701B316D028E391C6F4A2
:108C10007C2C99C78327040A93E707202320F40AB2
:108C200005DB4DB783467414B316D028E39DC6F612
:108C3000C5B79387C7FB114769BF930770066316D3
:108C4000F70203A7C1A53C57ED9B3CD797F7FE1F42
:108C500023870780371700401E2FC607C5831EAF26
:108C60005C2493F7F7FD5CA4E5B593075009E31581
:108C7000F7F08347E41893E747002307F418C9BDCA
:108C80001C2C85071CAC83D7E90085072397F900C6
:108C900031BB03A7C1A51C43B706330093F7F7CF39
:108CA0001CC31C4393F7F7CF93E707201CC303A70C
:108CB000C1A71C47D58F1CC79C4013078A25B8CB7A
:108CC000A9BB97B0FE1FE780000897E7FE1F83C788
:108CD000272395EF832704129DCB7834058B05CB92
:108CE000D443D0278C270A248906EFA0606005E1D1
:108CF00083270412BA27136707F0BAA79C432320DF
:108D0000F4128357240481C7FD172311F40422852C
:108D1000EFE00FD21C3C85C73D476379F700930510
:108D2000D0032285EFE06F90A305A40297E7FE1F12
:108D300083A7071A89C795451305600882971C2CDD
:108D400099C783C7290581C72285EFF00FB3228514
:108D50002254B25092540259F249624AD24A424BCA
:108D6000B24B224C924C45616FD03FF99C40FC5372
:108D7000E396079897B0FE1FE780E0FC8327C900C1
:108D800093F7070891C783D7290185072399F9002D
:108D90002285EFE0EFC98327C90093F70708C5DBF9
:108DA000EFD03E9579BF1307300CE399E7A28327F4
:108DB0008900858BF9CF97E7FE1F23A507688327D6
:108DC000040A858B85C797B0FE1FE780C0F703456F
:108DD0007402EFD0AEC683454405FD57A303F402E9
:108DE0002285EFE08F84A305A40295B78355041E66
:108DF0000356241E034574149105B3C505089790C6
:108E0000FE1FE78040588347C404938CC1A5138C90
:108E1000C1A7858BA1CBA2850145EF60506803A750
:108E20000C00B70633001C4393F7F7CF1CC31C4359
:108E300093F7F7CF93E707201CC303270C001C47C9
:108E4000D58F1CC79C4013078A17B8CB0356041E46
:108E5000930740FC8345741411067CA405453346F2
:108E6000060811B403A70C00B70633001C4393F7A0
:108E7000F7CF1CC31C4393F7F7CF93E707201CC31E
:108E800003270C001C47D58F1CC79C4023A87705DF
:108E900075BF9C40FC53E393078689B2011106CE4F
:108EA00022CC26CA4AC84EC697E4FE1F93840436D5
:108EB000BC3097E9FE1F9389A90303D7C900A30714
:108EC000F5023E3D130900322A84B387E702374694
:108ED0000F001306062481468145B3D727032326B6
:108EE000F5081305C0123305A702EF00E120231295
:108EF000A4082285EFD0FF9603D7C9003E3C930615
:108F0000204E2285B387E702B3F72703B387D70242
:108F1000B3C7E7021EB08357440886072311F4083D
:108F2000EFD0EFCB2285EFD0EFE66E3C22859205A5
:108F3000F915B3C50508EFD0CFC62285EFF0AF8E87
:108F4000E147A30AF41283A741A423A0840A898BD2
:108F500085C397E4FE1F9384A4F49C5891CB83258A
:108F60008409354582979C588325C40939458297E1
:108F700022856244F240D2444249B24997E7FE1F3B
:108F8000239D072897E7FE1F23AA072805616FD0B6
:108F9000FFCB411126C206C622C4AA84EFE01FDC23
:108FA00019C52A842685EFD03FE62322A41AB240B1
:108FB0002244924441018280411126C206C622C445
:108FC0004AC0EFE01FEBAA8431C9EFE03FD92A8401
:108FD00063000516C1473EA5930700FB7CA58547A6
:108FE0001CA917E9FE1F1309A9EB835709011307F1
:108FF00040109305D024950713050004B3C7070854
:10900000B3D7E70A33F5A70A9790FE1FE7804044DD
:109010002328A41019E90A24EFE05FF3B2402244A8
:109020000249268592444101828097E7FE1F83A76B
:10903000A744232AF41097E7FE1F9387271D83A6D2
:10904000470D03A7070D232ED40E9433232CE40ED3
:1090500089E61377F7F3232CE40EBA3F8326C40F77
:109060000326840F2312E4142326D41003C7A70475
:109070008346E4022324C410A304E41693E616FCFA
:109080000327440A2307D40283A6870C1366070428
:109090002322C40A3706000223130414F18E89C662
:1090A000136707052322E40A83C7270599C7832787
:1090B000440A939767292322F40AFD572310F404E6
:1090C0007EB02304F4028567938787BB2315F404DD
:1090D0002285EFD08FD1034549012301A414EF600D
:1090E000B04ED147A303F41893078002A302F418EB
:1090F0009307C04E231CF4169307F007230DF416B4
:10910000F5779387A7EB231EF4168327C40FA301DB
:10911000A4142300A418A300A41893F7070881C778
:1091200085472307F41897E7FE1F2395070EFDB523
:109130008544EDB5411106C6EF500049EFE0D04C33
:10914000B24097F7FFFF9387675723A4F1A441012B
:109150008280782989476304F70005458280832748
:10916000451113070004BC33A305F5021C2993F62F
:10917000B70F6396E600930750041CA90DA01307D0
:1091800050056390E7028327050A93E70720232011
:10919000F50A85471CA91C3993E707F81CB9014556
:1091A0008280130750066395E7009307A006F1B786
:1091B00013075008639BE70085471CA98347A50256
:1091C00093E717002305F502F9B7383559F7130768
:1091D00000026386E700130730026395E7009307F8
:1091E000600261BF1307A007E399E7F6930710F841
:1091F00069B778298D46832745116311D706D42393
:10920000A305D502BC336392E7023C35A1EB1C29D0
:10921000130700026386E700130730026395E70037
:10922000930760021CA9014582807D476364F702B1
:1092300035476375F702C91793F7F70F4547636F13
:10924000F700172701001307A700B3C7E7209C43C7
:10925000BA97828713073002638BE7060545828041
:109260001C291307000493F7B70FE39EE7FA93074F
:1092700050044DBF182993070003E311F7FE8547FB
:1092800055B7182993070005CDBF18299307500536
:10929000E316F7FC8327050A93E707202320F50A46
:1092A00085471CA91C3993E707F81CB9ADBF1829DD
:1092B00093075006E314F7FA9307A006A5B71829F9
:1092C0009307A007E31CF7F8930710F8A1BF18292C
:1092D00093075008E314F7F885471CA98347A502B4
:1092E00093E717002305F50275BF782989476304C2
:1092F000F700054582808327451117E7FE1F1307F6
:10930000E7F00346A704BC330347970493F6F7013D
:109310009983636AD70003478516218B09C73357A2
:10932000F640058B0DE76947B317F028F18F230648
:10933000E5028D8B1307000291E379478327850AA5
:10934000A305E50293E727002324F50A5DB7182952
:109350002307F516A306D51685476317F70093076D
:1093600060061CA9014582808327850A93E7074090
:109370002324F50AC5BFB1475CB983270511C5CBC6
:109380000947A30AE5048356E505035705048355F9
:10939000050663E7E60013865500998E6343D602FF
:1093A00097E6FE1F83D646F10D4811466365D80047
:1093B000850613F6F60F2E972107A30AC504231F6F
:1093C000E5042381070003475505B8B30347650546
:1093D000035685058356A505D8A303576505F0A355
:1093E00094A72183D8B313578600F8B313D7860008
:1093F00098B70357C50593558700ACB78345E50576
:10940000B8A7CCA78355E505A181CCB72E3D8147F0
:109410006399C500523D6316D6007E3D998F93B780
:1094200017002311F506C1471CA901458280054597
:10943000828083270511094758B999CFB8A30347FC
:109440004505B8B38347A50293E787002305F502D6
:10945000F1471CA9014582801D45828085475CB982
:109460008327051181CB1547B8A39307B0021CA928
:10947000014582800545828085475CB983270511B7
:1094800081CB1947B8A39307D0021CA9014582805C
:109490000545828089475CB98327051191CB1D471B
:1094A000B8A3832705110347D5020145B8B38280CD
:1094B0000545828085475CB98327051191CF2947EF
:1094C000B8A38347A50293E747002305F502930756
:1094D00050031CA9014582800545828085475CB9FF
:1094E0008327051181CB2D47B8A3930770031CA9CF
:1094F000014582800545828099475CB98327051123
:109500003147B8A317E7FE1F130747D0562BB4B354
:10951000742BD4A3762BA182D4B3142FF4A3183FB9
:10952000F8B38347E50213F7070401CF9307A003BD
:109530001CA98347E50293F7F7072307F5020145C6
:109540008280858BFDD78327050AA30505022307A3
:10955000050293E707042320F50AE1BF89475CB9B8
:109560008327051191CB3547B8A3832705110347FE
:10957000B5020145B8B38280054582808D475CB94C
:109580008327051199CB4547B8A30347C502B8B354
:109590000347B5020145D8A38280054582808547EF
:1095A0005CB98327051191CF4947B8A39307A0045D
:1095B0001CA98347A50293E747002305F50201454F
:1095C00082800545828085475CB98327051189C75C
:1095D0004D47B8A301458280054582808327051148
:1095E000C5C7254758B95147B8A30347051D83563A
:1095F000251DB8B30347151DD4B3D8A313D78600D0
:10960000F8A30347451DF8B30347551D98A7035713
:10961000651D13568700B0A798B783457514094692
:109620006383C502032605109315B0286D8E01EEE5
:10963000056613068684B3D6C60AD4B333C60608B5
:1096400093568600F4A30346651489466303D60245
:10965000832605101316B028F18E81EE8566938659
:1096600086843357D70A98B7B346070813D78600BE
:10967000B8A78347A50293E747002305F5029307A0
:1096800000051CA9014582800545828083270511BC
:10969000C9C3254758B95547B8A30347051D035605
:1096A000251D8566B8B30347151D938686843356FA
:1096B000D60AD8A30347451DB3450608F8B30347A8
:1096C000551D98A70357651DD0B313D68500335792
:1096D000D70A98B7B346070813D78600F0A3B8A7F0
:1096E0008347C507A305050299C78327050A93E7A2
:1096F00007102320F50A8327450A1317B0287D8F0A
:1097000009C79397B7482322F50A85471CA9014545
:10971000828005458280032705118D475CB9D947B2
:109720003CA38346451434B383475514918A5CA304
:109730000357651EA1C69306F034814763FDE6001A
:10974000930787E80357851405CB8587938757FDD3
:109750008D87B3C707080357451EB357F70A23077A
:10976000F5048347A50293E747002305F502930715
:1097700050051CA9014582808D87C9BF858B89CB87
:10978000130707FBA1473347F702B3470708E1B7C1
:109790001307C7FB9147C5BF032705118D475CB968
:1097A000DD473CA3834745143CB38346551454A37B
:1097B0000347B514F98F93F647000357651EA1C6FA
:1097C0009306F034814763FDE600930787E803576B
:1097D000851405CB8587938757FD8D87B3C7070809
:1097E0000357451EB357F70A2307F504930780056F
:1097F0001CA98347A50293E747002305F50201450D
:1098000082808D87C9BF858B89CB130707FBA14752
:109810003347F702B3470708E1B71307C7FB914780
:10982000C5BF95475CB98357050403270511E14679
:10983000A107B3C707082316F51434A38346A5145C
:1098400034B30346B514A30207002303070050A353
:1098500083258514416663F3C50081475CB3A1830A
:109860007CA393F746000357651E95CF9306F0340B
:10987000814763FDE600930787E80357851415C306
:109880008587938757FD8D87B3C707080357451E04
:10989000B357F70A2307F504930790051CA9014560
:1098A00082808D87F9BF858A89CA130707FBA14784
:1098B0003347F702B3470708D1BF1307C7FB9147E8
:1098C000C5BF032705118D475CB9E5473CA3834617
:1098D000751483476514B317F028B397D7283CB3A2
:1098E000834715145CA38347A50293E7470023052C
:1098F000F502930700061CA90145828089475CB9DF
:10990000832705117547B8A317E7FE1F0347379054
:10991000B8B3930750071CA90145828089475CB9F9
:10992000832705117947B8A30347F502B8B3832706
:10993000050A9397F7282320F50A85471CA90145B6
:10994000828017E7FE1F0327A7915C2393068005FB
:10995000B387D702145703270511BE96A5475CB9F4
:10996000930700023CA30356651E8357251EB2973A
:10997000D05A9387C712B3F7C70A3CB313D68700F0
:10998000C18350A35CB39C5E7CA313D68700C183C4
:1099900070B31CA7DC2E1CB7DC3E3CA79307C007A6
:1099A0001CA90145828091475CB9832705111307E3
:1099B0003002B8A303472517118B1DC7034745176E
:1099C0007D173317E028B8B30147D8A303473514F0
:1099D000D8B38347A50293E747002305F502930711
:1099E00050F81CA901458280034775143317E028FD
:1099F000B8B30307F517D1BF0327051195475CB925
:109A0000930740023CA38306351483079517958F6F
:109A100093B7170086073CB3030685176315D60076
:109A200093E717003CB30306751750A383476517E8
:109A300054B37CA383472517858B81CB19C6832715
:109A4000050A939707292320F50A0145828091474B
:109A50005CB98327051113078002B8A317D7FE1F2F
:109A60000347E77FB8B32947D8A313072003D8B328
:109A7000930750F91CA901458280411126C2832415
:109A8000051106C622C4A1475CB9A1C483570504C9
:109A9000035705062A8493058512BA97A907231749
:109AA000F5128547BCA01385340015469770FE1F3C
:109AB000E780C0F68347E41201459CA48357E41273
:109AC000A1839CB4D5471CA8B240224492444101D2
:109AD00082800545D5BF411126C28324051106C6E3
:109AE00022C4B5475CB99DCC91472A84BCA093059C
:109AF000451C2146138534009770FE1FE78000F255
:109B00001385B40011469305C41C9770FE1FE780AF
:109B1000E0F0930720021CA80145B2402244924481
:109B2000410182800545D5BFA5475CB98327051152
:109B30009DCF411122C406C62147B8A32A8403251C
:109B400005119305840F21460D059770FE1FE780D0
:109B5000E0EC8347A402014593E747002305F402A4
:109B6000930700031CA8B2402244410182800545AE
:109B7000828083270511A9C3411122C406C6254747
:109B800058B9B8A32A84032505119305840F2146EB
:109B90000D059770FE1FE78060E88327040AA30580
:109BA0000402014593E707022320F40A85471CA815
:109BB000B24022444101828005458280A5475CB9BC
:109BC000832705119DCF411122C406C63947B8A38A
:109BD0002A84032505119305840F21460D059770EE
:109BE000FE1FE780A0E38347A402014593E74700F7
:109BF0002305F402930700031CA8B240224441014C
:109C0000828005458280411122C406C6E1472A842C
:109C10005CB90325051141C9BD473CA183474407F1
:109C200039053146A30AF5FE834754079305840698
:109C3000230BF5FE83476407A30BF5FE83576407E8
:109C4000A183230CF5FE8347A405A30CF5FE8357DF
:109C5000A405A183230DF5FE8347C405A30DF5FEDE
:109C60008347D405230EF5FE83574406A30EF5FE65
:109C700083476406230FF5FE83576406A183A30F71
:109C8000F5FE9770FE1FE78060D98347A402014567
:109C900093E747002305F402930700041CA8B24091
:109CA0002244410182800545DDBF411122C406C620
:109CB000E1472A845CB90325051151C1C1473CA184
:109CC0008347440739053146A30AF5FE8347540705
:109CD00093058406230BF5FE83476407A30BF5FE6B
:109CE00083576407A183230CF5FE8347A405A30CC7
:109CF000F5FE8357A405A183230DF5FE8347C40514
:109D0000A30DF5FE8347D405230EF5FE83574406C5
:109D1000A30EF5FE83476406230FF5FE8357640602
:109D2000A183A30FF5FE9770FE1FE78020CF930756
:109D300040041CA80145B2402244410182800545EF
:109D4000DDBF011122CC26CA4EC606CE4AC89307F3
:109D500030025CB993070510804B7147AA8438A084
:109D60000347051583A9070638B00347151558A002
:109D70006389091C832705090325C50817D7FE1F1A
:109D80001307071763E1A71A3385A74083A7090ABA
:109D900063EEA7183385A740B7470F0093870724C2
:109DA000B335F502522781463305F502EFF0C03492
:109DB000B7C703000967938747FC7D1763FBA716A6
:109DC0009307C012B357F502F98F0547B3C70708C9
:109DD0005CB01607A183D98F138909087CA083275B
:109DE000C90519469385690DA1837CB033C707085F
:109DF000935787001CA4834709031305D4011CB49F
:109E0000834719033CA4834729033CB483473903A0
:109E10005CA4032749035C347D8B819BD98F5CB4A0
:109E200003C7F90D93F7F70FFD8B1607D98F5CB4B5
:109E3000834749017CA4834759017CB48347690166
:109E40001CA8834779011CB8834789013CA8834734
:109E500099013CB88347A9015CA883D789089386F8
:109E6000170033C70608218354B878A803C7040431
:109E700078B803C714041CBCA18318AC3CAC83C7DE
:109E8000F40203C7490D9607D98F03C7590D12076E
:109E9000D98F3CBC83C7C90DFD17B317F0285CAC44
:109EA0009770FE1FE78080B783C7090EA9C7130705
:109EB000B002D8B81307A00238A003470904A302D0
:109EC000E402034719042303E40203472904A3031C
:109ED000E40203473904A304F4022304E40283C721
:109EE000190E2305F40283C7290EA305F40283C7C4
:109EF000390E2306F40223A00416138704081C530A
:109F000001459397F7291CD383C70404A301F402E6
:109F100083C714042302F402F2406244D24442494B
:109F2000B249056182801447B697B9BD1447B69708
:109F300095B5F947B357F502F98FB3C7070801473D
:109F400041BD032945160545E30809FC83A704091B
:109F500003A5C40817D7FE1F130787F963EEA714DC
:109F60003385A7408327890963EBA7143385A7406E
:109F7000B7470F0093870724B335F5025227814670
:109F80003305F502EFF04017B7C703000967938761
:109F900047FC7D1763F8A7129307C012B357F50269
:109FA000F98F0547B3C707085CB01607A183D98F9F
:109FB0007CA0834769081946930569037CB08357E1
:109FC00069081305D401A1831CA48347090A1CB4A2
:109FD0008347190A3CA48347290A3CB48347390ABA
:109FE0005CA40327490A5C347D8B819BD98F5CB4C8
:109FF00083C7F402583496077D8B5D8F58B40347AE
:10A00000C90878A40347D90878B40347E90818A811
:10A010000347F90818B80347090938A8034719097D
:10A0200038B80347290958A8035789089356870069
:10A0300058B874A883C604047D1774B883C6140482
:10A0400018BC14ACB346070813D7860038AC0347D6
:10A05000F907D98F034759031207D98F3CBC8347AF
:10A060000908B317F0285CAC9770FE1FE780009BCF
:10A070008327C90A9DCF1307B002D8B81307A002DF
:10A0800038A09823A302E40298332303E402B82300
:10A09000A303E402B8332304E402D823A304E402B4
:10A0A000D8332305E402F823A305E402FC33230696
:10A0B000F40223A2041691B51447B69755B5144778
:10A0C000B6976DB5F947B357F502F98FB3C70708CF
:10A0D0000147D9BD411106C6AD475CB983270511BB
:10A0E0001307900293057519B8A313853700294605
:10A0F0009770FE1FE7808092B24001454101828047
:10A1000083254511411122C426C206C6DC21B8317F
:10A110002A84A207D98F05651387A7FF9306A5C7D1
:10A12000F9443347070863E4E60AF821D4311305FC
:10A1300005C82207558FF944636BE5086369F70882
:10A140009025F4312206558E9306301F63E1C60830
:10A15000B42503C89500A206B3E606016369D506D7
:10A1600013051600334505083305F502139836002C
:10A17000635F0505A83519C1636BA7040358A403E1
:10A180008144639C0701631AF7000358C4036316F4
:10A19000C800663C958C93B41400231DC40423129C
:10A1A000A406231AF406231BE406231ED404DC357C
:10A1B000D8253146A207D98F2313F406B905130514
:10A1C00084069770FE1FE780608591475CBCB240B3
:10A1D0002244268592444101828079714AD0032924
:10A1E000051106D622D426D24ECE52CCDD475CB91C
:10A1F000630409108D472301F9002A84EFB09EBA49
:10A200009304541B2AC4EFB0FEB921462C002AC681
:10A2100026859770FE1FE78060808347741B034785
:10A22000641B9309D41BA2074207BA970347841BF8
:10A23000BA970347541B6207BA972324F40C0347C9
:10A24000A41B8347B41B4207A207BA970347C41B4A
:10A25000BA970347941B6207BA972322F40CEFB016
:10A260007EB42AC411462C004E859760FE1FE780FD
:10A27000E07A8347E41B0347D41B2146A207D98F0A
:10A280000347F41B9305B41A1305390042075D8F89
:10A290008347041CE207D98F232EF40C9760FE1F1E
:10A2A000E780C0778347441B0347341B21462306BE
:10A2B000F900A305E900A6851305D9009760FE1FE4
:10A2C000E780C075130559011146CE859760FE1FC2
:10A2D000E780C0748347A402014593E74700230544
:10A2E000F402930700021CA8B2502254925402595F
:10A2F000F249624A456182800545FDB7411122C499
:10A3000006C685475CB98345D5162A8403270511FF
:10A310000345E516854693176500CD8F3CA3ED47B1
:10A320003CB35C240346C41693E707025CA4EF50D9
:10A330001036930770061CA8B24022440145410123
:10A340008280832745111303000ECC23B433A2056A
:10A35000D58D938655FEB3C606086361D306F023F8
:10A36000D43311682206558E930686EB13088814A1
:10A37000B3C606086364D804942783C87700A2068E
:10A38000B3E61601938856FEB3C808086368130342
:10A3900083C89700BC27A207B3E71701938887EB10
:10A3A000B3C80808636C1801231CB51C231DC51C09
:10A3B000231ED51C231FF51C6FC02F8B05458280E3
:10A3C000AA87283505476310E50AF42B3147639DBA
:10A3D000E60803A747113433A38AD7045433502324
:10A3E000A206D18E239BD7046C337423A205D58D8E
:10A3F000239CB704103714272206558E239DC704CB
:10A4000034372827A206C98E239ED70448275837F9
:10A410002207498FAA3F239FE70401476319B5002C
:10A42000CE3F6396C500FA3F158F1337170023916F
:10A43000E706982B930600046300D70293064004B6
:10A440006314D700054798AB983B9546D4BF136774
:10A4500017F898BB0145828003C7A702136717004E
:10A460002385E702C5B70545828078298947631BA4
:10A47000F70083274511BC33230AF504F5471CA9CF
:10A48000014582801D4582802A8728353DE5742B51
:10A49000B5476394F606142B93070002639FF604F6
:10A4A0008327471193050708D433D023A206420619
:10A4B000B296F023B296B0336206B296B4C1943726
:10A4C0009027A2064206B296B027B296F0336206F3
:10A4D000B296D4DDD027B4372206558ED437FC2768
:10A4E000C206D18EE207D58FBCD11C3B93E7870013
:10A4F0001CBB930730021CAB828005458280383537
:10A50000AA8719EF68290547631CE500942B1307F8
:10A5100030026398E6001307C00298AB01458280C1
:10A5200005458280AA87682905476318E502982BAC
:10A530009306B0026319D7001307E00298ABA38516
:10A540000702014582809306D0026319D7001307E2
:10A55000E002A385070298ABEDB705458280782914
:10A5600089476315F706E947A305F50283274511D7
:10A570003947BC336390E702182993070003631738
:10A58000F7048327050A93E707022320F50A854786
:10A590001CA979A0C51793F7F70F51476368F70215
:10A5A00017170100130747CFB3C7E7209C43BA979B
:10A5B0008287832785101829F59B2324F51093079C
:10A5C00000046315F700930760041CA9014582800D
:10A5D00018299307A004E31BF7FE85471CA98347AE
:10A5E000A50293E717002305F5021C3993E707F846
:10A5F0001CB983270510C18BF1FB83278510BD9BF8
:10A600002324F510E1B7182993070005E310F7FCA0
:10A6100085471CA98327050A93E707102320F50A1D
:10A620001C3993E707F81CB955B71829930750054B
:10A63000E31EF7F88327050A93E70720B9B718291F
:10A6400093075006E314F7F88327050A9397B72872
:10A650002DBF182993075007E31AF7F68327050A39
:10A660009397F7281DB7182993075008E310F7F6BA
:10A6700085471CA98347A50293E717002305F50228
:10A6800045B7AA8728350547631DE500F82B631BEE
:10A69000A700982B6318A7001307600398AB014528
:10A6A000828005458280AA8768290547631EE504E4
:10A6B000982B930670036314D70203C7A70223865F
:10A6C00007049376070499C61377F7FB136707010E
:10A6D0002385E7021307800398AB01458280930628
:10A6E00050036314D7021307800398AB03C7A70274
:10A6F0002386070493760704EDD21377F7FB1367DD
:10A7000007012385E702D1BF054582807829994753
:10A710006315F70883274511B833A307E504D83339
:10A72000D4232207558F2318E504F823FC3314297A
:10A73000A207D98F2319F5041307A0038347E50265
:10A740006392E604858B99CB8327050AA30505024E
:10A750002307050293E707042320F50A8347A50290
:10A7600093E717002305F50285471CA91C3993E7D9
:10A7700007F81CB98347E50293F7F7FB2307F502B7
:10A780000145828093974760E3D207FE8327450AFD
:10A7900093E707042322F50AD1BF05458280AA87E3
:10A7A000682905476310E50403A78710418B05CF8F
:10A7B000982B6317A7001307B00498AB014582805C
:10A7C0009306A0046319D70003C7A70288AB1367D9
:10A7D00017002385E70203A7870A1367070423A44A
:10A7E000E70AE9BF05458280AA8768290547631003
:10A7F000E502942B1307A004639CE60003C7A7029D
:10A8000088AB0145136717002385E7028280054561
:10A81000828078298D476315F71A1C3983264511E4
:10A820008D8B89EB0C292147938705FC93F7F70F54
:10A830006361F702D9472306F5029307A002A30537
:10A84000F5028327850A93E727002324F50A0145AB
:10A8500082803C35639A0714930750056398F5008E
:10A86000D9472306F50293073002D1BF97D7FE1FC1
:10A870009387C799D02203C7A70383C7B703718FF4
:10A880002305E514B432F58F83466514A305F5144A
:10A89000B318D02863141701230505140346751453
:10A8A0003318C02863940701A30505148347A51432
:10A8B0000347B514E9CF45CB93F627009DCA13761D
:10A8C000270039C6930720202315F5148347A514C4
:10A8D0006394F800230505148347B5146314F80046
:10A8E000A30505148547639CF50A930760051CA919
:10A8F000B9BF13F647001DE6858BB9E785472305E9
:10A90000F51493772700B9CB8947A305F5147DBFCC
:10A9100013F6470015C21376470001EE858B8DEBC9
:10A920008947F1BF1376470009E6858B95E3914788
:10A93000F9B79307404049BF858BFDD39377170044
:10A94000E5D39307101049B793761700FDFA45BF7A
:10A9500093771700FDF79147E1F655B7118B8547BF
:10A960004DD791475DB733D6C740058A01C6230549
:10A970000515A9BF13F7270009C789472305F51453
:10A98000B1B7918B99C39147D5BF8547C5BF1DDF2F
:10A99000B356D740858AB5D6A305151505BF8327BD
:10A9A000850A93E7071055B585476396F500DC22C5
:10A9B000A305F5141DBF8327850A93E7072071B50A
:10A9C0000545828074290D47AA87639CE6141429E3
:10A9D0001307500505456397E614A837631305145C
:10A9E00083C6471403C7571403A6471133F8E6007C
:10A9F0004C22631E08006396B600034836006308C5
:10AA0000E800239507141307700598AB8280ED8E3C
:10AA10002385D7143032718F03C66714A385E714DA
:10AA2000B318C028639416012385071483C57714CF
:10AA30003318B02863140701A385071403C7A714AC
:10AA400083C6B71479C7D5C2137627000DC693F510
:10AA50002600A9C1130720202395E71403C7A714D4
:10AA60006394E8002385071403C7B714E31DE8F8CF
:10AA7000A385071449BF937547009DE5058B39E70A
:10AA800005472385E71413F7260039CB0947A3852B
:10AA9000E714E9B79375470095C193F5460081ED3A
:10AAA000058B0DEB0947F1BF93F5460089E5058B52
:10AAB00015E31147F9B71307404079BF058B7DD3E4
:10AAC00013F7160065D31307101079B713F61600A5
:10AAD0007DFA45BF13F716007DF7114761F655B7AC
:10AAE000918A0547CDD611475DB7B355B7408589E3
:10AAF00081C5238507159DB79376270089C6094729
:10AB00002385E714A1BF118B19C31147D5BF054792
:10AB1000C5BFA9D633D6C640058A35D6A385171535
:10AB200035BF05458280AA87283505476317E506A6
:10AB3000F42B15476394E606982B9306500563069D
:10AB4000D70093068005631BD70403C7A70283A51C
:10AB50004711136717002385E702D0211147636B64
:10AB6000C702B4316368D7021307F6FF1388F6FFF4
:10AB7000718F3378D8003367070109EFF821C831A6
:10AB80002385C7142207498F2396E714A385D7147A
:10AB90001305A00588AB0145828005458280AA8700
:10ABA000283509EDF42B0D47639AE600942B0547F1
:10ABB0006396E6001307100698AB828005458280F5
:10ABC000782989476317F702832745111829BC3371
:10ABD0002308F50285476317F700930760071CA950
:10ABE000014582808327850A9397B7282324F50A95
:10ABF000C5BF0545828078298947631AF70218295D
:10AC0000930750076313F70283274511BC332308CA
:10AC1000F5028327050A9397F7282320F50A85472D
:10AC20001CA91C3993E707F81CB90145828005452A
:10AC3000828074291547AA8705456390E60C942BFA
:10AC4000130750080545639AE60A03A747113433F2
:10AC5000A38AD71683064700A38FD716030657008B
:10AC6000238DC7167823238FE71603C727179375FD
:10AC70004700A5C98946A389D71683A6070A6D9BF5
:10AC80002389E7169396062923A0D70A03C74718F6
:10AC90009376170099CE9306F0076306D6001367E4
:10ACA00027002382E71803A7070A1317172923A0F1
:10ACB000E70A17C7FE1F03479755A387E70203C795
:10ACC00047030145A38DE716054798AB03C7A702C5
:10ACD000136717002385E702983B136707F898BBB3
:10ACE0008280098B45D7DDD203A7070AA389A7165F
:10ACF0001317072923A0E70A51BF828078299547B7
:10AD00006311F70A03274511BD463C3363E0F6069D
:10AD100097C6FE1F83C65653FD8EA9CA742313F629
:10AD20001700230DD51683065700A30FD51639C279
:10AD3000814711A085478507230AF5165C23A30ADE
:10AD4000F5168347251713F747001DCF0947A309B9
:10AD5000E5160327050AED9B2309F51613170729A6
:10AD60002320E50A83474503A30DF516014582809C
:10AD70008947D1B713D6174855FE13D627486DFA21
:10AD80008D87CDDF8D4745BF898BE9DFE1DE8547C4
:10AD9000A309F5168327050A939707292320F50AA7
:10ADA000D1B70545828074291147AA870545639E5E
:10ADB000E608B037054705456319E60883A647113D
:10ADC000A8326364A602D822130810099305B7FFBE
:10ADD00093F5F50F636BB800CC329386B5FF93F60D
:10ADE000F60F6364D80063F1E5027947A385E702B3
:10ADF000130780022386E70203A7870A1367270049
:10AE000023A4E70A0145828083A6C71093F60608AB
:10AE1000F5DA83C6E7186316C50293E616002387A2
:10AE2000D7189306000AA387E7183307D702B63F5F
:10AE30003347D70283D60704850636972398E71849
:10AE4000D1B7D99A2387D71875BF828078299307FD
:10AE5000B0026319F71C8357051E411126C206C6AE
:10AE600022C44AC09306A002AA8463F3F61A17C943
:10AE7000FE1F032929410545630D09188327C901D0
:10AE8000B98B6398071803A4441119465C2C1387E7
:10AE9000F7FF9375F70F636DB6167D8F631A07166C
:10AEA00003C7E4146306071690281307000463130E
:10AEB000E60203A7040AA385D4021367470023A070
:10AEC000E40A1307200798A803C7A4021367170012
:10AED0002385E40293D717488507230EF90C3C3CE1
:10AEE00019469305D40113F7F700230AE90C93D709
:10AEF00047481305690DA30AF90C9760FE1FE78008
:10AF0000E0B15C349583A30FF90C78301C243438FD
:10AF1000A30EE90C7834230FF90C7C242207A20637
:10AF20005D8F1C28C207D98F183862075D8F930781
:10AF30000908D8CB3828D98E58284207558F98CF82
:10AF4000382414342207558F3434C206D98E58243D
:10AF50006207558F543498DBFD8AD4DB03476402C3
:10AF6000834654022207558F83467402C206D98E47
:10AF7000034784026207558FB8C3834794022300B6
:10AF8000F90E8347A402A300F90E8347B4022301FC
:10AF9000F90E8347C402A301F90E5C203830A207E2
:10AFA000D98F2399F4147C205830FD8BA207D98FB8
:10AFB0007820239AF4149376070281CA1377070442
:10AFC00039EF9397E728239AF4147C285838A2077E
:10AFD000D98F239BF4141C2C7838A207D98F239C7B
:10AFE000F4143C2C183CA207D98F239DF4148347FA
:10AFF000440203473402A207D98F239EF41483A787
:10B00000040A9397E72823A0F40A930710079CA843
:10B010000145B24022449244024941018280717745
:10B02000D98F55B7054582807829AD476318F70257
:10B03000411106C68347E51883254511294693E744
:10B0400007012307F5188D05130575199760FE1F75
:10B05000E780C09CB2400145410182800545828065
:10B06000782993073002631EF7180357051E411114
:10B0700026C206C622C44AC093072002AA8463F8E7
:10B08000E71617C9FE1F0329E91F054563020916C4
:10B090008327C901B98B639D071403A44411994602
:10B0A0005C2C1387F7FF1376F70F63E2C6147D8FCE
:10B0B000631F071203C7E414630B071294281307D6
:10B0C00000046395E6021307A002A385E40203A728
:10B0D000040A1367470023A0E40A1307200798A86F
:10B0E00003C7A402136717002385E40293D7174808
:10B0F0008507230EF90C3C3C19469305D40113F740
:10B10000F700230AE90C93D747481305690DA30AF2
:10B11000F90C9760FE1FE78060905C349583A30F65
:10B12000F90C1C247830230FF90C7C34A30EE90CA5
:10B130007824A207D98F182842075D8F1C38E207B0
:10B14000D98F3838232AF9083C2822075D8F5C28DC
:10B15000C207D98F232CF9083C241834A207D98FB1
:10B16000383442075D8F5C24E207D98F5834232896
:10B17000F90A7D8B232AE90A5C203830A207D98F8F
:10B180002399F4147C205830FD8BA207D98F7820A6
:10B19000239AF4149376070281CA1377070439EFD0
:10B1A0009397E728239AF4147C285838A207D98F5C
:10B1B000239BF4141C2C7838A207D98F239CF414F9
:10B1C0003C2C183CA207D98F239DF41483474402DA
:10B1D00003473402A207D98F239EF41483A7040ADD
:10B1E0009397E72823A0F40A930710079CA801452A
:10B1F000B240224492440249410182807177D98F42
:10B2000055B7054582807829E1476319F70C032774
:10B210008510411122C406C626C2098B2A8485479F
:10B2200019CF2435639CF404EFE09FED1C28A3059F
:10B23000A402639C9700930710041CA88147B240A6
:10B24000224492443E854101828013070004639C9E
:10B25000E700930710041CA88347A40293E7170094
:10B260002305F402E1BF8327040A93E72700232084
:10B27000F40A1C3893E707F81CB8C9B718390D8BC6
:10B2800019CF9307A002A305F402BD472306F402D9
:10B290008327840A93E727002324F40A45B7182953
:10B2A0006317F700EFE0DFE5A305A40269B7930693
:10B2B0000002631ED700EFE0BFE4A305A4023DFD3A
:10B2C0008327440A9397F7292322F40A85BF93061C
:10B2D0000004E316D7F69307300275B785473E851D
:10B2E0008280411106C622C426C24AC00349B50065
:10B2F000631B09067829A5472A846316F706832766
:10B30000850FA18BADC393040510CC48214626853B
:10B310008D059750FE1FE78060709C403737780896
:10B320001307070D13060408D98F385ED4407D8FAC
:10B330007C5E93E6060198C4F58FDCC41828854727
:10B34000631CF700930710031CA8B24022449244E8
:10B350004A850249410182808327840A93E70701D5
:10B360002324F40ADDB70549CDB741114AC006C60A
:10B3700022C426C27829A54705496311F706182972
:10B38000930700032A840549631AF7049304051000
:10B39000CC48214626858D059750FE1FE780006822
:10B3A0009840B73778089387070D5D8F9307040897
:10B3B000B45FD040F98EF85F1366060194C4718FB4
:10B3C000D8C4A305040298531367070298D31C3806
:10B3D00023082401014993E707F81CB8B24022442E
:10B3E00092444A85024941018280411122C406C625
:10B3F00026C22A84283585476318F5067828A5478C
:10B400006318F7041C28639AA70493040410CC481B
:10B41000214626858D059750FE1FE78020609C40C1
:10B42000373778081307070D13060408D98F385EDD
:10B43000D4407D8F7C5E93E6060198C4F58FDCC412
:10B44000930710031CA81C38014593E707F81CB8A4
:10B45000B24022449244410182808327840A93E7C8
:10B4600007012324F40AC5B70545DDB7411122C4FD
:10B4700006C626C22A84283585476311F504782834
:10B48000A1476318F702832444111305841215465B
:10B49000938534009750FE1FE78040589C349824D1
:10B4A0000145A207D98F2317F4121C3893E727F818
:10B4B0001CB8B24022449244410182800545D5BF68
:10B4C000011122CC06CE26CA4AC82A8428358547CF
:10B4D000631CF5107828DD476312F71083244411AC
:10B4E00021461305B41A938534009750FE1FE78058
:10B4F000E052B834DC24A309E41A230AF41AEFA0BA
:10B500007E8A2AC4EFA01E8A2AC621462C00130573
:10B51000441C9750FE1FE7806050FC34F82413054C
:10B52000C41CA2074207BA97982811462C00BA9764
:10B53000D8346207BA972324F40CBC38B828A20781
:10B540004207BA97D828BA9798386207BA97232241
:10B55000F40C0347541C8347641C4207A207BA97A4
:10B560000347741CBA970347441C6207BA97232009
:10B57000F40C0347941C8347A41C4207A207BA9704
:10B580000347B41CBA970347841C6207BA97232E5B
:10B59000F40AA247374703001307D73FB387E702F0
:10B5A00037A72600130737ECBA973EC49750FE1F03
:10B5B000E780C046FC28D8380145A207D98FF83863
:10B5C00042075D8F9C2CE207D98F232EF40C832732
:10B5D000C41C2320F40E930710021CA8F2406244FE
:10B5E000D2444249056182800545CDBF7829914703
:10B5F000631DF712411126C28324451122C406C6D9
:10B60000BC302A8481CB1387F7FF7D8F01E73D474C
:10B610006376F70293070002A305F4029307300252
:10B620002306F4028327840A93E727002324F40ADD
:10B63000B24022449244014541018280D430130734
:10B64000E0076387E60013F7170021C3814721A0B5
:10B65000F947D9B785478507230AF416838744003D
:10B66000C9C303053414A30BF4163307F50013758F
:10B67000F50F6356F0028307941763D6E702898FAC
:10B68000A30BF4160DA08947F9B713D7174879F320
:10B6900013D727486DFB8D87F1D38D476DBF830787
:10B6A0008417E34EF7FC834774173E9513154560E6
:10B6B000EF40E0772301A414EF40007103473414F6
:10B6C000A301A4143307E540A30BE416EF40207652
:10B6D00083474417034734142301A414A297A38F6C
:10B6E000E716830744038306C417014763D5F600B2
:10B6F000958F13F7F70F230BE416DC300547230D66
:10B70000F4161C286396E700930760F81CA80DB791
:10B71000130750086396E700FD57230BF416EDB7A7
:10B720008327840A9397D72811B705458280782903
:10B73000A547631AF704411122C406C6142913074A
:10B7400000052A8485476394E602EFE09FBF0DE57C
:10B750008327040AA305040293E707102320F40AB1
:10B760001C3893E707F81CB885471CA88147B240EE
:10B7700022443E85410182808347A40293E717005B
:10B780002305F402F1BF85473E8582807829A547CD
:10B790006309F700054582800545B2402244410116
:10B7A000828083278510411122C406C693F70702C1
:10B7B0002A84FDD3EFE0FFB88547E30FF5FC182896
:10B7C0006317F700930710051CA80145F9B78327F5
:10B7D000840A93E707082324F40AC5BF054582803D
:10B7E000411106C622C426C22435F9E07829E14772
:10B7F0002A84631FF70A182993070004631AF70ABB
:10B800008325451105659306A5C7D821BC312207BC
:10B810005D8F9307A7FFB3C7070863E2F608FC2113
:10B82000D431130505C8A207D58F636AF50663E80E
:10B83000E7069025F4312206558E9306301F63E00B
:10B84000C606B42503C89500A206B3E606016368E0
:10B85000D50413051600334505083305E502139892
:10B860003600634EA802A83519C163EAA702231D5A
:10B87000C4042312A406231AE406231BF406231E81
:10B88000D404DC35D8253146A207D98F2313F4061A
:10B89000B905130584069750FE1FE780201893070B
:10B8A00070041CA8B2402244268592444101828043
:10B8B0008544CDBF0545828005458280054582804F
:10B8C0000545828005458280054582805C25A30A66
:10B8D0000500F19B93E717005CA5032505111335BF
:10B8E0001500828001458280411106C6EFC00FC756
:10B8F000B240133515000605410182806FF0DFFE6E
:10B90000411106C6EFC08FC505C10357C505835653
:10B91000A50503566507835545070A25EF70701F77
:10B920000145B240410182800945E5BF011113750F
:10B93000F50F06CEEFA0EFCF29C997C7FE1F83A74B
:10B94000679A93F707209DC302C402C202C08148D0
:10B950000148814701478146054681451305C003DB
:10B96000EF70B01B0145F240056182808346D5032C
:10B970001307E50302C08148014881470546814518
:10B980001305C003EF701017F1BF0945E9BF97C752
:10B99000FE1F9387A78703A7C708094529CB83A75D
:10B9A000870D011106CE93F707208DC302C402C292
:10B9B00002C08148014881470147814601468145CF
:10B9C000EF70B015F240014505618280835807028F
:10B9D0000358A7018357070583465707014602C04E
:10B9E0001307670781450945EF70D010E1BF8280DA
:10B9F000011106CE22CCEFC06FB625CD30350547FC
:10BA00002A8497C7FE1F938767806312E604F85362
:10BA1000094515CB03460403834657048358E403C2
:10BA20000358C4033E3C0E240345B40213076704C5
:10BA300032C00546EF70100C7C34A30504020145AA
:10BA400093E717007CB4F24062440561828003A74B
:10BA5000C70809456DDB834657078358E40303583D
:10BA6000C4033E3C0E240345B4021307670702C01B
:10BA7000D1B70945C9BF397106DE22DC26DAEFC02D
:10BA8000EFAD71C938352A8497B7FE1F93870778C1
:10BA90002DEBE4530945ADC0194681450810975078
:10BAA000FE1FE78020FE1946814528109750FE1F93
:10BAB000E78040FDC167FD178358A40383C6540483
:10BAC00030340E240345B4023EC89C24130881027E
:10BAD000138764043EC6834704033EC47E3C3EC2D3
:10BAE0005E3C3EC01C10EF70D0057C34A305040200
:10BAF000014593E717007CB4F2506254D25421619F
:10BB00008280A45F0945EDD81946814508109750F9
:10BB1000FE1FE78020F71946814528109750FE1F29
:10BB2000E78040F683D7240D8358A40383C65405C9
:10BB300030340E240345B4023EC89307F00F3EC6CE
:10BB400002C47E3C13088102138764053EC25E3C3A
:10BB50003EC01C1049BF094545B7397106DE22DCDD
:10BB600026DA4AD8EFC08F9F630F05143435054796
:10BB70002A8497B7FE1F93876769639AE60AE4539E
:10BB80000945C1C083C744041946898BC9C38C5871
:10BB9000BC25B5CFB10528089750FE1FE78000E807
:10BBA00083C75404138964041946898BA5CBCA85BD
:10BBB00008109750FE1FE78060E68C5819469105E3
:10BBC00028109750FE1FE78060E5834704038358E1
:10BBD000A40383C6540430340E240345B4023EC487
:10BBE0007E3C1308010238103EC25E3C3EC03C0859
:10BBF000EF70A0727C34A3050402014593E717009F
:10BC00007CB4F2506254D254425921618280814501
:10BC100028089750FE1FE780E0E659B781450810D5
:10BC20009750FE1FE78000E61946CA8551BF83A4DE
:10BC3000C7080945F9D483C744061946898BB9CF8B
:10BC40009385640628089750FE1FE78020DD83C790
:10BC50004407138964071946898BA1CBCA8508104C
:10BC60009750FE1FE78080DB83A544081946281003
:10BC700091059750FE1FE78060DA83A74408BC3324
:10BC800093E72700A38AF4068358A40383C65407C6
:10BC900030340E240345B40202C499B78145280804
:10BCA0009750FE1FE78000DE5DB708108145975072
:10BCB000FE1FE78020DD1946CA8528109750FE1F19
:10BCC000E780C0D5D1B709452DBF797122D426D2DE
:10BCD00006D6AA84EFC08F8817B4FE1F0324845AA7
:10BCE00039C5AA8709451DCC83D727151946930561
:10BCF000640D7C8685477C878357440D130521019D
:10BD0000A3040100FC8064859750FE1FE78000D1EA
:10BD10008327C40D28003ECC8327040E3ECEEF704F
:10BD2000C0680145B2502254925445618280094551
:10BD3000D5BF011122CC06CE2A84EFC02F823DC18F
:10BD40008347B502034745176083DC828347351775
:10BD5000D8845C8495EF83477517030795175C8635
:10BD6000830735145C85631CF7008947DC85480030
:10BD7000EF7080630145F2406244056182800307F1
:10BD800085176314F7008547D5B7A3050100C5B72C
:10BD90008347A5175C8583475517DC858347F517CF
:10BDA0005C86F1B70945C1BF011122CC06CE2A84B9
:10BDB000EFB0DFFA29C58307A517C084218040852D
:10BDC0001307F0076389E70203474503998FDC8572
:10BDD0008347451813F707010DE393F7070293B75D
:10BDE0001700850728005C86EF70E05B0145F24094
:10BDF000624405618280FD57DC858147E5B70945CE
:10BE0000FDB7797122D426D206D6AA84EFB01FF5E9
:10BE100017B4FE1F0324044721C5AA87094505CC92
:10BE200083D7271519469305640DFC808547FC814F
:10BE30008357440D13056101A3060100FC8264874A
:10BE40009750FE1FE78080BD8327C40D68003ECE5B
:10BE5000EF7020550145B2502254925445618280C2
:10BE60000945D5BF411106C6EFB05FEF11C9834543
:10BE700005140A25EF70A0520145B24041018280AD
:10BE80000945E5BF9375F50F01112E8506CE22CC2D
:10BE90002EC6EF901FFA05C1834605072A84B245D6
:10BEA000082D0546EF70204F0145230C0400F24099
:10BEB0006244056182800945DDBF411106C6EF700D
:10BEC000404DB240014541018280411122C406C665
:10BED00017B4FE1F0324043B094509CC0355240D68
:10BEE000EF70E04A0325C40C9307F00F2319F40CFC
:10BEF00011E50145B2402244410182809760FE1F56
:10BF0000E7806061A304040CEDB797B7FE1F83A719
:10BF1000673799CB41111385070D06C6EF70E046D0
:10BF2000B24001454101828009458280411106C627
:10BF300022C4EFB0BFE205C98346751403466514F9
:10BF40000E252A840345B5028506050693F6F60FED
:10BF50001376F60FEF7040410145A3050402B2408D
:10BF60002244410182800945DDBF411106C6EFB080
:10BF7000FFDE05C10357251E8356051E0356651EA9
:10BF80008355451E0A25EF7000390145B240410135
:10BF900082800945E5BF411106C622C4EFB01FDC0F
:10BFA00015C52A840357C5058356A505035665079D
:10BFB000835545070A25EF7080351C38014593E706
:10BFC00047001CB8B2402244410182800945DDBFD0
:10BFD000411106C6EFB09FD805C18347451B0346F4
:10BFE000351B9305B51A0A25A2075D8EEF70E03167
:10BFF0000145B240410182800945E5BF411106C6B5
:10C0000022C4EFB0BFD505C10E252A841306051042
:10C010000345B502EF70202F0145A3050402B2408D
:10C020002244410182800945DDBF411106C622C478
:10C03000EFB0DFD205C50357C5058356A5050356E6
:10C0400085050E252A840345B502EF70802B014536
:10C05000A3050402B2402244410182800945DDBFAC
:10C0600001458280014582800145828001458280B0
:10C0700001458280014582800145828001458280A0
:10C080000145828001458280014582800145828090
:10C090000145828001458280014582800145828080
:10C0A0000145828001458280014582800145828070
:10C0B000411106C622C4182193060008AA876313FB
:10C0C000D70218319306C002054563E3E60497F6EC
:10C0D00000009386662C3347D720AA231843029783
:10C0E00001453DA09306100805456313D702983318
:10C0F000E9466309D71063E5E604B1466303D70E4A
:10C1000063ECE60095466304D706A146630AD70AA6
:10C11000B240224441018280CD46E31BD7FEAA23D0
:10C12000EFB0DFC32A8429C90356450419C60E257A
:10C130000545EF70001B23120404A30804024DB749
:10C14000930670056309D70C9306F00FE30AD7F83E
:10C1500093060003E31ED7FAAA23EFB03FC02A8458
:10C1600001CD0E250345B502EF70201885A8AA233E
:10C17000EFB0DFBE2A8419E1094559BF03278511B5
:10C180000DC7835745048507B3C7070818433E8684
:10C190008507B3C707087DFB2312C40419C60E2404
:10C1A0000545EF700014231204040345B40203464E
:10C1B00044050E24EF70A0112285EFB05FAA0DB7E1
:10C1C000AA23EFB0BFB92A8445D90346C5040E257A
:10C1D0000345B5023336C000EF70A00FA30504027B
:10C1E00001B7AA23EFB09FB72A8459D50357250575
:10C1F000835605050346F5040E250345B502EF7089
:10C20000800DE9BFAA23EFB07FB53DD50345B50248
:10C21000EF70600DF1B5AA23EF70600DD1B501117B
:10C2200022CC37E400E026CA04404AC84EC652C4B5
:10C2300006CEB70720002A892E8AB289FD8C2320DA
:10C24000F4180F10000011459740FE1FE780E06DC5
:10C250001DC523004501A30035012311250123201D
:10C2600094106244F240D2444249B249224AAA851B
:10C2700017B5FE1F034575C005616F90BEA823204A
:10C280009410F2406244D2444249B249224A1145D4
:10C290000561828041114AC037E900E026C283244B
:10C2A000090006C622C4B7072000FD8C2320F91818
:10C2B0000F100000EFB09FAA11E923209910094543
:10C2C000B2402244924402494101828083270512F0
:10C2D000230D05002A84A9CF78340A25058B11EF98
:10C2E0000A24014693050008EFF07FF329C5B7E75C
:10C2F00000E023A097100145E1B7D443D0278C2755
:10C300008906EF60F07E15E183270412BA27A38423
:10C310000700136707F0BAA79C432320F412835742
:10C32000240481C7FD172311F40483270412CDFBD5
:10C33000231104046DBF85473CAC55BF411122C495
:10C3400006C62A8497B7FE1F83A787F889E7B240FD
:10C3500022444101828063848700DC5FC5BF3C24A6
:10C3600099C79305C4001305A401EFA0005C3C2805
:10C37000F9DF930544011305A4022244B2404101B0
:10C380006FA0A05AAA862E86AA851705000013055D
:10C39000C5006F90BECD411126C297B4FE1F938495
:10C3A000E4E683A7440C22C406C62A8491E7B2407F
:10C3B000224492444101828063848700DC5FFDB7A0
:10C3C0003C2499C79305C4001305A401EFA0E055D0
:10C3D0003C2899C7930544011305A402EFA0E0543B
:10C3E00022852244CC58B240924441016FF09FF91B
:10C3F00001114AC817B9FE1F130949E122CC0324D1
:10C40000490C26CA4EC652C456C206CEAA84014A58
:10C4100093094500854A65E093052025130500042E
:10C420009760FE1FE780C0022A841D4545CCBC30C2
:10C43000194693854400130544003CB09740FE1F05
:10C44000E780C05D938AA4014146814556859740A7
:10C45000FE1FE780607679E19309A401D685414605
:10C460004E859740FE1FE780C07185473CA43C3055
:10C470009305C4004E8593E727003CB4EFA0E04A43
:10C480009384A4024146814526859740FE1FE7809C
:10C49000A07241E99307A402A6853E854146BE8469
:10C4A0009740FE1FE780E06D85473CA83C30930530
:10C4B0004401268593E727003CB8EFA00047A3007E
:10C4C0000400832549032285EFF0DFEB631E0A0495
:10C4D0002322890C232E04028347090C014585077A
:10C4E0002300F90CF2406244D2444249B249224A44
:10C4F000924A056182803830BC306305F700228A99
:10C50000405C11BF4146CE85130544009740FE1F95
:10C51000E7806062E31555FF4945E9B7230504004C
:10C5200085B72309040061BF232E8A0265B7411134
:10C5300022C426C206C64AC017B4FE1F032444D92B
:10C54000FD5419ECB240224497B7FE1F23A207D82E
:10C5500097B7FE1F238C07D692440249410182807F
:10C560000820EF90BECD0329C40304A02285976064
:10C57000FE1FE78040FA4A84E9B797B7FE1F93870A
:10C58000E7C82380070C23A2070C6FA0C04341110A
:10C590004AC017B9FE1F130969C726C28324890739
:10C5A00006C622C483C7D404858BA9CB8347290040
:10C5B00049459DCF194697B5FE1F938585D31385B1
:10C5C000E4049740FE1FE78060458547BCB49CB8F3
:10C5D000BCB8BC28094798A4C1CBEF9010048327AE
:10C5E00089052A8485C79307004063EFA7001D458E
:10C5F000B24022449244024941018280194697B5D3
:10C60000FE1F9385A5CE65BF130405C08357C90AD5
:10C6100081CF17B7FE1F1307A7881E2B7837B38764
:10C62000E702E3F687FC1D8CEF90F0068D4733544C
:10C63000F4023355A40A1181334505082391A4045B
:10C640005DD512059305E024334505089760FE1F6C
:10C65000E78000E003D62404E8C02A871308F6FF29
:10C66000814763CBC704A8C483C7040217B4FE1F65
:10C67000130484800D472830639CE704F228BE38F9
:10C680003E969145EF907EAA283091459760FE1F17
:10C69000E780A04B923C19CA938614031206A68524
:10C6A000172500001305A5F0EF905E9C97B7FE1FBD
:10C6B000238E07B401452DBF63D9070193060701F7
:10C6C000B6850CC38507368769BFBA868145D5BF55
:10C6D00009476394E700B2386DB7F2285DB741119E
:10C6E0009305E0261305800E22C406C69760FE1F40
:10C6F000E78000D62A842DC91306800E8145974015
:10C70000FE1FE780203897B7FE1F23AD87B62305AD
:10C7100004002304040097B7FE1F938727D2985F75
:10C72000DC5F78D83CDCFD571EB8A30EF406A300EE
:10C73000F408970700009387C7E53CD497270000CB
:10C74000938767AE7CD4972700009387A7993CD83E
:10C7500097A7FE1F83C7C77A81EB8D4503A5C1A4A8
:10C760009740FE1FE7808074B24022852244410139
:10C770008280411122C406C626C28347C5052A8489
:10C78000A5C79305E50519461305E5049740FE1F67
:10C79000E780603AAA8429E91C28898BA5E397B72A
:10C7A000FE1F83C7B7A685CF8347D4058DCB8347AC
:10C7B00034061307000493F7070C6392E70213058E
:10C7C000C4059750FE1FE780E05468D009C9894727
:10C7D000230EF4048347D40493E7270089A8034772
:10C7E000C40589476316F70083474405A1E78544DC
:10C7F000B240224426859244410182808347D40579
:10C80000E5DB834734061307000493F7070CE39135
:10C81000E7FE97B7FE1F83C7779FF9D71305C405B7
:10C820009750FE1FE780004F68D0F9574DF1A30ED7
:10C83000F4045DBF97B7FE1F83C7579DCDDB8347C9
:10C84000540513054405A9CB8347B4051307000419
:10C8500093F7070C6392E7049750FE1FE7800048A8
:10C8600068D051D593046405A685194651059740B3
:10C87000FE1FE780A01A6C508D47230AF404BC31D8
:10C880001946910593E72700A30AF40426859740EB
:10C89000FE1FE780A018A1BF9750FE1FE780403F12
:10C8A00068D031D58947230AF4043C29A9D38D47A0
:10C8B000230AF4040431B33490001DBF0347450537
:10C8C0001DC31829AA870545058B05C3E84BAC4F46
:10C8D000411106C69750FE1FE780E050B240333545
:10C8E000A00041018280054582808280797122D436
:10C8F00006D63C292A84BDC3035705048357250463
:10C90000637EF7049750FE1FE78040448547630726
:10C91000F5000145B2502254456182805C341D47C8
:10C9200028446394E700834784025CA1834754054D
:10C930001946930564055CB18347940219057CA1EF
:10C940003E341EA59740FE1FE780400D8357040428
:10C9500085072310F4043C449C433CC4584CA16715
:10C960004834F98FE1C7994763E7A7047C2413078C
:10C970005002E360F7FA97F60000938626AD334540
:10C98000D5201841369702874D472304E4027D578E
:10C99000E917A304E402231F0402A30604022307E9
:10C9A000F40211A8930750F11EB4231F0402A3063A
:10C9B000040223070402034EE402014363090E004C
:10C9C0007C2403238407B387C74189073E9303452B
:10C9D00084028346C4020347D402834794020308B7
:10C9E0003402835EE40383455405830854018506BD
:10C9F000137F45001AC872C61306640593F6F60F36
:10CA000063030F021303E4051AC40343D4051AC2D7
:10CA100076C0EF60B0150545F5BD4147BDB76D4720
:10CA2000ADB749479DB702C402C2DDB7854763165B
:10CA3000F50417B7FE1F0327E784182B8345540519
:10CA400083075401098B1306640515C38346D40577
:10CA500099CE03473406130500041377070C6318B7
:10CA6000A7001307E4050545EF60D00F6DB7014738
:10CA700081460545EF60B00879BF742493075002E2
:10CA8000E3E9D7E889476307F50099476315F5009F
:10CA9000094511A00D45E91693F6F60F2307D402B8
:10CAA000014799C2385C2107830754018345540527
:10CAB00013066405C1B7411106C622C42A849770C3
:10CAC000FE1FE7804028930700FA3CA4A14517A564
:10CAD000FE1F0345953AEF904EED17A7FE1F130773
:10CAE000E7721C237628850793F7F70F1CA313071B
:10CAF00000643347D70263C8E700EF909EBF97A753
:10CB0000FE1F23850770B2402244410182804111FB
:10CB100022C406C6B1475CA57C590D472A8498A358
:10CB20005C25785993F7F7031CB38347D504230694
:10CB30000504898BA1C383474505898BA1C76C5127
:10CB400089ED6C50BC299DCB68581946D10521054B
:10CB50009740FE1FE78080EC15A0BC25FDD38947D8
:10CB60002306F50468591946B10509059740FE1FCB
:10CB7000E780C0EA83474405898BE1F78347C40413
:10CB8000898B91EB685819469305E4040905974091
:10CB9000FE1FE780A0E8034744058D47630BF700BD
:10CBA000685819469305640521059740FE1FE780E4
:10CBB000E0E68347D404858B91E70347C4048947A3
:10CBC0006317F70078581C2393E707041CA38347D7
:10CBD0005405858B91E7034744058D476317F7009C
:10CBE00078581C2393E707F81CA358349D474C241E
:10CBF000631EF70003455402930760FA3CA42244E5
:10CC0000B24041011753FE1F6700E353930720FA18
:10CC10003CA40145EDB7411126C29384C1A58C40C7
:10CC200097B7FE1F23AE078022C497B7FE1F23A726
:10CC3000078006C6D85597A7FE1F83C7A727B70644
:10CC40000082FD161396476093F7F703758FE6078A
:10CC5000D98FDCD51307A0032A8483A7C1A7635CFF
:10CC6000C704F84FB7060007558FF8CF2285EFF0BD
:10CC70001FEA785883A7C1A62285B8DF9C40984355
:10CC80001317772998C3D857719BD8D7EFF01FC6D1
:10CC90009750FE1FE780E03E97A7FE1F83A7477AC5
:10CCA000858BB1C797A7FE1F23AC0778B2402244FB
:10CCB00092444101828013072002635AC700F84F53
:10CCC000B70600F9FD16758FB706000571BFB706E8
:10CCD00000F96947FD166357C700F84F758FB7060F
:10CCE000000359B7F84F758F13178729BDBF9307F6
:10CCF00000FA3CA465BF797122D4930555012A84BA
:10CD0000285D014626D206D69750FE1FE780C0391F
:10CD1000894463140518305C9D46A1441C22BD8BD8
:10CD20005CB4183278A4639AD7163C22914493D607
:10CD3000670093F7F70363F2E7169944639F0614BD
:10CD40009305F7FF9D8D93F5F50F2307B402283265
:10CD5000C544937635006392061493764500639735
:10CD6000061093064600FD1793F4F70F937785009E
:10CD700095CB9C328348940213D8470063940817DC
:10CD80000568130808F083C80600A207B3F7070177
:10CD90000358A402B3E717016316F814F9148906BF
:10CDA00093F4F40F418935C19C220965130505F000
:10CDB00093F7F7032302F402BC22A207E98F88321B
:10CDC000C98F939757607EB08DCF0385060063535C
:10CDD000050A1305C01203485402B387A70205458C
:10CDE000631CA8082D070A07998F138547ED1308C0
:10CDF0004051034784026374A8081367070423049F
:10CE0000E402F5148D0693F4F40F3C3213F7070295
:10CE100061EF93F7070499C79C22FD1493F4F40F74
:10CE2000A301F402E1E40346E4027C24385C834677
:10CE3000C402918F8907BA9732C63EC802C402C2A3
:10CE40007E3C850693F6F60F3EC083085401030826
:10CE50003402834794020347D402834554050345B3
:10CE6000840213066405EF60605005A8930656001F
:10CE7000F917DDBD794585B729070E07B5B74A3CD7
:10CE8000AA9517A5FE1F0355653C635EB5001367A1
:10CE900007042304E40293040002B25022542685BE
:10CEA000925445618280136707022304E4021387CA
:10CEB000C1A608434EBC4C451398154923260501CD
:10CEC0000F100000184337050200938757ED08C77D
:10CED0001305000817A8FE1F232AA85686077CD32F
:10CEE0004CC705B7D14455BFD94445BFE14475B7D8
:10CEF0005D71A6C2B7040300A2C4CAC04EDE52DCF4
:10CF000056DA5AD85ED686C617A4FE1F0324843785
:10CF10001389C1A6370A020097A9FE1F93890952F7
:10CF2000930A0008138BC1A5938BC1A79384841522
:10CF300083270900F8537DFFD44713971649D8C7B4
:10CF40000F1000000327090093072030B7053300B6
:10CF50002324470123A859017CD354C797A7FE1F58
:10CF600023AE074C8347840293F7F7F92304F402B6
:10CF700097A7FE1F23AE074C97A7FE1F23A2074CBF
:10CF800085471CC383270B00944393F6F6CF94C3C5
:10CF9000944393F6F6CF93E6062094C383A60B0042
:10CFA00090464D8E90C624CBD856759BD8D69843C4
:10CFB00083464402137707F893F6F607558F98C314
:10CFC0009750FE1FE780E00B9770FE1FE780A0D709
:10CFD00083A70900858B89CB228597A7FE1F23AFE6
:10CFE0000744EFF05FD131C5930700FA3CA4034535
:10CFF00084028346C402830854011375F5F913654E
:10D0000005042304A402030834028347940203475F
:10D01000D4028345540502C802C602C402C2723C4F
:10D02000850693F6F60F32C013066405EF600034F0
:10D0300009A8834784021307000293F70706638D4C
:10D04000E700B640264496440649F259625AD25A3D
:10D05000425BB25B6161828038249307500AE30926
:10D06000F7EC71B75971A2D4930555012A84285D54
:10D07000014686D6A6D2CAD0CECED2CCD6CADAC87F
:10D08000DEC6E2C4E6C2EAC06EDE9750FE1FE7804D
:10D09000A001094759ED032B84071D46130700081B
:10D0A00083460B00BD8A54B483471B007CA4639263
:10D0B000C60883442B00114713DC64002304840357
:10D0C00093F4F40363F7F406138714006376F70010
:10D0D00089461947630FDC04FD17858F2307F40287
:10D0E00083473B0013094B00858B9DE7FD14834765
:10D0F0003B0093F4F40F898BC5CB0347C4053C5C1C
:10D100006300071689469C236318D70693974760E8
:10D1100063C90706494731A88347440513056405D9
:10D120008DCB1946CA859740FE1FE780C0A04547B2
:10D1300021E1B650265496540659F649664AD64A15
:10D14000464BB64B264C964C064DF25D3A856561D2
:10D1500082808547230AF40483470B001946CA8559
:10D1600093D76748A30AF4049740FE1FE780008B1B
:10D170001309AB00E514A5BF0347D4059D83E31B4A
:10D18000F7F81946CA851305E4059740FE1FE780A6
:10D19000809A49D183478402E914190993E747002B
:10D1A00093F4F40F2304F4022285EFF08FDC25477B
:10D1B00049D183463B0093F7460089C7FD14050912
:10D1C00093F4F40F93F7860095CB834719008345BA
:10D1D0009402514713D64700E39DC5F40567130732
:10D1E00007F0A207F98F03470900D98F3A34630388
:10D1F000F7003EB4F914090993F4F40F93F706010C
:10D20000C1C35547E3170CF28347090009671307A9
:10D2100007F093F7F7032302F40283472900A207DC
:10D22000F98F03471900D98F939757607EB0030792
:10D230000900635507006177D98F7EB07E30F51401
:10D240000D0993F4F40F93F6060299C783478402FD
:10D2500093E707022304F40295EA231F04029DA822
:10D260000547230EE4049C231946CA859D83A30E1B
:10D27000F4041305E4059730FE1FE780207A19BFF8
:10D2800093F60602F9DA5947E3150CEA4946CA85CE
:10D2900068089730FE1FE7806078BC8709477EBC2E
:10D2A0005C4CB98B6394E70283472408858B6383C6
:10D2B000071A97A9FE1F83A9A9FD93056405054ACE
:10D2C0006390090C8347C407639B0710B91449098D
:10D2D00093F4F40F83473B0093F7070489CB83470C
:10D2E0000900FD140509A301F40293F4F40FC9C069
:10D2F00013062003A5450545034719008347090088
:10D30000631BC7046399B7040347C4076315A704E5
:10D3100003473900834629002207558F8346490079
:10D32000C206D98E034759006207558F2320E40CAB
:10D33000034769002300E40E03477900A300E40ECD
:10D34000034789002301E40E03479900A301E40E7B
:10D350000947230EE40663FD970013871700B38780
:10D36000F440FD171377F70F93F4F70F3A99C9F4C8
:10D370002285EFF0AFD48547630BF52E054755BBEB
:10D3800003C74900834794026313F70C834754058E
:10D3900003C75900858B631CF70A1946138569007A
:10D3A0002EC69730FE1FE7800079B2456311450B0A
:10D3B00083479402A308040C2319440D230AF40C98
:10D3C0008347540519461305640DA30AF40C9730DE
:10D3D000FE1FE780A0642320040E230E440792570B
:10D3E000A2561305040B13D757001D8BA30FE40C93
:10D3F0000347540213968601A1820507230EE40C0D
:10D400007A3CA30EE40C2183230FE40C13D787008E
:10D41000598E1307040814CF8356C10250CBFD8BDD
:10D420002314D40882565CDB14DBEFA01FBB034738
:10D43000D1018967A307A40893760702F249FD1773
:10D44000A1EEB3F9F900F947B389F90295A083A9D0
:10D450000900BDB50347440D83479402E314F7E682
:10D46000834754050347540D858BE31DF7E41946A4
:10D47000930564051305640D9730FE1FE780A06BCC
:10D480008547E311F5E4A308040C2319A40C232019
:10D49000040E230EA406A1B7B3F9F900137707040D
:10D4A0009307C012B389F90201C7B7872500BE9957
:10D4B0008346540205477C246393E618AD078A0728
:10D4C000B389F940B7074B00138749ED938777DAA3
:10D4D000E3EEE7DE97ABFE1F938B8BA103D5CB006A
:10D4E00037460F008146B3A5A90213060624230080
:10D4F000040833053503EFB0304083A70B002A8AB8
:10D50000AE8A8297B307450133B5A700B30555012D
:10D5100083A68B003E8799E163E4D7003387D74029
:10D5200083A781952320E40A82971307204E33CDE9
:10D53000E90223AAA1A483D7EB00B74D0F00938D76
:10D540000D249387471F17AAFE1F034AFA9683DC10
:10D55000CB00814681456686B3C7FD02B30AED0262
:10D560003305BA03135A1A00B3DAFA02EFB0D0380F
:10D57000930600321307204E6686B387AC03AA9A3F
:10D58000B3F7D7028146B387E702B3C79703B33532
:10D59000BA03B3C70708BE9A3305BA03EFB0D03554
:10D5A00056956371350BD289B3B55C03032A040A1F
:10D5B00037460F002326540B130606248146338575
:10D5C0005C03EFB07033636CAA083305AA402322D2
:10D5D000A40A0345D4079307F00F6304F500EF8016
:10D5E000FEC58327440A17A5FE1F0325A5CA63ECC1
:10D5F0003707338637418327C40D03D7CB00930603
:10D60000D407A183B3C70708B387E7021307003223
:10D61000A2859387071933D7E7029750FE1FE7804B
:10D62000C0420347D4079307F00FE301F7CAFD5741
:10D630002319F4085C4C93E747005CCC41B9A90777
:10D640008E07BDBD37153D006686814613050590E2
:10D650008145EFB0702AB38AA9408D49B1B783A73D
:10D660008B003E9A9DB703A78B00BA9759B789479D
:10D67000631CFC007C34858B81CB8347440589C7C0
:10D680001C38CDC3FD171CB89760FE1FE780A06B48
:10D690002285EFF0AFA58347840293F70702E38F5B
:10D6A00007CC7E301397576063520708CE07CD83AF
:10D6B0001307C012034654028546B387E702782455
:10D6C0006318D6062D070A07998FB7064B001386F5
:10D6D00047ED938686DA13071002E3ECC6A413071E
:10D6E0000064E36DF7C81387C1A6104354469395B1
:10D6F00016494CC60F1000001843370602009387E6
:10D7000057ED10C71306000897A5FE1F23A0C5D428
:10D7100086077CD354C7930750FA3CA48347E4029E
:10D720005EBCA9B92285EFF00FCF89B9794759B707
:10D7300029070E0751BF411122C4930555012A84C0
:10D74000285D014626C206C64AC09750FE1FE780E4
:10D75000A095894435E5032984079D469304000874
:10D76000034709003D8B58B4834719007CA4631913
:10D77000D704034784029944136787002304E40213
:10D78000034729009376F70319831DEB13871600CF
:10D7900091446377F702FD17958F2307F4028347BF
:10D7A000390093054900858B8DCF834644050D478D
:10D7B000834709006392E61293F7070489EBC54497
:10D7C000B240224402492685924441018280685039
:10D7D000194651059730FE1FE780E0359305A900F3
:10D7E00079DD83473900C94413F7270071FB230E05
:10D7F000040413F74700CD4461F793F40702639FD5
:10D80000041213F7870005C398318566938606F0E6
:10D810002207758F94218905558F3AB403C7F5FF08
:10D820001183A304E402C18BB9CF9C2109671307BC
:10D8300007F093F7F7032302F402BC21A207F98F44
:10D840009831D98F939757607EB003870500635F47
:10D8500007081307C012034654028546B387E70240
:10D8600078246317D6082D070A07998F138747ED89
:10D870009306405163F1E6088347840293E7070467
:10D880002304F4028D058347390093F7070481C709
:10D890009C21A301F402030744013C38634AE008D9
:10D8A00085475CA82C380545EF809EDD08B82285A9
:10D8B000EFF0CF838547E315F5F083478402130724
:10D8C000000293F70706E39DE7EE930750FA3CA4A6
:10D8D0008347E4025EBCEDB50347540593D7674820
:10D8E000E31FF7EC194613056405EDB57947A5B7B5
:10D8F00029070E079DBF1387C1A6104354461395F1
:10D90000164948C60F1000001843370602009387D7
:10D9100057ED10C71306000817A5FE1F2328C5B230
:10D9200086077CD354C78347840293E7070289BFE5
:10D93000858399C33CB8BDB78547EDBFD94449B588
:10D94000011126CA9384C1A7984022CC4AC84EC66A
:10D9500006CE5C571389C1A59389C1A6F59B5CD7F8
:10D96000032709008346450217A4FE1F130404ADD4
:10D970001C4393F6F607014693F707F8D58F1CC3AF
:10D98000B7C7898E938767ED1CC7B7575500938734
:10D9900057555CC303A709009305F00F5C4393E759
:10D9A00017005CC3930710FA3CA5034555022320DA
:10D9B00004009750FE1FE780009D83A60900232ADC
:10D9C0000400032709002322040085479CC21C434E
:10D9D0003706330093F7F7CF1CC31C4393F7F7CFF9
:10D9E00093E707201CC39840F24062441C47D2448E
:10D9F0004249D18F1CC7B707030093878715BCCA5C
:10DA0000B24905618280411106C622C4FD57230830
:10DA1000F502834715022A842301F502A147A300DA
:10DA2000F50235459760FE1FE78080392285EFF0CB
:10DA30003FF19387C1A6984354471396164950C7A0
:10DA40000F1000009C433707020098C71307000817
:10DA500017A6FE1F232CE69E0567130727A8F8D3F9
:10DA6000D4C7930740FA3CA4B240224441018280CB
:10DA7000011122CC930555012A84285D014606CE6A
:10DA800026CA4AC84EC652C49740FE1FE780C061EE
:10DA900063110542832984071307F00783C6090031
:10DAA000BD8A54B483C71900A301E402230A040405
:10DAB00093F7F7037CA4230E04041D476399E63211
:10DAC000544C1167758F6318073E03C9290093747E
:10DAD000F903138714006392E73E13596900230486
:10DAE000240383C73900138A490013F7170051CB69
:10DAF0006317093CC18B91C7034714028947630030
:10DB0000F73C8547230AF40483C70900D2851946E8
:10DB100093D7674813056405A30AF4049730FE1FE2
:10DB2000E780C0EF83C73900E514138AA90013F713
:10DB3000270093F4F40F25EB83C7390013F7470050
:10DB40006311073893F60701A18BC5C383471A00F9
:10DB50000567130707F0A207F98F03470A00D98F5B
:10DB60003EB483471A009183A304F402FD572301B6
:10DB7000F402C1E6F914090A93F4F40FA3060402AF
:10DB8000F9A0FD1413F7270093F4F40F55D7630C95
:10DB900009008D44F24062444249B249224A268536
:10DBA000D24405618280C18B91C703471402894723
:10DBB000E301F7FE8547230EF4043C5CD285194649
:10DBC0009C231305E405E9149D83A30EF404973008
:10DBD000FE1FE780A0E483478402190A93F4F40F40
:10DBE00093E747002304F40281BFFD57A304F40226
:10DBF0002301F402C1D6D54471BF9760FE1FE780B0
:10DC0000801483472A000967130707F093F7F70387
:10DC10002302F40283474A00A207F98F03473A0020
:10DC2000D98F939757607EB003072A00635507008A
:10DC30006177D98F7EB083474A0009479583A30255
:10DC4000F402E36AF7FAED14150A93F4F40F83C7AC
:10DC5000390013F707026318072613F7070405C3F3
:10DC600013F7070111C7834614020947638FE6249F
:10DC700003470A00FD1493F4F40FA301E402639830
:10DC80000424631A09022285EFE0BFAE19E1A5441E
:10DC900011B72285EFE09FC27DD983C73900C18BC0
:10DCA00095E39760FE1FE780000A228523070402A0
:10DCB000EFE0DFC389B7C18B91E79760FE1FE78074
:10DCC000800815BF8347540272302306040285077B
:10DCD000A306F4029317566063DF070C4E064D82CD
:10DCE0009307C012034714023306F60285476316F2
:10DCF000F7007C24A9078E071D8EB7074B0013077A
:10DD000046ED938787DA63E6E71C9307005063E6E6
:10DD1000C70A9384C1A69C40D84793161749D4C715
:10DD20000F1000009C40B70602001799FE1F130950
:10DD3000E97094C7130656ED930600082328D9000E
:10DD40000606F0D3D8C7F8537DFF83471402228517
:10DD50002301F402A147A300F402EFF07FBE9C4030
:10DD6000D84793161749D4C70F1000009C40B70638
:10DD700002009304000294C7930600082328D900E8
:10DD80009306A032F4D3D8C79740FE1FE780602FD8
:10DD900083270900858BE38F07DE22856244F240EA
:10DDA000D2444249B249224A9797FE1F23A80768E6
:10DDB00005616FF02FABF94735B7034704039307AD
:10DDC000F00F93041002E317F7DC930710271306F4
:10DDD000F6D83356F60293060403A2851705000011
:10DDE0001305A5C29304F007EF804EA865B313078F
:10DDF00070043357D700058B93040008E30C07D851
:10DE0000E91793F7F70F7D47E366F7D88544230AB0
:10DE1000940483C7090019469385290093D767485E
:10DE200013056405A30AF4049730FE1FE78000BFC2
:10DE30005C34230E0404639197022C5C230EF404DB
:10DE400019469C211305E405A1059D83A30EF40446
:10DE50009730FE1FE78080BC2285EFE09F918547C9
:10DE6000AA84E316F5E22285EFE05FA5E31195E2CF
:10DE70005C3481C71947639CE7006434858881C896
:10DE80008347440589C71C3889CFFD171CB89760A4
:10DE9000FE1FE78040EB583491476318F7009D441C
:10DEA000D5B92285EFE03FD7F5B12285EFE01FA479
:10DEB000FDB78944C5B1A144F1B99144E1B9C54464
:10DEC000D1B9CD44C1B9D944F1B1DD44E1B1E144A6
:10DED000D1B1930410027DB9411122C493055501BB
:10DEE0002A84285D014626C206C69740FE1FE780A9
:10DEF000A01B894429E12C5C7D4791449C31230E71
:10DF0000040493F7F7037CA4E91793F7F70F63640E
:10DF1000F7029C211147A144BD8B5CB4639DE700CF
:10DF2000834644050D479C21AA846395E60493F734
:10DF3000070481EBC544B240224426859244410146
:10DF4000828068501946890551059730FE1FE78089
:10DF500080BE6DD1030744013C386348E002854729
:10DF60005CA82C380545EF80AEF108B82285EFE0BB
:10DF7000FF97D1B70347540593D76748E31CF7FAD7
:10DF80001946890513056405C9B7858399C33CB84B
:10DF9000C9BF8547EDBF011122CC1794FE1F1304A2
:10DFA000E449584C26CA06CE4AC84EC695479794AF
:10DFB000FE1F83A4242D6306F700584C8D47631F72
:10DFC000F7008347140281E7930760101EB0F24008
:10DFD0006244D2444249B249056182805C4C138953
:10DFE000C1A68327090037070200194523A20706A7
:10DFF00098C79797FE1F23AB07449389C1A59760E5
:10E00000FE1FE780E0DB03A70900B7C7898E93876F
:10E0100067ED1CC7B7575500938757555CC383C737
:10E0200024021307F00F6387E700A380F402FD5773
:10E030002381F4020327090001469305F00F5C4396
:10E04000014593E717005CC3930710FABCA49947F6
:10E050005CCC9797FE1F23A3073E1384C1A797406C
:10E06000FE1FE780403218405C57F59B5CD783A6C3
:10E07000090098349C421377F70793F707F8D98F74
:10E080009CC29797FE1F83C7A7E799C703A5C1A4A2
:10E090009730FE1FE780A0E003A70900B706330012
:10E0A0001C4393F7F7CF1CC31C4393F7F7CF93E7B9
:10E0B00007201CC318401C47D58F1CC70327090025
:10E0C000B7070300938787153CCB9797FE1F23A1C3
:10E0D00007389797FE1F23A5073685471CC3C5BD84
:10E0E000411122C406C626C21794FE1F03248419B8
:10E0F00003471402A147630BF70A9796FE1F83A6F6
:10E10000A63599476394F60A89441C346315970A27
:10E11000130770026380E710130750029305700223
:10E120006394E700930560020CB483A7C1A59843EC
:10E130003706CEFF7D161377F7CF1367071098C306
:10E1400003A7C1A7144703A5C1A637083300F18E62
:10E1500014C73706030030C99796FE1F23A0062E6A
:10E160009796FE1F23A6062E9796FE1F23AA062C1F
:10E17000854614C194431306861593F6F6CF94C3CF
:10E18000944393F6F6CF93E6062094C31447B3E680
:10E19000060114C730C95457F59A54D798431377DA
:10E1A00007F84D8F98C3930710FA3CA4B24022445D
:10E1B000924441018280130770026386E70293064E
:10E1C00050026394D7001307600218B483A6C1A756
:10E1D000DC56F59BDCD683A6C1A59C4293F707F8D5
:10E1E000D98F9CC2C9B783470402898B85C772380F
:10E1F000A1451795FE1F034555C8EF701EF3930701
:10E200005002A30094021CB42244B2409244410143
:10E210006FF07FD822852244B240924441016FE0E2
:10E220009F899797FE1F938767FE03A7070A25E339
:10E230001797FE1F13078720504FA9466309D6047E
:10E24000544F2D476385E604411122C4A05F06C6E2
:10E250001795FE1F034575C28347040213F7170085
:10E2600011C78547322CA300F40239A0898BF5DB56
:10E2700072388947A300F402A145EF701EEB9307A3
:10E2800050021CB42244B24041016FF0DFD08280C2
:10E29000011122CC26CA4AC84EC652C456C25AC020
:10E2A00006CE1794FE1F0324E4FD930A200A1309E7
:10E2B000100A9304600A130B400A9309500A179A34
:10E2C000FE1F130AAA173C246398570B9387C1A615
:10E2D000984354471396164950C70F1000009C43AB
:10E2E000370702009794FE1F9384441598C71307BD
:10E2F000000898C803A7C1A518431357774835C32A
:10E300001307E018F8D3D4C79740FE1FE78060D703
:10E310009C40858B8DCB9797FE1F23A1071297609A
:10E32000FE1FE78040A22285EFF01FBB09CD030747
:10E3300044013C38634A0702FD575CA82C38054568
:10E34000EF800EB408B81C24638807126244F240C0
:10E35000D2444249B249224A924A024B05616FF0C7
:10E360009FC31307E01A79BF860793F7F70F99C386
:10E370003CB8E9B7FD57EDBF6391270383270A0037
:10E38000858BF1D322859797FE1F23A9070AEFF00B
:10E390002FEE3C24E39927F37DB76392970A938786
:10E3A000C1A6984354471396164950C70F10000052
:10E3B0009C43370702009794FE1F9384240898C754
:10E3C0001307000898C803A7C1A518431357774837
:10E3D00021CF1307E018F8D3D4C79740FE1FE7807A
:10E3E00040CA9C40858B89CF9797FE1F23A80704BE
:10E3F0009760FE1FE78020952285EFF0CFB309CD0F
:10E40000030744013C3863440702FD575CA82C38DD
:10E410000545EF80EEA608B838249307500AE314A8
:10E42000F7F2EFE0FFAC05B71307E01A6DB7860708
:10E4300093F7F70F99C33CB8D9BFFD57EDBF639A67
:10E4400067039740FE1FE780C0C383270A00858BC0
:10E4500081CB22859797FE1F23A207FEEFE09FC086
:10E460003C2463943701EFE0BFA83C24E38D97E49C
:10E47000D9BDE38A37FFC1BD9797FE1F83C747A861
:10E4800099CF6244F240D2444249B249224A924A68
:10E49000024B014505611733FE1F670043A0F240A0
:10E4A0006244D2444249B249224A924A024B05612F
:10E4B00082804111B7E700E026C28443370720007D
:10E4C00006C622C44AC0F98C23A0E7180F1000002A
:10E4D0009797FE1F938787F603C7170211CB83C652
:10E4E000070209476396E6001797FE1FA30807F681
:10E4F000D44F21476386E600D44F1D476398E6005A
:10E50000D84F2380E7020547A380E7029760FE1FEC
:10E51000E78060831794FE1F0324C4D66840231548
:10E520000400230404009740FE1FE780C0FE1799F3
:10E53000FE1F130969940345390091452310040413
:10E540002322040423240404EF703EC6034539004B
:10E55000A145EF709EC5034514039307F00F6307B1
:10E56000F500EF70BECDFD57A308F4020345040388
:10E570009307F00F6307F500EF705ECCFD5723089B
:10E58000F4029797FE1F83C7A79791C7014597305D
:10E59000FE1FE780C090B2402244B7E700E023A00E
:10E5A00097100249924441018280411106C6FD57ED
:10E5B000A308F5024546930500080145EFD03FC684
:10E5C000B24041016FF0FFEE9797FE1F83C7F78AB5
:10E5D00085EF41111765FFFF1305052B06C6EF7088
:10E5E000FEE7EF600FB7B24097E7FFFF9387670F33
:10E5F0001797FE1F232AF7C897070000938787C93C
:10E6000023A6F1A44101828097E7FFFF9387670D5E
:10E610001797FE1F232AF7C697070000938787C71F
:10E6200023A6F1A48280411126C206C622C44AC094
:10E63000EF903F84AA8439C9EF904FF22A84630592
:10E640000510930710113EA5930700FB7CA5854795
:10E650001CA91799FE1F1309A984835709011307E1
:10E66000401093053025A50713050004B3C707081C
:10E67000B3D7E70A33F5A70A9740FE1FE78040DDCE
:10E680002328A41019E90A24EF905F8CB240224499
:10E69000024926859244410182809797FE1F83A7F5
:10E6A000A7DD232AF4109797FE1F938727B603A6AA
:10E6B000070D83A6470DBA3F83C7A704232CC40EBA
:10E6C000232ED40EA304F416FD572310F4047EB0B9
:10E6D0001EB48347E4022324C4102326D41093E7F6
:10E6E00007FC2307F4028567938787BB2315F4048F
:10E6F0002312E414228523130414EF701FEF034543
:10E7000049012301A414EF10206CD147A303F4188E
:10E7100093078002A302F4189307C04E231CF4163B
:10E720009307F007230DF416F5779387A7EB231EC5
:10E73000F416A301A4142300A418A300A418979707
:10E74000FE1F239907AC99B7854489B7411122C4AC
:10E7500026C24AC006C69794FE1F938424AB2A841F
:10E76000A830834504031789FE1F13096973A307A3
:10E77000A402EF709EE89785FE1F93856577D225EA
:10E780003E3C93060032232AA4083387C7028C45F7
:10E790003358D7023377D702232604091308204EB3
:10E7A00033070703B38707033347C702B3D7A7026B
:10E7B0001AB003478901BA971A3C93878716B3C7E3
:10E7C000070805073307C7022312F40813070719C0
:10E7D0003357D70283268408BA9663E5E600368667
:10E7E00063E4B6003386B640034774039306204EB5
:10E7F0002313F4083307D7022328C40822852311E2
:10E80000E408EF70DFBD2285EF70DFD86E3C228513
:10E810009205F915B3C50508EF70BFB82285EF90D2
:10E820009F8083A741A423A0840A898B91CF83274B
:10E83000090399CB832584093545829783270903EA
:10E840008325C4093945829722852244B2409244E7
:10E8500002499797FE1F2392079C9797FE1F23AFAD
:10E86000079A41016F808FBE8357450803570508FB
:10E8700089463357D70AB397E7002313F5086F701B
:10E880005EE7011122CC26CA4AC806CE4EC683478F
:10E89000650338392A848507230BF5021389C1A63D
:10E8A0005C259384C1A5631A07501439BD9B93E777
:10E8B0003700130700045CA5A30D050038B9939732
:10E8C000466063D8070093F6F60714B9EFD00F80BF
:10E8D00039A88327850A13F7270025C3F59B23242E
:10E8E000F50A83270510918BB1C7EFA03FC9343CCF
:10E8F000854758246399F60483278411DC4398A341
:10E90000832784115838DC4398B303278411832765
:10E9100009005843B8DF9C4098431317772998C3E0
:10E92000D857719BD8D7F2406244D2444249B24989
:10E9300005618280EFA09FC25DBF13F717000DC372
:10E94000F99B2324F50A83270411582498A38327CD
:10E950000411583898B383270900032704115DBFB9
:10E96000182985496310371DE1C313F7070119C73B
:10E97000BD9B2324F50AEFB0CF9F95BF13F7070285
:10E9800001CB93F7F7FD2324F50AEFB00FB285B75B
:10E9900013F7070401CB93F7F7FB2324F50AEFA045
:10E9A0009FC2B1B713F7070809CB93F7F7F72324F2
:10E9B000F50A2285EFA09FCD1DBF13F7072009CBD5
:10E9C00093F7F7DF2324F50A2285EFA0FFDC05B7D4
:10E9D00013F7074001CB93F7F7BF2324F50AEFB0F5
:10E9E000FF9131B71317B0287D8F01CB9397B748AC
:10E9F0002324F50AEFA09FF2DDBD05677D8F01CBD3
:10EA00009397C7482324F50AEFA0BFF3CDB5096754
:10EA10007D8F01CB9397D7482324F50AEFA0DFFD24
:10EA2000F9B52324050A05B78327450A638407300F
:10EA300013F7070401CB93F7F7FB2322F50AEFA0A6
:10EA4000BFAB75B513F7071001CB93F7F7EF232290
:10EA5000F50AEFB0AF9661BD13F7072019CBCD8A49
:10EA60006391060E93F7F7DF2322F50AEFB0AF9913
:10EA7000BDBD13F7074001CB93F7F7BF2322F50A7B
:10EA8000EFA0FFB1ADB51317B0287D8F01CB9397E1
:10EA9000B7482322F50AEFA07FB491BD05677D8FAB
:10EAA00011CBCD8AD9EE9397C7482322F50AEFA060
:10EAB0009FC635BD11677D8F01CB9397E748232211
:10EAC000F50AEFA01FE025B541677D8F01CB939735
:10EAD00007492322F50AEFB0CFA611BD3707020080
:10EAE0007D8F01CB939717492322F50AEFA01FE1F1
:10EAF000FDBB370710007D8F01CB93974749232239
:10EB0000F50AEFA05FEAE5B3370780007D8F01CB00
:10EB1000939777492322F50AEFB0CFDBC9BB2322B5
:10EB2000050A15B519CF1306A0056367E604130699
:10EB3000F003636AE60015171377F70FF54763F4E0
:10EB4000E702228561B3130707FC1377F70F6946C5
:10EB5000E369E6FE17D60000130606913347C72087
:10EB600018433297028797D600009386A6963347BC
:10EB7000D7201C43B69782879307200763ECE702F0
:10EB80009307000763E8E722930760066301F72213
:10EB9000130767F91377F70F8549E3E4E9FAEFC044
:10EBA000FFD28327040A9397B7282320F40A230867
:10EBB000340135BB93076007E30EF7E29307600863
:10EBC000E311F7F8EFA05FE33DA01317B0287D8FA6
:10EBD0002DDB9397B7482324F50AEFA03FD4930782
:10EBE00000041CA829B38347B5029DC3054763965B
:10EBF000E700EFB08F8B8547EDB783270510918B2A
:10EC0000C5C7BD472306F4022285EFA03F97E5B7AD
:10EC1000EFC0DFCB8327040A93E727002320F40A01
:10EC2000D9BFEFC0BFCA85471CA88327040A231198
:10EC3000040693E747002320F40A55B9EFA06FFFBD
:10EC4000D947230AF40465B1EFC05FC88327040ADB
:10EC500093E717002320F40A2308040049B99720FA
:10EC6000FE1FE7800067E30405C88547A306F40498
:10EC70002285EFA0BF868347C404F99B2306F404D2
:10EC8000BDB1EFC0BFC4C9BF83278510858B81C7C5
:10EC9000EFA07FE4A9B9E947A305F5028327051092
:10ECA000918B99C38D47B9BF2285EFA03F8BA1B748
:10ECB000EFA0CFFA8347D40491CB41469305C40A11
:10ECC0001305C40C9720FE1FE78040D58347C4047A
:10ECD0002326040E2328040E93E717002306F404CA
:10ECE00039B183270510918B91CB8D472306F5020F
:10ECF000EFA0DF881C38DD9B1CB8F5BDEFA01F8698
:10ED0000D5BF8347C5042322050E2324050E93E7B0
:10ED100027002306F504EFA02FF61C38A3050402F4
:10ED2000DD9B1CB88327040A93E70701C5BDEFA04C
:10ED30009F89D1B59720FE1FE780A059E30905BA46
:10ED400009B50347A51411CB83476514B317F02801
:10ED50006385E70093E6060114B90347B41419CBA1
:10ED600083477414B317F0286386E7001C3893E7D1
:10ED700007011CB87C2C91CF1C38C18B99EB8327E1
:10ED8000040A93E707202320F40A2285EFC01FB46A
:10ED90009DB58307B417F5DB83274410898BF5D71E
:10EDA0008327440A939747292322F40AF9BFEFB037
:10EDB000EFD491B5EFC09FB1DDBB1787FE1F1307DE
:10EDC000E7441E2B85071EAB1DB68347E518858BD0
:10EDD000638C070E397122DC06DE26DA4AD84ED65D
:10EDE00052D456D25AD05ECE62CC834765132A8461
:10EDF00013D737002A97834607139D8B33D6F640E7
:10EE0000058A55CE034545037D57FD4759152C000E
:10EE10003AC43EC613154560EF1040140326841310
:10EE200022478326C413B247718FF58F6314E6001F
:10EE30006386F6062800EF904F9A894763F0A7068D
:10EE400029468145130574199720FE1FE78080C36A
:10EE50002249B249814A0D4C930B500256864A858D
:10EE6000CE85139A4A60EFA06024135B2A40229B50
:10EE7000137A3A00058983447B19060A05CDB394B9
:10EE8000442993F4F40FA30B9B18850AE3987AFDA9
:10EE90008347E41893E787002307F418F25062547D
:10EEA000D2544259B259225A925A025BF24B624CE6
:10EEB00021618280331A4C01B3E44401D9B7B3967F
:10EEC000F6282308D712D9BF8280397126DA9784B1
:10EED000FE1F9384A43322DC03A4C4094AD84ED66F
:10EEE00056D237090300B74A0F00B709008252D43F
:10EEF0005AD006DE5ECE62CC66CA6AC86EC6130AF7
:10EF00008915138BFA23FD197C241307000D639BCD
:10EF1000E71E938BC1A683A70B0098430D8B1DC3DF
:10EF200023880194B84B1377F78FB8CB98431367B6
:10EF3000870098C39C4393D7374889C701000100D5
:10EF4000010001009787FE1F83C787FB89E7972091
:10EF5000FE1FE780A0608347C404858B89C7A28514
:10EF60000545EF00D053138CC1A503270C00834740
:10EF70002414938CC1A754579395476093F7F703D4
:10EF8000B3F63601E607D58F5CD79306A00383A7B7
:10EF90000C0063D8B610F44F37060007D18EF4CFBB
:10EFA0008327840983A60B00178DFE1F130D0D49BF
:10EFB0001CC78327C4095CC3DC4293E71700DCC28B
:10EFC0005C57F19B93E717005CD78355041E0356EB
:10EFD000241E03457414930710FD7CA49105930728
:10EFE000000C2320FD00B3C505089730FE1FE78005
:10EFF000803983457414054683A60B000357240803
:10F0000083576408639BC50C13071703D046B3A747
:10F01000E72013171649D8C60F10000003A70B00EE
:10F02000B7060200860714C7930600082328DD00F0
:10F030007CD350C79787FE1F23AC074003A60B0065
:10F040009787FE1F23AE073E85471CC28346C40434
:10F0500083270C0003A70C00858AD9C29443B70507
:10F06000330093F6F6CF94C3944393F6F6CF93E62A
:10F07000062094C31447CD8E14C79306891734CA4B
:10F080005457F59A54D783466413984393F6F6077A
:10F09000137707F8558F98C39730FE1FE78060FEFF
:10F0A000A5B59306200263DAB600F44F370600F9DF
:10F0B0007D16F18E37060005D5B5370600F9E9460D
:10F0C0007D1663D7B600F44FF18E37060003F9B50D
:10F0D000F44FF18E93968629D9B5130717043DB7DF
:10F0E0009443B705330093F6F6CF94C3944393F655
:10F0F000F6CF93E6062094C31447CD8E14C7232879
:10F100004605BDBF1307100D6390E752978BFE1F96
:10F11000938BCB3283A70B00858B638C074483A72B
:10F120000B0093F70708CDCF7C34178CFE1F034CE0
:10F13000ACD893F7070299CF3E3C1307204EB38714
:10F14000E70203274409B3D7E7021307CC03BA97B2
:10F150002312F408978DFE1F938D8DD90355440813
:10F1600003DDCD0037460F0013051504B325A503B5
:10F1700013060624814683AC4B033305AD02EF90A2
:10F18000B0778327C40803A68D003385A740B30753
:10F190009501BE8563E4A70063E4C700B385C7405B
:10F1A00003270409636FB712835664088357240842
:10F1B00013850A240D8FB3A7F620B387A703DA9728
:10F1C000B3D7A7026365F7001D8E6374E60023289A
:10F1D000B4088582B3F6860B231004082313D408E1
:10F1E0000325441113062403930544039730FE1F9F
:10F1F000E78080EB03D764048347440323ACAB0070
:10F20000998F230AF402832744111307F0039C23E8
:10F210006364F7008D8B81E7854723ACFB0083A7F0
:10F220008B01858B639907268347A40293E7270008
:10F230002305F40283A70B0093F7070889CF034740
:10F24000641393573700A29783C607131D8B339718
:10F25000E6482388E7127C34898BD5C32285EF707A
:10F260004FB951ED7C34A309040093E747007CB407
:10F27000832784118DCB383C1DC79837058B05E754
:10F28000BA27C843136707F0BAA79730FE1FE78075
:10F2900080288357440485072312F40483278411AC
:10F2A0009C43232CF4105C3881CB8347C404898BA6
:10F2B00081C72285EF702FB81C28130720026394A2
:10F2C000E7028327040AA305040293E787002320AB
:10F2D000F40A1C3893E787001CB8930740021CA867
:10F2E00039A83297D1B513070006639CE70A854712
:10F2F0001CA88347A40293E717002305F40283A701
:10F300008B01898BF5C38347C404858BF1CF1C3CEB
:10F3100085071CBC7C3413F7270031E393E72700F3
:10F320007CB4930700F85CAC3E3C1307204EB387D7
:10F33000E70203274409B3D7E7021787FE1F0347F5
:10F34000A7B71307C703BA97B3C707082312F40870
:10F3500086072311F4089787FE1F23A907F4228547
:10F360009787FE1F23AC070CEFF0AFD14C38034555
:10F37000641491059730FE1FE780E0DC5C38638100
:10F38000071C8347C404898B638C071AA285014537
:10F39000EF00F00A630805109750FE1FE780A09A5F
:10F3A0009DA4130770066397E70203A7C1A53C5706
:10F3B000ED9B3CD79787FE1F2383070A3717004032
:10F3C0001E2FC607C5831EAF5C2493F7F7FD5CA410
:10F3D000854731B77147E394E7F28327040A93E73F
:10F3E00017002320F40A21BF2285EF70AFA21DF180
:10F3F000A30C04002285EF700F9D1C38A18B8DCBD0
:10F400007C289DC77C38094793F7B70F6382E702D2
:10F410009307D003230AF404930770021CA88347C0
:10F42000C404858BE38807EE2285EF70CFA5DDB598
:10F430005C340D476394E7047C381307A0026372C1
:10F44000F7027C381D476388E702A306F40283278E
:10F45000840A228593E717002324F40AEFA08F8300
:10F4600019A817C70000130767E8B3C7E7209C4334
:10F470002285829779F57C28DDF369BDE38C07E866
:10F480007C28E38907E822859720FE1FE780E0F3C8
:10F49000E31205E8CDB71C2C85071CACFE248507BC
:10F4A000FEA48DBD03A7C1A51C43B706330093F787
:10F4B000F7CF1CC31C4393F7F7CF93E707201CC378
:10F4C00003A7C1A71C47D58F1CC7B707030003A715
:10F4D000C1A6938787273CCB83A7C1A59843131761
:10F4E000772998C3D857719BD8D7930720FD7CA460
:10F4F0009787FE1F83C7C7A0E39007BA832704122C
:10F50000E38C07B87834058BE30807B8D443D027D9
:10F510008C270A248906EF30B05DE31F05B68327E8
:10F520000412BA27136707F0BAA79C432320F412EA
:10F5300083572404E38207B6FD172311F404A9BE00
:10F5400003A7C1A51C43B706330093F7F7CF1CC32D
:10F550001C4393F7F7CF93E707201CC303A7C1A76A
:10F560001C47D58F1CC783A7C1A613078925B8CB15
:10F57000A5B783A7C1A6FC53E39807989740FE1F41
:10F58000E780607C83A70B00228593F707086381DF
:10F59000071EEFF06FADBE2822858507BEA8EFF0ED
:10F5A000DF8283570404A5C313074006B3F7E702BD
:10F5B000B9EB83A741A4898B9DCF1789FE1F13093F
:10F5C000298E0327090305CB9E28AE282545C207AF
:10F5D000DD8D029783270903EE242945829783272F
:10F5E0000903831524032D45829783270903830587
:10F5F0004403314582979787FE1F239007C2978760
:10F60000FE1F23AD07C022856254F250D2544259E6
:10F61000B259225A925A025BF24B624CD24C424D82
:10F62000B24D21616F706FED1307200DE396E7D6A1
:10F63000978BFE1F938B8BE083A74B00858B638C8E
:10F6400007120327040A9787FE1F23AB07DE89678B
:10F65000F98FEDE722859720FE1FE78000E48547BC
:10F66000631EF50C8355041E0356241E03457414B3
:10F670009105B3C505089730FE1FE780C0D08347CA
:10F68000C404138CC1A6938CC1A5858B138DC1A70F
:10F69000BDCBA2850545212503A70C00B706330085
:10F6A0001C4393F7F7CF1CC31C4393F7F7CF93E7A3
:10F6B00007201CC303270D001C47D58F1CC78327B9
:10F6C0000C0013078917B8CB930710FD7CA4832780
:10F6D0000C00D44713971649D8C70F100000832792
:10F6E0000C003707020098C71307000823A8EB0097
:10F6F00003A70C0018431357774815CF1307E018DA
:10F70000F8D3D4C751BA03A70C00B70633001C4383
:10F7100093F7F7CF1CC31C4393F7F7CF93E707206A
:10F720001CC303270D001C47D58F1CC783270C0063
:10F7300023A8470551BF1307E01AD9B79740FE1F0A
:10F74000E78060601C3C85C73D476379F7009305FF
:10F75000D0032285EF706FEDA305A4029777FE1FFB
:10F7600083A7077789C79545130550088297228597
:10F77000EF701FAC49BD83A7C1A6FC53639607F881
:10F780009740FE1FE780205CDDB7411106C6EF60A1
:10F79000DFAE9787FE1F938767A717F7FFFF130753
:10F7A000C7E823A8E70AB24017F7FFFF130747FA95
:10F7B00023AAE70A97F7FFFF9387677123A8F1A4AD
:10F7C00041018280797122D42A841305050B06D663
:10F7D00026D24AD05AC84ECE52CC56CA5EC662C451
:10F7E00013898195EF806FFF832709008324040A22
:10F7F000A307A4088297177BFE1F130B6B6F63EAA6
:10F80000A416B74B0F00938B0B243385A440B3355C
:10F8100075030356CB008146130C204E3305750348
:10F82000EF90900D8327090023000408AA8982978E
:10F8300023AAA1A48357EB008324C40D177AFE1FCB
:10F84000034A9A679387471FB3C7FB02A180B3C4DB
:10F8500004080359CB00814681454A86B38A840354
:10F8600033057A03B3DAFA02EF9010091307003276
:10F870004A8681468145B307990293541A00AA9A91
:10F88000B3F7E702B3878703B3C72703338574034E
:10F89000B3C70708BE9AEF9030065695636E3501E0
:10F8A00037153D004A868146130505908145EF9046
:10F8B000B004B38AA9408D44B33559038329040A9F
:10F8C00037460F002326540B1306062481463305C2
:10F8D0005903EF90700263E2A90A3385A9402322FD
:10F8E000A40A0345D4079307F00F6304F500EF6003
:10F8F000FE948327440A1785FE1F0325A59963E21A
:10F900009708338697408327C40D0357CB0093068F
:10F91000D407A183B3C70708B387E70213070032F0
:10F92000A2859387071933D7E7029730FE1FE78038
:10F93000C0110347D4079307F00F630FF7005C4C27
:10F9400005472300040893E76700A308040C231964
:10F95000E40C5CCC230EE406B250225492540259BB
:10F96000F249624AD24A424BB24B224C01454561B0
:10F97000828083278B00BE9469B583278B00BE9954
:10F98000A9BF03278B00BA97ADBF01114AC81789D9
:10F99000FE1F1309A98722CC0324C90B26CA4EC611
:10F9A00052C456C206CEAA848149130A2500854A4C
:10F9B00039E09305702531459730FE1FE78040A957
:10F9C0002A84014539C89C301946938524001CB00F
:10F9D000130524009710FE1FE78040048327C90BFE
:10F9E000B1E7232E890A232404008347890B850766
:10F9F000230CF90A15A018309C306305F700A28982
:10FA000000447DB71946D285130524009710FE1FC8
:10FA1000E7806012E31555FF0545F2406244D24489
:10FA20004249B249224A924A05618280E38D09FA2D
:10FA300023A489004DBF1785FE1F0325E58811E922
:10FA40009787FE1F23A207889787FE1F238C0786B0
:10FA50008280411106C622C400459730FE1FE78010
:10FA600080AB228575F8B24022449787FE1F23ADF4
:10FA700007849787FE1F2387078441018280977739
:10FA8000FE1F9387A77823AE070A238C070A82807C
:10FA9000138781A51C439306001094C30100010045
:10FAA000010001001C4323A0070014310348050096
:10FAB000A206B3E606010348250042083368D800D1
:10FAC0003431E206B3E6060194D7543103484500C9
:10FAD000A206B3E606010348650042083368D80071
:10FAE0007431E206B3E60601D4D714350348850025
:10FAF000A206B3E606010348A50042083368D80011
:10FB00003435E206B3E6060194DB54350348C500FC
:10FB1000A206B3E606010348E50042083368D800B0
:10FB20007435E206B3E60601D4DB94318821A206DF
:10FB3000C98EA8214205558DB431E206C98E94CFF5
:10FB4000D431C821A206C98EE8214205558DF43171
:10FB5000E206C98ED4CF88259435A206C98EA82581
:10FB60004205558DB435E206C98E94D3D435C825E7
:10FB7000A206C98EE8254205558DF435E206C98EE8
:10FB8000D4D3D443F59AD4C3D44393E61600D4C354
:10FB9000944393E6160094C31443DC42858BBDE383
:10FBA0009C4E01451CA21C439C4FA1831CB21C43CC
:10FBB0009C4FC1833CA21C439C4FE1833CB21C433D
:10FBC000D84F58A2D84F218358B2D84F418378A23A
:10FBD000D84F618378B2985318A69853218318B6EA
:10FBE0009853418338A69853618338B6D85358A6A2
:10FBF000D853218358B6D853418378A6DC53E18388
:10FC00007CB68280010049BF011122CC2A8435458F
:10FC100006CE2EC632C49740FE1FE780601A03A7A7
:10FC2000C1A63C4B228593E707083CCB2246B24550
:10FC3000EFF01FE6F240624401450561828003A7B0
:10FC4000C1A63C4B93E707083CCB01000100010033
:10FC5000010093850508F851160583A781A5136552
:10FC6000050888C398CBB8550145D8CBD85D98CF47
:10FC7000B841D8CFF84198D3B845D8D3F84598D7EC
:10FC8000B849D8D7F84998DBB84DD8DBF84D98C7B4
:10FC9000B851D8C798431367070498C3828003A755
:10FCA000C1A63C4B93E707083CCB010001000100D3
:10FCB000010093850508F855160583A781A51365EE
:10FCC000050888C398CBB8590145D8CBD85D98CFE3
:10FCD000B841D8CFF84198D3B845D8D3F84598D78C
:10FCE000B849D8D7F84998DBB84DD8DBF84D98C754
:10FCF000B851D8C798431367070498C393070008FF
:10FD00001777FE1F2328F774828083A7C1A5984325
:10FD1000370600827D161317772998C31307F03F23
:10FD200098DF13070005D8DBD8571317F729D8D762
:10FD3000D4571777FE1F0347E717931547601377CC
:10FD4000F703F18E6607558FD8D79306A00303A754
:10FD5000C1A763DFB602744F37060007D18E74CF98
:10FD6000370702001307C720D8DF984B137707FC2B
:10FD70001367E70098CB37E700E0D147A309F70402
:10FD80009727FE1F9387A71C93E717007CD78280D5
:10FD90009306200263DAB600744F370600F97D1629
:10FDA000F18E370600055DBF370600F9E9467D167E
:10FDB00063D7B600744FF18E3706000345B7744F12
:10FDC000F18E9396862961BF1307A003AA87636EFD
:10FDD000A7041307A0020D45636AF7041307200266
:10FDE00009456365F704694705456361F7045147B1
:10FDF0000145636DF70249477D556369F70239474D
:10FE000075556365F70229476D556361F702194718
:10FE10006155636DF700114759556369F70009474C
:10FE200045556365F700315582801145828035570D
:10FE3000AA87634CE50449570D4563C9E7045D573C
:10FE4000154563C5E70465571D4563C1E704715750
:10FE50002D4563CDE70279573D4563C9E7024D451E
:10FE600063C6070255459DC305476D456380E7029C
:10FE7000094713053002638BE7000D471305B002F5
:10FE80006386E7001305B00382800545828019C5AB
:10FE9000371700401E2F9397F7281EAF8E052206B6
:10FEA0009777FE1F238DB75A498E83A7C1A54D8E24
:10FEB00013164629B0D7B85713674700B8D7B857B5
:10FEC00089C613172729B8D7828013172749E5BF9A
:10FED000411122C406C61774FE1F1304245603479B
:10FEE0000402A1476318F7021777FE1F0347872D07
:10FEF0009777FE1F9387072F058BB033B42321CB51
:10FF0000C84331C50C310905EF404F9401C5854701
:10FF1000A300F402034704029947631AF700977796
:10FF2000FE1F83A72736BC3795C7EFE0CF86034770
:10FF300004029D476310F7029777FE1F83A7C7351A
:10FF4000FC3389CB2244B24041016F60D05A8145D5
:10FF500001455DBFB2402244410182805D71B7E737
:10FF600000E0CAC003A90700A6C24EDE3707200082
:10FF700086C6A2C452DC56DA5AD8AA84AE8933792E
:10FF8000E90023A0E7180F1000001384C1A5184052
:10FF9000138AC1A7938AC1A61C43370B030013061B
:10FFA000800293F7F7CF93E707101CC383260A005C
:10FFB0003707CEFF7D179C46930510082800F98F60
:10FFC0009CC683A70A0023A867059710FE1FE78039
:10FFD00060AB35459740FE1FE78080DE1C4093F6FE
:10FFE000F41F3706330023A40700984B130B8B151F
:10FFF000130510F81367F70398CBF84F130E401F43
:020000022000DC
:10000000914E137707E0558FF8CF98431303800282
:100010001367070898C31777FE1F232B074283A691
:100020000A001777FE1F232D0740054798C2984303
:100030001377F7CF98C398431377F7CF1367072049
:1000400098C303270A001C47D18F1CC723A8660545
:100050003800814613F8F60F135638004E961C22CE
:1000600013787800B3D70741858BD1CB1C40832808
:100070000A0023AC070423A0070683A5C802F5994C
:1000800023A6B80283A8070093F5F60793F808F8AB
:10009000B3E8B80023A01701CC539395F528CCD32F
:1000A00003AF0A0081452322CF0783A80706638296
:1000B000150383A807038305070093D8F8009398D6
:1000C000486063D515018C5BBD810CA3AC5393F5DF
:1000D000F50F83284F066386080083A88705E3F49D
:1000E0001EFDCC539395F548CCD38305070063D60A
:1000F000B4001C22B39707491CA233E5A50A850664
:100100000507E39966F418401C4B93F707FC93E747
:10011000E7001CCBB6402644B7E700E023A0271138
:1001200096440649F259625AD25A425B6161828012
:10013000011122CC2A84114526CA4AC832C62E890A
:10014000B68406CE9740FE1FE78080C79386C1A580
:100150009C421385C1A69385C1A7D85737033300A6
:10016000719B13671700D8D78328050013078007F2
:1001700023A2E80698431377F7CF98C398431377E1
:10018000F7CF1367072098C303A80500324603275B
:100190008800336767002324E8003707030013074C
:1001A000872523A8E8040327C802759B2326E802B5
:1001B0006305090A9843136404041374F40713775E
:1001C00007F8418F98C3374776711307971298C77E
:1001D0008327480093F7F7EF2322F800010001007E
:1001E00098411774FE1F13046425A6855C4393E7AA
:1001F00007105CC39842B7575500938757555CC3A7
:100200001C41185C0145B8DF1777FE1F232C07221D
:100210001777FE1F232A0722D843799BD8C391471B
:100220005CCC9720FE1FE780A0FC03A741A611C766
:10023000544318479C42D98F9CC25C44858B81CB28
:100240001777FE1F130787FC1E2785071EA7F2409E
:100250006244D24442490561828098431374F40792
:10026000137707F8598C37C7898E80C3130767ED5A
:10027000B9BF011126CA4AC84EC6C1643709006A0F
:10028000B70900AC22CC52C456C206CE1304F00FFC
:10029000FD141309690E9389E90C614A930A00025F
:1002A000A6850145EF604EC09317850013F7071030
:1002B00033E5270119C333E5370181470147B356B9
:1002C000F54885073356F5486307D60005071377C9
:1002D000F70F6364EA04E39457FF81471306F003C2
:1002E000ED463357F5001377F70305CB6307C702D5
:1002F0008507E398D7FE135785009377F50F13779B
:10030000F70F639BE702135705011377F70F639508
:10031000E702135785016391E7027D141374F40F0C
:1003200041F09305000F4145EF608EB5B7B7006A05
:100330004205938767CE5D8DF2406244D2444249C4
:10034000B249224A924A056182809777FE1F9387BD
:10035000E70ED44F11476385E60E83C737026391DA
:10036000070EB7C7004003A781A59387073063191D
:10037000F70C011122CC37E400E026CA044006CE77
:100380004AC84EC652C456C2B7072000FD8C23206F
:10039000F4180F10000035459740FE1FE78040A27B
:1003A000938AC1A51522A522EFF03F9683A70A00E4
:1003B000138AC1A7B706330098439389C1A63709AA
:1003C00003001367070898C398431377F7CF98C3C0
:1003D00098431377F7CF1367072098C303270A00C2
:1003E0001C47D58F1CC783A7090013078955B8CBB5
:1003F000AD24EF00B01D7522352403A70A001C436D
:1004000093F7F7CF93E707101CC383260A0037073B
:10041000CEFF7D179C46F240224AF98F9CC683A7E7
:100420000900924AB24923A827059777FE1F23A502
:100430000702232094106244D2444249056182801D
:100440008280B7C700401387073023ACE1A413872D
:100450000720411123A6E1A69387071037D7004054
:1004600022C406C61774FE1F130444FD23AEE1A682
:1004700023AEF1A485475CCC9777FE1F938707EBEB
:100480005CDC9777FE1F83A7A7A11CDC9727FE1FC4
:10049000938747AC23A4F1A6EFF03FEBB7E700E06A
:1004A000A301040203C7574113670708A38AE74063
:1004B000B24022443707100023A0E710370720007E
:1004C00023A0E7104101828083A7C1A61307C008BB
:1004D000D8CB93066007D4CFD8D31306E006D0D785
:1004E000D8DBD0DFF8C3F4C7D843059BD8C3054792
:1004F000FAA323AA07041777FE1F0327E7F7F8DFFD
:100500007D5798C737071F003D07D8C7828083A74C
:10051000C1A71307004898D7D85FB70600F9FD16A2
:10052000758F13179729D8DFD85F9D663706FDFFB3
:100530000E070D831317E729D8DF985B7D16136725
:10054000077098DB985B558F98DB985BB7060700C0
:10055000558F98DB985BB7060090FD16758F1317C3
:10056000C72998DBB4473707F9FF7D17F98EB4C761
:10057000F447E19AF4C7F44793F6F6F8F4C7F44762
:10058000F18EF4C7F44F758FF8CFF84FB70690FF90
:10059000FD16758FF8CF930740060100FD17F5FF94
:1005A00082801387C1A71C43B44B93960649B4CBF2
:1005B00094479396562994C7D44793E60601D4C727
:1005C000D447BD9AD4C701000100010001001C43BB
:1005D000D44793E60601D4C7D4439396C628D4C320
:1005E00003A6C1A69306400674D2745291C683A690
:1005F000C70993D68648F5DA010001000100010021
:100600001C4313870708544FB84BFD8A131707295B
:10061000B8CBB84B019B558FB8CB984713175749A8
:1006200098C7828083A7C1A7B44F41777D17F98E01
:10063000B4CF94479396062994C7D44793F6F6EF20
:10064000D4C7D443758FD8C3D84713670710D8C70A
:10065000D84313170729D8C38280397122DC4ED6BC
:1006600052D406DE26DA4AD856D25AD05ECE62CCB2
:1006700066CA6AC86EC603A4C1A75C409389B1A7C5
:10068000138A91A793F7F7EF5CC01C549397C74860
:100690001CD45C54BD9B5CD41C44939717291CC488
:1006A0005C4093E707015CC0B757341203A701A76A
:1006B000938787676309F7705C4001791309F90F25
:1006C000F99B5CC01C5C3167130707F0B3F7270187
:1006D000D98F1CDC5C409304040893E717005CC0CE
:1006E0009720FE1FE78020D49C4893F7F7032380D0
:1006F000F900DC48A98393F7F707238DF1A65C4046
:100700003D6713070780F99B5CC01C5CB3F72701AA
:10071000D98F1CDC5C4093E717005CC09720FE1F5C
:10072000E78060D09C4893F7F703A38BF1A6DC48E1
:10073000A98393F7F707238BF1A65C40356713076E
:100740000740F99B5CC01C5CB3F72701D98F1CDC08
:100750005C4093E717005CC09720FE1FE780A0CCA9
:100760009C4893F7F7032300FA00DC48A98393F72A
:10077000F707238CF1A65C404167130707C0F99B7C
:100780005CC01C5CB3F72701D98F1CDC5C4093E78D
:1007900017005CC09720FE1FE780E0C89C4893F7D5
:1007A000F703A38AF1A6DC48A98393F7F707238A06
:1007B000F1A6834C0A0003C70900930760021306E1
:1007C000500233079741B307F7029306700293056F
:1007D00040021305300213082002130E1002F94ED6
:1007E000754FFD4FF14A3306C7026D4BE94B654C1F
:1007F000D942D543DD48D14DCD444949B3C7D7028D
:100800003D43B949294D354A3346D602920722065F
:10081000D18F3306B702D98F95453346D6023206BB
:10082000D18F3306A702130504083346D6024206C9
:10083000D18F330607033346D6025206D18F3306D3
:10084000C703254E3346D6026206D18F13165700D2
:100850003346D6027206D18F1CD13306E703194FF7
:10086000B307D7039D4EB3C7D7023346D6029207CC
:100870002206D18F3306F7038D4F3346D602D18F30
:1008800033065703B14A3346D6023206D18F3306B8
:1008900067032D4B3346D6024206D18F33067703CA
:1008A000E14B3346D6025206D18F33068703454CBF
:1008B0003346D6026206D18F330677033346D6021B
:1008C0007206D18F5CD133067702B30757023346E5
:1008D000D602B3C7D70222069207D18F3306170379
:1008E0003346D602D18F3306B7033346D6023206DB
:1008F000D18F330697023346D6024206D18F330694
:1009000027033346D6025206D18F33068703334678
:10091000D6026206D18F131647003346D6027206FE
:10092000D18F1CD5B30767023346F703B3C7D7028D
:100930002206D18F330637033346D6021206D18FF3
:10094000330657033346D6023206D18F3306670388
:100950003346D6024206D18F3306A7033346D6026A
:100960005206D18F3306C7033346D6026206D18FB3
:10097000131637003346D6027206D18F5CD5B30703
:10098000D70333464703B3C7D7024206D18F334656
:10099000D7026206D18F3306E7033346D60212062A
:1009A000D18F3306B7023346D6022206D18F1316F3
:1009B00027003346D6023206D18F1316170033466E
:1009C000D6025206D18F1CD983C771A7B387FC40CA
:1009D00033C6A70393FCFC03B3CDB7033206920DD5
:1009E000B3EDCD001306800233C8C702B3ED0D018D
:1009F000214833C80703420833E80D01B3CDB702DD
:100A0000F20D3368B801B38DF703B3CDCD02A20D5B
:100A10003368B801B38DE703B3CDCD02D20D33688F
:100A2000B801B38DD703B3CDCD02E20D3368B80161
:100A3000338B6703232A05031148B38DC703B38A99
:100A40005703338A4703B389370333C80703B3CD4A
:100A5000CD021208334BCB0233E80D01B3CACA02F0
:100A6000220B336B6801334ACA02B20AB36A5B01D4
:100A70006D4BB3C9C902420A33EA4A01F14AD209AD
:100A800033683A01B3896702754A13034002B3C958
:100A9000C902E209B3693801139847003348C80214
:100AA000338C87037208B3E909010948232C350305
:100AB000F94933892703B3849702B3837702B3825A
:100AC0005702B3881703B38B770333C80703334C3C
:100AD000CC0232083349C90233680C01654CB3C4F7
:100AE000C402120933692801B3C3C302A204B36468
:100AF000990013091002B3C2C202C203B3E3740027
:100B000093046002B3C8C802D202B3E25300930355
:100B10002002B3CBCB02E208B3E812019302300209
:100B2000F20BB3E87801E94B232E150333887703E2
:100B3000B38867033348C802B3C8C8021208A208C2
:100B400033681801B3888703B3C8C8023368180133
:100B5000B3885703B3C8C802B20833681801B38812
:100B60004703B3C8C802C20833681801B388370303
:100B7000FD49B3C8C802D20833681801B3883703E7
:100B8000B3C8C802E2083368180193985700B3C885
:100B9000C802F208336818012320050533882703AB
:100BA0009398C7013348C80233681801B3887702A5
:100BB000B3C8C802920833681801B3885702B3C893
:100BC000C802A20833681801B3886702B3C8C80214
:100BD000B2083368180193085002B3881703B3C8EA
:100BE000C802C20833681801B3889702B386D702D7
:100BF000B3C8C802B3C6C602D20833681801E206F9
:100C0000B366D80074C193069002B386D702032856
:100C10008504137808FFB3C6C602BD8AB366D80040
:100C200034C59306A002B386D702B3C6C6023045C8
:100C30001376F6F0BD8A9206D18E34C503C681A71D
:100C400003C861A733080641B306A803032385043C
:100C5000B308B802B3C6F602B3C8F802A206F20897
:100C6000B3E61601B308C803B3C8F802B208B3E686
:100C7000160193183800B3C8F802C208B3E616018B
:100C8000B308D803B3C8F802D208B3E61601B30814
:100C9000E803B3C8F802E208B3E61601B7988888FB
:100CA00093880880B3E61601B3E66600931828001F
:100CB0003343F80234C583C6A1A7918E1376F60795
:100CC0006206B3C8F8023203B3E868003383F60360
:100CD0003343E302B30FF8037203B3E86800060876
:100CE00033C3E602B3CFFF025203B3E868003348D0
:100CF000F802920FB3E8F8012208B3E7080113984D
:100D000016003348E8026208B3E7070125681308B4
:100D10008888B3E707017CC5338FE603B387B60243
:100D200093952600B3C7E702334FEF029207B3C58E
:100D3000E502220FB3E7E701B38ED603CD8F93957B
:100D40003600338EC603B386A603B3CEEE02B3C518
:100D5000E502B20EB3E7D701334EEE02C205CD8FE6
:100D6000B3C6E602520EB3E7C701370700817D170D
:100D7000E206D58F3CC95C40BD9B5CC05C40F99BE2
:100D80005CC01C549397C7281CD45C5493E707019C
:100D90005CD41C5C93F707FCB3EC9701232C940301
:100DA0001C5CF98FD18F1CDCF2506254D254425932
:100DB000B259225A925A025BF24B624CD24C424DCB
:100DC000B24D2161828023A801A6E5B203A7C1A785
:100DD0005C4393E707105CC38280411106C6EF00B5
:100DE000807293056040EF20804FB2400145410181
:100DF00082806F00407611C589C501C61E2201455B
:100E00008DE301110565C9471306F100130555C3AC
:100E1000854506CEDC87EF20404CF240888705618F
:100E20008280828001119767FE1F238AA742056591
:100E30001306F100130595C4854506CEA3070100EE
:100E4000EF20A049F24088870561828001111305D7
:100E5000910006CEEF00A07248840565300025059C
:100E60009D45EF208047F240088405618280011192
:100E70009305F10006CE22CC2A84EF0060724886EA
:100E80000565C08670002180130555409145408757
:100E9000EF20A044F240624408860561828001117F
:100EA0001305D10006CEEF00C071488609657000B9
:100EB00009059145EF206042F24008860561828075
:100EC000011106CEEF008071C88709651306F10095
:100ED00015058545EF206040F240888705618280D6
:100EE000011106CEEF008079C88709651306F1006D
:100EF00029058545EF20603EF240888705618280A4
:100F0000011106CEEF00B005C88709651306F10090
:100F100039058545EF20603CF2400145056182803E
:100F2000011106CEEF00F044C88709651306F100F1
:100F300041058545EF20603AF2408887056182804F
:100F4000011106CEEF009024C88709651306F10051
:100F500045058545EF206038F2408887056182802D
:100F6000411106C622C4EF00B0298965CD052A8447
:100F7000EF20E036B24022852244410182800111F7
:100F80001305510006CEEF0050434882096550001A
:100F90006105A545EF206034F2400145056182807E
:100FA000411106C6EF00B0448965E505EF20203306
:100FB000B240014541018280011106CE22CC2A8433
:100FC000EF00F05348860965C086700021806905EE
:100FD0008D454087EF206030F24062440145056155
:100FE0008280011106CE22CC2A84EF00905F4886D1
:100FF0000965C086700021806D058D454087EF2012
:10100000C02DF2406244014505618280011106CE87
:1010100022CC2A84EF00C07648860965C08670001D
:101020002180130505028D454087EF20002BF240FB
:101030006244014505618280011106CE22CC2A84DA
:10104000EF00500848860965C086700021801305AE
:1010500015028D454087EF204028F240624401454B
:1010600005618280011106CE22CC2A84EF0070092E
:1010700048860965C08670002180130525028D45CC
:101080004087EF208025F24062440145056182805F
:10109000011106CEEF009059C88709651306F100CB
:1010A000130575028545EF204023F24088870561CE
:1010B0008280011106CEEF009060C8870965130693
:1010C000F100130595028545EF202021F240888725
:1010D00005618280011106CEEF005062C887096564
:1010E0001306F1001305D5028545EF20001FF240DD
:1010F000888705618280011106CEEF001065C887E0
:1011000009651306F1001305E5028545EF20E01C93
:10111000F240888705618280011106CEEF003067BA
:10112000C88709651306F100130515038545EF20EF
:10113000C01AF240888705618280411106C622C428
:10114000EF00B0688965938525032A84EF20201974
:10115000B2402285224441018280011106CEEF1067
:101160006018C88709651306F100130575038545E6
:10117000EF20A016F240888705618280011106CE1B
:10118000EF10802CC88709651306F100130585034D
:101190008545EF208014F240888705618280011127
:1011A00006CEEF108043C88709651306F1001305CA
:1011B00095038545EF206012F240888705618280A3
:1011C000797102C0814801488147014706D6EF1076
:1011D000A05BA30FA10009651306F1011305E50348
:1011E0008545EF20800FB2500345F10145618280B3
:1011F000011106CEEF10E072C88709651306F100F1
:101200001305F5038545EF20400DF2408887056101
:101210008280011106CEEF101006C88709651306FB
:10122000F100130505048545EF20200BF240888767
:1012300005618280011106CEEF10D014C8870965C0
:101240001306F100130515048545EF200009F2404F
:10125000888705618280011106CEEF10D023C887F0
:1012600009651306F100130525048545EF20E00606
:10127000F2408887056182807971064306D61AC8D4
:1012800072531AC662531AC452531AC242531AC036
:10129000EF10F029896593853504EF204004B250A2
:1012A0000145456182809767FE1F2391A7FA01459A
:1012B0008280011106CEEF107067C887096513069A
:1012C000F100130515058545EF202001F2408887C0
:1012D00005618280011106CEEF10106EC887096586
:1012E0001306F100130525058545EF10107FF24028
:1012F0008887056182805D711303D1031AD203438D
:10130000010786C61AD00343C1061ACE03438106DD
:101310001ACC034341061ACA034301061AC8034301
:10132000C1051AC6034381051AC4030341051AC245
:10133000034301051AC0EF003051230EA1020965D5
:101340007018130565038945EF103079B6400345E1
:10135000C103616182809766FE1F938626EBBE26DD
:1013600081E79307F01FBEA6BE262146014513F76D
:1013700007103357C7408607B3C70708598D93D561
:10138000574013D797402D8F058B7D161375F50F9A
:10139000D98F71FEBEA682801767FE1F130707E76D
:1013A0005E2789E7E17793C7F7FF5EA75E27B94617
:1013B00001459168994533F617013356D6408607A3
:1013C000518D33C8070813D6E748FD1693D7F74861
:1013D000B18F1375F50FB367F800E39EB6FC5EA7F7
:1013E0008280797126D24AD04ECE52CC06D622D4F3
:1013F00056CA5AC85EC6AE84B289368A1769FE1FBD
:10140000032949072DC5AD472A8463E8A7021304C1
:10141000F5FF1374F40F138B11A883470B00C9E376
:101420009D47494563EA370317A700001307871351
:10143000B3C7E9209C43BA978287B147630CF50292
:101440009307600263E5A7001304E5FFD9B793078C
:1014500070024945E301F4FCB250225492540259FF
:10146000F249624AD24A424BB24B45618280130430
:10147000500255B71304600279BFCA8AB38B2401A6
:10148000638D5B01EFF05FF12381AA00850ACDBF78
:10149000CA8AB38B240163965B0385472300FB0054
:1014A00093F9F9009306FAFF228523003901A3007E
:1014B000990093F6F60F26868545EFE07FC7014534
:1014C00061BFEFF05FE92381AA00850AE9B72686AC
:1014D0009305000F1305290097F0FD1FE780805A40
:1014E0006DBF26869305A00AF5B726869305F00FF3
:1014F000D5B726868145F9BF2686BD45E1BF26863C
:1015000093055005C1BF41119317B02806C622C4E8
:10151000E98F95C3EF401FDEAA87094589CB942345
:10152000114731456395E600154798A34945B240F8
:101530002244410182802E84EF605F8265D93C2580
:10154000C18BEDD73C35230A8504B337F000E9079A
:101550001CA90145E9BF011106CE22CC2EC6EF60C1
:10156000EFFF01CDB2452A84EF503F8CA305A402C2
:101570000145F2406244056182804945DDBF17673D
:10158000FE1F1307A7C8814799468345070E3306F8
:10159000F50085070CA20507E399D7FE0145828077
:1015A000411122C406C62E84EF604FFB09C9830790
:1015B000450301451CA0B2402244410182800945F7
:1015C000DDBF9767FE1F9387A78D9A2B18A19A2BD3
:1015D000218318B1FC373CA10145828019E14945BE
:1015E00082809767FE1F938767C2B84FAA8501C79D
:1015F0005827314575F7B85F01C7383731456DF366
:1016000003A7C70801C77833314579FB01110547A6
:1016100006CE19461765FE1F1305A5CDB8A32EC625
:1016200097F0FD1FE780803FB2459306000CD8314C
:101630009377070C639FD70019461765FE1F1305A4
:10164000A5CB97F0FD1FE780603D0145F2400561A5
:1016500082809306F00363E8E60019461765FE1FD3
:101660001305E5C9F9BF130700044945E390E7FEF8
:1016700019461765FE1F1305E5C8E1B7411126C2DB
:101680009764FE1F938484B822C4A04C06C639E434
:10169000BC5499E74945B2402244924441018280BA
:1016A00035CD0547E318E5FE014582972A8455C5E7
:1016B0009317B0281EB1930700707EA58D471CBDFF
:1016C000A30A050219469765FE1F938525C21305D7
:1016D000650397F0FD1FE780603421A87848B707BD
:1016E0000008F98FADEBBC54D5D70DC98547E3137E
:1016F000F5FA58248547E30FF7F87C24B98B95CB8E
:10170000742405478947639FE6021EB02244FC54B7
:10171000B24092441305000F410182871305000F68
:10172000EF402FF125D95C25B5D7EF407F900145DB
:101730009DB7EF40BFFA9757FE1F83C7C777E311E6
:10174000F5FC89BF1E3013070002B3F7E70A1167E3
:10175000B3D7E70A5DBF31453DBF1D452DBF976734
:10176000FE1F83A767B3314599CBFC3389CB411169
:1017700006C6EF602061B24001454101828082804F
:10178000011126CA4AC84EC652C456C25AC02E8932
:10179000368ABA893E8B06CE22CCB284C28AEF60EA
:1017A000EFDB85671307A9FF9386A7C733470708B1
:1017B00063E8E610938707C82A84494563E4970ADB
:1017C00063E2240B1307301F636E470963EC37098C
:1017D00093071A00B3C70708B38797021397390016
:1017E00063D2E70841C01C3813F747003DC3ED9BA7
:1017F0001CB83C34231A2407231B9406D5EB03574B
:101800008406C167FD176309F706631799063E3C16
:10181000231BE404231CF4049767FE1F83D7C7A986
:101820008D46114763E5F600850713F7F70FA30A06
:10183000E4042285EF405FEC83570404A907231FCB
:10184000F4048327440A93E717002322F40AC547C8
:101850005CBC231C6407231D5407231D4405231E61
:1018600034050145F2406244D2444249B249224A19
:10187000924A024B056182800356440601CEB3D4DE
:10188000C40233069602334606083376260B231C21
:10189000C40459B7B305990085814A85EF40DEE05D
:1018A000231CA404930584052685EF209FFAADB779
:1018B0008327840A93E707022324F40AC14749BF18
:1018C00049454DB7411122C406C62E84EF600FC9A9
:1018D00011E54945B2402244410182801C39A305EB
:1018E000850213F7470075D7ED9B1CB9BD4723064A
:1018F000F5028327850A93E727002324F50A01458B
:10190000D1BF411122C426C206C62E84B284EF6024
:10191000EFC403278510137707023DC7130754FE52
:101920009306000EAA8733470708494563E0E6029D
:101930001167938684EB13078714B3C606086367A1
:10194000D70003D7471E631887000145B2402244E1
:101950009244410182809766FE1F9386268BBA3699
:10196000A38E8706239F97063357870A239AE71C7F
:10197000DA363357970A239BE71C03A7470A131746
:10198000B72823A2E70AD1B74545C9B79767FE1F15
:101990009387C787B44F2A8791C6D02601C6D4360D
:1019A000494585EAB45F99C6B03609C6942A4945C7
:1019B000858A85E283A6C70891C6F03201C6D4366F
:1019C000494581EA83C6870B83C7970B63E8F60016
:1019D0001D4582801D45F240056182800111194636
:1019E0001305A10006CED88497F0FD1FE780000301
:1019F0002800EFD09FF98547E31EF5FC0145E1BFC4
:101A0000797126D24AD04ECE52CC56CA5AC85EC63A
:101A100006D622D42E89B289B68A3A8ABE8B428BE8
:101A2000EF60CFB3C94455C105679307A9FF93067B
:101A3000A7C7C944B3C7070863E9F608130707C86F
:101A40006365370963E329099307301F63EF57077D
:101A5000636D470713871A003347070833072703C7
:101A600093173A006353F70604392A848588639EE6
:101A7000040E8327450A93F71720E5EB3835231A20
:101A80002507231B3507231C7507231D6507231D09
:101A90005505231E45055C3D4DE385EB8327051069
:101AA000898BA1C331469305F00F1305850697F086
:101AB000FD1FE78020FD8327440A2314040693E7D3
:101AC00007202322F40AC9475CBCB25022540259B1
:101AD000F249624AD24A424BB24B26859254456142
:101AE000828063093905B385290185814A85EF40E4
:101AF000BEBB231CA404930584054E85EF207FD52F
:101B00009757FE1F83D7477B8D46114763E5F60045
:101B1000850713F7F70FA30AE4042285EF40DFBD22
:101B200083570404A907231FF4048327440A93E777
:101B3000170041BF231C2505E1B7C1FB8327851092
:101B4000898B95C731469305F00F1305850697F0ED
:101B5000FD1FE78020F38327440A2314040693E73C
:101B600007202322F40ACD4785B7B144B9BFE94421
:101B7000A9BF9757FE1F93876769B84F11C75427AE
:101B800081C6583749450DEBB85F19C7343789C648
:101B9000182B4945058B0DE383A7C70891C7F83378
:101BA00001C7DC37494589EB411106C6EFD0BFE8D4
:101BB000B2400145410182808280411122C426C287
:101BC0004AC006C6AA84014421499305F00F054581
:101BD000EF401EABB387840088A30504E31724FFFE
:101BE000B240224492440249014541018280797108
:101BF00022D44ECE06D626D24AD02EC6B2893684FC
:101C0000EF60CF957DC90349B500B245AA8463163C
:101C1000090E21461305B51A97F0FD1FE78000E075
:101C2000A389341B93D98900238A341B7C24503424
:101C30006C345424A207420603C5C404B297E206DA
:101C4000AE97B69703A7440A9386040835C1DCD63D
:101C50003C24103413670702A2074206B2973034BF
:101C6000B29710246206B2979CDA7C205030A2070B
:101C70004206B2977030B29750206206B297DCDA13
:101C80003C201030A2074206B2973030B2971020A5
:101C90006206B2979CDE8547A386F40423A2E40A79
:101CA000B25022549254F2494A85025945618280C9
:101CB000FCC63C24103413678700A2074206B29783
:101CC0003034B29710246206B297BCCA7C205030E0
:101CD000A2074206B2977030B29750206206B297C0
:101CE000FCCA3C201030A2074206B2973030B297AF
:101CF00010206206B297BCCE55B7094955B74111BD
:101D000022C406C62E84EF606F8571C934358547BD
:101D10002A870545639CF606142B930740026396B9
:101D2000F6067C245434A207C206B6977434B697DC
:101D30005424E206B6978346D704A9CE9306070833
:101D4000DCD63C241034A2074206B2973034B29756
:101D500010246206B2979CDA7C205030A20742061B
:101D6000B2977030B29750206206B297DCDA3C200E
:101D70001030A2074206B2973030B29710206206A8
:101D8000B2979CDE9307A0021CAB0145B2402244EF
:101D90004101828093060708FCC63C241034A20748
:101DA0004206B2973034B29710246206B297BCCA8A
:101DB0007C205030A2074206B2977030B297502074
:101DC0006206B297FCCA3C201030A2074206B297C6
:101DD0003030B29710206206B297BCCE65B7054589
:101DE00075B7411106C6EF507FF71DCD3435054755
:101DF000AA8709456397E602942B13074002639272
:101E0000E6020D472386E7021947A385E702130779
:101E1000500298AB03C7A70201451367170023853B
:101E2000E702B240410182800945E5BF5D71A2C46D
:101E3000A6C286C69757FE1F9387473D36849433C4
:101E40002A87B2848DC2B44F81C6D4263145BDE203
:101E5000B45F81C6B4363145B1EE83A6C70881C6EA
:101E6000F4323145A1EA03C6070C83C6170C1D45A1
:101E70006372D60483A7070D494593F707049DCBEA
:101E800019462800D88397F0FD1FE78020B9414606
:101E9000A6851305E10297F0FD1FE78020B8130522
:101EA000E1014146A28597F0FD1FE78020B7480079
:101EB000EFA00FD4B64026449644616182809757C4
:101EC000FE1F9387A73498330DC3B84F01C7582717
:101ED000494505E7B85F01C73837494519EF83A77A
:101EE000C70881C7FC33494589EB411106C6EFA0FD
:101EF0000FE4B24001454101828082809757FE1F66
:101F00009387C73094332A878DC2B44F81C6D426B5
:101F100049459DEAB45F81C6B436494595E683A636
:101F2000C70881C6F432494585E203A6870D98B3F8
:101F300083A5C70D9376F69F19C39366066023ACFD
:101F4000D70C23AEB70C014582809307006433059C
:101F5000F502411126C29754FE1F9384242B22C4FC
:101F600003A4440C4AC006C61309F00FC8D801E800
:101F7000B240224492440249014541018280082036
:101F800063052501CC58EF305EEC405CCDB7975728
:101F9000FE1F9387A727A38CA7021377150011EBC9
:101FA00003C7C7036D8F6304B70049458280238D43
:101FB000E702098919C10145828003C7D703718FE0
:101FC000E315C7FEA38DC702FDB7011122CC26CAB7
:101FD0004AC84EC606CEAE84B28936893A84EF50DE
:101FE000FFD72DC193F7140091EF8D4763FA3701A6
:101FF0004545F2406244D2444249B249056182807B
:1020000023023515898891E48D47E3E327FFA30276
:10201000251501CC9757FE1F83D767237D8C0D882C
:102020008547631EF4002314851485477CAD832700
:10203000450A9397C7282322F50A01455DBF23145B
:102040000514E5B7494575B75D716ECE975DFE1F06
:10205000938DCD1B52DC3E8A83A78D05A6C2CAC0D4
:102060004EDE56DA5AD85ED662D46AD086C6A2C48C
:1020700066D246C6B684830B4105834681058349F3
:1020800001062A8D2E89B28A3A8C428B99C7EC4B75
:10209000B70700043145ED8F85EF8D4763E94701B0
:1020A000937C090163870C0085476389F6044945E1
:1020B00005A093753900E38CF5FE93758900E5F969
:1020C0006397F60283C7CD033145918B6393072055
:1020D000B640264496440649F259625AD25A425BA7
:1020E000B25B225C925C025DF24D6161828063941E
:1020F000F91E83C7CD03918B3145F9DB6A85EF303B
:102100005FD32A8411E983A78D06054582972A8427
:102110001D455DDC2304A40193070002639FF400C6
:102120008D476399F904562C9307900F13055004BB
:10213000E3E0D7FA762CE3EDD7F89376F90F230096
:10214000D406638E0C101379F9009547631BF902CE
:10215000930710F87CA44545E3EC54F7FD4745454B
:10216000E3F857F79167E3E597F6D6948580B3C413
:10217000040831A88547E392F9FC562C9307D02E2A
:1021800075B7B5476313F90C85477CA4894406B03D
:10219000A307840163160C1085471CBC93F6060246
:1021A00099E2A30A440332451946814597F0FD1F81
:1021B000E78080A063140510B2458547230EF40222
:1021C000A30E640319461305E40397F0FD1FE7808F
:1021D000E084834701055CB49307F0076393FB0E2B
:1021E00056579757FE1F83C7E7CC1CA3030554011E
:1021F000EFD0FFC32304A406EFD01FBDD65748B8C5
:1022000088A38347C1052305040623020406A3020D
:10221000F40683470406C18B99EBFD1993F9F90F76
:102220008947E3E637E9A3050406A301340783479A
:1022300041060145A300F40683478106A303F40683
:102240007C489397B7297CC861B589476314F90026
:10225000994709B7E30009F023070400EDBD9D4746
:102260007CA493F5160093F7460089C991E3914544
:10227000A30FB4048547230FF404F1BD93F52600A2
:1022800081C9894591C39545A30FB4048947E5B732
:102290008D4591C39945A30FB404230F040465BD74
:1022A000A30C040081478D453356FC4801C6103C01
:1022B000050610BC8507E399B7FECDB5230E0402D1
:1022C00009BF914763C57701A30A740105B75CB8DC
:1022D00031BFE385D9E28947E392F9E283C7CD03B1
:1022E000898B19BD01114EC69759FE1F938909F2BA
:1022F00083A7890526CA4AC852C406CE22CC2E8995
:10230000B6843A8A99CFF84BB7070004F98F91CB7E
:102310003145F2406244D2444249B249224A056101
:102320008280EF301FB12A8419E583A78905130540
:102330002004F9FFF9BF782585473D8B630EF70E22
:1023400003470506418B41CF8D476304F90049459A
:10235000C9B7FD47E3ED97FE231E0400F1C85E2CCC
:1023600003D769071D45B3869700E344D7FA58247D
:1023700005C71630130700026390E60203473406D0
:102380008D46631DD70A1307900F13055004E362AF
:10239000F7F87E2CE36FF7F68D471D45E31BF9F642
:1023A00037E900E083290900B70720002320F91846
:1023B000B3F9F9000F1000009305800C0545EF40BC
:1023C0002EAC8357C4061205232444038507BD8B16
:1023D000C98F2316F40646AC23203911B1A8631A1D
:1023E000F900231E0500A5D458248547E319F7F604
:1023F00005B70D47E302E9F61147E316E9FE744914
:1024000037070001758F21F75825E312F7F45E2D89
:102410009DDF95FC9305800C0545EF406EA6835724
:10242000C40612058507BD8BC98F2316F40629A0A3
:102430007C48939787497CC80145E1BD8546E31DEB
:10244000D7F41307D02E91B701114EC69759FE1F2E
:102450009389C9DB83A7890526CA4AC852C406CE18
:1024600022CC2E89B6843A8A99CFF84BB70700045C
:10247000F98F91CB3145F2406244D2444249B2498E
:10248000224A05618280EF30DF9A2A8419E583A70A
:10249000890513052004F9FFF9BF782585473D8B91
:1024A0006304F71203470506418B71C38D4763042C
:1024B000F9004945C9B7FD47E3ED97FE231F040026
:1024C000638004107E2C03D769071D45B3869700EF
:1024D000E343D7FA582405C7163013070002639068
:1024E000E602034734068D466312D70E562C1307B7
:1024F000900F13055004E360D7F8E36EF7F68D47AD
:102500001D45E31AF9F65C5485C783476406898B39
:1025100085C3085811CD3C2581CFEF90DFE70C58DB
:10252000194613056403B10597E0FD1FE780004FCE
:1025300037E900E083290900B70720002320F918B4
:10254000B3F9F9000F1000009305800C0545EF402A
:102550002E938357C4061205232644038507BD8B9B
:10256000C98F2316F40666AC23203911B1A8631A6B
:10257000F900231F050095DC58248547E314F7F480
:10258000D5BD0D47E30CE9F21147E316E9FE7449A6
:1025900037070002758F11FF5825E31CF7F07E2DD9
:1025A00089DB81F89305800C0545EF406E8D8357DC
:1025B000C40612058507BD8BC98F2316F40629A012
:1025C0007C48939797497CC8014575B58546E318C3
:1025D000D7F2562C1307D02E29BF5D71CAC01759E8
:1025E000FE1F1309A9C2AA8703258905A6C286C6AC
:1025F000A2C44EDE52DC56DA5AD85ED662D466D217
:102600006AD06ECE32C23AC4B68405E5858B95EFAA
:10261000A9C10145B640264496440649F259625A7A
:10262000D25A425BB25B225C925C025DF24D616108
:102630008280744937070004758F63120714858BF5
:1026400089E781C9EF30DF9EE9B7639D050E4945F3
:10265000D1B70324C90555DC2285EF307F9D0040AA
:10266000DDBF78493377EC00631B07100347F5059E
:10267000630497016316A70103D7EA0163010710FA
:1026800003C75A03630E370703C7EA00631737010E
:10269000332794201A23E3ECEDFA0327C9067D14AF
:1026A0001374F40F79CFA247B3249A209A203E9A4C
:1026B0009305800C2397EA0603470A0005452398F3
:1026C0000A06A384EA06EF30BEFB03D7CA0612054A
:1026D000264405073D8B498F2396EA068327C906C2
:1026E00003C50B00B64096440649F259625AD25AC5
:1026F000425BB25B225C925C025DF24D616182875B
:1027000093878A05194681453E853EC697E0FD1FA1
:10271000E780804A631D350119469755FE1F938552
:1027200045BD13858A0597E0FD1FE780202F1946D8
:10273000814513858A0597E0FD1FE780E047E31593
:1027400035F531B7FD1513F4F50F370C0003894C3F
:10275000154D8549930D0008130BF00F9247228AFF
:10276000B38B870003C50B00EF30AFECAA8AE31AE6
:1027700005EE8327890513052004E38D07E831451D
:1027800051BDE31D64FDE1B539714AD84ED656D22C
:102790005AD05ECE62CC66CA6AC83E8B06DE22DCA8
:1027A00026DA52D49757FE1F83A7C7AB834B010489
:1027B000AE8A3289368CBA89C28C468D95C7F84B61
:1027C000B7070004F98F8DC3314AF2506254D254D6
:1027D0004259B259925A025BF24B624CD24C424D72
:1027E0005285225A21618280EF30AFE4AA84130A15
:1027F000200461DD63745901494AC1BF9547E3FD77
:1028000057FF8347050693F73703FDF7034AE505AE
:10281000E31C0AFA7C49918BC5FBEF30C067F9478E
:1028200063E4A7001D4A55B783C7340691EB03D76D
:1028300044089307D02E63F5E700994763F0270F0C
:102840006384090CB3C73A03E3C867FB639B0B02BD
:1028500003A4C40A2DC42302340123047401A30277
:102860006401FC4856991359194093E72700FCC8A6
:1028700083C7040623932409B3E787012380F40662
:10288000A9B7E3FB6CF785476383FB02B3079B4162
:102890002947B387E702B3C77703E3CFA7F503A4BC
:1028A000C40A11CC23023401A303A40131A003A460
:1028B000C40A11C4230234012303940179BF13868F
:1028C000190012069305E010328532C69700FE1FEC
:1028D000E78000B82A8439D53246814597E0FD1F4C
:1028E000E780401AB7C7898E23A6840A938767EDCD
:1028F0001CC0930704015CC423023401E38F0BF472
:102900008547E393FBFA4DBF03A5C40A39D9970065
:10291000FE1FE78040C023A6040AA1B7130A500493
:102920006DB5011126CA4AC84EC606CE22CC52C485
:102930009757FE1F83A70793AE843289B68991C744
:10294000F84BB7070004F98FA9E3EF308FCE2A8444
:102950001305200459C07C48898B8DC383473406F6
:1029600091EF035744089307D02E63F9E70003570C
:10297000640899471305500463F1E70693F7D40FF1
:1029800005476386E700630209063145B9A0B7E74A
:1029900000E003AA07003707200023A0E718337AD6
:1029A000EA000F1000000325840A19C59700FE1FD6
:1029B000E78060B62324040A23120408B7E700E086
:1029C00023A047116312090A8D476393F4027C48E0
:1029D00023120408F99B7CC80145F2406244D244AA
:1029E0004249B249224A056182809147E38FF4F857
:1029F0004945E5B7F51493F4F40F8547E3E797F8F5
:102A0000930550104A859700FE1FE78060A4232499
:102A1000A40A25DDB7E700E084433707200023A0A0
:102A2000E718F98C0F1000007C4893F7074091CF0E
:102A30009305800C0545EF30BEC48357A4081205EA
:102A40008507BD8BC98F2315F4080325840A4A86A0
:102A5000CE8597E0FD1FE78060FCB7E700E023121A
:102A6000240923A097108DBF7C48918BC1F78D4717
:102A7000E388F4F819BF41114AC01749FE1F130932
:102A8000E9788327890526C206C622C4AA842E8532
:102A900089CFF84BB7070004F98F81CB3145B2409D
:102AA00022449244024941018280EF308FB82A8447
:102AB000130520046DD413F714007C484DCB13F795
:102AC000170069FF034704061377370361FB898802
:102AD000C1CC0327490D454593E70740418B61D39E
:102AE000C1657CC8FD150145EF301EBC2314A40848
:102AF000EFD02FF893040408B7050001C8C4FD15F2
:102B00000145EF30FEBC88C89304040A154697457A
:102B1000FE1F9385857F268597E0FD1FE78000F0E7
:102B2000A685130500FBEFD06FC32685EF50EFCAD3
:102B30007C485824A300A408DD9B93E747007CC889
:102B40008547631FF7009305800C0545EF305EB3A2
:102B50008357C40612058507BD8BC98F2316F4065B
:102B6000EF60A053014525BF93F7F7BF95BF03451D
:102B7000D407CD9B7CC89307F00FE303F5FEEF303D
:102B8000EEEBF9BF01114AC83A891747FE1F130738
:102B9000E7670328870722CC26CA4EC652C456C20E
:102BA00006CE2A8AAE8A3284B684BE8963080800BB
:102BB0008326C80191673145F58F9DE3785F3145E4
:102BC00005C39377A4FF454581EF937754003145C2
:102BD00081CB6310080202972A880D45631F080005
:102BE000F2406244D2444249B249224A924A0561C3
:102BF00082808347B8003145E5F78D474945E3E1D9
:102C000047FFA306480523085801230008029375CF
:102C1000140085C99C20A307F80083570900231BD3
:102C2000F80003D609003356F60A93075005231C13
:102C3000C8003306F60285472300F8022186231DCB
:102C4000C800118829C0AE949C2033A92521B3A5C2
:102C50003521A307F800A307F80203570900231939
:102C6000E8029E21B3D7E70A13075005231AF8029A
:102C7000B387E702A187231BF8028347080293E783
:102C800027002300F8028327C80101459397F728FE
:102C9000232EF800B1B71747FE1F130727573C5FD5
:102CA000011122CC26CA4AC806CE2E89B2843684A7
:102CB00089E77C5F8DEB314521A8D04F9166F18E7D
:102CC000FDFA785F6DDB19C905476309E5024945DF
:102CD000F2406244D2444249056182802AC6EFB084
:102CE0004FFD3245F5B70547E313E5FE8297AA8706
:102CF0000DCD1147A30605047AA91AADB4370547CF
:102D0000E387E6FC85C086BFA2BF01C41E04E3D0F2
:102D100084FC238927016244F240D2444249BC57D3
:102D20000561828723AC0702EDB70D4555B75D718C
:102D300062D466D26ECED084AA8DAE8C328CB6852B
:102D400019461305A100A2C4A6C2CAC04EDE52DCB9
:102D500056DA5AD85ED63E8A564BE64A86C66AD0BE
:102D6000B68B3A84C28946899744FE1F9384044AED
:102D700097E0FD1FE78080CABC5C8DC7D84F916784
:102D8000F98F8DC33145B640264496440649F25921
:102D9000625AD25A425BB25B225C925C025DF24D97
:102DA0006161828083A70409F1DFEF30BF9197470B
:102DB000FE1F83C75710E307F5FC9D474545E3E435
:102DC00087FC9377540099E3494575BFBC5C99C76C
:102DD000D44F1167758F5DF7BC37CDF703ADC408CD
:102DE00063150D3083A7040982972A8D41DD0D47B5
:102DF000E36C97FDA306BD01A3029D07194681451B
:102E00005E8597E0FD1FE78020DB6316052E0547F2
:102E10002306ED06A3068D071946DE851305ED068C
:102E200097E0FD1FE78080BF230C0D02937B140009
:102E3000814C63880B0C83560A001146C647B3F6D3
:102E4000C60A231ADD0203D7090093050D05DE8C9F
:102E50003357D70A930650053377C70A231BED0271
:102E60003307D70221872319ED020547230CED0212
:102E7000035709002317ED008A232A970587231A91
:102E8000AD002318ED04EF10DF9C83560D0585651A
:102E9000938505C81947B3D6B60AB3C60608B3F674
:102EA000E60A2318DD0403560B001307301FF6470C
:102EB0003356E60A130716003307D702231DCD0049
:102EC00003D50A0009873367A70A33470708231089
:102ED000ED028A2386573357B70A2313AD02A9455B
:102EE0008A23334707083377B70A2310ED020A070E
:102EF0003347D7022316AD027D173347C70A231D78
:102F0000ED00137C2400630C0C0A33A72C211A2338
:102F1000C64793052D052318ED00B3A6FC208A2291
:102F2000939D1C00850C2A970587231BAD00231950
:102F3000ED04EF101F9283562D050565130505C896
:102F40001947B3D6A60AB3C60608B3F6E60A33078E
:102F5000BB012319DD040E231307301F3386BA018A
:102F6000B3D5E50A138715003307D702231EBD002A
:102F70001222F64793FCFC0F09873367C70A338692
:102F8000B701334707082311ED0212228657335742
:102F9000A70A2314CD023386B7011222334707084C
:102FA0002317CD0229463377C70A2311ED020A07FA
:102FB0003347D7027D173347B70A231EED00118828
:102FC000630E041233AA4C2183560A001146B3A99A
:102FD0003C21B3F6C60A2313DD0403D7090033A945
:102FE0002C21C6473357D70A930650053377C70AB3
:102FF0002314ED043307D70213941C00B3ACFC2058
:1030000093054D05229BA29A21872315ED040347C2
:103010008D0313672700230CED02035709002319C2
:10302000ED0003D50C002A970587231CAD00231A59
:10303000ED04EF101F8283564D050565130505C885
:103040001947B3D6A60AB3C60608B3F6E60A231A8A
:10305000DD0483550B001307301FF647B3D5E50A8F
:10306000138715003307D702231FBD0003D60A00BC
:1030700009873367C70A3386870033470708231257
:10308000ED02122286573357A70A2315CD02338645
:1030900087001222334707082318CD0229463377C9
:1030A000C70A2312ED020A073347D7027D173347B9
:1030B000B70A231FED0063100C02638E0B04035745
:1030C0000D052319ED040357AD01231EED00035731
:1030D0000D022311ED0203A7840D83278D081367CA
:1030E000072023ACE40C829779B983467D0005471D
:1030F000E39FE6CE41B923060D063DB303570D0508
:10310000231AED040357AD01231FED0003570D02F1
:103110002312ED024DB703574D052319ED04035754
:10312000ED01231EED0003574D0265B7011122CCBE
:1031300026CA4AC84EC606CE2E893284B689BA84BB
:10314000EF203FCF3DC503284505AA8731451377BA
:10315000082029EB1747FE1F1307470B83469704E8
:10316000454563E1260503C6470B33568640058A6D
:1031700015CA8326070D37060800F18E85C603475A
:10318000870463619702238B870AA38A270BA38B8B
:10319000370B11C0268413680810238C870A23AAD2
:1031A00007050145F2406244D2444249B2490561F3
:1031B000828013052004FDB7411122C406C62E8467
:1031C000EF203FC715C17849AA873145937627007C
:1031D00081CA9376F7DF19C093660720F4CB0145C7
:1031E000B24022444101828013052004D5BF011161
:1031F00026CA4AC852C406CE22CC4EC62E8A32896E
:10320000B684EF40BFB571C1938701A8631D090063
:10321000054798A30145F2406244D2444249B2496D
:10322000224A05618280982385472A846315F70026
:10323000238001A8094AB7E700E083A90700370700
:10324000200023A0E718B3F9E9000F100000416542
:10325000130545F5EF401FB229C93C253EA583273C
:103260008411A1E3232CA410232EA410930710F89B
:10327000F9141CB52320050023162501230445015C
:1032800044C1834594020145B315B028B3C5050870
:103290009700FE1FE780608BB7E700E023A037119F
:1032A00095BF8327C41188C3C1B79747FE1F83A763
:1032B00027C291C795659385555505458297B7E710
:1032C00000E023A037111D45B9B70945A9B76F0024
:1032D0006FEC6F000FF16F000FF66F004FFC6F0087
:1032E0003F826F00DF8E6F003F866F00BF89828054
:1032F0006F003F92034301001AC06FF0BEB86FF039
:10330000BEC46FF05ECE6FF0DED46FF03EDB6FF0C8
:103310001EE16FF09EE76FF01EEC79711303F00F62
:103320001AC81AC60343810306D61AC403534103BD
:103330001AC2035301031AC0EFF0BEF0B250456148
:10334000828003530100035E4100834E8100034FDE
:10335000C100835F010176C47AC67EC872C21AC0FA
:103360006FF03EEE6F00AF816F006F8D0353010071
:10337000034E4100834EC10093F8F80F1378F80F05
:1033800076C672C21AC06F008F916F000FA16F00D6
:103390000FAA6F00AFAD6F00EFB06F00AFB66F0058
:1033A0004FBD6F008FC1828082806F00EFD323A258
:1033B000A1A88280411126C206C622C4AE8493977A
:1033C000556063DA071603C5C1A897D0FD1FE780D3
:1033D000E05B2A8409CD1C21130710096380E702F2
:1033E0001307000D6387E7082285EF209E8C139555
:1033F000F468B24022449244410182801C31394732
:103400006397E7025A21856793875740E31EF7FCCD
:103410001C45A8239833AC33220583A781A8598D76
:10342000E1D79C43F1D393954560829775BF13070D
:10343000E003E39BE7FA38219D47E317F7FA4A21B7
:103440009700FE1FE780E08545D15825A147E31D81
:10345000F7F883A781A8C9DB9C47D9D732246E200F
:103460004A207116F11533460608B3C50508829740
:10347000A5BF3C2119476383E702636EF70095C33C
:1034800015476380E70A83A781A8B9DFDC43A9DF7A
:103490002285829791BF3147E397E7FEEF10F01E38
:1034A000DDB71C31EDF383C7D1ADB9E34146974594
:1034B000FE1F9385A5FF1745FE1F1305250197D015
:1034C000FD1FE78040671DED1746FE1F130606002F
:1034D000C1450945EF304EE61746FE1F130606FEAE
:1034E000C1450D45EF304EE503C58185EF308EDFD8
:1034F0001946930534001385C1AE97D0FD1FE780B0
:10350000E05151B741469745FE1F938525F9174570
:10351000FE1F1305A5FA97D0FD1FE780C0614DD5AA
:10352000C1BF1C31ADF33225930545002831A146BA
:10353000EF10202189BF11656D8DE30C05EA13861C
:1035400041AF91451145EF302EDF03C58185EF3046
:103550006ED91395E46871BD411122C406C6974720
:10356000FE1F238EA7C4328481C52E85EF108015DF
:1035700019C023A481A883C7D1AD8DE72244B240EE
:1035800003C6E1AD03C5C1A8938741AF1747FE1F2E
:103590001307C7F29746FE1F938646F3A1454101E4
:1035A0006F70BE8CB24022440145410182800111FE
:1035B00083C7C1A8C8824C83D08328001946B6852A
:1035C00006CE5C8297D0FD1FE78040454800EF6043
:1035D0008E80F240056182800111C88683C7C1A830
:1035E000680006CE5C864C87D087EF505EF2F240D2
:1035F00005618280238EA1AC03C741B09307F00F11
:103600006308F7008547A38EF1ACB147A38EF1AEF6
:1036100082809747FE1F83C7178A81EB61458280AE
:103620006145B240224441018280411117050000EA
:10363000130585D822C406C61384C1A8EF201EE254
:1036400008A01307F00FE30DE5FCA147A38EF1AE30
:10365000EFF05FFA83C7D1AD99C30145D9B71746DB
:10366000FE1F1306A6E6C1450945EF30CEA6174654
:10367000FE1F1306A6E4C1450D45EF30CEA5414619
:103680009745FE1F938585E41745FE1F130505E248
:1036900097D0FD1FE780803841469745FE1F9385F0
:1036A000E5E11745FE1F130565DF97D0FD1FE78095
:1036B000E036138641AF91451145EF30CEA1082089
:1036C000EF404EC759BF130705031E21110593C7CD
:1036D000F7FF231EF5FE8347E5FF93C7F7FF230F90
:1036E000F5FEE314E5FE828099473305F5020111EA
:1036F0000A86C14506CE1305052033450508EF307F
:103700008E9D09E50886F240056182800145E5BF8E
:10371000011122CC26CA4AC84EC606CE81440144B5
:10372000138991AA938901AB83470900636AF40066
:10373000F24062444249B2492685D2440561828002
:1037400083A709001315440019469305F00F3E9511
:1037500097D0FD1FE780404601E5850493F4F40F00
:1037600005041374F40FC9B703A541AA11CD411183
:1037700006C6EF200ED4B24023A201AA83C791AAA5
:103780002384F1AA4101828083C791AA2384F1AAEC
:1037900082805971A6D286D6A2D4CAD083C781AA04
:1037A000AA84639EA700138401AD08208545EF20FD
:1037B000CEE508208945EF204EE5EFF0FFFA1949E4
:1037C000338924035000C145130409202285EF30BA
:1037D0008E9009C90144B650228526549654065944
:1037E0006561828019469305F00F480097D0FD1F50
:1037F000E780803C65F1480041469305F00F97D083
:10380000FD1FE7802028480871469305F00F97D0E8
:10381000FD1FE78020270818130600039305F00F0B
:1038200097D0FD1FE78000265000C1452285EF306C
:10383000AEB050082A84F14513051920EF30CEAF01
:103840005008498CF14513052920EF30EEAE137472
:10385000F40F5008498CC14513053920EF30CEAD27
:103860001374F40F5008498CC14513054920EF30FB
:10387000AEAC1374F40F5008498C914513055920D0
:10388000EF308EAB1374F40F498C1D65101893053F
:1038900000032695EF304EAA1374F40F498C03C52C
:1038A00081851374F40FEF30EEA335B7011122CCEC
:1038B00026CA4EC606CE4AC80144EF006FDB938984
:1038C00091AA938401AB83C709006369F400F240B5
:1038D0006244D2444249B24905618280884013194A
:1038E000440019469305F00F4A9597D0FD1FE780D5
:1038F000A02C11E58C40CA95E835EF00AFD7050440
:103900001374F40FC9B7397122DC26DA4ED652D4BB
:1039100006DE4AD80144EF00CFD8938991AA938458
:1039200001AB194A83C70900636AF400F25062547C
:10393000D2544259B259225A2161828088401319C7
:10394000440019469305F00F4A9597D0FD1FE78074
:10395000A0261DE5330544030A86C145130535201D
:1039600033450508EF203EF71008C1450945EF2013
:103970009EF68C4014080A86CA95E835EF002FD2CF
:1039800005041374F40F79BF011106CEEFF05FD870
:10399000054789476363A700A9471306F1008545DA
:1039A00013052004DC87EF601EFFF2400561828072
:1039B000011122CC26CA4EC652C406CE4AC80144C2
:1039C000938991AA938401AB194A83C7090063675D
:1039D000F402EFF0FFD383C7C1AA99C3EFF01FED44
:1039E00083C7B1AA99C3EFF01FF26244F240D244F8
:1039F0004249B249224A05616FF01FF93305440379
:103A0000904013194400C1454A96130505203345DB
:103A10000508EF205EEC05C9884019469305F00FB4
:103A20004A9597D0FD1FE780E00588401946930529
:103A3000F00F4A95190597D0FD1FE780A0049C4020
:103A4000CA972396070005041374F40FBDBF2A21FB
:103A500083C501AD6F807EA69947B385F5023971A4
:103A600022DC26DA4AD84ED606DEA1472A84B28462
:103A70003A89938925206384F6009389152071463D
:103A80008145480097D0FD1FE780C0FF5000F145F9
:103A90004E85EF205EE405E18347E1012547E51708
:103AA00093F7F70F6369F700CA86500093F5140087
:103AB0002285EF30DEF6F2506254D2544259B259A8
:103AC00021618280797122D426D24AD0AE842A899B
:103AD00032848145130600020A8506D697D0FD1F61
:103AE000E78040FA83C7A18523102101230EF1004E
:103AF000B4843DCC83C7F1AC03C7C1AC5C8283C73F
:103B0000E1ACDC8213564748937777002206D18FC9
:103B1000135657482606D18F135767482A07D98F5F
:103B200093F6868FD58F41469745FE1F9385059660
:103B300013056100FC8497D0FD1FE78020EE83C74A
:103B4000D1AC13F7170011C789C4B88413672700D5
:103B5000F88403476101A2850A85D98F230BF10000
:103B6000EF30FEDDB25022549254025945618280FA
:103B700083C771AC03C741AC5C8283C751ACDC82A4
:103B800013564748937777002206D18F135657482C
:103B90002606D18F135767482A07D98F93F6868F49
:103BA000D58F41469745FE1F9385458D13056100CE
:103BB000FC8497D0FD1FE78060E683C761AC51B7F6
:103BC000011122CC06CE2A842EC632C497F0FD1FE6
:103BD000E780200D05C55825A1472246B245631C44
:103BE000F70083A741AB99CBDC4389CB22856244A4
:103BF000F2400561828783A781ABF5B7F24062444A
:103C000005618280011122CC26CA4AC84EC606CE62
:103C1000AA840144138991AA938901AB83470900BF
:103C2000636BF4003E84F24022856244D2444249F0
:103C3000B2490561828083A7090013154400194623
:103C4000A6853E9597D0FD1FE780E0EE69FD05044F
:103C50001374F40FE1B75D71A2C4138441AA1C4030
:103C6000CAC04EDE86C6A6C252DC56DA5AD82A89A7
:103C7000AE89A1EF6300051A638E0518EFF09FF877
:103C8000938A91AA83C70A00138A81AA2300AA00F3
:103C9000636DF5028144138B01AB0DA083270B00EC
:103CA0001395440019469305F00F3E9597D0FD1FDC
:103CB000E78080F009E9850493F4F40F83C70A00D4
:103CC000E3EEF4FCBE8423009A00938481AA9C2036
:103CD00003C791AA63F0E71418403DEB1947B38777
:103CE000E7024A86C1459387072033C50708EF20BE
:103CF000BEE4130600039305F00F0A8597D0FD1F5D
:103D0000E78040D888209D670A863E95930500038A
:103D100033450508EF205EE29C2003A501AB414638
:103D20009207CA853E9597D0FD1FE78020CF2320BC
:103D3000340103C58185EF20FEDA0145B6402644F3
:103D400096440649F259625AD25A425B61618280B6
:103D50001047014719CE19473385E702F14513058E
:103D6000152033450508EF203EDD1C40054723A400
:103D700007001C40904B39CE88209947F145330508
:103D8000F5021305252033450508EF20FEDA1C4017
:103D9000D04B23A8070029E2D04741DE88201949EB
:103DA000C145330525031305452033450508EF209C
:103DB000BED888201C40914533052503D0474106D5
:103DC0001305552033450508EF201ED71C4023A6B8
:103DD000070085B7D04B05C288209947C1453305F8
:103DE000F5021305352033450508EF20FED41C40AD
:103DF00023AA070055B7D04755F205FF83C7C1AACC
:103E000099C3EFF0BFAA83C7B1AA99C3EFF0BFAFC0
:103E1000EFF09FB705451DB70111994722CC330438
:103E2000F50226CA0A86AE84C14506CE13040420D4
:103E3000334404082285EF201EAA19C50145F2402B
:103E40006244D2440561828019469305F00F0A85C9
:103E500097D0FD1FE78040D675F138869377D70F4E
:103E600089C49377F70F93E72700630CF7000A865E
:103E7000C14522857C86EF203ECC03C58185EF209D
:103E80007EC605456DBF411122C426C206C6014546
:103E90000144938491AA9C206373F40011C5B2403D
:103EA000224492444101828022850504EFF07F8EF6
:103EB0001374F40FCDB783C791AA637EF502011185
:103EC00022CC06CE2E8485C599473305F5020A8695
:103ED000C1451305052033450508EF20DE9F01E9A4
:103EE00019468A85228597D0FD1FE78020B3F240CE
:103EF00062440561828082809947B307F5021D7193
:103F0000A2CCCEC63284AE890A86C145A6CA86CE68
:103F100093870720CAC8AA8433C50708EF20BE9B31
:103F200011C90149F6406644D644B6494A85464916
:103F30002561828019469305F00F0A8597D0FD1FF1
:103F4000E78080C779FD9D67BE9410089305000344
:103F50002685EF205E982A8919C10549E1B708082E
:103F6000EFF06FF663940904130600038145080817
:103F700097D0FD1FE78040C46DF113060003814513
:103F8000080897D0FD1FE780E0AF85470808238E1B
:103F9000F1AAEFF04FF31008930500032685EF20F8
:103FA000BEB903C58185EF20FEB345BF1C083E871F
:103FB00016236385360311079400E31BD7FE3DD01B
:103FC0009A2311C791079800E39CE7FEA1BFB8238D
:103FD00023903701E30387F8A0A345BF3C23E38E7A
:103FE00087F620A35DF02310070045B7011126CA0C
:103FF0004AC84EC606CE22CC52C49739FE1F9389BA
:1040000029EA03C5E900FD5793052004120523881A
:10401000F1AC938401ABA38401AA23A801AA97E081
:10402000FD1FE780E04288C0138991AA05C183C7BC
:10403000E90001442300F900834709006360F40CA0
:1040400083A78900638B070E238001AA8347090099
:104050000544414681451735FE1F1305254323843A
:10406000F1AAA38E818423A201AAA38701AC23878E
:1040700001AC97D0FD1FE780E0A093047007414694
:1040800081451735FE1F1305653F238691AC238EAE
:104090008184A38601AC23A401AC238301ACA38358
:1040A00001ACA38201AC97D0FD1FE780A09D2382C5
:1040B00091AC23A001ACA38E01AA9547A38DF184F6
:1040C000C147238DF184238E01AA8947A38CF184F3
:1040D000F240238C8184A38B8184238B818462446E
:1040E00023AC01AA23AA01AA238601AA238501AA37
:1040F000D2444249B249224A056182808840131A5B
:10410000440019469305F00F529597D0FD1FE780A4
:104110006097884019469305F00F5295190597D07E
:10412000FD1FE78020969C4005041374F40FD2977E
:10413000239607002387070001B7930700F8238021
:10414000F1AA29B71971A6DACAD8CED6D2D4D6D256
:1041500086DEA2DC8144938991AA138901AB194AB6
:104160009D6A83C7090063E3F40203C58185EF20DC
:104170007E9783C70900F65066542384F1AAD6546B
:104180004659B659265A965A096182800325090074
:1041900013944400194622959305F00F97D0FD1F04
:1041A000E780408E0325090019469305F00F2295FC
:1041B000190597D0FD1FE780E08C83270900414651
:1041C0009305F00FA29733844403239607002387B7
:1041D0000700480097D0FD1FE780C08A714693050D
:1041E000F00F480897D0FD1FE780C0891306000331
:1041F0009305F00F081897D0FD1FE780A08833447F
:1042000004085000C1451305042033450508EF207C
:10421000BE925008F1451305142033450508EF20E0
:10422000BE915008F1451305242033450508EF20C1
:10423000BE905008C1451305342033450508EF20D2
:10424000BE8F5008C1451305442033450508EF20B3
:10425000BE8E500891451305542033450508EF20C4
:10426000BE8D338554011018930500038504334532
:10427000050893F4F40FEF203E8CE5B5411122C4FC
:10428000930705C006C6130720022E84B3C707088C
:10429000636EF70C177700001307C72EB3C7E7202C
:1042A0009C43BA97828783C7D1851CA08147B240BF
:1042B00022443E854101828083C7D1AC93D72748F1
:1042C000EDB783C7F1ACD5B783C7E1ACF9BF4146C1
:1042D0009735FE1F9385851B228597C0FD1FE780BC
:1042E000E073E9B783C7D1AC858BC1B783C7C1ACD5
:1042F0006DBF83A781AC1CC055BF83C7C18575B78F
:1043000083C761AC65BF83C771AC45B783C751AC88
:1043100069BF41469735FE1F9385451675BF83C714
:1043200061ACD9B783C741AC49B783A701ACE1B74A
:1043300083C7D1AB9DBF83C7B18585BF83C7A18527
:10434000ADB783C7C1AA95B783C7B1AAB9BFEFF00C
:104350002FBC08A0A1BF83C7618581BF83C7D1AC33
:1043600093D7374899B783C761ACDDBF1307000403
:104370008947E36EA7F2EF30CEF40AA005BF011122
:1043800006CE22CC26CA4AC84EC652C4EF309EC4BE
:104390003DED03C7A1AA85472A84938491AA630CA3
:1043A000F702138901AB054A9C206370F40483274C
:1043B000090093194400CE97FC27639A4701228590
:1043C000EFF02FBD83270900CE9723870700050450
:1043D0001374F40FD1BFEFF01FAB9820238501AA0F
:1043E00083A701ABB907631DE400EF20DE9A6244A6
:1043F000F240D2444249B249224A05616FF04FDB94
:104400000504238007001374F40FC107E9BFF240CD
:104410006244D2444249B249224A0561828079719C
:104420004AD04ECE52CC06D622D426D256CA938932
:1044300091AA894703C409002E8A3289630AF506C6
:1044400063F1A7028D478144994A630AF506B25089
:104450002285225492540259F249624AD24A456155
:1044600082802E85EFF00FFA83C709002A84E3705B
:10447000F5FEE30E09FC1946D2854A8597C0FD1F5B
:10448000E780C059E9B703A50A009397440019468D
:104490003E95D285190597C0FD1FE780C06929EDBB
:1044A000850493F4F40F03C40900E3EE84FC45B7DC
:1044B0008144938A01ABC5BF850493F4F40F03C410
:1044C0000900E3F684F8338554030A86C1451305D1
:1044D000352033450508EF200EC079FD4146930590
:1044E000F00F0A8597C0FD1FE780006D71F5D2853A
:1044F0000A85EF30CEE469F183C7090063E4F40074
:104500002684B1B7E30E09FECA852685EFF0BF9A6F
:10451000C5BF797126D206D622D44AD0AA8402CC4D
:10452000231E010097E0FD1FE780A0770DCD1389C2
:10453000C1850347090089476307F70293056500B2
:104540002A8448313008EFF09FED83C791AA637247
:10455000F5022AC6EFF04F99B2452A860547A146D3
:104560002685EFF06FCFB250225492540259456124
:1045700082808347090091E795452685EF30BEA2EA
:10458000DDB70547E391E7FE4C3001462685EFF0A5
:104590006FD3D1BF0111C16726CA06CE22CC4AC84B
:1045A0004EC6FD17AE846309F50697E0FD1FE78050
:1045B000406F2A84514929C9930565004831014655
:1045C0005549EFF0DFE583C791AA6376F500A6852C
:1045D000EFF09F8401498DC82285EFF04FC72DA0D1
:1045E000A6852285EFF05F8311C10149050413748C
:1045F000F40F83C70900E365F4FE99C417F5FFFFC4
:1046000013052545EFB00EF9F2406244D244B24999
:104610004A8542490561828001445549938991AA9E
:10462000C9BF0111C1674AC84EC606CE22CC26CAF0
:1046300052C4FD172E89B2896300F50697E0FD1F6D
:10464000E7802066D14421C19305650048310146C9
:10465000D544EFF0DFDC83C791AA6376F5024E867E
:10466000CA85EFF07F89814439A84E86CA852285A4
:10467000EFF09F8811C1814405041374F40F834740
:104680000A00E364F4FEF24062444249B249224A1D
:104690002685D244056182800144D544138A91AABB
:1046A000F9BF411122C406C6138401AD0C2023AC0E
:1046B000A1AA6145EF30DE9A08202244B2404101B0
:1046C0006F900EF2411122C406C6138401AD0C2076
:1046D00023AAA1AA6145EF30BE9808202244B24027
:1046E00041016F90EEEF411106C622C426C28DED46
:1046F000AA85AA8437450F00130505243375A60241
:10470000EF300EBE2A8401E90144B24022852244E2
:104710009244410182809307E00FE308F5FE85454E
:104720002685EF305E88D5B7EF30FE87F1BF13875F
:10473000D1851C2383C5D1AC93E707F81CA36F3048
:104740004EFB5971A2D432845000CAD0D2CC86D646
:10475000A6D2CECE2A89368A02C223140100EFF0F7
:104760001FCC83C791AA6374F50EAA84EFE0DFF72C
:104770009147AA896316FA0C03C7D18579171337B5
:10478000170091461949338924034E86A685228550
:10479000EFF08FAC51468145680097C0FD1FE78060
:1047A000602E700033490908C1451305492033457F
:1047B0000508EF204E9205E941469305F00F680089
:1047C00097C0FD1FE780403F19ED70089145130920
:1047D000592033450908EF200E90700093F5190019
:1047E0002285EF30AEF59D67BE941010930500034F
:1047F00033C50408EF202E8E19ED0810EFE0BFEC52
:1048000004108E2089C5B0202285EF80CEAE9104A1
:104810009C08E398F4FE93F929006387090083C597
:1048200001AD2285EF707EC991476314FA0403C776
:10483000D1858947631FF7022285EFF05FEF15A846
:1048400003C7C185791713371700D28625BFA14743
:10485000E31CFAFC03C7C1858947631CF7000146C6
:10486000CA852285EFF00FA6014681452285EFF02B
:104870002FB5B650265496540659F649664A014556
:1048800065618280411122C42A8406C6EFF00FF6CA
:10489000238881AC2244B24041016FF06F911D71B9
:1048A00086CEA2CCA6CACAC8CEC6D2C4D6C2EFF0A3
:1048B0004EDF83C7718599CB0144138A91AA13896E
:1048C00001AB994A83470A00636BF400F6406644E3
:1048D000D6444649B649264A964A25618280032530
:1048E00009009319440019469305F00F4E9597C09F
:1048F000FD1FE780602C29E9B30454035010F145F3
:10490000B3C404081385142033450508EF10BEFC1A
:1049100005ED0347F1039307F00F6317F70250000B
:10492000C1451385342033450508EF10DEFA5008E1
:10493000C1450945EF103EFA83250900540850008F
:10494000CE95E835EFF0AED505041374F40F9DBF96
:104950005D71A6C2CAC0930705C086C6A2C44EDE5A
:1049600052DC56DA5AD8130720022A89B284B3C718
:1049700007086368F74E17770000130767C9B3C7C6
:10498000E7209C43BA978287854761446393F50289
:104990001C220947636FF700A38EF184014411A81C
:1049A000854761446397F50014221387D1AC63FAFD
:1049B000D50CB6402285264496440649F259625ADF
:1049C000D25A425B6161828085476144E393F5FE80
:1049D0001C221147E36FF7FCA387F1ACC1B78547F1
:1049E0006144E398F5FC1C22E3E5F5FC2387F1AC78
:1049F00075B7C1476144E39EF5FA4146A685173570
:104A0000FE1F1305A5A897C0FD1FE780200179B7F9
:104A100085476144E39FF5F814221387D1ACE3EA9C
:104A2000D5F81C236381062093E71700B9A88547B2
:104A30006144E390F5F81C222386F1AC85B79147D9
:104A40006144E398F5F61842B7470F009387F723C0
:104A5000E3E1E7F623A4E1AC91B785476144E39A2B
:104A6000F5F41C220947E366F7F4238EF1843DB781
:104A700085476144E39FF5F21422E3ECD5F21387F6
:104A800061AC1C2389C693E747001CA301BFED9BC3
:104A9000EDBF85476144E39EF5F01C221147E36AB0
:104AA000F7F0A383F1ACDDBD85476144E393F5F0F6
:104AB0001C22E3E0F5F0A382F1ACCDB5C14761441F
:104AC000E399F5EE4146A6851735FE1F1305059BB4
:104AD0001DBF85476144E39EF5EC1422E3EBD5EC62
:104AE000138761AC3DBF85476144E394F5EC1C221C
:104AF0002382F1AC65B591476144E39CF5EA184225
:104B0000B7470F009387F723E3E5E7EA23A0E1AC7B
:104B100071B56144E39F05E8EF30CECB01E9EFF0DA
:104B20008FB6EF204EA7EFE0BFE88DBD8547238508
:104B3000F1AAADB59D476144E39DF5E69385140068
:104B40001946680097C0FD1FE78040ED8820500897
:104B50006C00EFF0DF8C83C791AAAA840944E37A42
:104B6000F5E44808EFB06E832A8409E92685EFE072
:104B70005FC2EF204EA2EFE0BFE325BD83A701ABEC
:104B80009204A6970547F8A7594425B59D47639E0B
:104B9000F508194693851400680097C0FD1FE7804B
:104BA000E0E7882001466C00EFF07F8783C791AA79
:104BB0006377F5049947B304F5025008F1459384EF
:104BC0001420B3C404082685EF10FED02A8415E50E
:104BD0001307A0419307F00F6313E90085475008BE
:104BE000F1452685A307F102EF101EF503C5818567
:104BF000EF105EEFEFF0BFCA6DBB0944E5BF83C79E
:104C000001AA0944E38707DA1387F1A99306A041B3
:104C10001C23631AD90093E717001CA31D46A68521
:104C2000138581A9CDB3F99B8DB585476144E39286
:104C3000F5D81387F1A99306A0411C236315D5006D
:104C400093E7270099B5F59B89B5A38B0184EFF015
:104C50001FC5A9B38547A38BF1840144138991AA89
:104C60009949130AF00FFD5A138B81858347090078
:104C7000E37FF4FCB30434035008F145938414201B
:104C8000B3C404082685EF101EC505E18347F10271
:104C9000638D47015008F1452685A3075103EF10A6
:104CA000BEE903450B00EF10FEE305041374F40F97
:104CB00075BF85476144E39EF5CE1C22E3EBF5CE3C
:104CC000A38EF1AAE1B985476144E394F5CE1C2295
:104CD0002547E360F7CEA38DF184C9B185476144D0
:104CE000E399F5CC1822A546930797FF93F7F70FA2
:104CF000E3E1F6CC238DE18455B185476144E39A25
:104D0000F5CA1387C1AA1C2214231CA3E39806C862
:104D1000E396B7C809BD85476144E39CF5C8138491
:104D2000B1AA1C2218201CA009E76394B700EFE089
:104D30003FC80820EFF02E9795B185476144E39A6C
:104D4000F5C61C220D47E366F7C6A38CF184B9B102
:104D500085476144E39FF5C41C22238CF1843DB94F
:104D60000545EF103ED81DB985476144E393F5C46E
:104D70001C22238BF1841DB1930740026144E39A06
:104D8000F5C28830014693852400EFF04FE983C7D0
:104D900091AA6364F500094429B999473305F502DE
:104DA0009820A14733490508631FF70213092920FA
:104DB0005008F145334909084A85EF10DEB12A84CD
:104DC00015E59385840048086D4697C0FD1FE78070
:104DD000E0C45008F1454A85EF101ED603C5818511
:104DE000EF105ED0F9B613091920D9B70544D1B632
:104DF0001727FE1F0357C70B930740046D44E3FAC0
:104E0000E7BA85476144E396F5BA1C22E3E3F5BAB5
:104E100081CF83A741A95544E38D07B81387D1AC4F
:104E20001C2393E7870095B11387D1AC1C23DD9B2E
:104E3000A9B91727FE1F0357A707930740046D441E
:104E4000E3F9E7B685476144E395F5B61C22E3E252
:104E5000F5B6F9DB83A741A95544138761ACE9F3A3
:104E600089BE93070004E3E827F38947E395F5F249
:104E700026448E20B6409644F259625AD25A425B7A
:104E80004A85064961616F30AE9D797106D622D49C
:104E900026D23C215147E91793F7F70F6367F704D0
:104EA000176700001307877FB3C7E7209C432A8456
:104EB000BA978287262550255435268532C636C4B2
:104EC00097E0FD1FE780E0DDAA8705C1D827A1474D
:104ED000A246324613053400631EF70283A741AB96
:104EE000A68599CB9C4389CB82978544B2502254A6
:104EF000268592544561828003A501ACEF205EBEF9
:104F00006DD59307E00FE302F5FE85452685EF306A
:104F10008E89E1BF83A781ABA68599C39C43E9F73E
:104F200003A581ACE1BF2E252E852EC497E0FD1F81
:104F3000E78020D7AA8755D9D827A147A2451305CE
:104F400034001306C4009306C4016319F70083A755
:104F500041ABC1DF9C47D1DB829741BF83A781ABC7
:104F6000CDBF10314DEE7C21858BCDCB83A741AADF
:104F7000D5E781454146080897C0FD1FE78080B00E
:104F80004C48A5C5FC291946C105A30FF100080826
:104F900097C0FD1FE78080A8B8867C2093D727485C
:104FA000D98FFC86EFE0CFF683C791AA639FA70055
:104FB00083C7618599C3EFF0EF989727FE1F83A7FA
:104FC00027F181C7854521458297EFE06FF4A285DF
:104FD0000808EFE05FC8AA841DE5894503C501AD57
:104FE00097E0FD1FE78060B611B74A2097E0FD1FEC
:104FF000E78020CBE30B05EE5C3119469305650095
:10500000A30FF10069B710304A208545EFE05FBB80
:1050100055468D454A20EFE0BFBAC1BD01468545E2
:10502000D5BF183099474A216318F70297E0FD1F52
:10503000E78020C7AA840DC183C79185094763868D
:10504000E7020D47638DE70005476397E7004C31A2
:105050004A200146EFE01FA71030894565BF014691
:10506000814513050041EFF0BF8E4E208820154684
:10507000EF209EF6D5B79305450028310146EFF0A5
:105080000FBA83C791AAE372F5E699473305F50293
:105090001306C40091451305552033450508EF104C
:1050A000BEA903C58185EF10FEA381B583C7D1AB2F
:1050B0004A2181C783C5B18599BD83C7D18599E34D
:1050C0009545B1B597E0FD1FE780A0BDAA84E30E2A
:1050D00005E03C244831858B85C7854763F2A702EC
:1050E0005E2493F7072089EF100893856400EFF0A2
:1050F0000FB383C791AA6395A7004A208D4501BDD0
:10510000CC304A2013068400EFE0DF9B0146814546
:1051100011B74A21EFF0EFBFC9BB4A21EFF02FA62C
:105120001387D1851C2393F7F7071CA37DBB7971E7
:1051300026D206D622D44AD04ECE52CCAE849397F5
:10514000556063D9070803C501AD97C0FD1FE7800F
:10515000E0832A8431C11C211307100B6389E70403
:105160001307000D6384E7021307000B6393E70244
:105170005821F9476316F7002A218145EFF08FC1C6
:105180004C2013058400EF60EED521A0EFF0FFCF97
:1051900001C52285EF00FEB11394F468B250228558
:1051A000225492540259F249624A456182805C213C
:1051B000EDF312256E212A21238E01AAEFF06FC68E
:1051C00083C7C1ABF9D703C58185238E01AAEF1030
:1051D0007E91C1B793F7250095C381450145EFE066
:1051E0009FA7938701AD894511C18545882313C4C5
:1051F000240097E0FD1FE78040954DB793F7150019
:10520000DDCB138941AA83270900138401A903DA9E
:1052100047001C4081EFC1651387E1A889461386CA
:10522000418EFD150545EF705EB208C00C4093C479
:10523000140085E98327090001468545CA2333C444
:105240000408EFE0FF978327090001468D45CA2334
:10525000EFE01F9703C58185EF10DE88EFE0CFD028
:1052600035BF9389E1A803D609009308F00F0948D8
:1052700081471307E10074005285EF705EFE01E97B
:10528000308611C61C405285AE27EFF08FB908401A
:1052900003D60900C1658146FD15EF70DEF108C037
:1052A00033C4040841D9854503C501AD97E0FD1F0E
:1052B000E780A089E5B513F44500E30104EE13C4CB
:1052C0004500E9BD3421F14763EFD7261767000099
:1052D00013070742B3C7E6209C43411122C4BA9783
:1052E00006C626C22A8482871C31938401B0D1E786
:1052F00041469725FE1F9385651B1725FE1F130545
:10530000E51C97C0FD1FE780008329E91726FE1FD3
:105310001306C61BC1450945EF101E821726FE1F46
:105320001306C619C1450D45EF101E8103C58185C1
:10533000EF104EFB930534001385C1AE194697B0AC
:10534000FD1FE780A06D8547854503C541B09CC022
:1053500097D0FD1FE780607F8840D9A04146972500
:10536000FE1F9385A5131725FE1F1305251597B05E
:10537000FD1FE780407C59D975BF99479CC0E9BFA4
:1053800018313C3129E309476394E702138701B0E0
:105390001C438145014593F7F7F093E707021CC3CF
:1053A000EF403EC908B0B24022449244410182809D
:1053B0000547814501456395E700EF403EBBDDB7FA
:1053C000EF407EAEC5B70947E38FE7FC138701B016
:1053D0001C43C19B13E5670008C399A01C3193844B
:1053E00001B0BDEF8D47639FF6041387B1AF1C2357
:1053F0009396476063DC060093F7F707894503C57A
:1054000041B01CA397D0FD1FE78020749C409146BB
:1054100013F7F7006311D702C19B13E5570088C04B
:1054200083A741ADC9D39C43BDDFA2852244B240CE
:105430009244410182878946E307D7F6C19B13E571
:105440002700F1BF238E01AE9C40954613F707FF5E
:10545000BD8B13653700E394D7FC13654700C1B7D4
:105460009C40C19B13E567005DBF938401B09C40E5
:105470001831C19B11EF93E747009CC0322593057B
:10548000450028319146EFF0CFAB238E01AEE9B550
:10549000930610036317D700238E01AE93E73700FE
:1054A000F1BD93E76700D9BDEFF03F9E138701B0D0
:1054B0001C43954613F6F700C19B13E53700E31D27
:1054C000D6F013E5270009BF938401B09C40183142
:1054D00093F7F7F021E34D47639AE60293E707015C
:1054E0001387A1AF9CC01C239396476063DC060022
:1054F00093F7F707914503C541B01CA397D0FD1F53
:10550000E780A0649C401395872919BF93E70702A1
:105510009CC0CDBF93E70703E5BF138601B01842D7
:10552000FD770C319387F70F7D8F9367073081E903
:10553000ED45936707206394B600936707101CC27C
:1055400013959729F1BD82801821930610096307EE
:10555000D7009307000D630EF7028280143139479C
:10556000639BE60256210567130757406395E602E1
:105570001C451307F00783853700638EE50003A7FA
:1055800041AD11CB584301CB8833BC23A2075D8DBD
:1055900002876FF03FD38280011126CA06CE22CC4B
:1055A000AE849397556063DF070A03C541B097B097
:1055B000FD1FE780A03D2A8409C983C7D1AD89EFCB
:1055C000EFF09FF82285EF00CEEE1395F468F240DD
:1055D0006244D244056182801C211307000D639B45
:1055E000E7043C2181E7EFF03FF601A81547639CF3
:1055F000E7005825A147E395E7FCA28503C5C1ADA7
:10560000EF004EF0D9B72147E38FE7FC994663944A
:10561000D7007C31CDB71D47E394E7FA4A2197D0F4
:10562000FD1FE780006859DD5825A1472285E31951
:10563000F7F8E1B71307200AE384E7F81307100926
:10564000E393E7FA1831B947E31FF7F85A21856762
:1056500093875740E319F7F81C458833BC23A2070A
:105660005D8D75BF9167ED8F91CF138641AF9145E9
:105670001145EF106ECC03C58185EF10AEC61395B2
:10568000E468B1B793F71500BDCB83C7C1AFA9C715
:10569000EFA00EF69727FE1F83C7E7816361F5042D
:1056A0008D475C8283C701AE5C864C0083C7F1AD39
:1056B00003C541B0DC86EF404ECD19CD938701B0D4
:1056C000884341991365650088C383A741AD89C7A5
:1056D0009C4399C38145829713C51400CDBD83C7F0
:1056E000B1AE5C82194683C7A1AE938541AE130566
:1056F0006100DC8297B0FD1FE780403265B793F709
:10570000250095CB83C7B1AF858B9DC303C541B041
:10571000EF400EF411CD938701B088431375F5F077
:1057200088C383A741AD89C79C4399C381458297AC
:1057300013C5240069BD13F54500E30A05E883C7D6
:10574000A1AF8DC703C541B0EF408EF305C11387EC
:1057500001B00843FD779387F70F7D8D08C383A7BA
:1057600041AD89C79C4399C38145829713C54400C5
:10577000B9BD397122DC26DA4AD84ED652D406DEBB
:105780002A8AAE893289B6843A843EC697D0FD1FF4
:10579000E780205129C17E25324663EB37016369DA
:1057A000F9001E29639697003E296145638D8700A5
:1057B0002C085285231C3101231D2101E486E0873A
:1057C000EFA04EA70145F2506254D2544259B2594B
:1057D000225A216182805145FDB7411122C406C67B
:1057E0009727FE1FA38CA79C328481C52E85EFE0EE
:1057F0005FEB83A701B08DEB19C023AA81AC2244D3
:10580000B24003C6E1AD83C5D1AF03C541B09387B4
:1058100041AF1727FE1F130767CA9726FE1F9386FF
:10582000E6CA41016F506EE4B24022444545410151
:1058300082809717FE1F83C7076889EB61458280C6
:105840006145B2402244924441018280411126C206
:1058500006C622C4938441B080209307F00FE31161
:10586000F4FE17050000130565D3EF003EBF88A0C6
:10587000E30885FC23AA01AC23A001B09147A38EC5
:10588000F1AEEF202EAB414681451725FE1F1305D3
:10589000E5C397B0FD1FE780E01E4146814517250F
:1058A000FE1F1305A5C197B0FD1FE780A01D23AA09
:1058B00001AEA38501AE238501AE9D471726FE1FCD
:1058C0001306C6C0C14509452380F1AEA38F01ACC4
:1058D000EF106E801726FE1F130646BEC1450D450C
:1058E000EF007EFF41469725FE1F938525BE1725B5
:1058F000FE1F1305A5BB97B0FD1FE7802012414690
:105900009725FE1F938585BB1725FE1F130505B937
:1059100097B0FD1FE7808010138641AF9145114578
:10592000EF007EFB014531BF1727FE1F1307C78815
:10593000FD575CB37CA3A38E01AE0547238EE1AE79
:1059400023AA01AE1947239DE1AC0567130707C8D9
:10595000239CE1AC238EF1AC8D47238F01ACA38E49
:1059600001ACA38CF1AE238CF1AE194681451385B1
:1059700041AE17B3FD1F6700E310411122C4930726
:1059800005D006C65D472E84B3C707086367F70CCA
:1059900017670000130707DDB3C7E7209C43BA97DA
:1059A000828783C7D1AF1CA019A841469725FE1F47
:1059B0009385C5B1228597B0FD1FE78020068147FA
:1059C000B24022443E854101828041469725FE1F18
:1059D0009385C5AEC5B783A741AF9CC1CDB7194666
:1059E0009385C1AEC1BF83C7C1AF75BF2E85EF40E0
:1059F0004EF0F1B72E85EF40EEF1D1B783C7B1AECF
:105A00005DB783C7A1AE45B71946938541AE5DB773
:105A100083C701AE49BF83C7F1AD71B783A701B09A
:105A200059B783C7E1AD41B783D7A1AD1EA041BF30
:105A300083D781ADE5BF83C791AFB5B783C781AFCA
:105A40009DB72E85EF40EEEF9DBF83C7B1AF93F7B3
:105A5000F70791BF83C7A1AFB9B713070004894700
:105A6000E360A7F6EF20EE850AA091BF2A8793078F
:105A7000F7CFD9462E85B3C70708B28563EDF62464
:105A800097660000938606D4B3C7D7209C43411184
:105A900006C6B69782874147E147631EE502414645
:105AA0001725FE1F130585A297B0FD1FE78000F79D
:105AB00015A04147E1476310E50241461725FE1F47
:105AC0001305C59FD5B71147E1476316E5001C4292
:105AD00023AAF1AE8147B2403E854101828005474D
:105AE000E147E31AE5FE1387C1AF1C2214231CA370
:105AF00085C2EDF303A701B03D8B93074002B3D7F6
:105B0000E700858BE1DB03C541B0EF408E9CD9B740
:105B1000F1D383A701B06386A700BD8BF517E36BB4
:105B2000F5FA854503C541B097D0FD1FE780E00138
:105B300055B79307C01C63ECA718630A0618B24058
:105B400041016F404EB69307C01C63E2A718630083
:105B50000618B24041016F406EC10547E147E31CA2
:105B6000E5F61822A946E3E8E6F6A385E1AE9DB77F
:105B70000547E147E311E5F618228D46E3EDE6F42B
:105B80002385E1AE81BF1947E147E316E5F41946E5
:105B9000138541AE11BF0547E147E31EE5F2182228
:105BA0009D46E3EAE6F22380E1AE2DB70547E147E3
:105BB000E313E5F218228D46E3EFE6F0A38FE1ACA4
:105BC00011BF0547E147E318E5F01C22238FF1AC34
:105BD00011B70947E147E310E5F012220567130703
:105BE000A7C79306A6FFB3C60608E366D7EE239DB4
:105BF000C1ACCDB50947E147E31FE5EC12220567CB
:105C00001307A7C79306A6FFB3C60608E365D7EC3C
:105C1000239CC1ACC1B50C2203C681AFA38CB1AE2D
:105C20000145EFE0CEA87DB5102283C591AF238C4E
:105C3000C1AEFDB79307C01C63EBA70849CAB240C9
:105C400041016F400EBF0547E147E316E5E81387C2
:105C5000B1AF14231C22858A1CA313F6170091C62A
:105C6000E31A06E6EF400EA1B5B5E30506E683A606
:105C700001B0B98A8945E39706EA93E707F81CA3C0
:105C800091BD0547E147E318E5E41387A1AF1C2266
:105C900014231CA391C6E39F07E2EF400EA01DBD95
:105CA000E38A07E283A601B093F6060FF9D6914581
:105CB00095BD9307000463EEE70089468947E31C1E
:105CC000D5E0B2400E223A8541016F206EB9E1471E
:105CD00019B5894709B59307000463E9E7008946C8
:105CE00089476316D5000E223A85C5B789473E8598
:105CF00082806FE0AE96014881476FE0EE97011118
:105D000006CE2AC697D0FD1FE780A0F901C9B2458B
:105D1000F24008214D4605616F200EACF240494526
:105D2000056182806FE0EE98411106C6EF90FFA5F5
:105D30001795FEFF130545BEEF004EF2EF805EAAF9
:105D40001725FEFF1305C53CEF004EF1EF20EEB71F
:105D50001765FEFF1305A59DEF004EF0EF505E9A0C
:105D600017B5FEFF1305C504EF004EEFEFB00E9818
:105D700017F5FFFF1305E53BEF004EEEEFE09FB098
:105D80001785FEFF1305C521EF004EEDEF80EE9D58
:105D9000B24041016FF0FFA9411106C6EF308FB943
:105DA00083C741B0FD1793F7F70F1307D00F637246
:105DB000F7061795FEFF130525B6EF002EEAEF80D4
:105DC0003EA21725FEFF1305A534EF002EE9EF20B4
:105DD000CEAF1765FEFF13058595EF002EE8EF5057
:105DE0003E9217B5FEFF1305A5FCEF002EE7EFB0BE
:105DF000EE8F17F5FFFF1305C533EF002EE6EFE03A
:105E00007FA81785FEFF1305A519EF002EE5EF808B
:105E1000CE95B24041016FD0CFFF83A701B103A758
:105E200081B001456313F7008280F62399E2D623FF
:105E300036959C43C5BF1717FE1F130767061C4303
:105E40005A23411193860711E117BA97856523A854
:105E5000D1B023A4F1B006C69D051356370063F4F4
:105E6000E500130600203387C60023A6E1B06116C3
:105E700098C2D2A2239306001CC3998FE1175EA398
:105E800023130700EFF07FF9B2409717FE1F239806
:105E9000A7FE4101828083A701B103A781B001451C
:105EA0006313F7008280F62381E6D6233375D50A83
:105EB0009C43FDB79C211CA1BE211CB1BE21A18326
:105EC0003CA1DC213CB11145828023AC01B023AA66
:105ED00001B082800DCD411122C426C206C6AA841B
:105EE0002E84014585C12285414697650000938532
:105EF000259397B0FD1FE78060B29C2005455CA408
:105F00009C305CB4B24022449244410182800145FD
:105F10008280011122CC26CA06CE8947AA84328407
:105F2000639FF5006384B602414781476397E604A7
:105F30008A85EFF03FFA41468A85228515A84147B8
:105F40006393E504638FF600639FB6022E86A285F5
:105F50006244F2402685D244056117B3FD1F6700F5
:105F600083BD8A853285EFF0FFF641468A85268516
:105F700097B0FD1FE78020BCAA87F2406244D2445C
:105F80003E85056182808147CDBF23AAA1B0828072
:105F900023ACA1B08280011122CC622106CE26CA98
:105FA0004AC84EC63DC8832985002A88AE8403C9E5
:105FB000090081471317496063550702B14705453A
:105FC00063F68704035528005114334404084E86B1
:105FD00033878900A2868545EFA07EC8B337A0002D
:105FE0008507135569487D141379F9033344040870
:105FF0009CA088B023812401C2A0014719C0138747
:10600000190098C409476383E7000145F2406244E0
:10601000D2444249B249056182800545C5BFC16786
:10602000F917630AF502D94763F7B702011122CCC9
:106030002EC606CE2A84EF80EEEAB2456368B5002C
:1060400022856244F24005616F901ED2F2406244A4
:1060500005450561828005458280C167F917631493
:10606000F5006F802EE8411106C6EF90DEBE11E10B
:106070005D45B240410182809147639DF5001C213E
:106080001CA23C211831A207D98F3EA23C31014508
:106090005CA282801145828039714ED652D45AD08A
:1060A0005ECE06DE22DC26DA4AD856D22A8A2E8B2B
:1060B000B289B68B15E7EFF05FFA9145EF806EEF8E
:1060C0002A844D49854A19EDF2506254D254B2598E
:1060D000225A925A025BF24B4A85425921618280D0
:1060E0003A84814A230034018544630A0B00DE852B
:1060F00013051400029B93041500B3C4040893997C
:10610000496063D30902C1455285EF90DEC26549FB
:1061100015E533069400A6852285EFA0BE852A8961
:1061200011EDB104B3C4040891472C0052857C845E
:1061300022C66485EF906EDA2A8959D5E3860AF87B
:10614000228597C0FD1FE780003DBDBF011122CC15
:1061500026CA4AC84EC606CE2A893284B689EFF0CE
:10616000BFF3AA8419ED83A781B181CF05476317D7
:10617000E40003C4090005041374F40FA2854A85E2
:106180008297F24062444249B2492685D244056171
:106190008280AE8601470546970500009385C5D1EC
:1061A0006FF0DFFA9E211CA19E21A1831CB1BE21AC
:1061B0003CA1BE21A1833CB1114582809E211CA13E
:1061C0009E21A1831CB1BE213CA1BE21A1833CB173
:1061D000DC315CA1FC215CB18A2519053345050839
:1061E00082809E211CA19E21A1831CB10945828031
:1061F0009E211CA19E21A1831CB1BE213CA1BE21D8
:10620000A1833CB1114582809E211CA19E21A183C6
:106210001CB1AA2109053345050882809E211CA1D5
:106220009E21A1831CB1BE213CA1BE21A1833CB112
:10623000CA2111053345050882809C211CA1054512
:1062400082809E21411122C406C61CA19E212E845B
:106250001105A183A30EF5FEBE219505230FF5FEC2
:1062600083D7D5FFA183A30FF5FE03C6F5FF97A043
:10627000FD1FE780A07A4820B24022441105410169
:106280008280AE8601471146970500009385C5F1CF
:106290006FF09FE013F73500AA8701EB8981114564
:1062A00091C50EA25CC20145828011458280D82131
:1062B0008947631CF702011122CC2A84C84506CE07
:1062C000AE8601C92EC69D4597C0FD1FE780E03010
:1062D000B2462A8722856244F2401946970500009B
:1062E000938505EE05616FF03FDB0945828099E1FA
:1062F000114582801C2105473EA2E37BF7FEFD1578
:1063000093F5F50F33D7F502B387E702E392F5FE75
:10631000050548C21AA201458280DC210947AE86E4
:106320006385E7004147639AE700014721469705E7
:106330000000938545F16FF03FD6094582800EA29B
:1063400091E1014548C201458280AE860147294658
:1063500097050000938525E96FF01FD4AE860147AD
:106360003146970500009385E5E86FF0FFD2DC2108
:106370000947AE866385E7004147639AE700014716
:10638000414697050000938505EC6FF0FFD0094565
:1063900082803335B0000A058280011122CC26CAE2
:1063A00006CE98258547AA842E8449466310F702B5
:1063B000EFF0BFCA3E2049151306200963C8A700A5
:1063C000F2406244D2440945056182801834854711
:1063D0006314F70013660604484001C98D4532C6B0
:1063E00097C0FD1FE780601F3246A2866244F240DC
:1063F0002A872685D24497050000938525E105610B
:106400006FF09FC9011122CC2A84884506CEAE8642
:1064100001C92EC6954597C0FD1FE780001CB246F6
:106420002A8722856244F2405946970500009385E9
:1064300025DF05616FF05FC63335B0000A05828045
:10644000AE860147614697050000938545DF6FF0F2
:10645000BFC48547114563F1D7021C320C220945A0
:10646000A207CD8F81456384A60093052600F91607
:106470001EA336A34CC3014582809E211CA19E21F0
:10648000A1831CB109458280BC2105471CA18A213A
:106490006397E7000A050505334505088280C9476B
:1064A0003305F502CDBF8A210A05334505088280F0
:1064B000BE211CA18A21BE213305F5020505334505
:1064C000050882808A2182808A2182808A218280B6
:1064D000BE211CA18A21BE213305F50205053345E5
:1064E000050882809E211CA19E21A1831CB1BE2192
:1064F0003CA1BE21A1833CB1CA2111053345050849
:1065000082809E211CA19E21A1831CB1AA21090584
:10651000334505088280894711456398F6001C328F
:1065200014220145A207D58F1EA382809A21D94744
:10653000AE8663FAE70001470D4697050000938594
:1065400005F46FF0BFC0094582801145639DA60028
:106550001C3214220145A207D58F1EA33C323422DF
:10656000A207D58F3EA38280BC210547FD1793F774
:10657000F70F6362F7049E219DCF011122CC2A847C
:10658000C84106CE2EC61DC1894597C0FD1FE780B4
:10659000C0042A8722856244B246F2401546970518
:1065A00000009385A5EE05616FF05FBAF24062448A
:1065B00009450561828009458280954763F0D706C9
:1065C000411122C426C24AC006C61C323A8418228F
:1065D000A207B284D98F1EA03C3238229385440092
:1065E000A207D98F3EA089475CA009461305540035
:1065F000368997A0FD1FE7806042194781476304F1
:10660000E90093876400691923142401B2405CC433
:106610002244924402490145410182801145828011
:106620009E219DCF011122CC2A84C84106CE2EC6C0
:106630001DC1854597C0FD1FE78020FA2A87228566
:106640006244B246F2401D46970500009385E5E599
:1066500005616FF0BFAFF240624409450561828079
:10666000094582809947B2856388F600D147114574
:1066700041466384F60082800946411106C650A354
:106680009C31942113055700A207D58F1EA3BC315E
:10669000B4219105A207D58F3EA397A0FD1FE780E7
:1066A000E037B2400145410182809E219DCF01111A
:1066B00022CC2A84C84106CE2EC61DC1894597C06A
:1066C000FD1FE78080F12A8722856244B246F240AE
:1066D0002546970500009385E5DD05616FF01FA74E
:1066E000F2406244094505618280094582808947FC
:1066F00011456398F6001C3214220145A207D58F7C
:106700001EA38280011122CC2A84C84106CEAE8607
:1067100001C92EC6854597C0FD1FE78000ECB24633
:106720002A8722856244F2402D4697050000938512
:10673000A5D905616FF09FA16FF03FE1011122CC57
:106740002A84C84106CEAE8601C92EC6854597C0AB
:10675000FD1FE78080E8B2462A8722856244F24026
:10676000354697050000938565D605616FF01F9E3D
:1067700093F71600114581EB89476386F600858201
:1067800056A310C301458280011122CC2A84C8413E
:1067900006CE2EC61DC1854597C0FD1FE780E0E3EC
:1067A0002A8722856244B246F2403D4697050000A2
:1067B000938505D205616FF07F99F24062440945E7
:1067C000056182809E219DCF011122CC2A84C8417F
:1067D00006CE2EC61DC1894597C0FD1FE780E0DFAC
:1067E0002A8722856244B246F2404546970500005A
:1067F000938545CE05616FF07F95F240624409456F
:106800000561828009458280854763F4D70208A725
:106810000CB71C320C220945A207CD8F8145638439
:10682000A60093052600F9161EA336A34CC3014506
:10683000828011458280014781464D4681456FF037
:10684000FF908D47114563F5D7021C320C22A20739
:10685000CD8F1EA33C322C22A207CD8F81456384AD
:10686000A60093054600F1163EA356A30CC70145AA
:106870008280011122CC2A84884506CEAE8601C9C9
:106880002EC6954597C0FD1FE78020D5B2462A87C2
:1068900022856244F2405D46970500009385C5C499
:1068A00005616FF0BF8A854711456395F6001C228C
:1068B00001451CA3828001478146654681456FF0F2
:1068C000FF88011122CC2A84C84106CEAE8601C9B8
:1068D0002EC68D4597C0FD1FE78020D0B2462A877F
:1068E00022856244F2406D46970500009385A5C15C
:1068F00005616FF06FFA011122CC2A84C84106CEDF
:10690000AE8601C92EC68D4597C0FD1FE780E0CC3D
:10691000B2462A8722856244F240754697050000F8
:10692000938565BE05616FF02FF7397126DAAE8465
:10693000B70540004ED6F915AA89054506DE22DCCA
:106940004AD8EFF0FDD813146529974500009385C8
:1069500025E241460A85EFD00DD841469745000013
:10696000938505E10808EFD00DD7931784001359DC
:106970000401334704082183D98F1379F90F1008D4
:106980008A854E857C87A3062101EF90EFA7834778
:10699000E1010347D101A0B0A2074207BA9703471C
:1069A000F1012180C0A0BA979CA013D78700C183B2
:1069B00098B0BCA0A3822401F2506254D254425930
:1069C000B25921618280011119469705FE1F9385F6
:1069D000C54E1715FE1F1305659106CE22CC26CA9B
:1069E0004AC891644EC697A0FD1FE7802003938597
:1069F000F4FF0145EFF05DCB2A84FD550145EFF032
:106A00003DCDA287FD147D5933F79700B366E500AD
:106A1000CDC6631425016302970A1704FE1F1304F1
:106A2000E47E2308F40EA18393E707FC1169C16992
:106A30002326A40EA308F40E7D19FD19CA8501456D
:106A4000EFF09DC6AA84FD550145EFF07DC8B36700
:106A50009500EDD7FD576314F500E38124FF03573C
:106A6000040E93570501230AF40E93578501A30AD8
:106A7000F40E8356240EB3470508B98F0357440F0D
:106A8000230B940EA18093F4F403358FA30B940E83
:106A9000D98F8356440E0357640F2319A40E358FE4
:106AA000D98F93975760B3F73701C9DBF24062443F
:106AB000D2444249B24905618280A6850145EFF082
:106AC000BDBE2A84FD550145EFF09DC0A2872DBFB4
:106AD0004111930590241305000A22C406C697C0ED
:106AE000FD1FE780E0962A842DC91306000A814520
:106AF00097A0FD1FE78000F91717FE1F13070794E3
:106B0000145F585F9707FE1F23A887789307040830
:106B100098CFD4CB7D572300E404130710FB78A053
:106B200023020400170700001307070498C717077C
:106B3000000013074743D8C7170700001307472F64
:106B400098CB9707FE1F83C7A73B81EB914503A511
:106B5000C1B197A0FD1FE7806035B2402285224475
:106B600041018280411126C29704FE1F9384046A6A
:106B700022C403A4C40806C683475406230204069D
:106B800085E385472302F40619469705FE1F938582
:106B9000E5751305640697A0FD1FE78020E8B5A8FA
:106BA0000547639AE700B8200DE74945B240224403
:106BB00092444101828083254408DDED8347C40669
:106BC0008DE3034754068947E30DF7FABC20F1DF54
:106BD00085472302F40619469705FE1F93856571C4
:106BE0004DBF1305C40697B0FD1FE780600A23223E
:106BF000A40819CD3C2589CF89472302F4061946FC
:106C00009305C5001305640697A0FD1FE78000E10A
:106C1000034744068947E316F7FAB7050001FD1557
:106C20000145EFF0FDAA68CCEF90AFE428CCC14558
:106C30001545EFF0FDA485477CB0834784030D47DD
:106C400048A458A09704FE1F93840423639EE70280
:106C5000523883576404A830C1453E96EFF0EDCC1E
:106C6000A830C14597C0FD1FE78020EE014597077A
:106C7000FE1F238D07581DBFBC25A1D789472302BE
:106C8000F4061946B105BDBF0947A8306396E70071
:106C900003566404C145D9B75238EDBF411106C649
:106CA00022C42A8497D0FD1FE780E009930700FBE8
:106CB0007CA0930500021705FE1F0345151CEFF08D
:106CC000CDCE1707FE1F130767541C2356388507C0
:106CD00093F7F70F1CA3130700643347D70263C869
:106CE000E700EFF01DA19707FE1F23810752B24076
:106CF000224441018280011126CA9704FE1F938419
:106D0000E473D84C22CC06CE4AC84EC69547170429
:106D1000FE1F032464586306F700D84C8D47631F99
:106D2000F70083C7140281E7930770109EB0F2400A
:106D30006244D2444249B249056182800D4597D0F0
:106D4000FD1FE780E0079389C1A503A70900B7C726
:106D5000898E938767ED1CC7B757550093875755A2
:106D60005CC30347A4039307F00F6305F700FD57C7
:106D7000230DF4021389C1A6032709008547A30C3C
:106D8000F4025C430145014693E717005CC3930797
:106D900020FB7CA09D47DCCC930550029707FE1F8B
:106DA00023AE07689384C1A797B0FD1FE780A05D5D
:106DB000984001455C57F59B5CD783A60900583085
:106DC0009C421377F70793F707F8D98F9CC2970770
:106DD000FE1F83C7E71299C303A5C1B197A0FD1F8A
:106DE000E780E00B03A70900B70633001C4393F7C5
:106DF000F7CF1CC31C4393F7F7CF93E707201CC3BF
:106E000098401C47D58F1CC703270900B70703000C
:106E1000938787153CCB9707FE1F23AB0762970725
:106E2000FE1F23AF076085471CC311B7411122C461
:106E300006C626C21704FE1F032404460347940314
:106E4000A1476303F70A89445C306314970A130768
:106E500070026381E71013075002130570026394F8
:106E6000E7001305600248B083A7C1A59843370621
:106E7000CEFF7D161377F7CF1367071098C303A7CC
:106E8000C1A7144783A5C1A6F18E14C73706030016
:106E9000B0C99706FE1F23A3065A5457130686153A
:106EA000F59A54D7944393F606F8C98E94C397067F
:106EB000FE1F23AF06589706FE1F23A306588546DC
:106EC00094C1944393F6F6CF94C3944393F6F6CFCC
:106ED00093E6062094C31C47B7063300D58F1CC722
:106EE000B0C9930720FB7CA0B240224492444101E8
:106EF0008280130770026386E70293065002639450
:106F0000D7001307600258B083A6C1A7DC56F59BD3
:106F1000DCD683A6C1A59C4293F707F8D98F9CC203
:106F2000C9B783478403898B95C70356A404930587
:106F300000021705FE1F034555F4EFF00D9F930760
:106F40005002A30C94025CB02244B240924441012E
:106F50006FF07FDA22852244B240924441016FF003
:106F6000FFD39707FE1F9387672A03A7070A35E316
:106F7000411122C403A4C70806C69307000B78205A
:106F80006306F70097D0FD1FE780E0DB83478403AB
:106F90001705FE1F034575EE13F7170011C7854748
:106FA0003238A30CF40201A8898BF5DB0356A40444
:106FB0008947A30CF40293050002EFF00D979307A5
:106FC0005002230F04025CB02244B24041016FF032
:106FD0009FD2828001114EC69389C1A683A7090062
:106FE00022CC26CA4AC806CED8431389C1A52A8412
:106FF00013671700D8C38326090037C7898E130784
:1070000067ED98C63757550013075755D8C2D84370
:107010009704FE1F93848442014613671700D8C368
:10702000930730FB7CA10345C5039D47DCCC93054A
:10703000F00F23A0040097B0FD1FE780C03403A623
:10704000090023AA040023A2040085471CC2832749
:107050000900B705330098431377F7CF98C39843D7
:107060001377F7CF1367072098C303A7C1A7144767
:10707000CD8E14C7B70603009386861534CA5457BD
:10708000F59A54D78346B403984393F6F6071377DB
:1070900007F8558F98C3F2406244D2444249B2493E
:1070A000056182807D572300E50403479503411164
:1070B00006C6230DE5022147A30CE5020347B503ED
:1070C00058B1EFF03FF19387C1A698435447139608
:1070D000164950C70F1000009C4337070200B2400A
:1070E00098C7130700081706FE1F2321E636056719
:1070F000130727A8F8D3D4C741018280011122CCFD
:1071000006CE26CA4AC84EC652C403479503A147B5
:107110002A84631FF720930750FB7CA10345C50316
:107120009305200297B0FD1FE780E0018347C40369
:10713000094733D9E70A83244409930720021CA492
:1071400095479CA078209307400B9709FE1F9389D1
:10715000E90B631AF70083A7090D1167F98F81C73F
:10716000930750029CA0930720029CB0034744065B
:107170008947130A6406631BF700832544081946F0
:107180005285B10597A0FD1FE780408983475406CB
:10719000858B91E70347440689476316F7009C20D7
:1071A00093E707049CA01946D2851385240097A075
:1071B000FD1FE780A0868347540789C79C2093E77B
:1071C00007F89CA01946930564071385840097A0CF
:1071D000FD1FE780A08483478405FCA483479405B2
:1071E000FCB48347A4059CA88347B4059CB87C4C99
:1071F00013D78700BCA8C183DCA8B8B8894763133C
:10720000F9008D47DCB8B327892003C7070583251C
:10721000440998AC03D70705218398BCB82FB8ACB4
:10722000BA2F2183B8BC03C707029E33D8ACA18311
:10723000DCBC9C3D982DA207D98F03D7C90A6307F0
:1072400007148D472317F4049707FE1F938747CA37
:1072500083DEC7009306003203D7A90213860E19F6
:107260003356D60234501307270283A2490903AFCD
:10727000870005872D07814313090032954F369605
:1072800016857D538357E40461E1636967008507D0
:10729000B3C707082317F404E3F4FFFE8347E404AD
:1072A000B7060082FD16FCA88357E404A183FCB84E
:1072B00083C7E90FFCAC83C7F90FFCBC83C7091077
:1072C0002380F40283C71910A380F40283C7291016
:1072D0002381F4025C24FD8BA381F40283C739006F
:1072E00003C735029607D98FA381F50283A5C1A5EF
:1072F000D8559707FE1F83C7E7BB1396476093F7E0
:10730000F703758FE607D98FDCD51307A00383A792
:10731000C1A76355C708F84FB7060007558FF8CFC8
:10732000F2406244D2444249B249224A0561828015
:10733000930740FB7CA193052002014597B0FD1FF8
:10734000E78060E00149C5BBB386D703032E05097A
:1073500093860619B3D62603B388C600B3B6D80001
:1073600046886394D30063E4E8013388E841B306B8
:10737000C84163690E01B3060E4163F5E600850757
:107380002317F40408413353D30AEDBD8D838D07D1
:107390001947B3D7E70A2317F40409B713072002E4
:1073A000635AC700F84FB70600F9FD16758FB70688
:1073B0000005ADB7B70600F96947FD166357C7006A
:1073C000F84F758FB706000391BFF84F758F1317ED
:1073D0008729B1B7411106C622C426C29704FE1FF1
:1073E000938484A92A84A830C145EFE01DDCA8302D
:1073F00093050002EFE07DDB230204002313040069
:10740000B2402244924441018280411106C626C204
:1074100022C44AC0AA84EF103FBAEF003F9479C556
:10742000B85083A7440901482324E508B84C2A84AE
:107430001546232CE508F84C9705FE1F9385E5ECCF
:10744000130585132322E5F6D83B1709FE1F130900
:10745000E9DBA30FE5EEF83BF42B2207558F231051
:10746000E5F0983F942F2207558F2311E5F0B83FA0
:10747000B42F2207558F2312E5F0D82FDC3FA20747
:10748000D98F2313F5F0DC2423220501A30EF5EE9A
:1074900081471CC19790FD1FE7804058F820930753
:1074A000600B631DF70485472300F41483C7C403EE
:1074B0002303F414A303F4142285EF103F9E8327C3
:1074C000890D0A24294693F7072091E30546930581
:1074D0000008EF40DFD48327090D1167F98F99C7A2
:1074E0000A24514693050008EF407FD32244B2405E
:1074F00002492685924441016FF0DFED8327090D93
:107500001167F98FD5DB83A74409982383A78409E2
:107510009C23F98F93D757482300F41471BF0111AE
:1075200022CC06CE2A8426CA4AC88347C40703252C
:10753000450899EB032544084DE158348547631D00
:10754000F71268582C5C19A231C53C25A1C78347A6
:10755000D407C9C3834734081307000493F7070C03
:10756000639AE7069305E40769052EC697A0FD1FF9
:10757000E780406A054783274408B245631CE5025B
:107580000947230EE40619461385C7009790FD1F8F
:10759000E780C0480347C4078947E30DF7F8194659
:1075A0009305E407130564069790FD1FE780A05834
:1075B00051F119A09C3389EB8144F2406244424965
:1075C0002685D244056182809707FE1F83C717C4B2
:1075D000F1D3DDB71C31DDFFC5B73C29B9DF8347E7
:1075E0005407D9C78347B4071307000493F7070C60
:1075F0006390E708930564071305A5022EC697A0BC
:10760000FD1FE78020612A898547AA84B2450325AA
:1076100044086316F904194651059790FD1FE78049
:10762000E03F9707FE1F83C777BE81DB8947230AA8
:10763000F4065C34E39327F983274408AA23DA236A
:10764000EE239E274207598DC207DD8D6244F2402A
:10765000D2444249056117A3FD1F6700C3781C315E
:10766000A1DF9707FE1F83C777BAE38807ECA9B7A6
:107670001C31E39407EC89B70347D40683475407CA
:10768000E31CF7F21946930564071305E406979087
:10769000FD1FE780404AB334A00005B7411106C67C
:1076A00022C42A84EFF09FA50327440983A7C1A61B
:1076B000B8DF83A7C1A598431317772998C3D85774
:1076C000719BD8D797B0FD1FE780A09BB2402244A2
:1076D000014541018280011122CC2A8403258509BC
:1076E0000146814506CE26CA97B0FD1FE780C09BA4
:1076F00071ED832484099D469C20BD8B1CB4983079
:1077000038A46397D70CBC200346D40393D66700F4
:107710006312D60C93F7F7039385440063FEE70AE0
:10772000230A0406BC30858B95C38547230AF406DB
:107730009C2019461305640793D76748A30AF406EB
:107740009790FD1FE780802D9385A400230E0406EB
:10775000BC30898B85C78547230EF40683278409AF
:1077600019461305E4079C232EC69D83A30EF40639
:107770009790FD1FE780802AB2459905BC30A18B08
:1077800099C79C310347F40391836319F704228559
:10779000EFF0FFD885476309F5001305F007F240C5
:1077A0006244D244056182808347E40389CBFD179C
:1077B000230FF40297C0FD1FE780E058F9BF228530
:1077C0006244F240D24405616FF05FED0945C1BFEC
:1077D0002145F1B71945E1B71145D1B75145C1B7B9
:1077E000011122CC2A84032585090146814526CA38
:1077F00006CE4AC84EC697B0FD1FE780E08A89448E
:1078000049E903298409A146A14483470900BD8BA6
:107810001CB40347190038A4639DD7068349290087
:1078200093D46900BDEC9387190093F7F70F631C9D
:10783000F706034739008D476319F70683470900A8
:1078400019469305490093D7674813056407A30AAF
:10785000F4069790FD1FE780601C8547230EF40611
:107860008327840919469305A9009C231305E4077F
:107870009D83A30EF4069790FD1FE780201AB5475D
:107880006397F9022285EFF09FC905C52285EFF0C5
:10789000DFB7F24062444249B2492685D2440561CD
:1078A00082809944FDB7E544EDB7C544DDB7E144B6
:1078B000CDB7A544F9BF011122CC2A84032585093F
:1078C0000146814506CE26CA4AC84EC697A0FD1F6E
:1078D000E780807D63140528032984091D4603473A
:1078E00009009376F70014B48347190093F7F70360
:1078F0003CA46394C61E7D57230DE4020347290070
:10790000054693566700A30ED402639BC6241377E3
:10791000F70305076398E72403473900E1479376A7
:10792000F7FB6393F62493778700AA8493094900B1
:1079300085C7834759008566938606F0A207F58FB1
:107940008346490093096900D58F2312F4048347C5
:1079500059009183A30FF4029377070195E31377FE
:10796000070419C70347940389476313F700DD44ED
:10797000F24062444249B2492685D2440561828080
:1079800097C0FD1FE780203C83C7090093F7F703EA
:10799000A30DF40203C629008967938707F0220626
:1079A0007D8E83C719005D8E131656602311C404A3
:1079B00083C729009583230EF4028387090063D8C7
:1079C000070E9307C012034794033306F602854758
:1079D0006316F7003C24A9078E071D8EB7070080A9
:1079E000930646ED938737ED63E2D718230DE40243
:1079F0008347390093F7070481C78947E309F7F6FE
:107A00009307F00FE306F7F6130700506363C70A06
:107A10001389C1A683270900D84793161749D4C7ED
:107A20000F10000083270900B70602009709FE1F08
:107A30009389C9A094C7130656ED9306000823A89E
:107A4000D9000606F0D3D8C7F8537DFFA147A30C91
:107A5000F4022285EFF00FD883270900D847931648
:107A60001749D4C70F10000083270900B70602008A
:107A700094C79306000823A8D90093062030F4D3B6
:107A8000D8C797A0FD1FE780C05F83A70900858B3B
:107A9000E38007EE22856244F240D2444249B24973
:107AA0009707FE1F23AC079805616FF0DFC2F94707
:107AB00019BF03470404E31DF7EA930710271306D1
:107AC000F6D83356F60293060404A28517F5FFFF95
:107AD0001305855DEFE08DD961BD398B59EBE91751
:107AE00093F7F70F7D4793040008E363F7E88544B5
:107AF000230A94068347090019469305290093D762
:107B0000674813056407A30AF4069790FD1FE780F2
:107B1000E0F01C34230E0406639297028325840947
:107B2000230EF40619469C211305E407A1059D8345
:107B3000A30EF4069790FD1FE78040EE2285EFF03C
:107B40001F9E8547A544E315F5E222856244F24075
:107B5000D2444249B24905616FF05FB4894409BD1E
:107B6000994439B5914429B58D4419B5930410024F
:107B700001B593040008EDBB797122D44AD04ECEF2
:107B800052CC56CA5AC85EC662C466C206D626D24F
:107B90006AC017F4FD1F03242470130A200B930AF4
:107BA000400B130B600B930B300B130C500B17098E
:107BB000FE1F1309A98897F9FD1F93896933930C58
:107BC000800F7C20639F470183270900858BD9C3E1
:107BD00022859707FE1F23A30786EFF0DFCD75D11F
:107BE00095A8639B57099707FE1F83A76785858B19
:107BF000B5C317F9FD1F1309A92F0355C90097072E
:107C0000FE1F23AF07829307800F3305F502374627
:107C10000F008146130606248145EF10E04D8327AF
:107C20000900AA84AE898297B307950033B5A700EF
:107C3000B3053501832689003E8799E163E4D700C7
:107C40003387D74038D097C0FD1FE780C00F22850B
:107C5000EFF0AFFB5C20638907102254B2509254BE
:107C60000259F249624AD24A424BB24B224C924CE0
:107C7000024D45616FF02F88639C67079387C1A60B
:107C8000984354471396164950C70F1000009C4361
:107C90003707020097F4FD1F9384447A98C71307AF
:107CA000000898C803A7C1A518431357774815CFF4
:107CB0001307E018F8D3D4C797A0FD1FE780603CF6
:107CC0009C40858B89CF97F7FD1F23A9077697C026
:107CD000FD1FE78040072285EFF09FB025DD834739
:107CE000E4038507230FF402B5B71307E01AD9B7E9
:107CF000639E770183270900858BA9DF228597F78B
:107D0000FD1F23AD0772EFF01F9DD1BDE39487F5F2
:107D100083274900858B9DDF03D5C90037460F00B7
:107D200081463305950313060624814597F7FD1F09
:107D300023A80770EF10403C83A70900AA842E8D6A
:107D40008297B307950033B5A700B305A50183A6B5
:107D500089003E8799E163E4D7003387D7409307D2
:107D600060FB38D07CA0B1BDB2502254925402596D
:107D7000F249624AD24A424BB24B224C924C024DDB
:107D800045618280411122C406C697F7FD1F938783
:107D9000E76A03C7170217F4FD1F0324E44F11CB52
:107DA00083C607020D476396E60017F7FD1FA3077A
:107DB000076AD44F21476386E600D44F194763987A
:107DC000E600D84F2380E7020547A380E70297C06B
:107DD000FD1FE78040F72285EFF0CFDF1306A002FA
:107DE000930500080145EF408FC303450404930742
:107DF000F00F6307F500EFE06DC4FD572300F404B6
:107E0000B24022444101828097F7FFFF938787CCDD
:107E100017F7FD1F2324F74897070000938707D61D
:107E200023AEF1B08280411126C2AA8428490146BE
:107E3000814506C622C44AC097A0FD1FE780C02620
:107E400089470DEDA0482146A14718203D8BB8B8C1
:107E50001430B4A86314C702034924009947135788
:107E6000690009EF130719001377F70FE5476397C8
:107E7000E60038308D47630AF700C547B240224418
:107E8000924402493E854101828003A5040B1946B4
:107E90009305440011059790FD1FE780C0C971DD6F
:107EA00019469305A400138564039790FD1FE7808E
:107EB00080C8C94761D53547E147E311E9FCEF10B8
:107EC000AF8FEFF0BEE92A8471C183A6040BD850AE
:107ED000FC4401482324E508984E97F5FD1F93853F
:107EE000C542130585132320E5F6D84A17F9FD1F6F
:107EF0001309C9312322E5F6D83BA30FE5EEF83B81
:107F0000F02B2207518F2310E5F0983F902F220786
:107F1000518F2311E5F0B83FB02F2207518F231264
:107F2000E5F0D82FDC3F1546A207D98F2313F5F0D3
:107F3000DC2E23220501A30EF5EE81471CC197908C
:107F4000FD1FE780A0AD85472300F41483C7040814
:107F500022852303F414A303F414EF003FF48327D2
:107F6000890D93F7072081CB0A241306900293050D
:107F70000008EF40CFAA8327090D1167F98F99C731
:107F80000A24514693050008EF406FA983A7C40A4D
:107F90000D47B8B78547DDB5397152D417FAFD1FC3
:107FA000130ACA4983270A03B706080022DC4ED603
:107FB00066CA9389C1A697FCFD1F938C2C2506DE0B
:107FC00026DA4AD856D25AD05ECE62CCF58F03A4B8
:107FD0008C0503A709009DE37C5781C7854723884B
:107FE000F194F2506254D2544259B259225A925AE0
:107FF000025BF24B624CD24C216182809307800776
:108000000329C40A7CD32388019483479900032C55
:10801000C90092073E9C83472C0095CB834769009B
:108020009306204E03461C00B387D702938787FD33
:1080300011CA83467900B386C6021306D007B386F9
:10804000C602B697B706080014C786077CD71C433C
:108050008D8B91C7094597C0FD1FE78060D6138BB4
:10806000C1A583270B00938AC1A737063300D857D1
:10807000370800827D18719B13671700D8D7984383
:108080001377F7CF98C398431377F7CF1367072079
:1080900098C303A70A001447D18E14C783A609000A
:1080A0003706030013068625B0CA5057759A50D775
:1080B00090438345E407137606F893F5F5074D8E54
:1080C00090C303058406D0579375F503E605337610
:1080D00006014D8ED0D71306A003635CA628704F0F
:1080E000B70500074D8E70CF03270409D8C30327B7
:1080F000C40898C78327C40AB83785476313F72E87
:10810000832B040B0347990083C71B00631BF72CC9
:1081100023A60606B70708009CC697F7FD1F23A5F0
:108120000734DC42154793E71700DCC26444930729
:1081300020021CB898A09CB083475403858B91E71C
:108140000347440389476315F700930750049CA035
:10815000194693056403138524009790FD1FE7805B
:10816000E08B83C73B0089C79C2093E707F89CA05E
:10817000194693854B00138584009790FD1FE78077
:10818000E08983C78B01FCA483C79B01FCB483C730
:10819000AB019CA883C7BB019CB883A74B0113D735
:1081A0008700BCA8C183DCA8B8B803470408894786
:1081B0006313F7008D47DCB803D7CB0083D7AB0040
:1081C000BA97858313D7870098BC03C7EB009CAC94
:1081D0008D83B8AC03D7EB008D072183B8BC03C7F0
:1081E0000B01D8AC03C71B01D8BC1947B3D7E70AAA
:1081F000FCA8A183FCB883C7EC0FFCAC83C7FC0FC1
:10820000FCBC83C70C102380F40283C71C10A3801E
:10821000F40283C72C102381F40283C7CB01FD8BAA
:10822000A381F402784483C73C0083463702960753
:10823000D58FA301F70297F7FD1F83C7A7C7832533
:108240000B00B7060082FD16D8551396476093F7CA
:10825000F703758FE607D98FDCD51307A00383A733
:108260000A006354C714F84FB7060007558FF8CFBC
:10827000103883450408014597F7FD1F23A6071C06
:1082800097A0FD1FE780C0F683278A00858BC9C7AA
:1082900097FAFD1F938ACAC503D5CA0097F7FD1F39
:1082A00023A2071A9307800F3305F50237460F0004
:1082B0008146130606248145EF00106483A70A0057
:1082C000AA842E8B8297B307950033B5A700B30518
:1082D000650183A68A003E8799E163E4D70033876E
:1082E000D7400345040858D00146B94597A0FD1F63
:1082F000E780600901468145054597A0FD1FE7809D
:1083000020EF97C0FD1FE78000A48327CA00858B5C
:1083100081C72285EFF03FB18347990003474900A9
:10832000850793F7F70FA304F90063F3E73297F497
:10833000FD1F9384E4BB9C28638E07268327C40A11
:10834000130770FA17A5FD1F1305252CB8A79790E2
:10835000FD1FE78080D56254DC40F250D254425970
:10836000B259225A925A025BF24B624CD24C2161B2
:10837000828713062002635AA600704FB70500F9E2
:10838000FD156D8EB7050005B1BBB70500F969464F
:10839000FD156357A600704F6D8EB705000399B3A6
:1083A000704F6D8E131686293DBB13072002635A4A
:1083B000C700F84FB70600F9FD16758FB706000520
:1083C00075B5B70600F96947FD166357C700F84F42
:1083D000758FB706000359BDF84F758F131787299E
:1083E00079B5DC42F99BDCC264449D47832B8C0049
:1083F000834A3C001CA89CA08547A3810400BCA024
:108400007C4893F707209DC79147BCB08347640B16
:108410008346540B78449A07D58F5CA3BC208146D1
:108420008507BCA00346840B8345540B0345640BAE
:10843000EF70FFA57C4893F7074095CBB8307C449C
:10844000B42013678700B8B00357A408B697B8B331
:10845000BC2078448346F4073E978357A4089206CD
:10846000A183BD8BD58F5CA3BC208907BCA08347AB
:10847000040693F7070489CFB8307C44B42013670F
:108480000704B8B05838B697B8B3BC208507BCA06D
:108490008347C4070547C11793F7F70F6362F706D1
:1084A000BC20032BC40415468D073E9BA147230027
:1084B000FB0093078002A300FB0097F5FD1F938547
:1084C000C5E413052B009780FD1FE78020558346E8
:1084D000C4074147835784086395E60CA10723111D
:1084E000F408C547230EF40683472408A303FB00C2
:1084F00083572408A1832304FB00BC20A507BCA04C
:10850000638C0B00BC20684456868D07DE853E9543
:108510009780FD1FE7808050B82001459377F703CF
:108520008507BE9A93FAFA0FA3085401B8A07C44B9
:10853000A380570183A709007844B8DF103883452A
:10854000040897F7FD1F23A107F097A0FD1FE78000
:1085500020CA97B0FD1FE780007F83A70900370777
:10856000020023A2070698C717F7FD1F232007EE76
:1085700003472C00E30207DAFC57E38F07D817A55F
:10858000FD1F1305451A9790FD1FE780409103A733
:1085900009007C57FDFF01459790FD1FE780209063
:1085A000A5BB03572408B307F7400947E34EF7F28A
:1085B000C9470DBF938A819583A70A0082972A8BAA
:1085C00083A70A008297E30D65FF0347590083479D
:1085D00099009444B387E702DA24B387E7021307CC
:1085E000003293870719B3D7E702032744093E9760
:1085F0003A846364F7006364D7003304D74083A7E9
:108600000A008297B307A4406374A4009844BA9701
:1086100037450F0013050524B3B5A702D2248146C0
:108620003385A702EF00502DAD472A8417050000BF
:108630001305C596232EFA009790FD1FE78020862C
:1086400083A7090037070800060498C7E0D751BA86
:108650008327C900884719ED1C24680023070100FF
:10866000DC868327C40ADC23DC87EFB04E9F23051A
:10867000090085BA97A0FD1FE780E0E90327C9003C
:1086800083464900814763C5D7001C47EDF3E9B72E
:10869000232407008507C5BF5D714EDE9389C1A6FF
:1086A00003A60900A2C452DC5ED686C6A6C2CAC012
:1086B00056DA5AD862D466D26AD06ECE9307800753
:1086C0007CD223880194138AC1A583270A00938B47
:1086D000C1A7B7053300D8572A84719B13671700C9
:1086E000D8D798431377F7CF98C398431377F7CF2A
:1086F0001367072098C303A70B001447CD8E14C738
:10870000B70603009386862534CA5457F59A54D782
:108710008345E507944393F5F50793F606F8CD8E68
:1087200094C35442F99A54C283058506D457370539
:10873000008213F6F5037D156606E98ED18ED4D737
:108740009306A00363D0B62A744F37060007D18E74
:1087500074CF130704085447184B9305300294C78D
:10876000D8C3054597F7FD1F23A007CEEFD05DF1D5
:1087700064449D471CA8230FA4069CA08547A381A1
:108780000400BCA07C4893F707209DC79147BCB06C
:108790008347640B8346540B78449A07D58F5CA3B8
:1087A000BC2081468507BCA00346840B8345540B3F
:1087B0000345640BEF70AFED7C4893F7074095CB12
:1087C000B8307C44B42013678700B8B00357A408BE
:1087D000B697B8B3BC2078448346F4073E978357D6
:1087E000A4089206A183BD8BD58F5CA3BC2089070A
:1087F000BCA0B020035744089307D00F918F17F9FE
:10880000FD1F1309A9A063DFE7200347040885477C
:108810006316F7209307804279479387371AB3C7C7
:10882000E70283464907C16593E60601230AD90694
:1088300083A609008CC63387E7020607B8D2B83092
:1088400013670701B8B078448346E407329734B31E
:10885000B420784436975CA3B8207C44BA97034789
:1088600004081607D8B3BC208D07BCA083470406B4
:1088700093F7070489CFB8307C44B420136707040A
:10888000B8B05838B697B8B3BC208507BCA08347AA
:10889000C4070547C11793F7F70F6362F706BC20BB
:1088A000832AC40415468D07BE9AA1472380FA0087
:1088B00093078002A380FA0097F5FD1F9385E5A436
:1088C00013852A009780FD1FE78040158346C40763
:1088D000414783578408639EE614A1072311F408D7
:1088E000C547230EF40683472408A383FA00835761
:1088F0002408A1832384FA00BC20A507BCA003564A
:108900004408814A21C2B82068448325840A930719
:1089100037003E95BC30C18B63860712F95AB38A83
:10892000EA4093FAFA0F56869780FD1FE780000F02
:108930008327840AD6973CDC83574408B387574182
:108940002319F406B8200145056B9377F7038507D3
:10895000BE9A93FAFA0FA3085401B8A07C44130DF1
:108960008007B70D3300A380570183A7090078441F
:10897000B70A0300938A8A25B8DF103883450408B4
:108980001D4C854C97A0FD1FE780808697B0FD1F8A
:10899000E780603B03270A00130B8B843C57ED9B59
:1089A0003CD797F7FD1F238C07AA371700401E2FCF
:1089B000C607C5831EAF83474907C18BD9EB228504
:1089C0002644B64096440649F259625AD25A425B4E
:1089D000B25B225C925C025DF24D616117A3FD1FE8
:1089E0006700032F9306200263DAB600744F370640
:1089F00000F97D16F18E3706000591BB370600F9A8
:108A0000E9467D1663D7B600744FF18E3706000332
:108A10003DBB744FF18E939686291DBB8567938766
:108A20008784DDBB8347490793F7F70E230AF906CE
:108A300035BD03572408B307F7400947E345F7EA74
:108A4000C94745B59780FD1FE78040FD834A44082C
:108A5000D5BD8347490793F70702E5DF83474907F9
:108A600003A6090093F7F70C230AF9062322A607A9
:108A70002388019483270A00D857719B1367170036
:108A8000D8D798431377F7CF98C398431377F7CF86
:108A90001367072098C303A70B001447B3E6B6017A
:108AA00014C7232856055457F59A54D7984383463C
:108AB000E407137707F893F6F607558F98C36444D5
:108AC0002308840123808401A3810400238194016D
:108AD0007C4893F7074095C7A147BCB07C44035737
:108AE000A408D8A3BC2078448346F4073E97835754
:108AF000A4089206A183BD8BD58F5CA3BC208907F7
:108B0000BCA0B020035724079307E00F918F63D3D5
:108B1000E70603470408DA87631497019307804246
:108B200079479387371AB3C7E70283464907C16578
:108B300093E60601230AD90683A609008CC633876B
:108B4000E7020607B8D2B83013670701B8B0784417
:108B50008346E407329734B3B420784436975CA355
:108B6000B8207C44BA97034704081607D8B3BC2042
:108B70008D07BCA00356240781470DCEB82068445A
:108B80002C5C930737003E95BC30C18BA5C3F957C9
:108B9000998F93F7F70F3E863EC69780FD1FE780BB
:108BA000E0E7385CB2473E9738DC035724071D8F57
:108BB0002319E406B420014513F7F6030507BA9715
:108BC00093F7F70F1CB8B4A078441CB31038834552
:108BD000040897F7FD1F23A907869790FD1FE780DC
:108BE000206197B0FD1FE7800016F1B39780FD1F4D
:108BF000E780C0E2834724072319040665BF834743
:108C0000C507638B073E797122D406D626D24AD097
:108C10004ECE52CC49472A84639CE702035725086D
:108C2000835785086316F7021305050A154697E56D
:108C3000FD1F9385856D2AC69780FD1FE78000DEA6
:108C40003245EFF08EB99147A300A408230EF40635
:108C500022859790FD1FE780E0D4094597B0FD1F5E
:108C6000E78000160327C40A138981958347C40748
:108C700083260900630E071E0D476398E70C914792
:108C8000230EF4067C4893E787007CC897E7FD1F16
:108C90009387C75703C75707098B6DDF03C757076C
:108CA0001377C70FA38AE706829697E7FD1F93877E
:108CB0002724D62703576408232AA4089C47330790
:108CC000D70293060032130707193357D702B306AA
:108CD000E500368663E4A60063E4F6003386F640DA
:108CE000232CC40897E6FD1F83C6161D636CD604AB
:108CF000158E9306D407A28517050000130565F0AD
:108D000097A0FD1FE78060D4AD4717F5FFFF13055F
:108D1000E52817E7FD1F2321F7749780FD1FE780E3
:108D2000001883A7C1A60947F8D783578408B25013
:108D3000925485072314F40822540259F249624AD6
:108D400045618280958F3E966DB78329840982960E
:108D500097E4FD1F9384C41963E6A9043385A940F1
:108D600097E7FD1F83C7571563E5A700854763EEA7
:108D7000A702DA24835764089044B387E7021307F5
:108D8000003293870719B3D7E702032784093E9778
:108D9000BA866364F7006364C700B306C740232C38
:108DA000D40861B79C44BE9955BF8326C40AA384E6
:108DB0000600D22483576408032784098C44B387B0
:108DC000C70213060032232AE40893870719B3D792
:108DD000C7023E973A866364F7006364B7003306C0
:108DE000B7409C28232CC40899CF930770FABCA6DF
:108DF00017A5FD1F130565819780FD1FE780E02AF9
:108E0000DC4082971DB7832709008297AA898327B0
:108E100009008297E38DA9FE83270900832944096D
:108E2000829763E4A904AD4717E7FD1F2326F76285
:108E3000B7470F00938707243385A940B335F50260
:108E4000D22481463305F502452C83A7C1A63707F6
:108E5000080098C70605E8D717F5FFFF13050514A6
:108E60009780FD1FE780A003C9B59C44BE9965BFEC
:108E70000D47639EE7089147230EF4067C4893E76D
:108E800087007CC897E7FD1F9387473803C75707BC
:108E9000098B6DDF03C757071377C70FA38AE70650
:108EA000829697E7FD1F9387A704D6270357640888
:108EB000232AA4089C473307D702930600321307DE
:108EC00007193357D702B306E500368663E4A600D8
:108ED00063E4F6003386F640232CC40897E6FD1FB2
:108EE00083C696FD6362D602158E9306D407A285CB
:108EF000170500001305E5D097A0FD1FE780E0B43B
:108F00002285EFF06FF915B5958F3E96F9BF8296E1
:108F1000AA84832709008297E38DA4FE8327090092
:108F20008324840917E9FD1F130989FC829763EEE6
:108F3000A4023385A44097E7FD1F83C7F7F7835941
:108F4000C90063E3A70015E58357640813070032DF
:108F500003268900B387370393870719B3D7E7023E
:108F6000032784093E97BA862DB583278900BE94CE
:108F7000C9B797E7FD1F83C7B73093E7170097E49A
:108F8000FD1F9384A428A38AF40603AAC1A6B707E9
:108F900008002324FA00B7470F0093870724B3354E
:108FA000F5024E8681463305F502B92206052326D1
:108FB000AA0683C75407898BEDDF83C754071307BD
:108FC00000320326890093F7C70FA38AF40683575C
:108FD0006408B387370393870719B3D7E7020327DA
:108FE00084093E97BA866364F7006364C700B306DA
:108FF000C740232CD40829B78280411126C2AA84F5
:10900000284922C401462E84850506C69790FD1F77
:10901000E78080093DEDBC481D4621459423BD8A6B
:10902000B4B89833B8A8639DC604B423114513D6C9
:10903000660093F6F60363F5E604194531E27D1701
:10904000158F58B0B83345459376270095EA937647
:10905000470085EE91079306F00F34A093768700C2
:10906000514599EE93760701554599EA1375070224
:109070001DE1137707049306F00711C3942314A08E
:10908000B2402244924441018280D42395078D8AC4
:10909000E9B70945F5B75945E5B797070000938744
:1090A00047B617E7FD1F232BF71C828009CE9307D5
:1090B0000002918F635AF000B397F5003355C50055
:1090C000B3D5C5005D8D8280011633D5C5008145BD
:1090D000828009CE93070002918F635AF000B35744
:1090E000F500B395C5003315C500DD8D82800116EE
:1090F000B315C500014582803288AA882E87CDEA43
:1091000063FFC50EC167636AF618B7070001B3377E
:10911000F600B307F040E19BE1073353F6009726D2
:1091200000009386E6709A96942213030002B69785
:10913000B306F340630BF3003397D500B357F50044
:109140003318D6005D8FB318D50013560801335578
:10915000C702B346080893D708013377C702B3851F
:10916000A6024207D98F63FAB700C2971307F5FF2B
:1091700063E4070163E8B7303A858D8F33D7C702C0
:10918000B3C80808B3F7C702B386E602C207B3E85C
:10919000F80063FBD800C2989307F7FF63E5080166
:1091A000791763E3D8003E874205598D8145828057
:1091B00063F5D500814501458280C16763E5F618F6
:1091C000B7070001B3B7F600B307F040E19BE10732
:1091D00033D8F60017270000130787654297182336
:1091E000930800023E973388E8406392E81863EDE5
:1091F000B6263335C500134515008145828045C626
:10920000C167637BF62413370610134717000E0758
:10921000B356E6009727000093878761B6979C2393
:1092200093060002BA97B38EF640639DF608B387A3
:10923000C5408545935606013346060833D5D70207
:1092400013D70801B3F7D7023303C502C207D98F7A
:1092500063FA6700C2971307F5FF63E4070163E051
:1092600067223A85B387674033D7D702B3C8080867
:10927000B3F7D7023306C702C207B3E8F80063FBAF
:10928000C800C2989307F7FF63E50801791763E305
:10929000C8003E874205598D82809337061093C7D8
:1092A00017008E079DBD814697270000938747587A
:1092B000B6979C23014793060002BA97B38EF640F7
:1092C000E387F6F63318D60133D3F5009356080139
:1092D000335ED302B395D501B357F500CD8F334636
:1092E000080813D70701B318D5013373D302B305A8
:1092F000C603420333676700637BB70042971305D9
:10930000FEFF636A07176378B716791E42970D8FC1
:109310003355D702B3C707083377D7023303A60202
:109320004207D98F63FB6700C2971307F5FF63E01D
:10933000071563FE67127915C29793150E01B3875F
:109340006740C98DE5BD93B7061093C717008E0718
:1093500033D8F600172700001307874D42971823CC
:10936000930800023E973388E840E382E8E8335EE2
:10937000E600B3960601336EDE00B3D8E500935ED7
:109380000E01B3D7D803B39505013357E5004D8FD0
:1093900033430E089356070133160601B3F8D8037A
:1093A000B305F302C208B3E6160163FBB600F296FA
:1093B0009388F7FF63E3C60D63F1B60CF917F296D5
:1093C0008D8EB3D5D60333470708B3F6D603B3085B
:1093D000B302C206558F637B170172979386F5FF20
:1093E0006369C70963771709F9157297C207C16ED8
:1093F000CD8F9386FEFFB3F5D70013D30701F18E0F
:109400004182338ED50233071741B306D3029358F6
:109410000E01B385C502B695C6953303C30263F347
:10942000D500769393D605019A966363D7026305B8
:10943000D7003E8581458280C166FD1633F7D50091
:109440004207337EDE00331505017297E373E5FEB4
:109450001385F7FF81458280B70700016377F60225
:109460009356060141477DB38145054582803A8583
:10947000E9B5B685A5BF2A8E59BDC68791B77915BE
:10948000C297CDB37915C297CDB99356860161477E
:1094900051B35D7122D406D62A842EDA32DC36DE50
:1094A000BAC0BEC2C2C4C6C603A5018611C51C4D42
:1094B00081E72AC6A12B32450C455418228636CEA8
:1094C000EF00B022B250225461618280011126CA9D
:1094D00006CE22CC4AC84EC652C4AA8419E11C4505
:1094E00002901C4D2E89ADE315239C4C8044B9CFCE
:1094F000972700009387C747631DF404C0407C5042
:10950000858B99E75E2493F7072099E3284C69251A
:109510005E24A18B99C31C48D5E3A2852685A52A84
:1095200051CDFD547C50858B99E75E2493F707203D
:1095300099E3284C9D25F24062444249B249224AAF
:109540002685D2440561828000455DB726857D2948
:1095500045B7972700009387A73F6314F400804422
:1095600079BF972700009387A73CE31AF4F8C0441B
:1095700079B71CC4050963C807021C40138717008C
:1095800018C08CA31C4483450900FD17FDF11CC4C1
:1095900063D907022286A94526858120FD57E3026B
:1095A000F5F8A94441B7184C63C4E700E39745FDBB
:1095B000228626851D20E31735FDA5B7FD59294ACA
:1095C000D1B71C401387170018C0294798A3D1BFF3
:1095D000AA8503A501866FF07FEF011122CC26CA70
:1095E0004AC806CE4EC6AA842E89328401C51C4DB7
:1095F00091E3292997270000938787376317F4029F
:10960000C0401C4C1CC45E24A18B99C31C4895EF20
:10961000A2852685492015C97D59F2406244D2446D
:10962000B2494A85424905618280972700009387A5
:1096300027326314F4008044E9B79727000093872A
:10964000272FE310F4FCC0446DBF1C4808409379F9
:10965000F90F1379F90F1D8D5C486346F500A2855B
:109660002685912C55F91C440505FD171CC41C408A
:109670001387170018C0238037015C486388A70050
:109680005E24858BD9DBA947E319F9F8A2852685E5
:109690001D2441D551B7411122C426C24AC006C675
:1096A00083A401862A892E8489C49C4C99E326854B
:1096B000B12E972700009387A72B6313F402C040B5
:1096C0008317C40013F7870025E713F707010DEB95
:1096D00025472320E90093E707045EA47D5571A088
:1096E000972700009387C7266314F4008044C9BFFE
:1096F000972700009387C723E314F4FCC044C9B73D
:10970000918B9DC34C5889C9930744046384F50029
:109710004A859D2B232A04025E242322040093F70A
:10972000B7FD5EA41C481CC05E2493E787005EA4BE
:109730001C4899EB5E241307002093F707286385E4
:10974000E700A2854A857D218317C40013F717001F
:109750001DC35848232404003307E04018CC1848A0
:10976000014501E713F707083DF7B2402244924450
:1097700002494101828013F72700814611E35448D2
:1097800014C4F1BF8397C500011122CC26CA06CEAE
:109790004AC84EC613F78700AA842E8479E3D841BD
:1097A0006345E000B8416356E008585459C303A923
:1097B000040023A004000C5093D7C748A9CB7048DD
:1097C0005E24918B99C75C401D8E5C5899C33C40C8
:1097D0001D8E5C540C50814626858297FD57630C84
:1097E000F5041C480567232204001CC05E24F98F81
:1097F00091C368C84C5823A0240185CD9307440425
:109800006384F50026854921232A04021DA0014610
:10981000854626850297FD572A86E313F5FA9C4074
:10982000C5D375476385E70059476395E70623A0CD
:1098300024010145B5A098408317C40001CFF54627
:109840006305D700D9466319D7041C4823220400B6
:109850001CC04DB718482322040093D7C74818C02E
:1098600041BF83A90501E38609FC03A905008D8B8F
:1098700023A0350133093941014791E3D84918C480
:10988000E35920FB1C540C50CA864E8626858297CD
:10989000634FA0008317C40093E707045EA47D55BF
:1098A000F2406244D2444249B24905618280AA9999
:1098B0003309A940F1B79C49411106C622C426C20A
:1098C00081EB8144B240224426859244410182804A
:1098D000AA842E8401C51C4D91E30D2A9727000010
:1098E00093870709631DF402C0408317C400F1DBAE
:1098F0007850058B11E793F7072099E3284C692CE2
:109900002685A285EFF01FE87C50AA84858BDDFBBD
:109910005E2493F70720DDF7284C412465B797278D
:1099200000009387E7026314F40080447DBF97270B
:1099300000009387E7FFE31AF4FAC0447DB74111B2
:1099400022C406C62A844EA572A523200500232220
:109950000500232405002322050623280500232AC9
:109960000500232C0500214681451305C505EFA000
:10997000EDD797170000938787855CD09717000075
:10998000938787871CD4971700009387478B5CD4F5
:10999000971700009387878DB24000D01CD82244CF
:1099A0004101828097050000938525F149A241116C
:1099B00026C2930780069384F5FFB384F4024AC05D
:1099C0002E8922C406C693854407452E2A8401CDDC
:1099D0002320050023222501310508C413868406AF
:1099E0008145EFA0ADD0B240228522449244024985
:1099F00041018280138541B245A2138541B271AA0B
:109A0000138581B251AA138581B241AA411122C4A2
:109A100006C62A84EFF0DFFE1C4C91C72244B240F8
:109A200041016FF05FFE970700009387E7F71CD4B2
:109A300023240404232604042328040483A7419038
:109A40006394870085471CCC2285152848C0228551
:109A50003D2008C42285252048C448400146914540
:109A6000EFF0FFED08440546A545EFF05FED4844F3
:109A70000946C945EFF0BFEC85471CCC45B74111FD
:109A800026C24AC006C622C42A89EFF0BFF683A4C4
:109A900041909C4C81E72685EFF05FF79384840426
:109AA0008044DC40FD1763D607009C40A5C7844076
:109AB000C5BF0317C40021EFC17785075CC4130538
:109AC000840523220406C128EFF03FF3214623201A
:109AD0000400232404002322040023280400232A52
:109AE0000400232C040081451305C405EFA00DC01C
:109AF000232A0402232C040223240404232604041E
:109B0000B2402285224492440249410182801304DA
:109B1000840649BF91454A85EFF07FE988C02A84D1
:109B200059F5EFF09FEDB1472320F900D1BF7971CE
:109B300022D44AD04ECE52CC5AC85EC606D626D2C1
:109B400056CA2A892E8A130485048149054BFD5B78
:109B50000444832A4400FD1A63D00A0200406DF8D1
:109B6000B250225492540259624AD24A424BB24BEA
:109B70004E85F24945618280DE24637BFB0083973A
:109B8000E40063877701A6854A85029AB3E9A900B4
:109B900093848406C9B78280828082805971A2D45E
:109BA0002E848395E500A6D2CAD086D6B2843689A3
:109BB00063D205025E2493F707088DEB130700407C
:109BC000B65026542320F90098C0065996540145F2
:109BD000656182803000ED25E34E05FC3247BD67AC
:109BE000F98F7977BA9793B71700C9BF81471307E1
:109BF0000004F9B7DE25797122D406D626D24AD0E0
:109C00004ECE898B2E8491CF930774041CC01CC840
:109C100085475CC8B250225492540259F2494561BA
:109C2000828074003000AA84EFF05FF7A2492A898D
:109C30002685CE85992219E98317C40013F70720DA
:109C400071FBF19B93E727005EA47DBF970700009F
:109C5000938787D59CD45E2408C008C893E707087B
:109C60005EA4B247232A340199CB8315E4002685EC
:109C7000A52D11C55E24F19B93E717005EA45E2419
:109C800033E527014AA479B7D1CD83A7C5FF0111D8
:109C900022CC06CE1384C5FF63D307003E942AC6A8
:109CA000452D138701B31C43324581EB2322040069
:109CB00000C36244F240056145A5637DF400104095
:109CC000B306C4006396D7009443DC43B29614C035
:109CD0005CC0F9BF3E87DC4399C3E37DF4FE1443C7
:109CE0003306D700631F86001040B29614C33306B4
:109CF000D700E390C7FC9043DC43B29614C35CC327
:109D00004DBF6375C400B1471CC165B71040B306B1
:109D1000C4006396D7009443DC43B29614C05CC081
:109D200040C341BF828041114AC01389C1B2832719
:109D3000090022C426C206C6AA842E8489E781456A
:109D40008D212320A900A2852685A1297D59631A8A
:109D500025017D54B24022852244924402494101AA
:109D60008280130435007198E30685FEB305A44094
:109D700026850529E31025FFE9BF011126CA938432
:109D80003500F1984AC8A104B14706CE22CC4EC690
:109D90002A89B3F4F40A63C4040063FDB400B14734
:109DA0002320F9000145F2406244D2444249B249BD
:109DB00005618280712B938901B383A709003E84DA
:109DC00021E8A6854A85EFF01FF6FD572A84631720
:109DD000F50A03A40900A287C9EB83290400814581
:109DE0004A85A2997D2E6395A9081C408D044A8559
:109DF0009D8CF198B147A104B3F4F40AA685EFF065
:109E00009FF2FD576306F5061C40A6971CC015A0DF
:109E10001440858E63C806042D47637DD70204C0B5
:109E2000330794006396870223A0E9005C4014C3C3
:109E30005CC34A8515231305B40093074400619958
:109E40003307F540E301F5F63A94898F1CC0A1BFB2
:109E5000D8C3E9BF58406395870023A0E900D1BF6C
:109E6000D8C3C1BFA2874040A1BF3E84DC43ADB789
:109E7000B1472320F9004A85C5212DB704C155BF3C
:109E80001C46FD171CC663DA0700184E63C5E700C1
:109E9000A9476394F5006FF04FF41C422E85138799
:109EA000170018C28CA38280011122CC26CA4AC88E
:109EB0004EC652C406CE2A89AE893284B304D60077
:109EC0007D5A63149400014509A80C204E864A85EA
:109ED000EFF01FFB0504E31645FFF2406244D24455
:109EE0004249B249224A05618280357122CD26CB92
:109EF0004AC94EC706CF52C556C35AC1DEDEE2DCA0
:109F0000AA892E843289B68409C51C4D99E3EFF0E5
:109F1000FFAF972700009387A7A56318F40403A455
:109F200049007C50858B81EB5E2493F7072081E705
:109F3000284CEFF07FC65E24A18B99C31C48A5E393
:109F4000A2854E85EFF02FF539C97C50858BA1C3D2
:109F50007D55FA406A44DA444A49BA492A4A9A4A3B
:109F60000A4BF65B665C0D61828097270000938741
:109F7000279E6315F40003A4890065B797270000A6
:109F80009387079BE31FF4F803A4C90059BF5E241D
:109F900093F70720D5FF284CEFF03FC055BF93073C
:109FA0000002A304F1029307000302D22305F10289
:109FB00026C6930B5002972A0000938A6A9D294B6C
:109FC000CA849C2099C3639A7709338C2441638E99
:109FD0002401E2864A86A2854E85EFF0FFECFD570C
:109FE0006306F5189257E2973ED29C2063800718CB
:109FF000FD571389140002C802CE3ECA02CCA30941
:10A00000010482D483450900154656853526C2478A
:10A010009304190029E513F7070109C71307000284
:10A02000A309E10413F7870009C71307B002A309C6
:10A03000E104834609001307A0026389E602F247A0
:10A04000CA8481462546982093851400130707FD8E
:10A050006372E60685C63ECE15A085049DB733051E
:10A060005541B397A72826893EC869BF3247930652
:10A070004700184336C6634807023ACE9820930734
:10A08000E002631CF70498309307A002631AF702FA
:10A09000B2478904138747009C433AC67D57B3E70C
:10A0A000E70A3ECA1DA83307E04093E727003ACEEF
:10A0B0003EC8E9B7B3876703AE848546BA9761B7F0
:10A0C000850402CA8146814725469820938514005D
:10A0D000130707FD6372E606E9F68C200D46172587
:10A0E00000001305658B892C11CD972700009387FD
:10A0F000A78A1D8DC247130700043317A700D98F05
:10A1000085043EC88C2019461725000013050589D3
:10A11000138914002304B102052435C993070000F4
:10A1200095E74247B2471377071009CF91073EC61C
:10A130009257D2973ED269B5B3876703AE848546FE
:10A14000BA9761B79D07E19BA107D5B7780097063D
:10A1500000009386A6D522860C084E859700000045
:10A16000E7000000FD572A8AE314F5FC7C50858B3C
:10A1700081EB5E2493F7072081E7284CEFF0FFA1E5
:10A180005E2493F70704E39507DC1255D9B37800F2
:10A1900097060000938686D122860C084E85F1240E
:10A1A000D1B7411122C42A842E8523AA01B206C642
:10A1B000EFA08D8CFD576316F50083A741B391C3C3
:10A1C0001CC0B240224441018280411122C42E842D
:10A1D0008395E50006C6012B634905007C48AA97D4
:10A1E0007CC8B2402244410182805E249397C748D4
:10A1F0005EA4C5BFDE25011122CC26CA4AC84EC6C0
:10A2000006CE93F70710AA842E843289B68991C7A7
:10A210008395E50089460146DD285E248315E40028
:10A22000F2409397C7485EA46244CE864A86B249FC
:10A2300042492685D24405611DA8411122C42E84BD
:10A240008395E50006C6E1207D575E246319E5008D
:10A250009397C7485EA4B2402244410182809397FD
:10A26000C72868C85EA4C5BF8395E5003DA041111D
:10A2700022C42A842E85B285368623AA01B206C658
:10A28000EF907DFDFD576316F50083A741B391C3A1
:10A290001CC0B240224441018280411122C42A8460
:10A2A0002E8523AA01B206C6A521FD576316F50027
:10A2B00083A741B391C31CC0B240224441018280B4
:10A2C000411122C42A842E85B28523AA01B206C672
:10A2D000B121FD576316F50083A741B391C31CC09C
:10A2E000B240224441018280411122C42A842E8539
:10A2F00023AA01B206C60D29FD576316F50083A7F0
:10A3000041B391C31CC0B24022444101828041113B
:10A3100022C42A842E85B285368623AA01B206C6B7
:10A320001129FD576316F50083A741B391C31CC0E3
:10A33000B24022444101828093F5F50F2A966314BE
:10A34000C500014582801C21E38EB7FE0505C5BF0F
:10A35000138501B26FF05F84138501B26FF0FF8344
:10A36000797156CA9C49BA8A984522D44AD04ECEB1
:10A3700052CC06D626D25AC85EC6B3E7E70A1CC23C
:10A3800003C73504AA892E843289368A19C3850702
:10A390001CC21C4093F7070291C783270900890755
:10A3A0002320F9000440998891E8130B9401FD5B88
:10A3B0005C4403270900998F63CCF4048347340479
:10A3C000B336F0001C4093F70702A5EB13063404E4
:10A3D000D2854E85829AFD576303F5041C401147D0
:10A3E0008144998B6399E7008327090044449D8C3D
:10A3F0008147B3E4F40A1C4418486354F700998F6A
:10A40000BE94014969047D5B63982405014509A850
:10A4100085465A86D2854E85829A631E75017D5582
:10A42000B250225492540259F249624AD24A424BE3
:10A43000B24B456182808504A5BF3307D400130663
:10A440000003A301C7040347540493871600A2978F
:10A450008906A381E7049DBF85462286D2854E8565
:10A46000829AE30E65FB050945B7797122D44AD07B
:10A470004ECE52CC06D626D256CA5AC803C885013B
:10A48000930780072A892E84B289368A63E20703FC
:10A49000930720069386350463E10703630C081CC9
:10A4A00093078005171600001306C64F6308F814BB
:10A4B000930424042301040515A89307D8F993F7FE
:10A4C000F70F5546E366F6FE171600001306065012
:10A4D000B3C7C7209C43B29782871C43938425044B
:10A4E000938647009C4314C32381F504854775A2D6
:10A4F00090411C43137506089385470029C19C436E
:10A500000CC3584063DF07129305D002A301B404C3
:10A5100018C4635E0702B307F04017160000130665
:10A5200066482948B68433F70703FD143297182389
:10A5300098A03E87B3D70703E37707FF85A09C4326
:10A54000137506040CC355DD939757605DBF6D9A74
:10A5500010C0D1B790411C4313750608938547007E
:10A5600001C50CC39C4331A0137606040CC37DDAED
:10A570009E231307F006171600001306A642631069
:10A58000E80C2148A3010404584018C4E34C07F820
:10A590000C40ED990CC0D9F7B68449F7A147631E6A
:10A5A000F8001C40858B91CB58401C4863C7E700DE
:10A5B00093070003A38FF4FEFD14858E14C8528701
:10A5C000CE867000A2854A85EFF09FD9FD5A631AA6
:10A5D000550D7D55B250225492540259F249624AA7
:10A5E000D24A424B456182809C4193E707029CC15D
:10A5F00013088007171600001306063CA302040583
:10A600000C401C4313F80508138547006305080038
:10A6100008C39C4339A013F8050408C3E30B08FEE4
:10A620009E2313F7150001C793E505020CC099C3DB
:10A63000414889BF18401377F7FD18C0D5BF294896
:10A6400091B7171600001306E635294835BF90412B
:10A650001C43CC491378060813854700630608009D
:10A6600008C39C438CC339A008C3137606049C43DB
:10A6700075DA8EA323280400B68491B71C43D04119
:10A6800081459386470014C384432685EFF0DFCAD3
:10A6900001C5B30795405CC05C401CC8A30104041D
:10A6A00039BF14482686CE854A85029AE30355F3BE
:10A6B0001C40898B85E74844B2473365F50A19BFCA
:10A6C00085465686CE854A85029AE30465F185045F
:10A6D0005C443247998FE3C5F4FEF1BF8144930A8D
:10A6E00094017D5BF5B7411122C42A842E85B28581
:10A6F000368623AA01B206C6A120FD576316F500CF
:10A7000083A741B391C31CC0B2402244410182805F
:10A710009307800523AAF1B27D55828093078005B7
:10A7200023AAF1B27D5582809307800523AAF1B256
:10A73000014582809307800523AAF1B27D5582806E
:10A740009307800523AAF1B27D558280F401FA00B7
:10A75000960064004B0032001E0014000000000050
:10A7600000000000000000000000000000000000E9
:10A77000000000000000000000000000E699FDFF5E
:10A78000FE99FDFF229AFDFF2C9AFDFF429AFDFFE4
:10A79000F49BFDFF109CFDFF2C9CFDFF489CFDFFE2
:10A7A000649CFDFF809CFDFF9C9CFDFFFE00657886
:10A7B000706572696D656E74616C00004D616E75D7
:10A7C0006661637475726572204E616D650000008C
:10A7D000536F667477617265205265766973696F2D
:10A7E0006E00000048617264776172652052657680
:10A7F0006973696F6E0000004669726D77617265FA
:10A80000205265766973696F6E0000005365726946
:10A81000616C204E756D6265720000004D6F64655D
:10A820006C204E756D626572000000003A9EFDFF5F
:10A83000589EFDFF689EFDFF789EFDFF889EFDFFF0
:10A840002A20000043483538355F424C455F4C496B
:10A85000425F56312E340000686561642066696C81
:10A8600065206572726F722E2E2E00004C494220B8
:10A87000696E6974206572726F7220636F64653AE5
:10A88000202578202E2E2E0A000000005253534916
:10A89000202D256420644220436F6E6E202D2025DC
:10A8A00078200A0050617373636F64653A2530360F
:10A8B000640A000045786368616E6765204D5455F1
:10A8C000204572726F723A2025780A004D54553A2D
:10A8D0002025780A000000005265616420457272EC
:10A8E0006F723A2025780A00526561642072737095
:10A8F0003A2025780A000000577269746520457275
:10A90000726F723A2025780A00000000577269744D
:10A91000652073656E743A2025780A005265636578
:10A92000697665206E6F74693A2025780A00000008
:10A93000466F756E642050726F66696C6520536552
:10A9400072766963652068616E646C65203A2025C3
:10A9500078207E202578200A00000000466F756E62
:10A9600064204368617261637465726973746963BA
:10A9700020312068616E646C65203A202578200AB9
:10A9800000000000466F756E6420636C69656E742C
:10A9900020636861726163746572697374696320AE
:10A9A000636F6E66696775726174696F6E20686146
:10A9B0006E646C65203A202578200A00436F6E6E25
:10A9C000656374696F6E2025303478202D205061C6
:10A9D0006972696E6720737461727465643A256484
:10A9E0000A000000436F6E6E656374696F6E202508
:10A9F000303478202D2050616972696E672073753C
:10AA000063636573730A0000436F6E6E65637469F8
:10AA10006F6E2025303478202D2050616972696E68
:10AA200067206661696C0A00436F6E6E65637469C6
:10AA30006F6E2025303478202D20426F6E64696E51
:10AA40006720737563636573730A0000436F6E6EEE
:10AA5000656374696F6E2025303478202D20426F35
:10AA60006E64207361766520737563636573730A22
:10AA700000000000436F6E6E656374696F6E202581
:10AA8000303478202D20426F6E642073617665200B
:10AA90006661696C65643A2025640A0044697363E1
:10AAA0006F766572696E672E2E2E0000446576699A
:10AAB0006365202564202D20416464722025782060
:10AAC0002578202578202578202578202578200ACB
:10AAD00000000000446576696365206E6F7420662F
:10AAE0006F756E642E2E2E00446576696365206650
:10AAF0006F756E642E2E2E00436F6E6E65637469E3
:10AB00006E672E2E2E000000436F6E6E65637469B3
:10AB10006F6E206D61782E2E2E000000436F6E6EDA
:10AB2000202578202D20496E74202578200A0000E9
:10AB3000436F6E6E65637465642E2E2E00000000F8
:10AB4000436F6E6E656374204661696C65642E2E7A
:10AB50002E526561736F6E3A25580A0020202578C1
:10AB60002020446973636F6E6E65637465642E2E76
:10AB70002E526561736F6E3A25780A0055706461D4
:10AB80007465202578202D20496E74202578200AB0
:10AB90000000000048A8FDFF96A6FDFF78A8FDFF75
:10ABA00078A8FDFF78A8FDFFECA6FDFFEAA7FDFF52
:10ABB00056A8FDFF78A8FDFF78A8FDFF78A8FDFF47
:10ABC00078A8FDFF78A8FDFF78A5FDFF52535349F3
:10ABD000202D256420644220436F6E6E202025784E
:10ABE000200A0000557064617465202578202D20AE
:10ABF000496E74202564200A0000000041647665D7
:10AC000072746973696E672E2E200000496E697434
:10AC100069616C697A65642E2E0000004469736373
:10AC20006F6E6E65637465642E2E20526561736F5E
:10AC30006E3A25780A000000416476657274697383
:10AC4000696E672E2E000000636F6E6E4974656D2D
:10AC5000203A202523780A00636F6E6E4974656D73
:10AC600020636865636B3A202523780A00000000A2
:10AC7000636F6E6E48616E646C65203A20252378A0
:10AC80000A000000436F6E6E65637465642E2E00CB
:10AC9000436F6E6E6563746564204164766572749B
:10ACA0006973696E672E2E0057616974696E67203B
:10ACB000666F72206164766572746973696E672E5F
:10ACC0002E0000004572726F722E2E004572726F58
:10ACD000722E2E25780A000080A9FDFF9CA9FDFF99
:10ACE00006ABFDFFD8A9FDFFF4AAFDFF4AABFDFFAF
:10ACF00070726F66696C65204368616E6765434278
:10AD00002043484152312E2E20206C656E203A207F
:10AD100025640A200000000070726F66696C65206F
:10AD20004368616E676543422043484152332E2E8B
:10AD300020000000546F6F206C61726765206E6F99
:10AD40007469000052656365697665207363616E9E
:10AD5000207265712066726F6D202578202578201D
:10AD6000257820257820257820257820202E2E0A69
:10AD7000000000005068792075706461746520528D
:10AD8000783A25782054783A2578202E2E0A00002B
:10AD90006D74752065786368616E67653A20256417
:10ADA0000A000000504859205570646174652025E0
:10ADB000782E2E2E0A000000FED4FDFF7ED5FDFF6A
:10ADC0007ED5FDFF52D5FDFF9CD4FDFF9CD4FDFF39
:10ADD0009CD4FDFF9CD4FDFF9CD4FDFF5CD5FDFF02
:10ADE00074D5FDFF98D7FDFFB8D7FDFF54D4FDFF04
:10ADF00054D4FDFFC0D7FDFF54D4FDFF54D4FDFF54
:10AE000054D4FDFF54D4FDFFACD7FDFF14D8FDFF93
:10AE10001AD8FDFF54D4FDFF54D4FDFF3AD8FDFFEE
:10AE200042D8FDFF4AD8FDFF60D8FDFF54D4FDFF96
:10AE300054D4FDFF54D4FDFF54D4FDFF54D4FDFF82
:10AE400054D4FDFF54D4FDFF54D4FDFF54D4FDFF72
:10AE500054D4FDFF54D4FDFF54D4FDFF54D4FDFF62
:10AE600054D4FDFF54D4FDFF54D4FDFF26D8FDFF7C
:10AE70002ED8FDFF74D8FDFF54D4FDFF54D4FDFF40
:10AE800012D7FDFF34E5FDFFAEE4FDFF2CE5FDFF2D
:10AE9000AAE4FDFFAEE4FDFF20E5FDFFAEE4FDFF0B
:10AEA000AEE4FDFFAEE4FDFFAEE4FDFFAEE4FDFF6A
:10AEB00038E5FDFFAEE4FDFF20E5FDFFCEEDFDFF33
:10AEC000C4EDFDFFCAEDFDFFEAEDFDFFEEEDFDFF78
:10AED000F2EDFDFF00F5FDFF94F5FDFFC4F5FDFF6C
:10AEE0004AF6FDFF2EF5FDFF2EF5FDFF2EF5FDFFC9
:10AEF0002EF5FDFF5AF6FDFF62F6FDFF94F6FDFF0D
:10AF0000ECF7FDFF1CF8FDFF08F8FDFF26F8FDFF3C
:10AF100004FBFDFFA0FBFDFFAEFBFDFFBCFBFDFF47
:10AF2000D4FBFDFFE4FBFDFFCCFAFDFFF2FBFDFFD0
:10AF300006FCFDFF68FFFDFF82FFFDFFFCFFFDFF3C
:10AF400092FFFDFFFCFFFDFFFCFFFDFFFCFFFDFF8F
:10AF5000B4FFFDFFFCFFFDFFFCFFFDFFFCFFFDFF5D
:10AF6000D8FFFDFFE600FEFFDA00FEFFE600FEFF71
:10AF7000D600FEFFE600FEFFD600FEFFE600FEFF65
:10AF8000D600FEFFE600FEFFDE00FEFFE600FEFF4D
:10AF9000D600FEFFE600FEFFE600FEFFD600FEFF45
:10AFA000D600FEFFD600FEFFE200FEFFE200FEFF3D
:10AFB000D600FEFFD600FEFFD600FEFFE600FEFF35
:10AFC000D600FEFFE600FEFFC224FEFFFA24FEFFCD
:10AFD0001625FEFF2425FEFFDA30FEFF6230FEFF5D
:10AFE0000C31FEFF6230FEFF1831FEFF6230FEFFC3
:10AFF000D231FEFF6230FEFF6C32FEFF6230FEFF98
:10B000007832FEFF6230FEFF8432FEFF6230FEFFC8
:10B010006230FEFF6230FEFF9432FEFF6230FEFFC0
:10B02000AA32FEFF1665020056C200004A65020001
:10B030007ACE0000BA6502004CCE000064660200C1
:10B040001ECE0000EE660200FCD800003867020049
:10B05000FCD80000706702005ED800006466020041
:10B06000D2CD000008680200DAD000000000000025
:10B0700000000000426802007ED10000A6680200C5
:10B08000CEC20000CC56FEFFCC56FEFF4E57FEFF50
:10B090004E57FEFFEE56FEFF4E57FEFF2257FEFFB5
:10B0A0004E57FEFF3657FEFF4E57FEFF3E57FEFF40
:10B0B0004657FEFF4E57FEFFF656FEFF0101020106
:10B0C0000201010201010404060104010101010160
:10B0D000040102010100000001010201020101025C
:10B0E000010204040601040101010101040402013A
:10B0F000040000008C63FEFFA063FEFFDE63FEFF22
:10B10000F864FEFF0065FEFF4065FEFF7865FEFF08
:10B11000B265FEFFE465FEFF9A64FEFF1866FEFF5F
:10B120008866FEFFEC71FEFFEC77FEFF9674FEFF73
:10B13000F674FEFFCC77FEFF0676FEFF4676FEFF36
:10B140008076FEFFB676FEFFF076FEFFEC77FEFF20
:10B150003277FEFFA477FEFF000000000000000031
:10B160000000000000000087070B0D1113171D1FC2
:10B1700025292B2F353B3D4347494F535961FF004C
:10B1800074AAFEFFFAA8FEFF80A4FEFFFAA8FEFF45
:10B1900074AAFEFF06A5FEFFA8D4FEFFA2D4FEFF00
:10B1A00044D3FEFF44D3FEFF44D3FEFF44D3FEFF4F
:10B1B00044D3FEFF44D3FEFF44D3FEFF44D3FEFF3F
:10B1C000F0D3FEFF44D3FEFF44D3FEFF44D3FEFF83
:10B1D00066D4FEFF66D4FEFF46D4FEFF44D3FEFFD6
:10B1E00044D3FEFF44D3FEFFF6D4FEFF44D3FEFF5C
:10B1F00044D3FEFF44D3FEFF44D3FEFF44D3FEFFFF
:10B2000008D1FEFF44D3FEFF44D3FEFF44D3FEFF2C
:10B21000FCD4FEFF1CD1FEFF1CD1FEFF5AD4FEFF62
:10B2200006D4FEFFC0D2FEFFC0D2FEFFC0D2FEFF9A
:10B23000C0D2FEFF3ED4FEFFC0D2FEFF5AD4FEFFB6
:10B24000C0D2FEFFC0D2FEFF5CD0FEFF28E0FEFFB2
:10B2500014E0FEFF10E0FEFF10E0FEFF10E0FEFF36
:10B2600010E0FEFF36E0FEFF10E0FEFF3EE0FEFFD6
:10B2700010E0FEFF10E0FEFF10E0FEFF62E0FEFFC8
:10B2800010E0FEFF10E0FEFF10E0FEFF10E0FEFF0A
:10B2900072E0FEFF1EF3FEFF38F3FEFF38F3FEFF01
:10B2A0003CF3FEFF38F3FEFF72F3FEFF38F3FEFFC0
:10B2B00096F3FEFF38F3FEFF38F3FEFF38F3FEFF90
:10B2C000AAF3FEFF38F3FEFF38F3FEFFBEF3FEFFE6
:10B2D00038F3FEFF38F3FEFF38F3FEFF38F3FEFFCE
:10B2E00038F3FEFFD2F3FEFFC0A301006CB40100EF
:10B2F0006AA40100C0B4010088A40100FEA40100FA
:10B3000024A501005EA50100EAB301006AB30100B3
:10B3100082A60100A6A601000CA70100529101001F
:10B32000E2B2010006B20100E0B70100F2910100B3
:10B330009EA70100E8A701008CB701002EB701000D
:10B3400012A80100C4A9010026AB01009EAB0100B8
:10B35000EA920100B4B8010060B00100C0AB010086
:10B36000F6AB0100B8B80100BCB80100C0B80100DC
:10B37000C4B80100ECB5010032AC0100FCAC010026
:10B38000C8B80100DCB70100A6AD010028B001007B
:10B390004CAE010094C20100F0B90100E4B8010014
:10B3A0002AC00100FCBF0100D0BF010096BF010010
:10B3B0006ABF010068C001006CC001005ABB0100F7
:10B3C00070C001002CBF010074C001000ABF010061
:10B3D00078C00100CABE0100BABE010084BE0100EF
:10B3E0007CC0010064BE010080C0010084C0010077
:10B3F00088C0010002BE0100E8B80100FCB80100ED
:10B400008CC0010090C0010094C0010098C00100F0
:10B410009CC00100A8BD010032BD0100A0C0010018
:10B42000A4C00100A8C00100ACC00100CABC01005A
:10B4300060C0010064C0010076BA01008EB901004D
:10B440002CB9010000B901004015FFFF5C15FFFF9A
:10B45000D215FFFF4615FFFFD615FFFF4615FFFF6C
:10B46000DA15FFFF6637FFFF8237FFFFDE36FFFF8B
:10B47000DE36FFFFDE36FFFFBE37FFFFBE37FFFFC2
:10B48000DE36FFFFDE36FFFFDE36FFFFDE36FFFF74
:10B49000CA38FFFFDE36FFFFDE36FFFFDE36FFFF76
:10B4A000DE36FFFFDE36FFFF4E35FFFFDE36FFFFE5
:10B4B000DE36FFFFDE36FFFFD038FFFF6435FFFFCB
:10B4C000DE36FFFFD038FFFFDE36FFFFDE38FFFF3E
:10B4D0006C37FFFF7236FFFF7837FFFF7236FFFFD2
:10B4E0007236FFFF7236FFFFB837FFFF7236FFFF7D
:10B4F0007236FFFF7236FFFF1238FFFF7236FFFF12
:10B500007837FFFF7236FFFF7236FFFFE037FFFF2D
:10B510007236FFFF7236FFFF7236FFFF3238FFFFD1
:10B520007236FFFF7236FFFFA634FFFF7236FFFF51
:10B530007236FFFF7236FFFF7236FFFF8E37FFFF56
:10B540007236FFFFB237FFFF43483538355F424C54
:10B55000455F4C49425F56312E342E3400000000C6
:10B56000305FFFFF6E5FFFFF825FFFFF1A5FFFFF2D
:10B570008A5FFFFF925FFFFF985FFFFF9E5FFFFF05
:10B58000268DFFFF388DFFFF428DFFFF488DFFFFA7
:10B590004E8DFFFF648DFFFF6C8DFFFF728DFFFFEF
:10B5A0007A8DFFFF808DFFFF868DFFFF8C8DFFFF63
:10B5B000928DFFFF9E8DFFFFA48DFFFFAA8DFFFFE1
:10B5C000EC8DFFFFB08DFFFFB68DFFFFBC8DFFFF41
:10B5D000C28DFFFFCE8DFFFFEC8DFFFFEC8DFFFFD7
:10B5E000EC8DFFFFEC8DFFFFEC8DFFFFEC8DFFFF7F
:10B5F000EC8DFFFFEC8DFFFFD68DFFFFC88DFFFFA9
:10B60000EC8DFFFFDC8DFFFFE68DFFFF7C93FFFFDE
:10B610009493FFFFBC93FFFFD293FFFFE693FFFFDE
:10B620000494FFFF2294FFFF3294FFFF4E94FFFF2C
:10B630006494FFFF8694FFFF9C94FFFFB094FFFF8C
:10B64000C694FFFFDA94FFFFEA94FFFF0695FFFF21
:10B65000A696FFFFBA96FFFFD096FFFFEE96FFFF7C
:10B660005698FFFF2E97FFFF2895FFFF4497FFFF97
:10B670005497FFFF8095FFFF8095FFFF3E96FFFFE9
:10B680004896FFFF5C97FFFF0A97FFFF6C97FFFF4D
:10B69000E497FFFF2698FFFF829AFFFF5298FFFF73
:10B6A0005298FFFFDE99FFFFCA98FFFF1C98FFFF2B
:10B6B0007A9AFFFF5298FFFF8A99FFFF149AFFFFC3
:10B6C0005298FFFF5298FFFF5298FFFF5298FFFFDA
:10B6D0005298FFFF5298FFFF5298FFFF5298FFFFCA
:10B6E0005298FFFF5298FFFF8E98FFFFFC9BFFFFD1
:10B6F000BA9CFFFF949CFFFFF09CFFFFF09CFFFFB4
:10B700007E9DFFFFBC9DFFFFBA9CFFFFBA9CFFFF21
:10B71000BA9CFFFFBA9CFFFFBA9CFFFFBA9CFFFFD9
:10B72000BA9CFFFFBA9CFFFFBA9CFFFFBA9CFFFFC9
:10B73000BA9CFFFFBA9CFFFFDC9DFFFFDC9DFFFF73
:10B74000BA9CFFFFBA9CFFFFBA9CFFFFBA9CFFFFA9
:10B75000BA9CFFFFBA9CFFFF2E9EFFFF2E9EFFFFAD
:10B7600042A2FFFF4AA2FFFF6AA2FFFF76A2FFFFED
:10B770007EA2FFFF86A2FFFF8CA2FFFF94A2FFFF25
:10B780009CA2FFFFA2A2FFFFA8A2FFFFB0A2FFFFA3
:10B79000B6A2FFFFBCA2FFFFC2A2FFFFFAA2FFFFFB
:10B7A000FAA2FFFFC8A2FFFFD0A2FFFFD6A2FFFFB1
:10B7B000DCA2FFFFE2A2FFFFEAA2FFFFF4A2FFFF6D
:10B7C000D6A2FFFFF2A2FFFF06A3FFFFF2A4FFFF36
:10B7D0001EA3FFFF72A3FFFF86A3FFFF9AA3FFFF35
:10B7E000B0A3FFFFC6A3FFFFD6A3FFFFECA3FFFF9D
:10B7F000F2A4FFFF02A4FFFFF2A4FFFFF2A4FFFFE9
:10B8000012A4FFFF34A4FFFF56A4FFFF68A4FFFFAC
:10B8100074A4FFFF86A4FFFFC2A4FFFFFB349B5F5D
:10B820008000008000100000000000000001020203
:10B8300003030303040404040404040405050505C8
:10B8400005050505050505050505050506060606A4
:10B850000606060606060606060606060606060688
:10B860000606060606060606060606060707070774
:10B870000707070707070707070707070707070758
:10B880000707070707070707070707070707070748
:10B890000707070707070707070707070707070738
:10B8A0000707070707070707070707070808080824
:10B8B0000808080808080808080808080808080808
:10B8C00008080808080808080808080808080808F8
:10B8D00008080808080808080808080808080808E8
:10B8E00008080808080808080808080808080808D8
:10B8F00008080808080808080808080808080808C8
:10B9000008080808080808080808080808080808B7
:10B9100008080808080808080808080808080808A7
:10B9200008080808080808080808080800000000B7
:10B930000000000000000000000000000000000007
:10B9400000000000000000000000000000000000F7
:10B9500000000000000000000000000000000000E7
:10B9600000000000000000000000000000000000D7
:10B9700000000000000000000000000000000000C7
:10B98000000000000000000000000000232D302B0C
:10B9900020000000686C4C00656667454647000063
:10B9A00030313233343536373839414243444546F5
:10B9B00000000000303132333435363738396162B7
:10B9C000636465660000000012EBFFFF28EBFFFFD9
:10B9D000E8EAFFFFE8EAFFFFE8EAFFFFE8EAFFFF27
:10B9E00028EBFFFFE8EAFFFFE8EAFFFFE8EAFFFFD6
:10B9F000E8EAFFFF86ECFFFF8CEBFFFF20ECFFFF88
:10BA0000E8EAFFFFE8EAFFFFB4ECFFFFE8EAFFFF28
:10BA10008CEBFFFFE8EAFFFFE8EAFFFF28ECFFFFFF
:10BA2000FC420000000000000000000002000000D6
:10BA30006843002001000000D842002002000000FE
:10BA40005C4300200100000083420020020000004F
:10BA500000430020010000007C43002002000000A1
:10BA60005C43002001000000824200200200000030
:10BA7000FC420020010000001CA80200020000009F
:10BA80005C43002001000000814200200200000011
:10BA9000F8420020010000000CA802000200000093
:10BAA0005C430020010000008042002002000000F2
:10BAB000F442002001000000F8A70200020000008C
:10BAC0005C430020010000007F42002002000000D3
:10BAD000F042002001000000E4A702000200000084
:10BAE0005C430020010000007E42002002000000B4
:10BAF000EC42002001000000D0A70200020000007C
:10BB00005C430020010000007D4200200200000094
:10BB1000E842002001000000BCA702000200000073
:10BB20005C430020010000007C4200200200000075
:10BB3000E442002001000000ACA702000200000067
:10BB40005C430020010000007B4200200200000056
:10BB5000E042002001000000744200207A4400000E
:10BB6000E8440000000000000200000068430020DC
:10BB70000100000008430020020000005C43002098
:10BB80000100000088420020020000002043002045
:10BB900003000000984300200200000058430020EA
:10BBA0000100000038410020020000005C4300203A
:10BBB0000100000087420020020000001C4300201A
:10BBC00001000000944300200200000058430020C0
:10BBD0000100000024410020020000005C4300201E
:10BBE00001000000864200200200000018430020EF
:10BBF0000200000090430020020000005843002093
:10BC00000100000010410020020000005C43002001
:10BC100001000000854200200200000014430020C3
:10BC2000000000008C43002002000000544300206C
:10BC300003000000A8450020020000005843002037
:10BC400001000000FC400020020000005C430020D6
:10BC50000100000084420020020000001043002088
:10BC6000040000008443002002000000584300202C
:10BC700001000000E8400020436861726163746560
:10BC80007269737469632035000000004368617253
:10BC90006163746572697374696320340000000025
:10BCA0004368617261637465726973746963203398
:10BCB00000000000436861726163746572697374A7
:10BCC000696320320000000043686172616374653B
:10BCD0007269737469632031000000007E4B0000BC
:10BCE0007E500000000000006C4B0000DE500000A1
:10BCF0006A4B0000020203E4C284030203E4C2842C
:10BD0000040203E4C28400002A5600002655000005
:10BD10003855000053696D706C652050657269700C
:10BD2000686572616C000000000000001209536930
:10BD30006D706C65205065726970686572616C0524
:10BD40001214006400020A0054A6000070A700004C
:10BD500000000000000000002AC4000000000000F5
:10BD6000020000006843002001000000B8420020EB
:10BD7000020000005C43002001000000C5420020DA
:10BD8000020000003043002000000000000000001E
:10BD900002000000544300200300000000000000E7
:10BDA000000000006CB902004CB902002CB902007E
:10BDB0000000000000000000000000000000000083
:10BDC0000000000000000000000000000000000073
:10BDD0000000000000000000000000000000000063
:10BDE0000000000000000000000000000000000053
:10BDF0000000000000000000000000000000000043
:10BE0000D874002001D707000010010202020202CC
:10BE100002020202021008020A0100003858000063
:10BE2000170000000201060302E0FFFFC3812F019B
:10BE300002020201020000005000A0000000E8031E
:10BE40000208020202020000020000006C4300200F
:10BE50000100FFFFFF2001010102100501010000A8
:10BE600010420020000000000200000004430020F7
:10BE7000502A00002A2A0000292A0000282A00004F
:10BE8000272A0000262A0000252A0000242A000074
:10BE9000232A00000A1800000200000024430020AA
:10BEA000E5FF0000E4FF0000E3FF0000E2FF000008
:10BEB000E1FF0000E0FF00000200000070430020EE
:10BEC000052A0000882B0000A62A0000C92A0000CD
:10BED000042A0000032A0000022A0000012A0000B0
:10BEE000002A0000022900000129000003280000A8
:10BEF00002280000012800000028000001180000AE
:08BF00000018000010420020AF
:00000001FF
