:040000006F30105EEF
:100004000000000000000000A000002036040020D2
:10001400A9BDF9F3FC01002000000000000000006D
:10002400FC010020A00000200000000000000000EF
:10003400A000002000000000A0000020000000003C
:10004400A0000020A0000020A0000020A0000020AC
:10005400A0000020B4040020A00000200000000044
:10006400A0000020A0000020A0000020A00000208C
:1000740060050020A0000020A0000020A0000020B7
:10008400A0000020A0000020A0000020A00000206C
:10009400A0000020A0000020A0000020A00000205C
:1000A40001A0B7170040984B41111367070198CB83
:1000B400982B1377E70F98AB1307800873370780E3
:1000C400137787083AC60F100000130770052380C2
:1000D400E704130780FA2380E7040F100000B847F1
:1000E400B70600069506558FB8C703C7B70413773C
:1000F400F70DA385E704B82713672701B8A71307EB
:1001040050149AA7372700408346578093F6F60E7B
:10011400A302D7808946A303D78003C7E7041377D4
:10012400C70F136717002387E70403C7F702136792
:100134002700A387E702982B1367170098AB238047
:100144000704B247F3A707800F1000004101828023
:10015400EFF03FF513050020970500009385450A4D
:10016400174600001306C6C763FAC50083220500BC
:1001740023A0550011059105E3EAC5FE176502E0C9
:10018400130545AE97450000938585C51386C19434
:1001940063FAC5008322050023A0550011059105CB
:1001A400E3EAC5FE13850195976500009385052A4A
:1001B4006377B500232005001105E36DB5FE9302B6
:1001C4005002739002BC8D427390428085427390BA
:1001D40012BC93028008739002309702000093824D
:1001E40062E293E2320073905230976200E09382AD
:0C01F400E2CF7390123473002030000042
:100200009305000273A04580824573901534924097
:100210002242B2424243D2436244F24402559255D2
:100220002256B2564257D2576258F258064996495A
:10023000264AB64A464BD64B664CF64C065D965D52
:10024000265EB65E465FD65F0961730020304111BD
:10025000B7170040985F3AC6945F3247E39CE6FECA
:10026000324541018280B7F70700DC53411123A8D2
:10027000F194B7170040984B1367070198CB982B60
:100280001377E70F98AB130780087337078013774E
:1002900087083AC60F100000130770052380E70493
:1002A000130780FA2380E7040F1000001307000CE7
:1002B0006315E5029A271367070C9AA7B717004042
:1002C000982B1367170098AB23800704B247F3A756
:1002D00007800F10000041018280B8279376052027
:1002E000ADCA118B29E303C7E70403C6E7041377FC
:1002F000F70F136636002387C704B027136646003E
:10030000B0A792278E273346060893E5050C8EA7E3
:10031000A5470100FD1793F7F70FE5FFB71700405A
:1003200092A72387E70493770510DDC337170040B2
:100330003C2793E707013CA79377F50199EFB7278F
:10034000004003C7578013670701A382E7801D475A
:100350000DA013672700B8A7F9B725476366F70410
:10036000B727004003C757801377F70EA382E780B3
:100370000547A383E78033450508B7170040136797
:10038000050C9AA78AA7B5CE03C7570483C657049E
:10039000418B858A558F1DF3B82B418B05D3B82728
:1003A0001377D70FB8A719BF9377050199EBB72734
:1003B000004003C757801377F70EA382E7800947F1
:1003C0004DBFB727004003C757801377F70EB5BF5F
:1003D0009377850181EFB727004003C757801377D4
:1003E000F70EA382E7801307100561B7B727004017
:1003F00003C757801377F70EA382E78013077005B2
:100400008DBFB8271377B70F71BF37E700E01C43E4
:100410005443A183E206D58F1CC1FD572320F71852
:100420002322F718828013178500B7E700E023A086
:10043000E710618123A2A710828041118146014605
:1004400081451145F52A13078008F337078093F794
:1004500087083EC40F100000B71700401306700550
:100460002380C704930680FA2380D7040F1000006E
:10047000FD55CEB723800704A245F3A505800F10D4
:10048000000073370780137787083AC60F10000003
:100490002380C7042380D7040F10000003C767041C
:1004A000136717002383E70423800704B247F3A7E9
:1004B00007800F10000001A0197106C212C416C6F1
:1004C0001AC81ECA22CC26CE2AD02ED232D436D674
:1004D0003AD83EDA42DC46DECAC0CEC2D2C4D6C664
:1004E000DAC8DECAE2CCE6CEEAD0EED2F2D4F6D654
:1004F000FAD8FEDA9385019A8841E7000500924018
:100500002242B2424243D2436244F24402559255DF
:100510002256B2564257D2576258F2580649964967
:10052000264AB64A464BD64B664CF64C065D965D5F
:10053000265EB65E465FD65F0961730020304111CA
:10054000B7170040985F3AC6945F3247E39CE6FED7
:10055000324541018280B7E700E03707001023A051
:10056000E7208280B7170040130700032388E702C3
:10057000854723A4F19A73002030411106C6EF008D
:10058000701CF5BF2303048015472303E48001009A
:100590002302A480828083076480E3CE07FE2303C6
:1005A0000480828083076480E3CE07FE0345448095
:1005B000828083076480E3CE07FE2302A4808280CA
:1005C000411126C44AC24EC006C61377F50BAD478B
:1005D000AA892E8995446306F70019456537653F5A
:1005E0008D444E854537FD59FD1463983401B24062
:1005F000A2441249824941018280135509011375B1
:10060000F50F453F2209CDB7011126CC06CEB70420
:10061000080051371545BD37713769372AC6A53FE0
:1006200032459377150089EB136515001375F50FA7
:10063000F240E24405618280FD14E9FC0145CDBF32
:100640003971B7F7070006DE26DC4ADA4ED852D6F3
:1006500056D45AD25ED062CE03AB47027D57B7E77D
:1006600000E083AA070022C603AA470023A0E718D8
:1006700023A2E718B71B0040930770052380FB04F3
:10068000930780FA2380FB0483C74B041147AA8990
:1006900093E7070E2382FB04372400401305F00F75
:1006A0002303E4802E8C3289B684E93DED359387AF
:1006B00079FF93F7F70F0947137BFB006362F7128B
:1006C000A147370708006307FB00B70707003E9CF8
:1006D000378707007955637EEC02B3878401636A2C
:1006E000F702A9476398F90689E481446D352685A8
:1006F0000DA0E2850945E93505090345F9FFFD141B
:10070000050C453D81C49377FC0FFDF7F53D69FD70
:100710007D55B7170040130770052380E7041307C2
:1007200080FA2380E70403C74704418B2382E70450
:10073000F250B7E700E023A0571123A24711E2547B
:1007400032445259C259325AA25A125B825B724CDD
:1007500021618280A547639AF906A1478569631DD7
:10076000FB029387F9FFB3869700B374FC00B6943D
:1007700093C7F7FFFD8C33FC8701416B856B938733
:10078000F9FFB3F7870199E363FF340193D9490077
:10079000C147E3E637FF91BF9307F00FE9B78567DD
:1007A000C169FD17C9B71305800D63886901130579
:1007B00000026384790113051008E2851135A9351B
:1007C00021D94E9CB3843441C1B7E2852D45CD3B40
:1007D000CA94E30C99F00509F133A30FA9FED5BF24
:1007E0009387F9FF93F7F70F636FF70AA147631930
:1007F000FB06B70708003E9C83C75B04370707006A
:1008000093F7070299E337870700B70708003E9779
:100810007955E370ECF0B3079C00E36CF7EE894781
:10082000639AF9048980D549E38104ECE28509459E
:10083000413B11090327C9FF91472320E4800307A7
:100840006480E34E07FE23033481FD17EDFBFD14A6
:10085000110C81C49377FC0FE9FF7D3371F54DBD19
:1008600083C75B043707070093F70702D5F3378781
:10087000070079BF8547E384F9F2E2852D45893386
:100880009389F4FFE38304E6313B93F7390091EB5E
:10089000832604800327090093074900E398E6E4D0
:1008A0003E89CE84F1BFB5476396F9001305900BDE
:1008B000D13925BDB1471305B00AE38BF9FE99473D
:1008C0006394F904A1476315FB00B70708003E9C39
:1008D000E2852D45F53181440D4BA149E131639607
:1008E0006401832704802320F9008504E39834FF02
:1008F0008327048013172C01635507002312F90086
:10090000EDB32322F900D5B39D476399F9028145E0
:100910001305B0047531BD442320090023220900CA
:10092000FD59493193F77400CA9703C70700FD14B6
:10093000398D2380A700E39634FF45BB9147639927
:10094000F900130560063D39B931130590098DB7DB
:10095000E38D09D8F15459BB23AC05FE1C4199E342
:100960000CC182803E8783A787FFEDFF232CB7FE53
:100970008280411126C2B7E400E04AC003A9040006
:10098000B707200006C622C43379F90023A0F41863
:100990000F10000009E523A02411014535A095653D
:1009A000938505D0C98D2A842105B3C50508334533
:1009B0000508EF10702165D1FD572320050042A1E5
:1009C0007CA123A024112105B24022449244024973
:1009D000410182804111B7E700E04AC003A9070046
:1009E00026C23707200006C622C4AA843379E9004C
:1009F00023A0E7180F10000083A7C19A0144014605
:100A000085E301C8A2851385C19A975000E0E7806D
:100A10000054A1652685976000E0E780A0A40DA0A2
:100A200003C7E7FF6319970205CCA2851385C19A16
:100A3000975000E0E780A051A1652685EF2060086F
:100A4000B24022852244B7E700E023A02711924458
:100A500002494101828011E03E8683A787FF4DB79E
:100A60003E84E5BF37E700E01C43B70620002320A3
:100A7000D718F58F0F10000019C191C111E637E7A3
:100A800000E02320F71082802E960F70B650D5BF5D
:100A900037E700E01C43B70620002320D718F58F66
:100AA0000F10000019C1014785E137E700E023205E
:100AB000F7108280B386E50003A80600B306E500C0
:100AC0007D1623A00601110775F6C5B737E700E0CC
:100AD0001C43B70620002320D718F58F0F10000005
:100AE00001C53307C50011E637E700E02320F71002
:100AF00082800505A30FB5FEE31DE5FEF5B7B7E659
:100B000000E09C42370620002A87F18F23A0C618F8
:100B10000F1000000145B306A7008386060091E68A
:100B200037E700E02320F71082800505EDB70111BB
:100B3000B7E700E026CA84434AC83707200006CE3C
:100B400022CC2A892E86F98C23A0E7180F100000EA
:100B50009305F00432C633450608EF10F0062A84E8
:100B600001C53246CA85FD3DF24022856244B7E7A1
:100B700000E023A097104249D2440561828037E704
:100B800000E01C43B70620002320D718F58F0F1074
:100B9000000001C599C1014711EA37E700E02320B1
:100BA000F710054582800507E309E6FE3308E500F6
:100BB000B386E500034808009422E306D8FE37E731
:100BC00000E02320F7100145828037E700E01C4356
:100BD000B70620002320D718F58F0F100000130749
:100BE000F6FFBA952A966317C50037E700E0232081
:100BF000F71082809821FD150505A30FE5FEE5B7E6
:100C000037E700E01C43B70620002320D718F58FF4
:100C10000F10000001C53307C50019E637E700E0F3
:100C20002320F7100145828014210505E398B6FEC4
:100C3000E31CE5FE37E700E02320F710054582803E
:100C4000797126D29384419C22D4804006D64AD022
:100C50004ECE52CC56CA5AC85EC662C44DC437C9BD
:100C6000C901814B138BC19B1309F937175A000037
:100C7000130A4A1A975A0000938A4A179759000094
:100C80009389491E3E2099EF5C44639A0B009CC0F7
:100C9000032CC4002285EF10807F628489A823A6DC
:100CA000FB00FDB783270B0082971C443307F540F8
:100CB0006376F50003A789001D8F2A976368E9060C
:100CC0002E200820EF10F05F5C405844A9CB0C4464
:100CD0001756000003268619AE97BE8663E4B70058
:100CE00063E4C700B386C74014C4A28B3A8459F8A2
:100CF0001757000003278710894763E6E7009757D7
:100D0000000023AD070EB250225492540259F2490A
:100D1000624AD24A424BB24B224C45618280639474
:100D20000B0098C0B5B723A6EB009DB703274A0276
:100D30001DCB63EDA7023385A7401C2099EF034725
:100D40009A0183A689006117B307A7003E8563E473
:100D5000E70063E4D7003385D74083A70A016374B3
:100D6000F50023A8AA00A28B404451B703A789002D
:100D7000BA97D1B7011126CA06CE975400009384C2
:100D8000640E22CC4AC84EC652C49C288844D9CF8F
:100D9000B7E700E003A907003707200023A0E71802
:100DA0003379E9000F10000003C7419B19CB23A042
:100DB0002711F2406244D2444249B249224A0561B5
:100DC0008280175700001307A73B8357C70AA1CBA0
:100DD0009C440324870A6304F40497590000938910
:100DE000E90003A709012285630BF702138AC19B5F
:100DF00083270A0082976368A40C83270A00098C62
:100E0000829783A7090198443354F40AB307A400D6
:100E10003E8563E4870063E4E7003385E740B7E796
:100E200000E023A027119C44639BA70217540000F5
:100E30001304C4FB184883A7C19B6319A7088297B2
:100E40009444374736FE130707C83697B307A70001
:100E50003E8563E4E70063E4D7003385D740175449
:100E600000001304E4545C5C89CB83A6C1AD9C46AE
:100E70003707CDFF7D17F98F9CC611E18844854760
:100E80005CD09757000083A727FB829715E15C5C35
:100E900099CF5C5089CF97B001E0E780407497B05C
:100EA00001E0E780E0F79757000023A50752493B90
:100EB0005C5CE38007F003A7C1AD1C47B7063300B5
:100EC000D58F1CC7FDB59C443E9405BF829714483E
:100ED0009844B387A6003E8563E4D700E3E1E7F8D2
:100EE0003385E740ADBF23A8A19A01C58547238A72
:100EF000F19A8280AA8799E517570000034787F780
:100F000009C7D5B711476369B70017570000130722
:100F100027F4B3C5E5209CC1828083A7019B81CFC4
:100F2000411106C6829783C7419B99E323A8019A82
:100F3000B2404101828083C7419B81E723A8019A87
:100F400082808280411122C426C206C64AC09754BC
:100F500000009384E44583C734021754000013044F
:100F600024EFB9C317540000130444E81389819C8B
:100F7000032709001C2014300146B3A5E7208E2169
:100F8000B5C911C21CA00820636DD5069757000093
:100F9000238E07E483A7C19BD5E7B2402244924445
:100FA00002494101828082971C40F5FF975700005B
:100FB00083C747EC85E3DC48858B89CFD84C9947BC
:100FC000631EF7009757000023AE073EEF10E002C4
:100FD0005C4482971C44D9D7829769B7D84C9D4707
:100FE000E31AF7FE9757000023AE073CEF10E0002E
:100FF0001C48C5B7850793F7F70F0546E3EFD7F60B
:1010000051B73327E5200E2323100700239B019AB5
:1010100083A7019CB347F5209C4382971C2083261D
:10102000090003D7619B3377E540B3A6D72092220E
:10103000518F9AA299C385071CA018201C30E36E1B
:10104000F7F4A9B79757000083A747E21CC8CD3E25
:1010500083C73402B9F383C7140299CBDC4C89EB04
:1010600097570000A386073697B001E0E780A0F706
:101070009757000083A747DC8DD31C4899DF1830B1
:1010800083260900814763C7E702D84C9147E3E60E
:10109000E7F09757000083C7E70C918BE39F07EEBB
:1010A00083C7419BE39B07EE2244B240924402492E
:1010B0004101C9B133A6D7201222E31006EE8507FD
:1010C000D9B7B7C700401387C720144313962649E2
:1010D00010C30100010093878726175500000325E0
:1010E000A5D29C436A0514C393C7F7FF99835D8D0E
:1010F000828023A8A19C8280411122C41754000041
:101100001304042B1C4426C206C6858B975400008A
:1011100083A4440D91EBEF20B0372244B2402685E2
:10112000924441016F10703398289757000023A50F
:1011300007288947E301F7FE014693055002014560
:10114000EF10E01B8145174501E01305250B5D33CA
:10115000014681450545EF1020015C44858BC5DFC4
:10116000B24022449244410182809757000083A7F5
:10117000270B639B0716011122CC2A84094506CE52
:1011800026CA4AC84EC6EF2050389389C1AC03A680
:101190000900930780071389C1AB7CD2238A019A87
:1011A000832709009384C1ADB7053300D857228542
:1011B000719B13671700D8D798431377F7CF98C35D
:1011C00098431377F7CF1367072098C398401447C5
:1011D000CD8E14C7B70603009386862534CA5457AC
:1011E000F59A54D798433424137707F893F6F60703
:1011F000558F98C3EF10903D83A6090037050082F4
:101200007D15DC4293E71700DCC2032609000307C3
:1012100084065C569375F703E605E98FCD8F5CD69F
:101220009305A0039C4063D5E508F84FB705000778
:101230004D8FF8CFB7C7898E938767ED1CC6B75718
:101240005500938757555CC28347A40683444406E0
:10125000DD8C894717570000232AF716975700009F
:1012600023AE07147C44BCDE9757000083C787C0B9
:1012700099C7FC52FDFF9757000023AF07121828AB
:101280009D478145172500001305C5F36306F70048
:1012900017050000130585E6B13910386244F240A5
:1012A0004249B249A685D244014505616F00D06B21
:1012B0009305200263DAE500F84FB70500F9FD1544
:1012C0006D8FB7050005ADB7B70500F96945FD1588
:1012D0006357E500F84F6D8FB705000391BFF84FD6
:1012E0006D8F13178729B1B78280975700009387B6
:1012F00027E9E853054754256390E60203C74707EB
:101300009147631AF700011106CE2AC6EF10F010BC
:101310003245F240056191BD828083278511E5CB7E
:10132000411122C406C658258345E5049437D227C7
:101330002A841377C70F1395466063F7C506635178
:101340000506882793F6F60794B7054693662700A7
:101350006314C5009366170054A4D8430907D8C383
:10136000032504114CB82E86CC430905EFF08FEF0E
:10137000832784115438D8433697D8C3DA27158F7A
:10138000DAA789473CBC034764039757000083C72B
:1013900087A96369F706B240224401454101828072
:1013A0001367170058A46DBF9376F60F63550502B7
:1013B00088278545136627006314B5001366170058
:1013C00050A454B8A384070085473CBC83278411EC
:1013D0009C43D5FBC9B71367170058A454B8A3841E
:1013E000070003250411CC430905EFF0AFE783277D
:1013F00084115438D8433697D8C3DA27158FDAA723
:101400008D47E1B75C2493E707015CA469B7054504
:101410008280411183A741AA22C406C6858B2A84F3
:10142000CDEB78298357051D63E5E70A4165130570
:1014300025F5976001E0E78020A641CD3C253EA53B
:1014400083270412ADE32320A4122322A41285478C
:101450002311F404232005007C2854415EA5583450
:1014600018A5054718B5138517021757000003275D
:10147000E7F715811C437D151375F50F9CC25C437E
:10148000DCC21C479CC65C47DCC61C4B9CCA5C4B40
:10149000DCCA1C4F9CCE5C4FDCCE0DC1938606028D
:1014A00013070702C1BF8327441288C3835724044C
:1014B0002322A4128507B3C7070859BF1757000096
:1014C000130707CC1E2785071EA7B24022444101FF
:1014D00082805C2423090400054593C747005CA46F
:1014E000EDB7142D854763ECD70A1C3D2A870145CB
:1014F000CDEB5C2713F507013C2B99CB83466703A3
:101500009757000083C7379263ECF60001E58280AD
:1015100049E582808357271E0357671EBA9721A08B
:101520008357271E75F90145ADCF9387C71217550D
:1015300000000355E593B3B5A70237460F004111EC
:1015400013060624814622C426C206C67D5433856E
:10155000A702972002E0E780601A9754000083C436
:10156000F48CAA949757000083A7C7CA03A707095A
:101570009C433354E40AFDFB83A7C19B82978147B8
:101580006364A400B307A440B240224433B597007B
:10159000134515009244410182808147B5BF014542
:1015A0008280828003A7C1AC3C5BFDFF010001008B
:1015B000828039C901116C0022CC06CE2A84EF202A
:1015C000003B15C9FD57630DF502B2479755000062
:1015D00083C5D58563EBB700034594026244F240AE
:1015E000B385B74005616F102052175700000327DD
:1015F000E787BA97D5B76244F24005616F10B07BB8
:10160000F2406244056182808280797152CC175A1F
:101610000000130AEAB626D283244A0906D622D449
:101620004AD04ECEC5C897570000938767D8D44F8D
:1016300015476384E604DC532A8989CF97B001E01B
:10164000E780E0F997A001E0E780807D97570000F0
:1016500023A207D8FD596C002685EF2040311DE5F7
:1016600017250000130565F5EFF0FF8783A7C1ACD0
:101670003707100098C70547B8DB0D45B250225414
:1016800092540259F249624A45618280637435017D
:101690003244AA898440E1F0FD571305F00FE38F2F
:1016A000F9FC914763F187029307B4FF2320F90007
:1016B0002324FA0A99E79747000083A7277B232072
:1016C000F900014565BF9747000083A7277AED170A
:1016D000A297E9BF09455DB7797126D206D622D413
:1016E0004AD04ECE52CC56CA5AC85EC6834755031E
:1016F00003447513AA843E941374F40F93074002B5
:1017000063F687001304B4FD1374F40F03A9841364
:1017100083A9C413A38B841222864A85CE85972081
:1017200002E0E78040BB058915E503CBD412014AEE
:10173000814A337B6403930B500252864A85CE85DF
:10174000972002E0E78020B905890DC563916A03FF
:101750001374FA0F238B8412B250225492540259FC
:10176000F249624AD24A424BB24B45618280850AB5
:10177000939A4A60050AE3127AFDE9BF8327850937
:1017800003560504797193D60701BD8EB3C60608CA
:10179000358E93575640898B135776485D8F9357F4
:1017A0003640918B5D8F93571640A18B5D8F9317B9
:1017B0001600C18B5D8F9317360093F707025D8F7C
:1017C0009317560093F707045D8F9317760093F7EE
:1017D000F70F22D45D8F2A849357D6001355B60095
:1017E0001189898B93558600C98F1355F600258280
:1017F000C98F218AD18F13961500418AD18F1396F4
:10180000350013760602D18F139655001376060421
:10181000D18F139675001376F60FD18FA207C545A9
:101820005D8F3307B70226D24AD04ECE03298413E8
:101830008329C4135AC806D652CC56CA36973347A2
:10184000070813565740098A93577748D18F135684
:101850003740118AD18F13561740218AD18F131622
:101860001700418AD18F1316370013760602D18FE5
:101870001316570013760604D18F131677001376CC
:10188000F60FD18F1358B7001356D70013784800BE
:10189000098A13558700336606011358F70025831C
:1018A00033660601218B518F13161500418A518F23
:1018B0001316350013760602518F13165500137652
:1018C0000604518F131675001376F60F518F2207F9
:1018D000D98FB387B7025EC6B697B3C7070813D5CB
:1018E0005740098913D77748498F13D53740118955
:1018F000498F13D517402189498F139517004189C6
:10190000498F1395370013750502498F13955700BA
:1019100013750504498F139577001375F50F598DCD
:1019200013D8B70013D7D70013784800098B13D604
:1019300087003367070113D8F700A58333670701D2
:10194000A18BD98F13171600418BD98F131736002F
:1019500013770702D98F13175600137707041E0653
:10196000D98F1376F60FD18FA2073367F5003307AF
:10197000B702130650024A85CE853697B98EB3C496
:10198000060833F6C402137BF60F972002E0E780C7
:101990008094058905E9834AD412014A930B5002C9
:1019A000B38A9A02814493DA0A0126864A85CE8553
:1019B000972002E0E780209205890DC563914A03D4
:1019C00013FBF40F230B6413B250225492540259A8
:1019D000F249624AD24A424BB24B45618280050AC3
:1019E000137AFA0F8504E39274FDE9BF8327C508D3
:1019F00003568508797193D60701BD8EB3C60608D4
:101A0000358E93575640898B135776485D8F935781
:101A10003640918B5D8F93571640A18B5D8F931746
:101A20001600C18B5D8F9317360093F707025D8F09
:101A30009317560093F707045D8F9317760093F77B
:101A4000F70F22D45D8F2A849357D6001355B60022
:101A50001189898B93558600C98F1355F60025820D
:101A6000C98F218AD18F13961500418AD18F139681
:101A7000350013760602D18F1396550013760604AF
:101A8000D18F139675001376F60FD18FA207C54537
:101A90005D8F3307B70226D24AD04ECE0329040AFF
:101AA0008329440A5AC806D652CC56CA36973347B9
:101AB000070813565740098A93577748D18F135612
:101AC0003740118AD18F13561740218AD18F1316B0
:101AD0001700418AD18F1316370013760602D18F73
:101AE0001316570013760604D18F1316770013765A
:101AF000F60FD18F1358B7001356D700137848004C
:101B0000098A13558700336606011358F7002583A9
:101B100033660601218B518F13161500418A518FB0
:101B20001316350013760602518F131655001376DF
:101B30000604518F131675001376F60F518F220786
:101B4000D98FB387B7025EC6B697B3C7070813D558
:101B50005740098913D77748498F13D537401189E2
:101B6000498F13D517402189498F13951700418953
:101B7000498F1395370013750502498F1395570048
:101B800013750504498F139577001375F50F598D5B
:101B900013D8B70013D7D70013784800098B13D692
:101BA00087003367070113D8F700A5833367070160
:101BB000A18BD98F13171600418BD98F13173600BD
:101BC00013770702D98F13175600137707041E06E1
:101BD000D98F1376F60FD18FA2073367F50033073D
:101BE000B702130650024A85CE853697B98EB3C424
:101BF000060833F6C402137BF60F971002E0E78065
:101C0000806D058905E9834A1408014A930B500247
:101C1000B38A9A02814493DA0A0126864A85CE85E0
:101C2000971002E0E780206B05890DC563914A0398
:101C300013FBF40F230F6407B2502254925402593D
:101C4000F249624AD24A424BB24B45618280050A50
:101C5000137AFA0F8504E39274FDE9BF797122D4F7
:101C600026D22E84AA844146973502E09385051D2D
:101C70000A8506D6972000E0E780201B414697356D
:101C800002E09385A51B0808972000E0E780E01993
:101C90003C3010088A85DC875C2026855C875C30B8
:101CA000DC8697A001E0E78000F00347F1011C20EB
:101CB0000145631EF7000347E1011C30014563182D
:101CC000F7000345D1013C201D8D13351500B2509E
:101CD0002254925445618280011122CC26CA4AC8FE
:101CE0004EC606CEAA84174400000324A455130947
:101CF0002500854905C09C303830858B6304F7008A
:101D0000405CCDBF1946930544004A85EFE03FE7AC
:101D1000E31835FFF24022856244D2444249B24979
:101D200005618280411122C426C24AC006C61744FA
:101D300000000324245193042500054901E8B24022
:101D4000228522449244024941018280A6851305DE
:101D5000A4022937E30525FF405CCDB7011122CC51
:101D600026CA06CE2AC42EC6174400000324044DFA
:101D7000854419E001450DA09C841830858B6304CF
:101D8000F7000044FDB719469305A1001305240090
:101D9000EFE0FFDEE31795FEF2406244D2440561B6
:101DA00082800000EFF06F977300000000000000D9
:101DB0009382419B0383020023800200630F030090
:101DC000F32510342EC0970500009385E5FD739030
:101DD0001534EF00405B7300203086DCEF00A05A22
:101DE000E6508280000041114AC01389C1AB03272D
:101DF000090026C206C61C5F22C4938481AB93D718
:101E00006748B5CF930700061CDF17440000130492
:101E1000245A184C930700086317F7009C409C4312
:101E200093F707041CCC1C4093F7070489CB83A7C6
:101E3000C19B829748D81C4093F7F7FB1CC01C40FD
:101E400093F7070289CF1C4003A7C1ACB70608006F
:101E500093F7F7FD1CC05C5414C786077CD71C4859
:101E600093F7070489EF85475CC83707020083A70B
:101E7000C1AC98C71307000C18C81854F8D38327AF
:101E80000900985F1357474811CF985F1367070100
:101E900098DF83A7C1AC23A2070685471747000038
:101EA0002320F7529C40D8431357174819C7D843EB
:101EB000759BD8C3D843799BD8C3B240224492447F
:101EC00002494101828005377300203097470000A6
:101ED0009387074E3707040088DB698F01CF03A77C
:101EE000C1ACFD5634D797460000938626F0D84EF5
:101EF0000507D8CE1377850019CF984783A6C1ABC5
:101F00001367170098C71307000898CBD856719B22
:101F100013671700D8D61377150001CFD84383A6CF
:101F2000C1AB13671700D8C3D856719B136717004E
:101F3000D8D61377650019CF1377450059C3984356
:101F40001367170098C383A6C1ABD856719B13675C
:101F50001700D8D64167698F0DC39746000083C626
:101F60006629C18A1747000013078721A5C2834647
:101F7000470793E60602230AD70637070200698F50
:101F800001CF984B1377070819C3054798CB83A750
:101F9000C1AC3707020098C7B70708007D8D0DC197
:101FA0001747000003471725058B974700009387C5
:101FB000271D1DCB03C7570713672700A38AE70612
:101FC0008280D84713671700D8C7B5BF8346470735
:101FD0000946BD8A6388C600834647070D46BD8A09
:101FE000E39DC6F8914641BF03C75707118B69DBD4
:101FF00003C7570713678700D1B783A6C1AC17473C
:1020000000001307E73A1C43858B91E75C43858BFF
:1020100099E3FC52EDFB9747000023A5073A828025
:102020009386C1AB2A8788421C5D93D75748D1E776
:1020300081C51C59BD839CA115C69C42945BC606F4
:1020400093D7660163D6060093E707C0B3C70708B6
:102050008316060093975760B9C6BE968947B3C6E4
:10206000F60216A283A7C1ACBC4B083393D75748DE
:102070008DCF29C59746000083A6063593F6060442
:102080009307950009459DCABA979C2305471945B2
:1020900093F6F7066394E60201459397476063DF82
:1020A0000700394582801EA275BF2A9748331375F1
:1020B000F5077D153335A00082800545828083A712
:1020C00041AC99CB944BD04B9842518F98C29443DA
:1020D0009C479842D98F9CC21386C1AC05481842D0
:1020E00083A6C1AB974700009387872C6312050531
:1020F00003A806001368080823A0060183C6270268
:10210000B3C5D52054479385A50C139816492326AB
:1021100007010F100000184237060200860510C79D
:102120001306000890CB6CD354C72380A1AC8280E7
:1021300088421375F5F788C283C62702B3E5D52018
:1021400054479385E50E1395164948C70F100000B4
:10215000184237060200860510C71306000890CB08
:102160006CD354C70945D1B7411122C4AA8706C60A
:1021700026C22E851384C1ACB285DDE71C40F8531E
:102180007DFF3707020098C79747000023A6072264
:1021900097440000938404C8DC5085C7B7E700E08B
:1021A0003707200023A0E728B7F700E0938707D080
:1021B000984B6D9B98CB984B1367870398CB730014
:1021C0005010F53D83A7C1AB98431317772998C3E7
:1021D000D857719BD8D79747000023A5071E97476C
:1021E000000023A9071C1C40094798C3DC5099CB69
:1021F00037F700E0832707D193E787002328F7D03C
:10220000730050101440174700001307671A1C474B
:10221000858B91E75C47858B99E3FC52EDFBB240DF
:1022200022449244410182800D47639EE704974710
:10223000000023A307189747000023A1071897441D
:102240000000938424BDDC5085C7B7E700E0370762
:10225000200023A0E728B7F700E0938707D0984B2A
:102260006D9B98CB984B1367870398CB73005010E6
:10227000B93583A7C1AB98431317772998C3D857AB
:10228000719BD8D7A5B70547E39EE7F697460000B0
:10229000938646B8DC5285C7B7E700E037072000D1
:1022A00023A0E728B7F700E0938707D0984B6D9BF2
:1022B00098CB984B1367870398CB730050101C4042
:1022C000D04713171649D8C70F1000001C40370716
:1022D000020098C7130700089745000023A2E50EE7
:1022E00003A7C1AB18431357774819C71307E01862
:1022F000F8D3D0C7DC52E5BD1307E01AD5BF83A7DA
:1023000041AC89CFD44303A88700984233670701C3
:1023100098C2D447DC4B9842D98F9CC2054783A70B
:10232000C1AB9505631EE50298431367070898C380
:10233000984F137707C01367A71398CF1307800729
:10234000B8BB939735009387C7031747000013075F
:1023500027061CD72380A1AC19C2060610D782809D
:10236000984309451377F7F798C3984F137707C039
:102370001367271398CF1307F007B8BB939745004F
:102380009387C703D9B783A7C1AC8847D847798D4E
:1023900011C588C783A781AC91C382878280896772
:1023A00003A7C1AC938707F47CD383A6C1AD83A7F1
:1023B000060993D7A74991C783A7060993D79749D9
:1023C00099E37C53EDF782804111B7E700E022C426
:1023D00080433707200006C6798C23A0E7180F102A
:1023E000000011C199E5B7E700E023A0871001457F
:1023F00049A80D0533450508130740037199B347F4
:1024000005086362A70203A5C1B683A641B6639F10
:10241000A600174700000327E7A271D7C207DD8D8A
:1024200005450297C9B703A581B6C5B77A2131EF33
:102430005A21636CF704B306F740214817460000A1
:102440001306C69A6375D8028328050003586600F0
:10245000938687001D8FAA966117DAA223A0160122
:102460002393060014C15EA1130788FF7AA27A2283
:102470006EA12105B307F7407EA2B7E700E023A0D5
:102480008710B240224441018280084149B7B7E732
:1024900000E08C433707200023A0E718F98D0F10C8
:1024A000000001E523A0B710828003A3C1B683A872
:1024B00041B69A87814663F8170903A80700636746
:1024C000F5086365A80813878700636EE506F223A5
:1024D000216705076317E600138631A81822050750
:1024E00018A21745000013056590D2237A21239383
:1024F00007003297334707087AA16383670203A373
:1025000081B6630FF30003D36600631B0300DE2272
:1025100023A0060121073E962106D2A27AA1B68702
:1025200098436302170383A681B6630ED700762310
:1025300099EAD62352231843A106B296D6A398C38C
:102540007E21A1077EA1B7E700E0A9BFBE86C287B2
:102550009DB7AA8703A7C1B603A641B6B305B54088
:102560006314E6003E8529A8930687001843E3E933
:10257000D7FEE3F7E7FE2E85E3E4D5FEE3F2E5FEC2
:102580008280411126C206C622C44AC09744000078
:1025900083A484C46383041003A4C40AAA860545E3
:1025A00035C03C241307700A6390E70858301C3488
:1025B000174900001309098B03268900B387E70236
:1025C0000357C900B387E70213070032938707193F
:1025D000B3D7E70203A744093E97BA846364F700C0
:1025E0006364C700B304C74083A7C19B84C28297BA
:1025F000B387A44063F5A40003278900BA9789EB49
:102600001305F00FB24022449244024941018280F6
:1026100058309306204E3307D702E3F3E7FE9307C3
:1026200080FA3CA40145F9BF1307800AE39AE7FC4E
:1026300083A7C19B82972A893545EF10006DAD476E
:10264000174700002324F7D858301C3417460000E1
:1026500013064681B387E7025A261046B387E7027E
:102660001307003293870719B3D7E70203A744097A
:102670003E97BA866364F7006364C700B306C74039
:10268000E310D9F8170502E01305A5B3EFE0BF8505
:1026900083A7C1AC0947F8D7A5B70545A5B73971D8
:1026A00056D2974A0000938AAAD083A70A03370715
:1026B000080026DA06DE22DC4AD84ED652D45AD09A
:1026C0005ECE62CC66CA6AC86EC6F98F97440000B7
:1026D00083A484B06384071C83A9C40A83C79900B8
:1026E00003A4C90092073E942820B147050533058D
:1026F000F5025E203E9533450508EFE08FA7AA8CD2
:102700006305051A130DC5002324A50134203146A5
:10271000370B0300B386C602231304000149138A52
:10272000C1AC938BC1AB938DC1AD130B8B15054C15
:10273000EA9654C483C679009307D00783250A001C
:10274000B386F602C1679CC5370833008606B4D14C
:1027500083A60B0090421376F6CF90C29042137678
:10276000F6CF1366062090C203A50D001045336610
:10277000060110C503A6090023A8650593055002AC
:1027800090C672205444B2962324DD0014300146D2
:10279000CA96A301DD0003C504089746000023ABD9
:1027A00006C0B13E83260A00CC4613961549D0C612
:1027B0000F10000083260A003706020090C6130699
:1027C000000823A8CA0003A60B001042135676483F
:1027D000631F860B1306E018F0D2CCC61746000024
:1027E000232206BE17460000232606BC23A086012E
:1027F000EFF0BF80EF10C04983A64A00858AD9CA8E
:10280000EA852685971002E0E780C0A10DE903461E
:102810005D0049C276204E20B29663DDB606B4282C
:10282000AC4803258D00918E8906B695EFE08FA305
:1028300023020D0003465D007620B29676A00326A3
:102840000A00310D3452FDFE342005091379F90FC9
:10285000E362D9EE9C246685A381FC001C20A38240
:102860000C002383DC002382FC006254F250D2541B
:102870004259B259225A925A025BF24B624CD24CE4
:10288000424DB24D2161170301E06700E3171306C3
:10289000E01A99B7FD562302DD0055B783A7C1ACF6
:1028A000FC5781C78547238AF19AF2506254D2546B
:1028B0004259B259225A925A025BF24B624CD24CA4
:1028C000424DB24D21618280411122C406C626C20A
:1028D0004AC02E848DCD13F915008147414763020C
:1028E0000904131745003E97B1463307D70283A466
:1028F000C19CB317F02833C90708BA949C40C8405C
:10290000829723A0040023A2040033448900B2402C
:10291000228522449244024941018280B356F44800
:10292000E9F28507E39CE7FECDB7011126CA06CE82
:1029300022CC4AC84EC6AE84A1C593F71500014407
:102940004147B1CB93174500A2973147B387E702C0
:102950009389C19C03A909003E998327090081C777
:1029600003254900829731473307E40283A7090012
:10297000BA979C478DC733148028B3470408BD8C91
:10298000F24062444249B2492685D24405618280C0
:10299000B3D68448C5FA0504E31CE4FECDB7232072
:1029A000090023220900C1BFAA8703A5419C11E1A8
:1029B00082803A216315B7001821E30BF7FE4845E2
:1029C000FDB77971B7E700E022D4804352CC06D638
:1029D00026D24AD04ECE56CA5AC85EC662C43A8A79
:1029E00037072000798C23A0E7180F10000005E1BD
:1029F00023A087100945B250225492540259F2493B
:102A0000624AD24A424BB24B224C4561828083A734
:102A1000C19BB6892A89AE8A328B938BC19C8297DF
:102A200003A70B008144B146C147338CD40233065F
:102A30008701104235EEC165938505F04145EFF001
:102A4000BF9819ED9737000083A7C73F81C781451D
:102A500011458297B7E700E023A087102D4561BF9D
:102A60001387419C1C43A1E308C323000500B3174F
:102A700090283EA183A70B0023260500232465018F
:102A800023224501E29723A0270123A2570123A473
:102A900047016384090023809900B7E700E023A081
:102AA0008710014589BF3E87DC47F5FF48C775BFE2
:102AB0008504E39CF4F6B7E700E023A087102145E6
:102AC0001DBFB7E700E09843B706200023A0D71842
:102AD000758F0F1000009736000083C63631637182
:102AE000D50283A6819C3325D5201621D58D0EA134
:102AF0009736000023A4063023A0E710014582800A
:102B000023A0E7100D4582800111B7E700E022CC39
:102B100080433707200006CE26CA4AC8798C23A0F6
:102B2000E7180F100000BD4763E7A70431473307DC
:102B3000E50283A7C19CBA979C4395CF3315A02883
:102B40002E89B345050801452EC6B93DAA8409C999
:102B5000B2450145973000E0E780C05623A4240128
:102B6000B7E700E023A087100145F2406244D24459
:102B7000424905618280B7E700E023A0871009453C
:102B8000EDB79737000083C7F75AAA86850703A5D4
:102B900041A5014712216307D60005071905E36B1C
:102BA000F7FE014582802A8703A5C1A511E1828035
:102BB0001C45B227636BC70003584500B306C80025
:102BC0006355D7008146639406010841C5B703D316
:102BD000A700938807016316E30091C192A13E8587
:102BE00082808506C687B3C60608F1BF9736000007
:102BF00083C6465483A781A801476394E600014534
:102C00008280AE231386C7036394A5003E8582802D
:102C100005071377F70FB287CDB7411122C406C657
:102C2000973700002388075C03A481A905C06C398D
:102C30000145B315B028B3C50508974000E0E7800B
:102C40004093930710273305F50202942244B240C3
:102C50008145014541016FE0EFA9411106C6383DAC
:102C600019C73425631ED702B24041017DB73C2D00
:102C7000E5DF3825E30AF7FE3CA5814517E5FFFFB0
:102C80001305E566EFE00FA79737000083C7871E9F
:102C900089C783A7C1AC5147F8D3B24041018280B4
:102CA0003C2D89C7E39AF6FC38A5C1BFD5FEEDBF20
:102CB00041114AC0173900001309896F8327890021
:102CC00022C426C206C6973400009384644B858BC9
:102CD000E0509DCB9737000023A0076E83C74407C1
:102CE000C18B85CFEF00D07A83C7440793F70702E3
:102CF000E5DF83C74407228593F7F70C238AF406A0
:102D0000971001E0E780E06FEF0090782285224481
:102D1000B24092440249410109B783C75407858BE9
:102D200091CBEF00F0768D47230EF406BC58228538
:102D30008297D9BF83C744071547BD8B6395E704C6
:102D40008347B406034534060146930550025D8D62
:102D5000EFF0EFDA014681450545EFF0EFC083273C
:102D6000C900858BD5D322859737000023A8076437
:102D7000971001E0E780A05041F9B240224492440C
:102D800002494101828083C744071947BD8BE39DF7
:102D9000E7F68347B406034534060146930550021F
:102DA0005D8DEFF0CFD5014681450545EFF0CFBBF6
:102DB0008327C900858BA9DB22859737000023AFC5
:102DC000075E971001E0E78000257DB7411122C41E
:102DD00026C206C67C2578452A84BD8B1CA91CA367
:102DE0001D4764456395E7340547B8A08347F5055B
:102DF0008D466393D7185E2DCDE37C491147B18B87
:102E0000638DE70831476398E7000347150683475A
:102E1000F5076304F7088547BCB0194693056403BA
:102E200013854400EFD01FC4BC20990793F7F70F18
:102E3000BCA0034704061377070401CFB83013671B
:102E40000704B8B07844BA975838B8B3BC2085079F
:102E5000BCA097370000238F0738BC2013F7F70377
:102E6000050718B80347E4051A07D98FBCA08347A4
:102E70005403858B91E70347440389476317F700A1
:102E800078441C2393E707041CA37C44183898B3A8
:102E9000B2402244924441018280A147BCB0835792
:102EA000C406973500009385A52D1386C1ACDCA020
:102EB0008357C406034714067444A1831207BD8BCD
:102EC000D98FDCB2B4208547890693F6F60FB4A0FB
:102ED0001737000003470732631EF706183C938735
:102EE000E6008E07231AF4069387C708B387E70224
:102EF000794510420948238A0507C1650CC69387A6
:102F000007FBB3C7070893877716B3C7A70233C772
:102F10000708B387A70286073CD2BC3093E70701B6
:102F2000BCB07C44B6978346240693E60604B4B34B
:102F3000B4207C44B697D8A3B4207C4421837D8BF5
:102F4000B697834634069606558FD8B3BC208D07B6
:102F5000BCA021B71042F947385205833357F70216
:102F60003C5268528583FD8BAA977CD28D47238A79
:102F7000F5063347070855B71946639BC7125E2D00
:102F8000C1E393056503B8B013854400EFD09FAD4E
:102F9000BC201385A4009907BCA0BC3093E7270090
:102FA000BCB083475403898B95CF0C58BC299DCB6B
:102FB0001946D105EFD01FAB78441C2393E707F8DF
:102FC0001CA3BC20990793F7F70FBCA00347040686
:102FD00013770704E30F07E6B430784493E606045A
:102FE000B4B095B58347D40391C778441C2393E7C5
:102FF00007F81CA319469305E403EFD0BFA6D1B789
:10300000A147BCB08357C506DCA08357C50603465D
:1030100015066C45A1831206BD8BD18FDCB1B020A3
:10302000173500001305C5159385C1AC0906137645
:10303000F60FB0A09737000083C7C71B6398E7045B
:10304000183C9307E6008E07231AF4069387C708F7
:10305000B387E70279488946230AD5069441C165BA
:103060008CC6938707FBB3C7070893877716B3C748
:10307000070333C70708B38707038607BCD2BC30F2
:1030800093E70701BCB07C44B29771BD8C41B85145
:10309000F94705833357F702BC5103A845068583DA
:1030A000FD8BC297FCD1230AD50633470708C1BF61
:1030B000A147BCB08357C506DCA08357C5060346AD
:1030C00015066C45A1831206BD8BD18FDCB1B020F3
:1030D000173500001305C50A09061376F60FB0A0D0
:1030E0009737000083C7071183A5C1ACE391E7FAC6
:1030F000183C9307E6008E07231AF4069387C70847
:10310000B387E702F9460948230A0507416588C5E0
:10311000938707FBB3C7070893877716B3C7D70210
:1031200033C70708B387D7028607BCD189BF0547D5
:10313000639EE706B1471CB983475503898BA1CB32
:103140000C59BC29A9C71946D10513858400EFD0B5
:103150007F9178441C2393E707F81CA36844194621
:10316000930564030905EFD0FF8F116797370000BF
:1031700083A7070EF98FE38C07CE7C24B98BE398E5
:1031800007CE78441C2393E707021CA3CDB18347E5
:10319000D40389C79C2093E707F89CA0684419468C
:1031A0009305E4032105EFD0FF8B4DBF522D0C5545
:1031B0009307660093F7F7031CB913858400E5B7FE
:1031C000011126CA973400009384841E9C4422CCAB
:1031D00006CE173400001304A4FA858B6850C9C3C7
:1031E0002AC69737000023A9071CEF00702A03475F
:1031F0004407894732456307F700034744078D4773
:10320000631CF70283A6C1ACBC52035745078583F4
:103210001307C71263F2E702BC528583B1C391471B
:1032200003474407E31EF7FE6244F240D2440561BF
:10323000171301E067000345382D3C3D09CF3425C5
:103240006309D7026388F60238A56244F240D2448B
:1032500005616FD09FF199CF382509EF3CA5F5B7EF
:103260002AC6EF00F02262443245F240D2440561A2
:103270006DB2EDF7DC4CEDF7034744078947630770
:10328000F700034744078D47E31CF7FC91470347CA
:103290004407E31EF7FE49BF630E0530011122CC3F
:1032A00006CE26CA4AC84EC652C456C258258547BD
:1032B0002A846316F72C973700009387670FD44F43
:1032C0001547638AE600D44F0D476386E600D84F62
:1032D000AD476312F7026C386244F240D24442496F
:1032E000B249224A924A01450561B315B028B3C5D7
:1032F00005086FF00FFD16311307006497340000C6
:10330000938404E83347D7029C20E8D0850793F7DD
:10331000F70F9CA063CAE700973000E0E7800069E0
:1033200097370000238E07E478249D47631FF70436
:1033300083479406B1C38356040763ECF6020C245A
:10334000930730041CAC1305300493F6F60F0146C6
:1033500097C001E0E780C0AB22856244F240D244CE
:103360004249B249224A924A0561172301E06700A7
:10337000E3DF85062318D406930530020545973010
:1033800000E0E780805B2301A4060549238A240727
:10339000183C8D47631CF70E973000E0E78020CC87
:1033A0000D89630F051463162517930760023CA46B
:1033B000930750023CAC9307700278243CBC8547CD
:1033C0006302F70889659385F57013051027173A8E
:1033D0000000130A2AA983497401973000E0E780AE
:1033E00040580E30835ACA002A8913060064B385F8
:1033F0005503814613850532B335B500970002E0C9
:10340000E780C02FAA84B335590337460F0013064F
:103410000624814633055903970002E0E780002E19
:1034200083270A00AA948297B307950003278A008E
:10343000BE8563E4A70063E4E700B385E7404E85FB
:10344000EFF08FEC83475403898BE9CB8347C403A8
:10345000F1C70C58E1C5BC25F1C38947230AF40222
:103460001946B10513056403EFD0CFDF0347C40746
:10347000894763E9E70A22856244F240D24442491F
:10348000B249224A924A05616FD03FCE89467C34C8
:103490006315D70213F7170019CB898B1307500256
:1034A00091EB9307700238A43CAC814739B71307FE
:1034B0006002C5BF93076002FDB799CF93F617006E
:1034C0001307500291E6898B13B7170013076702A1
:1034D00038A4230D0400D1BF3C2C130740026368BD
:1034E000F700930750023CAC3C2C3CA47DBF850701
:1034F00093F7F70F3CAC13077002E364F7FEEDB7E8
:1035000013077002930750023CAC38A49307600283
:103510006DB51307500293077002FDB78547230A64
:10352000F402A9B70327C40A83A6C19B3C27ADC3F5
:103530001C375833973400009384C4929044B38767
:10354000E702DA24B387E7021307003293870719EB
:10355000B3D7E702032744093E973A896364F7002B
:103560006364C7003309C7408296B307A9406374F8
:10357000A9009844BA9703576407E3FEE7EEF240C8
:103580006244D2444249B249224A924A0561828049
:1035900083248409829663E9A400835764073385F2
:1035A000A440E37AF5ECE1BF9737000083A7078CCE
:1035B000BE94E5B7828001114EC697390000938909
:1035C00029BC22CC03A4C9094AC817390000130931
:1035D00069890357C90026CA8354640883270409EC
:1035E00006CEB384E40237470F009306F723130790
:1035F000072452C456C25AC0B694B3D4E40263EE50
:103600009702138AC19BB384974083270A0082974D
:1036100063E9A4023385A440634905028357040487
:10362000A30F040085072310F40483470414639E4A
:1036300007102285EFE04F8A21AA03278900BA9755
:10364000C9B783278900BE94F1B783270A00829700
:10365000032784086366E50A198D7E3C0357C90079
:103660008E07B387E7021307003293870719B3D792
:10367000E70263ECA708B74A0F00138BFA23938A7B
:103680000A248357040485072310F4048347041491
:1036900081E72285EFE04F842285973001E0E780C3
:1036A000E09263130524032604090327C408832634
:1036B00089003297BA876364C7006364D700B30791
:1036C000D740783C0356C9002328F408050778BC86
:1036D000035764083307C7025A9733575703B38415
:1036E000E74063F5E700998EB384F60083270A006C
:1036F000829763E6A4043385A440E34405F839BF08
:1037000083278900998F3E9589BFA14522859730EF
:1037100001E0E780C083A305A4029727000083A7E8
:1037200067726383071C6244F240D2444249B24943
:10373000224A924A024B89451545056182878327B3
:103740008900A6973385A7404DBF2285EFE00F8300
:103750002285973001E0E7806087631705180355DD
:10376000C90083576408B7460F001386F623B38752
:10377000A7029386062403270409230B0402832A45
:103780008900B297B3D7D702636AF716B307F74039
:103790008326C4082324F408014BB387E600BE84C3
:1037A00063E4D70063E45701B38457411E302328F4
:1037B0009408A1CB835604045A3037460F0056B004
:1037C0003387E640B387E7023A3013060624814682
:1037D0008145BA97B3C707083385A7023EB0970063
:1037E00002E0E780A0F111CD2695B3349500A695AF
:1037F000AA876314BB0063645501B30755412328AE
:10380000F40883270A008297AA8483270A008297F4
:10381000E30D95FE83270A0083248408829763E4DE
:10382000A40E3385A440630B050E035AC9008357C9
:103830006408B7440F001387F423B38747039384C6
:103840000424BA97B3D79702172700000347175EDF
:10385000BA9763E5A70CB3359502835A24025286C2
:10386000814633059502970002E0E78020E933891D
:10387000AA0033854A0337460F0013060624814603
:103880008145970002E0E78060E715C1B3379502F4
:1038900052868146B385B4023385A402BE95970053
:1038A00002E0E780A0E5B38AAA402311540335451E
:1038B000A92923AE890838348547631AF70493078A
:1038C00000FD7CA4814503A501ABEFD0AFE2954795
:1038D00017370000232CF7AE3707100083A7C1ACC1
:1038E00098C7060923A82707F2406244D2444249F8
:1038F000B249224A924A024B05618280B3065701BF
:10390000B387F64071B583278900BE9419BF93072A
:1039100010FC7CA4814503A581AA45BF9737000010
:1039200023AE078E834709018DC303A5C1A9EFD03C
:103930004FFC624483274900F240D2444249B249D5
:10394000224A924A024B056182878345940262446F
:10395000F240D2444249B249224A924A024B0145BE
:103960000561B315B028B3C505086FF08F95011137
:1039700022CC26CA4EC606CE4AC852C456C25AC027
:1039800038358547832405092A84AE896314F70CEA
:1039900083570508835AC503172A0000130A8A4C67
:1039A000035BCA0063FC571914296399E6180327BF
:1039B0008511631507180327450A63110718743525
:1039C0001D47639DE6162A3DB38AFA409307204EB1
:1039D000330555030329440937460F00130606240F
:1039E00081463305F5029727000083C727443359E2
:1039F0002503B335AB023E99334909082313240943
:103A00003305AB02970002E0E78040CFB307950093
:103A100033B5A7002E9503278A00BE8419E163E41D
:103A2000E700B384E740B307690337470F00930605
:103A3000F7231307072423A09900B697B3D7E7020B
:103A4000D69763E4F4009D8C31A003278A00B30766
:103A5000F740BE941389C19B8327090023A09900D6
:103A6000829763E2A4103385A440635D050A83272F
:103A70000900172B0000130BEB3E829703A70900E8
:103A80006369E50E198D7E3C0357CB008E07B38723
:103A9000E7021307003293870719B3D7E70263EFF2
:103AA000A70C374A0F00930AFA23130A0A248357F4
:103AB000040485072310F4048347041481E7228556
:103AC000EFD09FC12285972001E0E780205061E57B
:103AD000832604098327C40803278B00B697BE8476
:103AE00063E4D70063E4E700B384E7407C3C83569B
:103AF000CB002328940885077CBC83576408B387D0
:103B0000D702D697B3D7470363E6F40A9D8C832781
:103B1000090023A09900829763E1A40A3385A44099
:103B2000E34705F89727000083C7573063E6A706E9
:103B30009727000023A4876E0145B9A8835764081E
:103B400037470F009306F723B3876703130707244C
:103B5000B697B3D7E702E3F8F4EE03278A00269777
:103B6000B304F740C5BD9727000083A72730BE9454
:103B7000DDBD83278B00998F3E9531B7A145228506
:103B8000972001E0E780A03CA305A402972700004E
:103B900083A7472B81EF7D55F2406244D2444249CE
:103BA000B249224A924A024B0561828089451545F5
:103BB0008297D5B71D8FBA9499BF83278B00BE9487
:103BC000B1BF83A7C1AB98433706CEFF7D161377ED
:103BD000F7CF1367071098C303A7C1AD1447370881
:103BE00003001375F51FF18E14C783A6C1AC23A87B
:103BF000060523A40700904B93F5F50713088815D5
:103C00001366F60390CB90431366060890C3F04FFB
:103C1000137606E0498EF0CF23AC070423A00706F5
:103C20005057759A50D79043137606F84D8E90C32F
:103C30001306401FF0D2172600002325067817260A
:103C4000000023290676054690C29043B70533004D
:103C50001376F6CF90C390431376F6CF1366062003
:103C600090C310474D8E10C723A80605D8531317CD
:103C7000F728D8D32547F05201C6B04FE37DC7FEE1
:103C8000D8531317F748D8D3A8531335450082806B
:103C90001387C1AC1443BC4ABD9BBCCA01000100E0
:103CA000010001001C43B44B93F6F68FB4CB944350
:103CB00093E6860094C3010001000100010083A681
:103CC000C1AB9C4293F7F7CF93E707109CC203A6C2
:103CD000C1AD1C46B706CEFFFD16F58F1CC61C43B2
:103CE00037070300B8CB83A741AC99CBD4439047A7
:103CF0009842518F98C2944BDC4B9842D98F9CC20A
:103D00009727000023A4076C828083A7C1AC9C4343
:103D10008D8BE9C74111B7E700E04AC003A907004E
:103D200026C23707200006C622C4AA843379E900D8
:103D300023A0E7180F1000001724000013044467A5
:103D4000584C8D47631AF7009727000083A7C73F99
:103D5000014681454545829719476391E4048347AD
:103D6000140289CB834704026396970097270000CB
:103D7000A3800766584CA1476315F700930780108E
:103D80001EB0238A019A2937B2402244B7E700E0E7
:103D900023A0271192440249410182809D47639BE1
:103DA000F40083471402F9D7034704028D47E31355
:103DB000F7FC6DBF544C6389E600584C6306F7006E
:103DC000584CA147E31FF7FA83471402DDFB5C4C14
:103DD0002300F4028547A300F40265B78280000047
:103DE00097110020938181C217C101201301812105
:103DF0001305400097C5FF1F9385C52017C6FF1FF9
:103E00001306064063FAC5008322050023A055006F
:103E100011059105E3EAC5FE17C5FF1F130585339C
:103E200002852A8309CA83830500230073007D1657
:103E3000050385056DFA82802A8311C62300B3002D
:103E40007D16050365FE8280B717004003C777051E
:103E50001377E70FA38BE704130700F8A38DE7049C
:103E60003D47238CE70413075003A38CE70403C7E3
:103E7000A7051377D70F238DE704828037170040FB
:103E80008347E70412054111BD8BC98F93F7F70FE4
:103E900093068008F3B6068093F6860836C60F10A0
:103EA0000000930670052300D704930680FA2300D0
:103EB000D7040F1000002307F70423000704B247BC
:103EC000F3A707800F10000041018280B717004060
:103ED00003C7E7020D8941111377C70F498F930676
:103EE0008008F3B6068093F6860836C60F100000E9
:103EF000930670052380D704930680FA2380D704A5
:103F00000F1000002387E70223800704B247F3A7BE
:103F100007800F1000004101828041112A8301486F
:103F2000930E407E130F0019930F4006B348030809
:103F300063EF1E0113030019337365028542FD43CD
:103F400063F6B2088D4F214F930E4006A1A07D135A
:103F5000336EE3039308E016630E0E00336EF30333
:103F60009308D01663080E009378330093B81800B6
:103F70009388D816C29833C808084DBF93F8150027
:103F8000138EF5FF637CBF02F908C29833C8080896
:103F9000B3450E08E394F5FF8545630B0300B37842
:103FA000D5038145638608009375350093B51500E8
:103FB000F105C29533C805088945E9BFB3881341A7
:103FC000C29833C80808B3450E089DBF7D163298C5
:103FD00079463307C70213D61700BE0733480808CF
:103FE00032976146B3F6C60213068070B386C602E6
:103FF0003697A166F58F4207D98FB716004003C7E1
:10400000F60213770708D883908303C7F602137765
:104010000708E316E6FE9883B71600404DCF130756
:10402000800873370780137787083AC40F100000A1
:1040300037170040930670052300D704930680FAD3
:104040002300D7040F100000232A07038346170319
:1040500093E60608A308D702230007042247732724
:1040600007800F1000001166371700407D16545B63
:104070004C5FAD8EF18EE5FE93068008F3B60680A8
:1040800093F6860836C60F100000930670052300CD
:10409000D704930680FA2300D7040F1000005CDBDE
:1040A0008347170393E70704A308F70223000704D5
:1040B000B247F3A707800F1000004101828003C7B9
:1040C000F60213770708D883908303C7F6021377A5
:1040D0000708E316E6FE98837DD391B755714EDF4E
:1040E00086C7A2C5A6C3CAC152DD56DB5AD95ED760
:1040F00062D566D36AD16ECFAA8982C0EF00B015AF
:1041000093078008F3B7078093F78708BEC20F10A4
:104110000000B7170040130770052380E70413075A
:1041200080FA2380E7040F10000003C7F70213771B
:10413000770FA387E70203C7F70213678700A387F8
:10414000E702238007049647F3A707800F100000BB
:10415000130B80C1334B65039167938707E8130AFC
:1041600030029546B347F502330A4B033EC8FD873C
:104170003ED2BD67938707A6334AFA021357FA4126
:104180003ACA330740413AD47D873ACC1307A0FBA3
:104190003307EB02B347F7020567130707FA3ECE72
:1041A000FD873ED6938729003319F70063E4360173
:1041B0003319370161671307076A3345E5021307AF
:1041C0000010B317F0288D873EC495473309A90224
:1041D0003349E902130740063309E9021307D00700
:1041E0003349E9021357F9413AD8331730290D877B
:1041F0003AC663EF374993075047B307F7023D6765
:10420000130707A6116C814A814B13048008371DE0
:104210000040930480FA7D1CB3876703B307F04026
:10422000B3C7E7023ED0FD873EDA733704801377C9
:104230008708BAC40F100000130770052300ED04AF
:10424000930D0D0423009D040F10000003473D054E
:104250001377870FA309ED0403473D051367170084
:10426000A309ED0423000D042647732707800F10D0
:104270000000930C70057337048013778708BAC663
:104280000F100000930770052380FD0023809D0020
:104290000F10000003473D0513670702A309ED0453
:1042A00003570D051317E7282318ED0403570D05D1
:1042B0001317F7282318ED0423800D0036477327C2
:1042C00007800F10000003473D05137707026305C1
:1042D000073C03473D05218B6DDF880097C0FF1F1A
:1042E000E780A0127337048013778708BACA0F10CB
:1042F000000023809D0123809D000F1000000347D4
:104300003D051377F70DA309ED0403473D0513673A
:104310000702A309ED0403570D051317E728231817
:10432000ED0403570D051317F7282318ED04238018
:104330000D005647732707800F10000003473D0507
:10434000137707026301073803473D05218B6DFF93
:1043500097C0FF1FE780A0EF2A873ADC97C0FF1FB6
:10436000E780E0EE6257E30AE5FE03570D050645D8
:104370001317E7282318ED0497C0FF1FE780A00A52
:1043800003473D05218B6DDF03570D0583462D0542
:10439000C24733778701B386860313D6F641BA96B0
:1043A000B388F640925733B7E60032971D8FD24755
:1043B000B3B61601158F63C6E700631CF700637A76
:1043C0001A01E2476348F7326395E700A25763E3B7
:1043D000F832894663F2763373370480137787089F
:1043E000BAD00F100000130770052300ED0423005E
:1043F0009D040F10000003473D0593F6F90F137756
:10440000870FA309ED0403473D05558FA309ED046C
:1044100023000D040657732707800F1000001306B2
:10442000700503473D051D8B6310373773370480D4
:1044300013778708BAD40F10000013077005230004
:10444000ED0423009D040F10000003473D05137782
:10445000F70DA309ED0403473D0513670702A30900
:10446000ED0403570D051317E7282318ED04035730
:104470000D051317F7282318ED0423000D04265704
:10448000732707800F1000009306700503473D0552
:10449000137707026304073203473D05218B6DDF65
:1044A000880097C0FF1FE78040F6733704801377BA
:1044B0008708BAD80F100000130770052300ED0419
:1044C00023009D040F10000003473D051377F70DEF
:1044D000A309ED0403473D0513670702A309ED0493
:1044E00003570D051317E7282318ED0403570D058F
:1044F0001317F7282318ED0423000D0446577327DC
:1045000007800F1000009306700503473D051377E1
:1045100007026300072E03473D05218B6DFF97C0FF
:10452000FF1FE780C0D2AA8C97C0FF1FE78020D270
:10453000E30C95FF03570D0506451317E7282318CD
:10454000ED0497C0FF1FE78000EE03473D05218B78
:104550006DDF7337048013778708BADC0F10000013
:10456000130770052300ED0423009D040F100000C5
:1045700003473D051377F70DA309ED0423000D0450
:104580006657732707800F10000003570D058346F9
:104590002D05C25733778701B386860313D6F641BC
:1045A000BA9633B7E600329733882641B3B6060190
:1045B0001D8F158F6346E0006318072663060826E3
:1045C0001305800C3307E5020256D256B3350503B6
:1045D00033050503BA95EFE051549306150033B542
:1045E000A6002E951357F501BA9633B7E6002A9721
:1045F0001316F70185820587D18E6346E000631F9D
:10460000072C638D062C0356CD021582B305D60008
:1046100033B6C50032976348E000631007361307CE
:10462000F00F637CB73409476371572793078008FD
:10463000F3B7078093F78708BEDE0F100000B717A7
:104640000040130770052380E704130780FA2380D6
:10465000E7040F100000DA3789668116558F33475B
:104660000708DAB723800704F657F3A707800F106F
:104670000000BE402E449E440E49FA596A5ADA5A46
:104680004A5BBA5B2A5C9A5C0A5DFA4D696182807A
:1046900022479307504795B67337048013778708EE
:1046A000BAC80F10000023809D0123809D000F10C9
:1046B000000003473D0513670702A309ED042380AB
:1046C0000D004647EDBE7337048013778708BACCD8
:1046D0000F10000023809D0123809D000F1000001B
:1046E00003473D0513670702A309ED0423800D006E
:1046F000664789B1E3920BCE7246B2569315170006
:1047000013D3F80113951800B365B3003ADE46DC05
:10471000EFE0B1407257850B93FBFB0F6346E0005F
:1047200031EFE258638C08049306150033B5A600F8
:10473000AA9513D7F501BA9633B7E6002E9785826E
:104740007E07558FF336048093F68608B6CE0F1099
:10475000000023809D0123809D000F1000008356E0
:10476000CD023697334707082316ED0223800D004C
:104770007647732707800F100000F5BC9306F5FFFE
:1047800013351500898D75B7733704801377870843
:10479000BAD20F1000002300CD0423009D040F1097
:1047A000000003473D05558FA309ED0423000D04C8
:1047B0001657732707800F100000A5B173370480C8
:1047C00013778708BAD60F1000002300DD042300FA
:1047D0009D040F10000003473D0513670702A3095E
:1047E000ED0423000D043657732707800F100000D7
:1047F00071B97337048013778708BADA0F10000095
:104800002300DD0423009D040F10000003473D0535
:1048100013670702A309ED0423000D0456577327FD
:1048200007800F100000D5B19305800C3387E50297
:1048300033850503B3B50503BA951547637337058B
:10484000A247130750473387E70233066041330618
:10485000E6023D67130707A63346E6029356F64184
:10486000EFE0B12B1306F5FF13351500898D13D733
:10487000F5013A963337E6002E979316F701058235
:104880009DBBB247130750477DBF1307800873379E
:104890000780137787083AC10F100000B716004051
:1048A000130770052380E604130780FA2380E604CB
:1048B0000F100000DA36056601161377F70F518FD7
:1048C00033470708DAB6238006040A4773270780B0
:1048D0000F100000850A93FAFA0F81BA33E6E6005A
:1048E00049CE0356CD02B335D0003307E0400D8FDB
:1048F0003305D04015826345E00041E3637FA6069F
:104900000947637E570393078008F3B7078093F73F
:1049100087083EC30F100000B7170040130770054B
:104920002380E704130780FA2380E7040F100000B8
:10493000DA377D8BDAB7238007049A473DB37337A4
:104940000480137787083AC50F100000130770051D
:104950002300ED0423009D040F1000000357CD0237
:10496000856681161377F70F558F3347070823168F
:10497000ED0223000D042A4791BF93078008F3B787
:10498000078093F787083EC70F100000B717004055
:10499000130770052380E704130780FA2380E704D8
:1049A0000F100000DA379606369733470708DAB754
:1049B00023800704BA4755B9914763ECB7049707BA
:1049C000020093876749B3C5F52098413E97B71712
:1049D00000409387470B0287944337170040B3F694
:1049E000A64094C39306070B9C42B3F7A74019A8AF
:1049F000944337170040B3F6A64094C39306070BC1
:104A00009C42C98F9CC29307070A98433377A740FB
:104A100098C38280944337170040C98ED9B7984312
:104A20003377A74098C3B71700409387070A984386
:104A3000498FF9BF9843498FF5B719C5371700401B
:104A40001E2FCD8F1EAF8280B71700409A2FB375EF
:104A5000B7408EAF8280B71700409A279306000CAC
:104A60001377070C630AD7049A27137707100DC72B
:104A70009A279E277D8B09EB93F70720B1C3375503
:104A8000E80113050580828037C59812FD8B130558
:104A900005E03345F50282809A279E271377072089
:104AA000FD8B11C73755E80113050580DDB73725A4
:104AB000F40013050540F1BF2165130505D0828080
:104AC0003725F400130505408280B7F700E08847DA
:104AD00082803285814737370040A14663C3A700F3
:104AE00082803037E30FD6FE3386F500102285072B
:104AF00010A7EDB797F6FF1F93864671AA878842E5
:104B00001727002013078794AA9763E9E7000A870D
:104B1000130707FC6364F7009CC282807D55828086
:104B2000411122C406C62A843D372947B307E5024E
:104B3000B2408D83B3D7870222449507B3D7E702EB
:104B400037370040B3C707085EA74101828071650F
:104B500041111305052006C6E137B737004013079A
:104B600070F8B8A30D47B8B31307000498B305470E
:104B7000F8A7B24041018280411106C683A7019681
:104B800091C3829783A7C19591C3829703D78180F0
:104B90009307C01263F4E70483D6A1801306B01212
:104BA0006361D60403A6819511C6B2401305C012F5
:104BB000410102863385D740E5473305F5020507F5
:104BC000158F3347070809839307F7FF3E95334551
:104BD000E5021375F50FB2404101828013054006CE
:104BE000DDBF0145CDBF2D452DE3DC41411122C480
:104BF00026C206C698239C33B6843284A207D98F76
:104C00000D67930697A16393D702BD3793876180A1
:104C100098236373E50088A39C2305479AA01CA0F2
:104C20000145B2402244924441018280130787909B
:104C30002945E398E7FECC4589479EA00946228591
:104C400097C0FF1FE78000E2E1BF8280DC41411195
:104C500022C406C626C203C807009C332944A20703
:104C6000B3E707010D68130828906394070385478D
:104C7000B284EF60F0302A8409ED03A7419611CB8E
:104C80009C309420A207D58F93B717001385170087
:104C90000297B240228522449244410182805C21E5
:104CA000858BA9CF011122CC2A842A21938541B971
:104CB00006CEEF60F027058915CD2A2001478146F1
:104CC0000546ED45EF6000602AC60DC597F7FF1F4A
:104CD00083D767147C8485477C8583C761801CA14A
:104CE0002A2001462C00EF70006A09C5ED45280016
:104CF000EF60E074F2406244056182808280416529
:104D00004111938541B97D1506C6EF80A047B24099
:104D100097F6FF1F9386C60C4146954517F5FF1F72
:104D20001305C50C41016F80E03B23A2A196828050
:104D300085476315F5021C22238AF19403C761801D
:104D40006370F702411117050000130585F506C6CB
:104D5000EFA0203EB240014541018280094582809A
:104D60000145828089476302F50263E8A70019E9DB
:104D700083C761809CA1014582808D47630DF5004A
:104D80000945828083C74195F5B797F7FF1F83D701
:104D900087069EA1CDB797F7FF1F83D76747DEA190
:104DA00097F7FF1F93878704BA37BE3F9AA1BEA12A
:104DB0008547FCA1C9B7411106C67D3B9387618039
:104DC00098236379E50088A317050000130565EDB6
:104DD000EFA02036B240014541018280C167F9173A
:104DE000630CF502411122C406C685472A84639AE2
:104DF000F50022852244B240938541B941016F807C
:104E0000603889476396F5008545EFA0A02C75D1E1
:104E1000B24022444101828082803285D0414111DA
:104E200006C60C32034806000D66A205B3E505016F
:104E30009308A6A21398556063C80803130626A218
:104E40006358060375761306C65DB2951946B3C559
:104E500005086363B6021708020013082801B3C5EA
:104E60000521904142960286130606A5630DC80EE1
:104E700023900600A94515A01D469D45636FE600D9
:104E80002146198E3356F60A9385819692A2BA95D9
:104E900097C0FF1FE78000BD8145B2402E854101CC
:104EA00082802D469D45E36AE6FE3146198E3356D3
:104EB000F60A970502009385250492A2C9BF3146E0
:104EC0009D45E36CE6FC3546198E3356F60A970588
:104ED00002009385650192A25DBF41469D45E36E48
:104EE000E6FA4546198E3356F60A97050200938571
:104EF00065FE92A269BF41469D45E360E6FA4546DC
:104F0000198E3356F60A97050200938565FB92A227
:104F1000BDBF41469D45E362E6F84546198E3356CE
:104F2000F60A97050200938565F892A28DB741466F
:104F30009D45E364E6F64546198E3356F60A970515
:104F40000200938565F592A299B735469D45E366C3
:104F5000E6F43946198E3356F60A97050200938512
:104F6000A5F292A22DB719469D45E368E6F2998D08
:104F700033D6F50A9385C18092A211BF97F6FF1F21
:104F80009386C6EB4146CD4517F5FF1F1305C5EBCC
:104F90006F80401582802A8783C7819703A5C197B8
:104FA00083C6318299E30145828012216315E600B0
:104FB0007021E30BD6FEFD1793F7F70F2105DDB740
:104FC000B2862E86AA85170502001305E5F36FE069
:104FD000112C0111930500030D4506CEEF3020334F
:104FE000930500051145EF3080329305C003054558
:104FF000EF30E03185471306F10085451305503049
:10500000DC87EFC0211AF240056182808547631A70
:10501000F5001166130686A9894503C5C1986F106E
:10502000401B89476317F500894503C5C1986F1078
:10503000E042828085476398F50019E22382B198A7
:105040002380C198828009476399E50019E623828D
:10505000F19803D521986F0080728280011122CCD3
:1050600006CE83A741972E8499C79C4789C762447F
:10507000F240056182876C0013057040EFA0B11506
:10508000324622858145EFA09159F2406244056184
:105090008280011126CA06CE22CC4AC84EC652C40E
:1050A000AE849397556063D5070803C5C19897C030
:1050B000FF1FE78020922A8429C918219307000D39
:1050C0006312F7043C214547638BE7046547639B04
:1050D000E70217050200130565E5EFE0511B130910
:1050E00054009309B400170A0200130A6AE58345C5
:1050F000090052850509EFE09119E31A39FF2945A6
:10510000EFE0911C2285EF00F0651395F468F24002
:105110006244D2444249B249224A056182807021E8
:105120006C3117050200130525E2EFE05116D9BFD7
:1051300093F7150085C317F6FF1F1306A6E497F52E
:10514000FF1F938565E303C5C198EFB0915C13C55C
:10515000140075BF13F525005DD9B139116613062A
:1051600086A9894503C5C198EF10A00613C5240080
:1051700079BF797122D44AD052CC06D626D24ECEEF
:1051800056CA91472A842E89138A8198631AF50298
:10519000BE252391F1982382019883A7419791C757
:1051A000DC4781C7CA852285829723208A00B250B6
:1051B000225492540259F249624AD24A456182808D
:1051C00003270A00E31BF7FC938421988A20854576
:1051D00031318A208545F52B83DA0400C167F91740
:1051E000639AFA0285449305E10013055041238236
:1051F0000198A381918223070100EFA0C17D1C8744
:10520000B1E303C701989147E319F7F8D933238035
:10521000019861B783A9C19783C48197E1D403D56D
:10522000290001CD9305E10097E0FF1FE780A097DB
:1052300009C54C455685EF70F074FD1493F4F40FD6
:10524000A109E9BF83A70197DC23898BDDDB9305E7
:10525000000A0D45EF30A00B9305000A1145EF3011
:10526000000B81450545EF30800A1306E1008545B6
:10527000130550304487EFB0F17261B70111170583
:105280000000130545E106CE22CCEF104048138400
:10529000C19885471306F100854508A013054041D4
:1052A000DC87EFA0715E4D45EF50D0214D45EF708A
:1052B000506AE931A934592917050000130545D56D
:1052C000AD3417050000130525CD7D21082062446B
:1052D000F2408545056117D3FF1F6700837E23AA2F
:1052E000B19623A8A196828023AEB196238CA19675
:1052F0008280797106D622D426D24AD04ECE52CCA4
:1053000083A781981147639CE70A83C7419899EB6B
:105310004144B2502285225492540259F249624AC1
:1053200045618280B284B68903A4C19783C78197FF
:1053300003C7318295C354206392A6025430639F01
:10534000B6007420639CE6002A209305610097E074
:10535000FF1FE780408501E9554465BFFD1793F7BE
:10536000F70F2104C1BF138921984C45035509004B
:10537000EF60003C05896DD1035509000147814666
:105380002686ED45035A0400EF50D0732AC64D44DB
:1053900049D12686CE8523144101648597B0FF1F2D
:1053A000E780406C0355090001462C00EF60B07D9A
:1053B0002A8425D1ED452800EF60600899BF094790
:1053C000E388E7F42C001305504123040100EFA00B
:1053D00081601C8485CB930500020D45EF2030735E
:1053E000930500031145EF20907295450545EF2088
:1053F0001072854730008545130550305C84EFB04E
:10540000715A39B7F93629B741114AC03689D441A2
:1054100026C206C622C48032B284902222040D68BD
:10542000518C01CF1308B8A42D4563040407B24082
:10543000224492440249410182809306D8A4630F1A
:10544000D400930628A2630BD400F5789388E85C17
:10545000A2988546B3C8080863E91603AA25253E25
:105460000DC183A741972286224403A807004C312F
:10547000B2404821A6874A879244024985464101A5
:1054800002882310090001455DB71306B8A463170D
:10549000C40203D8C1821D45E37B07F9CC4533081C
:1054A000E840B347F80ABA952310F90033C6070855
:1054B000268597B0FF1FE780E05AF1B79307A8A4AD
:1054C0006318F40091472310F9001146CC45CDB77D
:1054D000930788906317F40089472310F900094661
:1054E000F5B79307E8A46318F400DC452310D9004E
:1054F0009C239CA049BF13087890E31604F9E9BFE8
:10550000011106CE22CC26CA4AC87487631407103C
:10551000DC412E89B284803394238D672204558C1C
:105520009386D7A46306D400938627A3631AD40274
:105530000355A9008D3401E90145F2406244D2448B
:1055400042490561828083A7419703A807004C3137
:105550004821A6871307E100814622860298F1BF01
:105560009386C7A46312D402388785473545E3166E
:10557000F7FC1C2213050008E361F7FC03A7419721
:1055800058433E8502974DBF93862790631DD404F0
:1055900034878547EF60C01E4DF190309C208356C4
:1055A000A90022065D8E03A7C19783C78197C9D73B
:1055B0002E236395D50283A7419703A8070085474B
:1055C00048234C338D466313F60089460D66A68743
:1055D0001307E100130626900298B9BFFD1793F751
:1055E000F70F2107E9B79387E7A4E317F4F43887A7
:1055F00085473545E313F7F41C2213050008E36ED5
:10560000F7F2D8453335F00009051CA303A74197ED
:1056100058438DBF2D4515B741654111938541BA5A
:105620007D1506C622C426C24AC0EF70B03597F673
:10563000FF1F9386E6954146C94517F5FF1F1305E1
:10564000E595EF70302A97F4FF1F93842495CC4C96
:105650002A890945EFF00FF1138441BB83D70182FA
:105660005EA083D7A40C03D7C1815AA41EA083D700
:10567000A40D03D7A410938541BC3EA00D458547DA
:105680007CA01AA47CA423150400EFF0AFEDA28542
:105690000D459939B240224492444A85024941015C
:1056A00082808D679387D7A4631DF6008D472945B7
:1056B000639AF500854735456396F6001C23A3865B
:1056C000F198014582808D679387D7A401456319BE
:1056D000F6008D476396F50083C7D1981CA3054556
:1056E0008AA2014582800145828031EFDC41AE888B
:1056F00003C807009C33A207B3E707010D68930EA8
:10570000F8A4639AD70391473548639FF60203A52F
:10571000C8003283411111469A8506C697B0FF1F13
:10572000E7804034054583A7C1998297B24001487C
:105730004285410182809308289029486396170189
:1057400085476F60E0032D484285828041654111A5
:105750009385C1BC7D1506C6EF70D022B24097F686
:10576000FF1F9386A6954146994517F5FF1F130520
:10577000A59541016F70101723AEA1988280011189
:105780009385C1BC22CC06CE2A84EF50707A05895D
:105790000DCD014781460546ED452285EF509032FB
:1057A0002AC605C597F7FF1F83D7A7977C8485472F
:1057B0007C852300050001462C002285EF60B03C6B
:1057C00009C5ED452800EF509047F240624405615D
:1057D0008280C167F917630CF502411122C406C625
:1057E00085472A84639AF50022852244B240938536
:1057F000C1BC41016F70101989476396F50085455A
:10580000EF90500D75D1B2402244410182808280D8
:1058100011456FE0BF8C411193962500AA852D4557
:1058200006C697B0FF1FE780A0E1B24001454101E5
:105830008280011122CC06CE3714004026CA4AC805
:105840004EC652C483447405034AB4058349840593
:1058500003499405EFE04FDF8347A40593F4F40F69
:10586000137AFA0F93E71700230DF40493F9F90F55
:105870001379F90FB717004003C7A705058B6DFF14
:1058800003D5C705A38D4705238C3705A38C2705B2
:10589000A38B9704F2406244D2444249B249224A5F
:1058A00005618280411122C406C62E8493975560FB
:1058B00063DE070097B0FF1FE780C01111C15D25AF
:1058C0001315F468B24022444101828093F7150019
:1058D00013C51500E5FB8967ED8F85C3EF60D137F0
:1058E000053F37F60200130606E0896503C5419AB5
:1058F000EF00300E1315D468F1B711656D8D79D1B5
:1059000017F5010013050569EFE0013A130600647D
:10591000916503C5419AEF00D00B1315E4685DB79C
:105920002D71232A9110FD74E98C232C81102328DA
:105930002111232631112A84AE8932899306001061
:105940000A86A6852D45232E111097B0FF1FE780EC
:1059500020CF13154401498113962900CA850A9561
:1059600097B0FF1FE7800010A68585660146254594
:1059700097B0FF1FE780C0CC0A86A685930600106B
:10598000294597B0FF1FE780A0CB8320C1110324D6
:10599000811183244111032901118329C11015614B
:1059A0008280011183A7019506CE22CC26CABD8B29
:1059B00021476399E700AD37F2406244D244014584
:1059C00005618280B7F70700DC532A84B284BD8B5F
:1059D000939625006397E7008567FD17F58F91C3C0
:1059E00001A0A2850146254536C697B0FF1FE78076
:1059F00020C5B2462686A285294597B0FF1FE780BD
:105A000020C45DBF1D71494697F501009385C558B7
:105A100017050200130585D786CEA2CC97B0FF1FCD
:105A2000E780E01501E917F5010013052558EFE0BF
:105A3000A12701A0B7F700E023A40700795798CB6E
:105A40003D4798C30564B7E700E023A087180F100F
:105A5000000017C7FF1F1307A73523A0E19A1307FC
:105A600000F8A38AE7401306C0038145480897B0B1
:105A7000FF1FE780A00597F7FF1F9387E7B63ECA91
:105A8000896793870780FC849D673ECEB707010531
:105A9000938707103ED0ED472312F1028547230379
:105AA000F10297070000938747D7BEC4970700000D
:105AB000938767EFBEC6930754D12314F10297F77B
:105AC000FFFF9387C7003EDAB7F50700970700008E
:105AD000938767D63EDE814697070000938787D37A
:105AE0007000E1051945BEC097B0FF1FE78040B5C3
:105AF00019466C001305E102EFE0AFB2D24781C74F
:105B0000BC8463F3870001A04808EF00F042AA8537
:105B100001C917F501001305A54AEFD0517701A07F
:105B2000F640664425618280411117050000130587
:105B3000A5D706C622C4EF00903D1384419A08A061
:105B4000092808202244B240130600328965410129
:105B500049A5397106DE13078008F337078093F7EC
:105B600087083EC20F100000B7170040930570056C
:105B70002380B704130680FA2380C7040F100000A7
:105B800083C6F70293F6A60FA387D70223800704E4
:105B90009246F3A606800F10000073370780137734
:105BA00087083AC40F1000002380B7042380C7047D
:105BB0000F10000003C7F70213672700A387E7024F
:105BC00023800704A247F3A707800F1000000545B4
:105BD000EFE0CFAF3539814701478146054685451E
:105BE0001305407EEFE06FB3680013064002814565
:105BF00097B0FF1FE78080EDB707C0A83ECAB78700
:105C0000E803938707D03ECC97B7FF1F938727936E
:105C10003EC6680097B7FF1F9387E7933EC8EF0023
:105C2000305EF2502161828082803D897D159547EA
:105C300063E5A70E17F701001307C7443345E520B6
:105C40001C41011106CEBA9782872C001305403003
:105C5000EFB021462C000545EF40405517F50100F7
:105C600013050538EFE04104F24005618280B82158
:105C70008D4717F501001305A537E317F7FEF2402E
:105C800005616FE06102B8219547E31FF7FCBE256F
:105C90000D6613060620914503C531842398F182D1
:105CA0000D2B17F501001305A535D1BFB8218D4780
:105CB00017F5010013058535E318F7FAC9B7BC21BC
:105CC000114717F501001305E535638CE702194705
:105CD0006392E702EC2117F5010013056536EFD05A
:105CE000115B854730008545130550305C84EFB06B
:105CF000614B9DBF1547E396E7FE17F501001305BD
:105D0000E535EFD0717AF1BFF240AC2117F5010013
:105D10001305453605616FD0915782803688BA8663
:105D20003E876315080094226FF0BF978547631480
:105D3000F8006FF05F998947631EF8004111130660
:105D4000401F894503C5318406C66121B240014523
:105D50004101828001458280011122CC06CE2E8431
:105D60009397556063D0070203C5318497B0FF1F36
:105D7000E78040C611C1FD221315F468F240624469
:105D80000561828093F7150013C51500E5FB93F7B5
:105D9000450099CF83C731841307401F81462146B0
:105DA000A14503D50183EFB0411013454400F9B775
:105DB00093F785009DC3014789460946814503D570
:105DC0000183EFB08166AA8517F501001305052D43
:105DD000EFD0F14B1345840055B713F5250059DD7D
:105DE000B7070200938707207400114685450145D7
:105DF0003EC6EFF00FD013060032894503C531844B
:105E0000C92E134524009DBF01111705000013057D
:105E1000E5F406CE22CC26CAEF00700F93843184BD
:105E2000054488A070008545130550304086EFB0CA
:105E300061371386C1839D4513056030EFB081360D
:105E400017E6FF1F1306462FE94513057030EFB024
:105E5000613517F601001306E625D5450145EF40EB
:105E600050498D4770009145130570405C85408412
:105E7000C08502C6A3040100EFA0012130008545C2
:105E800013050040EFA0412013069100854513053E
:105E90001040EFA0611F1306A100854513052040A7
:105EA000EFA0811E1306B100854513055040EFA0F9
:105EB000A11D99477000854505455C86EFE05FE7C9
:105EC000EFF08FF597E5FF1F938505261385418336
:105ED000EFF0EFC062448820F240D244854505616E
:105EE00017D3FF1F6700E3BD4111114506C6EFD070
:105EF000FFF81305503497A0FF1FE780C036B7178F
:105F00000040116723ACE70AC1450545EFE0FFB249
:105F100085452165EFE05FAA8D451165EFE0DFA9BA
:105F2000EFE0FFC21705020013054586EFD0D157F9
:105F3000D13CDD3EEFB0A14FEFF04FB4F13597A06B
:105F4000FF1FE7808063184183A785FF6319B700AF
:105F50001CC1FD5723AC05FE238FF5FE8280232C48
:105F6000F6FEC5BF411122C437E400E026C204405A
:105F70003707200006C6F98C2320E4180F10000014
:105F800009E9232094101545B2402244924441016E
:105F900082800347E5FF9307F00F6306F700232095
:105FA00094101145D5B797C0FF1FE780404E0145BB
:105FB00023209410D1BF41114AC037E900E022C428
:105FC00003240900B707200006C626C27D8C2320C3
:105FD000F9180F10000089E523208910154515A038
:105FE000AA849707002083C737E02E8563F5F40065
:105FF000894763EE9700BD37B7E700E023A087101D
:106000000D45B2402244924402494101828083A757
:1060100085FF99E703C7E5FF9307F00F6308F700D3
:106020009137B7E700E023A087104DBF238F95FE7F
:106030001385C19A97B0FF1FE7800092A16526855E
:1060400097D0FF1FE780E0A701452320891055BFA7
:1060500023A6019A82804111B7E700E026C284435B
:106060003707200006C622C4F98C23A0E7180F10BA
:1060700000009707002083A7A7DB1384418491C702
:1060800082971C40AA971CC021A083A7C19BEDFB4F
:106090000840B74703009387D73F3305F502B7A7FA
:1060A0002600938737ECB2403E9508C02244B7E7FC
:1060B00000E023A09710924441018280B7E700E0FE
:1060C0009843B706200023A0D718758F0F10000043
:1060D0009706002083C656D1637ED50083A6819C97
:1060E0003325D5201621B3F5B6400EA123A0E71025
:1060F0000145828023A0E7100D4582807971B7E7C2
:1061000000E026D284433707200006D622D44AD0A6
:106110004ECE52CCF98C23A0E7180F100000930745
:1061200005FF93F7F70F7D47636FF7083147330794
:10613000E50283A7C19CBA979C43D1C7135445007D
:106140003D893315A028AE89B345050822852EC6A2
:1061500097D0FF1FE78040852A8929C9B24522854B
:10616000170A0020130ACACF913F83A7C19B8297C9
:106170008357CA002A848146338737031306006495
:10618000B3B7370313050732B335E500BE95EFD03B
:106190006156B307850083268A003E8763E4A70023
:1061A00063E4D7003387D7402324E900B7E700E052
:1061B00023A097100145B250225492540259F2493B
:1061C000624A45618280B7E700E023A09710094545
:1061D000DDB7797122D437E400E04AD00329040006
:1061E000B707200006D626D24ECE52CC56CA5AC881
:1061F0005EC63379F9002320F4180F1000009707CA
:10620000002083C777BE6376F50083ABC19B63979D
:106210000B00B7E700E023A0271199A0970A002000
:10622000938A0AC403AB8A00B74736FE938707C830
:106230003E9B83D7CA002E8AAA84B385C702B2893F
:106240008146B3B7C70213850532B335B5001306CF
:106250000064BE95EFD0014A6370AB022320241185
:106260000145B250225492540259F249624AD24A2C
:10627000424BB24B45618280829B83D7CA002A84FD
:1062800013060064B38537038146B3B7370313851C
:106290000532B335B500BE95EFD0C145B3078500D3
:1062A00003A78A003E8463E4A70063E4E700338425
:1062B000E740D285268597C0FF1FE780E06E01C9C1
:1062C00000C5B7E700E023A02711054559BF93E5B6
:1062D00004F04145B3C5050897C0FF1FE780C00E15
:1062E00011E99707002083A7A7B585D7A685114593
:1062F000829705B71387419C1C4389EF08C38547E4
:106300002326050000C52311450104A11CB1232249
:10631000050045BF3E87DC47F5FF48C7CDB779711B
:10632000B7E700E026D284433707200006D622D400
:106330004AD04ECE52CC56CA5AC85EC662C466C255
:10634000F98C23A0E7180F10000025C12A892E8A96
:10635000B28AB6894144B14C138BC19C130C000323
:10636000B30B940383270B00DE979C43B9EF1355BF
:1063700044409375F40056861375F50FB315B02895
:10638000B3C50508B93531C183270B00DE9723A0BB
:10639000270123A247016384090023808900B7E70E
:1063A00000E023A09710014521A023A097100945E4
:1063B000B250225492540259F249624AD24A424B94
:1063C000B24B224C924C456182800504E31A84F959
:1063D000B7E700E023A097102145D9BF011122CCD7
:1063E00037E400E026CA04404AC84EC652C406CE6E
:1063F000B70720002A892E8AB289FD8C2320F41841
:106400000F100000F933D2854A8597C0FF1FE7803F
:10641000A05901ED232094102145F2406244D2445A
:106420004249B249224A056182809707002083D7FA
:10643000E7A3B38537032A89130600648146B3B7FF
:10644000370313850532B335B500BE95EFD0812AE9
:106450002322A900232094100145C1B7011126CAA7
:10646000B7E400E04AC803A9040022CC4EC6B7072F
:10647000200006CE52C4AA892E843379F90023A0C5
:10648000F4180F10000097C0FF1FE780E051170AB3
:106490000020130A6A951DE1A2854E8505318347C8
:1064A0000A006380370523A024111945F240624495
:1064B000D2444249B249224A056182802311050033
:1064C000A2854E85E53E83470A006386370123A0F7
:1064D00024110145E1BF1387619B1E23C18F1EA3B9
:1064E000FDB79387619B9A23598C82A36DBF0111DD
:1064F0004AC837E900E022CC03240900B70720008E
:1065000006CE26CA4EC67D8C2320F9180F10000037
:106510009307F00263E5A704B144B304950293899D
:10652000C19C83A70900A6979C4395CB9375F50062
:106530001181B315B028B3C505080D3783A709002D
:106540000145A69723A0070023A207002320891056
:10655000F2406244D2444249B24905618280B7E7C1
:1065600000E023A087100945E5B74111B7E700E037
:1065700026C2844306C622C437072000F98C23A014
:10658000E7180F10000097C0FF1FE780E04119E9EE
:106590000145B2402244B7E700E023A0971092449F
:1065A00041018280004583A7C19B82979707002005
:1065B0009387078B6367A4029847B74636FE938696
:1065C00006C83305A4403697E374E5FC130700645E
:1065D000B335E502D22781463305E502EFD08111BC
:1065E0004DBF98473A94C9BF411106C623ACA19A42
:1065F0000295B2409707002023A4A78001454101DE
:1066000082804111514681451705002013050584FC
:1066100006C622C426C223A2019C23AC019A23AE43
:10662000019A238A019A23A8019A97A0FF1FE78065
:10663000E04913068002814517F5FF1F1305C57A4F
:1066400097A0FF1FE7808048EFA0316797F7FF1FF3
:106650009387077CE82BFC3B17F4FF1F1304C478D7
:1066600085453E958D473305F502930700049384D5
:10667000C19C39051375F50F3375F50A994728A0A4
:106680003305F502130505243345050897C0FF1FA0
:10669000E78080D388C03DC53020994781453306C7
:1066A000F6021306062497A0FF1FE78020429C40B5
:1066B00038209384019C938707249CC0B347F7201C
:1066C00023A4F19CEFF0DF9821291C30944017C6D9
:1066D000FF1F1306862533C7D72010C31387170063
:1066E0001377F70F17C6FF1F1306061E3347D72071
:1066F00010C313873700890718B093F7F70FB3C794
:10670000D72090C3B240224492444101828097F640
:10671000FF1F9386666D2A87BC228832637BF50053
:106720001306150083A7019C90B2B347F52098C3C8
:1067300082801305F00F82801C41F5C7370700F0F7
:106740007D8FB706002089476310D70E5A2141116B
:1067500022C406C62A8479C319469305F00F690539
:1067600097A0FF1FE780C04905478D476308E50AEA
:106770001C4491C75858994755C3185C45C3130624
:10678000C003814517F5FF1F1305856897A0FF1FFC
:10679000E780C0331306C003A28517F5FF1F13055A
:1067A000256797A0FF1FE780E02B97F7FF1F9387D0
:1067B0002766DA2701E713070010DAA7F82719E39D
:1067C0000547F8A79A2B19E36D479AABF83719E3F9
:1067D0001547F8B7B82B19E30547B8ABB83B19E331
:1067E000F837B8BBD83B11C7937637000983F4ABB1
:1067F000F8BBD82B19E35547D8AB182C01E7130782
:10680000C00398AF9C5791C7829797F7FF1F2391BA
:10681000A75EFD572380F1B6ED338147B240224495
:106820003E854101828089473E85828079714ECEC6
:1068300097F9FF1F9389C96283A7090006D622D45E
:1068400026D24AD052CC829713090064B33525036F
:1068500003D6C900814617FAFF1F130AEA5832C649
:1068600033052503EFC0116983248A012A84014579
:106870006386840232463305944063EF840003A5A7
:1068800089008146B335A9023305A902EFC091669C
:10689000B307954033858700232C8A00B2502254D9
:1068A00092540259F249624A45618280011122CC18
:1068B0000A852E84414697E501009385E55606CE6C
:1068C000EFD02FD618083324E420035704FFF240FA
:1068D000624497F7FF1F83D7875937450F00BA9750
:1068E000130505243355F5020561828097F7FF1FD4
:1068F00083D7E75751471D45637CF7027947194510
:106900006378F7021307200315456373F702130733
:10691000B0041145637EF700130740060D45637907
:10692000F7001307600909456374F70013B5B70F43
:106930008280411122C426C22E84AA8406C6058CF8
:10694000EFF06FF1B327A402B240224433859700E1
:106950001375F50F924441018280411122C426C271
:106960002E84AA8406C6058CEFF0EFEEB327A402AE
:10697000B2402244338597003345050892444101D3
:106980008280411122C426C22E84AA8406C6058CA8
:10699000EFF06FEC3335A402B240224426959244C6
:1069A0004101828041114AC017F9FF1F130949466E
:1069B0008327890206C622C426C28DCF829797F408
:1069C000FF1F938464429E242A848DC733F7A70A4D
:1069D00033470708B3D7A70AB3C70708B307F74079
:1069E00051476359F7008327C90291C38297EF503B
:1069F000B12682A4B24022449244024941018280DD
:106A0000011122CC23A8019C17F4FF1F130444405A
:106A10005C5406CEAA8581C72AC68297B245C1C5F5
:106A20009C410545ADCF9C45BDCBDE25ADCBFE25BC
:106A3000BDC79C2981CB7C287838BA976341F5067D
:106A4000DC41B1CF1306400217F5FF1F1305454186
:106A500097A0FF1FE780000197F7FF1F938747402C
:106A6000984323AEE19A183C19EFCA279307805741
:106A700037460F003305F50213060624814681458B
:106A8000EFC0514708BC183C9D4763E4E700A147AD
:106A90001CBC170500001305A5D9B9360145F24005
:106AA00062440561828097F7FF1F23AD073497F793
:106AB000FF1F9387E73A17A7FF1F1307876098C345
:106AC00037873200FD56130727A194C7D8C797F719
:106AD000FF1F238F0738B7C7004023A4D726ADBFB9
:106AE000011122CC17F4FF1F13048432084406CE90
:106AF00026CA4AC801E90545F2406244D2444249E7
:106B0000056182805C58E5DB185C75D770008545AF
:106B100082971844B247E300F7FE4A249305E00445
:106B200017F9FF1F1309492C97C0FF1FE780C08981
:106B30002320A90269D152249305F00F814497A024
:106B4000FF1FE780A0F87C240326090263C1F4023A
:106B5000328597C0FF1FE7808093014597F7FF1F9D
:106B600023A4072A97F7FF1F23A2072A71B74E24F1
:106B70001844B3879502898185043385E7001C5C3E
:106B800008C28297C9B7011122CC17F4FF1F130462
:106B900024281C4426CA4EC656C206CE4AC852C431
:106BA0005AC0AA84AE89B28A6388071A585839CB6A
:106BB0001307F01F6366A71017FAFF1F130ACA22F4
:106BC00003290A02631209044A249565938515E096
:106BD00097B0FF1FE780407F2320AA022A861DC1AD
:106BE0004E245C580844898182971C4403290A0278
:106BF0002322FA028947639EF402C1479305090CD8
:106C00006381F9042945BDA003274A02E384E7FE16
:106C10004A249565938525E097B0FF1FE780C07AE9
:106C20002A896DD14E242A865C580844898182972E
:106C3000D1B78D47639AF404C1479305490DE39397
:106C4000F9FCB8219307A0056312F7069E21639F04
:106C500097044E869105568597A0FF1FE78080E038
:106C600083270A02638727014A8597C0FF1FE780B1
:106C700000820145F2406244D2444249B249224A6C
:106C8000924A024B0561828091476397F400930515
:106C9000890EE39999F675B793070010E394F4F61B
:106CA000A147E3E137F79305090F61BF83270A0284
:106CB000E38A27F54A8597B0FF1FE780407D99B7A3
:106CC0001D67637FE506130705E099463347D70242
:106CD000562417FBFF1F130B2B113307D702330A60
:106CE000F70083274B026396470103290B026311C8
:106CF00009024A249305E00497B0FF1FE780C06CA7
:106D00002A8909D14E245C582A8689815285829726
:106D100091451307A00593F5C50FB307B900B42338
:106D20006399E60296236394960291054E86CA956E
:106D3000568597A0FF1FE780E0D283270B021DB77F
:106D4000A166F916E3E0A6EC3307E54051B7AC3392
:106D5000D9B783270B02A9BF97F5FF1F83A5C50AE3
:106D6000E38205EA91479306A00593F7C70F33879F
:106D7000F5003023E318D6E81223631B9600910731
:106D80004E86BE95568597A0FF1FE780A0CDD5B54E
:106D90003C33E1BF97F7FF1F93878707984721C7C9
:106DA000985F31C385466310D504411122C417F49E
:106DB000FF1F13046403105006C615C2CE274850A7
:106DC00089810297085097B0FF1FE780406C97F7C2
:106DD000FF1F23AB070297F7FF1F23A90702B2404B
:106DE000224441018280828001114AC817F9FF1FA5
:106DF000130909024EC68329890022CC26CA52C42F
:106E000006CE56C2AA842E84328A638D091A83273D
:106E1000890399EB2945F2406244D2444249B24980
:106E2000224A924A0561828083274903E5D7930766
:106E3000F01F63E0A70C97F9FF1F9389E9FA83A776
:106E4000090295CF0325890083A749026395A7040A
:106E50008947639FF404C147E31EF4FA03A50902BE
:106E60001305050C9307A0053CA106A12286D28537
:106E7000110597A0FF1FE780E0BE014569BF0355DC
:106E8000C9009305E00497B0FF1FE780E05323A0FB
:106E9000A9024DF941B78355C9008327490303A6C9
:106EA0000902898182978327890023A2F9024DB7BD
:106EB0008D47639AF400C147E31EF4F403A5090269
:106EC0001305450D45B791476399F400E31494F415
:106ED00003A509021305850E71B793070010E39B04
:106EE000F4F2A147E3E887F203A509021305050FB1
:106EF00095BF9D676373F506930705E01947B3C710
:106F0000E7020357C90097FAFF1F938AEAEDB38798
:106F1000E702BE9983A70A02A1CB83A74A02639125
:106F2000370703A50A0291479305A0051308F00F40
:106F300013F7C70FB306E500B0226313B60683D874
:106F40000600B032639C9804B307F64063C687041A
:106F500011072286D2853A9529BF21677917E36BFD
:106F6000A7EAB307F54071BF0355C9009305E004D4
:106F700097B0FF1FE780404523A0AA0259FD59BDE5
:106F80008355C9008327490303A60A0289814E85D8
:106F9000829723A23A0371B723900601B28749BFB3
:106FA0003386870011061308F00B6374C8002D4563
:106FB0009DB5ACA213063400719A1106B29786A251
:106FC000BCB279B797F9FF1F938909E283A7090239
:106FD0009DCB03A5090291471308A0059305F00F67
:106FE00013F7C70FB306E500B0226310060583D878
:106FF0000600B03263979800B307F640E3DA87F4EF
:107000008EA2B287F1BF8347E9000355C9009305FB
:10701000E0043305F5023345050897B0FF1FE7800C
:10702000A03A23A0A90255F5F5B30356C90083453C
:10703000E900B385C502338687001106E3E9C5F68A
:107040002381060185BF01458280011106CE2EC62F
:10705000EF70B07619C5B245F2402A2105616FB0D4
:10706000B071F240494505618280A38E019E238E56
:10707000019E23AC019E23AA019E23A8019E23A664
:10708000019E23AC019C23AA019C97F7FF1F9387C5
:1070900067DF3706840390D33707B40037C607008D
:1070A00098C3130606B83747A000D8C3D0D3370714
:1070B000100041669306070AB705500093080601C1
:1070C00094C723A4170393860501930816F8D4C721
:1070D00023A61703B706D007B7087F0013080705D4
:1070E00013850601410723A81703B0C393081600B0
:1070F0009386060513861500D8CBF8C323A807018D
:1071000088CF23AE070023AA170323AC070223AEC0
:10711000070223A40704F0C7B4CB23AA0704ACCF0B
:1071200023AE0705B8D33707A000F8D71307000A26
:10713000B8DB1307C01CF8DB37071400B8DF0547BE
:10714000F8DFE8D323A40706930710F817F7FF1F0B
:10715000232AF7DA8280011152C42A8A214522CCDF
:1071600026CA4AC84EC606CE2E84B2893689BA844B
:107170009790FF1FE780E07F05C9930700FD1CA1E2
:107180009947A30045013CA12303250164B12312C3
:107190003501AA8522856244F240D2444249B2496F
:1071A000224A05616FE03FE1F2406244D244424925
:1071B000B249224A0561828023ACA19E828023AA23
:1071C000A19E828023A8A19E828023A6A19E828068
:1071D000011122CC26CA4AC806CE4EC62A89AE84E0
:1071E0000144B309890063699400F2406244D244C7
:1071F0004249B24905618280EFE0FFE5B3470508E7
:10720000A1832380F9009307140093F7F70F8509F2
:1072100063F89700CA97090488A31374F40FD1B7D1
:107220003E84D1B7411122C417F4FF1F1304C4CD0B
:107230006A20C16706C6FD17630CF50017F6FF1F2D
:10724000034686EE9385C19DEF70B038FD577EA052
:10725000B24022444101828009C925151375F50FFA
:107260001335850E134515008280014582802390D9
:107270000500C9C2797122D426D252CC56CA5AC846
:1072800006D64AD04ECE5EC62A8B2E8AB28A368465
:10729000814463FF5405B307940083C90700138931
:1072A00014003349090863850904B387290163C1C0
:1072B000FA04B307240183CB07005E85713F0DC933
:1072C0009387F9FF2310FA0063906B0305093305D8
:1072D0002401B250225492540259F249624AD24ACD
:1072E000424BB24B45618280CE94B3C4040855B77B
:1072F0000145C5B701458280011122CC26CA4AC882
:107300004EC606CE97F4FF1F938404C02E89D0C8C2
:107310008CC8C8C42A8441469305F00F4A8597A0BB
:10732000FF1FE780E08D8549631935038848C14513
:10733000453541469305F00F228597A0FF1FE78052
:10734000208C0549631525036244C844F240D244A9
:107350004249B249C1450561A5BD414681454A85BD
:1073600097A0FF1FE780C089E31535FDC1B74146EF
:107370008145228597A0FF1FE7808088E30625FDD1
:10738000F2406244D2444249B249056182804111CF
:1073900022C426C22E84AA8413060002814517F552
:1073A000FF1F130565B606C64AC09790FF1FE7800A
:1073B000E07117F9FF1F130929B597F7FF1F2387FE
:1073C00087D6A3019900EFB0303D854719C18147A9
:1073D00049452300F900B240224492440249410148
:1073E00082809DC91DC985476318F500DC3193E78C
:1073F00007FCDCB10545828089476316F500DC3166
:1074000093F7F703FDB78D47E316F5FEDC3193F7ED
:10741000F70393E70704F1BF014582808DC10DC1D9
:10742000DC311307000C054593F7070C638AE7006E
:107430001307000409456395E7000D458280014567
:107440008280411122C4005D06C626C21DC8AA84DE
:10745000085009C597B0FF1FE7806003485009C571
:1074600097B0FF1FE780A002085409C597B0FF1F1F
:10747000E780E001228597B0FF1FE780400123AC41
:107480000402B240224492444101828009ED97F700
:10749000FF1F83C787A717F5FF1F130565A881CBBB
:1074A0001385419E828017F5FF1F130565A7828013
:1074B00017F5FF1F034565A5828017F5FF1F0325FC
:1074C00065A5828017F5FF1F032505A5828097F724
:1074D000FF1F83A7A7A48843828017F7FF1F130706
:1074E000A7A2544B9C4285079CC228339307F00FF8
:1074F0006307F500916517B3FF1F6700835C828007
:10750000011122CC06CE2E8432C6EF70103B91477B
:10751000B245631CF50083A7C19E89CF9C4399CBDC
:1075200022856244F2400561828783A7419F99C307
:10753000DC43F5B7F240624405450561828079710C
:1075400022D42A844A214ECE06D626D24AD097B0DB
:10755000FF1FE780A0699389C19F31E583C40900BB
:107560009307F00F639AF40083C5D19F2685EFF04F
:10757000DFAD19E1238E019E4A20EF701034914750
:10758000631CF50097F7FF1F938707985620FA238F
:107590006394E6007D57FAA3B250225492540259E4
:1075A000F24945618280582504212A893AC6513D15
:1075B0004A85EF70D06D4A20EF70702B83C70900A9
:1075C000324799C3E38297FA9307F00F5220E3857D
:1075D000F4FA74202820A685BD3E79BF79715AC877
:1075E0002A8B2E854ECE52CC56CA06D622D426D20F
:1075F0004AD05EC62E8AB28AB68997B0FF1FE7804E
:10760000E05E75C5045D2A89FDC09C5013054003EA
:1076100091E361459C5489C79307450133C5070829
:10762000638609009307C50133C50708DC5089C785
:107630009307750133C507089790FF1FE7806033F4
:107640002A8455C5614681459790FF1FE780004811
:1076500097FBFF1F83CB0B8663940B00834B0900C2
:10766000930700FD1CA0A947A30064013CA02303CD
:1076700054018C50231244011305840191C908C49C
:107680007146130A44039790FF1FE780A03D52857F
:107690008C5491C948C45146130A45019790FF1F65
:1076A000E780403C5285638C090008C87146CE854E
:1076B000130AC5019790FF1FE780C03A5285CC504E
:1076C00099C548C85D469790FF1FE780A039A285FD
:1076D0005E85EFE05F8E2254B2509254F249624AC6
:1076E000D24A424BB24B4A850259456199BBB250CE
:1076F000225492540259F249624AD24A424BB24B46
:107700004561828001114EC6AA892E8526CA06CE01
:1077100022CC4AC8AE8497B0FF1FE780204D21C914
:1077200017E9FF1F0349097963140900034905009C
:1077300019459790FF1FE780C0232A840DC9814512
:1077400019469790FF1FE7806038930700FD1CA043
:10775000B947A30034013CA046A0A2856244F24090
:10776000D244B2494A85424905616FE0DF84F24064
:107770006244D2444249B24905618280797162C44F
:107780002A8C2E8526D24ECE52CC56CA5AC85EC6F8
:1077900006D622D44AD0AE84B28B368BBA8A3E8AC1
:1077A000C28997B0FF1FE780604435C52A894145EB
:1077B0009790FF1FE780E01B2A8431CD4146814529
:1077C0009790FF1FE780803017E5FF1F0345856E08
:1077D00019E103450900930700FD1CA0BD47A30064
:1077E00084013CA023047401A30464012305540113
:1077F000A305440146A023263401A2852254B25099
:1078000092540259F249624AD24A424BB24B224C3C
:1078100045616FE04FFAB250225492540259F24936
:10782000624AD24A424BB24B224C456182800111DE
:1078300026CAAA8439454AC84EC652C406CE22CCAE
:107840002E8AB28936899790FF1FE780801215CD66
:107850009307000D1EA1B1472A84231245013CA1C4
:10786000CE85190519469790FF1FE780A01F2306B4
:107870002401A2856244F2404249B249224A13F5EA
:10788000F40FD24405616FE00FF3F2406244D2443A
:107890004249B249224A05618280411126C206C688
:1078A00022C44AC097E4FF1F93840466B83093074C
:1078B000F00F6308F7042A8939459790FF1FE78086
:1078C000400B2A841DCD930700FD1CA1A3002501B8
:1078D0002301050097E5FF1F938585640D05194673
:1078E0009790FF1FE78000189E24A285A8303EA431
:1078F0009C305CA42244B2409244024941016FE0B2
:107900008FEBB2402244924402494101828001112E
:1079100056C2AA8A314526CA4AC84EC652C406CEA5
:1079200022CC5AC0AE84328AB6893A899790FF1F1A
:10793000E78020043DC92A84268597B0FF1FE78091
:10794000E02A09C55825A1476311F70417EBFF1F6B
:10795000034BBB5B930700FD1CA09D47A300540194
:107960003CA046A023134401231434012315240111
:10797000A2856244F240D2444249B249224A924A24
:107980005A85024B05616FE00FE317EBFF1F034BB6
:10799000FB79E3910AFC83A701B39C47C5DFCA8644
:1079A0004E86D2852685829775B7F2406244D244CE
:1079B0004249B249224A924A024B056182804111F2
:1079C00026C2AA84214522C406C62E849790FF1F92
:1079D000E78020FA15C5930700FD1CA1C5473CA10F
:1079E0003C30AA853CB15E205EA17C207CA17C302D
:1079F0007CB12244B2402685924441016FE0AFDB66
:107A0000B240224492444101828041114AC02A89F5
:107A1000714526C206C622C4AE849790FF1FE78038
:107A200040F53DC5930700FD1CA1F5473CA1BC30C6
:107A30002A849385C4003CB1DE2031051946231CFD
:107A4000F5FEFE20231DF5FE9E24231EF5FEBC241C
:107A5000230FF5FEBC34A30FF5FE9790FF1FE780C0
:107A60006000BC28A2854A853CA8DE285EA8FC28C8
:107A70007CA8FC387CB89C2C1CAC9C3C1CBCBC2C52
:107A80003CAC2244B2409244024941016FE0AFD283
:107A9000B2402244924402494101828001114AC805
:107AA0002A89614526CA4EC606CE22CCAE89B2844A
:107AB0009790FF1FE780E0EB25C1930700FD1CA115
:107AC000BC302A84938584001CB195473CA1FC30CE
:107AD00011051946A30FF5FE9790FF1FE78080F868
:107AE000DE2023063401A2853EA4BE2C4A857EA456
:107AF000DE2C1EA8FE2C3EA883C704025CA883C708
:107B000014025CB8BE30F240D2447EA862444249BE
:107B1000B24905616FE02FCAF2406244D244424943
:107B2000B24905618280411122C406C617E4FF1FD5
:107B30001304843D3C208DC7AA8519461385419EB8
:107B40009790FF1FE78000F228209385419EEFF079
:107B50005F892244B2401385419E41016FB0404489
:107B6000B2402244014541018280411126C206C62D
:107B700022C44AC097E4FF1F93840439B8309307A6
:107B8000F00F6300F7042A8929459790FF1FE780CB
:107B900040DE2A841DC5930700FD1CA1A147A30058
:107BA00025013CA1BC209385419E1105A30FF5FE44
:107BB00019469790FF1FE780E0EAA830A285EFE022
:107BC0008FBFB8208D47631DF70083A7019F89CB26
:107BD0009C4799C72244B24092440249410182879E
:107BE000B24022449244024941018280797122D4F8
:107BF00006D626D24AD04ECE52CC56CA09444DCDD6
:107C00002A890A212E8A514497B0FF1FE78000FE7F
:107C1000AA845DC197EAFF1F938A0A5183C74A006D
:107C200005474944FD1793F7F70F6377F708582581
:107C3000A1476314F70063110A089C5C4544ADEF4B
:107C40009165938545711305C00297A0FF1FE780DA
:107C5000A07788DCAA894D4425C11306C00281455E
:107C60009790FF1FE78080E68357090093864900BD
:107C700036852391F90071469305490036C69790E1
:107C8000FF1FE78020DE89472380F900DC24B2460D
:107C90000356090083C50A00E11713B51700EF80EA
:107CA00060292A8463060A00D2852685EF70902C0D
:107CB00001C42685EFF0EFF8B25022852254925489
:107CC0000259F249624AD24A4561828097E7FF1F12
:107CD00083C7C745FD1793F7F70F05476377F70885
:107CE00001114AC806CE22CC26CA4EC652C43289D9
:107CF00089472DC22A8AAE89368497B0FF1FE78054
:107D0000E0EEAA84D14739C5485509C597A0FF1FA1
:107D1000E780E077F1454A859790FF1FE78020E1F3
:107D2000C8D4AA85CD471DC5D824A147631DF70235
:107D300009C8382D1229930625015285EF70B02904
:107D40002A84D820936747006384090093676700FB
:107D5000DCA0A287F2406244D2444249B249224A9E
:107D60003E85056182800144E9BFC9473E85828026
:107D70009307000463EAA70097E7FF1F9387871024
:107D80003325F5200A21828041657D15828001110D
:107D900022CC2A842E8526CA06CEAE8497B0FF1F39
:107DA000E780C0E40DCDB7470F009387F72309455F
:107DB00063E2870281450A8541469790FF1FE7806D
:107DC000E0D0A68560800A8541804081A301010042
:107DD000EF804002F2406244D2440561828049450E
:107DE000D5BF97E7FF1F2382A73482806F80E00E04
:107DF000797152CC2A8A328526D24AD04ECE56CAC2
:107E00005AC85EC662C406D622D42E8CB28A368B7D
:107E1000BA8B3E89C289C68497B0FF1FE78000DD18
:107E200005C92A84631A0A1893774B000343450057
:107E300085CF1363230163940B1663100914639FAA
:107E4000090885E81C5C1373B3FF23026400C5EBCB
:107E5000B250225492540259F249624AD24A424BD9
:107E6000B24B224C456182801373D3FF136303012D
:107E7000D9B713634300230264009C484146A6859A
:107E80001CD4130584019790FF1FE780A0BD6313E6
:107E90000C12638C0B0A485409C597A0FF1FE7809A
:107EA000005FF1455E859790FF1FE78040C848D48A
:107EB000005C59DC1C5091EB9165938535717145DF
:107EC00097A0FF1FE780405008D008500DC17146B1
:107ED000DE859790FF1FE780E0B811A81363430089
:107EE00023026400D9F8005C630C0C0235D0639A5D
:107EF0000902A5E029A0005C21DC63940902225458
:107F0000B2509254F249B24B224CCA865A86025958
:107F1000424BD6855285D24A624A45616FF00FECDA
:107F200005D85C5091EB9165938525715D4597A0CF
:107F3000FF1FE780604948D0485045DD5D46CE854B
:107F40009790FF1FE78000B26DB7005C11D0E39AF5
:107F500009FC1C5491EB916593851571514597A0CF
:107F6000FF1FE780604608D4085451D95146A685C2
:107F70009790FF1FE78000AF59B7136343002302B8
:107F80006400E39C04EEE3080CF6485405EDF1456B
:107F90004A859790FF1FE78080B948D431A81363C2
:107FA000430023026400E39A04ECE3060CEEE31EB4
:107FB00009FCFDBDE31B09FC005CE30B04E8E39B4B
:107FC0000BEE35B797A0FF1FE780604CC9B70111D2
:107FD00026CA52C406CE22CC4AC84EC62A8AAE84CD
:107FE00097B0FF1FE78080C035C12A893945979037
:107FF000FF1FE78000982A8431C997E9FF1F83C9D2
:1080000069EB63940900834909009307000D1EA0E2
:10801000AD473CA0930569001305340019469790BD
:10802000FF1FE78020A493F714005CA493D41448A6
:1080300044B423154401A2856244F240D24442492B
:10804000224A4E85B24905616FD0FFF6F240624484
:10805000D2444249B249224A0561828001114EC68A
:1080600052C456C206CE22CC26CA4AC8AA8A2E8A32
:10807000B28997B0FF1FE78060B735CDAA8413059A
:10808000C0029790FF1FE780C08E2A842DC517E994
:10809000FF1F034929E26314090003C90400930781
:1080A000000D1EA0E9473CA0938564001305340031
:1080B00019469790FF1FE780E09AD2852315540157
:1080C0001305C40041469790FF1FE780A099CE8515
:1080D0001305C40141469790FF1FE780A098A28531
:1080E0006244F240D244B249224A924A4A85424905
:1080F00005616FD05FECF2406244D2444249B2491C
:10810000224A924A0561828003A5419D01CD411119
:1081100006C697A0FF1FE7808037B24023AA019CC4
:10812000410182808280411122C406C626C24AC013
:108130002E8497B0FF1FE78060AB29CD00D517E9EB
:10814000FF1F034929D7AA846314090003490500C6
:1081500041459790FF1FE780C0812A8405CD930792
:10816000000D1EA1A5473CA1DC30938564001105DC
:10817000A30FF5FE19469790FF1FE780A08E9C5431
:10818000A285B2405CC4224492444A85024941011E
:108190006FD07FE2B2402244924402494101828082
:1081A0005D71A2C4A6C286C6AA842E8497B0FF1FA2
:1081B000E780C0A30DC954251147AA874945639F8D
:1081C000E6009C5F91C3E02B979600009386E6C380
:1081D0000A86894526854080EF70C050B640264407
:1081E0009644616182805145D5BF97E7FF1F83C7E1
:1081F000E7F3FD1793F7F70F0547637AF70441118B
:1082000026C206C622C44AC0B284894715CA2E892E
:1082100097B0FF1FE780809D2A84D14715C1630670
:1082200009005C2193E727005CA14146A685130560
:1082300084019790FF1FE780E0829C481CD481470F
:10824000B2402244924402493E8541018280C9479E
:108250003E858280011122CC26CA06CE2A84AE84B5
:1082600097B0FF1FE780809819C96C00228544866B
:10827000EF70E04CF2406244D24405618280514587
:10828000D5BF6F60D058C1671387E7FF6391E502E0
:1082900083A7419F91EB494582804945B2402244E2
:1082A00092440249410182809C43F5D78287411163
:1082B00022C426C24AC006C6FD172A892E84B2846B
:1082C0006394F50283A7419F89C79C4399C3829712
:1082D00011C5A6854A85EFE05FD769F1238E219FFE
:1082E000A38E919E01455DBF2E8597B0FF1FE7804D
:1082F000E08F45D51C210D45E39227FB22852244C2
:10830000B2400249A685924441016FA0F04693070E
:10831000000463E1A7064111C16722C426C206C654
:10832000FD172A84AE8409456380F502C5476312B0
:10833000F4022E85EFA0304B97E7FF1F938787B499
:108340003324F420014506A0B24022449244410166
:1083500082809307A0036316F4002E85EFA050429D
:10836000E1BF9307B003E319F4FC13F5F50FEFA099
:108370007041D9B709458280011106CE2AC6EFE0C7
:10838000DFCEEF10B077EF10C044EF80714D324573
:1083900097E7FF1F938747B7130700F0BAA323821D
:1083A00007007D5797E7FF1F938707D8B8A388A3D7
:1083B000F240954505616F508075757126C306C7FB
:1083C00022C54AC1CEDED2DCD6DADAD8DED6E2D495
:1083D000E6D2EAD0EECEAE849397556063D90752C9
:1083E00017EAFF1F130A4AD403450A00130B200A99
:1083F000930BF00F9780FF1FE780C05DC167FD17EB
:108400002A84130C1009954C394D97EDFF1F938D5D
:10841000ADAF3ECC15E01395F468BA402A449A44B7
:108420000A49F659665AD65A465BB65B265C965C94
:10843000065DF64D496182801C20639A670103C97D
:108440003D00E2452A202286EFF08F8BD1A0034920
:108450002A00639A87091C30639097032285EFF006
:108460000F8E2285EFD01FB003450A009780FF1FB3
:10847000E78040562A8479BF6393A7194A2085670D
:10848000A507631AF5040C4497E9FF1F9389C9A750
:10849000882115E51946850517E5FF1F130545A831
:1084A0009780FF1FE780005C03C709008547631CB6
:1084B000F70289472380F900EFA0502E5DB703C76C
:1084C000090085476311F70297E7FF1F238E07A274
:1084D000EFF0AFBC79B709679307C70063EDA70456
:1084E00005076369A702E30E79F7A2854A85EFD0F5
:1084F0009FAC9DBF370700181307F770B357F748B5
:10850000F5C383A7019FB1DF9C43A1DF228582973A
:1085100029F9D1BFF977F917AA972947B3C70708EF
:108520006362F70C17D70100130747BAB3C7E720F8
:108530009C43BA978287F9779387A7FCAA97F1465D
:10854000B3C70708E3F8F6FA3907E31EE5F883A78F
:10855000419FE38807F0DC43E38507F00965A285C6
:10856000390595A883298400E38F09F603C709001C
:1085700097E7FF1F9387479919EB03C7290083C625
:1085800019002207558F9AA703C7390098B394237F
:108590000947E39AE6F403C7090001CB97E7FF1FF9
:1085A0002384079603C5090025B78C338A270D4716
:1085B00098A3EF506058FDB71C448823EFF0EFDA22
:1085C0004DB583A7819FE38E07E89C43E38B07E8C3
:1085D0000965A2852D05829725BF1C449C23E39441
:1085E00007F041B5896793871704E31EF5EE83A76B
:1085F000819FE38807E69C43A285F1FF9DB53D4737
:10860000639EE7044A2089671387D7006306E50065
:10861000138797016318E50083A7419FE38307E46D
:10862000DC43D9BFCD07E310F5ECC16717E7FF1FA7
:108630000357E78DFD17631DF70083A7419FE38272
:1086400007E2DC43E38F07E00965A2854D0561B7CA
:1086500083A7C19EE38707E09C43EDB71307E003C0
:10866000E393E7E83C200547639EE7107C20938A6C
:10867000419D639A070E83A70A006381070E83C991
:1086800007002149683093078400BE853ECEEFE0A5
:10869000FFD868B013064002814568109780FF1F1D
:1086A000E780C0423C30194693058400A307F102DD
:1086B0007C304818A309F1029780FF1FE780803AB9
:1086C0005E207010CA852318F1027E244E85231384
:1086D000F1041E282314F1043E282315F1045C281C
:1086E0002306F104FD57A306F1042317F104EFF06C
:1086F000EFBA3C309DE3DD47835804010358E400A2
:1087000074304E203EC23E28130784003EC0CA8704
:1087100005464E85EF60F03028B083A70A0081C778
:108720001145EFF07F9E9389C19F03C50900E30ABD
:1087300005D283C5D19FEFE05F91E30405D23430C9
:10874000930710036389F600522083C509004A8706
:108750003685EFE05FA0238E019E21B397D9FF1FDE
:1087600083C9B97A39BF83A7019F97D9FF1F83C9EE
:10877000D97999C3DC4399E3114929B7814501456A
:108780008297DDBFF91793F7F70F13077002E36CB9
:10879000F7D417D7010013072796B3C7E7209C43E8
:1087A000BA9782877C20938A419DA9EB83A70A0010
:1087B000A9C383C907002149683093772500B1CF49
:1087C00005891307440168B02286CA854E853ACED2
:1087D000EFF0CFAC3C307247A9F3DD478358C401BA
:1087E0000358A40174304E203EC27E2C3EC0CA877E
:1087F00005B797D9FF1F83C9597175BF83A7019F1B
:1088000097D9FF1F83C9797099C3DC4399E3114954
:1088100065B7814501458297DDBF13078400BA859E
:108820003ACEEFE0BFBF724779BF83A7819FE38A4B
:1088300007C2DC43E38707C2228582971DB183A765
:10884000819FE38007C29C47F5B722868D454A2069
:10885000E5BE9305A10213051031EF8091056C1060
:1088600013052031EF80F10472208357C1024A20A2
:1088700063E7C70016240357A10263F7E6009305D8
:108880000002EFA04075F1BE6373E6007AA063F3C7
:10889000D7001EA45A24362412246E200148814792
:1088A000EFA020737DBE2286B14555B783A7819F77
:1088B000E38907BADC47BDBF2285EF00E07655B6F5
:1088C00083A7819FE38F07B89C4BADB72285EF004C
:1088D000A07F41BE0145EF00700E61B683A7019FE6
:1088E000E38307C0DC43E38007C0814505458297E9
:1088F000DDBE83A7019FE38807BEDC43E38507BE97
:10890000A2850945EDB722869305600289B793F7E2
:10891000150099CB83A7819F89C7DC4399C3014583
:10892000829713C51400D5BC93F7250081CF83A788
:10893000019F91C7DC4381C781450545829713C5D7
:108940002400E1BC13F54500E30905AC83A7819D34
:1089500017D4FF1F1304445B99CB85475CA083A702
:10896000019F91C7DC4381C78145054582974844F3
:108970006C10EF70A0346810EFF0EF9A97D7FF1FDC
:1089800083D7675281CF130600643386C7029145AF
:1089900017D5FF1F03454579EFD0BF8313C54400AA
:1089A000ADBC011122CC2A84554506CE26CAEFF073
:1089B0002FBCAA8413054002EFF08FBB2AC6130513
:1089C0005002EFF0EFBAAA86228562443246F240A6
:1089D000B3359000D24405616FA08067397122DC05
:1089E00006DE0D472E84631AE500BA259625F2218E
:1089F0002830CE21EFE0BFF189A809679306D700A0
:108A0000AA876319D504BC21A9C31384419D0C40D6
:108A10008DCDDC87BC31194691054808A309F100CA
:108A20009780FF1FE7800004930700F03ED61C40AC
:108A3000231801002313010202D48823700081450A
:108A4000EFF0CF850545EFF02FEC0545F25062546D
:108A5000216182809306E700E309D5FE9306370182
:108A60006319D500A82175D101478146014681458A
:108A700051B76507E30BE5FC31476319E50017D5EE
:108A8000FF1F03459548EFE09FF3C1B7130760024E
:108A90006319E50017D5FF1F03453547EFE0FFF6E3
:108AA0006DB741677D170145E392E7FAD831C947B1
:108AB000E31DF7F8F625D2250A24AE25EFA0405A8B
:108AC000854711C55D45EFF0AFAAB337A0004C2034
:108AD0002A2030007C84EF6020313C84BDF7930570
:108AE000A10013051031EF80C15C6C00130520312B
:108AF000EF80215C3C851A246373F7001EA43C863A
:108B00003A2463F3E7003EA41E243A246373F7007B
:108B10003EA42A20EFE080777A24562432240E24C3
:108B20002A2001488147EFA0E04805B741114AC01B
:108B300006C622C426C217D9FF1F1309E95E0347E0
:108B400079009307F00F6302F706AA8439CD6825F0
:108B500051059780FF1FE780C0E12A8439C593073C
:108B6000000D1EA1D9473CA1DE205EA1FC207CA106
:108B7000FC307CB19C241CA5DC345CB5F02470A5D1
:108B800015C28C48510508C89780FF1FE78080ED0B
:108B9000A285224403457900B24092440249410132
:108BA0006FD06FC123280500E5B7B240224492443C
:108BB000024941018280C1679386E7FF2A87639B50
:108BC000D50083A7419D99CF9C230D45639DE70068
:108BD0006FA0803DFD1749456397F50083A7419D30
:108BE000E5FB828049458280397122DC06DE26DA87
:108BF0004AD84ED652D456D25AD0182185472A8404
:108C0000630BF7001025930695009305E1010545D8
:108C1000EFE0EFE51DE98147014514201147638D21
:108C2000E60203A781A018338D466307D7028DC7DC
:108C300005C711ED0145F2506254D2544259B25960
:108C4000225A925A025B216182801C21F9B7854623
:108C5000631DD7028D8BF9DF0830930524002EC6E3
:108C6000EFE0CFFB08B01389C1A083270900AA89D0
:108C700081448DC3B245138A01A1130BF00F8347C2
:108C80000A0063EBF400814481A08946E314D7FA1B
:108C9000858BD1B7054545B783270900939A4400D2
:108CA000D6979823630C67059833631937051946DF
:108CB000138527002EC69780FF1FE78040ECB24542
:108CC00015CD83240900D69418209147C1E8E30309
:108CD000F7F683240900B9DC83460A0081471306AE
:108CE000F00FE389F6F403C8040013850401630B55
:108CF000C800850793F7F70FAA84E5B7850493F4B6
:108D0000F40FB5BF98A01C301385240019469CB001
:108D10009780FF1FE78000D5082491659385F57142
:108D200005059790FF1FE780206A05C1182091472D
:108D30006314F702C8C41024930594000505A30F1B
:108D4000C5FE9780FF1FE780E0D11C24A1F7082013
:108D50007D1513351500C5B588C4F1BF6311F7063D
:108D6000C8441C2405C11021630DF6041820914746
:108D70006317F706C84419C59790FF1FE780207155
:108D800023A60400082491659385E5710505979055
:108D9000FF1FE780606305C118209147631AF7043D
:108DA000C8C41024930594000505A30FC5FE978041
:108DB000FF1FE78020CB08243335A000ADBD8844D9
:108DC0004DB79305940005059780FF1FE78020DBD2
:108DD0008547E31DF5F85545EFE09FF99DBF8844B1
:108DE00055D19790FF1FE780806A23A4040059BFE4
:108DF00088C445BF397122DC4AD84ED652D406DE2B
:108E000026DA56D25AD05ECE2A84130925000831BC
:108E1000CA85138A81A0EFE06FE008B083270A00BB
:108E20000D47AA899C33639DE700138AC1A083275D
:108E30000A008144938A01A1639F070E05452DA076
:108E4000EDD7144C70389305E1000545EFE02FC2D3
:108E5000AA841DC903270A0085461C211833631004
:108E6000D7028D8BF9F30145F2506254D254425926
:108E7000B259225A925A025BF24B21618280894692
:108E8000858BE314D7FAF9BF1C2011476385E700EF
:108E90002D47E39AE7FC938AC1A083A70A00014A01
:108EA000938B01A1E9D303C70B00B3470A0863E41E
:108EB000E700A5FC4DBF03A50A00131B4A001C20B8
:108EC0005A9518216310F7021C31639D370119462A
:108ED000CA8509059780FF1FE78060CA01C583A482
:108EE0000A00DA94050AC1B783A9840059A80C4C7A
:108EF000138519009780FF1FE78060C885476317B7
:108F0000F5085545EFE0DFE64DC1B1BF1C20114724
:108F10006385E7002D47639DE700C8C470380505E9
:108F2000A30FC5FE0C4C9780FF1FE780A0B3B5A828
:108F300088C4EDB7850403C70A00B3C7040863F803
:108F4000E70603250A00139B44001C205A951821AC
:108F5000E312F7FE1C31E39F37FD1946CA85090568
:108F60009780FF1FE780A0C171D583240A001C20D1
:108F70001147DA946385E7002D47E397E7F683A965
:108F8000C4007C3803C60900E303F6F64E859790CB
:108F9000FF1FE780C04F683891659385E57105052F
:108FA0009790FF1FE780404235F1E39904E803C73B
:108FB0000A0083240A0081479306F00FE3F0E7E8F4
:108FC0008C20138604016387D5008507B284B3C75C
:108FD0000708EDB7E38404E61C20CA851385240046
:108FE0009CA01C3019469CB09780FF1FE78080A78B
:108FF000683891659385F57105059790FF1FE780A7
:10900000A03CE30D05E218209147631DF700C8C49A
:1090100070380505A30FC5FE0C4C9780FF1FE78035
:1090200060A429BD88C4EDB701114AC806CE22CC80
:1090300026CA17D9FF1F1309290F03477900930781
:10904000F00F630DF706AA8435C961459780FF1FAD
:10905000E78020922A843DC19307000D1EA1D547C9
:109060003CA1BC30938584002EC63CB1DE205EA1BD
:10907000FC207CA1E830EFE06FBAB24568B0194639
:10908000130584009780FF1FE780C09DFC24A28504
:10909000034579007CA49E281EA8BC283CA8BC38A7
:1090A0003CB8DC285CA8DC385CB8FC287CA86244AE
:1090B000F240D244424905616FC0FFEFF240624482
:1090C000D244424905618280411126C206C622C4AB
:1090D00097D4FF1F93844405F8309307F00F63097A
:1090E000F7022A8415C519459780FF1FE78060881D
:1090F000AA8519CD9307000D1EA1DD473CA15E2076
:109100002244B2405EA1E830924441016FC0BFEA00
:10911000B2402244924441018280011126CA9384C4
:10912000C1A09C4006CE22CC4AC84EC652C48DC3B4
:109130002A89AE89131A450001448840631244030A
:10914000638A09049790FF1FE780603423A601A07B
:10915000F2406244D2444249B249224A05618280C7
:10916000B3078500884709C99790FF1FE780203221
:109170009C40A29723A407009C40A297C84709C916
:109180009790FF1FE780A0309C40A29723A607007E
:10919000410465B755DD228681459780FF1FE78032
:1091A000E092944081477D5613F7F70FE37227FB57
:1091B00013974700369710A38507FDB7797152CCF6
:1091C000138A81A083270A0006D622D426D24AD049
:1091D0004ECE56CA5AC85EC6CDCF2A89938A01A1FF
:1091E000814409ED83A6C1A091CA03C60A00814744
:1091F0009305F00F13F7F70F6369C7021395340057
:1092000021059770FF1FE780C0762A8415E9214564
:109210009770FF1FE780E0752A8425C1C567938793
:10922000073D1CC12322040099A0139747003697DD
:1092300018236305B700850493F4F40F85075DBF19
:10924000930700FD1CA18547A30025013CA124B183
:10925000F1D813098500232225018149138BC1A070
:10926000930BF00F83C70A0063F3F90095EC832793
:109270000A00A2858823EFC01FD403C50A008145D8
:10928000693D03250A009790FF1FE780402023A433
:1092900001A0B250225492540259F249624AD24A71
:1092A000424BB24B4561828083250B009397490066
:1092B000BE959C21638377032300F9009C3113053D
:1092C0002900FD14A300F9001946890593F4F40F51
:1092D0009770FF1FE78000792109850993F9F90F3D
:1092E00051B783A781A0A9C7411122C406C62A8409
:1092F00015E10945EFE0DFA72A8601C9854517D5A5
:10930000FF1F034565E2EFC0DFEC0545EFF06FE9B5
:109310002A8411C9854517D5FF1F0345E5E0EFD025
:10932000EF932285613DB240224405454101828090
:109330000145828089679386B7006315D5009C45F7
:10934000882345B79386C7006317D5009C4585469B
:10935000882319C9FDB793861704E302D5FE9387C6
:1093600027048146E304F5FE36858280011106CE8E
:1093700022CC26CA4AC84EC652C456C255CD3C312C
:109380002A8999CF444189CC5945EFE07F9E814994
:10939000938A81A0131A45608347390063EBF90073
:1093A000F2406244D2444249B249224A924A05619B
:1093B00082808387840263C8470783A70A00A5C702
:1093C0002685EFF07F8225C1882451059770FF1F05
:1093D000E780205A2A8421C99307000D1EA1B547B2
:1093E0003CA19C201946938524003CB183878402CC
:1093F00015057CA19C30A30FF5FE9770FF1FE78039
:109400006066902450A415C61305440108C89385CE
:1094100094009770FF1FE780E06483A70A00A2858D
:109420008823EFC05FB985099384940293F9F90FFB
:10943000A5B723280400D5B783A781A0B5D3BD3B2A
:109440006244F240D2444249B249224A924A01451A
:1094500005616FF00FD5797106D622D426D24AD095
:109460004ECE52CC56CA5AC85EC645CD3C312A892A
:109470009DC344418DC05945EFE09F8F89048149C8
:10948000938A81A0130B00FDC14B131A45608347DB
:10949000390063EDF900B250225492540259F24956
:1094A000624AD24A424BB24B456182808387D400E4
:1094B00063C4470783A70A00A5C351459770FF1FE0
:1094C000E780204B2A8429C923006501A3000500F9
:1094D0002301750183C7E4FF1946A6853CB1838744
:1094E000D40015055CB583C7F4FFA30FF5FE977094
:1094F000FF1FE7802057FC20938574001305C400EC
:109500003CB419469770FF1FE780C05583A70A0037
:10951000A2858823EFC03FAA850993F9F90FC104FA
:10952000BDB783A781A0A5DBEFF05FC92254B2507D
:1095300092540259F249624AD24A424BB24B014517
:1095400045616FF00FC6797106D622D426D24AD073
:109550004ECE52CC56CA5AC85EC662C466C2630AB0
:1095600005223C312A8995C7404105C45945EFE0A1
:109570003F8009048149138A81A0914B354C17CB58
:109580000100130B6BC1931A45608347390063EFE9
:10959000F900B250225492540259F249624AD24A16
:1095A000424BB24B224C924C456182808307A4000F
:1095B00063CA571583270A0063860714834CE4FFA8
:1095C00093F70C01CDC793870CFF93F7F70F6369EF
:1095D000FC00B3C767219C43DA978287230F04FE00
:1095E0001305E4FFEFF01F81630E05108347E4FFCE
:1095F00063EFFB1005476398E70A51459770FF1F1B
:10960000E7802037AA84630F050E930700FD1CA195
:10961000C147A30005003CA18347E4FF1946A2858A
:109620003CB18307A40015055CB58347F4FFA30F85
:10963000F5FE9770FF1FE780E0427C2419469305F2
:10964000F400BCB41385C4009770FF1FE78080410D
:1096500065A08547230FF4FEA30A040051B789478C
:10966000230FF4FEB5BF8D47E5BF9147D5BF93F7F4
:109670008C0099C3AD47EDB713F71C0093F74C006E
:1096800011C799C39547F9B7A147D9BF13F72C0064
:1096900011C799C3A5477DBF9947D9B799C3A947B2
:1096A000C1B79D4775BF483851059770FF1FE780C8
:1096B000402CAA8421C99307000D1EA1B5473CA1E7
:1096C0008347E4FF1946A2853CB18307A400150532
:1096D0007CA18347F4FFA30FF5FE9770FF1FE7807F
:1096E00060385038D0A419C61385440188C8832532
:1096F000640199BF23A8040083270A00A685882354
:10970000EFC07F8B850993F9F90F7104BDBD48380F
:10971000130505029770FF1FE780A025AA847DD15D
:109720009307000D1EA1C9473CA18347E4FF93FCAA
:109730000C061946B3E797013CB18347F4FFA285B5
:109740001505A30FF5FE9770FF1FE780A0317C2061
:1097500019469305F400BCB47C3013853401DCA4B5
:109760001C24DCB41C34FCA48307A400FCB45E24D9
:109770009EA87C24BCA89770FF1FE780A02E5038BD
:1097800090BC09C613850402C8CC95B723AE04006B
:10979000A5B783A781A0E38E07DEEFF03FA2225496
:1097A000B25092540259F249624AD24A424BB24BE9
:1097B000224C924C014545616FF0AF9E97D7FF1F39
:1097C00083C7C796A18B138501A091E301456FD094
:1097D0001F9F238801A0FD5717D7FF1FA309F794E8
:1097E00023A601A023A401A097C7FF1F9387C773D7
:1097F00017070000130747B498C3170700001307A3
:1098000027B7D8C317070000130727C598C717073E
:109810000000130787D3D8C717F7FFFF1307473197
:1098200098CB938701A017F7FFFF1307073998C359
:1098300017F7FFFF1307C71AD8C38280411122C44C
:1098400026C206C6138401A1AA8408208545EFF02C
:10985000DF8C97D7FF1F83C7678DA98BADC717C54F
:10986000FF1F1305656C04A0EFD01F959384C1A062
:109870009C4099C74D45B2402244924441018280A8
:10988000082019E10145C5BF91659385B5711205A1
:109890009790FF1FE78040B388C069DD10208145A5
:1098A00012069770FF1FE7806022142090408147C6
:1098B000FD5513F7F70FE377D7FC1397470032975F
:1098C0000CA38507FDB70145238801A0EFD0DF8EEB
:1098D00055BF03A5819D01CD411106C69790FF1F7D
:1098E000E780E0BAB24023AC019C410182808280D3
:1098F00001111305700306CEEFE08FC72AC61305CA
:109900008003EFE0EFC62AC413059003EFE04FC6D3
:109910002246B245F240AA86054505616F908072E5
:109920005D711305D00386C6A2C4A6C2CAC0EFE00B
:109930002FC42A841305C003EFE08FC3AA84130544
:10994000E003EFE0EFC22A891305F003EFE04FC216
:109950008A871377F50F9376F90F13F6F40F937543
:10996000F40F0545EF90006FB64026449644064933
:1099700061618280011122CC06CE26CA0D472E8459
:109980006317E504B831E947CA2197C4FF1F9384E0
:10999000A4576315F700FE206387A7049790FF1F65
:1099A000E780C024722011C172A53A2416244E20EB
:1099B0002830EFD0DFF55A20FE206314F700FD5762
:1099C000FEA00545F2406244D244056182800967E9
:1099D0004D07AA87631CE500BC2131476385E7007A
:1099E0004547E390E7FEEFD0FF83E1BF31476319BE
:1099F000E50017C5FF1F03457573EFD05FFCD1B7B6
:109A0000130760026319E50017C5FF1F03451572B0
:109A1000EFD0BFFF7DB741677D170145E394E7FABB
:109A2000D831C947E310F7FACC212A20300023149B
:109A30000100EF50603671B71971A2DC1384819D6B
:109A40001C4086DEA6DACAD8CED6D2D4D6D2DAD098
:109A50000545638A070C9305F1051305F041EF50A6
:109A600091779305F1051305F041EF50D17697C733
:109A7000FF1F93876749BC230347F105B337F00005
:109A800011C389071840BEC6283393054700EFD09D
:109A90005F951840AAC40D452C23AEC2EFE04FAD30
:109AA000AAC01145EFE0CFAC832A04002ADE654549
:109AB00003C7AA0003CBBA003ADCEFE06FAB2A84FD
:109AC0006945EFE0EFAAAA847145EFE06FAA2A8901
:109AD0006D45EFE0EFA9AA897545EFE06FA92A8AE5
:109AE0007945EFE0EFA82648B6476257F25606469A
:109AF00096451375F50F137AFA0F93F9F90F137949
:109B0000F90F93F4F40F2ACC1314446002D002CE60
:109B100052CA4EC84AC626C422C25AC093884A00B6
:109B20000545EF90004DF6506654D6544659B65947
:109B3000265A965A065B09618280411122C44AC0A6
:109B400006C626C2138991A2834709001307E00FB6
:109B50002E846382E7041307F00F6385E702114543
:109B60009770FF1FE780E0E0AA8509CD930700FD0D
:109B70001CA189473CA1854700B13CB103450900C0
:109B8000EFC06FC3F9572300F900B240224492445A
:109B9000024941018280AA8411459770FF1FE78026
:109BA00040DDAA857DD1930700FD1CA1894700B146
:109BB0003CA124B12244B2409244024903C581A28F
:109BC00041016FC04FBF79714AD01389819D8327AE
:109BD000090022D406D626D24ECE52CC4544D5E733
:109BE00097C4FF1F93844454DC204944958BD1CF04
:109BF0002E8A91652384A1A2AA8993857571314526
:109C00009780FF1FE780407C2320A9004D4435CD7D
:109C100023003501A30005002946D2850905977068
:109C2000FF1FE78020E40327090091463C2363E7F8
:109C3000F606CD4691CF0546F546638BC70009462B
:109C4000C9466387C7000D46C1466383C700D54632
:109C500034A3930571001305F041EF50D1579C8355
:109C6000C5E317C7FF1F0347472A8D47631AF70845
:109C7000EFD0BF842C00EF6060042800EFD0BFEA73
:109C80004545EFE0EF8E25E50144B2502285225490
:109C900092540259F249624A45618280ED1793F766
:109CA000F70F95460544E3E2F6FE97B6010093866A
:109CB0002652B3C7D7209C43B697828789473CA3D7
:109CC00019A0230107006545EFE08F8A9307F0078D
:109CD000E301F5F8032709003C2393E707043CA3BD
:109CE0008DBF8547E9BF9947D9BF9147C9BF1306C3
:109CF00000643306C50288209145EFC08FCD69B757
:109D0000EFF09FD32A8449D1EFF0BFBCBDBF011152
:109D100026CA9384819D9C4022CC06CE4AC84944E1
:109D2000B1C39C230D44639FA70217C9FF1F1309EA
:109D3000A93F034509008945EFC04FF203450900DB
:109D40009145239201A2EFC06FF19C4001478146EB
:109D500080B31306F100854785450145DC87EF9008
:109D6000202E2A84F24022856244D2444249056171
:109D70008280011106CE22CC26CA4AC84EC685472B
:109D80006318F506138441A21E20A1CB17C7FF1F3D
:109D90000347C71739E31307B003636CF70297C48F
:109DA000FF1F9384643888208945EFC02FEB122071
:109DB0009307006488203306F6028945EFC06FC11F
:109DC000239201A2F2406244D2444249B249056161
:109DD0008280938747FC1EA0F5B783A7819DFDD3A2
:109DE0006244F240D2444249B2498823056105B732
:109DF0009389819D83A70900F1D717C9FF1F130914
:109E0000A93283474900918BD5DF89476311F50655
:109E10002D45AE849770FF1FE780A0B52A845DD1E1
:109E2000930700FD1CA1E547A30005003CA1BC3041
:109E300015051946230FF5FEDC2093855400A30F6A
:109E4000F5FE9770FF1FE780E0C1034559009307B7
:109E5000F00F6315F50083A709008823A2856244EB
:109E6000F240D2444249B24905616FC0CF940345E4
:109E700009008945EFC08FDE6244F240D244424976
:109E8000B249239201A205616FF0BFA497C7FF1FDB
:109E900083C7C729958B89CB83A781A181CB8547B0
:109EA000A383F1A26FF0DFA44945828041458280FF
:109EB000A38301A2854501456F90401997C7FF1FF5
:109EC00083C7C726958B91C785472383F1A26FF07F
:109ED0003FA549458280238301A2814505456F90B6
:109EE000A0179307C01C63FCA700094582800945A1
:109EF000F2406244D2444249B24905618280011174
:109F000022CC06CE26CA4AC84EC62A8431CDAE8996
:109F10009165210593856571334505089780FF1F7D
:109F2000E780804AAA8461D5138901A2032509002C
:109F300009C59780FF1FE78080551385840088C07E
:109F400022868145232099009770FF1FE78000B883
:109F5000832709002286CE8588439770FF1FE780FC
:109F600060B083270900C2A383A7819D95CB97C7C3
:109F7000FF1F83C7A71B958B95C783A701A291CF0E
:109F80009843D6236244F240D2444249B24905463E
:109F90008D45054505616F90200A01478146DDB773
:109FA0000145B9B74945A9B79307C01C63FCA70091
:109FB000094582800945F2406244D2444249B2498F
:109FC00005618280011122CC06CE26CA4AC84EC63F
:109FD0002A8431CDAE89916521059385557133452C
:109FE00005089780FF1FE780203EAA8461D513896A
:109FF000C1A10325090009C59780FF1FE7802049FB
:10A000001385840088C0228681452320990097709B
:10A01000FF1FE780A0AB832709002286CE858843F7
:10A020009770FF1FE78000A483270900C2A383A7BE
:10A03000819D95CB97C7FF1F83C7470F958B95C70A
:10A0400083A7C1A191CF9843D6236244F240D24462
:10A050004249B24905468D45054505616F80107E30
:10A0600001478146DDB70145B9B74945A9B793070F
:10A07000C01C63F4A70009458280797122D406D6FA
:10A0800026D24AD04ECE2A8439CDAE89916521059B
:10A0900093857571334505089780FF1FE780C032AF
:10A0A000AA840945A9C4138981A10325090009C50A
:10A0B0009780FF1FE780A03D1385840088C022861B
:10A0C0008145232099009770FF1FE78020A08327F8
:10A0D00009002286CE8588439770FF1FE78080980D
:10A0E00083270900C2A383A7819D89EB0145B25054
:10A0F000225492540259F2494561828097C7FF1F4A
:10A1000083C7C702958B4945FDD36C001305D0303A
:10A11000EF60317AB24793F7070FE9DB83A781A19C
:10A120009443D2238D450545EF801072C9B783A7AC
:10A1300001A289CFD2238C43411106C69770FF1F1D
:10A14000E7804092B240014541018280094582800A
:10A1500083A701A295C303A7C1A1894719CF5223A1
:10A160000C43411106C69770FF1FE780A08FB240D5
:10A1700081473E854101828089473E85828083A751
:10A1800001A295C303A781A1894719CF52230C438C
:10A19000411106C69770FF1FE780C08CB24081470F
:10A1A0003E854101828089473E858280797126D231
:10A1B00006D622D44AD04ECE97C4FF1F9384C4D46F
:10A1C0008D4783C9240063FAA7000945B250225481
:10A1D00092540259F2494561828098202A8441456F
:10A1E000E316F7FE9307F4FF93F7F70F854663E84E
:10A1F000F60A2E89B1ED99452800EFC07FFDA0A099
:10A20000914517C5FF1F034525F2EFC02FA5280074
:10A21000EFD07F9155E9930571001305F041EF50A0
:10A22000817B9C83D1EB8D476318F4084545EFD0C3
:10A230003FB459C137761800130606A03306C5028D
:10A24000914517C5FF1F034525EEEFC02F99ADA01F
:10A250001946814528009770FF1FE780208719461F
:10A260002C004A859770FF1FE780609139FD1946E1
:10A270009305F00F28009770FF1FE780208519468F
:10A280002C004A859770FF1FE780608F1DFD1946DF
:10A29000CA8528009760FF1FE780C07C8DB7630FD9
:10A2A000E400914517C5FF1F034505E897C7FF1F49
:10A2B000238D07C4EFC08F9A014509BFC8442C0005
:10A2C000EF50D01FA0A00DDD2381340101B797C747
:10A2D000FF1F83C7A7E5918B99CF4111138541A13A
:10A2E00006C6EFC09FEEB240FD5717C7FF1F2310F1
:10A2F000F7C24101828001456FC03FEDFD572384C5
:10A30000F1A2F957A384F1A2A38301A2238301A29E
:10A31000239201A223A001A223AE01A023AC01A09D
:10A3200097C7FF1F938787C1170700001307271FD1
:10A3300098C317070000130707A4D8C317F7FFFF38
:10A340001307C76F98C717F7FFFF1307A75AD8C798
:10A3500017F7FFFF1307075D98CB97F7FFFF93876A
:10A36000A76123AAF1A08280411126C29384819D16
:10A370009C4006C622C495CB2A840D459760FF1FDA
:10A38000E780205FAA8519C9930700FD1CA18D47AE
:10A3900000B13CA19C408823EFB0FFC119C4224406
:10A3A000B240924441016FF0CFD2B2402244924475
:10A3B0004101828079714AD01389819D83270900E8
:10A3C00006D622D426D24ECE638F070C983385470B
:10A3D000AA8497C9FF1F938929B36301F70483C730
:10A3E00049008DE70D459760FF1FE7808058AA85DB
:10A3F00001CD930700FD1CA1914704B13CA1832727
:10A4000009008823EFB03FBBEFF0AFCC0545B25059
:10A41000225492540259F2494561828083A701A2D5
:10A4200089CB9443D2239305E1000545EFC03FE477
:10A4300011ED0145EFD0DF932A8631C2894517C55A
:10A44000FF1F034565CEEFB0DFD815A81C21858B13
:10A45000EDD30545EFD0DF919307B0032A8463FF66
:10A46000A7025D6613060670894517C5FF1F0345E1
:10A47000A5CB130444FCEFB07FF6239281A283277F
:10A480000900094798B383C7490091C797C7FF1FC1
:10A49000238E07A6A5BF2685C13D8DBF9307006407
:10A4A0003306F50259BF01459DB7411122C42A84E4
:10A4B0000D4506C69760FF1FE780A04B19CD930797
:10A4C00000FD1CA1CD4700B13CA12244B240AA85A9
:10A4D00003C581A241016FB01FAEB24022444101C9
:10A4E0008280411122C42A840D4506C69760FF1F51
:10A4F000E780204819CD930700FD1CA1ED4700B16E
:10A500003CA12244B240AA8503C581A241016FB09B
:10A510009FAAB2402244410182805A2101118966DA
:10A5200006CE22CC26CA13866600AA876316C70009
:10A530009C4701458C2351A8138606046365E604F5
:10A5400013865603636FE600138696006307C708F9
:10A550001386A6006303C712A1066305D70601454B
:10A5600085A8F9769386A6FC3697A946334707084F
:10A57000E3E7E6FE97B60100938606C73347D72088
:10A5800018433697028713861605630AC716938603
:10A590002605E316D7FC1C45802383C761A22285CC
:10A5A000639207160D459760FF1FE780803CAA85E0
:10A5B00019CD930700FD1CA1F14700B13CA103C5D3
:10A5C00081A205AA9C4705458C23EFF00FD70545CE
:10A5D000F2406244D2440561828003A7819D014517
:10A5E00065DB9C47882359E585471CB30545EF800B
:10A5F000701BF1BF1C45938491A21307E00F8023C9
:10A600009C20638BE7021307F00F6384E702114578
:10A610009760FF1FE780E035AA8501CD930700FD15
:10A620001CA1894700B13CA1A30105008820EFB01F
:10A630009F98F9579CA061BF9384819D9C400145E0
:10A64000C1DB05E805447D454085EFD06FF26886A3
:10A6500013050002EFD0CFF19C40C8851307B1006D
:10A6600080B374001306A10085450545EF80501D99
:10A67000B9BF2285EFF05FCF99BF9C476244F2409B
:10A68000D244882305616FF0FFD21C4509458C2315
:10A690002DBF1C4588232DE16C001305D030EF60E1
:10A6A0005121B247414793F7070FE382E7F2930541
:10A6B000B10013056031EF60D11F88858545EF80BB
:10A6C000F01831B71C45802383C771A222858DE71E
:10A6D0000D459760FF1FE780C029AA85E30905EEB5
:10A6E000930700FD1CA1D14700B13CA183A7819D28
:10A6F0008823EFB05F8CE1BDEFF03FDBC9BD1C45A7
:10A70000882301C5EFF0FFDDD9B585450545EF800C
:10A71000B01475BD411122C417C4FF1F034404A126
:10A7200006C6158809CC17C5FF1F13052581EFC084
:10A730007FA94D44B24022852244410182800145D7
:10A74000EFC05FA8C5BF9821937625009377D70FF8
:10A7500099C29367270093F6F70713174560635470
:10A76000070093E607081378850093F7760F6304D4
:10A77000080093E786009376050299CE93E70702D7
:10A780009CA1635707001C2293E7C7001CA282808C
:10A790001375A5026DF9828093F7F7FD9CA1E34440
:10A7A00007FE9377A502E5F37DF11C22CD9BF9BF4F
:10A7B0002D45631C0710011126CA4AC84EC606CE95
:10A7C00022CC9821BE8989472E89B684631EF7045E
:10A7D000DC413284983394232207558F8D6693870A
:10A7E00046A01316576063C9C7029386F69F63DDC0
:10A7F000C602F5779387F75F3E978D47C845334785
:10A80000070863E7E70297B601009386A6A03347DF
:10A81000D7201C43B6978287938766AA630EF608F3
:10A82000938686B8630FD60823900400054525A0BB
:10A830009760FF1FE780A02C334605083356360B80
:10A8400092A08325C9001DA01E2109479AA01CA023
:10A85000A1831CB00145F2406244D2444249B2494E
:10A860000561828099479EA01946AA852285976036
:10A87000FF1FE780201FF9BF85479EA01C211CA059
:10A88000D1BF05C9A1479EA01E211CA01E21A183E6
:10A890001CB03E213CA03E21A1833CB05E215CA0C7
:10A8A0005E21A1835CB07E217CA07E21A1837CB04F
:10A8B00055B72390040079BF85479EA0DC459C23B3
:10A8C0007DBFE1479EA06146ADBF8280797122D4F1
:10A8D0004AD006D626D24ECE52CC56CA3A899821B4
:10A8E00089472E84631DF7025C40B684B28503C895
:10A8F000170094238D6722083368D800938627A019
:10A90000131858606301D8102A8A63CC0601938615
:10A9100007A0630BD802938717A0630CF80885473C
:10A9200011A8138737A06309E80A138767AA8D4720
:10A93000E317E8FEB250225492540259F249624A97
:10A94000D24A3E8545618280484432C69760FF1FE7
:10A95000E780E01A9D4733450508E36D25FD938A9E
:10A96000C1A383C70A00B3099900B24563D4370174
:10A97000B547C9B748442686B3C909084A959760C0
:10A98000FF1FE780200E03C60A00484481450506E4
:10A99000330636414E959760FF1FE780201383A74B
:10A9A00001A499E3814779B79C438145E5DF52854E
:10A9B00015A0AD47E31009F8E39CE4FA1C32182215
:10A9C000A207D98F58441EA383A701A4E1DF9C43AB
:10A9D0008545E9DB8297F9B703C771A38D4739DB5A
:10A9E000AD47E31909F49947E394F4F8484419464C
:10A9F0009760FF1FE780000783A701A4C5D79C438A
:10AA0000D5D38D456DB703C7A185218B8D471DD348
:10AA1000AD47E31109F28547E39CF4F4182293074C
:10AA20000008E3E9E4F05C4498A3ADBF411122C4FF
:10AA30000944A38E8184A38D8184238D818423A0E6
:10AA400001A4238501A2238E01A2239D01A2A38B31
:10AA500001A2A14719468145138501A306C6A38C0F
:10AA6000F1849760FF1FE7806006238C8184B7071D
:10AA7000A00013870185938707051CC3B707E80368
:10AA80005CC32386818485476146814517B5FF1FD6
:10AA90001305055FA385F18423858184A3848184C4
:10AAA000238601A29760FF1FE78040021306001370
:10AAB000814517B5FF1F1305A54923848184A3850C
:10AAC00001A29760FF1FE78060009797FF1F9387A1
:10AAD0006768B2402244170700001307A7CD98C348
:10AAE000170700001307C7DED8C323A407004101DE
:10AAF0008280797122D426D206D64AD04ECE52CC4C
:10AB0000A1472E84B28463EBA70017A701001307A7
:10AB100067713345E5201C41BA9782879307100877
:10AB2000630CF51863ECA70093072004630AF5147F
:10AB300093070008630DF514094581A093072008C9
:10AB4000E31CF5FE85476399F502082293772500FB
:10AB500085E783C761A31387F7FF97B5FF1F938529
:10AB6000253F120792072E97A1075047BE9591A245
:10AB70009307800F63FBB7006145B2502254925493
:10AB80000259F249624A45618280138AC18583472E
:10AB90000A0017B9FF1F1309A93B9207CA97C847B4
:10ABA00019C59780FF1FE780808E238E01A21306B0
:10ABB00014001376F60F91659385057132858349EC
:10ABC0000A0032C69780FF1FE780008083470A0093
:10ABD0009209CA99920723A6A900CA97C84749DDD6
:10ABE000324681459760FF1FE78040EE83470A00A9
:10ABF0002286A68592073E990325C9009760FF1F0C
:10AC0000E78040E6238E81A2014585BF8947E39511
:10AC1000F5F61E22239DF1A2C5BF8547E39EF5F4FC
:10AC20001C22A38BF1A2CDB79947E397F5F41946FF
:10AC3000A685138501A39760FF1FE780A0E2E9B70F
:10AC4000A147E39BF5F22146A68513850185E5B76B
:10AC50008547E393F5F21C22A385F18475B7E1479C
:10AC6000E39CF5F06146A68517B5FF1F1305454126
:10AC7000D9B78547E392F5F01C22A385F1A269B705
:10AC80008547E39BF5EE1C22238DF184B5BF8547F4
:10AC9000E394F5EE83C7C1851387F7FF97B5FF1FD0
:10ACA0009385052B12072E97920750478820A107FE
:10ACB000BE95EFF05FA989BF8547E39FF5EA83C79B
:10ACC00081A3D9BF630F052E9387A1A29823631A8E
:10ACD000072E054798A397B7FF1F938767278946D5
:10ACE00098A717B7FF1F231A07261387818F94A3EE
:10ACF0009386C193D8C7D4C37D576302E52C1377DD
:10AD0000150085450DCF17B6FF1F231006260947EE
:10AD1000938601931386D18598ABD4CBD0CF85464B
:10AD2000238EE1842380E70213878192D8D394AFE6
:10AD30002384D70217B7FF1F231107248D451377EC
:10AD4000250031C7139745003E9793860193094626
:10AD500054C31388B185854610A314A72326070181
:10AD6000231507001387150033470708238CE1A23A
:10AD700012073E9710A314A7138641929386A1A3AE
:10AD8000890550C32315070054C7B3C505081377B9
:10AD9000450031C7139745003E97938601930946B6
:10ADA00054C31388A185854610A314A72326070141
:10ADB000231507001387150033470708238BE1A2EB
:10ADC00012073E9710A314A713860192938671A3CE
:10ADD000890550C32315070054C7B3C50508137769
:10ADE000850021C7139745003E971386019350C3F2
:10ADF0000546894610A71386918514A323150700DD
:10AE000050C7138715003347070812073E9714A34E
:10AE10009386C19154C3A14614A7938601A38905C3
:10AE20002315070054C7B3C505081377050121C7CB
:10AE3000139745003E9793860193094654C31388A0
:10AE40008185854610A314A7231507002326070133
:10AE5000138715003347070812073E9710A314A75E
:10AE60001386819193860185890550C323150700B8
:10AE700054C7B3C505081377050221C713974500CA
:10AE80003E9793860193094654C31388C18485462F
:10AE900010A314A723150700232607011387150005
:10AEA0003347070812073E9710A314A71386019192
:10AEB0009386B184890550C32315070054C7B3C5D1
:10AEC00005081377050421C7139745003E9793861D
:10AED0000193094654C31388A184854610A314A77F
:10AEE000231507002326070113871500334707089A
:10AEF00012073E9710A314A7138641919386C1A20F
:10AF0000890550C32315070054C7B3C50508137737
:10AF1000050831C7139745003E971386019350C328
:10AF20005146894610A71386918414A32315070060
:10AF300050C7138715003347070812073E9714A31D
:10AF40009386C19054C3854614A797B6FF1F938676
:10AF5000261389052315070054C7B3C505081375C3
:10AF6000051039C1139745003E979386019354C34A
:10AF7000094685461385818410A314A7231507006D
:10AF800048C713871500334707081207BA97138776
:10AF9000C190D8C31387B1A2890590A394A7239524
:10AFA0000700D8C7B3C505089796FF1F9386861A72
:10AFB000414617B5FF1F1305A5F96F20A0124D4597
:10AFC00099B3014582800111FD1522CC06CE328451
:10AFD00026CA3E864AC813F8F50FAD4763E8070B4B
:10AFE0003A8917A70100130727263348E82083274B
:10AFF0000800B684BA9782878545EFC04FB901E54E
:10B00000EFF04FF10145F2406244D24442490561FC
:10B0100082808945EFC0AFB77DF52285EFE01F82C2
:10B02000D5B7914532C6EFC08FB6324669FDCA85A5
:10B030002685EFC06FACEFF0EFEDEFF04FA9EF50CA
:10B04000E022C9B7A14532C6EFC06FB4324645FD14
:10B05000CA852685EFC04FAA2285EFE02FFEEFE0DC
:10B06000EFF5EF50C01E79BFB14532C6EFC02FB229
:10B07000324651F9CA852685EFC00FA82285EFE038
:10B08000EFFBEFE0AFF3EF50801C75B70945A5BFAC
:10B090007547AA876365B702114701456378B70210
:10B0A000ED1593F5F50F61476361B70297A60100AF
:10B0B0009386861CB3C5D52098413697028793F5B1
:10B0C000F50713072005638AE50001458280C8471C
:10B0D00082808843828088478280C8438280930729
:10B0E000F00F630FF506011126CAAA8413050002AA
:10B0F00022CC4AC84EC652C456C206CE2E8AB28A46
:10B10000B6893A899760FF1FE780A0862A844D455B
:10B110000DC8930700FB1CA0A30054012311440198
:10B120002302340113058400614663050902CA85C0
:10B130009760FF1FE7800093A2852685EFA0BFE7F9
:10B140000145F2406244D2444249B249224A924AFD
:10B150000561828081459760FF1FE7802097E9BFE6
:10B1600009458280011122CC06CE2A844C86D086E5
:10B170009780FF1FE78080A705C15425214797B717
:10B18000FF1F938767FA639DE600E8237800930624
:10B19000E0070146A285A137F24062440561828042
:10B1A000C83378009306E0070146A285EDB7930700
:10B1B00000643306F6026FB08F9615C1411122C4A8
:10B1C00006C62A8408219307D00F63E6A700EFB0D4
:10B1D0000FB2FD571CA0B240224441018280828000
:10B1E0001A219307000B6310F7025C214947639A09
:10B1F000E700183985476398E7002A2185456F20C5
:10B20000B0086D47CDBF8280011122CC26CA4AC842
:10B2100006CE2A84AE84328936C69780FF1FE78027
:10B22000E09C15C95025A146324797B7FF1F938769
:10B23000A7EF631DD600E823CA862686A28562444E
:10B24000F240D244424905616FF07FE9C833CA86B3
:10B250002686A285EDB7F2406244D24442490545B4
:10B260000561828023A2A1A48280011122CC26CA7A
:10B2700006CE2A84AE849780FF1FE7802097A6859C
:10B280002285EF60A14105E9228564869780FF1F32
:10B29000E780C0950DC15425214797B7FF1F9387BD
:10B2A000A7E8639FE600E82378009306F0070146CD
:10B2B000A285EFF0DFE2F2406244D2440561828071
:10B2C000C833DDB7797122D44AD0AE8706D6BA85A5
:10B2D00026D24ECE7547328436896364F7042147FF
:10B2E000636CF70015476388E7021947638DE70829
:10B2F000C167FD1785441DA037061400DD1713062E
:10B300000620B317F0287D8E49EE19677D8F25EB57
:10B3100093F71710F1DFC167FD1789446316F40234
:10B3200021A813F7F70793062005E313D7FC41671D
:10B330007D17631EE6048D442EC6EF60E139B245E9
:10B3400033049540334404083385840033450508AD
:10B35000EF201000AA87B3C9040821C963040900BB
:10B36000231089002254B25092540259B30530413F
:10B37000F2493E8545611773FF1F6700831DC16752
:10B38000FD17954461BFC167FD179D4441BF130779
:10B39000200D8D44E39AE7FA1304C60033440408F1
:10B3A00065B7C167FD178D4495BFB25022549254C2
:10B3B0000259F2494561828079714ECEAE89C165EC
:10B3C00026D20147AA84894613868190FD1505453A
:10B3D00022D406D64AD0EF003051054429C92A8923
:10B3E0001307300281461146F5452685EFF09FEDA3
:10B3F0002AC655440DCD0357A900CE860146788450
:10B4000011477885054718A1B2472C002685A380EF
:10B4100007003247FD573CA332473CB3EF001042D0
:10B420002A8411C532459770FF1FE7804006B2504D
:10B430002285225492540259F24945618280411179
:10B4400006C6EFF0FFC419C5B24041011773FF1FD4
:10B450006700E303B24041018280011106CE2AC693
:10B46000EF60E10E3245914523A401A423A201A47B
:10B4700097B7FF1FA38AA7CAEF206069F240056152
:10B480006F10905979714AD006D622D426D201493C
:10B490009397556063D8070417B5FF1F0345D5C8B8
:10B4A0002E899750FF1FE780E0522A844DC518214E
:10B4B0009307000A631EF70885474C08DC85EF6098
:10B4C0006115AA841DC59C8599C7084409C5977054
:10B4D000FF1FE780C0FB2A208545EF20E05ACD47BB
:10B4E0006398F406B250225492544A850259456139
:10B4F00082808347610191CF71476361F7064D47B1
:10B500006376F7069386C7FE130730143357D74880
:10B5100031CF03A741A401C7034751013DC79C8513
:10B5200099C7084409C59770FF1FE78040F6524746
:10B53000B7070001938707F07D8FB7071200938745
:10B5400007106307F70003476101ED47630EF70833
:10B550002285EFA03FA11319F96869B7138717FE79
:10B560001377F70F93060002E3F5E6FA858B8DCB90
:10B5700083A781A4B5C32A201306B1004C08829783
:10B580009C85AA84BDE7C5D4B9B75C8699472308D2
:10B59000F1002A206C0023170100EF60612541B7FC
:10B5A00083A741A485CB2A201306B1004C088297BB
:10B5B000AA8435D583475101E39707F0230891000A
:10B5C000834761012A206C005C8623170100EF602D
:10B5D0002122D5BD9944F9BF9C8599C7084409C566
:10B5E0009770FF1FE780A0EA2A208545EF20C04919
:10B5F00085B7084449D99770FF1FE78040E961B7D4
:10B600000145828017B7FF1F034797B2814763E464
:10B61000E700014582809221938645006314A600CD
:10B620002E8582808507B685DDB71DC5411122C4F0
:10B6300006C638219307D00F2A8463EBE7000E215A
:10B6400028310147F9465D46EFF07FA9F9573EA042
:10B65000B240224441018280828017B7FF1F034716
:10B6600037AD8147FD5663E3E700828016A12301D1
:10B67000050085071105C5BF014582809385D186E8
:10B680009307000285469CA1FD572386F186A3857A
:10B69000F1862385F1862394D186239401A623A2E3
:10B6A00001A623A001A623AE01A4138601869387D9
:10B6B00001945CC2238601A49797FF1F938707AB71
:10B6C000094718A298A398AB2380E7022388E702D2
:10B6D0001387C19294A7D0C794AFD8DB1385C193C9
:10B6E0000D471386019393868190238CE702C8C38C
:10B6F00023950700D0CB239D0700CCCFD4D3238440
:10B7000007022395070223A60702239D070203A72A
:10B7100001A5D8DF9797FF1F938787A4170700001D
:10B720001307470B23A00700D8C323A40700828078
:10B73000411106C6EFF01FED09C52821B2404101B5
:10B7400082800145E5BF411122C426C24AC006C617
:10B75000AA842E893284EFF0FFEAAA8711E94165B5
:10B76000CA857D15EFF01FEAAA87454581C786A3E4
:10B77000A0A30145B2402244924402494101828083
:10B7800015EF09483547639C0603011106CE22CC0C
:10B79000182210322206598E32C6B377F64095E34E
:10B7A000CC452A842EC4693732460147630DC50053
:10B7B00022856244A245F240056171B72D473A8562
:10B7C000828013070008F24062443A850561828056
:10B7D00083C80500094863900803DC4103C80700DB
:10B7E0009C33A207B3E707010D6813082890639400
:10B7F0000701894771B70545828001114EC606CE03
:10B8000022CC26CA4AC89389B18603C70900930788
:10B81000F00F630FF7022A892945AE8432849750CE
:10B82000FF1FE7800015AA8505C59307100B1EA111
:10B830002302050002A562442311250166A1F240FE
:10B8400003C50900D2444249B24905616FA0AFF671
:10B85000F2406244D2444249B249056182804111BA
:10B8600026C2AE8483A501A522C406C62A84EFF0B1
:10B870003FEC098909C922852244B240A685924439
:10B8800041016FF07FB3B24022449244054541012B
:10B890008280411122C426C24AC006C6AA8413046B
:10B8A00045001309850B1E209DC3084409C59770E8
:10B8B000FF1FE780C0BD2285314681459750FF1F9D
:10B8C000E780C0203104231A04FEE31E24FDB240A9
:10B8D0002244FD579EA0024992444101828097B6BE
:10B8E000FF1F83C6F68483A781A501476394E60002
:10B8F000014582808E231386870B6394A5003E85C5
:10B90000828005071377F70FB287CDB7AA8703A503
:10B9100001A601C95A216314F70008458280084135
:10B92000CDBF8280411106C6D53709C50845B24052
:10B93000410182800145E5BF797122D4138445001D
:10B9400026D24AD052CC5AC82E8A06D64ECE56CAD5
:10B950005EC622892287014B814481468147BD45CD
:10B96000122345CAB5EE46233E23B286A697B3C737
:10B970000708050B3107E315BBFEADC49165938540
:10B98000457026859770FF1FE78000A4AA8B39C9F0
:10B990000C44D1C9814A8149522033853B019750DB
:10B9A000FF1FE780200C5E200844BE99B3C9090838
:10B9B0009770FF1FE780A0AD63980A003109854AA0
:10B9C000832589004A84E9F9314681452285850A23
:10B9D0009750FF1FE780800F63826A053109CDB75A
:10B9E000630ED6000145B250225492540259F249D6
:10B9F000624AD24A424BB24B456182803223E31302
:10BA0000F6FE5223B294B297B3C40408B3C7070832
:10BA10008DB78547E3E367F70545F1B723267A013C
:10BA200023149A00D5BF1309C400854A814949BF30
:10BA3000AA8703A5C1A511E1828018453A2763149E
:10BA4000F700110582800841FDB7411106C6CD37C8
:10BA500009C50A21B240410182800145E5BF41117B
:10BA600006C6F93709C52821B24041018280414507
:10BA7000E5BF411122C42A84090506C6EFF0EFF3A1
:10BA8000FD573CB0B240224441018280411122C4A2
:10BA9000416406C626C29307E4FF6301F502AA8447
:10BAA0009DE19770FF1FE780C00D09E91305F4FFC2
:10BAB0009770FF1FE780E00C11C106A1B24022443D
:10BAC00092444101828085476392F5049770FF1F7D
:10BAD000E780200B2A847DD1FD571EA13C2013074F
:10BAE000F00F6382E7021307E00F6389E700283055
:10BAF0000147F9465146A685EFF06FDE2285EFF04B
:10BB00005FF7FD573CA0230204004DBF8947E39730
:10BB1000F5FA8545EF30005C55F126859770FF1FDB
:10BB2000E78020062A845DF951BF5D71A2C4CAC0B6
:10BB300086C6A6C24EDE52DC56DA5AD82E84AC2116
:10BB4000F9472A896392F5049770FF1FE780600325
:10BB50002A8405C138219307D00F63ECE700283110
:10BB60000147F9460146CA85EFF06FD72285EFF00D
:10BB70005FF00145B640264496440649F259625AA0
:10BB8000D25A425B61618280832A0400B7070001B8
:10BB9000938707F037071200B3F7FA00130707106F
:10BBA000B28981446388E7022EC69770FF1FE78041
:10BBB00040FDB245AA8419CD502109CE93174660A5
:10BBC000E3C907FA4A85EFF0EFD9DC2093E707F8DD
:10BBD000DCA045B7138AC18603470A009307F00F1C
:10BBE0001945E309F7F8E147E3E6B7F893D71500FD
:10BBF000FD171797010013072774B3E7E72003A881
:10BC00000700E30908F603AB4700E3050BF6B3CAE8
:10BC10000A0863850A00C947E39EF5F456201044DC
:10BC20000C3008203808029831F52C084A85029B10
:10BC30001DCD183021F33820230AA100B94723086D
:10BC4000E1006314F702E24798239C33A207D98FDF
:10BC50000C084A85FC81EF50B13901DD1408054616
:10BC6000D9454A85EFF04FDA31B7BC84D5B73420D7
:10BC70009147E380F6F003450A0038080146CA857B
:10BC8000EFF0EFC5E31805EE2C202808EFF04FC0C9
:10BC900019C1238009001840B7070001938707F0F6
:10BCA0007D8FB707120093870710E304F7ECE38258
:10BCB00004EC3C2031BF411122C406C62E8497708B
:10BCC000FF1FE78000EC09C95C211387170063158B
:10BCD000E40093F707F85CA1B2402244410182805E
:10BCE000397152D42E8A4ED69305E100AA89528525
:10BCF00022DC4AD856D25AD05ECE06DE26DA328907
:10BD0000368BBA8BBE8A9770FF1FE780C0E9054467
:10BD100025C1AA8428873944EFF05FBF31C90328C1
:10BD2000450063070804D6875E87DA864A86A685BB
:10BD30004E8502982A840DED9307E00F638AFA027C
:10BD4000982089476316F702DC4098239C33A207AA
:10BD5000D98F0D6713072790639CE700834719006D
:10BD600003460900D285A2075D8E4E85EFF0FFA83D
:10BD7000F25022856254D2544259B259225A925AF0
:10BD8000025BF24B21618280797122D422214ECE56
:10BD9000AA89228556CA06D626D24AD052CC5AC87B
:10BDA0005EC662C4AE8AEFF09FB305E52285EF5010
:10BDB0001169594411E10144B25022852254925430
:10BDC0000259F249624AD24A424BB24B224C456177
:10BDD000828003C7890085476307F700EFF07FABD8
:10BDE00003D52900E9B7AA85AA8413858900EFF055
:10BDF000BFB42A8415CDFA209624D044CE2003D592
:10BE00002900E147EFF0DFEDD9472A846318F500F8
:10BE100023A604002685EFF0DFA771BF19E1268570
:10BE200075BFDE2026852390FA00EFF09FA669B744
:10BE300013894400014AB94B594C3D4B83550900C5
:10BE400085CDE14763077A010357C900D94711E35C
:10BE5000E14703572900835649000326890003D58B
:10BE60002900EFF0FFE72A846310850323240900EB
:10BE7000050A3109E3146AFD2685EFF09FA12DD054
:10BE8000D947E31BF4F205BF65D58357090023901A
:10BE9000FA00F9BF011170879307E00F1306E10064
:10BEA0000147894606CEEFF0BFE3F240056182808C
:10BEB00079714AD00359850022D426D22A84AE84CF
:10BEC0004A859305210106D69770FF1FE780A0CD14
:10BED00079C51C252AC693F707029DC7A881EFF0F4
:10BEE0007FA4B245AA8711E9239024013945B250B5
:10BEF000225492540259456182802A2049468297F1
:10BF000001C51E249EA0E5B7035924004A85EFF021
:10BF10001F9D01ED41657D15EFF07F9C09E51E2415
:10BF200025459EA0E9B72310250113074500814749
:10BF3000BD46122339EE3147B387E70293058400EB
:10BF400031462EC691073E959750FF1FE78080B17E
:10BF5000B245314648089750FF1FE780A0B05224F1
:10BF60002A2041478146DD45EFF0CFB52ACE09E5CD
:10BF70001E2445459EA0A5BF0C4852249750FF1F84
:10BF8000E78040AE2A204C08EF5031472DD159456B
:10BF9000B9BF85073107E39ED7F825459DB705450D
:10BFA0008DB7797122D42A840A254AD02E89930527
:10BFB000E1004ECE06D626D2B2899770FF1FE780E9
:10BFC00080BE2DC91C25AA8493F707028DEF18386F
:10BFD0009307200511E35C20362450440E242A20C8
:10BFE0000147EFF0FFCF21E11C38B9E32A20EF50E1
:10BFF000113DAA8759458DCFB2502254925402590F
:10C00000F249456182802887EFF0DF91AA870DC54C
:10C010002A204946A68582975DD91E242310F9005F
:10C020001C3899E7D1BFD947E319F5FE23800900F1
:10C030000145D9B70545D5B73945C5B7797122D47A
:10C040004AD04ECE52CC56CA06D626D2AA892E8ABD
:10C05000B28A36899770FF1FE780A0B209440DC5E8
:10C060003C211307E00FAA845D44638FE7001307A8
:10C07000F00F5944639AE70063920A02D2854E8515
:10C08000EF50F13F2A8421C1B250228522549254AC
:10C090000259F249624AD24A4561828003550A0038
:10C0A0009305E100231701009770FF1FE780A0AF01
:10C0B0002887EFF0DF9AAA8505464E85EF2090612C
:10C0C0002A844DDDD1B79307F00FE30FF9FA938679
:10C0D00024007946A68517F5FFFF13054555EFF0B7
:10C0E0000F8DA38124014DB7797126D24ECE52CC4B
:10C0F00056CA5AC85EC606D622D44AD062C466C2A0
:10C10000AA8A2E8BB28B368ABA8983A4C1A5B9C0FC
:10C11000804483DC44000149035CA400631499015A
:10C120008440F5B73E2463F75701050941043349BC
:10C130000908EDB7E36BFBFE63090A000C204840D9
:10C14000D2865E86EF5021456DD16384090023902D
:10C150008901A284B25022540259F249624AD24A59
:10C16000424BB24B224C924C2685925445618280C0
:10C170009A21B621854763E1E6041DCFD421011140
:10C180001386550022CC1385C1932E84894506CE93
:10C1900032C6EF504140C14719C9542032462E20C3
:10C1A0000A200147EFF05FF4A94711C18147F2402F
:10C1B00062443E85056182803E8582802E860A2209
:10C1C000AE21854763E1A50219CD542241110147F3
:10C1D000150606C6EFF05FF1A94711C18147B240CD
:10C1E0003E85410182803E8582802E860A22AE21D4
:10C1F000854763E1A50219CD542241110147150677
:10C2000006C6EFF07FEEA94711C18147B2403E85D7
:10C21000410182803E85828039714ED6BE2183D90C
:10C22000050006DE22DC26DA4AD852D456D25AD08D
:10C230005ECE62CC66CA63E437152A8A05456383FD
:10C240000912416BAE8A2314010002C60144014960
:10C250007D1B894B054CC94C83D52A00014781467B
:10C2600001464E8523130100EFF01FE8AA8471C533
:10C2700009EC13072002930661005A869545528502
:10C28000EFF04F842A84630E050E38849C2025C766
:10C2900018856301870541476394E70ABE24414638
:10C2A000130524001CA0BE24A1831CB0CC409740E1
:10C2B000FF1FE780207B49043C848507B3C707083C
:10C2C0007C8463FC2707BE24638967078509B3C99B
:10C2D000090859B763967707BE2409461305240059
:10C2E0001CA0BE24A1831CB0CC409740FF1FE78058
:10C2F00060771104D1B722C603596100B824130531
:10C300002400638F7701335999032305710118A025
:10C31000BE244146A1831CB0CC401379F90F41BF24
:10C320002305810118A0BE24135929001379F90FA0
:10C33000A1831CB0CC4009464DBF3C8429459DC318
:10C340002C005285EF50C15A09CD34001546D9450D
:10C350005285EFE07FEB11C532459760FF1FE78004
:10C3600000130145F2506254D2544259B259225A34
:10C37000925A025BF24B624CD24C2161828005459D
:10C38000D5B74545C5B703C741A8854763F7E70655
:10C39000011122CC26CA4AC806CE2A84AE8432892C
:10C3A0009760FF1FE780E07D11C538219307E00FFC
:10C3B0006307F704631B090022856244F240424987
:10C3C000A685D24405616F5051088A209305E1008B
:10C3D000231701009760FF1FE780E07C2887EFF0BC
:10C3E0000FE8AA8505462285EF20D02E71D5F240B0
:10C3F0006244D244424905618280594582805D454C
:10C40000FDB7411122C406C626C293F705022A844D
:10C41000328585C3EFF0AFE4AA8505462285EF207B
:10C42000702B95476305F500BD476315F50221455F
:10C4300015A093F78500B6849DC3EFF04FE2AA855F
:10C4400005462285EF20102909C59C3481C79C240C
:10C4500091C30145B24022449244410182809397A6
:10C46000456063D70700EFF08FDFAA850146D1BF93
:10C4700089890D45F9FDF9BF7971AE8622D42A84E8
:10C480008A229305E10106D636C69760FF1FE78032
:10C49000807111C90C2522852254B246B087B25052
:10C4A00045616FF01FF6B250225405454561828008
:10C4B000411122C406C693F705022A8432858DC332
:10C4C000EFF0EFD9AA8505462285EF20B020154769
:10C4D000AA876305E5003D47631DE502A14715A84E
:10C4E00093F7850099CBEFF08FD7AA850546228573
:10C4F0002244B24041016F20F01D139745606357FD
:10C500000700EFF0CFD5AA850146D5B7898991E11B
:10C510008D47B24022443E85410182807971AE86CA
:10C5200022D42A848A229305E10136C606D6976072
:10C53000FF1FE7804067B24609C90C2522852254B7
:10C54000B087B25045616FF0BFF6B2502254054536
:10C55000456182803E257971416722D426D24AD036
:10C560004ECE06D6231701007D17AA843284368961
:10C570008149638DE7009420D0401385170013078D
:10C58000E10033450508EFF03FB6AA899420D0407A
:10C5900089451385C193EF50010015C5A22422855A
:10C5A000EFF0AFCA09C57D142A943344040863042C
:10C5B000090023108900B2502254925402594E852A
:10C5C000F249456182809420D0408945138581934A
:10C5D000EF40717C61F59420D0408945138501932B
:10C5E000EF40717B11C9E38C09FA3C87E39987FA24
:10C5F00003D4A9007D1455BFA22455BF397122DC94
:10C6000026DA4AD84ED652D456D25AD05ECE06DE5C
:10C61000BE8B9C252A8AAE84C18BB28A36843A8925
:10C62000C289468B9DEF942089476383F606568521
:10C63000EFF0CFAD05CD832805006389080222867F
:10C640006254F250925A5A88CE87025BB2595E8782
:10C65000CA86F24B4259A6855285D254225A21618C
:10C6600082883285EFF00FACAA8709ED3945F25088
:10C670006254D2544259B259225A925A025BF24B36
:10C68000216182802946A6855285829749DDC5B7FA
:10C69000DC4003C3170098238D6722033363E30054
:10C6A0001386479013175360E343E6F81386F78F1A
:10C6B000634BE60293862780630FD70863C8E604BE
:10C6C000F977938707803E93854733430308E3E078
:10C6D00067F62D45E39D0BF8DC449023CC432310F3
:10C6E000C90022850DA2F5779387F76F3E938D479A
:10C6F0003343030863EE671017970100130707BE63
:10C700003343E32083270300BA97828793873780D8
:10C71000E31FF7F02D45E39C0BF485472310F90048
:10C72000DC4481459C231CA0AA240505334505084B
:10C730009760FF1FE7802047835709005DE5910759
:10C740002310F90011468145130514009740FF1F7F
:10C75000E780C03771A02D45E39B0BF0DC446C00F3
:10C7600083C917009823A209B3E9E90011472310F0
:10C77000E9009C234E851CA0DC449C331CB09760D0
:10C78000FF1FE7804042AA8431CD3086C165930601
:10C79000E100FD158329C500EFF0DFDB19E99420E6
:10C7A000D040894513858193EF40F15E19E1FD5733
:10C7B0007C8703C7090089476310F70283A54900F6
:10C7C0000946130544009740FF1FE780A0298357BF
:10C7D000090089072310F9003C873CA0A1833CB0E5
:10C7E000014571B523173101C5BF18218907BA97D3
:10C7F0002310F9003E251CB03E25A1833CA010214A
:10C800004C41130534009740FF1FE780A025C9BFA6
:10C810002D45E39E0BE42310D900DC449C231CA08F
:10C82000DC449C331CB06DBFC8449740FF1FE780B9
:10C83000002D334705081D45E36B77E36380EB026A
:10C84000B386790163C6E60033077741B349070829
:10C85000CC44231039014E86DE9561B58149CDBFA8
:10C860002D45E3960BE0CC445285EFE07FEC894701
:10C870002310F90008A0218108B09DB72D45E39849
:10C880000BDE89472310F90049BF2D45E3910BDEEC
:10C89000DC441D472310E900982318A0983318B0F2
:10C8A000BA2338A0BA23218338B0D82358A0FA235A
:10C8B00058B0FE23A1837CA025B75D71A6C2AA84CF
:10C8C0002A214EDE52DC56DA5AD85ED662D466D2BF
:10C8D0006AD06ECE86C6A2C4CAC0AE8AC16BEF4013
:10C8E000B15F130CF5FF2A8A8149979DFF1F938D35
:10C8F000AD7A938C41A6138B81A6FD1B334D0C089A
:10C90000DE2463F6F90083D70D0063CD8701AA20EA
:10C910009795FF1F93854578EF50811F2A841DCD81
:10C9200059442DA89C449305E100B3A7F92003C9FD
:10C9300017009C2322093369F9004A859760FF1F7D
:10C94000E7806026AA851DE923902A0103A54D00F2
:10C9500009C59760FF1FE78080B30544B640228574
:10C96000264496440649F259625AD25A425BB25B57
:10C97000225C925C025DF24D6161828083C844005A
:10C9800083A60C003087AA206A8881475A87EFF077
:10C99000FFC62A8419C923902A0103A54D005DDD35
:10C9A0009760FF1FE780A0AE55BF83A74D0099EFAA
:10C9B000AA20514781465E86BD45EFE0BF9023A285
:10C9C000AD0009E523902A01454449BF83D70D00F6
:10C9D00003570B003E97634747013307FA407D1723
:10C9E0002310EB0003A54D0003560B0083A50C009C
:10C9F0003E9585099740FF1FE780C00683D70D004D
:10CA000003570B00B3C90908BA972390FD00CDBDA9
:10CA1000397126DAAA842A214ED65AD006DE22DCC3
:10CA20004AD852D456D25ECE62CC66CA6AC82E8B21
:10CA3000EF40914AAA89D424AE248A247800138630
:10CA4000D400EFF06FEA05C1938BB9FF2A84E51992
:10CA50000149138C41A6938C81A633CA0908634906
:10CA60007901631B09109E2429452310FB009DA812
:10CA7000035DC10083C8440083260C00AA205288AD
:10CA8000814766876A86A285EFF05FB719C9AE2431
:10CA900022859306E1006A86EFF0DFAB2A8461F01D
:10CAA000C9B783D70C009228E313F6FE83250C0048
:10CAB000C8489740FF1FE780800C71D99799FF1FE6
:10CAC0009389895D83A7490095EFAA204166454770
:10CAD00081467D169D45EFE0EFFE1DE19E24454514
:10CAE0002310FB00F2506254D2544259B259225AD8
:10CAF000925A025BF24B624CD24C424D21618280D1
:10CB000023A2A900AE24835AA40022859306E10043
:10CB10006A86EFF03FA42A84E3830AF883A74900DA
:10CB20001307190033470708CA972380570183A7C3
:10CB3000490093DA8A0093062900BA9723805701A7
:10CB400013073900110983A74900B3C60608334704
:10CB500007083349090811C93087B69790A383A7FE
:10CB600049002182BA9790A3DDBDB697FD5694A3E4
:10CB700083A74900BA9794A3AA209795FF1F93858E
:10CB8000A5511359290023902501EF40F16139D9AE
:10CB9000594589BF411122C406C693F705012A846D
:10CBA000328585C3EFE0BFEBAA8505462285EF20DD
:10CBB000603295476305F500BD47631DF5022145C9
:10CBC00015A893F7450099CBEFE07FE9AA850546C4
:10CBD00022852244B24041016F20C02F93F7050403
:10CBE00091C7EFE0DFE7AA850146DDB713C5F5FF82
:10CBF00005890605B240224441018280797122D420
:10CC000026D252CC06D64AD04ECE56CA5AC82A8A06
:10CC1000AE840144DE206364F400014581A083AA50
:10CC200004009319140013891900B327542103CB6E
:10CC30000700B3872A0188239305E10022053365A5
:10CC400065019760FF1FE78000F61DE123806A0100
:10CC50009C4005453E990347090098B3B2502254C1
:10CC600092540259F249624AD24A424B456182804B
:10CC70000C2530875285EFF0FFF101CD9C40BE9925
:10CC800003C7090098A39C403E990347090098B345
:10CC9000F1B7050433440408B5BF0111AE8722CCB7
:10CCA0002A848A239305E10006CE9760FF1FE78060
:10CCB00080EF09C90C25228562443087F240056166
:10CCC0006FF05FEDF2406244054505618280397185
:10CCD0005AD02A8B2A2126DA4AD806DE22DC4ED602
:10CCE00052D456D25ECE62CC66CAAE84EF40D11E1C
:10CCF0002A898346CB008355AB0003558B0078000F
:10CD00001306DB00EFF04FBE630B0514C16A130A74
:10CD1000A9FFAA8B0144938941A6979CFF1F938C7E
:10CD2000AC37FD1A6D19334A0A08035CC10083C58C
:10CD30008B0003552B006286EFF0DFE563100514CE
:10CD400083484B0083A6090003552B005288814776
:10CD5000138781A66286DE85EFF05F8A6310051275
:10CD600015C883D72C0003D781A611076395E70068
:10CD7000A29763C227079795FF1F9385E531BE21D0
:10CD800003552B003354F40282A1EF40315C15C1EE
:10CD9000594505A003552B00494781465686C54590
:10CDA000EFE04FD223A2AC0015E183D7AB0045459D
:10CDB0009EA0F2506254D2544259B259225A925A09
:10CDC000025BF24B624CD24C2161828083D781A6F8
:10CDD00091072391FC0083A74C0003D7AB00628628
:10CDE000A29798A383A74C001307140033470708A2
:10CDF000BA9703D7AB009306E1005E85218398A321
:10CE00008355AB00138C81A6EFF0CFF403A74C0041
:10CE10003C87130624003346060832971CA303A759
:10CE20004C0093063400A183B3C6060836971CA3B2
:10CE3000AA8B03A54C0011043344040803560C00CC
:10CE400083A50900229563910B029740FF1FE7809D
:10CE500060C183570C00A29733C4070809FC8357AD
:10CE60008B0029459EA0B1B79740FF1FE78080BF88
:10CE700083570C003E943344040845BD83D7AB0070
:10CE80009EA0E31A04EE83578B009EA01DB71D7170
:10CE9000A6CACAC8AA84035985002A21A2CCCEC634
:10CEA000D2C4D6C2DAC05EDE62DC6AD886CE66DA6A
:10CEB0006ED6AE8AEF405102130BD5FF01447115B7
:10CEC000138CD400938B41A6138A81A6179DFF1F54
:10CED000130D8D1CB3490508635D6411D424AE2481
:10CEE0001307E10162864A85EFF00FA0AA8C630266
:10CEF00005100359A500B0870C25AA2032C6EFF013
:10CF00007FC9631D050E83C8440083A60B0032460B
:10CF1000AA204E8881475287E685EFF02FEE79ED03
:10CF200015C483570A0003572D0089076302F706CB
:10CF30009795FF1F93854516BE21AA20B357F4028B
:10CF40009EA1EF40112F0DC1594539A8AA20416675
:10CF50004D4781467D16A545EFE0CFB62322AD00B3
:10CF60001DE123902A014545F6406644D6444649D2
:10CF7000B649264A964A064BF25B625CD25C425D39
:10CF8000B25D2561828083570A0089072311FD0065
:10CF900083570A00A29763DE670583274D0003D7F6
:10CFA000AC00930D2400A29798A383274D0003D7CC
:10CFB000AC000504334404082183A29798A30325F9
:10CFC0004D0003560A0083A50B00B3CD0D086E95E6
:10CFD0009740FF1FE78000A983570A00BE9DC167E5
:10CFE000FD1733C40D08E309F9EE050933490908B3
:10CFF000E5B5294515FC23902A01BDB76DDC0DBFB1
:10D000001E21411126C206C622C44AC0444189EBF2
:10D010008947B2402244924402493E8541018280C0
:10D020009420D0402A8489451385C193EF40A156AE
:10D0300011C93C202547E51793F7F70F637DF700EB
:10D04000E147C1BF9420D040894513858193EF40CB
:10D05000815465F175BF1389818683560900854720
:10D06000CDDA1A203697C166E3C5E6FA9165938555
:10D07000257031459750FF1FE7800035AA84CD47C2
:10D0800049D9314681459740FF1FE78020A41A20E7
:10D090008355090001468147B386F500B3C60608EB
:10D0A00063E7E70201C62E972310E90023A00400DE
:10D0B0002146A285138544009740FF1FE780809A90
:10D0C0001387C1A51C4381CF3E879C43EDBF5040D1
:10D0D0001395470085072A9636A6054675BF04C3F3
:10D0E000814705BF011106CE22CC26CA4AC809E9EC
:10D0F0000944F24022856244D2444249056182805B
:10D100002AC6AA84280036896C845085EFF05FEF28
:10D110002A8465F1E30F09FCBE24F9DB9165938550
:10D12000557031459750FF1FE780002AAA8705C137
:10D13000BA24938601A6232005005AA198422324ED
:10D14000250101C7BA861843EDBF9CC25DB74D44A7
:10D150004DB79387C1A498230DE3054798A305898C
:10D1600009CD9776FF1F9386A6FF41469145177517
:10D17000FF1F1305A5FF6FF0FFF601458280A38511
:10D18000A186828041677D176315E5002E856FE0DB
:10D19000CFCC411106C6EFE0EFC609C5FD571EA171
:10D1A00023010500B24041018280011126CA06CE4A
:10D1B00022CC4AC88547AA846390F5042685EFE00F
:10D1C0000FF221E941699305F9FF1307E100894650
:10D1D0001386C1920545EFE03FF12A847D1905C40D
:10D1E0004C442685EFF01FFA308722858146CA8598
:10D1F000EFF04FB62A84E5B789476396F500854579
:10D20000EF10506D45DDF2406244D2444249056161
:10D210008280EFE00FE87DB7411122C406C626C226
:10D220001794FF1F130444F0083423AC01A423AA6D
:10D2300001A423A801A449C19307200C3305F502DA
:10D24000916593851570938481A51905334505086B
:10D250009750FF1FE780401710349307200C81453B
:10D260003306F60288C019069740FF1FE780008644
:10D270009C4018348145938647007D5563E6E5065A
:10D280009306800BB306D70201460507FD55B697F6
:10D2900023AAF1A4BE868EA2ACB2ACA22382060061
:10D2A00005069906E369E6FEF95696A39946330703
:10D2B000D702BA9723A8F1A417F5FFFF1305258716
:10D2C000EFD05FFA17F5FFFF1305259FEF402134DC
:10D2D00017E5FFFF1305C57BEF10F056B24022445F
:10D2E0009244014541018280239EA6FE3686138822
:10D2F000460B23100600232406003106E31B06FF1D
:10D3000085059386860B9DBF411106C622C42A84DB
:10D31000EFD0CFF1EFE08FB603A501A5238581867D
:10D32000EFE0AFB3238681862244B24017050000A8
:10D330001305E5E741016F1010519397556063D7CE
:10D34000072E797103C5A18622D44AD006D626D2EB
:10D350004ECE2E899730FF1FE780C0672A8451C9BF
:10D3600018219307000B6313F7088547938441A6A0
:10D37000DC849C402315010081EFEF0080709165F3
:10D38000938535709750FF1FE780000488C031C92E
:10D39000614681451795FF1F130505D09730FF1F84
:10D3A000E780C0728349440089476393F908D12D0F
:10D3B0009794FF1F938444CE8AA02A20A685EF402D
:10D3C000614FAA869E202A201A248DEE6363F700FF
:10D3D0001EA40E24EFD07FE92285EFD07FE09C844D
:10D3E00091C74C2013058400EFE06F852285EF8004
:10D3F0007FB7B25022549254F2491315F96802597A
:10D40000456182806363F7001EA41E24D945979668
:10D41000FF1F938666C80D469EA0EFD0FFDE8D45A8
:10D4200045DD1795FF1F130525C7EFE04F816DB749
:10D430009387A9FF93F7F70F4947E36FF7F817872B
:10D4400001001307A7EAB3C7E7209C43BA97828776
:10D450009305A1002285EFF0AFDBAA8435DDD94723
:10D460006394F40A85092A2093F9F90F9796FF1F10
:10D47000938686C24E86D945EFD01FD931DDCE8541
:10D480004DB79305A1002285EFF07FA0F9B783592E
:10D4900084006C004E859750FF1FE780C070AA84FF
:10D4A0002DC12A2041669306E10055477D16AD4502
:10D4B000EFD05FE19799FF1F938909BE23A2A900CE
:10D4C000AA8655CD834844000358E10030862A20BF
:10D4D000A68581474E87EFF06F92AA846312050EEE
:10D4E0002A20CE85EF40815AE30805EE2A20D9454F
:10D4F000CE862D46EFD05FD1AD45E30F05EC4E85CE
:10D500002DB72315310185441830D147E306F7ECD8
:10D510005C209799FF1F938929B82A202380F9005E
:10D520003C85CE85238299002391F900EF40412C60
:10D53000E30405EA2A20CE860546D945EFD0DFCCA4
:10D54000E30C05E8854565BF835984006C004E8572
:10D550009750FF1FE7802065AA8445D52A204166A1
:10D560009306E10059477D16B545EFD0BFD5979991
:10D57000FF1F938969B223A2A900AA8609E51E2488
:10D58000C5447C8551B7834844000358E1003E24DC
:10D5900030862A20A6854E87EFF04F86AA840DE1BB
:10D5A0002A20CE85EF400152E30805E22A20D94522
:10D5B000CE863546EFD05FC5B545E30F05E081B7B0
:10D5C000D94703A549006397F4009750FF1FE780F0
:10D5D00000EC19B59750FF1FE78060EB1E247C8597
:10D5E00025B79305A1002285EFF02FADBDB59305BA
:10D5F000A1002285EFF0AFED8DB5130691009305E4
:10D60000A1002285EFE0FF9989BD9305A100228545
:10D61000EFE01F8AAA84E31405E4A30401006DBBB4
:10D620009305A1002285EFE02FF605BD014582801C
:10D63000F1C6011156C2AE8A854526CA4EC652C4ED
:10D6400006CE22CC4AC82A8AB284B689EF10902826
:10D65000D1470DC103C751A883C711A8014999E05B
:10D660003E89BA871317490003A441A73A94636D12
:10D67000F900D547F2406244D2444249B249224AB5
:10D68000924A3E850561828036201307040191C6C7
:10D6900005091379F90F3A84D9BFA1C89565938517
:10D6A00025C0130500029750FF1FE780E0D148C452
:10D6B00069D1130600028145130909049730FF1F41
:10D6C000E780C040230004002311240123134401F8
:10D6D0009C3403A781A7998C1CA45C4491849180FD
:10D6E000C4AF23A08900814771B72326040023001B
:10D6F00004002313440123045401E5B785473E8504
:10D700008280AA8683C551A803A741A78147639455
:10D71000F5000145828032233A8519C2E30CD6FE1A
:10D72000850793F7F70F4107DDB7AA8603C651A80F
:10D7300003A741A781476314F600014582802E2389
:10D740003A8581C54C23E38BD5FE850793F7F70F08
:10D750004107D5B7AA8683C521A803A781A781471A
:10D760006394F5000145828012233A8519C2E30CC7
:10D77000D6FE850793F7F70F4107DDB7AA8603C8E2
:10D7800011A883A741A701476314E80001458280DF
:10D79000B2233E8509CAF2236317D600D04701C6DB
:10D7A0003222E306B6FE05071377F70FC107E9BF7C
:10D7B000411126C2444522C406C62A8495C0C844E5
:10D7C00009C59750FF1FE78080CCC84809C597500E
:10D7D000FF1FE780C0CB26859750FF1FE78020CB37
:10D7E0002285414681459730FF1FE780202EFD5757
:10D7F0001CB4B2402244924441018280011122CCE7
:10D800002A842A2106CE2EC6EF10205A32462285BF
:10D810008145EF00104E22856244F24005616FF0B1
:10D820003FF905C53E21411122C406C62A8491CB89
:10D83000DD45EF00104F22852244B24041016FF0D8
:10D840003FF7B2402244410182808280411122C4CC
:10D85000B1471304C5FFB307F40226C29794FF1F14
:10D860009384048506C6A697BA276315B702C843F2
:10D8700015C19307F00F6305F6001C21639CC700D8
:10D880009750FF1FE780A0C0B1473304F402A29471
:10D8900023A20400B24022449244410182804111FB
:10D8A00022C42E8426C24946AA848145228506C602
:10D8B0009730FF1FE78080218DC8D82C83A781A7D0
:10D8C0001207BA979A231AA0BA23FE233AA003D7C5
:10D8D000C1A75AA09A207AA0BA201AA4DA203AA4A2
:10D8E000FA205AA49A241EA87AA4B2402244924450
:10D8F000410182802A8683C551A803A881A783A6F7
:10D9000041A7014701456393E50082809C2281CFB6
:10D91000DC4691CBDC2F9207C2976316F600930783
:10D92000150013F5F70F05071377F70FC106E1BFD1
:10D93000130600643386C50293069500AA85170571
:10D940000000130545EE6F809F9D411122C406C65D
:10D950002A840835EF80BFB9FD571CB4B240224479
:10D9600041018280011122CC4AC84EC652C456C21F
:10D970005AC006CE26CA2A89AE890144138A11A844
:10D98000938A41A71D4B83470A006365F40463999A
:10D990000902938951A8138A41A7930AF00F83C7FC
:10D9A00009006364F4061144A14422851306F00FB4
:10D9B000CA850504EFF09FE933440408E31794FE99
:10D9C000F2406244D2444249B249224A924A024B4E
:10D9D0000561828083A40A0093174400BE949C20B2
:10D9E0008DC3FE20639F270163956901AA20EF1074
:10D9F000C03B26854E868145EF00B02F2685EFF08F
:10DA00003FDB05041374F40FBDBF83240A00931792
:10DA10004400BE949C208DC39C34638F5701FE202C
:10DA2000639C27012685EFF05FF22685D145EF0044
:10DA3000502F2685EFF0DFD705041374F40F85B758
:10DA4000C167F917630BF502411122C406C6854769
:10DA50002A846399F50022852244B2408145410120
:10DA60006FF05FF089476396F5008545EF1080669B
:10DA70007DD1B24022444101828082809D456FF079
:10DA80007FEE03D5C1A78280011106CE68876C8620
:10DA900003C701A885476318F70070009305E100EC
:10DAA0000545EF50604EF24005618280A947631D35
:10DAB000F6029C319821A207D98F1EA1BC31B82152
:10DAC000A207D98F3EA1DC31D821A207D98F5EA150
:10DAD000FC31F821A207D98F7EA19C359825A20799
:10DAE000D98F1EA501458280054582809147631E1E
:10DAF000F6009C319821A207D98F1EA1BC31B82114
:10DB0000A207D98F3EA10145828005458280938777
:10DB1000C5FF0D47B3C60708636ED700314733878B
:10DB2000E7029787FF1F9387A758BA97A8A38EA3EA
:10DB30000145828009458280930740203355F50ACC
:10DB40007115239EA1A62382B1A8A381B1A88280CA
:10DB5000956541111905938535C006C633450508FD
:10DB60009750FF1FE780408601C9B240E955410147
:10DB70001753FF1F6700E39DB24041018280A382DB
:10DB800001A8238201A8238101A8A38001A82380E2
:10DB900001A885474111A38FF1A606C622C426C25B
:10DBA0002A84238F01A6239E01A623AA01A6EF1093
:10DBB000A0281785FF1F1305A54F130600038145F5
:10DBC000238381A89730FF1FE78040F01384C1A60C
:10DBD0000820938411A81DC59565938545C012053D
:10DBE0009740FF1FE780407E23ACA1A601CD1C30EB
:10DBF000102081459CA02381C1A812069730FF1FE9
:10DC0000E780C0EC9C201785FF1F034565521384F5
:10DC100051A83E951375F50F956508A0938555C0DD
:10DC200012059740FF1FE780207A938441A788C0A0
:10DC300025CD1020814512069730FF1FE78000E9AF
:10DC400098401420814725077D566399F604EF100C
:10DC5000E03EB1473305F5029565938565C03345D0
:10DC600005089740FF1FE780207623A8A1A62A84F5
:10DC700001CDEF10A03C31463306C5028145228517
:10DC80009730FF1FE78080E42244B240924417059A
:10DC90000000130525DB41016F10E03A850710A352
:10DCA00093F7F70F410755B7A38201A8A38001A8F6
:10DCB00079BF411126C206C622C44AC0AE849397DA
:10DCC000556063D70708138961A803450900973099
:10DCD000FF1FE78020D02A8431C51821930700094F
:10DCE000631FF7021831CD476312F706938641A8E8
:10DCF00028219C221788FF1F03487812130664000E
:10DD0000814501476318E50291C19CA29C2281CB09
:10DD10000345090085459750FF1FE78080DA22857B
:10DD2000EF804FA41395F468B24022449244024914
:10DD3000410182800E2205071377F70FAE9793F704
:10DD4000F70F09068545B3D7070B6DBFC529C1BFBE
:10DD500013F5150071D9EF00904E19C983C741A87A
:10DD600081CB854503C561A89750FF1FE78060D52B
:10DD700013C5140055BF0547637EC7029C3194212B
:10DD8000A207D58F1EA16399E700BC31B821A20775
:10DD9000D98F3EA1014582800947E39DE7FEBC3152
:10DDA000B821A207D98F3EA1DC31D821A207D98F93
:10DDB0005EA1CDB7054582809147631EF6009C3178
:10DDC0009821A207D98F1EA1BC31B821A207D98FF3
:10DDD0003EA101458280054582809147631EF60081
:10DDE0009C319821A207D98F1EA1BC31B821A2076E
:10DDF000D98F3EA10145828005458280A1476318E5
:10DE0000F6029C319821A207D98F1EA1BC31B821FE
:10DE1000A207D98F3EA1DC31D821A207D98F5EA1FC
:10DE2000FC31F821A207D98F7EA1014582800545EA
:10DE3000828089476319F6009C319821A207D98F07
:10DE40001EA101458280054582803E2279714ECE19
:10DE500006D622D426D24AD01307F007AE896371C2
:10DE6000F70209473AC47C86300093F5F50FEF00BE
:10DE7000B072B250225492540259F24945618280E4
:10DE80005A22D9462A89328463F7E6007E2263F457
:10DE9000F6006379F70023140100300093F5F90FC1
:10DEA0004A85F1B70A2202C4EFF0DF8AAA8435C599
:10DEB000EFF05FA49C246369F5001146A246CE856D
:10DEC0004A85EF00B06475B7340026869305F00FDD
:10DED0004A85EFF0EFF575F1A2471A24DC479AA3C3
:10DEE0003A20BAA35A20DAA37A20FAA3DA209AA712
:10DEF000DC4495C793F4F90F2286A6854A8582975C
:10DF0000C167FD172A86E31BF5FA22459947F945B3
:10DF10001CA144A1EFF0DFA1A9BF094645B7014606
:10DF200071BFA947631DF6029C319821A207D98FC2
:10DF30001EA1BC31B821A207D98F3EA1DC31D82166
:10DF4000A207D98F5EA1FC31F821A207D98F7EA14B
:10DF50009C359825A207D98F1EA5014582800545CD
:10DF600082809C211CA19C311CB1BC31B821A2072C
:10DF7000D98F3EA1828023220500D82189476304DE
:10DF8000F70005458280F62101114EC606CE22CC4F
:10DF900026CA4AC80D47AE896379D7049C458433A5
:10DFA0009023A033A204D18CB02322049387440091
:10DFB000518C639CD7029307C4FF2A89B3C7070813
:10DFC0006361F70203A589002311990023108900DA
:10DFD000F1559740FF1FE780C0572322A900014554
:10DFE00031A02285EFF0EFF171FD0545F24062446A
:10DFF000D2444249B24905618280797122D426D245
:10E000002E8406D64AD01C201947AA84B285639074
:10E01000E70630202800EFF03FDA0DE92884EFF022
:10E020004FEE0C302A890DC92E86171700001307F2
:10E03000A7CC34009D452685EF00102C4A85094663
:10E04000814545294A85EFF0AFF60145B25022548B
:10E05000925402594561828089477C803C840A86BB
:10E060007C813C857C822685EF001053F9BF4947AF
:10E070006395E70232202800EFF05FD861F9178539
:10E08000FF1F1305E5025E25E9D3183068253C0023
:10E09000C9460146A685FD244DBF5147639DE70053
:10E0A00032202800EFF09FA055F10C30300026857B
:10E0B000EFF0BFD959BF59476398E70432202800D1
:10E0C000EFF0DFA241F52C842685EFF02FEB15C58C
:10E0D000584534851E23B697B3C707081EA3B5D786
:10E0E0005C47A5D783C741A8ADD3854503C561A8C3
:10E0F0009750FF1FE780E09C89BF89473EC03C8462
:10E100000C300A867C8285B70C30231001000A8609
:10E11000A1BF5D71A2C456DA86C6A6C2CAC04EDED1
:10E1200052DCAA8A88312E8432C6EFF00FE0B24565
:10E1300001ED0144B6402285264496440649F25931
:10E14000625AD25A616182802302050023110500C0
:10E15000834904008547AA846399F9003020280880
:10E16000EFF07FC12A8405491DA09D476391F90402
:10E1700018218D47E31FF7FA302028080549EFF0F2
:10E18000DFC52A8409E50546814526859D26268525
:10E19000EFF0AFFB88243C080147CE862286D68567
:10E1A000D522E30909F82685EFF08FE061B7CD4766
:10E1B000639BF90018219147E31DF7F630202808EA
:10E1C000EFF03FC745B7D547E395F9F6034A050099
:10E1D0008947E310FAF6302028080549EFF07FD48C
:10E1E0002A8455F583570102A1EBB8841306F00386
:10E1F000DC44930607FCB3C60608636AD600B08504
:10E20000D94663F6C600B486D94563EDD500BAA3F6
:10E210000145EF009039054903560102D285268554
:10E220008D2CB5B7AC87BAA3D2A38EA3F6A385472E
:10E230009CA0014A0149CDB7014AF9BF7971AA856D
:10E2400022D426D22221AA84280806D64AD0EFF06A
:10E250009FD2F24599E53DE185452285EFF0DF82C9
:10E2600075A0BC8415476395E706B8858D4763F7AD
:10E27000E7046800EFF0FFCE0359E100DD4763FBE0
:10E2800027018C86B70717008507100822853EC82E
:10E29000EF009030BC851109638527012285EFF0DE
:10E2A000EFFD1C8672466C00858B1106228591CF8E
:10E2B000EFF03FE601C52285EFF04FFC884449DDD1
:10E2C0009740FF1FE780A01C41BFEFF01FD3DDB7D1
:10E2D00011476389E7001387A7FF8546334707087F
:10E2E00063ECE6023147F117B387E7021787FF1F98
:10E2F000130707DCBA979A2371D3A8233008A285A5
:10E300000D204DFDB8849147E318F7F4B250225424
:10E3100092540259456182802C082285012E59FDB4
:10E32000F5B701114AC82A89314526CA4EC606CE1C
:10E3300022CCAE89B2849720FF1FE780806329C179
:10E340009307000A231135011EA12A8421461105D5
:10E3500095C0A6859720FF1FE780C070A2854A85DB
:10E36000EF707FC50145F2406244D2444249B24950
:10E370000561828081459720FF1FE7802075F9BFE6
:10E380000545D5B701114AC82A891305000226CAD6
:10E390004EC652C456C25AC006CE22CCAE8A328B6A
:10E3A000B6893A8ABE849720FF1FE780805C21C926
:10E3B000930720FA1CA1A300650123115501230234
:10E3C0004501A30235012A84614621059DC0A68529
:10E3D0009720FF1FE7800069A2856244F240D24483
:10E3E000B249224A924A024B4A85424905616F70FE
:10E3F0009FBC81459720FF1FE780406DF1BFF24031
:10E400006244D2444249B249224A924A024B0561CF
:10E4100082805C45797122D406D62A84AE86A5C353
:10E42000BA23F885130720066394E504FA2303D67C
:10E43000C1A73357C70AB22B9E2B1377F70F918FC3
:10E4400093F7F70F01E6890793F7F70FBA97FD17D0
:10E45000B3C7E702FC863E206E200824FC840147F7
:10E460003C080146EFF01FF2B25022544561828011
:10E47000D82F83A781A71207BA97FE23E1BF2EC624
:10E480001946814528089720FF1FE7802064B2467F
:10E49000D9B7797122D406D626D22A8491CD082400
:10E4A0002E866E202254B250925481470147930623
:10E4B000000645616FF01FEDB28428005946972091
:10E4C000FF1FE780A060648499E43E2048446C000C
:10E4D0007C85EFF0CFBC6E2008243C0001479306FA
:10E4E00000060146EFF01FEAB250225492544561F3
:10E4F0008280797106D6814799E53E2170867C84B9
:10E500005C4589EF3C002E866E2108250147930665
:10E510000006EFF03FE7B25045618280BE237C8564
:10E52000D5B7411122C406C61C2111472A84639223
:10E53000E7022E866E21082581470147CD46EFF080
:10E540007FE449466E202244B240154541016FF0F8
:10E55000EFAF13F7B70F89466317D7000146EFF007
:10E560005FF35146C5B70D476398E7002244B240B8
:10E57000014641016FF0FFF7B24022444101828021
:10E580009A21B14771173307F7029787FF1F9387C7
:10E5900027B2BA97D84301EBD841AAA70145D8C3FF
:10E5A000BA219AA7828059458280797126D2444542
:10E5B00022D44AD006D62A842E89B1C4C84419C5AB
:10E5C0009740FF1FE780A0EC23A604009E206E204A
:10E5D00008247C85BE200147930640067C869E2445
:10E5E0004A867C879C483EC83E207C843C00EFF0F5
:10E5F0007FD9A38E240123A80400B2502254925440
:10E600000259456182802800314681459720FF1FCD
:10E61000E780C04B3E206E2008247C8401473C00EC
:10E62000930640064A86EFF0FFD5C1BF797152CC00
:10E630002A8A8A2126D206D622D44AD04ECE56CA5B
:10E64000AE84EFF00F8C6300051240452A89630CFD
:10E6500004107E21639947111E2463880710542CEF
:10E66000938A81A703A70A009206FD1736977A239B
:10E67000B3C707081EA46316F70093053006EFF032
:10E680005FD95C48B5EBC840834915001C21A2093D
:10E69000B3E9F900BE2013872900631AF702F95580
:10E6A0009740FF1FE780E0EAC8C02391340103458B
:10E6B00089002686D285EFF0DFC61DEDB2502254C8
:10E6C00092540259F249624AD24A45618280956564
:10E6D000938515C04E859740FF1FE780E0CE48C860
:10E6E000C840231C3401F9559740FF1FE78060E6BE
:10E6F000BE20C8C0F917BEA048482DCDB220362C88
:10E700001E2C3308D60063C90707582C83A70A00BC
:10E7100095451207BA97BE2363CA0705CC403695C4
:10E720009720FF1FE78000343A2CBE20BA971A2C9E
:10E73000B3C707083EAC6398E702035729000345B7
:10E740008900300078845848D2857C853AC6EFF03D
:10E750005FBD11C548489740FF1FE78040D3232A7B
:10E760000400232C0400054591BF99454A85EFF02C
:10E77000EF88D5BFA545DDBF9145CDBFBE21CDCF2B
:10E78000011126CA06CE22CC03D7C1A7AA846D45A3
:10E79000636FF7082E84484091459740FF1FE7803C
:10E7A00040DB3E20AA861CA13E20A1831CB11E2076
:10E7B0003CA11E20A1833CB13220C167F91711068C
:10E7C00033460608639DF4022AC4314532C69720B9
:10E7D000FF1FE780001AAA854D45B1C9930700F9CC
:10E7E0003246A2469CA1F957BEA18947DCA1F2A1FD
:10E7F00094C503C561A8EF700FFC01450DA88145C4
:10E800002685EF40B00501E9138741A81C23F5D701
:10E81000FD171CA3DDB789476302F5029D4763011D
:10E82000F502C9476300F502FD47E30FF5FCF2402E
:10E830006244D244056182806D4582805145C5BFE6
:10E840001145F5B70945E5B7011122CC4AC8314455
:10E850001309C5FF3304890226CA9784FF1F9384D6
:10E86000248506CE26945C409DCF03C741A80DC7E2
:10E8700068843EC62A241E242C007C85EFF01FF0FD
:10E8800011C548409740FF1FE78060C0B14733097A
:10E89000F902CA9423A204000545F2406244D2441E
:10E8A0004249056182800145CDBF797126D2444538
:10E8B0004ECE52CCFE20BA2883D9C1A706D622D488
:10E8C0004AD056CAB3D9F90A2A8A9E282DCF998FE1
:10E8D0004E8463D4370133C4070889452285EFF09D
:10E8E0002FA72A89CD4A31C5BE202AC660857C84DF
:10E8F000BE2899EB9E28130925001CA19E28A18300
:10E900001CB1637434058228BE28CC4422864A8513
:10E91000BE959720FF1FE780E01403556A002C0086
:10E92000EFF0DFE5AA8A15C54A859740FF1FE7800B
:10E9300000B6B250225492540259F249624A5685A6
:10E94000D24A45618280890761B77914334404084B
:10E9500065BFBA289E203A949A28FD17B3C70708C6
:10E96000334404089EA0A2A86376E400F9F3FD579F
:10E97000DCBCC1B781455285EFF03FC35DBF797103
:10E9800022D44ECE56CA5AC85EC662C406D626D215
:10E990004AD052CC9389E1A703CA0900938A41A7C0
:10E9A000054B5284930BF00F138C11A883A40A001B
:10E9B00093174400BE9403C9040063176907DC443D
:10E9C000A5C7D84735C39A2329C783C741A889CF8C
:10E9D0002685EFF09FEDAA8505E9050483C711A8F8
:10E9E0006351F40223808900B25022549254F249B8
:10E9F000624AD24A424BB24B224C4A850259456187
:10EA00008280238F01A6CDB72685EFF01FBA01497A
:10EA1000E1BFDC3F639A7701930520062685EFF07E
:10EA20005F9FDC44A38E070083470C00050413742A
:10EA3000F40F6363F4000144E31A44F7C9BF4111C2
:10EA4000154506C6EFF05FE009C50545B240410136
:10EA500082801945EFF05FDF6DF91145EFF0DFDEE1
:10EA60006DF51D45EFF05FDE6DF103C511A879DD91
:10EA7000B24041016FF0BFF09E210D47F117B3C7BF
:10EA80000708636FF704DC41411122C406C626C2A1
:10EA90002E84A9CB8545AA84352D39C92685992B85
:10EAA000C167F917638DF40019E93E2089CB162060
:10EAB00019476391E60403D7C1A763FDE70283C743
:10EAC00041A8A285268599C72244B24092444101BB
:10EAD0006FF0DFCA2244B240924441016FF05FAA56
:10EAE000094582800945B240224492444101828016
:10EAF0005145D5BF6D45C5BF797126D252CCAA8488
:10EB00002E8A5D4589454AD04ECE56CA06D622D4B5
:10EB1000B289B68A3A89EFF0AF8335C12A840145BC
:10EB200063060900D68513054400029993578500B2
:10EB30003CB093074500230044017C85954728A0FD
:10EB40007C84A300340122C683C741A82C002685FB
:10EB500085C7EFF0BFC2AA8411C522859740FF1F69
:10EB6000E780E092B25022540259F249624AD24AF6
:10EB70002685925445618280EFF09FA0E9BFCD4485
:10EB8000D5B7797126D24AD052CC56CA2E8906D62C
:10EB9000BE8522D44ECE9947B284368ABA8A631291
:10EBA000F9062A220944EFE0DFB52AC635C15C45E3
:10EBB00083596500BE239EA0B247154723805701A5
:10EBC000BAA31387F1A710239305160093F5F50F49
:10EBD0000CA3D0A399E1854614A351476317E9001C
:10EBE0001547BAA0DC479A249AA75287A686CA85F9
:10EBF0004E85EFF07FF02A8432450DC4EFE05FBB15
:10EC000001A842867400AA89EFE09FA22A844DD50C
:10EC1000B2502285225492540259F249624AD24A91
:10EC200045618280F945EFE0BFD0DDB79E211CA190
:10EC30009E21A1831CB1BE213CA1BE21A1833CB178
:10EC4000114582809E211CA19E21A1831CB1BE2161
:10EC50003CA1BE21A1833CB1DE215CA1DE21A183C8
:10EC60005CB1FE217CA1FE21A1837CB12145828083
:10EC70009E211CA19E21A1831CB1094582809E2159
:10EC80001CA19E21A1831CB1BE213CA1BE21A18358
:10EC90003CB1DE215CA1DE21A1835CB1FE217CA11F
:10ECA000FE21A1837CB19E251CA59E25A1831CB5B8
:10ECB000294582809A218546AA8718A19A21218315
:10ECC00018B19A216319D700BA2138A1BA2121833A
:10ECD00038B1114582800945631DA700BA21194545
:10ECE000B8A3BA212183B8B3DA21D8A3DA212183CA
:10ECF000D8B382809E211CA19E21A1831CB1BE217C
:10ED00003CA1BE21A1833CB111458280797126D2FC
:10ED10004AD04ECEB2842A89AE8929468145480020
:10ED200022D406D636849720FF1FE78020DA648637
:10ED30008DE03E207C8283D7C1A77C845C4491CB4C
:10ED4000D42F03A781A79E27920636973A237C8566
:10ED500078834A85170700001307A7F2540013F6BB
:10ED6000F90FD545EFF05FD92A8911C195E08547A4
:10ED70001CA023020400014681452285EFF06FF1BB
:10ED8000B25022549254F2494A8502594561828018
:10ED90002285EFE0FFA1EDB7B28617070000130749
:10EDA000A7F12E8685456FF03FD501116887416533
:10EDB000700001489307F00F0D47970600009386F7
:10EDC00026E799457D1506CEEFF0BFDBF2400561E1
:10EDD0008280B28701482E861147970600009386ED
:10EDE000A6E6C9456FF0FFD9B286170700001307E2
:10EDF00067E82E86CD456FF03FD0011122CC26CAA0
:10EE00004AC84EC606CEAA842E891774FF1F130463
:10EE1000242D9779FF1F9389A92F1C4081C7CA858C
:10EE2000268582971104E31A34FFF2406244D244EB
:10EE30004249B24905618280411122C406C626C2F8
:10EE40001777FF1F1307C7FC7C2B783B1774FF1F36
:10EE50001304842D1CB4BA9793F7F70F1CA4B5C7FD
:10EE60001305C0033385A702A5658505938481A892
:10EE70009730FF1FE780405510249307C00381455A
:10EE80003306F60288C09720FF1FE78020C41424B1
:10EE90009C4001477D566341D7022244B2409244D0
:10EEA0001306000381451775FF1F130565234101F4
:10EEB0001723FF1F670083C1B2A32382070023A685
:10EEC000070205079387C703F9B7B240224492446B
:10EED00041018280411122C426C24AC006C62A8945
:10EEE0002E84B2849740FF1FE78040D009EDC167B0
:10EEF000F91751456313F9000145B2402244924489
:10EF000002494101828054555C2195C213F72701C3
:10EF10004146630BC700C18B3D45E5D3BC2E01457F
:10EF2000E3FD87FC3145D1BF1545F5D4F9B7C18B59
:10EF30000145E1F71545D1B779714AD0416922D42D
:10EF400026D24ECE52CC56CA5AC806D6AA840144FE
:10EF50009779FF1F9389491D138A81A8930AC003DB
:10EF60007D19054B83C789006364F400014525A81A
:10EF70003307540383270A00BA97BA23631627017D
:10EF800005041374F40FF9BFC8333000938567008C
:10EF9000EF00913E1946A68528009720FF1FE780C5
:10EFA00000BEE31F65FDB250225492540259F2494B
:10EFB000624AD24A424B456182804166AA86977571
:10EFC000FF1F83C5E51603A781A881477D166394BB
:10EFD000F50001458280035827003A856306C80082
:10EFE00003480700E308D8FE850793F7F70F1307D8
:10EFF000C703F1BF411106C69740FF1FE78000BF5E
:10F0000009C54A29B240410182800145E5BF03A7F5
:10F0100081A89776FF1F83C6A61111078147014576
:10F020006393F6008280102301C605051375F50F62
:10F03000850793F7F70F1307C703DDB71775FF1F92
:10F040000345050F82801777FF1F13076709814764
:10F050003A86B1460C4391E5B3C7C72088C3014542
:10F06000828085071107E397D7FE4D4582804111C5
:10F0700006C622C49740FF1FE78040B70DCD2A8403
:10F080002A218545EFF07FD7485409C59730FF1FE7
:10F09000E780E03F22851306C00381459720FF1FCC
:10F0A000E780C0A2FD573EA0230204000145B24004
:10F0B0002244410182800945DDBF411106C69740C7
:10F0C000FF1FE780A0B209C54825B24041018280F8
:10F0D0000145E5BFC167F9176305F502411122C477
:10F0E00006C62E849740FF1FE78040B0AA870145DF
:10F0F00089C7DC237D8C33358000B2402244410136
:10F10000828005458280411122C406C62E84974024
:10F11000FF1FE780A0AD01CD5A29AA8705456304EA
:10F120008700C2AB0145B2402244410182800545BF
:10F13000DDBF29CD01114AC8416922CC26CA4EC67D
:10F1400052C456C206CEAA8401449779FF1F938900
:10F15000A9FD138A81A8930AC0037D1983C789007A
:10F16000634BF400F2406244D2444249B249224A1D
:10F17000924A05618280B307540303250A003E9535
:10F180003E216383270182940504C9BF828083A73F
:10F1900081A8C1661776FF1F034686F989070145D6
:10F1A0000147FD1691456313E600828003D80700EE
:10F1B0006309D80003C8A7006315B80005051375D7
:10F1C000F50F05071377F70F9387C703E9BF83A6EA
:10F1D00081A81776FF1F0346A6F5910601478147D0
:10F1E000631FE600858393C7F7FF0545B3C707088C
:10F1F0006361E5023315A0283345050882808C221F
:10F2000099C1CE36CD8F05071377F70F9386C603C6
:10F21000C1BF93F61700F9FE050585831375F50F39
:10F22000C1BF797156CAAA8A2E8526D24AD04ECE3F
:10F2300052CC5AC85EC662C406D622D4AE84328B83
:10F24000368CBA8B3E8AC28946899740FF1FE78079
:10F25000E0993DED41657D159740FF1FE7800099DE
:10F260002A84554531C81946DE8513056400A3027A
:10F2700084019710FF1FE780E07E8357010326A0DB
:10F28000230264013EA8835741032300540123262F
:10F2900004025EA823064401231734012318240125
:10F2A000EFF0FFF20AB8232A04022685232C040279
:10F2B0008145EFF09FB40145B25022549254025957
:10F2C000F249624AD24A424BB24B224C456182809B
:10F2D0004545DDB79776FF1F83C686E503A781A85E
:10F2E00081476395F60041657D1582800E3B1306CC
:10F2F000C7036394A5002A238280850793F7F70F3D
:10F300003287C5B741661778FF1F034868E283A6B6
:10F3100081A801477D16954811436314E800014513
:10F320008280BE223685638EC702CC5A9DC9BC310D
:10F33000AC2189CD938597FD93F5F50FE372B3FE6C
:10F340009387D7FA93F7D70F89EF82809385F7FDDC
:10F3500093F5F50FE3F6B8FC9387D7FA93F7D70F39
:10F36000E1D305071377F70F9386C6037DB7416690
:10F370009775FF1F83C5C5DB03A781A881477D164D
:10F3800025486394F5000145828036233A85638BD6
:10F39000C600545B81CAB4329386E6FD93F6F60F3D
:10F3A000E374D8FE850793F7F70F1307C703D1BFA0
:10F3B000011122CC2A84494506CEEF807F9B1DC1D6
:10F3C0002AC622859740FF1FE780408201CD624414
:10F3D00032460E39F2401775FF1F034515D50561FA
:10F3E0006F603FDFF24062440561828079714ECEEA
:10F3F00052CCAE892A8A93053005414526D24AD09F
:10F4000056CA5AC806D622D4328B3689BA8A973061
:10F41000FF1FE78060FBCD4429C92A8489446381AA
:10F42000090441468145231261019710FF1FE780BF
:10F43000E0695686CE8522859710FF1FE78080629F
:10F440002146630F0902CA8528009710FF1FE78035
:10F450006061A28650002C005285EF303036AA84BD
:10F4600022859730FF1FE7808002B2502254025954
:10F47000F249624AD24A424B2685925445618280C3
:10F48000814528009710FF1FE7804064D9B74111DC
:10F4900022C4405926C206C6AA8429CC085409C5EC
:10F4A0009730FF1FE780A0FE285809C59730FF1F3F
:10F4B000E780E0FD685809C59730FF1FE78020FD11
:10F4C000285C09C59730FF1FE78060FC685C09C5B0
:10F4D0009730FF1FE780A0FB0325040809C597307C
:10F4E000FF1FE780C0FA22859730FF1FE78020FAD0
:10F4F00023AA040222448E38B24092441775FF1F9B
:10F500000345B5C241016F607FF5411126C206C6B1
:10F5100022C4AE849730FF1FE780406D31C90323BA
:10F5200045032A84630603048328C307032883074B
:10F53000832743070327030783466300035603001B
:10F54000834523002685EF80BF8A2285EFF03FF4B4
:10F55000EFF0FFE111CD2244B24092441775FF1F36
:10F560000345B5BC854541011733FF1F670063554F
:10F57000B2402244924441018280411122C426C2F9
:10F5800006C6AA842E849730FF1FE78020665C5948
:10F5900089CF9E23639B970085476318F40022441C
:10F5A000B240924441016FF09FEEB2402244924437
:10F5B00041018280411106C622C426C2EFF09FD4C9
:10F5C0000DCD44592A8495C8BC208DC783A701A9B5
:10F5D00089C7DC4399C326858297B8309307F00228
:10F5E000631DF7002A202244B24092448145410124
:10F5F0006FF0BFF183A7C1A8E1BFB240224492449B
:10F6000041018280411126C24AC006C622C4AA8492
:10F610002E899730FF1FE780605D05CD405955C0AA
:10F620001E206390970A3C30130710026391E7088D
:10F630003C20BDCB7C5403270408DE2B15E313F7D5
:10F64000170019CF18545A23058B19CB93072002A2
:10F650003CB0B240224492440249054541018280B7
:10F6600013F7270001CB18545A23098B01C79307BE
:10F670004002F9BF918B81CB1C54DE23918B81C753
:10F6800093076002F1B783A701A9E1D7DC43F1D367
:10F690002285829738309307F0028145E31BF7FA01
:10F6A0002685EFF09FE675B783A7C1A8F9BF1307BA
:10F6B000A0026398E7006304090013092003CA85C8
:10F6C000C5B7631C090026859730FF1FE7800052ED
:10F6D00009C55C2193E707015CA1A6854A85EF80F7
:10F6E0006F8285BF011126CA99476C85AA842E8531
:10F6F0008D4522CC4AC806CE328936847C84EFE020
:10F700002FC52AC61DC9AA854A8502942A8419E5EF
:10F710002C002685EFF04FB62A8411C5324597306C
:10F72000FF1FE780C0D62685EFF09FC8F2402285F4
:10F730006244D2444249056182804D44EDB7411193
:10F7400022C42E862E84971600009386A66A8945C9
:10F7500006C626C24AC02A89EFF0DFF80C20AA8428
:10F760004A85EFF09FDAB24022440249268592444E
:10F770004101828083A7C1A885CB9C4395C71D7199
:10F78000A2CC86CE984110082A843AC8D841854533
:10F790003ACA829711C548862A206C00EFF03FFADA
:10F7A000F6406644256182808280AA872E8591CFAB
:10F7B000FC5781CF982398A1983398B1B82BB8A162
:10F7C000982FDC4BB8B1DCC18280414681451713CC
:10F7D000FF1F6700A32F83A701A981C79C4791C37F
:10F7E00082870945828003A701AF1DC75843AA87B6
:10F7F00005450DC703A50708411106C69306050276
:10F800001306050C93050506130505040297B2407F
:10F810001375F50F410182800545828082804DC9B4
:10F82000357122CD2A840A2126CB52C556C35AC12E
:10F8300006CF4AC94EC7DEDE2E8AB28A368B973093
:10F84000FF1FE780A03AAA8431C50C182285EFF08B
:10F85000DFF53C20938B6400A9CBEF707FC52A892C
:10F86000014583C95400EF707FC2AA840C100818A8
:10F87000EF10803A08542C10EF10A03ADE88A68BC7
:10F880005AC04E88DE874A8714103010D6855285BC
:10F89000EF208062FA406A44DA444A49BA492A4A67
:10F8A0009A4A0A4BF65B0D618280EF707FC0AA898D
:10F8B000014503C95400EF707FBD2ACE08540C10D7
:10F8C000EF1080352C100818EF10A035F2484DBF0E
:10F8D0008280AA8701CD1855414511CBFC5781CBB9
:10F8E00028333D476375A700882F82804145828079
:10F8F0006DC5411122C406C626C2AA872E840945B9
:10F90000E1C998337D761306F67F98A1B8234D455B
:10F9100098B1B833B8A1D823B8B1D433DA21858AE5
:10F92000A2061377F7EF558FDAA1D43333470708D0
:10F930001377F7DF93D61648A606558FDAA1D4338E
:10F94000334707081377F7BF93D62648AA06558F83
:10F95000DAA1D43333470708718F93D63648AE0601
:10F96000558FDAA1F42333470708799B858A558F91
:10F97000DAA1F42333470708759B898A558FDAA1EA
:10F98000F423334707086D9B918A558FDAA1F8233A
:10F99000DE21218BDD9BD98FDEA1EF806FBDAA8494
:10F9A0005145EF80EFBC383093F4F40FAA874945F6
:10F9B0006360970293F7F70F63ECE7001820914715
:10F9C000614563E7E7001830854763E3E7000145D9
:10F9D000B24022449244410182800945828015C58B
:10F9E0002A87AE87094585C5411106C6143313859C
:10F9F0001700194694A1930527009710FF1FE78071
:10FA00006006B240014541018280094582808280C2
:10FA10000DC9AA872E8709459DC5411106C6B42385
:10FA2000903313052700A206D18E96A12146938517
:10FA300037009710FF1FE780E002B2400145410107
:10FA400082800945828082801DC12A87AE87094550
:10FA50008DC141113E8541469305170006C697109A
:10FA6000FF1FE7802000B240014541018280094527
:10FA700082808280AA87094591CB89C99C333D4702
:10FA800061456365F7009CA101458280828005C5C0
:10FA90002A87AE87094595C141113E8513060004AA
:10FAA0009305170006C69710FF1FE780A0FBB24022
:10FAB0000145410182800945828082801D71A2CC6E
:10FAC0002A84084586CEA6CA2306010004213547AC
:10FAD0009387F4FF93F7F70F6360F70A1767010046
:10FAE0001307878BB3C7E7209C43BA9782870C081C
:10FAF000EFF01FE0C947631AF50499475C862A2096
:10FB00006C00EFF0DFC3F6406644D6442561828086
:10FB10000C08EFF03FF60DED2A209730FF1FE7802D
:10FB2000E00CA14711CD5825631AF70403A701A9DA
:10FB30009D4719C7184309C71008A6850297AA87C9
:10FB40005C8629A00C08EFF0BFEC79D51C86C5FBBC
:10FB50002A20EFF0FF8545BF0C08EFF05FE8F5B70E
:10FB60001C312308F1004DBF0C08EFF05FF2F1BF2C
:10FB70000C08EFF07FEDD1BF9D4749B703A7C1A89F
:10FB800045BF411122C406C626C24AC018219307A8
:10FB900020092A846314F7101C3139476391E70A5E
:10FBA00056210967610781476394E608938441A958
:10FBB00088403DCD0C4403C90500631D09001C218C
:10FBC00085052146A9CB29059710FF1FE78080E90D
:10FBD0009C40B1CF49459710FF1FE78080D92A8408
:10FBE0001DC1930710FC1CA1A30025018C40090531
:10FBF000414689059710FF1FE780C0E69C40A2851B
:10FC00008833EF604FBB88409730FF1FE780208824
:10FC100023AA01A829A809059710FF1FE78080E4FF
:10FC2000EF30803905494DF59C40238027018547F9
:10FC3000B2402244924402493E854101828013072A
:10FC4000E003639BE706382195476317F7024A21D3
:10FC5000EFF0AFC69147E31CF5FC83A7C1A8E1DB39
:10FC60009C47F1D772244A20930564002244B24095
:10FC70009244024941018287A147631BF7006C202F
:10FC80004A202244B2409244024941016FF09F97BA
:10FC9000930600038147E31DD7F8D5B79306000A02
:10FCA0008147E317D7F8EFF07FE1084449D1972067
:10FCB000FF1FE780C07DA5BF81479DBF011122CCFA
:10FCC00006CE26CA4AC8094415CDAE8409449DC94A
:10FCD0002A898D456800EF70AFCF1C8726866C009F
:10FCE00093F7F70393E707044A855C87EF20C01377
:10FCF0002A8409E90D466C00138534009710FF1F14
:10FD0000E78040D6F24022856244D24442490561F0
:10FD100082805D714EDE86C6A2C4A6C2CAC052DC15
:10FD200056DA5AD85ED6894955C9328989495DC69D
:10FD3000138B45002A8AAE8A334B0B089305300596
:10FD40005A859720FF1FE78020682A84CD4959C52E
:10FD5000EF70EFF7AA845686D28593DA840013DA1F
:10FD6000040193FBF40F1305440093FAFA0F137A7E
:10FD7000FA0FE1809710FF1FE78020E5A3017401CF
:10FD800023015401A300440104A0EF70AFF3AA853E
:10FD9000414608089710FF1FE78020E32147340001
:10FDA0005A86A2850808EF20A02EAA891DE12146C7
:10FDB0002C0023007901A300590123014901A3016B
:10FDC0009900130549009710FF1FE78000E0EF70CE
:10FDD000CFF022859720FF1FE780606BB640264456
:10FDE00096440649625AD25A425BB25B4E85F2593A
:10FDF00061618280411126C2AA842E854AC006C64E
:10FE000022C42E899730FF1FE78040DE79C1405918
:10FE100079C05C30094793F6B70F6387E600114756
:10FE20001305E00F6393E7081E200945639F27072A
:10FE3000130984004146A6854A859710FF1FE78075
:10FE400060C24146A685130584019710FF1FE78015
:10FE500060C1383085469307F7FE93F7F70F63ECE0
:10FE6000F6049304C40383A701AFC14526858DC75B
:10FE70009C4F9DC382979306C4022686CA8522851D
:10FE8000EFF0FF993C2081CF22852244B24092447A
:10FE9000024941016F00507EEF708FB3E9BF3830E7
:10FEA000C947E303F7FE3CB00145B2402244924407
:10FEB00002494101828093071005E317F7FE3C20B9
:10FEC000E5D722852244B2409244024941016F1095
:10FED000E0000945D9BF4945C9BF39C9011122CC44
:10FEE00026CA06CEAA842E84094595CD0D468D05D9
:10FEF00028009710FF1FE780E0B61C8570002C00DB
:10FF000093F7F70393E7070426855C85EF10D0711C
:10FF100019E90D46A28568009710FF1FE78020C6EB
:10FF20007D153335A000F2406244D24405618280E1
:10FF300009458280011152C42A8A32854EC656C2B2
:10FF40005AC006CE22CC26CA4AC82E8BB28AB6899F
:10FF50009730FF1FE78080C909ED8944F240624471
:10FF60004249B249224A924A024B2685D24405614F
:10FF700082805C592A89C544F5F34D45EF705FDFF7
:10FF80001374F50F5145EF70BFDEE38809FC03C71A
:10FF90008901E36487FC9377F50FE3E0E7FC9305C1
:10FFA0003005130540089720FF1FE780E041232A12
:10FFB000A9022A84CD445DD11306400881459710DB
:10FFC000FF1FE780A0B0A301040023014401230226
:10FFD0006401231054012326340723240402A302BE
:10FFE000040063070A002285EF005063AA8419E128
:10FFF0008144ADB74A85EFF08FC98DB7397122DCE6
:020000021000EC
:1000000006DE26DA4AD84ED652D456D25AD05ECE22
:1000100062CC66CA0944630A0610BA8409446306BE
:100020000710AA8B2E89328B368C9730FF1FE78002
:10003000E0BBAA8A514475C9930530054145972014
:10004000FF1FE7806038AA894D4465C198309C2025
:1000500003CA340022075D8FBC20620AC207D98F11
:10006000336AFA0083A78A0263E647017D57094491
:100070006398E70A6307090083C74A000544898B30
:10008000C5C3214681450A859710FF1FE78000A45C
:10009000930C4C0093053005B3CC0C086685972073
:1000A000FF1FE78060322A894D443DC96286DA85A8
:1000B00011059710FF1FE78040B11146A6854A85BC
:1000C0009710FF1FE78060B0414693858A014E85F7
:1000D0009710FF1FE78060AF21478A866686CA8532
:1000E0004E85EF10F07A2A841DE521468A85280086
:1000F0009710FF1FE78060AD2146938544002800DC
:100100009710FF1FE780A0A78547631EF502D285E1
:100110005E85EF804F814A859720FF1FE78020375B
:100120004E859720FF1FE7808036F250228562546B
:10013000D2544259B259225A925A025BF24B624C43
:10014000D24C216182800544F9B7797122D406D658
:1001500026D24AD04ECE2E849397556063D607049C
:100160009764FF1F938444FCA8309710FF1FE7801B
:1001700060862AC609CDEFF0DFA0B24511E5A820C0
:100180009307F00F631FF5002E85EF50BFDD1319A5
:10019000F468B25022549254F2494A85025945619A
:1001A0008280EF505FE1E5B713F91500630709009E
:1001B000EFF04FC013491400E9BFE1DD854421A0F1
:1001C000850493F4F40FEFE07FE7E3F4A4FCB317A6
:1001D0009028B3C90708E18FE5D74E85EFF08F8FE0
:1001E000C167FD176305F500DD45EFF00FB2334938
:1001F000340145B723AA01A823A801A823A601A872
:100200009767FF1F938787F1170700001307075DA4
:1002100098C3170700001307472ED8C317F7FFFF2F
:100220001307071D98C79767FF1F938767EE171778
:1002300000001307874298C317170000130707FD34
:10024000D8C3171700001307872798C782809767BE
:10025000FF1F83C7A7EDA18B014789C71767FF1F42
:100260001307C7EB23A8E1A8014582809767FF1F0A
:1002700083C7C7EB918B014789C71767FF1F130718
:1002800027E923A6E1A801458280011106CE2AC6EE
:10029000EFF05FF6324599459767FF1FA387A7E800
:1002A000EFD0FF86F24017F5FFFF1305452D0561DE
:1002B0006FE07FD91C5599C321458280411122C42A
:1002C00026C22A84AE84130500049305300506C6B1
:1002D0004AC09720FF1FE780200F08D479C5130676
:1002E0000004A6859700FF1FE780C0777454B82AE2
:1002F00093778700EDCB1C54BC23A18BEDC78327DC
:100300000408C5E793053005130500109720FF1F6B
:10031000E780800BAA872320A4080D45C1CB745425
:100320009C309832D1CB3337E0000E07936707013A
:100330006C545CB0B829058B19CB1854854638230A
:100340000D8B6316D70078201367170078A003275A
:10035000040809C778201367870078A00547639DC4
:10036000E70C13098400414681454A859700FF1F29
:10037000E780C07581451305840141469700FF1F42
:10038000E780C0749304C40383A701AFC1452685E9
:10039000B5CF9C4FA5CF829783270408BDCB22857C
:1003A000EF00D0339307000549C12145B2402244F4
:1003B0009244024941018280A1473DFBBC20918BC0
:1003C00091E7BC2A918B99E385479DB798209422A9
:1003D00095473307F70297570100938767FFBA974E
:1003E000B6979C23B1B79C3081C79032E14729F280
:1003F000BC205D8F118B69DB9820954794223307D1
:10040000F70297570100938767FED1BFEF605FDC6B
:1004100061B722859306C4022686CA85EFF02FC0F5
:100420002285EF00702551F1C1470A203CB081457B
:10043000EF70FFB901459DBF13F7870141C7C18B1D
:10044000930484004146A1CB890526859700FF1FB0
:10045000E780406181451305840141469700FF1FF5
:10046000E780C0667C201309C403C14593E74700B9
:100470007CA083A701AF4A8595C79C4F85C782970B
:10048000832704089DC32285EF00502519FD93079B
:1004900020053CB045B7814526859700FF1FE780C2
:1004A000E0624DBFEF60DFD2E1BF9306C4024A862F
:1004B000A6852285EFF0AFB62285EF00F01BCD4771
:1004C00069D9E5B5094785456388E70093F7D70FF4
:1004D00011476396E70089450A20EF705FAF7C20E3
:1004E00093E747007CA08327040881C79307100582
:1004F0004DB7C54779BF3C2163830726397122DC9C
:1005000006DE26DA4AD84ED652D43C3113075005BF
:100510002A846395E70803497500138A01AF93099C
:10052000C50393573900AA97842783270A00C1453A
:100530004E85B5C39C4FA5C3829783270A00A1C7E8
:100540009C47B1C30325040813797900B3D624412D
:10055000858A93050504180893E606084E86130558
:10056000050882971375F50F19ED41460C08130520
:10057000C4029700FF1FE780E04E2285EF00D00FF6
:10058000930760053CB0F2506254D2544259B259BC
:10059000225A21618280EF60BFC345B71307100262
:1005A0006392E7021C5503270508DE2361EB13F76E
:1005B000071069C778555A2B1377071061C3930743
:1005C00070023CB03C3013077002639FE70C3C584C
:1005D00085E39305300571459720FF1FE780C0DE56
:1005E00028D819C5714681459700FF1FE780004E46
:1005F0002458A1C8BC2C89E72285EFF08FADA8ACA8
:100600002858814541469700FF1FE780204C285815
:100610003D472C2D9387F5FF93F7F70F6364F700A1
:10062000EF601FBBEF503FA33C58A1458AAB138539
:100630002701EF60FFB92C580A20EF003033631A0E
:100640000510930780023CB00A209720FF1FE78027
:10065000E059414609C57E2513D617003E966254DF
:10066000F250D2544259B259225A1765FF1F03451E
:10067000D5AB0606854521616F50BFB513F707203E
:1006800009CB78545A2B1377072001C793079002A0
:100690000DBF93F707409DD77C54DE2B93F707409F
:1006A00095D39307B00231BF130780026397E70227
:1006B0003C5899C78E2B0A2013862701EF00703013
:1006C0001C54DE2313F7072029CF78545A2B1377B5
:1006D000072021CB93079002BDB713079002639BBD
:1006E000E700EF609FDDAA850A20EF00902C9307BA
:1006F000A00291BF1307A0026390E704EF605FDBE5
:10070000AA85854701456384F500814505452EC6C8
:10071000EF60DFD72A86B2450A20EF0030261C544E
:10072000DE2393F707409DC37C54DE2B93F70740ED
:1007300091CF9307B00201BF1307B0026398E7009F
:10074000EF605FD8AA850A20EF00102B9307F00214
:1007500015BD38309307F002E318F7EE2DB582800F
:10076000411122C4405926C206C67C54AA84DE2BFD
:1007700013F7071011C718545A23137707100DE306
:1007800013F7072011C718545A231377072009EBD2
:1007900093F707408DCB1C54DE2393F7074085C7A2
:1007A000930710023CB02285EFF0FFD43830930756
:1007B000F002631EF7002244AA20B2409244814511
:1007C00041016FE09FD49307F0023CB0EDB7B24017
:1007D0002244924441018280397122DC405926DA58
:1007E0004AD84ED606DE2A89AE84B289630204381E
:1007F0002A211E20639FA7103C2063860738938719
:10080000E5FF93F7F70F2D47636FF7361757010092
:10081000130787BFB3C7E7209C43BA978287228517
:100820006254F250D2544259B259B28521616FF0EC
:100830007FA84146CE851305C4049700FF1FE780BB
:10084000602222859D25383093074005631AF70002
:10085000930790053335A000931435003CB05DA894
:1008600093066005D147E317D7FE9307A005DDB7D0
:100870001309C4054A854146CE859700FF1FE780CE
:10088000601E032504084DC53C301307900563978F
:10089000E700228555259307E00595A81307A005D5
:1008A0006392E7087C3013D73700229714279D8B7B
:1008B000B3D6F640858A83A701AF93E60608B1CB8D
:1008C0009C47A1CB9305050818084A861305050423
:1008D00082971375F50F15ED41460C081305C404F6
:1008E0009700FF1FE780A0297C304D47850793F7CD
:1008F000F70F7CB0E36FF7F885451765FF1F0345D9
:10090000D5829720FF1FE780C01B930750053CB09E
:1009100031A8A144F25062544259B2592685D254AA
:10092000216182801307C005E385E7F68144DDB7C6
:10093000930984004A86CE8522851408EFE03FEEB5
:1009400041469305C40408089700FF1FE780202351
:1009500071D18A861306C403CA854E85EF10E069FB
:10096000A1440DE12285EFE0DFF62A870A209757A0
:10097000FF1F83A7277B814601468A858297B33470
:10098000A0008E0493072002D1BD0C22EFE0FFB738
:1009900071BF3830930720026317F71E7C5889EB2C
:1009A0009305300571459720FF1FE780E0A168D8C7
:1009B0006858630A051C4146CE859700FF1FE780F3
:1009C000600A64582285EFE0DFF0A8AC930730029C
:1009D0003DBF3830930730026317F71A1E2268585C
:1009E0002146938529001EA949059700FF1FE7802E
:1009F00060077C54DE2B13F727002DC718545A23A9
:100A0000098B2DC39307400219B738309307400272
:100A1000631BF7163C5C81EB85455D459720FF1F06
:100A2000E780809A28DC285CE30205F083C7090090
:100A30004146CE857CA99700FF1FE780A00293075F
:100A40005002F1B5383093075002631EF712285C4C
:100A500019469385190041059700FF1FE780800024
:100A60007C54DE2B918B95CF1C54DE23918B95CB40
:100A70009307600269BD7C5C89EB930530055145A5
:100A80009720FF1FE780409468DC685CE30305E87B
:100A90004146CE859700FF1FE780C0FC7C5C7D57F8
:100AA00098CB4A85EFF0DFCB51B503250408130638
:100AB0000004CE85130505049700FF1FE78080FA28
:100AC0002285EFE05FD23C30130700056395E70015
:100AD000930740052DBD13071005E38FE7E01307CB
:100AE0002005E395E7E483A701AFE38407E29C4791
:100AF000E38107E2832504089304840018089385A2
:100B00000508814626862E8582970A201008A6852C
:100B1000EF70CFD49307B005DDBB38309307E00505
:100B20006313F7068325040841464E859700FF1F8F
:100B3000E780E004AD44E30F05DC032504084146EB
:100B4000CE859700FF1FE780E0F12285EFE07FD898
:100B50002A872C580A209757FF1F83A7A75C814636
:100B600001468297B334A0008E0493071002FDB1B2
:100B7000AD47E39DF5DA14222E2113066500082106
:100B8000EF60FFCA65B39D4471B3AA87094541C6AA
:100B9000D9C11CA29C211CB29C313CA2BC213CB2FC
:100BA000BC31A30206005CA2DE2193D787485CB269
:100BB000DA211377072001C793E727005CB2DE2113
:100BC00093F7074089C75C3293E747005CB2DE21A8
:100BD0001317B028F98F89C75C3293E787005CB29E
:100BE00023030600DE21858B7CA2DA21098B01C755
:100BF00093E727007CA2DE21918B89C77C2293E7B3
:100C000047007CA2DE21A18B89C77C2293E7870065
:100C10007CA20145828082802E86AA8505456FF0E0
:100C2000DFF62E86AA8509456FF03FF68DC52A8727
:100C3000094505C7411106C6AE878D4694A11385A7
:100C400017004146BA859700FF1FE780A0E1B24038
:100C50000145410182800945828082808DC52A87B5
:100C6000094505C7411106C6AE87914694A1138573
:100C700017004146BA859700FF1FE780A0DEB2400B
:100C80000145410182800945828082808DC52A8785
:100C9000094505C7411106C6AE87994694A113853B
:100CA00017004146BA859700FF1FE780A0DBB240DE
:100CB0000145410182800945828082809DC92A8741
:100CC000094515CB411106C69D4694A11623AE8752
:100CD0001385370094B116232146A182B4A1930550
:100CE00027009700FF1FE780E0D7B2400145410190
:100CF00082800945828082808DC52A87094505C783
:100D0000411106C6AE87A14694A11385170041463E
:100D1000BA859700FF1FE780E0D4B240014541014A
:100D2000828009458280828085C92A8709451DC73E
:100D3000411106C6A54694A11423AE87138527004A
:100D400094B11946930517009700FF1FE78080D1E3
:100D5000B2400145410182800945828082808DC573
:100D60002A87094505C7411106C6AE87A94694A141
:100D7000138517004146BA859700FF1FE78080CE94
:100D8000B24001454101828009458280828095C53B
:100D90002A8709450DC7411106C6AE87B14694A101
:100DA0001385170013060004BA859700FF1FE7801C
:100DB00060CBB2400145410182800945828082803A
:100DC0008DC52A87094505C7411106C6AE87B546B8
:100DD00094A1138517004146BA859700FF1FE7804D
:100DE00060C8B2400145410182800945828082800D
:100DF000AA87094581C999C7154798A19C23014530
:100E00009CB182808280AA87094581C999C72D47F4
:100E100098A19C2301459CB1828082800DC55D71A3
:100E20008A8586C6A2C42A84EFE03F980A200A86F3
:100E300097060000938686DE9D45EFE0BF8AB640A8
:100E4000264461618280054582800DC55D718A8579
:100E500086C6A2C42A84EFE05F950A200A86970618
:100E60000000938646DC9D45EFE0DF87B6402644D0
:100E700061618280054582805D71A2C49305C502CF
:100E80002A8441460A8586C69700FF1FE78080BDF9
:100E90000A200A8697060000938686D9C545EFE0AA
:100EA0007F84B6402644616182805D71A2C493054F
:100EB000C5032A8441460A8586C69700FF1FE7803E
:100EC00060BA0A200A8697060000938666D9C5454F
:100ED000EFE05F81B64026446161828083A701AF65
:100EE000A9CB9C435D71A2C486C62A841305E00F7A
:100EF0008DCF032504089305050C1305050882977B
:100F000083250408130600040A85938505089700C5
:100F1000FF1FE78020B50A2097060000938666E74A
:100F20000A8693051004EFE0EFFBB64026446161AA
:100F300082801305E00F8280317122DD2A840A212C
:100F400026DB06DF4AD94ED752D556D35AD15ECFCB
:100F500062CD66CB9720FF1FE78040C93C58AA842A
:100F600089EB9305300571459710FF1FE780C04559
:100F700028D82858CD4705C9714681459700FF1FDD
:100F8000E780C0B4032904072285EFE09F94230D76
:100F9000A9003C20138901AF63820712832709004F
:100FA0008DE39307E00FFA506A54DA544A59BA595C
:100FB0002A5A9A5A0A5BFA4B6A4CDA4C3E852961E6
:100FC000828003AC0701E30E0CFC032B0408EF60E6
:100FD0002FCEAA8B0145EF606FCBDC303458130B5A
:100FE0000B029309C403130AC405938A64002A8779
:100FF00036C0B337F000930801045688B336700149
:101000005286CE855A85029C1C54B8232307E102E0
:101010009833A306E1029C232306F10283270900EB
:10102000C9D383AB4701E38E0BF6DC30B337F00056
:101030003ECEEF60EFC72A8B0145EF602FC5032737
:101040000408F2472AC03AC2B338600156887810C3
:10105000930684004E86D2858800829B7C54B82BF0
:101060002305E1029833A304E1029C232304F10247
:101070008327090003AB4701EF608FC32A8901452D
:10108000EF60CFC083C854009C082A883EC2B338A2
:101090001001B33720013810930684015286CE85A3
:1010A00056C08800029B0A2097060000938686D1CE
:1010B0009008C545EFE00FE3AA87F5B5D430832744
:1010C0000900032B0408B336D00083AC070136CEE9
:1010D000EF600FBEAA8B0145EF604FBB3C58F24654
:1010E000130B0B02130AC4059309C403938A64000B
:1010F0002A88930801044E86D2853EC05687B337AE
:1011000070015A85829C1C54930B0103B82323075A
:10111000E1029833A306E1029C232306F102832710
:10112000090083AC4701DC30B337F0003ECEEF60FE
:101130002FB82A8B0145EF606FB5F2472AC0B3384C
:10114000600156887810930684004E86D2855EC270
:101150008800829C8325040841465E859700FF1F16
:10116000E780E0A1AD47E31B05EE35BD2E8697066F
:1011700000009386E6B1C5456FE0CFD65D71B287BA
:10118000A2C44C802A84BE8513051100194686C668
:101190009700FF1FE780008D0A86228597060000D2
:1011A0009386C6B8A145EFE0EFD3B640264461610F
:1011B00082802E8697060000938646B4C5456FE070
:1011C0006FD25D71B287A2C46C802A84BE8513057C
:1011D0002100214686C69700FF1FE780A0880A8667
:1011E0002285970600009386A6ADAD45EFE08FCF30
:1011F000B6402644616182802E8697060000938661
:1012000046B6C5456FE00FCE797122D406D626D2F8
:101210004AD03C31130730052A846385E708130759
:1012200050056396E708034975009307A0053CB194
:1012300093573900AA97842783A701AF1305C503E5
:10124000C145B1CF9C4FA1CF829713797900B3D616
:101250002441858A93E6060883A701AF9DCB9C476E
:101260008DCB0325040818081306C4039305050451
:101270001305050882971375F50F01ED1305C402D8
:1012800041460C0897F0FE1FE780C07D2285EFF0F5
:10129000BFBEB25022549254025945618280EF5031
:1012A0003FF365B7930790053CB1814675B71307C7
:1012B00010026391E7027C5503270508DE2B79EFC6
:1012C00013F7170061CF18555A23058B61CB93078D
:1012D00020023CB03C30130720026398E70E3C58D4
:1012E00089EB9305300571459710FF1FE780C00D0E
:1012F00028D82458A5CC2285EFE0AFDDA8AC28582B
:101300008145414697F0FE1FE780407C28583D47C5
:101310002C2D9387F5FF93F7F70F636BF70283C7C5
:10132000C1AFCDC341468145080897F0FE1FE78055
:10133000E07919469755FF1F938585BE080897F0F9
:10134000FE1FE780207230580C082E85EFA0B01CDD
:10135000EF407FD03C58A1458AAB13852701EF5061
:101360003FE72C580A20EFF07FE001E593073002B9
:101370003CB00A209720FF1FE7804087414611C1FB
:1013800072252254B250925402591755FF1F03453B
:10139000D5D90606854545616F40BFE313F72700A1
:1013A00001CB18545A23098B01C79307400215B784
:1013B000918B8DD31C54DE23918BE38D07F0930723
:1013C000600201BFEF50DFE061B7130730026396A0
:1013D000E7023C5899C78E2B0A2013862701EFF0AD
:1013E0005FDE7C54DE2B13F7270039CB18545A23C9
:1013F000098B39C793074002A5BF13074002639CBE
:10140000E700EF608F8BAA850A20EFF09FDA930741
:10141000500239DDB9BF13075002639CE702EF6049
:101420002F89AA85054599C1854501452EC6EF60DE
:10143000EF852A86B2450A20EFF05FD47C54DE2B7C
:10144000918B95C31C54DE23918B91CF930760023F
:1014500005B7130760026398E700EF60AF86AA85BF
:101460000A20EFF07FD97C5403270408DE2B09EF14
:1014700013F7071011CB18545A231377071009C715
:10148000930770023CB031B513F7072009CB18540D
:101490005A231377072001C793079002E5B793F704
:1014A000074089CB1C54DE2393F7074081C793077D
:1014B000B002C9BF9307F002F1B7397122DC26DA16
:1014C0004AD84ED606DE52D42E89B289AA84971005
:1014D000FF1FE780A0714059414681450A8597F07A
:1014E000FE1FE780A05E35C4035A040063139A060A
:1014F000383093071002631FF7028327040899CF3F
:101500002C58A1C95285EF10502C0545F250625459
:10151000D2544259B259225A216182808A861306D6
:10152000C4059305C40313058400EF00102D15E1D5
:101530008A85C9BF2C5891CD9E29639C37012146CD
:10154000C9054A8597F0FE1FE780606319C12C58D2
:1015500055BF26859710FF1FE78040692A8455D51F
:101560004C55B9C19E29639137052146C9054A8565
:1015700097F0FE1FE780A06085476317F50283C7D9
:10158000F18689C74C54BC3D6392A70CBD452685A6
:10159000EF10D01E9757FF1F83A7878A81C7894501
:1015A0001D45829701459DB71389B1AF8347090057
:1015B0009759FF1F9389C985858B8DCF583083C775
:1015C00041AF6319F7021946938551AF13056400C3
:1015D00097F0FE1FE780A05A8547631DF50083A79B
:1015E000090381C791451D458297BD452685EF10AA
:1015F000F01821BF03C7C1AF83A7090331CB03474D
:101600000900098B09CB81C795451D458297268521
:10161000EF10F01BDDBD81C78D451D45829741460A
:101620008145080897F0FE1FE780404A1946975504
:10163000FF1F9385E58E080897F0FE1FE780804224
:101640000C082E850A86EFA0006D8A85268565BD6B
:101650008545C5FF6DBF797122D4405926D24AD045
:101660004ECE06D6AA892E89B284630404622A214A
:101670001E20638BA7002149B25022549254F24994
:101680004A850259456182803C20639207629387B4
:10169000F5FF93F7F70F3147636BF76017470100CA
:1016A000130787D9B3C7E7209C43BA9782871C5496
:1016B000F9F393053005130500049710FF1FE78029
:1016C000A0D008D44DD99820914763F4E7000D4984
:1016D00065B798308547E3ECE7FE13060004A6855E
:1016E00097F0FE1FE780003818547C54A3020400D2
:1016F0005443D04BFD75858A758ED62B9385F57F27
:10170000F99AD18ED6ABD04B5443758ED62B098A1D
:10171000F59AD18ED6ABD04B5443758ED62B118A09
:10172000ED9AD18ED6ABD04B5443758ED62B218AF1
:10173000DD9AD18ED6ABD04B5443758ED62B137613
:10174000061093F6F6EFD18ED6ABD04B5443758E80
:10175000D62B1376062093F6F6DFD18ED6ABD04B80
:101760005443758ED62B1376064093F6F6BFD18E72
:10177000D6ABD44B5043F18ED22B93D6B648AE069F
:101780006D8ED18ED6ABBC2B03250408A18BEDC783
:101790003C23A18BF5C3E31005EE9305300513053B
:1017A00000109710FF1FE78020C22320A40805D156
:1017B0007C54A30204009830943399E649CB5C3002
:1017C00093E707015CB021A0A1475CB06DFB2285C7
:1017D000EFF0AFE76C54BC29858B89CB1C54BC233C
:1017E0008D8B89C77C2093E717007CA08327040892
:1017F00089C77C2093E787007CA05C300547639E07
:10180000E70A414681451305840097F0FE1FE780F3
:10181000E02B814513058401414697F0FE1FE780C8
:10182000E02A83A701AF1305C403C145C1C79C4F7C
:10183000D1C3829703270408C14719C39307000542
:101840000A203CB08145EF608FF8014935B5B82BCF
:10185000118B11E7B820118B19E38547A5B79823A1
:10186000942095473307F70297470100938747B6BF
:10187000BA97B6979C23B9B719C59710FF1FE78091
:1018800000C1232004087C54983309C7983019C339
:10189000E1470DBFB82B118B01E7B820118B55DF45
:1018A0009823954794203307F702974701009387C1
:1018B000E7B37DBFEF50DF91B5BF13F7870135C3A5
:1018C000C18B130584004146B1C3890597F0FE1F03
:1018D000E7804019814513058401414697F0FE1FBA
:1018E000E780C01E7C201305C403C14593E7470071
:1018F0007CA083A701AF8DC39C4F99CF829783278C
:10190000040891CF930720053CB081B7814597F03B
:10191000FE1FE780A01B7DBFEF509F8BCDB7CD474B
:10192000E5B7094789456386E70011476397E700F4
:1019300085450A20EF60AFE921A01947E38AE7FE59
:101940007C2093E747007CA08327040881C7930786
:1019500010055DBFC5474DBF4146A6851305C404AC
:1019600097F0FE1FE78000103C3013076005639E70
:10197000E70085451745FF1F0345357B9710FF1F7F
:10198000E78020149307500541B745476384E70279
:101990009306C4021306C403930584002285EFD086
:1019A0001FE82285EFF04FCD3339A0000E09D14753
:1019B0003CB0D9B1C94789BF9309C4054E8541469A
:1019C000A68597F0FE1FE780E0090325040879C18A
:1019D0003830930690056318D7002285EFF0EFCCDE
:1019E0009307E00515B79306A0056318D70678306E
:1019F00003A601AF93563700A29694266309062AE0
:101A0000032886006305082A1D8BB3D6E640858A25
:101A10000A8793E60608930505084E861305050414
:101A2000029841468A851305C40497F0FE1FE7809B
:101A30000015133915002285EFF02FC77C30CD46F5
:101A40000A09850793F7F70F7CB01307600563F465
:101A5000F6001307E00538B005B19306C005E3169C
:101A6000D7DE03A701AF63040724032887006300C0
:101A7000082493050508930484000A878146268676
:101A80002E8502980A200A86A685EF602FDD93072F
:101A9000B0059DBD8A864E86930584002285EFD0D1
:101AA0001FD841469305C4040A8597F0FE1FE780BE
:101AB000000D8547E312F5BC2285EFF00FBF9307B9
:101AC0001002E30305E445BE38309307700263104B
:101AD000F71E7C5889EB9305300571459710FF1F61
:101AE000E780808E68D868586303051CA685414648
:101AF00097F0FE1FE78000F764582285EFD07FDD66
:101B0000A8AC9307800209B53830930780026310B0
:101B1000F71A1E2268582146938524001EA94905FC
:101B200097F0FE1FE78000F47C54DE2B13F70720AC
:101B300035C718545A23137707202DC393079002F3
:101B4000E1B33830930790026313F7163C5C89EBDE
:101B5000930530055D459710FF1FE780E08628DC80
:101B6000285C630605144146A68597F0FE1FE780B2
:101B700060EF9307A00249BB38309307A0026318B7
:101B8000F7121C22285C1946938514007CA9410594
:101B900097F0FE1FE78000ED7C54DE2B93F70740A3
:101BA000A1C71C54DE2393F707409DCF9307B002D3
:101BB000A1BB38309307B002631BF70E7C5C89EB46
:101BC0009305300551459700FF1FE780E07F68DCF3
:101BD000685CE30205AA4146A68597F0FE1FE780F0
:101BE00060E87C5C7D5798CB03D529008145EFD018
:101BF000DF91A1B938309307F004E3FEE7A603258F
:101C00000408E30A05A613060004A68513050504C7
:101C100097F0FE1FE78000E52285EFF02FAC2A89C0
:101C20002285EFD05FBC3C3013070005639FE700BF
:101C300003D6E90085451745FF1F0345154F0606E6
:101C4000EF402FD993073005A5B31307100563950F
:101C5000E70093076005A9BB13072005E39EE7A0F3
:101C60009307C005B1B338309307E005E315F7A03B
:101C7000032504084146A68597F0FE1FE78080DE15
:101C80002285EFF06FAB2A899307100215B30C225F
:101C9000B9BF8547E39BF5BA032846003C3238229A
:101CA00014322E2110220145EF505FAD79BE1D493F
:101CB000E1B28147C1463307F500B388F500182328
:101CC00083C808003308F60085073347170123004F
:101CD000E800E392D7FE82803D4781477D58330676
:101CE000E5001422B388E5007D178606D58F238092
:101CF000F8001C229D83E31407FF82800147C14640
:101D00009377F70F63FDC700B307E5009C23338883
:101D1000E5002300F8000507E314D7FE8280918FC9
:101D200093B717009E07E5B701114AC84EC62E8922
:101D3000AA8993053005414506CE22CC26CA52C455
:101D4000328A9700FF1FE78020682A8493053005B8
:101D500041459700FF1FE7802067AA845DC059C1F5
:101D60004146814597F0FE1FE78040D64E8522868A
:101D7000A685EF90507AAA8929E18307040063D9E8
:101D80000704A6852285EFF03FF54A8697350100C6
:101D90009385C56D2685EFF0DFF18307090063DECB
:101DA0000702A6854A85EFF03FF35286973501007A
:101DB0009385C56B2685EFF0DFEF22859700FF1F27
:101DC000E780E06C26859700FF1FE780406C0DA040
:101DD000CA852285EFF05FF0C9B7D2854A85EFF05A
:101DE000BFEFE1BF22859700FF1FE780406ACD4922
:101DF000F2406244D2444249224A4E85B2490561CA
:101E0000828075D5CD497DBF81474146B306F50037
:101E10003387F500182303C80600850733470701F9
:101E200098A2E395C7FE8280011126CA4EC6AE84F1
:101E3000AA8993053005130500034AC806CE22CCB3
:101E400032899700FF1FE78020582DC51306000335
:101E500081452A8497F0FE1FE78040C74146CE8522
:101E6000228597F0FE1FE78040D6A6850D46130514
:101E7000D40197F0FE1FE78040D5130604029305B6
:101E800004012285EF903069AA840D469305D4029F
:101E90004A8597F0FE1FE78040D322859700FF1FF9
:101EA000E780E05EF24062444249B2492685D2446E
:101EB00005618280CD44FDB75D7152DC62D42E8A0B
:101EC0002A8C9305300513050003A6C2CAC04EDE56
:101ED00056DA5AD85ED686C6A2C4B28B368BBA847E
:101EE000BE8A4289C6899700FF1FE780E04D6304E0
:101EF00005101306000381452A8497F0FE1FE78032
:101F0000E0BC4146E285228597F0FE1FE780E0CBEA
:101F1000414681450A8597F0FE1FE78020BB1D469C
:101F2000DE850A8597F0FE1FE78020CA1D46DA8508
:101F30001305710097F0FE1FE78020C93339200197
:101F4000B334900041468145080823072101C48726
:101F500097F0FE1FE78080B71946D685480897F0AE
:101F6000FE1FE78080C6CE8519461305A10197F0B4
:101F7000FE1FE78080C5130904014146D2854A85CA
:101F800097F0FE1FE78060C48A854A85EFF0DFE79F
:101F9000930904024E86CA852285EF90D057AA8401
:101FA0000DE94146CE854A8597F0FE1FE78080AB5C
:101FB0000C084A85EFF05FE54E86CA852285EF90D2
:101FC0009055AA8446454146CE8597F0FE1FE7808E
:101FD000C0BF22859700FF1FE780604BB6402644B4
:101FE0000649F259625AD25A425BB25B225C26859C
:101FF000964461618280CD44D5B701114EC652C46A
:10200000AE892A8A930530051305000326CA4AC8FB
:1020100006CE22CCB28436899700FF1FE780C03AF3
:1020200035C52A84D285414697F0FE1FE780E0B986
:10203000130A0401CE852146528597F0FE1FE780E2
:10204000C0B8A68521461305840197F0FE1FE780DE
:10205000C0B7930904024E86D2852285EF90B04B1B
:10206000AA844146CE854A8597F0FE1FE780E0B5F9
:1020700022859700FF1FE7808041F2406244424979
:10208000B249224A2685D24405618280CD44F5B703
:1020900039715ECE62CCAA8B2E8C414593053005FA
:1020A00006DE4ED652D45AD066CA6AC8B289B68CF9
:1020B0003A8D22DC26DA4AD856D29700FF1FE780F5
:1020C000A0302A8A9305300541459700FF1FE7801D
:1020D000A02F2A8B63040A1415E552859700FF1F71
:1020E000E780E03A4D44F25022856254D25442597E
:1020F000B259225A925A025BF24B624CD24C424D78
:10210000216182802A86D2855E85EFF0FFC12A8414
:1021100001CD52859700FF1FE78060375A859700F1
:10212000FF1FE780C036C1B79305300541459700D2
:10213000FF1FE7806029AA84930530054145970079
:10214000FF1FE7806028AA8AF9C409ED2685970059
:10215000FF1FE780C03352859700FF1FE7802033C1
:102160004D446DBF1389F9001359494013F6F90026
:10217000630509047D193349090829E2131549004B
:102180005686D2856295EFF0DFB2414681452685BD
:1021900097F0FE1FE78080938149B3C7090863F871
:1021A00027051DC426859700FF1FE780402E568512
:1021B0009700FF1FE780A02DA9BF01491315490013
:1021C0008A856295EFF09FB35686DA850A8565BFEA
:1021D000939549000A86E2952685EFF09FAD268605
:1021E0008A855E85EF9030332A8485097DB75DF856
:1021F0000A86D6852685EFF0DFAB26868A855E8542
:10220000EF9070312A846A86A685668597F0FE1F56
:10221000E780408541BF21D14D4451BFE30405EC27
:1022200081B739715ECEAA8B594526DA4AD84ED687
:1022300052D456D25AD062CC06DE22DC034C0104C2
:102240002E8BB28A368A3AC6BE894289C68497E006
:10225000FE1FE780007225CD9167938717E91EA1C5
:1022600085473CA12A84B2452105638A0B04930764
:1022700010033CB01946814597F0FE1FE7800085AA
:1022800023035401A3034401230A8401231264019C
:10229000231734012318240126A8A2856254F25082
:1022A000D2544259B259225A925A025BF24B624CB2
:1022B0001745FF1F034545E721616F30DFCFA301BD
:1022C0000400194697E0FE1FE780C07955BFF25021
:1022D0006254D2544259B259225A925A025BF24B7A
:1022E000624C21618280011152C42A8A314522CC7C
:1022F00026CA4AC84EC606CEAE893289B6843A840A
:1023000097E0FE1FE780E0660DCD9167938717E9A0
:102310001EA18D473CA1A301450122A562442312C1
:1023200035012313250106A5F240D2444249B249A2
:10233000224AAA851745FF1F034505DF05616F3057
:102340009FC7F2406244D2444249B249224A0561E1
:10235000828001114EC6AA89394526CA4AC806CECE
:1023600022CC2E89B28497E0FE1FE780806021C1D5
:102370009167938727E91EA19147A3013501231295
:1023800025012A843CA1A6851905214697E0FE1F58
:10239000E780406DA2856244F240D2444249B2498E
:1023A0001745FF1F034545D805616F30DFC0F24078
:1023B0006244D2444249B2490561828001114AC84F
:1023C0002A89414526CA06CE22CC2EC6B28497E081
:1023D000FE1FE780005A15CD9167B245938727E924
:1023E0001EA195472A84231225013CA121461905E7
:1023F00097E0FE1FE7800067A28566A46244F24072
:10240000D24442491745FF1F034535D205616F305D
:102410009FBAF2406244D244424905618280011170
:1024200052C42A8A394522CC26CA4AC84EC606CE8C
:10243000AE893289B6843A8497E0FE1FE780605304
:102440000DCD9167938717E91EA199473CA142A53D
:10245000624423124501231335012314250126A5C7
:10246000F240D2444249B249224AAA851745FF1F89
:10247000034585CB05616F301FB4F2406244D244FE
:102480004249B249224A05618280797122D426D21A
:102490004AD04ECE52CC06D62A842E8AB2893689AC
:1024A000BA849700FF1FE780607411CD1306F00F08
:1024B0002C0022852314410123153101231621010B
:1024C0006487EFC01F91B250225492540259F249CE
:1024D000624A45618280011152C42A8A394522CC60
:1024E00026CA4AC84EC606CEAE893289B6843A8418
:1024F00097E0FE1FE780E0470DCD9167938717E9CE
:102500001EA19D473CA142A562442312450123130D
:1025100035012314250126A5F240D2444249B2498F
:10252000224AAA851745FF1F034505C005616F3084
:102530009FA8F2406244D2444249B249224A05610E
:1025400082805D715AD82A8B13054002A2C4A6C2AC
:10255000CAC04EDE56DA62D466D26AD06ECE86C665
:1025600052DC5ED6835D0105035D4105834C810528
:10257000034CC105835A0106AE893289B6843AC438
:102580003EC042C2468497E0FE1FE780803E69C994
:1025900011672A8A130717E91AA193074A0113073B
:1025A000900238A13EC6A2452105930BEA006302C2
:1025B0000B0813071003A301EA001946814597E0B1
:1025C000FE1FE780A050194681455E8597E0FE1FFB
:1025D000E780C04F1946814513054A0197E0FE1F69
:1025E000E780C04E23032A01A3039A0023009A0325
:1025F000A3008A03231D8A00264423123A01231EC6
:10260000BA01231FAA0123115A03B6409644064972
:10261000F259D25A425BB25B225C925C025DF24D8F
:10262000D285625A1745FF1F034505B061616F30BF
:102630009F98A3010A00194697E0FE1FE780804299
:1026400082455E85194697E0FE1FE780A0419245CE
:10265000194613054A0197E0FE1FE780A04059B7CD
:10266000B640264496440649F259625AD25A425B11
:10267000B25B225C925C025DF24D6161828001116D
:102680004EC6AA89214522CC26CA4AC806CE2E8922
:10269000B284368497E0FE1FE780A02D15C99167AC
:1026A000938717E91EA1B1473CA1A301350164A19D
:1026B00060B1624423122501F240D2444249B2493A
:1026C000AA851745FF1F034525A605616F30BF8EFC
:1026D000F2406244D2444249B249056182804111CC
:1026E00026C2AA84614506C622C497E0FE1FE78081
:1026F00040283DC99167938717E91EA193074002BF
:102700003CA19C302A84938564003CB1BC30B82045
:102710002105A207D98F231EF5FEDC201946230FC1
:10272000F5FEDC30A30FF5FE97E0FE1FE780803357
:10273000DC24A2851745FF1F0345059F7CA4FC24CC
:10274000D834A207D98F1EA8FC343CA89C283CB8DA
:102750009C385CA8BC285CB8BC387CA82244B24039
:10276000924441016F303F85B2402244924441017E
:102770008280411122C42A84194506C697E0FE1FB3
:10278000E780201F15C19167938717E91EA1C147F4
:102790003CA142A12244B240AA851745FF1F034530
:1027A000A59841016F303F81B240224441018280AF
:1027B00041110D4506C697E0FE1FE780801B15C13D
:1027C000930710F91CA19307E0031CB1C5473CA176
:1027D000B240AA851745FF1F0345059541016F309B
:1027E0008FFDB2404101828001114EC6AA89294560
:1027F00022CC26CA4AC806CE2E89B284368497E0F7
:10280000FE1FE780001715C99167938717E91EA17E
:10281000C9473CA1A30135012302250100A562445B
:1028200066A1F240D2444249B249AA851745FF1F2A
:102830000345858F05616F300FF8F2406244D24442
:102840004249B2490561828001114EC6AA892D45CF
:1028500026CA4AC806CE22CC2E89B28497E0FE1F33
:10286000E780201131C1930710F91CA19307E00301
:102870001CB1CD47A3013501230225012A843CA1C7
:10288000A6851505194697E0FE1FE780A01DA285C5
:102890006244F240D2444249B2491745FF1F034502
:1028A000A58805616F302FF1F2406244D24442495D
:1028B000B24905618280411126C2AA84214522C401
:1028C00006C62E8497E0FE1FE780A00A05C5916723
:1028D000938717E91EA1D1473CA160A1224446A1DC
:1028E000B2409244AA851745FF1F0345E583410185
:1028F0006F306FECB240224492444101828041111A
:1029000026C2AA84714506C622C497E0FE1FE7804E
:10291000400659C19167938717E91EA1930760028A
:102920003CA19C302A849385A4003CB1BC30B820E3
:102930003105A207D98F231CF5FEDC30D8201946BB
:10294000A207D98F231DF5FEFC30F820A207D98FEE
:10295000231EF5FE9C24230FF5FE9C34A30FF5FEE9
:1029600097E0FE1FE78000109C28A2851735FF1F07
:102970000345857B3CA8BC289838A207D98F5EA860
:10298000BC38A30B0400230C04007CA82244B240F2
:10299000924441016F302FE2B240224492444101FF
:1029A0008280411126C206C622C49734FF1F938439
:1029B000A477F8309307F00F630FF7022A841945C4
:1029C00097E0FE1FE780E0FAAA8515C5930700FD92
:1029D0001CA193077002A30005003CA11C303CB170
:1029E0003C205CA13C305CB12244E830B2409244CF
:1029F00041016F304FDCB240224492444101828059
:102A00009737FF1F83C7B7721307F00FAA85639626
:102A1000E7001703FF1F670083A71307000D1AA124
:102A20001307800238A13E856F30EFD8411126C2CE
:102A3000AA84714506C622C497E0FE1FE78060F3B2
:102A400059C59167938717E91EA1930760023CA1BE
:102A50009C302A849385A4003CB1BC30B820310559
:102A6000A207D98F231CF5FEDC30D8201946A20717
:102A7000D98F231DF5FEFC30F820A207D98F231E25
:102A8000F5FE9C24230FF5FE9C34A30FF5FE97E082
:102A9000FE1FE78020FD9C28A2851735FF1F0345F8
:102AA000A5683CA8BC289838A207D98F5EA8BC3876
:102AB0007CA8DC287CB8DC381CACFC281CBCFC38AE
:102AC0003CAC2244B240924441016F30CFCEB24080
:102AD000224492444101828041114AC02A89214501
:102AE00022C426C206C6AE84328497E0FE1FE78069
:102AF00040E805C5930710591EA12301250160A1D7
:102B0000224446A1B24092440249AA851735FF1FCC
:102B10000345856141016F300FCAB240224492449F
:102B2000024941018280411126C2AA84214522C462
:102B30004AC006C62E89328497E0FE1FE78060E314
:102B40001DC59167938727E91EA1A1473CA164A1F8
:102B500060B1224423122501B24092440249AA8561
:102B60001735FF1F0345755C41016F30CFC4B2407C
:102B700022449244024941018280011152C42A8AAE
:102B8000314522CC26CA4AC84EC606CEAE89328905
:102B9000B6843A8497E0FE1FE780A0DD1DC98567F3
:102BA000938717C91EA1230145012303250122A5EF
:102BB00062442312350106A5F240D2444249B2498B
:102BC000224AAA851735FF1F0345055605616F3058
:102BD0008FBEF2406244D2444249B249224A056162
:102BE000828001114AC82A891385C50026CA06CEEB
:102BF00022CCAE8432C697E0FE1FE78080D70DCD91
:102C00008567B245938717E924A1231225012A84F9
:102C10001EA1310508C4268697E0FE1FE78080E4E8
:102C2000A2856244F240D24442491735FF1F034552
:102C3000A54F05616F302FB8F2406244D24442493B
:102C400005618280411126C2AA84194522C406C6A4
:102C50002E8497E0FE1FE780C0D105C58567938766
:102C600017F91EA1854724A13CB142A12244B240DC
:102C70009244AA851735FF1F0345054B41016F306C
:102C80008FB3B2402244924441018280411122C458
:102C90002A840D4506C697E0FE1FE78080CD0DC152
:102CA000930710F91CA1E9471CB120A12244B240AE
:102CB000AA851735FF1F0345254741016F30AFAF88
:102CC000B240224441018280411122C42A8421451C
:102CD00026C206C6AE8497E0FE1FE78080C90DC5F8
:102CE0009167938727E91EA1930700033CA160A188
:102CF000224446A1B2409244AA851735FF1F0345DE
:102D0000D54241016F302FABB24022449244410181
:102D100082804111214522C426C206C6AE84328477
:102D200097E0FE1FE780E0C415C1856793870739E8
:102D30001EA185473CA162A1224446A1B240924413
:102D4000AA8503C561A841016F30EFA6B2402244B5
:102D5000924441018280011122CC26CA4EC652C43F
:102D600056C25AC01304F5FF06CE4AC8094BAA89B9
:102D7000AE84328AB68A3344040863946513138B95
:102D800031A883470B00C9CB03C916009C22220936
:102D90003369F9009737FF1F83D78708F517635BFF
:102DA000F91C9307C6FF6314F908314597E0FE1F2D
:102DB000E78020BC2A8439CD23134501930700F90D
:102DC000150AA1651EA12311350144A1850552856F
:102DD00097F0FE1FE780405F08C405C983470B00DA
:102DE0009385EAFF13562A00FD172300FB0097E0A6
:102DF000FE1FE780E0C91C44A28503C561A88907BE
:102E00001CC4EF304F9B814401A8228597F0FE1F20
:102E1000E780E0679304F00FF24062444249B24910
:102E2000224A924A024B2685D2440561828093074A
:102E3000D6FFE341F9FEB1473304F402938401A7BE
:102E40009C40A297B82719C7884309C597F0FE1F71
:102E5000E780E063A16513054900850583A90400A7
:102E60003345050897F0FE1FE78000569C40A29965
:102E700023A0A900A297884351DD0547B8A783473F
:102E80000B005286D685FD172300FB0097E0FE1F3E
:102E9000E78040BD9C40A2972393470123922701DE
:102EA0009DB78547E398F5F6B1473304F4021389DB
:102EB00001A783270900A297FA23884351CBDE2379
:102EC000B306C700910763C5D7083A95D68597E042
:102ED000FE1FE78020B983270900A297FA23330653
:102EE000EA0033460608F2A3DE239107E31DF6F05D
:102EF000314597E0FE1FE780C0A7AA851DC993074B
:102F000000F91EA183270900230265012311350161
:102F1000A297FA239C437AA11CC503C561A8EF3090
:102F20008F8983270900A297239307002385070031
:102F3000D9BD83270900A297884365D597F0FE1F66
:102F4000E780E05483270900A29723A00700D1BFA0
:102F500011C997F0FE1FE780805383270900A297CD
:102F600023A0070083270900A29723930700238546
:102F700007005DB591444DB56F9010776F90307834
:102F80006FA0A0376F90B07A411106C6EF905077CE
:102F9000B2400145410182806F90F07B6F90B07D1F
:102FA0006F90707F6FA000016FA0A0026FA06004FF
:102FB0006FA020066FA0E0076FA080091C321822C6
:102FC000A20733E6E7006FA0C00A6FA0000C6FA055
:102FD000600E6FA0C0106FA020136FA0A0156FA08F
:102FE00080176FA060196FA0401B6FA0201D6FA0FD
:102FF000001F411122C60344C10226C483440103B9
:1030000003430101030E4101834E8101034FC101BE
:10301000834F0102834241028343810222D632441C
:1030200026D8A2441ED416D27ED07ACE76CC72CACE
:103030001AC841016FA060316FA0601C6FA0401ED4
:103040006FA020206FA000226FA0C0246FA0A02638
:103050006FA080286FA0202B6FA0002D6FB0B04212
:1030600085672A871388A7C7691533450508636EE6
:10307000A802138807C80145636AB80263E8E5023D
:103080001307301F6364C702138766FF938767C700
:103090003347070863ECE700050633460608B30527
:1030A000B6028E0633A5D50082800145828017388E
:1030B000FF1F130828080345180003A7C1AD83A606
:1030C000C1AB1375F507D1C590428327480013762D
:1030D00006F8498E90C213F6150001CA93F5050350
:1030E00041466385C506938787C14165130505A0E1
:1030F000B3D5A7025057B70810FEFD181366260077
:1031000050D7704333761601B3F7A702FD89D20575
:103110004D8E70C31306A00FB705FCFFAA07B3D7E7
:10312000C70270436D8EBA07B983D18F7CC38347C2
:103130000800898B99CB98429C421377F707136755
:10314000070493F707F8D98F9CC28280938707837F
:1031500069BF5C57F59B5CD79C4293F707F8C98F12
:103160009CC2F1B7411106C69737FF1F238B07FE9C
:103170009710FF1FE780C0B1B24001454101828036
:103180007971B7E700E026D284433707200006D6DE
:1031900022D44AD04ECE52CC56CA5AC85EC662C459
:1031A00066C26AC0F98C23A0E7180F10000017341C
:1031B000FF1F130424F8184415E323A097100545B6
:1031C000B250225492540259F249624AD24A424BB6
:1031D000B24B224C924C024D456182801737FF1F43
:1031E0000327C70309C723A097100945D1BF1C2097
:1031F000328BB68A858BADC31739FF1F130989F54A
:10320000832749002A8AAE8999EB483C93059004AC
:10321000090597F0FE1FE780201B2322A9008327C2
:10322000490099E7B7E700E023A097100D4549BF93
:103230000347290098A383274900630D0A04638B81
:103240000904A3803701032549004E86D28509056C
:1032500097E0FE1FE78000819739FF1F93890915CA
:1032600003A7C9019547630AF70083C709021947F5
:103270006385E7000D476392E70283C7190289E778
:10328000930780102390F902B7E700E023A097107E
:1032900001453DB7A3800700C1B7138AC1AC83279E
:1032A0000A0098430D8B1DC3238A019AB84B1377EC
:1032B000F78FB8CB98431367870098C39C4393D785
:1032C000374889C70100010001000100832C0A0072
:1032D000B7070200834B040023A20C0623A4FC00C2
:1032E0009737FF1F23AC070C9737FF1F83C747E7AC
:1032F000918B1739FF1F1309E9E589E793F70B0451
:10330000639A071008308145EFF07FDA138DC1AB67
:1033100003270D00138CC1ADB70633001C4313D532
:103320004B40014693F7F7CF1CC31C430D8993F71D
:10333000F7CF93E707201CC303270C001C47D58F4A
:103340001CC74C2CB70703009387871523A8FC04E0
:1033500097F0FE1FE780A0FA83270D001844142081
:1033600098C75844858AD8C303270A005C43F99B51
:10337000D58F5CC3832749003CDF03270C005C43E7
:1033800093F7F7EF5CC30100010003270C005C43D7
:1033900093E707105CC38347E900A3016901230198
:1033A000590193E747002307F9009307000423A07E
:1033B000F9009737FF1F23A30700A14723AEF900A9
:1033C0009737FF1F83A747A781CB03450901130642
:1033D0000064C145EF20FFDF83270A0017050000C6
:1033E00013058529DC43858B89E717050000130544
:1033F000650397E0FE1FE78000AF9737FF1F23A10B
:1034000007FC9737FF1F23A507FA83270A00054704
:1034100098C39DBD93F50B03484093E51500EDB5AA
:10342000797122D41734FF1F130444F85C4006D688
:1034300026D24AD04ECE858B6387071E9737FF1F53
:1034400023A807F68329C403A3070100EFF09FD147
:103450009737FF1F83C7C7D0918B9734FF1F938483
:1034600064CF1739FF1F1309E9CC6384071683C79C
:103470001900CE979823930700086318F700834735
:10348000090093E787002300F9005C580D47637734
:10349000F70EF1175CD85C58984463E7E70E338762
:1034A000E74083C71900D424CE979C339396466097
:1034B0008E0763DA060E63FFE70C1D8F930600028A
:1034C00063E8E6005858636AF70CB307F7409CC4FA
:1034D0008828894597F0FE1FE780A05E8345090094
:1034E00093F78500F5C383A6C1AC9307800CFCD28B
:1034F0001C5C1307F00F3706330098C39737FF1F84
:1035000023AA07EA9737FF1F23A807EA9737FF1F69
:1035100023A607EA9737FF1F23A407EA03A7C1AB37
:103520001C4391858D8993F7F7CF1CC31C4301453C
:1035300093F7F7CF93E707201CC303A7C1AD1C4740
:10354000D18F1CC7B707030093878725BCCA0546E0
:1035500097F0FE1FE78040C183470900B420B030D8
:10356000DD9B814501452300F900EFF07FC1B2509A
:10357000225492540259F249456182801737FF1F45
:103580000327878EBA9731B79736FF1F83A6C68D5C
:10359000B69731B73387E74015B79736FF1F83A635
:1035A000A68C36971DB75858636AF700B307F740E3
:1035B0009CC4DC2493E70708DCA419BF9736FF1FDF
:1035C00083A6868A3697DDB783C71900F917A380CB
:1035D000F900485C01469305F10097F0FE1FE78073
:1035E00020A45C5C9306F00F98236303D702BC30E1
:1035F0006380D702630EF7009365250093954560BD
:1036000083270901505C93F5F50F0D45829785B727
:103610008307090093154560E3C407FEF5F19C8715
:103620002380F900F1BF83A7C1ACFC5385EFEFF015
:103630007FB39737FF1F83A7A78089C785451305E9
:103640001008829722549737FF1F9387A7B0B25074
:1036500092540259F249B423B03381450145456182
:103660006FF01FB2584CA147E313F7F08547238A48
:10367000F19AF5BD797126D29734FF1F938404D354
:103680009C4006D622D44AD04ECE52CC858B638342
:10369000072083A9C40301469305F1004E85A307C3
:1036A00001009737FF1F23A307D097F0FE1FE78085
:1036B00020971734FF1F1304E4A91739FF1F1309BC
:1036C00069A7131A4560631F0A123C309306F00F76
:1036D0006389D700D85C18236305D700094A6313B0
:1036E000F7128307090063C507009C872380F90050
:1036F0005C24918BADCFDC580D476373F714F11741
:10370000DCD8DC58184463E3E7143387E74083C709
:1037100019005424CE979C33939646608E0763D647
:10372000061463FBE7121D8F9306000263E8E600B0
:10373000D8586366F712B307F7401CC408288945B8
:1037400097F0FE1FE780E03783C719003387F90041
:10375000142313070008639BE6129C5C1307F00F09
:1037600098C38347090093E787002300F90003A764
:10377000C1AD5C5793D71748A1C383274900C165E2
:10378000938505A033D6B7027443370510FE7D1527
:10379000E98EB3F7B7027D8A5206D18E74C39306C1
:1037A000A00F3706FCFFAA07B3D7D7027443F18EE8
:1037B000BA07B983D58F7CC35C40034509008C33BD
:1037C00011850D8997F0FE1FE780608F17050000B7
:1037D0001305251297D0FE1FE780E07083A7C1ABC9
:1037E00098431317772998C3D857719BD8D7834725
:1037F0000900A18B9DEB83270901D05C81450D4514
:10380000829725A09700FF1FE7808048D05C832720
:1038100009010D459375FA0F8297484034203030E6
:1038200009CD0C310905EFF0BF95B25022549254E6
:103830000259F249624A4561828081450145E5B7F6
:103840001727FF1F03274762BA9755BD9726FF1F0B
:1038500083A68661B69755BD3387E740F1B59726B5
:10386000FF1F83A666603697F9B5D858636AF700DC
:10387000B307F7401CC45C2493E707085CA47DBD34
:103880009726FF1F83A6465E3697DDB7F917A380FC
:10389000F900F1BD83A7C1ACFC53B1E3EFF09F8CFD
:1038A0009727FF1F83A7C75989C7894513051008A4
:1038B00082979737FF1F9387E789C843B033B423B4
:1038C00001CD0C3109052254B25092540259F249EB
:1038D000624A45616FF0DF8A81450145EDB7D84CFA
:1038E000A147E314F7F48547238AF19A3DBF4111BC
:1038F0009737FF1F83A7C7AB06C622C4858B95C722
:103900009737FF1F23A607AA1734FF1F13048482CB
:10391000EFF05F851C20A18B8DEF1C48014681458F
:1039200011452244B2404101828783A7C1ACFC53B8
:10393000B9E79737FF1F23A307A81724FF1F130416
:10394000647F1C20A18B91E71C48014681455145AD
:10395000C9BF9727FF1F9387E77FC843B033B423BE
:1039600001CD0C310905EFF0BF811C20DD9B1CA0AF
:10397000B24022444101828081450145EDB785472F
:10398000238AF19AF5B7814717260100130606AF7F
:103990009306F00F3307F60018236364E500631302
:1039A000D700828003D80500636407019AA1828052
:1039B000850793F7F70FF9BF411122C406C626C247
:1039C0002E849397556063DA070297D0FE1FE78035
:1039D0006000AA8401CD1C21054793C707086364D2
:1039E000F700EF6020632685EF20CFD71315F4682A
:1039F000B240224492444101828093F7850099CBE2
:103A00009727FF1F83A7077FBC5B91C3829713454E
:103A10008400F9BF93F7450099CB9727FF1F83A731
:103A2000677DFC5791C3829713454400D1B793F744
:103A3000050281CF9727FF1F83A7077D83A707096B
:103A400091C382971345040265B793F7050181CFAF
:103A50009727FF1F83A7477B83A7C70891C3829738
:103A60001345040171B709656D8D59D19727FF1F63
:103A70009387C770F433F023CC33C823EF90B01B87
:103A80001315D468B5B7411122C48145130600123D
:103A90002A841725FF1F1305656E06C626C223A2BA
:103AA00001AA97D0FE1FE78060020145EF10D00FFA
:103AB0000145EF1010179727FF1FA3888732B7071C
:103AC000D7071724FF1F1304646BB5075CC8B7C77B
:103AD0000D0D938707141CCCB7C7D707938707141E
:103AE0005CCCF177938707141EB08147232EF40C2A
:103AF0009727FF1F93878770B4477D47232CE40CDB
:103B000037772D071307F71FD98EF8470966130675
:103B1000E6B9518F9724FF1F9384842FB4C7F8C749
:103B2000B4CBF8CBFC24A30C0402A30CF40AA3002E
:103B3000F40CF977FD17231FF40E2310F410FD4742
:103B40002301F410930730303EBC5EBCEF201FDA37
:103B50009307C01C231BF406DE206D461307B00F2D
:103B6000A983A300F4089E2828B023220404B3D715
:103B7000E70A3EB47EB49386E700B3F7C70AB3C63C
:103B800006083EB08E069307801433C706085AB461
:103B90001AB83377F70A8547A30FF402B707030073
:103BA0009387C71C3CC0B7170706938707443CC4DC
:103BB000B7071600938707905AB076B01AB45CD84E
:103BC000EF801019EF30E051EF70507C2244B2408A
:103BD000924441016F60B010411126C206C622C452
:103BE0004AC09724FF1F9384645903C7E40383C723
:103BF000F403636AF7000144B240228522449244F0
:103C00000249410182802A89930510241305000C82
:103C100097E0FE1FE780407B2A8471DD1306000CCD
:103C2000814597D0FE1FE78060EA63140900C15701
:103C30001CA4FC4CA1EBA0CCE0CCA0D02320040021
:103C40008547238FF40285471CB4930700F93CB4E1
:103C50009727FF1F93878775985FDC5F1725FF1FE6
:103C60000345451C78C43CC8FD577CA8A30EF40648
:103C700083C7A4042304A406230AF40AEF80A02522
:103C800048B89DBFBC5080C3A0D02320040083C788
:103C9000E403850793F7F70F6DB7011122CC06CE29
:103CA0009727FF1F83C7974D2A8485EB18288547E0
:103CB000631BF70C8347D40303475404858B6312BB
:103CC000F70C1946930564041305E40397D0FE1F0F
:103CD000E780E0EA3335A00099A883475504D9CBA3
:103CE0008347B5041307000493F7070C6394E708B0
:103CF000085931C1930564041305A5022EC697E047
:103D0000FE1FE780A0F58547B2456316F502085807
:103D100089472302F4043C31194693E72700A302A4
:103D2000F404510597D0FE1FE780C0D30545F2404B
:103D3000624405618280142805478347C403638B6E
:103D4000E60203470406118BD98F8DE7130544045F
:103D500097E0FE1FE78000FD08D809CD89472302C0
:103D6000F4043C3119469305640493E72700A30249
:103D7000F40445BF8347C403898B8DDB1C589C33F7
:103D800095F701456DB783470406918B85F75C3441
:103D900013F7170011CF34380D47639BE6006840D6
:103DA0002C446244F240056117E3FE1F670003FBE9
:103DB000898BADDF38389547E31AF7F6CDB7011197
:103DC0009727FF1F83A7075F22CC06CE26CA858BC5
:103DD0001724FF1F0324C440BDC79727FF1F23AB31
:103DE000075C938441AE9C409DC7DC438DC78947E7
:103DF0005C8283475404130561001946DC825C2809
:103E0000930564045C8697D0FE1FE780A0C59C40A4
:103E10004800DC43829783477406858B81CB8345BA
:103E20005404082413066404EFA0507E83477406EC
:103E3000898B91CB22856244F240D244056117F30D
:103E4000FE1F670083E122856244F240D24405618F
:103E500017F3FE1F670063DC41114AC01729FF1FDB
:103E60001309C9318327090B06C622C426C281EB78
:103E70000545B24022449244024941018280AA840D
:103E80009700FF1FE780C0E08327090B8297EF2090
:103E9000B07E2A8471DDDC50AC482324F508B834A8
:103EA0009307A009631BF70E85472300F51483C70A
:103EB00034062303F514A303F514FC35F825014853
:103EC000A207D98F98291546F90542075D8F83C748
:103ED00035FF13058413E207D98F232CF40883C719
:103EE00055FF03C765FFA2074207BA9703C745FFFF
:103EF000BA97232EF40883C775FFA30BF40283C778
:103F000095FF03C785FFA207D98F1EBC83C7B5FFE6
:103F100003C7A5FFA207D98F3EBC83C7D5FF03C740
:103F2000C5FFA207D98F5EBC83C7F5FF03C7E5FFB6
:103F3000232E0413A207D98F7EBC8147232CF412B1
:103F400097D0FE1FE78000B2B84883473702FD8B49
:103F5000A30AF40203473702ED1793F7F70F15830F
:103F60002308E4022D476365F7023E3C056793068C
:103F7000A7C7E917B3C7070863ECF600563C9307D9
:103F8000301F63E7D7007E3C130707C86375F7024D
:103F90000A24EF30600D0145E9BD8327090D116743
:103FA000F98F81DFFC4498239C21F98F93D75748E0
:103FB0002300F51419B78327490B2285829783279D
:103FC000890D0A24294693F7072091E305469305B6
:103FD0000008EF60001B8327090D1167F98F99C74F
:103FE0000A24514693050008EF60A019832789052C
:103FF000F84BB7070008F98FE38C07E68824238C79
:104000000400494693050008EF60A01795B501111B
:1040100022CC930545012A84284901464EC606CE86
:1040200026CA4AC897E0FE1FE78080FF89496318C7
:10403000052083044401AA8913050004EF305FD3EF
:104040001315456063CFA4202C4831479C3193F76A
:10405000F7033CA86399E7209C210D47BD8B3CB832
:104060006395E720130964031946A1054A8597D093
:10407000FE1FE780C0B0630C051E2C4813056404C6
:1040800019469C21890593D76748A302F40497D069
:10409000FE1FE780209D2285EFF03FC0630B051CCB
:1040A00064449D471CA89CA08547BCA0BCB0CA85A1
:1040B00019461385440097D0FE1FE780A09ABC20C4
:1040C000B8300149990793F7F70F13678700BCA031
:1040D000B8B07844BA970357C406B8B3BC20784444
:1040E000834614063E978357C4069206A183BD8B70
:1040F000D58F5CA3B82009071377F70FB8A0762CEB
:10410000D1CE83470406795993F7070491C37559B3
:104110003309E9401379F90F6372D90883463406ED
:10412000751985471379F90F6393F6129307804247
:10413000F9469387371AB3C7D7021726FF1F0346DE
:10414000260B136606019725FF1F2383C50AC16549
:1041500003A6C1AC0CC6B386D702860634D2B430EF
:1041600093E60601B4B0744403462406369730B390
:10417000B420784436975CA3B8207C44BA970347B0
:1041800034061607D8B3BC208D07BCA05C54CA9770
:104190003CDC7E2CB38727412319F40683470406B1
:1041A00093F7070489CFB8307C44B4201367070421
:1041B000B8B05838B697B8B3BC208507BCA0BC20AF
:1041C0006844722C8D074C543E9551C66365C908EE
:1041D00097D0FE1FE78000890349E401B820937758
:1041E000F70385073E99A3082401B8A08347540329
:1041F000858B91E70347440389476317F7007844A9
:104200001C2393E707041CA37C4418388145170539
:1042100000001305E53A98B397D0FE1FE78080CDE4
:104220008347B4068345340610380D45DD8D97E08D
:10423000FE1FE78060F39700FF1FE78060A5F24054
:104240006244D24442494E85B24905618280856705
:1042500093878784F1BD4A8697D0FE1FE7808080D0
:10426000B5BFAD49E9BF9149D9BF8D49C9BF95498E
:10427000F9B7A549E9B7011122CC930545012A8474
:104280002849014626CA06CE4AC84EC652C497E0FF
:10429000FE1FE780E0D88944631605142C481307F5
:1042A000200291449C3193F7F7033CA8639CE712EA
:1042B00084219547BD8824B8639FF412130A6403D0
:1042C0001946A105528597D0FE1FE780408B630BEE
:1042D00005102C481309640419469C214A85890558
:1042E00093D76748A302F40497C0FE1FE780807746
:1042F0002285EFF09F9AA54475C59729FF1F9389E2
:1043000029B683D7C9001307003293870719B3D49E
:10431000E70283A70900829783A68900B307950067
:104320003E8763E4A70063E4D7003387D740644443
:10433000A1471CA858D09CA08547BCA0BCB019467A
:10434000D2851385440097C0FE1FE780A071BC2072
:104350009907BCA0BC3093E72700BCB08347540446
:1043600091C778441C2393E707F81CA31946CA8514
:104370001385A40097C0FE1FE780C06EBC2099077C
:1043800013F7F703050718B8BCA083475403858BC0
:1043900091E70347440389476317F70078441C23D8
:1043A00093E707041CA318387C44814517150000C7
:1043B0001305A5E098B39307A0F93CB497D0FE1F6E
:1043C000E78040B38347B4068345340610380D4573
:1043D000DD8D97E0FE1FE78020D981449700FF1F05
:1043E000E780008BF24062444249B249224A268566
:1043F000D244056182808D44F5B741114AC01389CA
:10440000C1AC8327090022C41307800706C626C251
:10441000F8D32A840945238A019A9700FF1FE78071
:10442000C08E83A7C1ABD857370500827D15719B1D
:1044300013671700D8D783250900D84113671700E1
:10444000D8C183068406D85713F6F603698F66062B
:10445000518FD8D71307A0031385C1AD6351D7126D
:10446000144137060007F84E518FF8CE98433706AF
:1044700033001377F7CF98C398431377F7CF1367B9
:10448000072098C318411447D18E14C7B7060300FC
:1044900093868625B4C95457F59A54D798438346D2
:1044A0002406137707F893F6F607558F98C337C796
:1044B000898E130767ED98C7375755006444130773
:1044C0005755D8C39D471CA89CA08547BCA0A147B1
:1044D000BCB07C440357C406D8A3BC2078448346B0
:1044E00014063E978357C4069206A183BD8BD58FD1
:1044F0005CA3A8209307E00F09051375F50FA8A08A
:1045000003562407898F63C4C7047C442C5C0D05C3
:104510003E9597C0FE1FE780E054B82083572407DC
:104520009376F7038507B6971CB8B8A08347540362
:10453000858B91E70347440389476317F700784465
:104540001C2393E707041CA37C44183898B38327E3
:1045500009007844B2409244B8DF9727FF1F23AD8B
:1045600007E4834534068347B406103822440249E1
:10457000DD8D0145410117E3FE1F6700E3BE130611
:1045800020021841635CD600744F370600F97D168F
:10459000F18E37060005D18E74CFC9BD370600F9FC
:1045A00069487D166357D800744FF18E37060003B3
:1045B000DDB7744FF18E93968629F9BF01119727C5
:1045C000FF1F83A727DF22CC26CA06CE9724FF1F12
:1045D0009384C4BA858BE050C9C79727FF1F23ABCC
:1045E00007DC83C74407C18B9DC383C7440793F788
:1045F0000702E5DF2285EFF05FE083C7440793F70A
:10460000F70C238AF40697F0FE1FE7806068228586
:1046100097E0FE1FE7806060938441AE9C409DC799
:10462000DC438DC789475C828347540413056100CE
:104630001946DC825C28930564045C8697C0FE1FE3
:10464000E78040429C404800DC43829783477406E1
:10465000858B81CB83455404082413066404EFA0A2
:10466000E07A97F0FE1FE780A06222856244F24064
:10467000D244056117E3FE1F6700235A39714ED6F5
:104680009389C1AC83A6090022DC26DA06DE4AD86B
:1046900052D456D25AD093078007FCD2238A019A6B
:1046A00083A7C1ABD857B70533002A84719B136722
:1046B0001700D8D798431377F7CF98C39843137749
:1046C000F7CF1367072098C303A7C1AD10474D8EDE
:1046D00010C73706030013068625B0CA5057759ACF
:1046E00050D7984303462506137707F81376F60745
:1046F000518F98C3DC420D4793E71700DCC2644535
:104700009D471CA99CA08547A3810400BCA08347AA
:10471000F5056384E70AFD1793F7F70F1547636BF9
:10472000F700171701001307E7D6B3C7E7209C432C
:10473000BA9782870149BC2013F7F70305073A9916
:104740000347E405A30824011A07D98FBCA08347B7
:104750005403858B91E70347440389476317F700A8
:1047600078441C2393E707041CA37C441838814534
:1047700017E5FE1F1305C55398B383A709007844B6
:10478000B8DF9727FF1F23A907C297C0FE1FE78046
:104790006076834534068347B40610386254F2507D
:1047A000D2544259B259225A925A025BDD8D0145C8
:1047B000216117E3FE1F6700239B8547BCB01946A4
:1047C000930564031385440097C0FE1FE78080298A
:1047D000BC209907BCA00347F4059947631FF70263
:1047E000BC301385A40093E72700BCB08347540373
:1047F000898B6387072A0C58BC296383072A1946CB
:10480000D10597C0FE1FE780E02578441C2393E77D
:1048100007F81CA3BC209907BCA0BC30B82093E7C4
:104820008700BCB07C44BA970357C406B8B3BC2019
:104830007844834614063E978357C4069206A183A4
:10484000BD8BD58F5CA3B82009071377F70FB8A0ED
:10485000562C638B062683470406795993F7070481
:1048600091C375597C483309E9401379F90F918B4D
:1048700081C739191379F90F81476372D9088346C3
:104880003406751985471379F90F639BF622930750
:104890008042F9469387371AB3C7D7021726FF1FFE
:1048A00003460695136606019725FF1F2382C594CC
:1048B00003A60900C1650CC6B386D702860634D2AA
:1048C000B43093E60601B4B0744403462406369728
:1048D00030B3B420784436975CA3B420784436973C
:1048E00083463406960654B3B8200D07B8A0185472
:1048F0004A9738DC5A2C330727412319E4067848B5
:1049000011469376C700638BC60031466396C61086
:10491000034614068346F4076310D610218B630BFD
:10492000071A032A840983A7C19B82971717FF1FC1
:1049300013070753636DAA18B7470F00938707241F
:104940003305AA40B335F502522781463305F502F7
:10495000EFE0505AB7074B00130745ED9387B7C7F1
:10496000AA8A63EBE70A2A8A49468145680097C00C
:10497000FE1FE780A015B7C70300938737FC63D5F8
:104980005719B7872500138737ED6346571FB2477E
:10499000938A6A099397D7283EC69307C012B3CA71
:1049A000FA02CE0A93D73A013247F976CE07758FCD
:1049B000CD83D98F03576408B3C70708930604084B
:1049C0004207D98F3EC69C52D052D8463EC8971750
:1049D000FF1F83C7D77A9D8B7D8A96079315870023
:1049E000D18FCD8F3ECA9C4A61834946A2075D8F15
:1049F0003ACC8357840868446C00FC86BC208D0741
:104A00003E9597C0FE1FE780E005BC3093E70702A4
:104A1000BCB0BC20C907BCA08347040693F70704B9
:104A200089CFB8307C44B42013670704B8B0583835
:104A3000B697B8B3BC208507BCA0BC30684493F7D8
:104A400007029DCF0327C40A05CFB42025469387CC
:104A50003600AA9790A31306200390B31023A9064B
:104A6000B0A31033B0B33023D0A33033D0B350232E
:104A7000F0A35033F0B3702390A7783398B7B4A065
:104A8000522CE30906CABC200C548D073E95636A7C
:104A9000C91097C0FE1FE780E0FC0349C40161B95B
:104AA0008347D40391C778441C2393E707F81CA3DA
:104AB00019469305E40397C0FE1FE780A0FA99BB4F
:104AC000856793878784F1B3814701490DBD1C47F2
:104AD0003E9A9DB5B83083463406418B29C3794749
:104AE0000546B387E702035724076397C6021307F7
:104AF00087070587BA97138A472949468145680081
:104B000097C0FE1FE78080FC9307FA007947B3C780
:104B1000E702CE07CD8349BD13070707E1BFBC20DD
:104B20005A2C05463E979307070F6396C600130756
:104B3000870F935717401717FF1F0347776B1367AC
:104B400017001716FF1FA305E66A03A6090037071B
:104B50000800138A875218C693875754794733E75A
:104B6000E702998F86077CD6834714062300D40872
:104B7000A30FF40659B763C85701B2479397E728C4
:104B80003EC6814715B59886B787DAFF93876709D0
:104B90001377F7F913670706D886D6971307C0125D
:104BA000BDB74A8697C0FE1FE780C0EB69B6854750
:104BB000BCB09305650319461385440097C0FE1FDA
:104BC000E78040EABC20B830171AFF1F130A0A5BBF
:104BD000990793F7F70F13678700BCA0B8B0784424
:104BE0000149BA970357C406B8B3BC20784483463A
:104BF00014063E978357C4069206A183BD8BD58FBA
:104C00005CA3B820914709071377F70FB8A0834634
:104C1000F405639CF60883470406795993F7070463
:104C200091C375595E2C3309E9401379F90F637EFE
:104C3000F90683463406751985471379F90F639988
:104C4000F60C93078042F9469387371AB3C7D70209
:104C500003464A07C16513660601230ACA0603A66E
:104C600009000CC6B386D702860634D2B43093E668
:104C70000601B4B0744403462406369730B3B4201A
:104C8000784436975CA3B8207C44BA97034734062F
:104C90001607D8B3BC208D07BCA01C54CA973CDCB7
:104CA0005E2CB38727412319F4068347040693F744
:104CB000070489CFBC30B82093E70704BCB07C441C
:104CC000BA975838B8B3BC208507BCA00347F40591
:104CD00091476319F704522C31C6BC2068440C5428
:104CE0008D073E95636AC90297C0FE1FE78080D793
:104CF0000349C4010347F4059147631FF71E834727
:104D00004A0793F7070F93E75700230AFA0625B4DB
:104D100085679387878405BF4A8697C0FE1FE78013
:104D200060D4C9BF0149F9B78547BCB09305650395
:104D300019461385440097C0FE1FE780A0D2BC200F
:104D40009907BCA0BC3093E72700BCB08347D403CD
:104D500091C778441C2393E707F81CA383475403A7
:104D60001385A400898B638D07140C58BC296389B3
:104D700007141946D10597C0FE1FE780A0CE7844DE
:104D80001C2393E707F81CA3BC20B830171AFF1F99
:104D9000130ACA3E990793F7F70F13678700BCA061
:104DA000B8B078440149BA970357C406B8B3BC20D9
:104DB0007844834614063E978357C4069206A1831F
:104DC000BD8BD58F5CA3B820854709071377F70FF4
:104DD000B8A08346F405639CF60883470406795916
:104DE00093F7070491C375595E2C3309E940137991
:104DF000F90F637EF90683463406751985471379E2
:104E0000F90F639FF60C93078042F9469387371A90
:104E1000B3C7D70203464A07C16513660601230AD2
:104E2000CA0603A609000CC6B386D702860634D28A
:104E3000B43093E60601B4B07444034624063697B2
:104E400030B3B420784436975CA3B8207C44BA973A
:104E5000034734061607D8B3BC208D07BCA01C54EA
:104E6000CA973CDC5E2CB38727412319F40683479D
:104E7000040693F7070489CFBC30B82093E70704F2
:104E8000BCB07C44BA975838B8B3BC208507BCA0E6
:104E90000347F4058547631FF704522C21CEBC203D
:104EA00068440C548D073E956360C90497C0FE1F8B
:104EB000E78040BB0349C4010347F405854735BD7E
:104EC0008347D40391C778441C2393E707F81CA3B6
:104ED00019469305E40397C0FE1FE780A0B86DB59F
:104EE00085679387878415B74A8697C0FE1FE7803A
:104EF00060B7D9B70149C9B783474A0793F7070F86
:104F000093E7670019B57E2D411122C406C69907A3
:104F10001CB97C45114718A998A37C4518392A84E7
:104F200098B383475503858B91E70347450389472A
:104F30006317F70078441C2393E707041CA3684415
:104F4000930564031946090597C0FE1FE78080B1E9
:104F50006844722C4C542244B2402105410117C3CD
:104F6000FE1F670023B0AA871715FF1F0325C5265C
:104F700011E182801825E30EF7FE0841D5BF4111EB
:104F800006C622C426C24AC0EFF0FFFD630C051816
:104F9000834755032A849714FF1F9384241E89EFA7
:104FA00019469715FF1F9385652B1305640397C05A
:104FB000FE1FE78020AB9DA80547639CE700BC204F
:104FC00049456382071619469715FF1F9385652982
:104FD000E9BF1C59B9E78347C503230A050291EBD2
:104FE000034754038547230AF4028947E319F7FC72
:104FF00045BF1305C50397D0FE1FE780E0CD08D855
:105000000DC1EF50E0290C58BC2581CF8947230AF8
:10501000F4021946B1051305640397C0FE1FE7802B
:1050200060A4034744038947E31CF7FA9C308DCB07
:105030008347C40395C7834734041307000413054B
:10504000C40393F7070C6396E70E97D0FE1FE78023
:1050500060CD08D811C53C2981C78947230EF402C9
:105060005C24E9E31717FF1F230A071085477824FC
:105070005CA41CB49714FF1F83C414DB231B940689
:105080001376F70099460359E40663F9C60A5A2CC9
:105090009306A00F9717FF1F83C76733B367F720E7
:1050A0003357D7029387970E1715FF1F035505DC5B
:1050B00037460F0013060624814691042607BA9747
:1050C000B3A5A7023305F502EFE0C0622695231BC6
:1050D000A406231804066307090268289307F00F43
:1050E0006306F500EF10AFC0FD577CA80356E40639
:1050F000930664011206A285170500001305A52179
:10510000EF10EFA183A7C19B82971A302A869306DE
:105110007401A28517E5FE1F1305051897E0FE1F11
:10512000E780208A0145B24022449244024941016D
:10513000828097D0FE1FE78020BA21BF2318040683
:10514000E31D09F8E310F7FC68289307F00F6306E6
:10515000F500EF10CFB9FD577CA893066401131634
:10516000B02851BF411106C622C42A8497F0FE1F01
:10517000E78000B2228523060400A3050400A304EF
:10518000040097E0FE1FE78040A968389307F00FFE
:105190006306F500EF10AFB5FD577CB8682893079C
:1051A000F00F6306F500EF108FB4FD577CA8B240F6
:1051B00022444101828041119717FF1F83A7871F57
:1051C00022C406C6858B1714FF1F0324640199CBE4
:1051D00022859717FF1F23AF071CEFE0FFC722852B
:1051E000EFF05FF822852244B240410117E3FE1F31
:1051F0006700A3A2411122C41714FF1F032484FDDA
:10520000284801469305440106C626C297D0FE1FD2
:10521000E78000E175E12C487D479C3193F7F70367
:105220003CA8E91793F7F70F6368F70C9C21BD8B37
:105230003CB8F51793F7D70FE1E31946A10513051D
:10524000640397C0FE1FE78080935DC52C488544AA
:10525000230294049C2113056404194693D76748DC
:105260008905A302F40497B0FE1FE780A07F228582
:10527000EFE0BFA251C1343815471C286394E60201
:1052800063ECF40683A7C19B829748D02285EFE0A8
:10529000BFBC6313950622852244B240924441016B
:1052A0006FF05FEC81C719476398E70483044401FA
:1052B00013050004EF20DFAB1315456063CEA40295
:1052C0002285EFF05FC4814517F5FFFF130565AF39
:1052D00097C0FE1FE78000C21038834544060D4585
:1052E00097D0FE1FE78040E82244B240924441013B
:1052F00017F3FE1F6700C39997F0FE1FE7804099E0
:1053000022852244B2409244410117E3FE1F670008
:10531000C394011122CCFD5706CE7CA98357E50624
:105320002A849DC7834605070C259307C0031CAD3F
:1053300001461305C003EF90302D094597F0FE1F7D
:10534000E780A09C22856244F24005616FF09FE1F6
:105350007C250547BD8B6386E70083470506918B57
:10536000E9DF9717FF1F83A7E7EE93F7072085C3B1
:1053700002C402C202C081480148814701478146F8
:10538000054681451305C003EF9070227DB702C02A
:1053900081480148814701478146054681451305FB
:1053A000C003EF90B01E51BF23ACA1A88280971715
:1053B000FF1F83C797A385EF411117E5FFFF130573
:1053C000E55F06C6EF10AFB4EFE0EFEBB240971722
:1053D000FF1F9387A7DA17F7FFFF13072780B8D7B8
:1053E000170700001307E7B9F8D741018280971724
:1053F000FF1F9387A7D817E7FFFF1307277EB8D7AC
:10540000170700001307E7B7F8D7828011C9832771
:10541000050A93E707082320F50AFD572303F50241
:10542000828023A0A1AA82801717FF1F032747DAD3
:10543000AA87085719C51A2D6305F70013058505B6
:10544000DDBF8280011122CC06CE2A84034565028D
:105450009307F00F2E866309F5002EC6EF102F89F3
:105460003246FD572303F4028347A4020357840402
:105470009306640293E707062305F40283570404A6
:10548000A285F240BA972313F40462441705000082
:10549000130505F805616F009FE8011122CC06CEC7
:1054A0002A84034575029307F00F2E866309F500E1
:1054B0002EC6EF10CF833246FD57A303F4029306A6
:1054C0007402A2856244F24017150000130585E2BC
:1054D00005616F00DFE4011122CC06CE2A8403456A
:1054E00085029307F00F2E866309F5002EC6EF1094
:1054F0000F803246FD572304F40293068402A285EE
:105500006244F24017150000130565E105616F0064
:105510001FE19716FF1F938666C6F236B70548014E
:10552000ED05BE329A3A232CB51CF632232EB51C5B
:10553000ED452318C51C3356B60A2310C51E1306A5
:105540008014231AF51C2319E51CB3D7B70A231BB3
:10555000D51C3357C70AB3D6C60A2312F51E231328
:10556000D51E2311E51E2307F504828083466514AA
:1055700005478357651E6390E6029387C7FB114773
:10558000B3C7E7020357451EB3C70708B357F70A67
:105590002307F5048280938707FB2147D5B78357FC
:1055A000051D0356C51D0357E51D8356851D33563E
:1055B000F60A8357251D8355651D41113357F70A98
:1055C0008357451D1318B02806C6B3D6F60A83576D
:1055D000A51DB3D7B70A83250510B3F5050181EDE5
:1055E0008565938585843357B70AB3D7B70A3347A0
:1055F0000708B3C707088355051E1376F60F93F601
:10560000F60F6396C5028355251E6392E502835506
:10561000451E639ED5008355651E639AF500230ED3
:105620000506EFF0BFF40945B2404101828085458F
:10563000230EB5062310C51E2311E51E2312D51E09
:105640002313F51EEFF09FF20145F9BF0357651DC7
:105650008357A51D411106C6B3D7E70A056713078F
:1056600087846379F700832605101316B028F18E1E
:1056700091E2BA870357651E6307F7002313F51EEF
:105680008547230EF5060357251D8357E51DB3D720
:10569000E70A0567130787846379F70083260510F7
:1056A0001316B028F18E91E2BA870357251E6307BF
:1056B000F7002311F51E8547230EF506EFF01FEBCB
:1056C000B2400145410182800357A5049547723DD0
:1056D000B307F702363D93D53740635BB600118FB1
:1056E0000E073347D702B34707082314F504828017
:1056F000B3C7D702B3C70708CDBF832745110D46EF
:105700009306F00F98230D8B58B56313C700B4238D
:1057100074B99823418B38A99C337CA982805C257D
:10572000CD9B5CA582808327451158259C239356E9
:1057300037408987B58F858B91C71347870058A558
:1057400001458280054582808327451158259C2389
:10575000935627408D87B58F858B91E71347470078
:1057600058A501458280054582808327450E85071F
:105770002322F50E91E78327850E85072324F50E56
:105780008327850E93F7070891C785472322F50ED7
:105790002324050E8347A50293F7070491CF83576F
:1057A000050403578504BA972313F5048327450A94
:1057B00093F7F7BF2322F50A82808327C50E85075A
:1057C0002326F50E91E78327050F85072328F50E7D
:1057D0008327050F93F7070891C785472326F50E02
:1057E0002328050E8347A50213F7070409C793E78B
:1057F00007022305F50282809717FF1F83A747A1A1
:105800000145054791E38280B4376393E6000505BF
:105810009C43CDBF411122C491452A84014526C233
:1058200006C69714FF1F93846495EF108F9003D7DB
:10583000C40A231BA404854763F9E7060357641EC3
:105840008357241E1705FF1F0355456237460F0077
:10585000BA9793878757B3A5A702130606248146F4
:105860003305F502EFD01069835704040357E405AC
:105870008355840503A344091D8F3307B70283278B
:10588000040905469388F5FF130E80023E97637E58
:1058900016013308C6039A87FD563A9889C7631BD9
:1058A000F4001C4081EB231BC404B2402244924408
:1058B0004101828083AEC7086398BE0083A60709B2
:1058C000B306D840B3F6B60263E4A6009C43F9B72A
:1058D000090675BF411126C29714FF1F9384048ADD
:1058E00003D7C40A06C622C4854763F1E7060357F7
:1058F000651E8357251E2A841705FF1F035505576C
:10590000BA9793878757B3A5A70237460F001306A8
:10591000062481463305F502EFD0D05D03465405D9
:1059200083A8440985467D161303800263F0C602EE
:105930003387660283270409FD553E97C68789C7CA
:10594000631BF4001C4081EB231BD404B2402244AF
:1059500092444101828003AEC7080328C408631A39
:105960000E0103A80709B305E84063640701B30506
:10597000074163E4A5009C43D9B7850645BF79710B
:1059800056CA970AFF1F938A6A7F163D03D6CA0A32
:105990009707FF1F9387C74C22D44ECE52CC83D992
:1059A000C70003AA870006D626D24AD05AC85EC6C8
:1059B00062C466C28547032785082A84850663F585
:1059C000C710B38636039307003201499386061940
:1059D000B3D6F6023697BA846364D700636447018E
:1059E000B30447418357641E0355241E37460F00F6
:1059F000232894083E9513058557B32535031306D0
:105A000006248146130B0032814B3385A902EFD067
:105A1000704E2A8C83AC4A09814A81461306006481
:105A20005A85DE85EFD0104D3387A400E687FD56FA
:105A3000A1EBB3855903130600648146B3BA590339
:105A400013850532B335B500D695EFD0B04AAA9488
:105A500033B5A400A6876314A90063E44401B387A7
:105A60004441B2502328F408225492540259F24976
:105A7000624AD24A424BB24B224C924C45618280E0
:105A8000639487009C43D5D783A5C7080326C40821
:105A9000639AC50003A60709B306E6406364C7001E
:105AA000B306C74063E486019C4359B7B3073B0183
:105AB00033B767013E8B83477403850ABA9B860719
:105AC000FD17E3ECFAF4B5B78347750393B72700E6
:105AD00093C71700B697B3873703930600329387AF
:105AE0000719B3D7D7023E97BA866364F700636499
:105AF0004701B3064741B687ADB79707FF1F9387A6
:105B0000E76783D6C70A411126C206C622C40547E5
:105B1000AA846377D70003A44709A28789EB01EC25
:105B2000238E0400B2402244924441018280D83F37
:105B300075FB9C43E5B763149400004075D03C347A
:105B4000C1E70327C40883A7C408630FF706D82C4E
:105B5000930700086316F7043E3C8A241946239AEB
:105B6000F406239BF4065E3C93050008239DF40491
:105B70007E3C239EF404EF40C0608547DCBCDC2CF7
:105B800093F7F707DCAC130584062244B240924435
:105B900031469305F00F410117B3FE1F670003F371
:105BA000BE3C0A241946231AF406231BF406DE3CE5
:105BB00093050008231DF404FE3C231EF404EF406B
:105BC000405C89475CBCC1B7004091BF1707FF1F0D
:105BD0001307C75A8356C70A411126C206C622C4F4
:105BE0008547AA8463FFD71683278510898B638A2C
:105BF000071683274709BE85BDE503D6441E014429
:105C00007D581306260205862D067D55ADE36300FB
:105C100004103C343A3CC5E78947231CE404A30A3A
:105C2000F40403570406835704042285BA97C10776
:105C30001D8B998F231FF4045E3C231DF4047E3CCE
:105C4000231EF404EFF01FBD8327440A93E71700D7
:105C50002322F40A85475CA88D475CBCB2402244ED
:105C6000924441018280D83D75FB8C4171B76394A9
:105C700097009C43C9DF83A6070903A7040963E2D1
:105C8000E6023387E64083A6C40863F4E600337770
:105C9000D7026376A7003A856373C700BE859C432D
:105CA000B5B7158F83A6C70863F4E6003377D7022C
:105CB000E37707FF3A88E374C7FE3E84CDB7BE3C66
:105CC000B3F7E702C1FF9D46994763F5E6000583F8
:105CD000930737000567231AF406130707C88A07D6
:105CE000B3C7E70A231BF4065E3C0A241306C0026E
:105CF000231DF4047E3C93050008231EF404C947C9
:105D00005CBC2244B240924441016F408047B1C91B
:105D1000BA3CBE3DB3F7E702A9E78387C40163D26B
:105D200007049D46994763F5E6000583930737000E
:105D30000567239AF406130707C88A07B3C7E70A5B
:105D4000239BF406DE3C8A241306C002239DF40440
:105D5000FE3C93050008239EF404CD47DCBCEF40D5
:105D60004042238E0400DDBD411122C406C6170443
:105D7000FF1F1304E40E1C288DCF9387C1A99843FD
:105D800019EB18449706FF1F23AEE64817C7FE1FFE
:105D90001307A78798C388431707FF1F232E0746BB
:105DA00097B0FE1FE780E0345C402244B2404101DE
:105DB00082875A240356650823AE01A89707FF1F60
:105DC00023AC07443306E60237470F009306F72358
:105DD0001307072483270509AA8536963356E6025A
:105DE0001707FF1F034757043A9663E3C70222448D
:105DF000B24003A7C5083386C7409386950217B5FE
:105E0000FE1F1305057B410117D3FE1F670063BB0F
:105E10001844BA97E9BF01114EC6938901AA83A716
:105E2000090026CA4AC806CE22CCAA841709FF1F39
:105E300013090903B5CF1707FF1F0357E73E85472F
:105E40006318F7060357C90003546508832705093B
:105E50003304E40237470F009306F72313070724A0
:105E600036943354E40263E487083384874083A77D
:105E7000C19B82976361A408B307A44003A40900EF
:105E800063CF07061707FF1F034717FA05836378D9
:105E9000F70637450F00998F13050524B3B5A70200
:105EA0000356C90081463385A702EFD0B00402949F
:105EB000930700FBFCA48145014597B0FE1FE780D6
:105EC00060038347090195CF03A5C1A99707FF1F69
:105ED00023A4073497B0FE1FE780A02162448327E4
:105EE0004900F240D2444249B24905618287032702
:105EF0008900BA979DBF832789003E94B5BF0145AD
:105F00007DB7624483C59402F240D2444249B2490B
:105F100001450561B315B028B3C5050817D3FE1FA9
:105F2000670023BA411106C6EF00107519C983270F
:105F30008511014581E7B240410182809C430505FE
:105F4000D5BF7D55CDBF411122C426C206C69707D5
:105F5000FF1F83A7A72C2A84AE846396A700970708
:105F6000FF1F23AD072A8327041299C70A2401467D
:105F700093050008EF40E0208357440499C70A24A2
:105F80004D4693051008EF40C01F0A24154693059F
:105F90001008EF40001F2305040023080400230A13
:105FA00094041707FF1F0327274295476316F7003E
:105FB0009707FF1F23AA0740B2402244924401459D
:105FC000410182803C256383073283570508011114
:105FD00022CC06CE26CA85072310F5087C35230C73
:105FE00005002A8413F7270015E303570504954796
:105FF00063FDE7269305E003EFF0FFF4A305A40299
:106000000945F2406244D2440561828013F70702D9
:1060100021CF93F7F7FD7CB58327050A3835A30513
:10602000050293E747002320F50A8547631EF70220
:106030003E3D9306204E03274509B387D702B3D7C9
:10604000E7021707FF1F034727DE1307C703BA97A7
:1060500003477503B3C707082312F5083307D702B0
:10606000B3A7E7202311F5081C38858BE9C78357B0
:10607000E405035704046396E7245E3C8355C40596
:10608000034584022310F406834754056EBC920531
:10609000A30BF40283576405F9159704FF1F93843B
:1060A00024DC1EBC8357A4055EBCEF002F8538346A
:1060B000231004081E3C03568405631A071ADA24C9
:1060C0008C44B387E7021307003293870719B3D7CD
:1060D000E70203270409D1073E97BA866364F700F5
:1060E0006364B700B306B7405C3C2328D40832BCD5
:1060F00081C72285EFF00FFEDA243E3C9306003282
:1061000023110402B387E70233D6D702B3F7D702CD
:106110009306204E2326C408B387D702B3C7E702ED
:106120001EB0835704045EB07C3493E707027CB44E
:106130001C38F99B1CB81C38898BA9C78356E412FC
:1061400003570404B387E6409397576063C007186A
:10615000639AE60281470148232CF4121305841345
:10616000232E04131546930584122AC697B0FE1FEA
:10617000E780408F3245EF0010781C38A306A41248
:10618000F59B1CB81C3813F707012DC70356C41420
:10619000835604043307D640131757606348071229
:1061A000631AD604BD9B1CB88347A41499C7898B76
:1061B0006388071285472303F4148347B41499C7EF
:1061C000898B638207128547A303F4142285EFF0BD
:1061D000EFC78347C40799C78327040A93E70710CB
:1061E0002320F40A8327040AA305040293E7072067
:1061F0002320F40A18389377070285CF9707FF1FEB
:1062000083A707FDD423130680059C57B386C602D7
:10621000B697D62F83570404B387F64093975760F9
:1062200063C907008357C4146395D7001377F7FD3C
:1062300018B88347A40293F7070485CB0357640477
:10624000835704046313F70218289307A004631408
:10625000F70085471CA883278410C18B99C7832723
:10626000440A93E707402322F40A014559BB034738
:10627000E418218B11CF83560404035704192E3CD4
:10628000158F3307B7023347C702BA962318D418BD
:106290009DC7DA248C44B307F702130700329387B3
:1062A0000719B3D7E702032704093E97BA86636448
:1062B000F7006364B700B306B7402328D40832BCA4
:1062C00025BD998F93975760E3D707E69305800222
:1062D0002285EFF05FC7A305A4021305800215B362
:1062E00023030414D9BDA3030414CDB5054582804E
:1062F00005C541119305200222C406C62A84EFF089
:106300009FC4FD57A305A40223080400A303F402BD
:10631000B240224441018280828005C9411122C4D9
:1063200006C67C352A849305E003898B91C3A14579
:10633000EFF07FC1FD57A305A40223080400230446
:10634000F402B24022444101828082808327050A00
:10635000797122D406D626D24AD04ECE52CC56CA15
:106360002A846380074213F7270011CBF59B232073
:10637000F50A0A25194693050008EF309060832737
:10638000040A13F7470051CF8344A402ED9B232056
:10639000F40A93F7040491CF83278410C18B99C723
:1063A0008327440A93E707402322F40A2285EFF06B
:1063B000AFB138348547502883562406631AF774E2
:1063C0003E3C1307204EB387E70203274409B3D7A7
:1063D000E7021707FF1F034727A51307C703BA974D
:1063E0000347B402B3C707082312F4088607231132
:1063F000F4089307000419E3930700085CAC09E66E
:1064000093E414002305940299E60A240D469305AB
:106410000008EF30105723110406230A0400A30ECE
:1064200004008327040A13F7870005C30A24DD9BB1
:106430002320F40A154693050008EF309054834753
:10644000A40293E747002305F4028327040A13F705
:10645000070131C7BD9B2320F40A8347D4040A24D3
:10646000214689C7A30604041306000393051008F8
:10647000EF3030518347C40489CF83278410C18B08
:1064800089CB8355A40422859205B3C50508EFE0A6
:106490007FFB8347A40293E717002305F4028327B9
:1064A000040A13F7070405CB0347F40493F7F7FB3B
:1064B0002320F40AA14763FAE7003C3499E78327D5
:1064C000440A93E707012322F40A0A24314693057C
:1064D0001008EF30104B8327040A13F7070205CF8B
:1064E00093F7F7FD2320F40A34348327841003271D
:1064F000C41093F70702638E0662638807680A2454
:10650000114693050008EF30D0478347A40293E774
:1065100017002305F4028327040A13F707101DC38D
:106520000A2493F7F7EF2320F40A230E04061D46EE
:1065300093050008EF30F0448347A40293E7170067
:106540002305F4028327040A13F7070801CF0A245E
:1065500093F7F7F72320F40A130670059305100844
:10656000EF3030428327040A13F7072029C393F73B
:10657000F7DF2320F40A83476414230F0400A29753
:1065800003850718A301A414EF50501B2301A41482
:106590002285EFE0BFFD0A24314693050008EF3065
:1065A000503E8347A40293E717002305F402832794
:1065B000040A11677D8F630907129397E7489709CB
:1065C000FF1F83A929C32320F40A638A0952835732
:1065D00044151167139637017D8F4D82630C075A5E
:1065E0001307C0123306E6029397576063D507007E
:1065F000B78725003E960358040483558415170A6F
:10660000FF1F130AEA85832704098326C408832A07
:106610008A000355440801496314B85863E0D75809
:10662000B384D7408357CA00329537460F00B3353D
:10663000F5028146130606243305F502EFD0800BE0
:10664000B306950033B5A6002E95B6846314A90051
:1066500063E45601B3845641938AC19B83A70A0021
:10666000829763E3A45A3385A44017F9FE1F1309E8
:10667000297A834799018607637EF55803A7C90DD8
:106680008356CA00835764152183334707083307AD
:10669000D70293060032850703268A00B3C707088E
:1066A000130707193357D702B3069700B68463EE72
:1066B000E65C63FCC65C2394F90823A0990A0347AF
:1066C000E414854683C729086311D76493E727003C
:1066D0002381F9084E85EF50C01F0A24130660027B
:1066E00093050008EF30F0298327040A09677D8F9E
:1066F00009C79397D7482320F40A0327040AA16700
:10670000F98FB9C7834504031705FF1F034535A754
:10671000EF00CF993E3C1307204E232AA408B387ED
:10672000E70233D5A70297F7FE1F83C7E76F93876A
:10673000C7033E958347A4022312A40893E71700DA
:106740002305F4028327040A9397F7482320F40AC9
:106750008327040A858B91CF8347A4028345440590
:10676000228593E717002305F402EFF0CFFDA30580
:10677000A4028327040A63D607009397F7492320CE
:10678000F40A8307B4179DC30307440399463306ED
:10679000F74063D6C6588327440A93974729232294
:1067A000F40AED57A30FF416A30DE416834744181B
:1067B00013F7270049CF830644030307C41763DB9D
:1067C000E6000327440A131747292322E40A114746
:1067D000A30FE4160307D417635BD7000327440A0B
:1067E000131747292322E40A7157A30FE41603075E
:1067F000A4171306F007630CC70203467418034579
:106800008418158F13174760B306A6406354D752F8
:1068100093F607016390065293F7F7F893E70701A1
:106820002302F4188357A41885072316F4188357F6
:10683000C41891CFFD17B3C707082316F41881EBCE
:106840000A241306000293050008EF3090133C243D
:106850009DCF8327041281CF3C2C91EB0A24014663
:1068600093050008EF30F01119E185473CAC8357E0
:10687000440491CF8347140399EB0A244D469305B2
:106880001008EF30101001E58547A308F402834794
:10689000E41813F7070179C38324440ABD9B230737
:1068A000F4188988C5EC1828D5476309F70A1C38FD
:1068B000898BCDE7814901498D4A130A500293978C
:1068C00044608987A29783C7771913F734000607B6
:1068D0003397EA00F98F630BF7002686054581455B
:1068E000EFC05021B3E9A9003369B9008504E398EA
:1068F00044FD032784138327C4132800337737010B
:10690000B3F727013EC63AC4EF00E07E8347541335
:1069100063EEA700034544037D57854759152C00B6
:106920003AC43EC613154560EF5020740327841304
:10693000A2476317F7000327C413B2476300F702A7
:1069400015462C001305841297A0FE1FE7808011C6
:106950008327440A93E727002322F40A8346E41896
:10696000A54713F796006314F704035704048357ED
:106970000419636EF702B307F7409397576063C833
:1069800007028347F4181306000A0507B387C702F6
:10699000323CDD9A2307D418B3C7C702BA9723182D
:1069A000F4188327440A939777292322F40A83470C
:1069B000A402E9C7918B89CF1028C165938505A0F2
:1069C0002285EFE09FAD8347A402ED9B2305F402EF
:1069D0008347A402858B8DC3034574029307F00F90
:1069E0006307F500EFF0BEB0FD57A303F402834741
:1069F000A402F99B2305F4028347A402898B89CF63
:106A00006E3C034584029205F915EFF02EEF8347A3
:106A1000A402F59B2305F4028347A402A18B99CF1E
:106A20006E3C0D4622859205F915B3C50508EFE0C9
:106A3000DFA68347A402DD9B2305F4028347A4025B
:106A400013F7070101CF0345640293F7F7F8230515
:106A5000F402EFF0DEA9FD572303F4028347A402FA
:106A600013F7070201CF8355A4040345640293F78B
:106A7000F7FD2305F4029205EFF04EE8582C93073A
:106A8000F00363F9E7003834854722856314F72E55
:106A9000EFF0CF9383570404BDC313074006B3F749
:106AA000E702B1EF83A741AA898BB1C397F4FE1F18
:106AB00093840436985805CF17F9FE1F1309096C03
:106AC00083570901835529012545C207DD8D0297AA
:106AD0009C588355E900294582979C5883152403C7
:106AE0002D4582979C58830544033145829797F73B
:106AF000FE1F239C076897F7FE1F23A90768B25063
:106B0000225492540259F249624AD24A4561828023
:106B1000930700045CAC09E693E414002305940297
:106B2000E39D068E0A240D4693050008EF3060654C
:106B3000EDB01377070819C70327440A131767290D
:106B40002322E40AB9C38357241D0357241E631369
:106B5000F7028357641D0357641EE302F79A130775
:106B60008014E37EF7988327440A9397B72823225B
:106B7000F40A71B213078014E37DF7FC8327440AFB
:106B80009397B7282322F40AE9B78327440A9397F7
:106B9000B748F1BFF9473306F602B1BCD69749B4FE
:106BA0001307180063F605050D8F3307D70263EF4F
:106BB000E702B384E7408357CA00329537460F0097
:106BC000B335F5021306062481463305F502EFC0FE
:106BD0007032B307950033B5A7002E95BE846314B9
:106BE000A900E3EB57A7B3845741BDB4D697D1B7FB
:106BF000998DB385D502AE97BE8463E4B700E3EC0C
:106C000057FBB384574145BF83278A00A697338536
:106C1000A740A1BC83A70A00635005088297834759
:106C2000990103268A0081451397170033A5A720F1
:106C3000AA876364E5006364C500B307C54063E9E0
:106C40009704858F03A7C90D0355CA0083566415A1
:106C50002183334707083307A702130500321307C0
:106C600007193357A70213851600B3D7E702AA976F
:106C7000B3C70708B386D7403387E602B306970049
:106C800033B7E600B684E386E5A2B384C64025B4F4
:106C900033079640BA977DB78297834799010326B9
:106CA0008A001397170033A5A720AA876364E5001D
:106CB0006364C500B307C54063E2F404B387F440DE
:106CC00083A6C90D8355CA0003576415A182B3C6B4
:106CD0000608B386B6029305003293860619B3D62A
:106CE000B602B3D7D702B307F740B3C707081D8F63
:106CF0003307D70263E9E400998C75BA3387C4007F
:106D0000B307F74075BFB294C5BF89466315D70076
:106D100093F7970F75BAF59B93E7470055BA998F8C
:106D2000E3D6F6A88327440A939747292322F40A37
:106D300095478DBC83465418834564183388B60044
:106D4000635BE80013F807046317080093F7F7F88C
:106D500093E70704F1B42A96E34BC7AC8D8EE3C8E2
:106D6000E6AC13F70702E31407AC93F7F7F893E7E1
:106D700007027DB4EFE07FD831BB411122C406C6C3
:106D80002A8483278411CDEB83270412F1E703259E
:106D9000041109C597B0FE1FE780606F03457402B8
:106DA0009307F00F6304F500EFF06EF403456402FF
:106DB0009307F00F6304F500EFF06EF303458402D0
:106DC0009307F00F6304F500EFF06EF203459402B1
:106DD0009307F00F6307F500EFF06EF1FD57A30482
:106DE000F4020A24512497F7FE1F9387273903D70B
:106DF000C70A1DEF23AE01A817F7FE1F0327C7061A
:106E000023A4E70A97F7FE1F83A7070195C317F589
:106E1000FE1F032565FF09CD97B0FE1FE7802067A1
:106E200097F7FE1F23A207FE97F7FE1F23A007FE7A
:106E3000B240224441018280C84309C597B0FE1F79
:106E4000E780E06483278411BA27136707F0BAA7A5
:106E50009C43232CF41035B7C84309C597B0FE1FD7
:106E6000E780E06283270412BA27136707F0BAA706
:106E70009C432320F41209BFAA8717F5FE1F0325A0
:106E8000253911E182801A25E30EF7FE0841D5BFAE
:106E900097F6FE1F83C6B6F817F6FE1F034646FD9B
:106EA0002A879387160017F5FE1F0325653719C239
:106EB000939716009207C166AA97FD166394A700E0
:106EC000014582803225E30EE6FEE30CD6FE410545
:106ED000F5B701114EC697F9FE1F9389292A83A79A
:106EE000490A06CE22CC26CA4AC852C4ADEB17FACC
:106EF000FE1F130AEAF18347FA0017F7FE1F034744
:106F000027F71389170019C31399170003D4E9024F
:106F10003305F94093144900130414021584160430
:106F2000334404083305A4029305402426953345D1
:106F3000050897B0FE1FE780204915C10346FA00F7
:106F4000C16623A2A90AB3079500938846F53306C4
:106F5000C94011050147938626F5631AE900F240FE
:106F60006244D2444249B249224A05618280637D2B
:106F7000C700BE853688A297231305010CC1A30262
:106F8000050005074105D1BF81454688F5B7411188
:106F9000930530261305801E06C622C426C297B06C
:106FA000FE1FE78060421306801E81452A8497A059
:106FB000FE1FE780A0B101451DC497F4FE1F938416
:106FC000E41B83A64409854785CE368712276301D3
:106FD000F602184365FF1EA4B1E7228597B0FE1F95
:106FE000E780E04A0A24B240224492444101828070
:106FF00085072167B3C70708E399E7FC8147E1BF2D
:107000001EA423AA840823AC84082396F40AEFF074
:107010005FEC83A7840923A007002305040023074E
:107020000400C9B783A7840980C383D7C40A23ACEB
:10703000840885072396F40AE9BF17F5FE1F032588
:10704000251E11CD411106C697B0FE1FE7802044D2
:10705000B24097F7FE1F23A5071C4101828097F7D6
:10706000FE1F23AF071A8280411122C417F4FE1FAE
:107070001304C410832644092A8706C6368581472F
:1070800031C91225631CE6048DEB9C42232AF408C7
:1070900097B0FE1FE780A03F8327840923A0070045
:1070A0008357C40A8DE7EFF05FF997F7FE1F23A11E
:1070B0000716B240224441018280032784096315E8
:1070C000A700232CF408E9B7184198C3D1B7FD17DE
:1070D0002316F40A8357C40AE9FFF1B7AA870841C7
:1070E00045B77146814517F5FE1F1305651217A3B5
:1070F000FE1F6700A39D1C3118215421A207D98FC0
:107100003821FD8A9305000242075D8F3C3101451D
:10711000E207D98F01473316E0287D8E01C60505A9
:107120001375F50F0507E318B7FE8147214733D6DE
:10713000F64801C605051375F50F8507E399E7FEC7
:10714000828001114AC84EC6032985138329C513BD
:1071500022CC26CA52C406CE2A84A30B0512A3064B
:1071600005128144130A500226864A85CE85EFC057
:107170000016058911C58347D4128507A306F412AA
:107180008504E39344FFF2406244D2444249B24949
:10719000224A05618280011106CE22CC26CA4AC845
:1071A0004EC697F4FE1F938464FDBC3097F9FE1F12
:1071B000938909CB03D7C900A307F5023E3D130904
:1071C00000322A84B387E70237460F0013060624ED
:1071D00081468145B3D727032326F5081305C0123E
:1071E0003305A702EFC000512312A4082285EFE067
:1071F0000FF903D7C9003E3C9306204E2285B38782
:10720000E702B3F72703B387D702B3C7E7021EB07D
:107210008357440886072311F408EFE08FAF2285D7
:10722000EFE08FCA6E3C22859205F915B3C50508BB
:10723000EFE06FAA2285EFF0DFF0E147A30AF41236
:1072400083A741AA23A0840A898B85C397F4FE1FD4
:10725000938404BC9C5891CB83258409354582973F
:107260009C588325C4093945829722856244F2409F
:10727000D2444249B24997F7FE1F239807F097F787
:10728000FE1F23A507F005616FE01FAE411126C266
:1072900006C622C4AA84EFF03FBE19C52A842685FB
:1072A000EFE05FC82322A41AB24022449244410175
:1072B0008280411126C206C622C44AC0EFF03FCDEB
:1072C000AA8431C9EFF05FBB2A8463000516C14769
:1072D0003EA5930700FB7CA585471CA917F9FE1F57
:1072E000130909B383570901130740109305D024EC
:1072F000950713050004B3C70708B3D7E70A33F5AA
:10730000A70A97B0FE1FE780200C2328A41019E9D4
:107310000A24EFF07FD5B2402244024926859244E8
:107320004101828097F7FE1F83A7070C232AF410E0
:1073300097F7FE1F938787E483A6470D03A7070DE2
:10734000232ED40E9433232CE40E89E61377F7F31F
:10735000232CE40EBA3F8326C40F0326840F231286
:10736000E4142326D41003C7A7048346E40223248D
:10737000C410A304E41693E616FC0327440A23076B
:10738000D40283A6870C136607042322C40A370697
:10739000000223130414F18E89C613670705232204
:1073A000E40A83C7270599C78327440A9397672967
:1073B0002322F40AFD572310F4047EB02304F402C0
:1073C0008567938787BB2315F4042285EFE02FB5EB
:1073D000034549012301A414EF40F02FD147A30333
:1073E000F41893078002A302F4189307C04E231CDD
:1073F000F4169307F007230DF416F5779387A7EBA0
:10740000231EF4168327C40FA301A4142300A41879
:10741000A300A41893F7070881C785472307F4182A
:1074200097F7FE1F239007D6FDB58544EDB5782963
:1074300089476304F70005458280832745111307B8
:107440000004BC33A305F5021C2993F6B70F63961D
:10745000E600930750041CA90DA013075005639084
:10746000E7028327050A93E707202320F50A8547CB
:107470001CA91C3993E707F81CB901458280130742
:1074800050066395E7009307A006F1B7130750086D
:10749000639BE70085471CA98347A50293E7170074
:1074A0002305F502F9B7383559F71307000263864B
:1074B000E700130730026395E7009307600261BF9E
:1074C0001307A007E399E7F6930710F869B778293F
:1074D0008D46832745116311D706D423A305D50212
:1074E000BC336392E7023C35A1EB1C291307000271
:1074F0006386E700130730026395E7009307600295
:107500001CA9014582807D476364F7023547637596
:10751000F702C91793F7F70F4547636FF70017E7AF
:1075200000001307A7F8B3C7E7209C43BA978287E8
:1075300013073002638BE706054582801C29130779
:10754000000493F7B70FE39EE7FA930750044DBF8B
:10755000182993070003E311F7FE854755B718294B
:1075600093070005CDBF182993075005E316F7FCD4
:107570008327050A93E707202320F50A85471CA9DE
:107580001C3993E707F81CB9ADBF182993075006BB
:10759000E314F7FA9307A006A5B718299307A007E5
:1075A000E31CF7F8930710F8A1BF182993075008B8
:1075B000E314F7F885471CA98347A50293E7170052
:1075C0002305F50275BF782989476304F70005454F
:1075D00082808327451117F7FE1F130727BA03463A
:1075E000A704BC330347970493F6F7019983636AB2
:1075F000D70003478516218B09C73357F640058B03
:107600000DE76947B317F028F18F2306E5028D8B4C
:107610001307000291E379478327850AA305E50252
:1076200093E727002324F50A5DB718292307F516E9
:10763000A306D51685476317F700930760061CA9B4
:10764000014582808327850A93E707402324F50AB2
:10765000C5BF83270511094758B999CFB8A3034778
:107660004505B8B38347A50293E787002305F502D4
:10767000F1471CA9014582801D45828085475CB980
:107680008327051181CB1547B8A39307B0021CA926
:10769000014582800545828085475CB983270511B5
:1076A00081CB1947B8A39307D0021CA9014582805A
:1076B0000545828089475CB98327051191CB1D4719
:1076C000B8A3832705110347D5020145B8B38280CB
:1076D0000545828085475CB98327051181CB2D47FD
:1076E000B8A3930770031CA90145828005458280D9
:1076F00099475CB9832705113147B8A317F7FE1FD7
:107700001307C7A7562BB4B3742BD4A3762BA1822F
:10771000D4B3142FF4A3183FF8B38347E50213F74B
:10772000070401CF9307A0031CA98347E50293F741
:10773000F7072307F50201458280858BFDD7832754
:10774000050AA30505022307050293E70704232082
:10775000F50AE1BF89475CB98327051191CB35470D
:10776000B8A3832705110347B5020145B8B382804A
:10777000054582808D475CB98327051199CB454724
:10778000B8A30347C502B8B30347B5020145D8A360
:1077900082800545828085475CB98327051191CF9A
:1077A0004947B8A39307A0041CA98347A50293E700
:1077B00047002305F5020145828005458280854703
:1077C0005CB98327051189C74D47B8A3014582805D
:1077D0000545828083270511C5C7254758B95147FC
:1077E000B8A30347051D8356251DB8B30347151DD0
:1077F000D4B3D8A313D78600F8A30347451DF8B325
:107800000347551D98A70357651D13568700B0A75A
:1078100098B78345751409466383C502032605108E
:107820009315B0286D8E01EE056613068684B3D6D7
:10783000C60AD4B333C6060893568600F4A303469B
:10784000651489466303D602832605101316B028F3
:10785000F18E81EE8566938686843357D70A98B772
:10786000B346070813D78600B8A78347A50293E756
:1078700047002305F502930700051CA901458280F6
:107880000545828083270511C9C3254758B9554747
:10789000B8A30347051D0356251D8566B8B30347E6
:1078A000151D938686843356D60AD8A30347451DF3
:1078B000B3450608F8B30347551D98A70357651D40
:1078C000D0B313D685003357D70A98B7B346070805
:1078D00013D78600F0A3B8A78347C507A305050201
:1078E00099C78327050A93E707102320F50A832702
:1078F000450A1317B0287D8F09C79397B7482322ED
:10790000F50A85471CA90145828005458280032729
:1079100005118D475CB9D9473CA38346451434B360
:1079200083475514918A5CA30357651EA1C693062D
:10793000F034814763FDE600930787E80357851419
:1079400005CB8587938757FD8D87B3C707080357F6
:10795000451EB357F70A2307F5048347A50293E7AB
:1079600047002305F502930750051CA901458280B5
:107970008D87C9BF858B89CB130707FBA147334789
:10798000F702B3470708E1B71307C7FB9147C5BF25
:10799000032705118D475CB9DD473CA38347451498
:1079A0003CB38346551454A30347B514F98F93F69B
:1079B00047000357651EA1C69306F034814763FD57
:1079C000E600930787E80357851405CB85879387DF
:1079D00057FD8D87B3C707080357451EB357F70AEE
:1079E0002307F504930780051CA98347A50293E7A5
:1079F00047002305F502014582808D87C9BF858B2D
:107A000089CB130707FBA1473347F702B3470708A2
:107A1000E1B71307C7FB9147C5BF032705118D4782
:107A20005CB9E5473CA38346751483476514B317D7
:107A3000F028B397D7283CB3834715145CA383473A
:107A4000A50293E747002305F502930700061CA94A
:107A50000145828089475CB9832705117547B8A322
:107A600017E7FE1F0347B771B8B3930750071CA968
:107A70000145828089475CB9832705117947B8A3FE
:107A80000347F502B8B38327050A9397F728232005
:107A9000F50A85471CA90145828017E7FE1F0327C9
:107AA00027735C2393068005B387D70214570327F7
:107AB0000511BE96A5475CB9930700023CA3035687
:107AC000651E8357251EB297D05A9387C712B3F706
:107AD000C70A3CB313D68700C18350A35CB39C5E36
:107AE0007CA313D68700C18370B31CA7DC2E1CB700
:107AF000DC3E3CA79307C0071CA901458280914743
:107B00005CB98327051113073002B8A30347251773
:107B1000118B1DC7034745177D173317E028B8B3EE
:107B20000147D8A303473514D8B38347A50293E789
:107B300047002305F502930750F81CA901458280F0
:107B4000034775143317E028B8B30307F517D1BFFF
:107B50000327051195475CB9930740023CA38306B0
:107B6000351483079517958F93B7170086073CB395
:107B7000030685176315D60093E717003CB3030689
:107B8000751750A38347651754B37CA38347251704
:107B9000858B81CB19C68327050A93970729232054
:107BA000F50A01458280411126C28324051106C6CB
:107BB00022C4B5475CB99DCC91472A84BCA09305EB
:107BC000451C2146138534009790FE1FE78080E90D
:107BD0001385B40011469305C41C9790FE1FE780DF
:107BE00060E8930720021CA80145B2402244924459
:107BF000410182800545D5BF83270511A9C34111E5
:107C000022C406C6254758B9B8A32A8403250511FE
:107C10009305840F21460D059790FE1FE78080E4B1
:107C20008327040AA3050402014593E707022320E2
:107C3000F40A85471CA8B2402244410182800545D0
:107C40008280A5475CB9832705119DCF411122C4CD
:107C500006C63947B8A32A84032505119305840F66
:107C600021460D059790FE1FE780C0DF8347A402E1
:107C7000014593E747002305F402930700031CA87E
:107C8000B24022444101828005458280411122C4D4
:107C900006C6E1472A845CB90325051141C9BD47E1
:107CA0003CA18347440739053146A30AF5FE8347C3
:107CB000540793058406230BF5FE83476407A30B43
:107CC000F5FE83576407A183230CF5FE8347A405C3
:107CD000A30CF5FE8357A405A183230DF5FE83476E
:107CE000C405A30DF5FE8347D405230EF5FE835787
:107CF0004406A30EF5FE83476406230FF5FE835763
:107D00006406A183A30FF5FE9790FE1FE78080D540
:107D10008347A402014593E747002305F402930734
:107D200000041CA8B2402244410182800545DDBF09
:107D3000411122C406C6E1472A845CB90325051116
:107D400051C1C1473CA18347440739053146A30AC5
:107D5000F5FE8347540793058406230BF5FE8347FE
:107D60006407A30BF5FE83576407A183230CF5FE7C
:107D70008347A405A30CF5FE8357A405A183230D17
:107D8000F5FE8347C405A30DF5FE8347D405230EF6
:107D9000F5FE83574406A30EF5FE83476406230FC2
:107DA000F5FE83576406A183A30FF5FE9790FE1F8F
:107DB000E78040CB930740041CA80145B240224411
:107DC000410182800545DDBF011122CC26CA4EC685
:107DD00006CE4AC8930730025CB993070510804B62
:107DE0007147AA8438A00347051583A9070638B050
:107DF0000347151558A06389091C83270509032526
:107E0000C50817E7FE1F1307A70563E1A71A338507
:107E1000A74083A7090A63EEA7183385A740B74791
:107E20000F0093870724B335F502522781463305A7
:107E3000F502EFB0300CB7C703000967938747FC22
:107E40007D1763FBA7169307C012B357F502F98F8E
:107E50000547B3C707085CB01607A183D98F1389FC
:107E600009087CA08327C90519469385690DA1835C
:107E70007CB033C70708935787001CA483470903C6
:107E80001305D4011CB4834719033CA48347290379
:107E90003CB4834739035CA4032749035C347D8BDE
:107EA000819BD98F5CB403C7F90D93F7F70FFD8B56
:107EB0001607D98F5CB4834749017CA483475901D5
:107EC0007CB4834769011CA8834779011CB88347A8
:107ED00089013CA8834799013CB88347A9015CA864
:107EE00083D789089386170033C70608218354B8BF
:107EF00078A803C7040478B803C714041CBCA18382
:107F000018AC3CAC83C7F40203C7490D9607D98F60
:107F100003C7590D1207D98F3CBC83C7C90DFD1784
:107F2000B317F0285CAC9790FE1FE780A0B383C71F
:107F3000090EA9C71307B002D8B81307A00238A0CA
:107F400003470904A302E402034719042303E402DC
:107F500003472904A303E40203473904A304F402FA
:107F60002304E40283C7190E2305F40283C7290EF4
:107F7000A305F40283C7390E2306F40223A00416D6
:107F8000138704081C5301459397F7291CD383C713
:107F90000404A301F40283C714042302F402F24090
:107FA0006244D2444249B249056182801447B6977F
:107FB000B9BD1447B69795B5F947B357F502F98F90
:107FC000B3C70708014741BD032945160545E30826
:107FD00009FC83A7040903A5C40817E7FE1F1307BC
:107FE00027E863EEA7143385A7408327890963EB4D
:107FF000A7143385A740B7470F0093870724B335ED
:10800000F502522781463305F502EFB0A06EB7C7DF
:1080100003000967938747FC7D1763F8A71293074E
:10802000C012B357F502F98F0547B3C707085CB014
:108030001607A183D98F7CA0834769081946930549
:1080400069037CB0835769081305D401A1831CA47C
:108050008347090A1CB48347190A3CA48347290AA9
:108060003CB48347390A5CA40327490A5C347D8BFE
:10807000819BD98F5CB483C7F402583496077D8BFB
:108080005D8F58B40347C90878A40347D90878B46A
:108090000347E90818A80347F90818B8034709096E
:1080A00038A80347190938B80347290958A80357BE
:1080B00089089356870058B874A883C604047D17AE
:1080C00074B883C6140418BC14ACB346070813D79D
:1080D000860038AC0347F907D98F034759031207C5
:1080E000D98F3CBC83470908B317F0285CAC979044
:1080F000FE1FE78020978327C90A9DCF1307B00290
:10810000D8B81307A00238A09823A302E40298333A
:108110002303E402B823A303E402B8332304E402F4
:10812000D823A304E402D8332305E402F823A305EB
:10813000E402FC332306F40223A2041691B514478B
:10814000B69755B51447B6976DB5F947B357F502CD
:10815000F98FB3C707080147D9BD411106C6AD471E
:108160005CB9832705111307900293057519B8A30D
:108170001385370029469790FE1FE780A08EB240F6
:1081800001454101828083254511411122C426C247
:1081900006C6DC21B8312A84A207D98F056513876A
:1081A000A7FF9306A5C7F9443347070863E4E60A27
:1081B000F821D431130505C82207558FF944636BA4
:1081C000E5086369F7089025F4312206558E930679
:1081D000301F63E1C608B42503C89500A206B3E6C4
:1081E00006016369D50613051600334505083305F6
:1081F000F50213983600635F0505A83519C1636B56
:10820000A7040358A4038144639C0701631AF70081
:108210000358C4036316C800663C958C93B41400DD
:10822000231DC4042312A406231AF406231BE40608
:10823000231ED404DC35D8253146A207D98F231359
:10824000F406B905130584069790FE1FE780808128
:1082500091475CBCB2402244268592444101828011
:10826000411122C406C685475CB98345D5162A84C8
:10827000032705110345E516854693176500CD8F45
:108280003CA3ED473CB35C240346C41693E70702C6
:108290005CA4EF30B050930770061CA8B240224493
:1082A000014541018280832745111303000ECC2331
:1082B000B433A205D58D938655FEB3C60608636117
:1082C000D306F023D43311682206558E930686EB2D
:1082D00013088814B3C606086364D804942783C8B7
:1082E0007700A206B3E61601938856FEB3C80808C5
:1082F0006368130383C89700BC27A207B3E717017D
:10830000938887EBB3C80808636C1801231CB51C5D
:10831000231DC51C231ED51C231FF51C6FD02FA8A1
:1083200005458280AA87283505476310E50AF42BA6
:108330003147639DE60803A747113433A38AD70466
:1083400054335023A206D18E239BD7046C3374235D
:10835000A205D58D239CB704103714272206558E0D
:10836000239DC70434372827A206C98E239ED7042D
:10837000482758372207498FAA3F239FE704014720
:108380006319B500CE3F6396C500FA3F158F1337CA
:1083900017002391E706982B930600046300D70289
:1083A000930640046314D700054798AB983B954665
:1083B000D4BF136717F898BB0145828003C7A70293
:1083C000136717002385E702C5B705458280782922
:1083D0008947631BF70083274511BC33230AF50443
:1083E000F5471CA9014582801D4582802A872835D2
:1083F0003DE5742BB5476394F606142B93070002F2
:10840000639FF6048327471193050708D433D023CD
:10841000A2064206B296F023B296B0336206B29636
:10842000B4C194379027A2064206B296B027B296FE
:10843000F0336206B296D4DDD027B4372206558ECB
:10844000D437FC27C206D18EE207D58FBCD11C3BA6
:1084500093E787001CBB930730021CAB8280054565
:1084600082803835AA8719EF68290547631CE50023
:10847000942B130730026398E6001307C00298ABF1
:108480000145828005458280AA87682905476318CF
:10849000E502982B9306B0026319D7001307E00298
:1084A00098ABA3850702014582809306D002631929
:1084B000D7001307E002A385070298ABEDB7054587
:1084C0008280782989476315F706E947A305F502F5
:1084D000832745113947BC336390E7021829930776
:1084E00000036317F7048327050A93E70702232095
:1084F000F50A85471CA979A0C51793F7F70F5147CF
:108500006368F70217D700001307C7FEB3C7E72059
:108510009C43BA978287832785101829F59B2324CB
:10852000F510930700046315F700930760041CA976
:108530000145828018299307A004E31BF7FE8547B5
:108540001CA98347A50293E717002305F5021C39F0
:1085500093E707F81CB983270510C18BF1FB83272C
:108560008510BD9B2324F510E1B71829930700055A
:10857000E310F7FC85471CA98327050A93E707103A
:108580002320F50A1C3993E707F81CB955B71829B9
:1085900093075005E31EF7F88327050A93E70720A2
:1085A000B9B7182993075006E314F7F88327050A8B
:1085B0009397B7282DBF182993075007E31AF7F6AA
:1085C0008327050A9397F7281DB7182993075008A2
:1085D000E310F7F685471CA98347A50293E7170028
:1085E0002305F50245B7AA8728350547631DE50031
:1085F000F82B631BA700982B6318A70013076003D1
:1086000098AB0145828005458280AA876829054785
:10861000631EE504982B930670036314D70203C707
:10862000A702238607049376070499C61377F7FBFE
:10863000136707012385E7021307800398AB014501
:108640008280930650036314D7021307800398AB0C
:1086500003C7A7022386070493760704EDD2137796
:10866000F7FB136707012385E702D1BF0545828029
:10867000782999476315F70883274511B833A3076D
:10868000E504D833D4232207558F2318E504F823B3
:10869000FC331429A207D98F2319F5041307A0036B
:1086A0008347E5026392E604858B99CB8327050A0D
:1086B000A30505022307050293E707042320F50A13
:1086C0008347A50293E717002305F50285471CA9F8
:1086D0001C3993E707F81CB98347E50293F7F7FBCA
:1086E0002307F5020145828093974760E3D207FE96
:1086F0008327450A93E707042322F50AD1BF0545DE
:108700008280AA87682905476310E50403A78710BC
:10871000418B05CF982B6317A7001307B00498ABC4
:10872000014582809306A0046319D70003C7A702FE
:1087300088AB136717002385E70203A7870A13672F
:10874000070423A4E70AE9BF05458280AA876829B0
:1087500005476310E502942B1307A004639CE60011
:1087600003C7A70288AB0145136717002385E702FB
:1087700082800545828078298D476315F71A1C3958
:10878000832645118D8B89EB0C292147938705FCA6
:1087900093F7F70F6361F702D9472306F5029307B2
:1087A000A002A305F5028327850A93E72700232467
:1087B000F50A014582803C35639A071493075005FA
:1087C0006398F500D9472306F50293073002D1BF1D
:1087D00097E7FE1F9387879AD02203C7A70383C713
:1087E000B703718F2305E514B432F58F8346651402
:1087F000A305F514B318D028631417012305051435
:10880000034675143318C02863940701A3050514A3
:108810008347A5140347B514E9CF45CB93F627004A
:108820009DCA1376270039C6930720202315F51417
:108830008347A5146394F800230505148347B514F2
:108840006314F800A30505148547639CF50A930794
:1088500060051CA9B9BF13F647001DE6858BB9E773
:1088600085472305F51493772700B9CB8947A305DE
:10887000F5147DBF13F6470015C21376470001EECD
:10888000858B8DEB8947F1BF1376470009E6858B11
:1088900095E39147F9B79307404049BF858BFDD3D6
:1088A00093771700E5D39307101049B79376170015
:1088B000FDFA45BF93771700FDF79147E1F655B7ED
:1088C000118B85474DD791475DB733D6C740058A91
:1088D00001C623050515A9BF13F7270009C7894756
:1088E0002305F514B1B7918B99C39147D5BF85473F
:1088F000C5BF1DDFB356D740858AB5D6A30515156C
:1089000005BF8327850A93E7071055B5854763960A
:10891000F500DC22A305F5141DBF8327850A93E724
:10892000072071B50545828074290D47AA87639C8D
:10893000E61414291307500505456397E614A83774
:108940006313051483C6471403C7571403A64711BE
:1089500033F8E6004C22631E08006396B600034815
:1089600036006308E800239507141307700598ABD9
:108970008280ED8E2385D7143032718F03C6671441
:10898000A385E714B318C028639416012385071440
:1089900083C577143318B02863140701A38507141F
:1089A00003C7A71483C6B71479C7D5C213762700A7
:1089B0000DC693F52600A9C1130720202395E714BF
:1089C00003C7A7146394E8002385071403C7B714EB
:1089D000E31DE8F8A385071449BF937547009DE59B
:1089E000058B39E705472385E71413F7260039CBB4
:1089F0000947A385E714E9B79375470095C193F537
:108A0000460081ED058B0DEB0947F1BF93F546005C
:108A100089E5058B15E31147F9B71307404079BF86
:108A2000058B7DD313F7160065D31307101079B7A4
:108A300013F616007DFA45BF13F716007DF71147B0
:108A400061F655B7918A0547CDD611475DB7B35545
:108A5000B740858981C5238507159DB79376270083
:108A600089C609472385E714A1BF118B19C3114794
:108A7000D5BF0547C5BFA9D633D6C640058A35D66A
:108A8000A385171535BF05458280AA872835054778
:108A90006317E506F42B15476394E606982B9306B7
:108AA00050056306D70093068005631BD70403C7F0
:108AB000A70283A54711136717002385E702D0217A
:108AC0001147636BC702B4316368D7021307F6FF1F
:108AD0001388F6FF718F3378D8003367070109EFE9
:108AE000F821C8312385C7142207498F2396E7143C
:108AF000A385D7141305A00588AB014582800545E1
:108B00008280AA87283509EDF42B0D47639AE60089
:108B1000942B05476396E6001307100698AB8280F6
:108B200005458280782989476317F7028327451115
:108B30001829BC332308F50285476317F70093070C
:108B400060071CA9014582808327850A9397B7286F
:108B50002324F50AC5BF0545828078298947631A11
:108B6000F7021829930750076313F702832745116B
:108B7000BC332308F5028327050A9397F72823209F
:108B8000F50A85471CA91C3993E707F81CB901456C
:108B900082800545828074291547AA870545639020
:108BA000E60C942B130750080545639AE60A03A7C1
:108BB00047113433A38AD71683064700A38FD716ED
:108BC00003065700238DC7167823238FE71603C7A4
:108BD000271793754700A5C98946A389D71683A689
:108BE000070A6D9B2389E7169396062923A0D70AC7
:108BF00003C747189376170099CE9306F0076306CC
:108C0000D600136727002382E71803A7070A131764
:108C1000172923A0E70A17D7FE1F03475756A38734
:108C2000E70203C747030145A38DE716054798AB45
:108C300003C7A702136717002385E702983B136752
:108C400007F898BB8280098B45D7DDD203A7070AB6
:108C5000A389A7161317072923A0E70A51BF82800B
:108C6000782995476311F70A03274511BD463C3320
:108C700063E0F60697D6FE1F83C61654FD8EA9CA7A
:108C8000742313F61700230DD51683065700A30F80
:108C9000D51639C2814711A085478507230AF516E5
:108CA0005C23A30AF5168347251713F747001DCF4A
:108CB0000947A309E5160327050AED9B2309F516C5
:108CC000131707292320E50A83474503A30DF5164B
:108CD000014582808947D1B713D6174855FE13D670
:108CE00027486DFA8D87CDDF8D4745BF898BE9DF3A
:108CF000E1DE8547A309F5168327050A939707291F
:108D00002320F50AD1B70545828074291147AA8727
:108D10000545639EE608B037054705456319E60833
:108D200083A64711A8326364A602D822130810094B
:108D30009305B7FF93F5F50F636BB800CC329386BC
:108D4000B5FF93F6F60F6364D80063F1E502794747
:108D5000A385E702130780022386E70203A7870A99
:108D60001367270023A4E70A0145828083A6C71062
:108D700093F60608F5DA83C6E7186316C50293E68C
:108D800016002387D7189306000AA387E71833072E
:108D9000D702B63F3347D70283D6070485063697F6
:108DA0002398E718D1B7D99A2387D71875BF82803F
:108DB00078299307B0026319F71C8357051E4111E8
:108DC00026C206C622C44AC09306A002AA8463F340
:108DD000F61A17D9FE1F0329E9410545630D091845
:108DE0008327C901B98B6398071803A44411194656
:108DF0005C2C1387F7FF9375F70F636DB6167D8FA5
:108E0000631A071603C7E4146306071690281307AE
:108E100000046313E60203A7040AA385D4021367C0
:108E2000470023A0E40A1307200798A803C7A40259
:108E3000136717002385E40293D717488507230E8D
:108E4000F90C3C3C19469305D40113F7F700230AAB
:108E5000E90C93D747481305690DA30AF90C9780CD
:108E6000FE1FE78020C05C349583A30FF90C783097
:108E70001C243438A30EE90C7834230FF90C7C241D
:108E80002207A2065D8F1C28C207D98F18386207F7
:108E90005D8F93070908D8CB3828D98E5828420708
:108EA000558F98CF382414342207558F3434C20696
:108EB000D98E58246207558F543498DBFD8AD4DB51
:108EC00003476402834654022207558F8346740287
:108ED000C206D98E034784026207558FB8C3834701
:108EE00094022300F90E8347A402A300F90E8347DE
:108EF000B4022301F90E8347C402A301F90E5C20DA
:108F00003830A207D98F2399F4147C205830FD8B78
:108F1000A207D98F7820239AF4149376070281CA86
:108F20001377070439EF9397E728239AF4147C28E2
:108F30005838A207D98F239BF4141C2C7838A20729
:108F4000D98F239CF4143C2C183CA207D98F239D65
:108F5000F4148347440203473402A207D98F239EA7
:108F6000F41483A7040A9397E72823A0F40A93072D
:108F700010079CA80145B240224492440249410195
:108F800082807177D98F55B7054582807829AD47A2
:108F90006318F702411106C68347E518832545117A
:108FA000294693E707012307F5188D051305751961
:108FB0009780FE1FE78000ABB240014541018280EF
:108FC00005458280782993073002631EF7180357FE
:108FD000051E411126C206C622C44AC093072002BC
:108FE000AA8463F8E71617D9FE1F0329A9200545AF
:108FF000630209168327C901B98B639D071403A473
:10900000441199465C2C1387F7FF1376F70F63E240
:10901000C6147D8F631F071203C7E414630B071286
:109020009428130700046395E6021307A002A385A2
:10903000E40203A7040A1367470023A0E40A130706
:10904000200798A803C7A402136717002385E4022A
:1090500093D717488507230EF90C3C3C1946930516
:10906000D40113F7F700230AE90C93D747481305F7
:10907000690DA30AF90C9780FE1FE780A09E5C345F
:109080009583A30FF90C1C247830230FF90C7C3442
:10909000A30EE90C7824A207D98F182842075D8F08
:1090A0001C38E207D98F3838232AF9083C282207D0
:1090B0005D8F5C28C207D98F232CF9083C24183413
:1090C000A207D98F383442075D8F5C24E207D98F1D
:1090D00058342328F90A7D8B232AE90A5C2038308A
:1090E000A207D98F2399F4147C205830FD8BA20756
:1090F000D98F7820239AF4149376070281CA1377C4
:10910000070439EF9397E728239AF4147C285838FA
:10911000A207D98F239BF4141C2C7838A207D98F6F
:10912000239CF4143C2C183CA207D98F239DF414E3
:109130008347440203473402A207D98F239EF414C5
:1091400083A7040A9397E72823A0F40A930710073C
:109150009CA80145B24022449244024941018280C8
:109160007177D98F55B7054582807829E147631912
:10917000F70C03278510411122C406C626C2098BAD
:109180002A84854719CF2435639CF404EFE0BFFFA0
:109190001C28A305A402639C9700930710041CA835
:1091A0008147B240224492443E85410182801307A8
:1091B0000004639CE700930710041CA88347A402E3
:1091C00093E717002305F402E1BF8327040A93E71E
:1091D00027002320F40A1C3893E707F81CB8C9B706
:1091E00018390D8B19CF9307A002A305F402BD47D0
:1091F0002306F4028327840A93E727002324F40A32
:1092000045B718296317F700EFE0FFF7A305A4029D
:1092100069B793060002631ED700EFE0DFF6A305EF
:10922000A4023DFD8327440A9397F7292322F40AD9
:1092300085BF93060004E316D7F69307300275B78F
:1092400085473E858280411106C622C426C24AC097
:109250000349B500631B09067829A5472A846316CC
:10926000F7068327850FA18BADC393040510CC4867
:10927000214626858D059770FE1FE780A07E9C40C5
:10928000373778081307070D13060408D98F385E9F
:10929000D4407D8F7C5E93E6060198C4F58FDCC4D4
:1092A00018288547631CF700930710031CA8B240D9
:1092B000224492444A850249410182808327840ADC
:1092C00093E707012324F40ADDB70549CDB741111F
:1092D0004AC006C622C426C27829A547054963119B
:1092E000F7061829930700032A840549631AF7042F
:1092F00093040510CC48214626858D059770FE1FE6
:10930000E78040769840B73778089387070D5D8FE0
:1093100093070408B45FD040F98EF85F1366060126
:1093200094C4718FD8C4A30504029853136707022D
:1093300098D31C3823082401014993E707F81CB887
:10934000B240224492444A8502494101828041113F
:1093500022C406C626C22A84283585476318F50626
:109360007828A5476318F7041C28639AA704930478
:109370000410CC48214626858D059770FE1FE78096
:10938000606E9C40373778081307070D13060408F2
:10939000D98F385ED4407D8F7C5E93E6060198C4F9
:1093A000F58FDCC4930710031CA81C38014593E714
:1093B00007F81CB8B24022449244410182808327BE
:1093C000840A93E707012324F40AC5B70545DDB7EE
:1093D000411122C406C626C22A8428358547631156
:1093E000F5047828A1476318F70283244411130574
:1093F00084121546938534009770FE1FE7808066BF
:109400009C3498240145A207D98F2317F4121C38E5
:1094100093E727F81CB8B24022449244410182806D
:109420000545D5BF011122CC06CE26CA4AC82A84DA
:1094300028358547631CF5107828DD476312F7103F
:109440008324441121461305B41A93853400977080
:10945000FE1FE7802061B834DC24A309E41A230A44
:10946000F41AEFC05EBF2AC4EFC0FEBE2AC6214672
:109470002C001305441C9770FE1FE780A05EFC348F
:10948000F8241305C41CA2074207BA97982811466E
:109490002C00BA97D8346207BA972324F40CBC384E
:1094A000B828A2074207BA97D828BA97983862070F
:1094B000BA972322F40C0347541C8347641C4207C9
:1094C000A207BA970347741CBA970347441C620764
:1094D000BA972320F40C0347941C8347A41C42072B
:1094E000A207BA970347B41CBA970347841C6207C4
:1094F000BA97232EF40AA247374703001307D73F32
:10950000B387E70237A72600130737ECBA973EC4A4
:109510009770FE1FE7800055FC28D8380145A20748
:10952000D98FF83842075D8F9C2CE207D98F232E04
:10953000F40C8327C41C2320F40E930710021CA8EC
:10954000F2406244D2444249056182800545CDBF64
:1095500078299147631DF712411126C283244511D2
:1095600022C406C6BC302A8481CB1387F7FF7D8FC7
:1095700001E73D476376F70293070002A305F40273
:10958000930730022306F4028327840A93E7270017
:109590002324F40AB24022449244014541018280CE
:1095A000D4301307E0076387E60013F7170021C3E1
:1095B000814721A0F947D9B785478507230AF416C3
:1095C00083874400C9C303053414A30BF41633077F
:1095D000F5001375F50F6356F0028307941763D6F1
:1095E000E702898FA30BF4160DA08947F9B713D7AB
:1095F000174879F313D727486DFB8D87F1D38D4733
:109600006DBF83078417E34EF7FC834774173E95BD
:1096100013154560EF2090122301A414EF20B00B26
:1096200003473414A301A4143307E540A30BE41645
:10963000EF20D01083474417034734142301A414A8
:10964000A297A38FE716830744038306C417014735
:1096500063D5F600958F13F7F70F230BE416DC3074
:109660000547230DF4161C286396E700930760F85E
:109670001CA80DB7130750086396E700FD57230B8E
:10968000F416EDB78327840A9397D72811B70545B9
:1096900082807829A547631AF704411122C406C6BF
:1096A0001429130700052A8485476394E602EFE036
:1096B0009FBF0DE58327040AA305040293E7071063
:1096C0002320F40A1C3893E707F81CB885471CA828
:1096D0008147B24022443E85410182808347A402F3
:1096E00093E717002305F402F1BF85473E8582808A
:1096F0007829A5476309F700054582800545B240F2
:1097000022444101828083278510411122C406C66C
:1097100093F707022A84FDD3EFE0FFB88547E30FF4
:10972000F5FC18286317F700930710051CA80145DE
:10973000F9B78327840A93E707082324F40AC5BFEF
:1097400005458280411106C622C426C22435F9E0AF
:109750007829E1472A84631FF70A18299307000430
:10976000631AF70A8325451105659306A5C7D82115
:10977000BC3122075D8F9307A7FFB3C7070863E2D9
:10978000F608FC21D431130505C8A207D58F636AFA
:10979000F50663E8E7069025F4312206558E930618
:1097A000301F63E0C606B42503C89500A206B3E6E1
:1097B00006016368D5041305160033450508330513
:1097C000E50213983600634EA802A83519C163EA72
:1097D000A702231DC4042312A406231AE406231B94
:1097E000F406231ED404DC35D8253146A207D98FD0
:1097F0002313F406B905130584069770FE1FE7804E
:109800006026930770041CA8B24022442685924427
:10981000410182808544CDBF054582800545828017
:109820000545828005458280054582800545828008
:109830005C25A30A0500F19B93E717005CA50325AF
:10984000051113351500828001458280411106C63D
:10985000EFD08FE2B240133515000605410182803A
:109860006FF0DFFE411106C6EFD00FE105C10357CF
:10987000C5058356A50503566507835545070A2583
:10988000EF5060520145B240410182800945E5BF79
:1098900001111375F50F06CEEFB0EFEC29C997D77C
:1098A000FE1F83A7279B93F707209DC302C402C214
:1098B00002C08148014881470147814605468145EC
:1098C0001305C003EF50A04E0145F24005618280B0
:1098D0008346D5031307E50302C081480148814749
:1098E000054681451305C003EF50404AF1BF0945C5
:1098F000E9BF97D7FE1F9387678803A7C708094565
:1099000029CB83A7870D011106CE93F707208DC3BE
:1099100002C402C202C08148014881470147814612
:1099200001468145EF50A048F24001450561828023
:10993000835807020358A701835707058346570733
:10994000014602C01307670781450945EF500044EF
:10995000E1BF8280011106CE22CCEFD0EFD125CD20
:10996000303505472A8497D7FE1F938727816312D6
:10997000E604F853094515CB034604038346570410
:109980008358E4030358C4033E3C0E240345B40249
:109990001307670432C00546EF50403F7C34A305EF
:1099A0000402014593E717007CB4F240624405616C
:1099B000828003A7C70809456DDB83465707835894
:1099C000E4030358C4033E3C0E240345B4021307CA
:1099D000670702C0D1B70945C9BF397106DE22DC6D
:1099E00026DAEFD06FC971C938352A8497C7FE1FB0
:1099F0009387C7782DEBE4530945ADC019468145DF
:109A000008109770FE1FE780600C194681452810EA
:109A10009770FE1FE780800BC167FD178358A40372
:109A200083C6540430340E240345B4023EC89C243B
:109A300013088102138764043EC6834704033EC4AF
:109A40007E3C3EC25E3C3EC01C10EF50C0387C34B1
:109A5000A3050402014593E717007CB4F250625459
:109A6000D25421618280A45F0945EDD81946814511
:109A700008109770FE1FE780600519468145281081
:109A80009770FE1FE780800483D7240D8358A403BA
:109A900083C6540530340E240345B4023EC89307F0
:109AA000F00F3EC602C47E3C130881021387640592
:109AB0003EC25E3C3EC01C1049BF094545B73971E6
:109AC00006DE22DC26DA4AD8EFD00FBB630F05147E
:109AD000343505472A8497C7FE1F9387276A639A00
:109AE000E60AE4530945C1C083C744041946898B7B
:109AF000C9C38C58BC25B5CFB10528089770FE1F87
:109B0000E78040F683C75404138964041946898B9F
:109B1000A5CBCA8508109770FE1FE780A0F48C586B
:109B20001946910528109770FE1FE780A0F3834720
:109B300004038358A40383C6540430340E2403451D
:109B4000B4023EC47E3C1308010238103EC25E3CA3
:109B50003EC03C08EF50A0257C34A305040201451B
:109B600093E717007CB4F2506254D25442592161F9
:109B70008280814528089770FE1FE78020F559B73D
:109B8000814508109770FE1FE78040F41946CA858A
:109B900051BF83A4C7080945F9D483C744061946B1
:109BA000898BB9CF9385640628089770FE1FE780DC
:109BB00060EB83C74407138964071946898BA1CBDF
:109BC000CA8508109770FE1FE780C0E983A5440886
:109BD0001946281091059770FE1FE780A0E883A71B
:109BE0004408BC3393E72700A38AF4068358A403F0
:109BF00083C6540730340E240345B40202C499B717
:109C0000814528089770FE1FE78040EC5DB708107B
:109C100081459770FE1FE78060EB1946CA852810C2
:109C20009770FE1FE78000E4D1B709452DBF797119
:109C300022D426D206D6AA84EFD00FA417C4FE1FC2
:109C40000324445B39C5AA8709451DCC83D7271552
:109C500019469305640D7C8685477C878357440DA0
:109C600013052101A3040100FC8064859770FE1F89
:109C7000E78040DF8327C40D28003ECC8327040EF5
:109C80003ECEEF50A0190145B25022549254456186
:109C900082800945D5BF011122CC06CE2A84EFD09F
:109CA000AF9D3DC18347B502034745176083DC8202
:109CB00083473517D8845C8495EF8347751703076E
:109CC00095175C86830735145C85631CF70089470C
:109CD000DC854800EF5060140145F24062440561A4
:109CE0008280030785176314F7008547D5B7A3055E
:109CF0000100C5B78347A5175C8583475517DC85E9
:109D00008347F5175C86F1B70945C1BF011122CC25
:109D100006CE2A84EFD04F9629C58307A517C084A5
:109D2000218040851307F0076389E7020347450355
:109D3000998FDC858347451813F707010DE393F7E7
:109D4000070293B71700850728005C86EF50C00C08
:109D50000145F240624405618280FD57DC85814700
:109D6000E5B70945FDB7797122D426D206D6AA8473
:109D7000EFD08F9017C4FE1F0324C44721C5AA87C4
:109D8000094505CC83D7271519469305640DFC803A
:109D90008547FC818357440D13056101A30601002B
:109DA000FC8264879770FE1FE780C0CB8327C40DB9
:109DB00068003ECEEF5000060145B2502254925446
:109DC000456182800945D5BF411106C6EFD0CF8AD3
:109DD00011C9834505140A25EF5080030145B2409F
:109DE000410182800945E5BF9375F50F01112E856C
:109DF00006CE22CC2EC6EFB00F9705C183460507CD
:109E00002A84B245082D0546EF5000000145230C79
:109E10000400F2406244056182800945DDBF4111C2
:109E200006C6EF40307EB2400145410182804111BB
:109E300022C406C617C4FE1F0324C43B094509CC2F
:109E40000355240DEF40D07B0325C40C9307F00F7E
:109E50002319F40C11E50145B240224441018280EE
:109E60009780FE1FE780A062A304040CEDB797C79C
:109E7000FE1F83A7273899CB41111385070D06C60E
:109E8000EF40D077B2400145410182800945828090
:109E9000411106C622C4EFC03FFE05C983467514B2
:109EA000034665140E252A840345B502850605067A
:109EB00093F6F60F1376F60FEF4010740145A305E5
:109EC0000402B2402244410182800945DDBF4111B4
:109ED00006C6EFC07FFA05C10357251E8356051E2F
:109EE0000356651E8355451E0A25EF40106C01453B
:109EF000B240410182800945E5BF411106C622C436
:109F0000EFC09FF715C52A840357C5058356A505DD
:109F100003566507835545070A25EF4090681C38AE
:109F2000014593E747001CB8B240224441018280BA
:109F30000945DDBF411106C6EFC01FF405C18347C7
:109F4000451B0346351B9305B51A0A25A2075D8EEE
:109F5000EF40F0640145B240410182800945E5BF10
:109F6000411106C622C4EFC03FF105C10E252A8467
:109F7000130605100345B502EF4030620145A30505
:109F80000402B2402244410182800945DDBF4111F3
:109F900006C622C4EFC05FEE05C50357C50583564C
:109FA000A505035685050E252A840345B502EF4015
:109FB000905E0145A3050402B24022444101828023
:109FC0000945DDBF014582800145828001458280CF
:109FD0000145828001458280014582800145828061
:109FE0000145828001458280014582800145828051
:109FF0000145828001458280014582800145828041
:10A000000145828001458280014582800145828030
:10A0100001458280411106C622C41821930600081A
:10A02000AA876313D70218319306C002054563E37C
:10A03000E60497B600009386E65B3347D720AA2351
:10A040001843029701453DA0930610080545631388
:10A05000D7029833E9466309D71063E5E604B146B1
:10A060006303D70E63ECE60095466304D706A1466A
:10A07000630AD70AB240224441018280CD46E31BE5
:10A08000D7FEAA23EFC05FDF2A8429C903564504FF
:10A0900019C60E250545EF40504E23120404A308AF
:10A0A00004024DB7930670056309D70C9306F00FB1
:10A0B000E30AD7F893060003E31ED7FAAA23EFC0FA
:10A0C000BFDB2A8401CD0E250345B502EF40704B5E
:10A0D00085A8AA23EFC05FDA2A8419E1094559BF90
:10A0E000032785110DC7835745048507B3C70708A4
:10A0F00018433E868507B3C707087DFB2312C404B7
:10A1000019C60E240545EF405047231204040345A9
:10A11000B402034644050E24EF40F0442285EFC00C
:10A12000DFC50DB7AA23EFC03FD52A8445D9034622
:10A13000C5040E250345B5023336C000EF40F0429A
:10A14000A305040201B7AA23EFC01FD32A8459D55F
:10A1500003572505835605050346F5040E250345DB
:10A16000B502EF40D040E9BFAA23EFC0FFD03DD5F4
:10A170000345B502EF40B040F1B5AA23EF40B0402F
:10A18000D1B5011122CC37E400E026CA04404AC808
:10A190004EC652C406CEB70720002A892E8AB2893D
:10A1A000FD8C2320F4180F10000011459760FE1F4E
:10A1B000E780207C1DC523004501A3003501231144
:10A1C0002501232094106244F240D2444249B2490E
:10A1D000224AAA8517C5FE1F034535C105616FB028
:10A1E0009EDD23209410F2406244D2444249B24999
:10A1F000224A11450561828041114AC037E900E0D9
:10A2000026C28324090006C622C4B7072000FD8C9D
:10A210002320F9180F100000EFC01FC611E92320FA
:10A2200099100945B240224492440249410182807A
:10A2300083270512230D05002A84A9CF78340A2527
:10A24000058B11EF0A24014693050008EFF07FF318
:10A2500029C5B7E700E023A097100145E1B7D44333
:10A26000D0278C278906EF40303215E1832704126E
:10A27000BA27A3840700136707F0BAA79C432320DB
:10A28000F4128357240481C7FD172311F404832794
:10A290000412CDFB231104046DBF85473CAC55BFB0
:10A2A000411122C406C62A8497C7FE1F83A747F917
:10A2B00089E7B24022444101828063848700DC5FE9
:10A2C000C5BF3C2499C79305C4001305A401EF70D2
:10A2D000501E3C28F9DF930544011305A4022244D3
:10A2E000B24041016F70F01CAA862E86AA85170520
:10A2F00000001305C5006FC08E82411126C297C4AD
:10A30000FE1F9384A4E783A7440C22C406C62A84B4
:10A3100091E7B240224492444101828063848700E5
:10A32000DC5FFDB73C2499C79305C4001305A40165
:10A33000EF7030183C2899C7930544011305A40217
:10A34000EF70301722852244CC58B240924441012C
:10A350006FF09FF901114AC817C9FE1F130909E2DE
:10A3600022CC0324490C26CA4EC652C456C206CE7D
:10A37000AA84014A93094500854A65E09305202592
:10A38000130500049780FE1FE78000042A841D4502
:10A3900045CCBC30194693854400130544003CB0BD
:10A3A0009760FE1FE780006C938AA40141468145B7
:10A3B00056859770FE1FE780A08479E19309A40178
:10A3C000D68541464E859770FE1FE7800080854701
:10A3D0003CA43C309305C4004E8593E727003CB471
:10A3E000EF70300D9384A402414681452685977015
:10A3F000FE1FE780E08041E99307A402A6853E8521
:10A400004146BE849760FE1FE780207C85473CA8BC
:10A410003C3093054401268593E727003CB8EF7054
:10A420005009A3000400832549032285EFF0DFEBE8
:10A43000631E0A042322890C232E04028347090C7D
:10A44000014585072300F90CF2406244D244424999
:10A45000B249224A924A056182803830BC30630595
:10A46000F700228A405C11BF4146CE8513054400A7
:10A470009760FE1FE780A070E31555FF4945E9B7D7
:10A480002305040085B72309040061BF232E8A0237
:10A4900065B7411122C426C206C64AC017C4FE1FB2
:10A4A000032404DAFD5419ECB240224497C7FE1F7E
:10A4B00023A807D897C7FE1F238207D892440249D2
:10A4C000410182800820EFC08E820329C40304A0CA
:10A4D00022859780FE1FE78080FB4A84E9B797C7F3
:10A4E000FE1F9387A7C92380070C23A2070C6F7058
:10A4F0001006011122CC17C4FE1F130424EB584C84
:10A5000026CA06CE4AC84EC6954797C4FE1F83A4E6
:10A5100064CE6306F700584C8D47631FF7008347EE
:10A52000140281E7930760101EB0F2406244D244E7
:10A530004249B249056182805C4C1389C1AC8327D2
:10A54000090037070200194523A2070698C797C7D5
:10A55000FE1F23A507E69389C1AB9790FE1FE780F6
:10A56000C07A03A70900B7C7898E938767ED1CC718
:10A57000B7575500938757555CC383C72402130709
:10A58000F00F6387E700A380F402FD572381F402F4
:10A590000327090001469305F00F5C43014593E74B
:10A5A00017005CC3930710FABCA499475CCC97C70B
:10A5B000FE1F23AD07DE1384C1AD9780FE1FE78029
:10A5C00000D418405C57F59B5CD783A609009834EB
:10A5D0009C421377F70793F707F8D98F9CC297C768
:10A5E000FE1F83C7E78899C703A5C1AA9770FE1FFE
:10A5F000E780608F03A70900B70633001C4393F779
:10A60000F7CF1CC31C4393F7F7CF93E707201CC376
:10A6100018401C47D58F1CC703270900B707030044
:10A62000938787153CCB97C7FE1F23AB07D897C7E7
:10A63000FE1F23AF07D685471CC3C5BD4111B7E731
:10A6400000E026C284433707200006C622C44AC061
:10A65000F98C23A0E7180F10000097C7FE1F9387FF
:10A66000E7D403C7170211CB83C6070209476396D5
:10A67000E60017C7FE1FA30B07D4D44F21476386FC
:10A68000E600D44F1D476398E600D84F2380E702C9
:10A690000547A380E7029790FE1FE780605F17C41D
:10A6A000FE1F032424B5684023150400230404007E
:10A6B0009780FE1FE780A0DD17B9FE1F1309C9723E
:10A6C0000345390091452310040423220404232464
:10A6D0000404EFB0BED803453900A145EFB01ED841
:10A6E000034514039307F00F6307F500EFB03EE056
:10A6F000FD57A308F402034504039307F00F630713
:10A70000F500EFB0DEDEFD572308F40297B7FE1F19
:10A7100083C7077691C701459760FE1FE780A07C3D
:10A72000B2402244B7E700E023A0971002499244C8
:10A7300041018280411126C206C622C44AC0EFC030
:10A740001F85AA8439C9EFC02FF32A846305051039
:10A75000930710113EA5930700FB7CA585471CA914
:10A7600017B9FE1F1309C96A83570901130740105F
:10A7700093053025A50713050004B3C70708B3D711
:10A78000E70A33F5A70A9780FE1FE780E0C3232876
:10A79000A41019E90A24EFC03F8DB24022440249B7
:10A7A000268592444101828097C7FE1F83A7C7C3B5
:10A7B000232AF41097C7FE1F9387479C03A6070D13
:10A7C00083A6470DBA3F83C7A704232CC40E232EAC
:10A7D000D40EA304F416FD572310F4047EB01EB467
:10A7E0008347E4022324C4102326D41093E707FCF4
:10A7F0002307F4028567938787BB2315F40423128C
:10A80000E414228523130414EFA07FF103454901CA
:10A810002301A414EF10206CD147A303F41893076D
:10A820008002A302F4189307C04E231CF41693076A
:10A83000F007230DF416F5779387A7EB231EF41684
:10A84000A301A4142300A418A300A41897C7FE1FF3
:10A85000239A079299B7854489B7411122C426C229
:10A860004AC006C697C4FE1F938444912A84A83028
:10A870008345040317B9FE1F13098959A307A402CE
:10A88000EFC0CE8297B5FE1F9385855DD2253E3CF5
:10A8900093060032232AA4083387C7028C45335815
:10A8A000D7023377D702232604091308204E330733
:10A8B0000703B38707033347C702B3D7A7021AB00A
:10A8C00003478901BA971A3C93878716B3C70708CD
:10A8D00005073307C7022312F40813070719335774
:10A8E000D70283268408BA9663E5E600368663E4D9
:10A8F000B6003386B640034774039306204E2313F5
:10A90000F4083307D7022328C40822852311E4085A
:10A91000EFA03FC02285EFA03FDB6E3C2285920571
:10A92000F915B3C50508EFA01FBB2285EFC07F81D5
:10A9300083A741AA23A0840A898B91CF8327090387
:10A9400099CB83258409354582978327090383257D
:10A95000C4093945829722852244B2409244024973
:10A9600097C7FE1F2393078297C7FE1F23A0078266
:10A9700041016FB06FBF83574508035705088946EB
:10A980003357D70AB397E7002313F5086FC08E81BA
:10A99000011122CC26CA4AC806CE4EC6834765039B
:10A9A00038392A848507230BF5021389C1AC5C254D
:10A9B0009384C1AB631A07501439BD9B93E73700EA
:10A9C000130700045CA5A30D050038B993974660F2
:10A9D00063D8070093F6F60714B9EFE07FE539A8CE
:10A9E0008327850A13F7270025C3F59B2324F50A3F
:10A9F00083270510918BB1C7EFC0DFD7343C854763
:10AA000058246399F60483278411DC4398A3832791
:10AA100084115838DC4398B3032784118327090035
:10AA20005843B8DF9C4098431317772998C3D857E9
:10AA3000719BD8D7F2406244D2444249B249056181
:10AA40008280EFC03FD15DBF13F717000DC3F99BA4
:10AA50002324F50A83270411582498A3832704117B
:10AA6000583898B383270900032704115DBF1829BC
:10AA700085496310371DE1C313F7070119C7BD9B53
:10AA80002324F50AEFD04F9795BF13F7070201CBA8
:10AA900093F7F7FD2324F50AEFD08FA985B713F7B5
:10AAA000070401CB93F7F7FB2324F50AEFC03FD14E
:10AAB000B1B713F7070809CB93F7F7F72324F50A83
:10AAC0002285EFC03FDC1DBF13F7072009CB93F7AA
:10AAD000F7DF2324F50A2285EFC09FEB05B713F7B4
:10AAE000074001CB93F7F7BF2324F50AEFD04FF7C8
:10AAF00031B71317B0287D8F01CB9397B748232424
:10AB0000F50AEFC03FF7DDBD05677D8F01CB939759
:10AB1000C7482324F50AEFC05FF8CDB509677D8FDC
:10AB200001CB9397D7482324F50AEFD06F82F9B56C
:10AB30002324050A05B78327450A6384073013F7E2
:10AB4000070401CB93F7F7FB2322F50AEFC05FBAA6
:10AB500075B513F7071001CB93F7F7EF2322F50A2A
:10AB6000EFD02F8E61BD13F7072019CBCD8A6391EB
:10AB7000060E93F7F7DF2322F50AEFD02F91BDBD24
:10AB800013F7074001CB93F7F7BF2322F50AEFC075
:10AB90009FC0ADB51317B0287D8F01CB9397B748F1
:10ABA0002322F50AEFC01FC391BD05677D8F11CB2E
:10ABB000CD8AD9EE9397C7482322F50AEFC03FD537
:10ABC00035BD11677D8F01CB9397E7482322F50AA6
:10ABD000EFC0BFE425B541677D8F01CB939707494F
:10ABE0002322F50AEFD04F9E11BD370702007D8F5B
:10ABF00001CB939717492322F50AEFC0BFE5FDBBB0
:10AC0000370710007D8F01CB939747492322F50A20
:10AC1000EFC0FFEEE5B3370780007D8F01CB939740
:10AC200077492322F50AEFD04FD3C9BB2322050A67
:10AC300015B519CF1306A0056367E6041306F003E4
:10AC4000636AE60015171377F70FF54763F4E70219
:10AC5000228561B3130707FC1377F70F6946E36991
:10AC6000E6FE17B60000130626A43347C720184394
:10AC70003297028797B600009386C6A93347D7203C
:10AC80001C43B69782879307200763ECE70293077C
:10AC9000000763E8E722930760066301F7221307C2
:10ACA00067F91377F70F8549E3E4E9FAEFE05FB856
:10ACB0008327040A9397B7282320F40A2308340132
:10ACC00035BB93076007E30EF7E293076008E311D3
:10ACD000F7F8EFC0FFE73DA01317B0287D8F2DDBFD
:10ACE0009397B7482324F50AEFC0DFD893070004F1
:10ACF0001CA829B38347B5029DC305476396E700A7
:10AD0000EFD00F838547EDB783270510918BC5C71B
:10AD1000BD472306F4022285EFC0DFA5E5B7EFE0CB
:10AD20003FB18327040A93E727002320F40AD9BF01
:10AD3000EFE01FB085471CA88327040A23110406EF
:10AD400093E747002320F40A55B9EFC09F90D947F5
:10AD5000230AF40465B1EFE0BFAD8327040A93E74B
:10AD600017002320F40A2308040049B99760FE1F46
:10AD7000E780A05AE30405C88547A306F4042285AA
:10AD8000EFC05F958347C404F99B2306F404BDB16B
:10AD9000EFE01FAAC9BF83278510858B81C7EFC04D
:10ADA0009FE0A9B9E947A305F50283270510918B18
:10ADB00099C38D47B9BF2285EFC0DF99A1B7EFC016
:10ADC000FF8B8347D40491CB41469305C40A1305F6
:10ADD000C40C9760FE1FE780E0C88347C4042326A5
:10ADE000040E2328040E93E717002306F40439B158
:10ADF00083270510918B91CB8D472306F502EFC079
:10AE00007F971C38DD9B1CB8F5BDEFC0BF94D5BF44
:10AE10008347C5042322050E2324050E93E727004C
:10AE20002306F504EFC05F871C38A3050402DD9BF1
:10AE30001CB88327040A93E70701C5BDEFC03F98FC
:10AE4000D1B59760FE1FE780404DE30905BA09B50B
:10AE50000347A51411CB83476514B317F028638506
:10AE6000E70093E6060114B90347B41419CB8347EE
:10AE70007414B317F0286386E7001C3893E70701C2
:10AE80001CB87C2C91CF1C38C18B99EB8327040A0A
:10AE900093E707202320F40A2285EFE07F999DB5F0
:10AEA0008307B417F5DB83274410898BF5D78327F5
:10AEB000440A939747292322F40AF9BFEFD04FBAE7
:10AEC00091B5EFE0FF96DDBB17B7FE1F1307072B09
:10AED0001E2B85071EAB1DB68347E518858B638C3B
:10AEE000070E397122DC06DE26DA4AD84ED652D455
:10AEF00056D25AD05ECE62CC834765132A8413D7CC
:10AF000037002A97834607139D8B33D6F640058A70
:10AF100055CE034545037D57FD4759152C003AC4CE
:10AF20003EC613154560EF104014032684132247D4
:10AF30008326C413B247718FF58F6314E6006386CE
:10AF4000F6062800EFC02F9B894763F0A706294625
:10AF50008145130574199760FE1FE78020B72249C9
:10AF6000B249814A0D4C930B500256864A85CE85D4
:10AF7000139A4A60EF80A035135B2A40229B137A14
:10AF80003A00058983447B19060A05CDB394442908
:10AF900093F4F40FA30B9B18850AE3987AFD83477B
:10AFA000E41893E787002307F418F2506254D25450
:10AFB0004259B259225A925A025BF24B624C2161B9
:10AFC0008280331A4C01B3E44401D9B7B396F62812
:10AFD0002308D712D9BF8280397126DA97B4FE1FB1
:10AFE0009384C41922DC03A4C4094AD84ED656D28D
:10AFF00037090300B74A0F00B709008252D45AD06C
:10B0000006DE5ECE62CC66CA6AC86EC6130A8915B1
:10B01000138BFA23FD197C241307000D639BE71E95
:10B02000938BC1AC83A70B0098430D8B1DC3238A60
:10B03000019AB84B1377F78FB8CB98431367870003
:10B0400098C39C4393D7374889C70100010001008A
:10B05000010097B7FE1F83C7A7E189E79760FE1F2E
:10B06000E78040548347C404858B89C7A285054582
:10B07000EF00D053138CC1AB03270C00834724147B
:10B08000938CC1AD54579395476093F7F703B3F68C
:10B090003601E607D58F5CD79306A00383A70C0083
:10B0A00063D8B610F44F37060007D18EF4CF83274C
:10B0B000840983A60B0017BDFE1F130D2D2F1CC77F
:10B0C0008327C4095CC3DC4293E71700DCC25C57EA
:10B0D000F19B93E717005CD78355041E0356241E8B
:10B0E00003457414930710FD7CA491059307000C8D
:10B0F0002320FD00B3C505089770FE1FE7802020C0
:10B1000083457414054683A60B0003572408835710
:10B110006408639BC50C13071703D046B3A7E72049
:10B1200013171649D8C60F10000003A70B00B70667
:10B130000200860714C7930600082328DD007CD38D
:10B1400050C797B7FE1F23AD072603A60B0097B77E
:10B15000FE1F23AF072485471CC28346C4048327F0
:10B160000C0003A70C00858AD9C29443B7053300AD
:10B1700093F6F6CF94C3944393F6F6CF93E6062066
:10B1800094C31447CD8E14C79306891734CA5457F5
:10B19000F59A54D783466413984393F6F6071377CA
:10B1A00007F8558F98C39770FE1FE78000E5A5B597
:10B1B0009306200263DAB600F44F370600F97D16D5
:10B1C000F18E37060005D5B5370600F9E9467D163C
:10B1D00063D7B600F44FF18E37060003F9B5F44F8C
:10B1E000F18E93968629D9B5130717043DB794437A
:10B1F000B705330093F6F6CF94C3944393F6F6CF96
:10B2000093E6062094C31447CD8E14C72328460521
:10B21000BDBF1307100D6390E75297BBFE1F938BC2
:10B22000EB1883A70B00858B638C074483A70B0067
:10B2300093F70708CDCF7C3417BCFE1F034CCCBE60
:10B2400093F7070299CF3E3C1307204EB387E702DE
:10B2500003274409B3D7E7021307CC03BA97231295
:10B26000F40897BDFE1F938DADBF0355440803DD61
:10B27000CD0037460F0013051504B325A5031306AB
:10B280000624814683AC4B033305AD02EF80804634
:10B290008327C40803A68D003385A740B307950113
:10B2A000BE8563E4A70063E4C700B385C7400327F6
:10B2B0000409636FB7128356640883572408138503
:10B2C0000A240D8FB3A7F620B387A703DA97B3D765
:10B2D000A7026365F7001D8E6374E6002328B40897
:10B2E0008582B3F6860B231004082313D4080325A4
:10B2F000441113062403930544039770FE1FE7804F
:10B3000020D203D764048347440323ACAB00998F56
:10B31000230AF402832744111307F0039C23636478
:10B32000F7008D8B81E7854723ACFB0083A78B015A
:10B33000858B639907268347A40293E7270023059B
:10B34000F40283A70B0093F7070889CF0347641320
:10B3500093573700A29783C607131D8B3397E64890
:10B360002388E7127C34898BD5C32285EFA0AFBB3D
:10B3700051ED7C34A309040093E747007CB4832794
:10B3800084118DCB383C1DC79837058B05E7BA274C
:10B39000C843136707F0BAA79770FE1FE780200F16
:10B3A0008357440485072312F404832784119C43A4
:10B3B000232CF4105C3881CB8347C404898B81C76C
:10B3C0002285EFA08FBA1C28130720026394E7029E
:10B3D0008327040AA305040293E787002320F40AC5
:10B3E0001C3893E787001CB8930740021CA839A8B3
:10B3F0003297D1B513070006639CE70A85471CA85E
:10B400008347A40293E717002305F40283A78B0167
:10B41000898BF5C38347C404858BF1CF1C3C85071A
:10B420001CBC7C3413F7270031E393E727007CB47E
:10B43000930700F85CAC3E3C1307204EB387E7024D
:10B4400003274409B3D7E70217B7FE1F0347C79D79
:10B450001307C703BA97B3C707082312F408860770
:10B460002311F40897B7FE1F23AA07DA228597B79E
:10B47000FE1F23AD07F2EFF0AFD14C380345641443
:10B4800091059770FE1FE78080C35C386381071CBD
:10B490008347C404898B638C071AA2850145EF009A
:10B4A000F00A630805109780FE1FE780607E9DA468
:10B4B000130770066397E70203A7C1AB3C57ED9BE8
:10B4C0003CD797B7FE1F238407F0371700401E2F85
:10B4D000C607C5831EAF5C2493F7F7FD5CA48547C0
:10B4E00031B77147E394E7F28327040A93E7170023
:10B4F0002320F40A21BF2285EFA00FA51DF1A30C84
:10B5000004002285EFA06F9F1C38A18B8DCB7C2877
:10B510009DC77C38094793F7B70F6382E70293070B
:10B52000D003230AF404930770021CA88347C404C1
:10B53000858BE38807EE2285EFA02FA8DDB55C346C
:10B540000D476394E7047C381307A0026372F70287
:10B550007C381D476388E702A306F4028327840A28
:10B56000228593E717002324F40AEFC0AF9419A8AB
:10B5700017A70000130747FDB3C7E7209C432285A8
:10B58000829779F57C28DDF369BDE38C07E87C2898
:10B59000E38907E822859760FE1FE78080E7E312D2
:10B5A00005E8CDB71C2C85071CACFE248507FEA43E
:10B5B0008DBD03A7C1AB1C43B706330093F7F7CF8C
:10B5C0001CC31C4393F7F7CF93E707201CC303A7C3
:10B5D000C1AD1C47D58F1CC7B707030003A7C1AC7B
:10B5E000938787273CCB83A7C1AB98431317772951
:10B5F00098C3D857719BD8D7930720FD7CA497B7E1
:10B60000FE1F83C7E786E39007BA83270412E38C03
:10B6100007B87834058BE30807B8D443D0278C27C4
:10B620000A248906EF304076E31F05B6832704120B
:10B63000BA27136707F0BAA79C432320F412835755
:10B640002404E38207B6FD172311F404A9BE03A75F
:10B65000C1AB1C43B706330093F7F7CF1CC31C43A1
:10B6600093F7F7CF93E707201CC303A7C1AD1C478F
:10B67000D58F1CC783A7C1AC13078925B8CBA5B745
:10B6800083A7C1ACFC53E39807989780FE1FE7801F
:10B69000206083A70B00228593F707086381071EAC
:10B6A000EFF06FADBE2822858507BEA8EFF0DF82E0
:10B6B00083570404A5C313074006B3F7E702B9EBA9
:10B6C00083A741AA898B9DCF17A9FE1F130949742F
:10B6D0000327090305CB9E28AE282545C207DD8D2B
:10B6E000029783270903EE242945829783270903BC
:10B6F000831524032D45829783270903830544037B
:10B700003145829797B7FE1F239107A897B7FE1F71
:10B7100023AE07A622856254F250D2544259B25940
:10B72000225A925A025BF24B624CD24C424DB24DBD
:10B7300021616FA04FEE1307200DE396E7D697BB6C
:10B74000FE1F938BABC683A74B00858B638C0712C0
:10B750000327040A97B7FE1F23AC07C48967F98F34
:10B76000EDE722859760FE1FE780A0D78547631E1F
:10B77000F50C8355041E0356241E034574149105CD
:10B78000B3C505089770FE1FE78060B78347C40400
:10B79000138CC1AC938CC1AB858B138DC1ADBDCB6C
:10B7A000A2850545212503A70C00B70633001C43DD
:10B7B00093F7F7CF1CC31C4393F7F7CF93E707200A
:10B7C0001CC303270D001C47D58F1CC783270C0003
:10B7D00013078917B8CB930710FD7CA483270C00AF
:10B7E000D44713971649D8C70F10000083270C00C1
:10B7F0003707020098C71307000823A8EB0003A728
:10B800000C0018431357774815CF1307E018F8D3E7
:10B81000D4C751BA03A70C00B70633001C4393F7F3
:10B82000F7CF1CC31C4393F7F7CF93E707201CC344
:10B8300003270D001C47D58F1CC783270C0023A8A6
:10B84000470551BF1307E01AD9B79780FE1FE7805D
:10B8500020441C3C85C73D476379F7009305D0031E
:10B860002285EFA04FEEA305A40297A7FE1F83A792
:10B87000275D89C795451305500882972285EFA05B
:10B88000FFAC49BD83A7C1ACFC53639607F8978012
:10B89000FE1FE780E03FDDB7411106C6EF903FB1E4
:10B8A00097B7FE1F9387878D17F7FFFF1307C7E82A
:10B8B00023A8E70AB24017F7FFFF130747FA23AAA6
:10B8C000E70A97F7FFFF9387677123A8F1AA410161
:10B8D0008280797122D42A841305050B06D626D2DC
:10B8E0004AD05AC84ECE52CC56CA5EC662C41389DC
:10B8F000C19BEFB05F80832709008324040AA3075C
:10B90000A408829717ABFE1F130B8B5563EAA4168E
:10B91000B74B0F00938B0B243385A440B3357503CD
:10B920000356CB008146130C204E33057503EF7090
:10B93000705C8327090023000408AA89829723AA40
:10B94000A1AA8357EB008324C40D17AAFE1F034A44
:10B95000BA4D9387471FB3C7FB02A180B3C4040845
:10B960000359CB00814681454A86B38A8403330557
:10B970007A03B3DAFA02EF70F057130700324A86FF
:10B9800081468145B307990293541A00AA9AB3F7E6
:10B99000E702B3878703B3C7270333857403B3C7AD
:10B9A0000708BE9AEF7010555695636E350137152E
:10B9B0003D004A868146130505908145EF709053FE
:10B9C000B38AA9408D44B33559038329040A374605
:10B9D0000F002326540B1306062481463305590312
:10B9E000EF70505163E2A90A3385A9402322A40ACB
:10B9F0000345D4079307F00F6304F500EFA03EAFB3
:10BA00008327440A17A5FE1F0325C57F63E2970815
:10BA1000338697408327C40D0357CB009306D40782
:10BA2000A183B3C70708B387E70213070032A285D3
:10BA30009387071933D7E7029770FE1FE78060F8F6
:10BA40000347D4079307F00F630FF7005C4C0547DB
:10BA50002300040893E76700A308040C2319E40CEF
:10BA60005CCC230EE406B250225492540259F2499F
:10BA7000624AD24A424BB24B224C01454561828018
:10BA800083278B00BE9469B583278B00BE99A9BF1D
:10BA900003278B00BA97ADBF01114AC817A9FE1F33
:10BAA0001309C96D22CC0324C90B26CA4EC652C441
:10BAB00056C206CEAA848149130A2500854A39E078
:10BAC0009305702531459770FE1FE780E08F2A842B
:10BAD000014539C89C301946938524001CB01305D4
:10BAE00024009750FE1FE780E0F78327C90BB1E7DA
:10BAF000232E890A232404008347890B8507230CFE
:10BB0000F90A15A018309C306305F700A28900449B
:10BB10007DB71946D285130524009750FE1FE78094
:10BB20000006E31555FF0545F2406244D244424900
:10BB3000B249224A924A05618280E38D09FA23A420
:10BB400089004DBF17A5FE1F0325056F11E997A7B3
:10BB5000FE1F23A3076E97A7FE1F238D076C82800D
:10BB6000411106C622C400459770FE1FE78020924F
:10BB7000228575F8B240224497A7FE1F23AE076ABC
:10BB800097A7FE1F2388076A4101828097A7FE1F9F
:10BB90009387C75E23AE070A238C070A8280138728
:10BBA00081AB1C439306001094C301000100010007
:10BBB00001001C4323A00700143103480500A2061E
:10BBC000B3E606010348250042083368D800343143
:10BBD000E206B3E6060194D7543103484500A206B5
:10BBE000B3E606010348650042083368D8007431A3
:10BBF000E206B3E60601D4D7143503488500A20651
:10BC0000B3E606010348A50042083368D80034357E
:10BC1000E206B3E6060194DB54350348C500A206EC
:10BC2000B3E606010348E50042083368D8007435DE
:10BC3000E206B3E60601D4DB94318821A206C98E60
:10BC4000A8214205558DB431E206C98E94CFD43176
:10BC5000C821A206C98EE8214205558DF431E206BD
:10BC6000C98ED4CF88259435A206C98EA825420551
:10BC7000558DB435E206C98E94D3D435C825A206B5
:10BC8000C98EE8254205558DF435E206C98ED4D318
:10BC9000D443F59AD4C3D44393E61600D4C3944353
:10BCA00093E6160094C31443DC42858BBDE39C4E9F
:10BCB00001451CA21C439C4FA1831CB21C439C4FFA
:10BCC000C1833CA21C439C4FE1833CB21C43D84F30
:10BCD00058A2D84F218358B2D84F418378A2D84F69
:10BCE000618378B2985318A69853218318B6985355
:10BCF000418338A69853618338B6D85358A6D85391
:10BD0000218358B6D853418378A6DC53E1837CB6AF
:10BD10008280010049BF011122CC2A84354506CE1C
:10BD20002EC632C49780FE1FE78020FE03A7C1AC59
:10BD30003C4B228593E707083CCB2246B245EFF007
:10BD40001FE6F240624401450561828003A7C1AC51
:10BD50003C4B93E707083CCB0100010001000100C8
:10BD600093850508F851160583A781AB136505086F
:10BD700088C398CBB8550145D8CBD85D98CFB8418A
:10BD8000D8CFF84198D3B845D8D3F84598D7B84913
:10BD9000D8D7F84998DBB84DD8DBF84D98C7B851DB
:10BDA000D8C798431367070498C3828003A7C1AC20
:10BDB0003C4B93E707083CCB010001000100010068
:10BDC00093850508F855160583A781AB136505080B
:10BDD00088C398CBB8590145D8CBD85D98CFB84126
:10BDE000D8CFF84198D3B845D8D3F84598D7B849B3
:10BDF000D8D7F84998DBB84DD8DBF84D98C7B8517B
:10BE0000D8C798431367070498C39307000817A778
:10BE1000FE1F2329F75A828083A7C1AB98433706B8
:10BE200000827D161317772998C31307F03F98DF18
:10BE300013070005D8DBD8571317F729D8D7D457DD
:10BE400017A7FE1F034707FE931547601377F703F5
:10BE5000F18E6607558FD8D79306A00303A7C1AD0F
:10BE600063DFB602744F37060007D18E74CF3707F1
:10BE700002001307C720D8DF984B137707FC13671E
:10BE8000E70098CB37E700E0D147A309F7049767AD
:10BE9000FE1F9387470393E717007CD782809306A2
:10BEA000200263DAB600744F370600F97D16F18E72
:10BEB000370600055DBF370600F9E9467D1663D7F2
:10BEC000B600744FF18E3706000345B7744FF18EFC
:10BED0009396862961BF1307A003AA87636EA70400
:10BEE0001307A0020D45636AF704130720020945F2
:10BEF0006365F704694705456361F70451470145E8
:10BF0000636DF70249477D556369F70239477555F7
:10BF10006365F70229476D556361F702194761555B
:10BF2000636DF700114759556369F7000947455597
:10BF30006365F70031558280114582803557AA87A5
:10BF4000634CE50449570D4563C9E7045D57154542
:10BF500063C5E70465571D4563C1E70471572D4567
:10BF600063CDE70279573D4563C9E7024D4563C696
:10BF7000070255459DC305476D456380E7020947A4
:10BF800013053002638BE7000D471305B00263868B
:10BF9000E7001305B00382800545828019C5371775
:10BFA00000401E2F9397F7281EAF8E05220697A7F5
:10BFB000FE1F238EB740498E83A7C1AB4D8E13164B
:10BFC0004629B0D7B85713674700B8D7B85789C6BE
:10BFD00013172729B8D7828013172749E5BF4111C6
:10BFE00022C406C617A4FE1F1304443C03470402E0
:10BFF000A1476318F70217A7FE1F0347A71397A7C8
:10C00000FE1F93872715058BB033B42321CBC8437C
:10C0100031C50C310905EF70AF9601C58547A30006
:10C02000F402034704029947631AF70097A7FE1F1B
:10C0300083A7471CBC3795C7EFE0AFCB034704028B
:10C040009D476310F70297A7FE1F83A7E71BFC33EA
:10C0500089CB2244B24041016F50106081450145B7
:10C060005DBFB2402244410182805D71B7E700E0CC
:10C07000CAC003A90700A6C24EDE3707200086C645
:10C08000A2C452DC56DA5AD8AA84AE893379E900C0
:10C0900023A0E7180F1000001384C1AB1840138AC7
:10C0A000C1AD938AC1AC1C43370B03001306800259
:10C0B00093F7F7CF93E707101CC383260A003707CF
:10C0C000CEFF7D179C46930510082800F98F9CC66B
:10C0D00083A70A0023A867059750FE1FE780009FEB
:10C0E00035459780FE1FE78040C21C4093F6F41F41
:10C0F0003706330023A40700984B130B8B15130549
:10C1000010F81367F70398CBF84F130E401F914EAA
:10C11000137707E0558FF8CF984313038002136716
:10C12000070898C317A7FE1F232C072883A60A0019
:10C1300017A7FE1F232E0726054798C2984313779B
:10C14000F7CF98C398431377F7CF1367072098C3A7
:10C1500003270A001C47D18F1CC723A86605380097
:10C16000814613F8F60F135638004E961C221378AA
:10C170007800B3D70741858BD1CB1C4083280A00B8
:10C1800023AC070423A0070683A5C802F59923A6BC
:10C19000B80283A8070093F5F60793F808F8B3E808
:10C1A000B80023A01701CC539395F528CCD303AF47
:10C1B0000A0081452322CF0783A80706638215035F
:10C1C00083A807038305070093D8F8009398486075
:10C1D00063D515018C5BBD810CA3AC5393F5F50FB2
:10C1E00083284F066386080083A88705E3F41EFDB5
:10C1F000CC539395F548CCD38305070063D6B400A0
:10C200001C22B39707491CA233E5A50A850605073A
:10C21000E39966F418401C4B93F707FC93E7E7009B
:10C220001CCBB6402644B7E700E023A02711964474
:10C230000649F259625AD25A425B61618280011109
:10C2400022CC2A84114526CA4AC832C62E89B68411
:10C2500006CE9780FE1FE78040AB9386C1AB9C4221
:10C260001385C1AC9385C1ADD85737033300719B9B
:10C2700013671700D8D7832805001307800723A268
:10C28000E80698431377F7CF98C398431377F7CF0F
:10C290001367072098C303A80500324603278800C8
:10C2A000336767002324E800370703001307872557
:10C2B00023A8E8040327C802759B2326E802630528
:10C2C000090A9843136404041374F407137707F8F6
:10C2D000418F98C3374776711307971298C7832702
:10C2E000480093F7F7EF2322F8000100010098417E
:10C2F00017A4FE1F1304840BA6855C4393E7071065
:10C300005CC39842B7575500938757555CC31C418F
:10C31000185C0145B8DF17A7FE1F232D070817A7D4
:10C32000FE1F232B0708D843799BD8C391475CCCC9
:10C330009760FE1FE78040E303A741AC11C7544359
:10C3400018479C42D98F9CC25C44858B81CB17A730
:10C35000FE1F1307A7E21E2785071EA7F2406244AF
:10C36000D24442490561828098431374F4071377DD
:10C3700007F8598C37C7898E80C3130767EDB9BF9B
:10C38000011126CA4AC84EC6C1643709006AB709F6
:10C3900000AC22CC52C456C206CE1304F00FFD14DA
:10C3A0001309690E9389E90C614A930A0002A68574
:10C3B0000145EFA08EDA9317850013F7071033E5D8
:10C3C000270119C333E5370181470147B356F548C3
:10C3D00085073356F5486307D60005071377F70F2F
:10C3E0006364EA04E39457FF81471306F003ED46C4
:10C3F0003357F5001377F70305CB6307C7028507AB
:10C40000E398D7FE135785009377F50F1377F70F4F
:10C41000639BE702135705011377F70F6395E70254
:10C42000135785016391E7027D141374F40F41F0F3
:10C430009305000F4145EFA0CECFB7B7006A420584
:10C44000938767CE5D8DF2406244D2444249B2493F
:10C45000224A924A0561828097A7FE1F938707F5BB
:10C46000D44F11476385E60E83C737026391070EE9
:10C47000B7C7004003A781AB938707306319F70C58
:10C48000011122CC37E400E026CA044006CE4AC897
:10C490004EC652C456C2B7072000FD8C2320F418A4
:10C4A0000F10000035459780FE1FE7800086938AB5
:10C4B000C1AB1522A522EFF03F9683A70A00138A8D
:10C4C000C1ADB706330098439389C1AC3709030067
:10C4D0001367070898C398431377F7CF98C3984317
:10C4E0001377F7CF1367072098C303270A001C4769
:10C4F000D58F1CC783A7090013078955B8CBAD2476
:10C50000EF00B01D7522352403A70A001C4393F7E2
:10C51000F7CF93E707101CC383260A003707CEFF27
:10C520007D179C46F240224AF98F9CC683A70900DA
:10C53000924AB24923A8270597A7FE1F23A607E81A
:10C54000232094106244D244424905618280828053
:10C55000B7C700401387073023ACE1AA1387072031
:10C56000411123A6E1AC9387071037D7004022C4BE
:10C5700006C617A4FE1F130464E323AEE1AC23AE8A
:10C58000F1AA85475CCC97A7FE1F938727D15CDC77
:10C5900097A7FE1F83A7C7871CDC9767FE1F93879B
:10C5A000E79223A4F1ACEFF03FEBB7E700E0A30183
:10C5B000040203C7574113670708A38AE740B24044
:10C5C00022443707100023A0E7103707200023A0DC
:10C5D000E7104101828083A7C1AC1307C008D8CB04
:10C5E00093066007D4CFD8D31306E006D0D7D8DBA4
:10C5F000D0DFF8C3F4C7D843059BD8C30547FAA3D7
:10C6000023AA070417A7FE1F032707DEF8DF7D57BD
:10C6100098C737071F003D07D8C7828083A7C1ADE1
:10C620001307004898D7D85FB70600F9FD16758F35
:10C6300013179729D8DFD85F9D663706FDFF0E07D1
:10C640000D831317E729D8DF985B7D1613670770F2
:10C6500098DB985B558F98DB985BB7060700558F82
:10C6600098DB985BB7060090FD16758F1317C729E6
:10C6700098DBB4473707F9FF7D17F98EB4C7F44745
:10C68000E19AF4C7F44793F6F6F8F4C7F447F18E4D
:10C69000F4C7F44F758FF8CFF84FB70690FFFD162B
:10C6A000758FF8CF930740060100FD17F5FF8280D4
:10C6B0001387C1AD1C43B44B93960649B4CB944742
:10C6C0009396562994C7D44793E60601D4C7D44716
:10C6D000BD9AD4C701000100010001001C43D447EA
:10C6E00093E60601D4C7D4439396C628D4C303A6C1
:10C6F000C1AC9306400674D2745291C683A6C70992
:10C7000093D68648F5DA01000100010001001C43C0
:10C7100013870708544FB84BFD8A13170729B8CB66
:10C72000B84B019B558FB8CB98471317574998C7FB
:10C73000828083A7C1ADB44F41777D17F98EB4CF06
:10C7400094479396062994C7D44793F6F6EFD4C737
:10C75000D443758FD8C3D84713670710D8C7D843B9
:10C7600013170729D8C38280397122DC4ED652D4E0
:10C7700006DE26DA4AD856D25AD05ECE62CC66CAD7
:10C780006AC86EC603A4C1AD5C409389B1AD138A7B
:10C7900091AD93F7F7EF5CC01C549397C7481CD436
:10C7A0005C54BD9B5CD41C44939717291CC45C400B
:10C7B00093E707015CC0B757341203A701AD938715
:10C7C00087676309F7705C4001791309F90FF99BDA
:10C7D0005CC01C5C3167130707F0B3F72701D98FE2
:10C7E0001CDC5C409304040893E717005CC097606E
:10C7F000FE1FE780C0BA9C4893F7F7032380F90037
:10C80000DC48A98393F7F707238DF1AC5C403D67C3
:10C8100013070780F99B5CC01C5CB3F72701D98F15
:10C820001CDC5C4093E717005CC09760FE1FE7804C
:10C8300000B79C4893F7F703A38BF1ACDC48A983BE
:10C8400093F7F707238BF1AC5C403567130707407C
:10C85000F99B5CC01C5CB3F72701D98F1CDC5C40E2
:10C8600093E717005CC09760FE1FE78040B39C48C9
:10C8700093F7F7032300FA00DC48A98393F7F7073F
:10C88000238CF1AC5C404167130707C0F99B5CC087
:10C890001C5CB3F72701D98F1CDC5C4093E71700C1
:10C8A0005CC09760FE1FE78080AF9C4893F7F7035A
:10C8B000A38AF1ACDC48A98393F7F707238AF1AC8C
:10C8C000834C0A0003C70900930760021306500255
:10C8D00033079741B307F7029306700293054002AE
:10C8E0001305300213082002130E1002F94E754F83
:10C8F000FD4FF14A3306C7026D4BE94B654CD942F7
:10C90000D543DD48D14DCD444949B3C7D7023D4356
:10C91000B949294D354A3346D60292072206D18FAE
:10C920003306B702D98F95453346D6023206D18FEA
:10C930003306A702130504083346D6024206D18FF8
:10C94000330607033346D6025206D18F3306C70398
:10C95000254E3346D6026206D18F13165700334652
:10C96000D6027206D18F1CD13306E703194FB307E5
:10C97000D7039D4EB3C7D7023346D602920722068D
:10C98000D18F3306F7038D4F3346D602D18F33064E
:10C990005703B14A3346D6023206D18F33066703B6
:10C9A0002D4B3346D6024206D18F33067703E14B37
:10C9B0003346D6025206D18F33068703454C3346A1
:10C9C000D6026206D18F330677033346D60272064B
:10C9D000D18F5CD133067702B30757023346D602B4
:10C9E000B3C7D70222069207D18F33061703334607
:10C9F000D602D18F3306B7033346D6023206D18F23
:10CA0000330697023346D6024206D18F33062703F8
:10CA10003346D6025206D18F330687033346D602F9
:10CA20006206D18F131647003346D6027206D18FA5
:10CA30001CD5B30767023346F703B3C7D7022206F4
:10CA4000D18F330637033346D6021206D18F330611
:10CA500057033346D6023206D18F33066703334677
:10CA6000D6024206D18F3306A7033346D6025206BA
:10CA7000D18F3306C7033346D6026206D18F131611
:10CA800037003346D6027206D18F5CD5B307D70381
:10CA900033464703B3C7D7024206D18F3346D70286
:10CAA0006206D18F3306E7033346D6021206D18FD2
:10CAB0003306B7023346D6022206D18F131627005B
:10CAC0003346D6023206D18F131617003346D602EC
:10CAD0005206D18F1CD983C771ADB387FC4033C6D2
:10CAE000A70393FCFC03B3CDB7033206920DB3ED5D
:10CAF000CD001306800233C8C702B3ED0D012148F3
:10CB000033C80703420833E80D01B3CDB702F20D75
:10CB10003368B801B38DF703B3CDCD02A20D3368EE
:10CB2000B801B38DE703B3CDCD02D20D3368B801A0
:10CB3000B38DD703B3CDCD02E20D3368B801338B8B
:10CB40006703232A05031148B38DC703B38A57032C
:10CB5000338A4703B389370333C80703B3CDCD0204
:10CB60001208334BCB0233E80D01B3CACA02220BC1
:10CB7000336B6801334ACA02B20AB36A5B016D4B78
:10CB8000B3C9C902420A33EA4A01F14AD2093368F9
:10CB90003A01B3896702754A13034002B3C9C90257
:10CBA000E209B3693801139847003348C802338C4F
:10CBB00087037208B3E909010948232C3503F949B1
:10CBC00033892703B3849702B3837702B382570272
:10CBD000B3881703B38B770333C80703334CCC02F6
:10CBE00032083349C90233680C01654CB3C4C4022E
:10CBF000120933692801B3C3C302A204B3649900C4
:10CC000013091002B3C2C202C203B3E37400930457
:10CC10006002B3C8C802D202B3E2530093032002F9
:10CC2000B3CBCB02E208B3E8120193023002F20B5D
:10CC3000B3E87801E94B232E150333887703B388D3
:10CC400067033348C802B3C8C8021208A208336891
:10CC50001801B3888703B3C8C80233681801B388C2
:10CC60005703B3C8C802B20833681801B388470332
:10CC7000B3C8C802C20833681801B3883703FD4936
:10CC8000B3C8C802D20833681801B3883703B3C8E1
:10CC9000C802E2083368180193985700B3C8C80265
:10CCA000F208336818012320050533882703939879
:10CCB000C7013348C80233681801B3887702B3C884
:10CCC000C802920833681801B3885702B3C8C80273
:10CCD000A20833681801B3886702B3C8C802B20853
:10CCE0003368180193085002B3881703B3C8C80209
:10CCF000C20833681801B3889702B386D702B3C855
:10CD0000C802B3C6C602D20833681801E206B36689
:10CD1000D80074C193069002B386D7020328850415
:10CD2000137808FFB3C6C602BD8AB366D80034C5FF
:10CD30009306A002B386D702B3C6C6023045137667
:10CD4000F6F0BD8A9206D18E34C503C681AD03C804
:10CD500061AD33080641B306A80303238504B30875
:10CD6000B802B3C6F602B3C8F802A206F208B3E6E8
:10CD70001601B308C803B3C8F802B208B3E6160137
:10CD800093183800B3C8F802C208B3E61601B30816
:10CD9000D803B3C8F802D208B3E61601B308E80313
:10CDA000B3C8F802E208B3E61601B79888889388FA
:10CDB0000880B3E61601B3E66600931828003343F3
:10CDC000F80234C583C6A1AD918E1376F6076206CC
:10CDD000B3C8F8023203B3E868003383F603334381
:10CDE000E302B30FF8037203B3E86800060833C325
:10CDF000E602B3CFFF025203B3E868003348F802FB
:10CE0000920FB3E8F8012208B3E70801139816005F
:10CE10003348E8026208B3E70701256813088888E9
:10CE2000B3E707017CC5338FE603B387B60293955A
:10CE30002600B3C7E702334FEF029207B3C5E502FE
:10CE4000220FB3E7E701B38ED603CD8F939536005B
:10CE5000338EC603B386A603B3CEEE02B3C5E50296
:10CE6000B20EB3E7D701334EEE02C205CD8FB3C683
:10CE7000E602520EB3E7C701370700817D17E206CD
:10CE8000D58F3CC95C40BD9B5CC05C40F99B5CC0DD
:10CE90001C549397C7281CD45C5493E707015CD4B7
:10CEA0001C5C93F707FCB3EC9701232C94031C5CE8
:10CEB000F98FD18F1CDCF2506254D2544259B259CE
:10CEC000225A925A025BF24B624CD24C424DB24D06
:10CED0002161828023A801ACE5B203A7C1AD5C4308
:10CEE00093E707105CC38280411106C6BD259305F8
:10CEF0006040EF105068B24001454101828075A545
:10CF000011C589C501C61E2201458DE301110565C4
:10CF1000C9471306F100130555C3854506CEDC87C6
:10CF2000EF103065F24088870561828082800111B0
:10CF30009797FE1F238DA72805651306F10013059B
:10CF400095C4854506CEA3070100EF109062F2401C
:10CF500088870561828001111305910006CE952D09
:10CF600048840565300025059D45EF109060F2402E
:10CF700008840561828001111305D10006CE9D2D24
:10CF800048860965700009059145EF10905EF240F2
:10CF9000088605618280011106CE952DC887096536
:10CFA0001306F10015058545EF10B05CF240888747
:10CFB00005618280011106CEDD2DC8870965130643
:10CFC000F10029058545EF10D05AF24088870561A8
:10CFD0008280011106CEEF00A07BC8870965130689
:10CFE000F10039058545EF10D058F2400145056143
:10CFF0008280011106CEEF005032C8870965130602
:10D00000F10041058545EF10D056F2408887056153
:10D010008280011106CEEF00F011C8870965130662
:10D02000F10045058545EF10D054F2408887056131
:10D030008280411106C622C4EF0010178965CD0514
:10D040002A84EF105053B24022852244410182804D
:10D0500001111305510006CEEF00B030488209657A
:10D0600050006105A545EF10D050F2400145056123
:10D070008280411106C6EF0010328965E505EF1088
:10D08000904FB240014541018280011106CE22CC71
:10D090002A84EF00504148860965C08670002180CF
:10D0A00069058D454087EF10D04CF2406244014540
:10D0B00005618280011106CE22CC2A84EF00F04C5B
:10D0C00048860965C086700021806D058D454087C2
:10D0D000EF10304AF240624401450561828001113F
:10D0E00006CE22CC2A84F12548860965C0867000C8
:10D0F0002180130505028D454087EF109047F240CF
:10D100006244014505618280011106CE22CC2A8449
:10D11000EF00607E48860965C08670002180130597
:10D1200015028D454087EF10D044F240624401451E
:10D1300005618280011106CEEF00D049C8870965DC
:10D140001306F100130575028545EF109042F24079
:10D15000888705618280011106CEEF00D050C88714
:10D1600009651306F100130595028545EF1070401F
:10D17000F240888705618280011106CEEF0090524F
:10D18000C88709651306F1001305D5028545EF1020
:10D19000503EF240888705618280011106CEEF0083
:10D1A0005055C88709651306F1001305E50285454A
:10D1B000EF10303CF240888705618280011106CE75
:10D1C000EF007057C88709651306F10013051503B2
:10D1D0008545EF10103AF240888705618280411141
:10D1E00006C622C4EF00F0588965938525032A847A
:10D1F000EF107038B2402285224441018280011133
:10D2000006CEEF10A008C88709651306F1001305C4
:10D2100075038545EF10F035F240888705618280FF
:10D22000011106CEEF10C01CC88709651306F10076
:10D23000130585038545EF10D033F24088870561DB
:10D240008280011106CEEF10C033C887096513062E
:10D25000F100130595038545EF10B031F240888742
:10D2600005618280797102C0814801488147014788
:10D2700006D6EF10E04BA30FA10009651306F101DC
:10D280001305E5038545EF10D02EB2500345F1019B
:10D2900045618280011106CEEF102063C8870965C1
:10D2A0001306F1001305F5038545EF10902CF240AD
:10D2B000888705618280011106CEEF104076C8870D
:10D2C00009651306F100130505048545EF10702A62
:10D2D000F240888705618280011106CEEF101005AB
:10D2E000C88709651306F100130525048545EF106D
:10D2F0005028F2408887056182809797FE1F239F00
:10D30000A7EA01458280011106CEEF10B00BC88755
:10D3100009651306F100130515058545EF10702505
:10D32000F240888705618280011106CEEF1050120D
:10D33000C88709651306F100130525058545EF101B
:10D340005023F2408887056182805D711303D10309
:10D350001AD20343010786C61AD00343C1061ACE68
:10D36000034381061ACC034341061ACA034301064C
:10D370001AC80343C1051AC6034381051AC403032F
:10D3800041051AC2034301051AC0EF007046230E7F
:10D39000A10209657018130565038945EF10701D1A
:10D3A000B6400345C103616182809796FE1F938654
:10D3B000E6DCBE2681E79307F01FBEA6BE26214607
:10D3C000014513F707103357C7408607B3C707084F
:10D3D000598D93D5574013D797402D8F058B7D16C8
:10D3E0001375F50FD98F71FEBEA682801797FE1FA9
:10D3F0001307C7D85E2789E7E17793C7F7FF5EA7D2
:10D400005E27B94601459168994533F617013356B1
:10D41000D6408607518D33C8070813D6E748FD1656
:10D4200093D7F748B18F1375F50FB367F800E39EF4
:10D43000B6FC5EA78280797126D24AD04ECE52CCFD
:10D4400006D622D456CA5AC85EC6AE84B289368A77
:10D450001799FE1F032909F92DC5AD472A8463E8F2
:10D46000A7021304F5FF1374F40F138B11AE834757
:10D470000B00C9E39D47494563EA3703178700005E
:10D4800013074732B3C7E9209C43BA978287B14755
:10D49000630CF5029307600263E5A7001304E5FF40
:10D4A000D9B7930770024945E301F4FCB250225406
:10D4B00092540259F249624AD24A424BB24B4561F8
:10D4C00082801304500255B71304600279BFCA8AE0
:10D4D000B38B2401638D5B01EFF05FF12381AA0020
:10D4E000850ACDBFCA8AB38B240163965B03854747
:10D4F0002300FB0093F9F9009306FAFF228523002D
:10D500003901A300990093F6F60F26868545EFE0D2
:10D510001FD3014561BFEFF05FE92381AA00850AAF
:10D52000E9B726869305000F130529009730FE1FE3
:10D53000E780C0596DBF26869305A00AF5B72686F9
:10D540009305F00FD5B726868145F9BF2686BD45E0
:10D55000E1BF268693055005C1BF41119317B0283E
:10D5600006C622C4E98F95C3EF701FECAA87094550
:10D5700089CB9423114731456395E600154798A35D
:10D580004945B2402244410182802E84EF90DF8ED3
:10D5900065D93C25C18BEDD73C35230A8504B337CB
:10D5A000F000E9071CA90145E9BF011106CE22CC14
:10D5B0002EC6EF907F8C01CDB2452A84EF80BF98B4
:10D5C000A305A4020145F2406244056182804945F9
:10D5D000DDBF1797FE1F130767BA8147994683453A
:10D5E000070E3306F50085070CA20507E399D7FE61
:10D5F000014582809797FE1F938787819A2B18A1F8
:10D600009A2B218318B1FC373CA10145828019E196
:10D61000494582809797FE1F938747B6B84FAA85E2
:10D6200001C75827314575F7B85F01C7383731450D
:10D630006DF303A7C70801C77833314579FB0111A2
:10D64000054706CE19461795FE1F130585C1B8A3D9
:10D650002EC69730FE1FE780E040B2459306000CCF
:10D66000D8319377070C639FD70019461795FE1F93
:10D67000130585BF9730FE1FE780C03E0145F2408D
:10D68000056182809306F00363E8E600194617956A
:10D69000FE1F1305C5BDF9BF130700044945E390FC
:10D6A000E7FE19461795FE1F1305C5BCE1B74111EA
:10D6B00026C29794FE1F938464AC22C4A04C06C675
:10D6C00039E4BC5499E74945B240224492444101AF
:10D6D000828035CD0547E318E5FE014582972A840F
:10D6E00055C59317B0281EB1930700707EA58D47CE
:10D6F0001CBDA30A050219469795FE1F938505B622
:10D70000130565039730FE1FE780C03521A87848D0
:10D71000B7070008F98FADEBBC54D5D70DC98547C5
:10D72000E313F5FA58248547E30FF7F87C24B98B07
:10D7300095CB742405478947639FE6021EB02244B7
:10D74000FC54B24092441305000F41018287130537
:10D75000000FEF705F8125D95C25B5D7EF709FA0D2
:10D7600001459DB7EF804F899787FE1F83C7A76B41
:10D77000E311F5FC89BF1E3013070002B3F7E70A77
:10D780001167B3D7E70A5DBF31453DBF1D452DBFCA
:10D790009797FE1F83A747A7314599CBFC3389CBC9
:10D7A000411106C6EF401002B2400145410182809E
:10D7B0008280011126CA4AC84EC652C456C25AC0F7
:10D7C0002E89368ABA893E8B06CE22CCB284C28A92
:10D7D000EF908FEA85671307A9FF9386A7C73347A2
:10D7E000070863E8E610938707C82A84494563E47D
:10D7F000970A63E2240B1307301F636E470963EC3B
:10D80000370993071A00B3C70708B387970213971E
:10D81000390063D2E70841C01C3813F747003DC305
:10D82000ED9B1CB83C34231A2407231B9406D5EB2C
:10D8300003578406C167FD176309F7066317990646
:10D840003E3C231BE404231CF4049797FE1F83D75C
:10D85000A79D8D46114763E5F600850713F7F70F7F
:10D86000A30AE4042285EF70FFFA83570404A90792
:10D87000231FF4048327440A93E717002322F40AA2
:10D88000C5475CBC231C6407231D5407231D4405A6
:10D89000231E34050145F2406244D2444249B24954
:10D8A000224A924A024B056182800356440601CE09
:10D8B000B3D4C40233069602334606083376260BE9
:10D8C000231CC40459B7B305990085814A85EF909C
:10D8D000CE88231CA404930584052685EF60AF8AB7
:10D8E000ADB78327840A93E707022324F40AC147CC
:10D8F00049BF49454DB7411122C406C62E84EF9059
:10D90000AFD711E54945B2402244410182801C391C
:10D91000A305850213F7470075D7ED9B1CB9BD47DA
:10D920002306F5028327850A93E727002324F50AB7
:10D930000145D1BF9797FE1F93874784B44F2A872D
:10D9400091C6D02601C6D436494585EAB45F99C64A
:10D95000B03609C6942A4945858A85E283A6C70858
:10D9600091C6F03201C6D436494581EA83C6870B99
:10D9700083C7970B63E8F6001D4582801D45F24082
:10D9800005618280011119461305A10006CED884D5
:10D990009730FE1FE780000D2800EFE0EF8F8547EE
:10D9A000E31EF5FC0145E1BF797126D24AD04ECE87
:10D9B00052CC56CA5AC85EC606D622D42E89B2891F
:10D9C000B68A3A8ABE8B428BEF900FCBC94455C1C1
:10D9D00005679307A9FF9306A7C7C944B3C70708FC
:10D9E00063E9F608130707C86365370963E3290984
:10D9F0009307301F63EF5707636D470713871A00BC
:10DA0000334707083307270393173A006353F70692
:10DA100004392A848588639E040E8327450A93F778
:10DA20001720E5EB3835231A2507231B3507231C60
:10DA30007507231D6507231D5505231E45055C3D00
:10DA40004DE385EB83270510898BA1C331469305F0
:10DA5000F00F130585069730FE1FE7802007832708
:10DA6000440A2314040693E707202322F40AC94733
:10DA70005CBCB25022540259F249624AD24A424B2B
:10DA8000B24B268592544561828063093905B3857E
:10DA9000290185814A85EF805EEC231CA40493054F
:10DAA00084054E85EF503FEE9787FE1F83D7C777DB
:10DAB0008D46114763E5F600850713F7F70FA30AB4
:10DAC000E4042285EF701FD583570404A907231FA0
:10DAD000F4048327440A93E7170041BF231C25055C
:10DAE000E1B7C1FB83278510898B95C73146930524
:10DAF000F00F130585069730FE1FE78020FD832772
:10DB0000440A2314040693E707202322F40ACD478E
:10DB100085B7B144B9BFE944A9BF9787FE1F938772
:10DB2000E765B84F11C7542781C6583749450DEBF3
:10DB3000B85F19C7343789C6182B4945058B0DE3E3
:10DB400083A7C70891C7F83301C7DC37494589EB7C
:10DB5000411106C6EFD01FFFB2400145410182804E
:10DB60008280411122C426C24AC006C6AA8401444A
:10DB700021499305F00F0545EF80BEDBB387840094
:10DB800088A30504E31724FFB240224492440249CB
:10DB9000014541018280797122D44ECE06D626D22B
:10DBA0004AD02EC6B2893684EF900FAD7DC90349A5
:10DBB000B500B245AA846316090E21461305B51AAD
:10DBC0009730FE1FE78000EAA389341B93D98900B0
:10DBD000238A341B7C2450346C345424A20742061C
:10DBE00003C5C404B297E206AE97B69703A7440AEA
:10DBF0009386040835C1DCD63C2410341367070231
:10DC0000A2074206B2973034B29710246206B29748
:10DC10009CDA7C205030A2074206B2977030B2974F
:10DC200050206206B297DCDA3C201030A207420690
:10DC3000B2973030B29710206206B2979CDE8547CB
:10DC4000A386F40423A2E40AB25022549254F24967
:10DC50004A85025945618280FCC63C241034136712
:10DC60008700A2074206B2973034B29710246206AA
:10DC7000B297BCCA7C205030A2074206B2977030DF
:10DC8000B29750206206B297FCCA3C201030A2071F
:10DC90004206B2973030B29710206206B297BCCEDF
:10DCA00055B7094955B7411122C406C62E84EF90D5
:10DCB000AF9C71C9343585472A870545639CF606B4
:10DCC000142B930740026396F6067C245434A20773
:10DCD000C206B6977434B6975424E206B6978346C4
:10DCE000D704A9CE93060708DCD63C241034A2073B
:10DCF0004206B2973034B29710246206B2979CDA8B
:10DD00007C205030A2074206B2977030B297502064
:10DD10006206B297DCDA3C201030A2074206B297C6
:10DD20003030B29710206206B2979CDE9307A002B3
:10DD30001CAB0145B2402244410182809306070892
:10DD4000FCC63C241034A2074206B2973034B29786
:10DD500010246206B297BCCA7C205030A20742064B
:10DD6000B2977030B29750206206B297FCCA3C203E
:10DD70001030A2074206B2973030B29710206206E8
:10DD8000B297BCCE65B7054575B7411106C6EF9091
:10DD9000AF8E1DCD34350547AA8709456397E60246
:10DDA000942B130740026392E6020D472386E70295
:10DDB0001947A385E7021307500298AB03C7A702D0
:10DDC0000145136717002385E702B24041018280B5
:10DDD0000945E5BF5D71A2C4A6C286C69787FE1F2E
:10DDE0009387C739368494332A87B2848DC2B44F5F
:10DDF00081C6D4263145BDE2B45F81C6B436314513
:10DE0000B1EE83A6C70881C6F4323145A1EA03C644
:10DE1000070C83C6170C1D456372D60483A7070D34
:10DE2000494593F707049DCB19462800D8839730BE
:10DE3000FE1FE78020C34146A6851305E102973007
:10DE4000FE1FE78020C21305E1014146A2859730FD
:10DE5000FE1FE78020C14800EFC0CFCFB640264468
:10DE60009644616182809787FE1F9387273198339C
:10DE70000DC3B84F01C75827494505E7B85F01C72B
:10DE80003837494519EF83A7C70881C7FC3349458F
:10DE900089EB411106C6EFC0CFDFB2400145410119
:10DEA000828082809787FE1F9387472D94332A872D
:10DEB0008DC2B44F81C6D42649459DEAB45F81C660
:10DEC000B436494595E683A6C70881C6F43249456C
:10DED00085E203A6870D98B383A5C70D9376F69FB9
:10DEE00019C39366066023ACD70C23AEB70C01456B
:10DEF0008280930700643305F502411126C297849E
:10DF0000FE1F9384A42722C403A4440C4AC006C65F
:10DF10001309F00FC8D801E8B240224492440249E4
:10DF2000014541018280082063052501CC58EF801E
:10DF3000EE9C405CCDB79787FE1F93872724A38C68
:10DF4000A7021377150011EB03C7C7036D8F630496
:10DF5000B70049458280238DE702098919C101452F
:10DF6000828003C7D703718FE315C7FEA38DC70255
:10DF7000FDB7011122CC26CA4AC84EC606CEAE84D1
:10DF8000B28936893A84EF803FEF2DC193F71400B0
:10DF900091EF8D4763FA37014545F2406244D24420
:10DFA0004249B2490561828023023515898891E48E
:10DFB0008D47E3E327FFA302251501CC9787FE1FBA
:10DFC00083D7E71F7D8C0D888547631EF4002314DB
:10DFD000851485477CAD8327450A9397C72823225C
:10DFE000F50A01455DBF23140514E5B7494575B72A
:10DFF0005D716ECE978DFE1F938D4D1852DC3E8A5B
:10E0000083A78D05A6C2CAC04EDE56DA5AD85ED6A0
:10E0100062D46AD086C6A2C466D246C6B684830BD2
:10E02000410583468105834901062A8D2E89B28ADE
:10E030003A8C428B99C7EC4BB70700043145ED8F02
:10E0400085EF8D4763E94701937C090163870C00E5
:10E0500085476389F604494505A093753900E38C2B
:10E06000F5FE93758900E5F96397F60283C7CD0342
:10E070003145918B63930720B64026449644064968
:10E08000F259625AD25A425BB25B225C925C025DE8
:10E09000F24D616182806394F91E83C7CD03918B39
:10E0A0003145F9DB6A85EF601FEC2A8411E983A70B
:10E0B0008D06054582972A841D455DDC2304A40155
:10E0C00093070002639FF4008D476399F904562C6F
:10E0D0009307900F13055004E3E0D7FA762CE3ED95
:10E0E000D7F89376F90F2300D406638E0C101379BA
:10E0F000F9009547631BF902930710F87CA4454586
:10E10000E3EC54F7FD474545E3F857F79167E3E53E
:10E1100097F6D6948580B3C4040831A88547E39266
:10E12000F9FC562C9307D02E75B7B5476313F90C3D
:10E1300085477CA4894406B0A307840163160C10AC
:10E1400085471CBC93F6060299E2A30A44033245B4
:10E15000194681459730FE1FE78080AA6314051099
:10E16000B2458547230EF402A30E64031946130536
:10E17000E4039730FE1FE780E08E834701055CB41F
:10E180009307F0076393FB0E56579787FE1F83C7CD
:10E1900067C91CA303055401EFD05FDA2304A4066A
:10E1A000EFD07FD3D65748B888A38347C10523054E
:10E1B000040623020406A302F40683470406C18B67
:10E1C00099EBFD1993F9F90F8947E3E637E9A305C0
:10E1D0000406A3013407834741060145A300F40662
:10E1E00083478106A303F4067C489397B7297CC82C
:10E1F00061B589476314F900994709B7E30009F04D
:10E2000023070400EDBD9D477CA493F5160093F70A
:10E21000460089C991E39145A30FB4048547230FB4
:10E22000F404F1BD93F5260081C9894591C3954554
:10E23000A30FB4048947E5B78D4591C39945A30F52
:10E24000B404230F040465BDA30C040081478D456D
:10E250003356FC4801C6103C050610BC8507E399FF
:10E26000B7FECDB5230E040209BF914763C5770100
:10E27000A30A740105B75CB831BFE385D9E28947C9
:10E28000E392F9E283C7CD03898B19BD01114EC614
:10E290009789FE1F938989EE83A7890526CA4AC8F4
:10E2A00052C406CE22CC2E89B6843A8A99CFF84B36
:10E2B000B7070004F98F91CB3145F2406244D24454
:10E2C0004249B249224A05618280EF60DFC92A844F
:10E2D00019E583A7890513052004F9FFF9BF7825FF
:10E2E00085473D8B630EF70E03470506418B41CFF3
:10E2F0008D476304F9004945C9B7FD47E3ED97FE33
:10E30000231E0400F1C85E2C03D769071D45B386A0
:10E310009700E344D7FA582405C7163013070002C4
:10E320006390E602034734068D46631DD70A130740
:10E33000900F13055004E362F7F87E2CE36FF7F6B5
:10E340008D471D45E31BF9F637E900E083290900F5
:10E35000B70720002320F918B3F9F9000F100000C7
:10E360009305800C0545EF80CEDC8357C40612056B
:10E37000232444038507BD8BC98F2316F40646ACBE
:10E3800023203911B1A8631AF900231E0500A5D472
:10E3900058248547E319F7F605B70D47E302E9F678
:10E3A0001147E316E9FE744937070001758F21F71D
:10E3B0005825E312F7F45E2D9DDF95FC9305800C44
:10E3C0000545EF800ED78357C40612058507BD8B20
:10E3D000C98F2316F40629A07C48939787497CC8E7
:10E3E0000145E1BD8546E31DD7F41307D02E91B753
:10E3F00001114EC69789FE1F938949D883A78905C5
:10E4000026CA4AC852C406CE22CC2E89B6843A8A7D
:10E4100099CFF84BB7070004F98F91CB3145F24003
:10E420006244D2444249B249224A05618280EF6087
:10E430009FB32A8419E583A7890513052004F9FFF2
:10E44000F9BF782585473D8B6304F712034705061E
:10E45000418B71C38D476304F9004945C9B7FD4736
:10E46000E3ED97FE231F0400638004107E2C03D786
:10E4700069071D45B3869700E343D7FA582405C7BB
:10E480001630130700026390E602034734068D46F8
:10E490006312D70E562C1307900F13055004E36038
:10E4A000D7F8E36EF7F68D471D45E31AF9F65C548D
:10E4B00085C783476406898B85C3085811CD3C25E1
:10E4C00081CFEFB09FE30C58194613056403B105E3
:10E4D0009720FE1FE780005937E900E083290900F3
:10E4E000B70720002320F918B3F9F9000F10000036
:10E4F0009305800C0545EF80CEC38357C4061205F3
:10E50000232644038507BD8BC98F2316F40666AC0A
:10E5100023203911B1A8631AF900231F050095DCE7
:10E5200058248547E314F7F4D5BD0D47E30CE9F211
:10E530001147E316E9FE744937070002758F11FF92
:10E540005825E31CF7F07E2D89DB81F89305800CBC
:10E550000545EF800EBE8357C40612058507BD8BA7
:10E56000C98F2316F40629A07C48939797497CC845
:10E57000014575B58546E318D7F2562C1307D02E02
:10E5800029BF5D71CAC01789FE1F130929BFAA8759
:10E5900003258905A6C286C6A2C44EDE52DC56DA21
:10E5A0005AD85ED662D466D26AD06ECE32C23AC42F
:10E5B000B68405E5858B95EFA9C10145B640264493
:10E5C00096440649F259625AD25A425BB25B225CC7
:10E5D000925C025DF24D61618280744937070004EC
:10E5E000758F63120714858B89E781C9EF609FB728
:10E5F000E9B7639D050E4945D1B70324C90555DC2C
:10E600002285EF603FB60040DDBF78493377EC00EC
:10E61000631B07100347F505630497016316A70101
:10E6200003D7EA016301071003C75A03630E3707D4
:10E6300003C7EA0063173701332794201A23E3EC5A
:10E64000EDFA0327C9067D141374F40F79CFA2479E
:10E65000B3249A209A203E9A9305800C2397EA06C9
:10E6600003470A00054523980A06A384EA06EF80BB
:10E670004EAC03D7CA061205264405073D8B498FC9
:10E680002396EA068327C90603C50B00B6409644C5
:10E690000649F259625AD25A425BB25B225C925CE2
:10E6A000025DF24D6161828793878A051946814533
:10E6B0003E853EC69720FE1FE7808054631D3501CE
:10E6C00019469785FE1F9385C5B913858A0597203E
:10E6D000FE1FE78020391946814513858A0597205A
:10E6E000FE1FE780E051E31535F531B7FD1513F452
:10E6F000F50F370C0003894C154D8549930D000823
:10E70000130BF00F9247228AB38B870003C50B00CF
:10E71000EF607F85AA8AE31A05EE83278905130532
:10E720002004E38D07E8314551BDE31D64FDE1B5EB
:10E7300039714AD84ED656D25AD05ECE62CC66CA0D
:10E740006AC83E8B06DE22DC26DA52D49787FE1F8B
:10E7500083A747A8834B0104AE8A3289368CBA89D5
:10E76000C28C468D95C7F84BB7070004F98F8DC34F
:10E77000314AF2506254D2544259B259925A025B11
:10E78000F24B624CD24C424D5285225A216182801A
:10E79000EF606FFDAA84130A200461DD63745901E0
:10E7A000494AC1BF9547E3FD57FF8347050693F7E5
:10E7B0003703FDF7034AE505E31C0AFA7C49918B10
:10E7C000C5FBEF209055F94763E4A7001D4A55B7F4
:10E7D00083C7340691EB03D744089307D02E63F523
:10E7E000E700994763F0270F6384090CB3C73A0326
:10E7F000E3C867FB639B0B0203A4C40A2DC4230276
:10E80000340123047401A3026401FC48569913598E
:10E81000194093E72700FCC883C704062393240903
:10E82000B3E787012380F406A9B7E3FB6CF78547BC
:10E830006383FB02B3079B412947B387E702B3C752
:10E840007703E3CFA7F503A4C40A11CC2302340154
:10E85000A303A40131A003A4C40A11C423023401F8
:10E860002303940179BF1386190012069305E01063
:10E87000328532C69740FE1FE78000B52A8439D51D
:10E88000324681459720FE1FE7804024B7C7898E16
:10E8900023A6840A938767ED1CC0930704015CC418
:10E8A00023023401E38F0BF48547E393FBFA4DBF5A
:10E8B00003A5C40A39D99740FE1FE78040BD23A6AF
:10E8C000040AA1B7130A50046DB5011126CA4AC83B
:10E8D0004EC606CE22CC52C49787FE1F83A7878FD1
:10E8E000AE843289B68991C7F84BB7070004F98F17
:10E8F000A9E3EF604FE72A841305200459C07C4840
:10E90000898B8DC38347340691EF035744089307DF
:10E91000D02E63F9E70003576408994713055004A4
:10E9200063F1E70693F7D40F05476386E7006302B8
:10E9300009063145B9A0B7E700E003AA0700370789
:10E94000200023A0E718337AEA000F100000032507
:10E95000840A19C59740FE1FE78060B32324040A88
:10E9600023120408B7E700E023A047116312090A45
:10E970008D476393F4027C4823120408F99B7CC8FA
:10E980000145F2406244D2444249B249224A0561FB
:10E9900082809147E38FF4F84945E5B7F51493F485
:10E9A000F40F8547E3E797F8930550104A859740A1
:10E9B000FE1FE78060A12324A40A25DDB7E700E05D
:10E9C00084433707200023A0E718F98C0F100000BC
:10E9D0007C4893F7074091CF9305800C0545EF7075
:10E9E0005EF58357A40812058507BD8BC98F2315D3
:10E9F000F4080325840A4A86CE859720FE1FE78007
:10EA00006006B7E700E02312240923A097108DBF0A
:10EA10007C48918BC1F78D47E388F4F819BF411109
:10EA20004AC01779FE1F130969758327890526C215
:10EA300006C622C4AA842E8589CFF84BB7070004E6
:10EA4000F98F81CB3145B2402244924402494101C1
:10EA50008280EF604FD12A84130520046DD413F710
:10EA600014007C484DCB13F7170069FF03470406D9
:10EA70001377370361FB8988C1CC0327490D4545CE
:10EA800093E70740418B61D3C1657CC8FD15014503
:10EA9000EF70BEEC2314A408EFD09F8E93040408FB
:10EAA000B7050001C8C4FD150145EF709EED88C88B
:10EAB0009304040A15469775FE1F9385057C2685E9
:10EAC0009720FE1FE78000FAA685130500FBEFD014
:10EAD000CFD92685EF802FE27C485824A300A408D4
:10EAE000DD9B93E747007CC88547631FF7009305CC
:10EAF000800C0545EF70FEE38357C40612058507B9
:10EB0000BD8BC98F2316F406EF40407B014525BF1E
:10EB100093F7F7BF95BF0345D407CD9B7CC89307F8
:10EB2000F00FE303F5FEEF709E9CF9BF1777FE1F11
:10EB30001307C7643C5F011122CC26CA4AC806CE1F
:10EB40002E89B284368489E77C5F8DEB314521A81C
:10EB5000D04F9166F18EFDFA785F6DDB19C90547DC
:10EB60006309E5024945F2406244D24442490561E5
:10EB700082802AC6EFB09FAC3245F5B70547E31354
:10EB8000E5FE8297AA870DCD1147A30605047AA951
:10EB90001AADB4370547E387E6FC85C086BFA2BF40
:10EBA00001C41E04E3D084FC238927016244F2409F
:10EBB000D2444249BC570561828723AC0702EDB7B6
:10EBC0000D4555B7011122CC26CA4AC84EC606CEFD
:10EBD0002E893284B689BA84EF60EFB83DC5032828
:10EBE0004505AA8731451377082029EB1777FE1FC3
:10EBF0001307C75883469704454563E1260503C6B6
:10EC0000470B33568640058A15CA8326070D3706FB
:10EC10000800F18E85C60347870463619702238B42
:10EC2000870AA38A270BA38B370B11C0268413688E
:10EC30000810238C870A23AA07050145F240624485
:10EC4000D2444249B2490561828013052004FDB7D0
:10EC5000411122C406C62E84EF60EFB015C1784979
:10EC6000AA8731459376270081CA9376F7DF19C0CA
:10EC700093660720F4CB0145B240224441018280D3
:10EC800013052004D5BF011126CA4AC852C406CEB6
:10EC900022CC4EC62E8A3289B684EF80EF9D71C198
:10ECA000938701AE631D0900054798A30145F24013
:10ECB0006244D2444249B249224A05618280982383
:10ECC00085472A846315F700238001AE094AB7E718
:10ECD00000E083A907003707200023A0E718B3F955
:10ECE000E9000F1000004165130545F5EF804F9ACC
:10ECF00029C93C253EA583278411A1E3232CA41018
:10ED0000232EA410930710F8F9141CB52320050036
:10ED1000231625012304450144C18345940201457E
:10ED2000B315B028B3C505089740FE1FE78060D92A
:10ED3000B7E700E023A0371195BF8327C41188C32C
:10ED4000C1B79777FE1F83A7A70F91C795659385D6
:10ED5000555505458297B7E700E023A037111D45BB
:10ED6000B9B70945A9B76F303FD76F30DFDB6F30D8
:10ED7000DFE06F301FE76F30FFEC6F309FF96F30CF
:10ED8000FFF06F307FF482806F30FFFC034301009F
:10ED90001AC06F300FC96F300FD56F308FDB6F30F7
:10EDA000EFE16F30CFE76F304FEE6F30CFF2797118
:10EDB0001303F00F1AC81AC60343810306D61AC4F8
:10EDC000035341031AC2035301031AC0EF306FF714
:10EDD000B2504561828003530100035E4100834EBF
:10EDE0008100034FC100835F010176C47AC67EC8EB
:10EDF00072C21AC06F30EFF46F307F886F303F8E71
:10EE00006F303F976F30DF9A6F301F9E6F30DFA3F8
:10EE10006F307FAA6F30BFAE828082806F301FC19B
:10EE2000130705031E21110593C7F7FF231EF5FEE7
:10EE30008347E5FF93C7F7FF230FF5FEE314E5FED5
:10EE4000828099473305F50201110A86C14506CE35
:10EE50001305052033450508EF70FED209E5088645
:10EE6000F240056182800145E5BF011122CC26CA2E
:10EE70004AC84EC606CE81440144138951B09389D5
:10EE8000C1B083470900636AF400F240624442491A
:10EE9000B2492685D2440561828083A709001315F3
:10EEA000440019469305F00F3E959720FE1FE7801A
:10EEB00020D501E5850493F4F40F05041374F40FD1
:10EEC000C9B703A501B011CD411106C6EF708E89F7
:10EED000B24023A001B083C751B02382F1B04101F9
:10EEE000828083C751B02382F1B082805971A6D24B
:10EEF00086D6A2D4CAD083C741B0AA84639EA70095
:10EF00001384C1B208208545EF704E9B08208945C7
:10EF1000EF70CE9AEFF0FFFA1949338924035000BD
:10EF2000C145130409202285EF70FEC509C90144BB
:10EF3000B65022852654965406596561828019463A
:10EF40009305F00F48009720FE1FE78060CB65F126
:10EF5000480041469305F00F9720FE1FE78000B759
:10EF6000480871469305F00F9720FE1FE78000B612
:10EF70000818130600039305F00F9720FE1FE78083
:10EF8000E0B45000C1452285EF701EE650082A8487
:10EF9000F14513051920EF703EE55008498CF14505
:10EFA00013052920EF705EE41374F40F5008498CA8
:10EFB000C14513053920EF703EE31374F40F500878
:10EFC000498CC14513054920EF701EE21374F40FFC
:10EFD0005008498C914513055920EF70FEE01374D9
:10EFE000F40F498C1D651018930500032695EF70EA
:10EFF000BEDF1374F40F498C03C501871374F40F3B
:10F00000EF705ED935B7011122CC26CA4EC606CEA6
:10F010004AC80144EF309FF9938951B09384C1B03D
:10F0200083C709006369F400F2406244D244424954
:10F03000B24905618280884013194400194693053E
:10F04000F00F4A959720FE1FE78080BB11E58C40AA
:10F05000CA95E835EF30DFF505041374F40FC9B72E
:10F06000397122DC26DA4ED652D406DE4AD8014463
:10F07000EF30FFF6938951B09384C1B0194A83C72A
:10F080000900636AF400F2506254D2544259B259F2
:10F09000225A216182808840131944001946930541
:10F0A000F00F4A959720FE1FE78080B51DE53305D8
:10F0B00044030A86C1451305352033450508EF7022
:10F0C0009EAC1008C1450945EF70FEAB8C4014089A
:10F0D0000A86CA95E835EF305FF005041374F40F23
:10F0E00079BF011106CEEFF05FD80547894763630A
:10F0F000A700A9471306F100854513052004DC8706
:10F10000EFB03E9FF24005618280011122CC26CAF9
:10F110004EC652C406CE4AC80144938951B0938466
:10F12000C1B0194A83C709006367F402EFF0FFD347
:10F1300083C781B099C3EFF01FED83C771B099C346
:10F14000EFF01FF26244F240D2444249B249224AEF
:10F1500005616FF01FF93305440390401319440013
:10F16000C1454A961305052033450508EF70BEA139
:10F1700005C9884019469305F00F4A959720FE1F50
:10F18000E780C094884019469305F00F4A95190509
:10F190009720FE1FE78080939C40CA972396070024
:10F1A00005041374F40FBDBF2A2183C5C1B26FC01B
:10F1B0000EEB9947B385F502397122DC26DA4AD87D
:10F1C0004ED606DEA1472A84B2843A899389252047
:10F1D0006384F60093891520714681454800972085
:10F1E000FE1FE780A08E5000F1454E85EF70BE995E
:10F1F00005E18347E1012547E51793F7F70F6369B9
:10F20000F700CA86500093F514002285EF801EACEB
:10F21000F2506254D2544259B259216182807971BC
:10F2200022D426D24AD0AE842A893284814513065C
:10F2300000020A8506D69720FE1FE780208983C733
:10F24000218723102101230EF100B4843DCC83C714
:10F25000B1B203C781B25C8283C7A1B2DC8213560C
:10F260004748937777002206D18F135657482606D2
:10F27000D18F135767482A07D98F93F6868FD58F7A
:10F2800041469775FE1F9385651713056100FC8441
:10F290009710FE1FE780007D83C791B213F7170018
:10F2A00011C789C4B88413672700F8840347610134
:10F2B000A2850A85D98F230BF100EF803E93B250CF
:10F2C0002254925402594561828083C731B203C7E8
:10F2D00001B25C8283C711B2DC8213564748937730
:10F2E00077002206D18F135657482606D18F135721
:10F2F00067482A07D98F93F6868FD58F4146977531
:10F30000FE1F9385A50E13056100FC849710FE1F58
:10F31000E780407583C721B251B7011122CC06CED8
:10F320002A842EC632C49740FE1FE780208C05C574
:10F330005825A1472246B245631CF70083A701B1B7
:10F3400099CBDC4389CB22856244F24005618287F8
:10F3500083A741B1F5B7F240624405618280011193
:10F3600022CC26CA4AC84EC606CEAA8401441389B6
:10F3700051B09389C1B083470900636BF4003E84A8
:10F38000F24022856244D2444249B24905618280FA
:10F3900083A70900131544001946A6853E959710CA
:10F3A000FE1FE780C07D69FD05041374F40FE1B70B
:10F3B0005D71A2C4138401B01C40CAC04EDE86C673
:10F3C000A6C252DC56DA5AD82A89AE89A1EF630068
:10F3D000051A638E0518EFF09FF8938A51B083C722
:10F3E0000A00138A41B02300AA00636DF50281442C
:10F3F000138BC1B00DA083270B0013954400194651
:10F400009305F00F3E959710FE1FE780607F09E996
:10F41000850493F4F40F83C70A00E3EEF4FCBE8482
:10F4200023009A00938441B09C2003C751B063F03D
:10F43000E71418403DEB1947B387E7024A86C145F8
:10F440009387072033C50708EF701E9A1306000341
:10F450009305F00F0A859710FE1FE780206788202C
:10F460009D670A863E959305000333450508EF70B6
:10F47000BE979C2003A5C1B041469207CA853E9520
:10F480009710FE1FE780005E2320340103C501872B
:10F49000EF705E900145B640264496440649F25905
:10F4A000625AD25A425B616182801047014719CE8D
:10F4B00019473385E702F145130515203345050843
:10F4C000EF709E921C40054723A407001C40904B00
:10F4D00039CE88209947F1453305F50213052520DB
:10F4E00033450508EF705E901C40D04B23A8070001
:10F4F00029E2D04741DE88201949C145330525035B
:10F500001305452033450508EF701E8E88201C40EA
:10F51000914533052503D047410613055520334552
:10F520000508EF707E8C1C4023A6070085B7D04BE2
:10F5300005C288209947C1453305F50213053520DA
:10F5400033450508EF705E8A1C4023AA070055B7B3
:10F55000D04755F205FF83C781B099C3EFF0BFAA2A
:10F5600083C771B099C3EFF0BFAFEFF09FB7054508
:10F570001DB70111994722CC3304F50226CA0A8629
:10F58000AE84C14506CE130404203344040822850A
:10F59000EF706EDF19C50145F2406244D244056147
:10F5A000828019469305F00F0A859710FE1FE780A9
:10F5B000206575F138869377D70F89C49377F70F55
:10F5C00093E72700630CF7000A86C14522857C86F5
:10F5D000EF709E8103C50187EF70CEFB05456DBFBF
:10F5E000411122C426C206C601450144938451B08C
:10F5F0009C206373F40011C5B2402244924441013F
:10F60000828022850504EFF07F8E1374F40FCDB74E
:10F6100083C751B0637EF502011122CC06CE2E8441
:10F6200085C599473305F5020A86C14513050520AE
:10F6300033450508EF702ED501E919468A852285E4
:10F640009710FE1FE7800042F2406244056182800D
:10F6500082809947B307F5021D71A2CCCEC63284D1
:10F66000AE890A86C145A6CA86CE93870720CAC836
:10F67000AA8433C50708EF700ED111C90149F640BD
:10F680006644D644B6494A85464925618280194672
:10F690009305F00F0A859710FE1FE780605679FDED
:10F6A0009D67BE941008930500032685EF70AECDCC
:10F6B0002A8919C10549E1B70808EFF06FF663948C
:10F6C000090413060003814508089710FE1FE78010
:10F6D00020536DF113060003814508089710FE1FA3
:10F6E000E780C03E85470808238CF1B0EFF04FF368
:10F6F0001008930500032685EF700EEF03C5018700
:10F70000EF704EE945BF1C083E871623638536031C
:10F7100011079400E31BD7FE3DD09A2311C7910730
:10F720009800E39CE7FEA1BFB82323903701E303D1
:10F7300087F8A0A345BF3C23E38E87F620A35DF0A6
:10F740002310070045B7011126CA4AC84EC606CE87
:10F7500022CC52C49769FE1F9389896B03C5E900C7
:10F76000FD579305200412052386F1B29384C1B09E
:10F77000A38201B023A601B09730FE1FE780C0C46A
:10F7800088C0138951B005C183C7E9000144230033
:10F79000F900834709006360F40C83A78900638B39
:10F7A000070E238E01AE834709000544414681457B
:10F7B0001775FE1F130585C42382F1B0A38A8186C5
:10F7C00023A001B0A38501B2238501B29710FE1FCB
:10F7D000E780C02F93047007414681451775FE1FCF
:10F7E0001305C5C0238491B2238A8186A38401B204
:10F7F00023A201B2238101B2A38101B2A38001B28D
:10F800009710FE1FE780802C238091B223AE01B0B9
:10F81000A38C01B09547A389F186C1472389F1865E
:10F82000238C01B08947A388F186F2402388818622
:10F83000A387818623878186624423AA01B023A8F7
:10F8400001B0238401B0238301B0D2444249B249BC
:10F85000224A056182808840131A440019469305A4
:10F86000F00F52959710FE1FE780402688401946FA
:10F870009305F00F529519059710FE1FE78000259C
:10F880009C4005041374F40FD29723960700238736
:10F89000070001B7930700F8238EF1AE29B719715D
:10F8A000A6DACAD8CED6D2D4D6D286DEA2DC81449D
:10F8B000938951B01389C1B0194A9D6A83C7090061
:10F8C00063E3F40203C50187EF70CECC83C7090060
:10F8D000F65066542382F1B0D6544659B659265A8A
:10F8E000965A096182800325090013944400194641
:10F8F00022959305F00F9710FE1FE780201D03252A
:10F90000090019469305F00F229519059710FE1F5F
:10F91000E780C01B8327090041469305F00FA2979B
:10F920003384440323960700238707004800971079
:10F93000FE1FE780A01971469305F00F4808971045
:10F94000FE1FE780A018130600039305F00F0818A8
:10F950009710FE1FE7808017334404085000C1450C
:10F960001305042033450508EF700EC85008F14513
:10F970001305142033450508EF700EC75008F145F4
:10F980001305242033450508EF700EC65008C14505
:10F990001305342033450508EF700EC55008C145E6
:10F9A0001305442033450508EF700EC450089145F7
:10F9B0001305542033450508EF700EC333855401F9
:10F9C00010189305000385043345050893F4F40FDC
:10F9D000EF708EC1E5B5411122C4930705C006C67C
:10F9E000130720022E84B3C70708636EF70C17674E
:10F9F0000000130727DDB3C7E7209C43BA9782872F
:10FA000083C751871CA08147B24022443E854101F3
:10FA1000828083C791B293D72748EDB783C7B1B22D
:10FA2000D5B783C7A1B2F9BF41469775FE1F93852D
:10FA3000E59C22859710FE1FE780C002E9B783C7C7
:10FA400091B2858BC1B783C781B26DBF83A741B225
:10FA50001CC055BF83C7418775B783C721B265BF37
:10FA600083C731B245B783C711B269BF41469775A5
:10FA7000FE1F9385A59775BF83C721B2D9B783C7EA
:10FA800001B249B783A7C1B1E1B783C791B19DBFA7
:10FA900083C7318785BF83C72187ADB783C781B04F
:10FAA00095B783C771B0B9BFEFF02FBC08A0A1BF55
:10FAB00083C7E18681BF83C791B293D7374899B78F
:10FAC00083C721B2DDBF130700048947E36EA7F2A5
:10FAD000EF800EAA0AA005BF011106CE22CC26CACD
:10FAE0004AC84EC652C4EF80CEF93DED03C761B09F
:10FAF00085472A84938451B0630CF7021389C1B0FF
:10FB0000054A9C206370F40483270900931944007C
:10FB1000CE97FC27639A47012285EFF02FBD8327FC
:10FB20000900CE972387070005041374F40FD1BF93
:10FB3000EFF01FAB9820238301B083A7C1B0B907B2
:10FB4000631DE400EF702ED06244F240D24442497B
:10FB5000B249224A05616FF04FDB0504238007009C
:10FB60001374F40FC107E9BFF2406244D244424922
:10FB7000B249224A0561828079714AD04ECE52CC78
:10FB800006D622D426D256CA938951B0894703C4D7
:10FB900009002E8A3289630AF50663F1A7028D47B0
:10FBA0008144994A630AF506B25022852254925440
:10FBB0000259F249624AD24A456182802E85EFF0AD
:10FBC0000FFA83C709002A84E370F5FEE30E09FCEF
:10FBD0001946D2854A859710FE1FE780A0E8E9B74D
:10FBE00003A50A009397440019463E95D28519054E
:10FBF0009710FE1FE780A0F829ED850493F4F40F19
:10FC000003C40900E3EE84FC45B78144938AC1B084
:10FC1000C5BF850493F4F40F03C40900E3F684F828
:10FC2000338554030A86C14513053520334505083D
:10FC3000EF607EF579FD41469305F00F0A85971038
:10FC4000FE1FE780E0FB71F5D2850A85EF800E9AF2
:10FC500069F183C7090063E4F4002684B1B7E30EB9
:10FC600009FECA852685EFF0BF9AC5BF797126D2F5
:10FC700006D622D44AD0AA8402CC231E0100973093
:10FC8000FE1FE780A0F60DCD1389418703470900C9
:10FC900089476307F702930565002A8448313008D5
:10FCA000EFF09FED83C751B06372F5022AC6EFF003
:10FCB0004F99B2452A860547A1462685EFF06FCFBA
:10FCC000B250225492540259456182808347090000
:10FCD00091E795452685EF80EED7DDB70547E3919F
:10FCE000E7FE4C3001462685EFF06FD3D1BF0111FE
:10FCF000C16726CA06CE22CC4AC84EC6FD17AE84BE
:10FD00006309F5069730FE1FE78040EE2A845149CB
:10FD100029C993056500483101465549EFF0DFE5F3
:10FD200083C751B06376F500A685EFF09F84014943
:10FD30008DC82285EFF04FC72DA0A6852285EFF054
:10FD40005F8311C1014905041374F40F83C70900CF
:10FD5000E365F4FE99C417F5FFFF13052545EFF0A1
:10FD60004EBDF2406244D244B2494A8542490561DF
:10FD7000828001445549938951B0C9BF0111C167BF
:10FD80004AC84EC606CE22CC26CA52C4FD172E89BA
:10FD9000B2896300F5069730FE1FE78020E5D14465
:10FDA00021C19305650048310146D544EFF0DFDC01
:10FDB00083C751B06376F5024E86CA85EFF07F891E
:10FDC000814439A84E86CA852285EFF09F8811C1EB
:10FDD000814405041374F40F83470A00E364F4FEBE
:10FDE000F24062444249B249224A2685D244056122
:10FDF00082800144D544138A51B0F9BF411122C415
:10FE000006C61384C1B20C2023AAA1B06145EF80BD
:10FE10000ED008202244B24041016FD04EB64111AD
:10FE200006C622C426C28DEDAA85AA8437450F00D6
:10FE3000130505243375A602EF707EF52A8401E9C7
:10FE40000144B240228522449244410182809307BA
:10FE5000E00FE308F5FE85452685EF80AEBFD5B7F8
:10FE6000EF804EBFF1BF138751871C2383C591B22A
:10FE700093E707F81CA36F80AEB25971A2D4328405
:10FE80005000CAD0D2CC86D6A6D2CECE2A89368A07
:10FE900002C223140100EFF03FCE83C751B0637458
:10FEA000F50EAA84EFE0FFF99147AA896316FA0CD0
:10FEB00003C75187791713371700914619493389BA
:10FEC00024034E86A6852285EFF0AFAE51468145CC
:10FED00068009710FE1FE78060BF70003349090873
:10FEE000C1451305492033450508EF60DEC905E922
:10FEF00041469305F00F68009710FE1FE78040D041
:10FF000019ED700891451309592033450908EF6030
:10FF10009EC7700093F519002285EF800EAD9D6796
:10FF2000BE9410109305000333C50408EF60BEC5EE
:10FF300019ED0810EFE0DFEE04108E2089C5B02027
:10FF40002285EFB03EF591049C08E398F4FE93F906
:10FF500029006387090083C5C1B22285EFB03E90B6
:10FF600091476314FA0403C751878947631FF70257
:10FF70002285EFF05FEF15A803C741877917133784
:10FF80001700D28625BFA147E31CFAFC03C74187AF
:10FF90008947631CF7000146CA852285EFF02FA828
:10FFA000014681452285EFF04FB7B650265496544E
:10FFB0000659F649664A014565618280411122C4AD
:10FFC0002A8406C6EFF02FF8238681B22244B2407D
:10FFD00041016FF08F931D7186CEA2CCA6CACAC80C
:10FFE000CEC6D2C4D6C2EF209FFF83C7F18699CB7D
:10FFF0000144138A51B01389C1B0994A83470A005A
:020000022000DC
:10000000636BF400F6406644D6444649B649264A36
:10001000964A2561828003250900931944001946F8
:100020009305F00F4E959710FE1FE78060BD29E9FC
:10003000B30454035010F145B3C4040813851420CD
:1000400033450508EF603EB405ED0347F103930720
:10005000F00F6317F7025000C14513853420334574
:100060000508EF605EB25008C1450945EF60BEB1BA
:100070008325090054085000CE95E835EF20FFF5A0
:1000800005041374F40F9DBF5D71A6C2CAC0930727
:1000900005C086C6A2C44EDE52DC56DA5AD8130713
:1000A00020022A89B284B3C707086368F74E17573E
:1000B00000001307E779B3C7E7209C43BA9782870C
:1000C000854761446393F5021C220947636FF7007B
:1000D000A38AF186014411A8854761446397F5001E
:1000E0001422138791B263FAD50CB64022852644B8
:1000F00096440649F259625AD25A425B6161828043
:1001000085476144E393F5FE1C221147E36FF7FC3A
:10011000A385F1B2C1B785476144E398F5FC1C2281
:10012000E3E5F5FC2385F1B275B7C1476144E39E71
:10013000F5FA4146A6851765FE1F1305252C971075
:10014000FE1FE780209279B785476144E39FF5F869
:100150001422138791B2E3EAD5F81C2363810620A9
:1001600093E71700B9A885476144E390F5F81C228E
:100170002384F1B285B791476144E398F5F61842BC
:10018000B7470F009387F723E3E1E7F623A2E1B235
:1001900091B785476144E39AF5F41C220947E36669
:1001A000F7F4238AF1863DB785476144E39FF5F272
:1001B0001422E3ECD5F2138721B21C2389C693E7FE
:1001C00047001CA301BFED9BEDBF85476144E39E43
:1001D000F5F01C221147E36AF7F0A381F1B2DDBD0F
:1001E00085476144E393F5F01C22E3E0F5F0A3803A
:1001F000F1B2CDB5C1476144E399F5EE4146A6851C
:100200001765FE1F1305851E1DBF85476144E39ECC
:10021000F5EC1422E3EBD5EC138721B23DBF854703
:100220006144E394F5EC1C222380F1B265B591475B
:100230006144E39CF5EA1842B7470F009387F72320
:10024000E3E5E7EA23AEE1B071B56144E39F05E879
:10025000EF802E8301E9EFF0AFB8EF60DEDEEFE074
:10026000DFEA8DBD85472383F1B0ADB59D4761447D
:10027000E39DF5E693851400194668009700FE1F7C
:10028000E780407E882050086C00EFF0FF8E83C727
:1002900051B0AA840944E37AF5E44808EFE0DEC9E6
:1002A0002A8409E92685EFE07FC4EF60DED9EFE01C
:1002B000DFE525BD83A7C1B09204A6970547F8A73F
:1002C000594425B59D47639EF5081946938514004A
:1002D00068009700FE1FE780E078882001466C00E8
:1002E000EFF09F8983C751B06377F5049947B30452
:1002F000F5025008F14593841420B3C40408268500
:10030000EF607E882A8415E51307A0419307F00F5C
:100310006313E90085475008F1452685A307F102DC
:10032000EF609EAC03C50187EF60DEA6EFF0BFCAA9
:100330006DBB0944E5BF83C7C1AF0944E38707DA52
:100340001387B1AF9306A0411C23631AD90093E72A
:1003500017001CA31D46A685138541AFCDB3F99B9D
:100360008DB585476144E392F5D81387B1AF930605
:10037000A0411C236315D50093E7270099B5F59B91
:1003800089B5A3870186EFF01FC5A9B38547A38769
:10039000F1860144138951B09949130AF00FFD5AAF
:1003A000138B018783470900E37FF4FCB304340314
:1003B0005008F14593841420B3C404082685EF60E7
:1003C0008EFC05E18347F102638D47015008F1453A
:1003D0002685A3075103EF603EA103450B00EF60A4
:1003E0007E9B05041374F40F75BF85476144E39E3B
:1003F000F5CE1C22E3EBF5CEA38CF1B0E1B9854735
:100400006144E394F5CE1C222547E360F7CEA3892F
:10041000F186C9B185476144E399F5CC1822A54618
:10042000930797FF93F7F70FE3E1F6CC2389E18673
:1004300055B185476144E39AF5CA138781B01C2200
:1004400014231CA3E39806C8E396B7C809BD8547E3
:100450006144E39CF5C8138471B01C2218201CA0D1
:1004600009E76394B700EFE05FCA0820EF207FB789
:1004700095B185476144E39AF5C61C220D47E366B2
:10048000F7C6A388F186B9B185476144E39FF5C4F7
:100490001C222388F1863DB90545EF60BE8F1DB94A
:1004A00085476144E393F5C41C222387F1861DB17F
:1004B000930740026144E39AF5C288300146938570
:1004C0002400EFF06FEB83C751B06364F50009447B
:1004D00029B999473305F5029820A1473349050802
:1004E000631FF702130929205008F1453349090811
:1004F0004A85EF604EE92A8415E593858400480813
:100500006D469700FE1FE780E0555008F1454A858B
:10051000EF609E8D03C50187EF60DE87F9B6130992
:100520001920D9B70544D1B61767FE1F0357478F67
:10053000930740046D44E3FAE7BA85476144E396C4
:10054000F5BA1C22E3E3F5BA81CF83A701AF554486
:10055000E38D07B8138791B21C2393E7870095B109
:10056000138791B21C23DD9BA9B91767FE1F0357A0
:10057000278B930740046D44E3F9E7B68547614450
:10058000E395F5B61C22E3E2F5B6F9DB83A701AFEC
:100590005544138721B2E9F389BE93070004E3E8C9
:1005A00027F38947E395F5F226448E20B64096441A
:1005B000F259625AD25A425B4A85064961616F70AC
:1005C0001ED5797106D622D426D23C215147E9178F
:1005D00093F7F70F6367F704175700001307073007
:1005E000B3C7E7209C432A84BA97828726255025E3
:1005F0005435268532C636C49720FE1FE780005F3B
:10060000AA8705C1D827A147A24632461305340060
:10061000631EF70283A701B1A68599CB9C4389CBC2
:1006200082978544B2502254268592544561828037
:1006300003A5C1B1EF70AEF56DD59307E00FE302EE
:10064000F5FE85452685EF70FEC0E1BF83A741B169
:10065000A68599C39C43E9F703A541B2E1BF2E25C6
:100660002E852EC49720FE1FE7804058AA8755D9B3
:10067000D827A147A245130534001306C4009306EA
:10068000C4016319F70083A701B1C1DF9C47D1DB27
:10069000829741BF83A741B1CDBF10314DEE7C2180
:1006A000858BCDCB83A701B0D5E7814541460808AE
:1006B0009700FE1FE78080414C48A5C5FC291946DC
:1006C000C105A30FF10008089700FE1FE7808039DD
:1006D000B8867C2093D72748D98FFC86EFE0EFF8C7
:1006E00083C751B0639FA70083C7E18699C3EFF02A
:1006F0000F9B9757FE1F83A7A77481C78545214588
:100700008297EFE08FF6A2850808EFE07FCAAA84FF
:100710001DE5894503C5C1B29720FE1FE780603AF9
:1007200011B74A209720FE1FE780404CE30B05EEEF
:100730005C31194693056500A30FF10069B71030CD
:100740004A208545EFE07FBD55468D454A20EFE0C4
:10075000DFBCC1BD01468545D5BF183099474A2148
:100760006318F7029720FE1FE7804048AA840DC156
:1007700083C7118709476386E7020D47638DE7004A
:1007800005476397E7004C314A200146EFE03FA957
:100790001030894565BF0146814513050041EFF0E2
:1007A000BF8E4E2088201546EF70FEADD5B793055D
:1007B000450028310146EFF02FBC83C751B0E372EA
:1007C000F5E699473305F5021306C4009145130574
:1007D000552033450508EF602EE103C50187EF6022
:1007E0006EDB81B583C791B14A2181C783C531874B
:1007F00099BD83C7518799E39545B1B59720FE1FF1
:10080000E780C03EAA84E30E05E03C244831858B96
:1008100085C7854763F2A7025E2493F7072089EF17
:10082000100893856400EFF02FB583C751B063952E
:10083000A7004A208D4501BDCC304A201306840014
:10084000EFE0FF9D0146814511B74A21EFF00FC24D
:10085000C9BB4A21EFF04FA8138751871C2393F798
:10086000F7071CA37DBB797126D206D622D44AD0C5
:100870004ECE52CCAE849397556063D9070803C51A
:10088000C1B29700FE1FE780E0142A8431C11C2109
:100890001307100B6389E7041307000D6384E70255
:1008A0001307000B6393E7025821F9476316F7001B
:1008B0002A218145EFF0AFC34C2013058400EFA03F
:1008C0001EB821A0EFF0FFCF01C52285EF508EE9C1
:1008D0001394F468B2502285225492540259F2497A
:1008E000624A456182805C21EDF312256E212A2146
:1008F000238C01B0EFF08FC883C781B1F9D703C54E
:100900000187238C01B0EF60EEC8C1B793F72500D3
:1009100095C381450145EFE0BFA99387C1B28945E1
:1009200011C18545882313C424009720FE1FE7804A
:1009300040194DB793F71500DDCB138901B083271C
:1009400009001384C1AE03DA47001C4081EFC16582
:10095000138781AE89461386C192FD150545EFB018
:10096000AEF808C00C4093C4140085E98327090041
:1009700001468545CA2333C40408EFE01F9A832744
:10098000090001468D45CA23EFE03F9903C5018761
:10099000EF604EC0EFE0EFD235BF938981AE03D652
:1009A00009009308F00F094881471307E10074001C
:1009B0005285EFB0BEC401E9308611C61C40528595
:1009C000AE27EFF0AFBB084003D60900C1658146F2
:1009D000FD15EFB03EB808C033C4040841D98545C1
:1009E00003C5C1B29720FE1FE780A00DE5B513F443
:1009F0004500E30104EE13C44500E9BD3421F1478D
:100A000063EFD72617570000130787F2B3C7E62016
:100A10009C43411122C4BA9706C626C22A84828703
:100A20001C319384C1B5D1E741469765FE1F93857C
:100A3000E59E1765FE1F130565A09700FE1FE78062
:100A4000001429E91766FE1F1306469FC145094594
:100A5000EF608EB91766FE1F1306469DC1450D4512
:100A6000EF608EB803C50187EF60CEB29305340006
:100A7000138581B419469700FE1FE780A0FE8547C5
:100A8000854503C501B69CC09720FE1FE780600323
:100A90008840D9A041469765FE1F93852597176525
:100AA000FE1F1305A5989700FE1FE780400D59D93A
:100AB00075BF99479CC0E9BF18313C3129E309470C
:100AC0006394E7021387C1B51C438145014593F741
:100AD000F7F093E707021CC3EF906ED908B0B2405D
:100AE0002244924441018280054781450145639536
:100AF000E700EF906ECBDDB7EF90AEBEC5B709470C
:100B0000E38FE7FC1387C1B51C43C19B13E5670066
:100B100008C399A01C319384C1B5BDEF8D47639F75
:100B2000F604138771B51C239396476063DC0600B7
:100B300093F7F707894503C501B61CA39720FE1F4D
:100B4000E78020F89C40914613F7F7006311D70225
:100B5000C19B13E5570088C083A701B3C9D39C4349
:100B6000BDDFA2852244B24092444101828789467A
:100B7000E307D7F6C19B13E52700F1BF238C01B42F
:100B80009C40954613F707FFBD8B13653700E39430
:100B9000D7FC13654700C1B79C40C19B13E56700B4
:100BA0005DBF9384C1B59C401831C19B11EF93E7A1
:100BB00047009CC032259305450028319146EFF04F
:100BC000CFAB238C01B4E9B5930610036317D700AC
:100BD000238C01B493E73700F1BD93E76700D9BDDB
:100BE000EFF03F9E1387C1B51C43954613F6F700FF
:100BF000C19B13E53700E31DD6F013E5270009BFBD
:100C00009384C1B59C40183193F7F7F021E34D4729
:100C1000639AE60293E70701138761B59CC01C2322
:100C20009396476063DC060093F7F707914503C589
:100C300001B61CA39720FE1FE780A0E89C401395F7
:100C4000872919BF93E707029CC0CDBF93E707032D
:100C5000E5BF1386C1B51842FD770C319387F70FB6
:100C60007D8F9367073081E9ED4593670720639493
:100C7000B600936707101CC213959729F1BD8280B7
:100C80001821930610096307D7009307000D630E20
:100C9000F702828014313947639BE60256210567CB
:100CA000130757406395E6021C451307F007838539
:100CB0003700638EE50003A701B311CB584301CB86
:100CC0008833BC23A2075D8D02876FF03FD38280FB
:100CD000011126CA06CE22CCAE849397556063DFFD
:100CE000070A03C501B69700FE1FE780A0CE2A843D
:100CF00009C983C791B389EFEFF09FF82285EF50C0
:100D00006EA61395F468F2406244D2440561828075
:100D10001C211307000D639BE7043C2181E7EFF0E2
:100D20003FF601A81547639CE7005825A147E395C6
:100D3000E7FCA28503C581B3EF50EEA7D9B72147E1
:100D4000E38FE7FC99466394D7007C31CDB71D470C
:100D5000E394E7FA4A219720FE1FE78020E959DD56
:100D60005825A1472285E319F7F8E1B71307200AB0
:100D7000E384E7F813071009E393E7FA1831B9475A
:100D8000E31FF7F85A21856793875740E319F7F86F
:100D90001C458833BC23A2075D8D75BF9167ED8F1D
:100DA00091CF138601B591451145EF60EE8303C5E0
:100DB0000187EF503EFE1395E468B1B793F7150035
:100DC000BDCB83C781B5A9C7EFE06EBC9757FE1FA7
:100DD00083C767056361F5048D475C8283C7C1B330
:100DE0005C864C0083C7B1B303C501B6DC86EF80D7
:100DF0009EDD19CD9387C1B5884341991365650080
:100E000088C383A701B389C79C4399C3814582974F
:100E100013C51400CDBD83C771B45C82194683C766
:100E200061B4938501B413056100DC829700FE1F55
:100E3000E78040C365B793F7250095CB83C771B5AD
:100E4000858B9DC303C501B6EF904E8411CD93876A
:100E5000C1B588431375F5F088C383A701B389C76B
:100E60009C4399C38145829713C5240069BD13F53E
:100E70004500E30A05E883C761B58DC703C501B620
:100E8000EF90CE8305C11387C1B50843FD779387E3
:100E9000F70F7D8D08C383A701B389C79C4399C30E
:100EA0008145829713C54400B9BD397122DC26DA29
:100EB0004AD84ED652D406DE2A8AAE893289B68402
:100EC0003A843EC69720FE1FE78040D229C17E2586
:100ED000324663EB37016369F9001E296396970078
:100EE0003E296145638D87002C085285231C310102
:100EF000231D2101E486E087EFD0BEED0145F250CD
:100F00006254D2544259B259225A216182805145C9
:100F1000FDB7411122C406C69757FE1FA388A7201C
:100F2000328481C52E85EFE07FED83A7C1B58DEBBF
:100F300019C023A881B22244B24003C6A1B383C51D
:100F400091B503C501B6938701B51757FE1F130767
:100F5000E74D9756FE1F9386664E41016FA0AE8601
:100F6000B24022444545410182809757FE1F83C706
:100F700087EB89EB614582806145B240224492440F
:100F800041018280411126C206C622C4938401B663
:100F900080209307F00FE311F4FE170500001305FE
:100FA00065D3EF50CEF688A0E30885FC23A801B2F4
:100FB00023AE01B49147A38CF1B4EF609EE24146A9
:100FC00081451755FE1F130565479700FE1FE780F3
:100FD000E0AF414681451755FE1F13052545970093
:100FE000FE1FE780A0AE23A801B4A38301B423832E
:100FF00001B49D471756FE1F13064644C1450945D7
:10100000238EF1B2A38D01B2EF50FEB71756FE1F2B
:101010001306C641C1450D45EF50FEB641469755F2
:10102000FE1F9385A5411755FE1F1305253F970009
:10103000FE1FE78020A341469755FE1F9385053F7D
:101040001755FE1F1305853C9700FE1FE78080A102
:10105000138601B591451145EF50FEB2014531BFF0
:101060001757FE1F1307470CFD575CB37CA3A38CD7
:1010700001B40547238CE1B423A801B41947239B8D
:10108000E1B20567130707C8239AE1B2238CF1B2D6
:101090008D47238D01B2A38C01B2A38AF1B4238AB8
:1010A000F1B419468145138501B41703FE1F67008B
:1010B000E3A1411122C4930705D006C65D472E84E3
:1010C000B3C707086367F70C175700001307878D2E
:1010D000B3C7E7209C43BA97828783C791B51CA00A
:1010E00019A841469755FE1F9385453522859700DF
:1010F000FE1FE78020978147B24022443E85410190
:10110000828041469755FE1F93854532C5B783A718
:1011100001B59CC1CDB71946938581B4C1BF83C7C2
:1011200081B575BF2E85EF908E80F1B72E85EF903B
:101130002E82D1B783C771B45DB783C761B445B799
:101140001946938501B45DB783C7C1B349BF83C74F
:10115000B1B371B783A7C1B559B783C7A1B341B7BD
:1011600083D761B31EA041BF83D741B3E5BF83C717
:1011700051B5B5B783C741B59DB72E85EF902E8089
:101180009DBF83C771B593F7F70791BF83C761B55B
:10119000B9B7130700048947E360A7F6EF605EBDA7
:1011A0000AA091BF2A879307F7CFD9462E85B3C7E8
:1011B0000708B28563EDF62497560000938686846F
:1011C000B3C7D7209C43411106C6B69782874147D3
:1011D000E147631EE50241461755FE1F130505262C
:1011E0009700FE1FE780008815A04147E147631084
:1011F000E50241461755FE1F13054523D5B7114794
:10120000E1476316E5001C4223A8F1B48147B240D0
:101210003E85410182800547E147E31AE5FE1387D9
:1012200081B51C2214231CA385C2EDF303A7C1B50D
:101230003D8B93074002B3D7E700858BE1DB03C505
:1012400001B6EF80DEACD9B7F1D383A7C1B5638611
:10125000A700BD8BF517E36BF5FA854503C501B60D
:101260009720FE1FE780E08555B79307C01C63EC0D
:10127000A718630A0618B24041016F809EC6930703
:10128000C01C63E2A71863000618B24041016F80DA
:10129000BED10547E147E31CE5F61822A946E3E87D
:1012A000E6F6A383E1B49DB70547E147E311E5F610
:1012B00018228D46E3EDE6F42383E1B481BF19479C
:1012C000E147E316E5F41946138501B411BF05475C
:1012D000E147E31EE5F218229D46E3EAE6F2238E9B
:1012E000E1B22DB70547E147E313E5F218228D4639
:1012F000E3EFE6F0A38DE1B211BF0547E147E31844
:10130000E5F01C22238DF1B211B70947E147E31044
:10131000E5F0122205671307A7C79306A6FFB3C619
:101320000608E366D7EE239BC1B2CDB50947E14776
:10133000E31FE5EC122205671307A7C79306A6FF74
:10134000B3C60608E365D7EC239AC1B2C1B50C2237
:1013500003C641B5A38AB1B40145EF101FC97DB5DD
:10136000102283C551B5238AC1B4FDB79307C01CB1
:1013700063EBA70849CAB24041016F805ECF0547C1
:10138000E147E316E5E8138771B514231C22858A2B
:101390001CA313F6170091C6E31A06E6EF805EB1B0
:1013A000B5B5E30506E683A6C1B5B98A8945E397D5
:1013B00006EA93E707F81CA391BD0547E147E31848
:1013C000E5E4138761B51C2214231CA391C6E39F97
:1013D00007E2EF805EB01DBDE38A07E283A6C1B5D8
:1013E00093F6060FF9D6914595BD9307000463EE79
:1013F000E70089468947E31CD5E0B2400E223A85D2
:1014000041016F60DEF0E14719B5894709B59307DF
:10141000000463E9E700894689476316D5000E2278
:101420003A85C5B789473E8582806F105FBC411100
:1014300006C6EFA06FC617D5FEFF1305C587EF5090
:101440000EADEFC0CEF31775FEFF130545F7EF5055
:101450000EACEF607EF217A5FEFF1305E502EF501C
:101460000EABEF909EFF17F5FEFF130545CEEF5034
:101470000EAAEFE09EE117F5FFFF1305053FEF50C1
:101480000EA9EFE0BFB317C5FEFF130545EBEF5004
:101490000EA8EFB07EE7B24041016FF01FAD83A709
:1014A000C1B603A741B601456313F7008280F62356
:1014B00099E2D62336959C43C5BF1757FE1F1307E5
:1014C00027951C435A23411193860711E117BA97B8
:1014D000856523A6D1B623A2F1B606C69D0513568F
:1014E000370063F4E500130600203387C60023A409
:1014F000E1B6611698C2D2A2239306001CC3998F4D
:10150000E1175EA323130700EFF07FF9B24097576E
:10151000FE1F239EA78C4101828083A7C1B603A72B
:1015200041B601456313F7008280F62381E6D62396
:101530003375D50A9C43FDB79C211CA1BE211CB16B
:10154000BE21A1833CA1DC213CB11145828023AAAC
:1015500001B623A801B682800DCD411122C426C256
:1015600006C6AA842E84014585C122854146974539
:1015700000009385E54E97F0FD1FE780A04E9C206C
:1015800005455CA49C305CB4B240224492444101C5
:10159000828001458280011122CC26CA06CE89476D
:1015A000AA843284639FF5006384B6024147814771
:1015B0006397E6048A85EFF03FFA41468A852285E3
:1015C00015A841476393E504638FF600639FB60255
:1015D0002E86A2856244F2402685D244056117F327
:1015E000FD1F6700C3598A853285EFF0FFF641463B
:1015F0008A85268597F0FD1FE7806058AA87F2400C
:101600006244D2443E85056182808147CDBF23AAD2
:10161000A1B68280011122CC622106CE26CA4AC818
:101620004EC63DC8832985002A88AE8403C90900B7
:1016300081471317496063550702B147054563F6B3
:101640008704035528005114334404084E86338719
:101650008900A2868545EFE07E9AB337A000850712
:10166000135569487D141379F903334404089CA089
:1016700088B023812401C2A0014719C01387190033
:1016800098C409476383E7000145F2406244D244AD
:101690004249B249056182800545C5BFC167F91756
:1016A000630AF502D94763F7B702011122CC2EC6AF
:1016B00006CE2A84EFC0EEBCB2456368B500228531
:1016C0006244F24005616FD01EA4F24062440545B9
:1016D0000561828005458280C167F9176314F500B2
:1016E0006FC02EBA411106C6EFD0DE9011E15D4504
:1016F000B2404101828039714ED652D45AD05ECE6A
:1017000006DE22DC26DA4AD856D22A8A2E8BB28905
:10171000B68B15E7EFF05FFC9145EFC06EC32A84EE
:101720004D49854A19EDF2506254D254B259225AA9
:10173000925A025BF24B4A854259216182803A8477
:10174000814A230034018544630A0B00DE851305BA
:101750001400029B93041500B3C4040893994960D4
:1017600063D30902C1455285EFD0DE96654915E580
:1017700033069400A6852285EFE0AED92A8911EDC3
:10178000B104B3C4040891472C0052857C8422C65E
:101790006485EFD06EAE2A8959D5E3860AF8228592
:1017A0009710FE1FE780A0CEBDBF011122CC26CA34
:1017B0004AC84EC606CE2A893284B689EFF0BFF3F6
:1017C000AA8419ED83A741B781CF05476317E400C9
:1017D00003C4090005041374F40FA2854A85829797
:1017E000F24062444249B2492685D2440561828072
:1017F000AE860147054697050000938525D46FF016
:10180000DFFA9E211CA19E21A1831CB10945828083
:10181000BC2105471CA18A216397E7000A0505053D
:10182000334505088280C9473305F502CDBF8A21BB
:101830000A05334505088280BE211CA18A21BE21EC
:101840003305F50205053345050882808A2182802B
:101850008A2182808A218280BE211CA18A21BE2108
:101860003305F50205053345050882809E211CA13C
:101870009E21A1831CB1BE213CA1BE21A1833CB10C
:10188000CA2111053345050882809E211CA19E2195
:10189000A1831CB1AA210905334505088280894727
:1018A00011456398F6001C3214220145A207D58F1A
:1018B0001EA382809A21D947AE8663FAE7000147CA
:1018C0000D4697050000938505F46FF01FEE09455E
:1018D00082801145639DA6001C3214220145A20797
:1018E000D58F1EA33C323422A207D58F3EA382801F
:1018F000BC210547FD1793F7F70F6362F7049E219C
:101900009DCF011122CC2A84C84106CE2EC61DC10E
:1019100089459710FE1FE780C0C32A87228562444D
:10192000B246F2401546970500009385A5EE056185
:101930006FF0BFE7F24062440945056182800945C6
:101940008280954763F0D706411122C426C24AC05F
:1019500006C61C323A841822A207B284D98F1EA070
:101960003C32382293854400A207D98F3EA0894794
:101970005CA0094613055400368997F0FD1FE780E7
:10198000600E194781476304E90093876400691971
:1019900023142401B2405CC422449244024901450C
:1019A00041018280114582809E219DCF011122CC70
:1019B0002A84C84106CE2EC61DC185459710FE1F3C
:1019C000E78020B92A8722856244B246F2401D464C
:1019D000970500009385E5E505616FF01FDDF24096
:1019E0006244094505618280094582809947B28534
:1019F0006388F600D147114541466384F600828032
:101A00000946411106C650A39C3194211305570085
:101A1000A207D58F1EA3BC31B4219105A207D58F93
:101A20003EA397F0FD1FE780E003B240014541016E
:101A300082809E219DCF011122CC2A84C84106CEEE
:101A40002EC61DC189459710FE1FE78080B02A87EA
:101A500022856244B246F2402546970500009385F0
:101A6000E5DD05616FF07FD4F24062440945056110
:101A7000828009458280894711456398F6001C32AF
:101A800014220145A207D58F1EA38280011122CC0A
:101A90002A84C84106CEAE8601C92EC68545971058
:101AA000FE1FE78000ABB2462A8722856244F240DF
:101AB0002D46970500009385A5D905616FF0FFCEEF
:101AC0006FF03FE1011122CC2A84C84106CEAE86D8
:101AD00001C92EC685459710FE1FE78080A7B24634
:101AE0002A8722856244F240354697050000938597
:101AF00065D605616FF07FCB93F71600114581EB3A
:101B000089476386F600858256A310C3014582800B
:101B1000011122CC2A84C84106CE2EC61DC185459E
:101B20009710FE1FE780E0A22A8722856244B24612
:101B3000F2403D4697050000938505D205616FF0A0
:101B4000DFC6F24062440945056182809E219DCF37
:101B5000011122CC2A84C84106CE2EC61DC189455A
:101B60009710FE1FE780E09E2A8722856244B246D6
:101B7000F240454697050000938545CE05616FF01C
:101B8000DFC2F240624409450561828009458280D6
:101B9000854763F4D70208A70CB71C320C2209450D
:101BA000A207CD8F81456384A60093052600F91610
:101BB0001EA336A34CC30145828011458280014794
:101BC00081464D4681456FF05FBE8D47114563F5F7
:101BD000D7021C320C22A207CD8F1EA33C322C222E
:101BE000A207CD8F81456384A60093054600F116B8
:101BF0003EA356A30CC701458280011122CC2A8442
:101C0000884506CEAE8601C92EC695459710FE1FA3
:101C1000E7802094B2462A8722856244F2405D46DE
:101C2000970500009385C5C405616FF01FB885470F
:101C300011456395F6001C2201451CA382800147D3
:101C40008146654681456FF05FB6011122CC2A843A
:101C5000C84106CEAE8601C92EC68D459710FE1F1F
:101C6000E780208FB2462A8722856244F2406D4683
:101C7000970500009385A5C105616FF0DFA70111ED
:101C800022CC2A84C84106CEAE8601C92EC68D4517
:101C90009710FE1FE780E08BB2462A8722856244B8
:101CA000F240754697050000938565BE05616FF0AB
:101CB0009FA4397126DAAE84B70540004ED6F915D7
:101CC000AA89054506DE22DC4AD8EF409ECB1314D4
:101CD0006529973500009385251741460A85EF2031
:101CE0004E94414697350000938505160808EF206D
:101CF0004E9393178400135904013347040821833A
:101D0000D98F1379F90F10088A854E857C87A30631
:101D10002101EFA04F808347E1010347D101A0B02B
:101D2000A2074207BA970347F1012180C0A0BA97E2
:101D30009CA013D78700C18398B0BCA0A3822401C4
:101D4000F2506254D2544259B25921618280011139
:101D500019469745FE1F9385450D1745FE1F130530
:101D6000E54F06CE22CC26CA4AC891644EC697F0EB
:101D7000FD1FE78020CF9385F4FF0145EF40FEBDB6
:101D80002A84FD550145EF40DEBFA287FD147D5931
:101D900033F79700B366E500CDC6631425016302EF
:101DA000970A1744FE1F1304643D2308F40EA18311
:101DB00093E707FC1169C1692326A40EA308F40E5A
:101DC0007D19FD19CA850145EF403EB9AA84FD552C
:101DD0000145EF401EBBB3679500EDD7FD57631477
:101DE000F500E38124FF0357040E93570501230AEE
:101DF000F40E93578501A30AF40E8356240EB347BD
:101E00000508B98F0357440F230B940EA18093F458
:101E1000F403358FA30B940ED98F8356440E0357CA
:101E2000640F2319A40E358FD98F93975760B3F79A
:101E30003701C9DBF2406244D2444249B2490561EC
:101E40008280A6850145EF405EB12A84FD5501459B
:101E5000EF403EB3A2872DBF011126CA9744FE1F53
:101E60009384C454D84C22CC06CE4AC84EC695475B
:101E70001744FE1F032444396306F700D84C8D47EE
:101E8000631FF70083C7140281E7930770109EB0A9
:101E9000F2406244D2444249B249056182800D4514
:101EA0009720FE1FE78060E69389C1AB03A7090076
:101EB000B7C7898E938767ED1CC7B75755009387BF
:101EC00057555CC30347A4039307F00F6305F7005E
:101ED000FD57230DF4021389C1AC03270900854780
:101EE000A30CF4025C430145014693E717005CC371
:101EF000930720FB7CA09D47DCCC930550029747BD
:101F0000FE1F23A5074A9384C1AD9700FE1FE780FB
:101F1000003F984001455C57F59B5CD783A60900BC
:101F200058309C421377F70793F707F8D98F9CC274
:101F30009747FE1F83C7C7F399C303A581B797F0DF
:101F4000FD1FE78040FA03A70900B70633001C43D2
:101F500093F7F7CF1CC31C4393F7F7CF93E7072002
:101F60001CC398401C47D58F1CC703270900B7071F
:101F70000300938787153CCB9747FE1F23A2074496
:101F80009747FE1F23A6074285471CC311B741117F
:101F900006C622C426C29744FE1F9384E4E42A8422
:101FA000A830C145EF408ECBA83093050002EF402A
:101FB000EECA2302040023130400B24022449244D8
:101FC00041018280411122C406C69747FE1F9387B4
:101FD000E73D03C717021744FE1F0324E42211CB79
:101FE00083C607020D476396E6001747FE1FA30F3F
:101FF000073CD44F21476386E600D44F19476398C6
:10200000E600D84F2380E7020547A380E702972028
:10201000FE1FE780E0C72285EFF07FF71306A002DE
:10202000930500080145EF80CF950345040493070D
:10203000F00F6307F500EF408ECBFD572300F4044B
:10204000B240224441018280411126C2AA8428491B
:102050000146814506C622C44AC09700FE1FE7809C
:1020600020FC89470DEDA0482146A14718203D8B53
:10207000B8B81430B4A86314C702034924009947C0
:102080001357690009EF130719001377F70FE54796
:102090006397E60038308D47630AF700C547B240C2
:1020A0002244924402493E854101828003A5040BEB
:1020B000194693054400110597F0FD1FE78020ACF9
:1020C00071DD19469305A4001385640397F0FD1F85
:1020D000E780E0AAC94761D53547E147E311E9FC4C
:1020E000EF502F9DEF405FD92A8471C183A6040B66
:1020F000D850FC4401482324E508984E9745FE1F1C
:102100009385A517130585132320E5F6D84A1749AB
:10211000FE1F1309A9062322E5F6D83BA30FE5EE1F
:10212000F83BF02B2207518F2310E5F0983F902FBA
:102130002207518F2311E5F0B83FB02F2207518FAE
:102140002312E5F0D82FDC3F1546A207D98F2313C1
:10215000F5F0DC2E23220501A30EF5EE81471CC10C
:1021600097F0FD1FE780009085472300F41483C794
:10217000040822852303F414A303F414EF50AF8161
:102180008327890D93F7072081CB0A241306900239
:1021900093050008EF70FFFE8327090D1167F98F83
:1021A00099C70A24514693050008EF709FFD83A745
:1021B000C40A0D47B8B78547DDB5397152D4174AFF
:1021C000FE1F130AAA1E83270A03B706080022DC93
:1021D0004ED666CA9389C1AC974CFE1F938C0CFAFD
:1021E00006DE26DA4AD856D25AD05ECE62CCF58FB9
:1021F00003A48C0503A709009DE37C5781C785478D
:10220000238AF19AF2506254D2544259B259225A56
:10221000925A025BF24B624CD24C2161828093074E
:1022200080070329C40A7CD3238A019A8347990033
:10223000032CC90092073E9C83472C0095CB834713
:1022400069009306204E03461C00B387D70293878C
:1022500087FD11CA83467900B386C6021306D007EC
:10226000B386C602B697B706080014C786077CD7A0
:102270001C438D8B91C709459720FE1FE780E0A87E
:10228000138BC1AB83270B00938AC1AD3706330094
:10229000D857370800827D18719B13671700D8D76D
:1022A00098431377F7CF98C398431377F7CF136703
:1022B000072098C303A70A001447D18E14C783A62A
:1022C00009003706030013068625B0CA5057759AD1
:1022D00050D790438345E407137606F893F5F50746
:1022E0004D8E90C303058406D0579375F503E6051C
:1022F000337606014D8ED0D71306A003635CA62863
:10230000704FB70500074D8E70CF03270409D8C35F
:102310000327C40898C78327C40AB83785476313BF
:10232000F72E832B040B0347990083C71B00631B05
:10233000F72C23A60606B70708009CC69747FE1F82
:1023400023AC0708DC42154793E71700DCC264445E
:10235000930720021CB898A09CB083475403858B38
:1023600091E70347440389476315F7009307500437
:102370009CA01946930564031385240097E0FD1F74
:10238000E780406E83C73B0089C79C2093E707F82E
:102390009CA0194693854B001385840097E0FD1F90
:1023A000E780406C83C78B01FCA483C79B01FCB40E
:1023B00083C7AB019CA883C7BB019CB883A74B0113
:1023C00013D78700BCA8C183DCA8B8B803470408AA
:1023D00089476313F7008D47DCB803D7CB0083D759
:1023E000AB00BA97858313D7870098BC03C7EB006F
:1023F0009CAC8D83B8AC03D7EB008D072183B8BCB0
:1024000003C70B01D8AC03C71B01D8BC1947B3D70E
:10241000E70AFCA8A183FCB883C7EC0FFCAC83C718
:10242000FC0FFCBC83C70C102380F40283C71C1074
:10243000A380F40283C72C102381F40283C7CB014D
:10244000FD8BA381F402784483C73C0083463702A6
:102450009607D58FA301F7029747FE1F83C7879C76
:1024600083250B00B7060082FD16D85513964760EA
:1024700093F7F703758FE607D98FDCD51307A00311
:1024800083A70A006354C714F84FB7060007558F97
:10249000F8CF10388345040801459747FE1F23AD48
:1024A00007F09700FE1FE78020CC83278A00858BEA
:1024B000C9C7974AFE1F938AAA9A03D5CA009747AD
:1024C000FE1F23A907EE9307800F3305F502374659
:1024D0000F008146130606248145EF10A02183A733
:1024E0000A00AA842E8B8297B307950033B5A70004
:1024F000B305650183A68A003E8799E163E4D700AE
:102500003387D7400345040858D00146B9459700A2
:10251000FE1FE780C0DE0146814505459700FE1F8E
:10252000E78080C49710FE1FE78080768327CA006B
:10253000858B81C72285EFF03FB183479900034720
:102540004900850793F7F70FA304F90063F3E73217
:102550009744FE1F9384C4909C28638E072683278C
:10256000C40A130770FA1705FE1F13058501B8A7E3
:1025700097F0FD1FE780E0B76254DC40F250D25480
:102580004259B259225A925A025BF24B624CD24CD7
:102590002161828713062002635AA600704FB70597
:1025A00000F9FD156D8EB7050005B1BBB70500F943
:1025B0006946FD156357A600704F6D8EB705000381
:1025C00099B3704F6D8E131686293DBB13072002F9
:1025D000635AC700F84FB70600F9FD16758FB706A6
:1025E000000575B5B70600F96947FD166357C700C2
:1025F000F84F758FB706000359BDF84F758F131745
:10260000872979B5DC42F99BDCC264449D47832B62
:102610008C00834A3C001CA89CA08547A381040031
:10262000BCA07C4893F707209DC79147BCB0834767
:10263000640B8346540B78449A07D58F5CA3BC2067
:1026400081468507BCA00346840B8345540B034594
:10265000640BEF90BF947C4893F7074095CBB8305C
:102660007C44B42013678700B8B00357A408B6971A
:10267000B8B3BC2078448346F4073E978357A40838
:102680009206A183BD8BD58F5CA3BC208907BCA01B
:102690008347040693F7070489CFB8307C44B420FD
:1026A00013670704B8B05838B697B8B3BC2085078D
:1026B000BCA08347C4070547C11793F7F70F6362B0
:1026C000F706BC20032BC40415468D073E9BA1478B
:1026D0002300FB0093078002A300FB009745FE1F29
:1026E0009385A5B913052B0097E0FD1FE780803780
:1026F0008346C4074147835784086395E60CA107C6
:102700002311F408C547230EF40683472408A303C6
:10271000FB0083572408A1832304FB00BC20A507EA
:10272000BCA0638C0B00BC20684456868D07DE85F8
:102730003E9597E0FD1FE780E032B8200145937792
:10274000F7038507BE9A93FAFA0FA3085401B8A0BD
:102750007C44A380570183A709007844B8DF103870
:10276000834504089747FE1F23A807C49700FE1F50
:10277000E780809F9710FE1FE780805183A70900A4
:102780003707020023A2070698C71747FE1F232713
:1027900007C203472C00E30207DAFC57E38F07D890
:1027A0001705FE1F1305A5EF97E0FD1FE780A07337
:1027B00003A709007C57FDFF014597E0FD1FE78057
:1027C0008072A5BB03572408B307F7400947E34EBF
:1027D000F7F2C9470DBF938AC19B83A70A0082976E
:1027E0002A8B83A70A008297E30D65FF03475900F0
:1027F000834799009444B387E702DA24B387E7025A
:102800001307003293870719B3D7E7020327440958
:102810003E973A846364F7006364D7003304D7407B
:1028200083A70A008297B307A4406374A400984466
:10283000BA9737450F0013050524B3B5A702D22474
:1028400081463385A702EF00F06AAD472A84170559
:1028500000001305C596232EFA0097E0FD1FE780C0
:10286000806883A7090037070800060498C7E0D7E7
:1028700051BA8327C900884719ED1C246800230733
:102880000100DC868327C40ADC23DC87EF006F911C
:102890002305090085BA9700FE1FE78040BF032784
:1028A000C90083464900814763C5D7001C47EDF343
:1028B000E9B7232407008507C5BF5D714EDE938904
:1028C000C1AC03A60900A2C452DC5ED686C6A6C26D
:1028D000CAC056DA5AD862D466D26AD06ECE93078E
:1028E00080077CD2238A019A138AC1AB83270A000E
:1028F000938BC1ADB7053300D8572A84719B1367FA
:102900001700D8D798431377F7CF98C39843137716
:10291000F7CF1367072098C303A70B001447CD8E8A
:1029200014C7B70603009386862534CA5457F59A10
:1029300054D78345E507944393F5F50793F606F8D6
:10294000CD8E94C35442F99A54C283058506D45758
:102950003705008213F6F5037D156606E98ED18EE4
:10296000D4D79306A00363D0B62A744F3706000766
:10297000D18E74CF130704085447184B93053002C7
:1029800094C7D8C305459747FE1F23A707A2EF307A
:102990005EFA64449D471CA8230FA4069CA08547AB
:1029A000A3810400BCA07C4893F707209DC79147F2
:1029B000BCB08347640B8346540B78449A07D58F89
:1029C0005CA3BC2081468507BCA00346840B8345DD
:1029D000540B0345640BEF906FDC7C4893F7074082
:1029E00095CBB8307C44B42013678700B8B0035748
:1029F000A408B697B8B3BC2078448346F4073E9742
:102A00008357A4089206A183BD8BD58F5CA3BC20FD
:102A10008907BCA0B020035744089307D00F918FBB
:102A20001739FE1F1309897563DFE7200347040880
:102A300085476316F7209307804279479387371AB3
:102A4000B3C7E70283464907C16593E60601230A37
:102A5000D90683A609008CC63387E7020607B8D2D9
:102A6000B83013670701B8B078448346E40732975B
:102A700034B3B420784436975CA3B8207C44BA972A
:102A8000034704081607D8B3BC208D07BCA08347B2
:102A9000040693F7070489CFB8307C44B420136749
:102AA0000704B8B05838B697B8B3BC208507BCA0A7
:102AB0008347C4070547C11793F7F70F6362F7060B
:102AC000BC20832AC40415468D07BE9AA1472380E3
:102AD000FA0093078002A380FA009735FE1F9385C2
:102AE000C57913852A0097E0FD1FE780A0F783468C
:102AF000C407414783578408639EE614A107231146
:102B0000F408C547230EF40683472408A383FA007C
:102B100083572408A1832384FA00BC20A507BCA006
:102B200003564408814A21C2B82068448325840A98
:102B3000930737003E95BC30C18B63860712F95A64
:102B4000B38AEA4093FAFA0F568697E0FD1FE780B2
:102B500060F18327840AD6973CDC83574408B38707
:102B600057412319F406B8200145056B9377F70305
:102B70008507BE9A93FAFA0FA3085401B8A07C44C3
:102B8000130D8007B70D3300A380570183A70900F9
:102B90007844B70A0300938A8A25B8DF1038834542
:102BA00004081D4C854C97F0FD1FE780E05B9710F3
:102BB000FE1FE780E00D03270A00130B8B843C57B0
:102BC000ED9B3CD79747FE1F2383078037170040B4
:102BD0001E2FC607C5831EAF83474907C18BD9EB9C
:102BE00022852644B64096440649F259625AD25A82
:102BF000425BB25B225C925C025DF24D6161170345
:102C0000FE1F670083019306200263DAB600744F4B
:102C1000370600F97D16F18E3706000591BB3706A1
:102C200000F9E9467D1663D7B600744FF18E37067A
:102C300000033DBB744FF18E939686291DBB8567BB
:102C400093878784DDBB8347490793F7F70E230AF1
:102C5000F90635BD03572408B307F7400947E34594
:102C6000F7EAC94745B597E0FD1FE780A0DF834A33
:102C70004408D5BD8347490793F70702E5DF83473B
:102C8000490703A6090093F7F70C230AF906232244
:102C9000A607238A019A83270A00D857719B1367D6
:102CA0001700D8D798431377F7CF98C39843137773
:102CB000F7CF1367072098C303A70B001447B3E6A9
:102CC000B60114C7232856055457F59A54D798438C
:102CD0008346E407137707F893F6F607558F98C3F2
:102CE00064442308840123808401A3810400238198
:102CF00094017C4893F7074095C7A147BCB07C443A
:102D00000357A408D8A3BC2078448346F4073E9711
:102D10008357A4089206A183BD8BD58F5CA3BC20EA
:102D20008907BCA0B020035724079307E00F918FB9
:102D300063D3E70603470408DA8763149701930710
:102D4000804279479387371AB3C7E702834649071A
:102D5000C16593E60601230AD90683A609008CC63D
:102D60003387E7020607B8D2B83013670701B8B057
:102D700078448346E407329734B3B42078443697D6
:102D80005CA3B8207C44BA97034704081607D8B35D
:102D9000BC208D07BCA00356240781470DCEB82068
:102DA00068442C5C930737003E95BC30C18BA5C3AB
:102DB000F957998F93F7F70F3E863EC697E0FD1FB0
:102DC000E78040CA385CB2473E9738DC0357240797
:102DD0001D8F2319E406B420014513F7F6030507F8
:102DE000BA9793F7F70F1CB8B4A078441CB3103807
:102DF000834504089737FE1F23A0075C97F0FD1F4B
:102E0000E78080369710FE1FE78080E8F1B397E0F7
:102E1000FD1FE78020C5834724072319040665BFEB
:102E20008347C507638B073E797122D406D626D225
:102E30004AD04ECE52CC49472A84639CE7020357BE
:102E40002508835785086316F7021305050A1546FA
:102E50009735FE1F938565422AC697E0FD1FE780E0
:102E600060C03245EF402FA99147A300A408230E6C
:102E7000F406228597F0FD1FE78040B709459710BB
:102E8000FE1FE78080E80327C40A1389C19B83479C
:102E9000C40783260900630E071E0D476398E70CDD
:102EA0009147230EF4067C4893E787007CC8973748
:102EB000FE1F9387A72C03C75707098B6DDF03C736
:102EC00057071377C70FA38AE70682969737FE1F27
:102ED000938707F9D62703576408232AA4089C4739
:102EE0003307D70293060032130707193357D70267
:102EF000B306E500368663E4A60063E4F600338695
:102F0000F640232CC4089736FE1F83C6F6F1636C87
:102F1000D604158E9306D407A28517050000130565
:102F200065F09700FE1FE780C0A9AD4717F5FFFFCA
:102F30001305E5281737FE1F2328F74897E0FD1FE4
:102F4000E78060FA83A7C1AC0947F8D783578408A4
:102F5000B250925485072314F40822540259F249BE
:102F6000624A45618280958F3E966DB783298409B8
:102F700082969734FE1F9384A4EE63E6A9043385FA
:102F8000A9409737FE1F83C737EA63E5A700854747
:102F900063EEA702DA24835764089044B387E702FC
:102FA0001307003293870719B3D7E7020327840971
:102FB0003E97BA866364F7006364C700B306C740F0
:102FC000232CD40861B79C44BE9955BF8326C40AFC
:102FD000A3840600D22483576408032784098C4401
:102FE000B387C70213060032232AE4089387071920
:102FF000B3D7C7023E973A866364F7006364B700AD
:103000003306B7409C28232CC40899CF930770FA45
:10301000BCA617F5FD1F1305C55697E0FD1FE780F9
:10302000400DDC4082971DB7832709008297AA894B
:10303000832709008297E38DA9FE8327090083294E
:103040004409829763E4A904AD471737FE1F232D77
:10305000F736B7470F00938707243385A940B33568
:10306000F502D22481463305F502692583A7C1AC58
:103070003707080098C70605E8D717F5FFFF1305BF
:10308000051497E0FD1FE78000E6C9B59C44BE9992
:1030900065BF0D47639EE7089147230EF4067C4801
:1030A00093E787007CC89737FE1F9387270D03C7D8
:1030B0005707098B6DDF03C757071377C70FA38A1D
:1030C000E70682969737FE1F938787D9D62703573F
:1030D0006408232AA4089C473307D70293060032CA
:1030E000130707193357D702B306E500368663E4A2
:1030F000A60063E4F6003386F640232CC408973616
:10310000FE1F83C676D26362D602158E9306D4075D
:10311000A285170500001305E5D09700FE1FE78084
:10312000408A2285EFF06FF915B5958F3E96F9BF6D
:103130008296AA84832709008297E38DA4FE8327C1
:103140000900832484091739FE1F130969D1829766
:1031500063EEA4023385A4409737FE1F83C7D7CC04
:103160008359C90063E3A70015E583576408130773
:10317000003203268900B387370393870719B3D733
:10318000E702032784093E97BA862DB58327890075
:10319000BE94C9B79737FE1F83C7970593E71700FB
:1031A0009734FE1F938484FDA38AF40603AAC1AC5E
:1031B000B70708002324FA00B7470F0093870724B6
:1031C000B335F5024E8681463305F5022523060503
:1031D0002326AA0683C75407898BEDDF83C75407CC
:1031E000130700320326890093F7C70FA38AF4065A
:1031F00083576408B387370393870719B3D7E70268
:10320000032784093E97BA866364F7006364C700A6
:10321000B306C740232CD40829B78280411126C2A7
:10322000AA84284922C401462E84850506C697F043
:10323000FD1FE780E0DE3DEDBC481D46214594239F
:10324000BD8AB4B89833B8A8639DC604B4231145A9
:1032500013D6660093F6F60363F5E604194531E2EA
:103260007D17158F58B0B83345459376270095EAFA
:103270009376470085EE91079306F00F34A093767E
:103280008700514599EE93760701554599EA1375E4
:1032900007021DE1137707049306F00711C3942377
:1032A00014A0B2402244924441018280D423950765
:1032B0008D8AE9B70945F5B75945E5B79707000085
:1032C000938747B61737FE1F2322F7F2828009CE75
:1032D00093070002918F635AF000B397F5003355BE
:1032E000C500B3D5C5005D8D8280011633D5C500FC
:1032F0008145828009CE93070002918F635AF000C6
:10330000B357F500B395C5003315C500DD8D828038
:103310000116B315C50001458280014863C8050E3A
:1033200063DB0600B337C000B306D0401348F8FF94
:103330009D8E3306C040B2882A872E83F9E263F25D
:10334000C512C167636CF61AB7070001B337F60000
:10335000B307F040E19BE107335EF60097260000DB
:1033600093860671F2969422130E0002B697B30666
:10337000FE40630CFE003393D500B357F500B3183D
:10338000D60033E367003317D50013D60801335551
:10339000C302B3C60808935707013373C302B3854A
:1033A000A6024203B3E7670063FAB700C6971303A8
:1033B000F5FF63E4170163E8B7321A858D8FB3D543
:1033C000C70233470708B3F7C702B386B602C2077E
:1033D0005D8F637BD70046979387F5FF6365170181
:1033E000F9156363D700BE8542054D8D814563099C
:1033F0000800B337A000B305B0409D8D3305A04051
:10340000828063FED50081450145D5B7B337A00062
:10341000B305B0409D8D3305A0407D5811B7C167FD
:1034200063E4F618B7070001B3B7F600B307F0403E
:10343000E19BE107B3D8F6001727000013074763A5
:1034400046971823130300023E97B308E340631125
:10345000E31863ECB6263335C500134515008145E6
:1034600079B75DC2C167637AF6241333061013433C
:1034700013000E03B3566600972700009387475F3B
:10348000B6979423930700029A96B38ED740639C15
:10349000D708B386C5408545135306013346060851
:1034A00033D5660293570701B3F66602330EC502A1
:1034B000C206D58F63FAC701C6979306F5FF63E48A
:1034C000170163EFC7213685B387C741B3D66702BB
:1034D00033470708B3F767023386C602C2075D8F1A
:1034E000637BC70046979387F6FF63651701F9165C
:1034F0006363C700BE864205558DD5BD9337061060
:1035000093C717008E0789BD8146972700009387D0
:103510002756B69794230143930700029A96B38ED9
:10352000D740E388D7F6B318D60133DED50013D3DE
:103530000801B3576E02B356D5003317D50133C611
:103540000808B395D501CD8E93D50601337E6E0262
:103550003305F602420EB3E5C50163FBA500C6952F
:10356000138EF7FF63EA151763F8A516F917C695CA
:10357000898D33D56502B3C60608B3F56502330EEF
:10358000A602C205CD8E63FBC601C6969305F5FF64
:1035900063E0161563FEC6137915C6969395070169
:1035A000B386C641C98DEDBD93B7061093C717000A
:1035B0008E07B3D8F600172700001307674B46970E
:1035C0001823130300023E97B308E340E303E3E844
:1035D000B35EE600B3961601B3EEDE0033D3E5002A
:1035E00013DF0E01B357E303B39515013357E5001D
:1035F0004D8F33CE0E0893560701331616013373E1
:10360000E303B305FE024203B3E6660063FBB600C4
:10361000F6961383F7FF63E3D60D63F1B60CF91743
:10362000F6968D8EB3D5E60333470708B3F6E60367
:103630003303BE02C206558F637B6700769793867D
:10364000F5FF6369D70963776708F9157697C207AD
:10365000416FCD8F9306FFFFB3F5D70013DE07014F
:10366000F18E4182B38ED50233076740B306DE0286
:1036700013D30E01B385C502B6959A95330ECE02CB
:1036800063F3D5007A9E93D60501F2966363D70261
:103690006305D7003E85814599BBC166FD1633F7AA
:1036A000D5004207B3FEDE00331515017697E373AC
:1036B000E5FE1385F7FF81451DBBB7070001637762
:1036C000F60293560601414345BB8145054505B3C6
:1036D0002E85E9B5B685A5BFF28759BD9A8791B702
:1036E0007915C697D5B37915C697C9B9935686018A
:1036F000614359B33288AA882E87CDEA63FFC50E8D
:10370000C167636AF618B7070001B337F600B3075D
:10371000F040E19BE1073353F600972600009386C3
:1037200026359A96942213030002B697B306F34007
:10373000630BF3003397D500B357F5003318D60069
:103740005D8FB318D500135608013355C702B34631
:10375000080893D708013377C702B385A60242074A
:10376000D98F63FAB700C2971307F5FF63E4070127
:1037700063E8B7303A858D8F33D7C702B3C80808DE
:10378000B3F7C702B386E602C207B3E8F80063FBEB
:10379000D800C2989307F7FF63E50801791763E340
:1037A000D8003E874205598D8145828063F5D5005A
:1037B000814501458280C16763E5F618B7070001BE
:1037C000B3B7F600B307F040E19BE10733D8F6004A
:1037D000172700001307C7294297182393080002F0
:1037E0003E973388E8406392E81863EDB626333598
:1037F000C500134515008145828045C6C167637BBE
:10380000F62413370610134717000E07B356E600C9
:10381000972700009387C725B6979C23930600023D
:10382000BA97B38EF640639DF608B387C5408545C9
:10383000935606013346060833D5D70213D708013D
:10384000B3F7D7023303C502C207D98F63FA670003
:10385000C2971307F5FF63E4070163E067223A8527
:10386000B387674033D7D702B3C80808B3F7D70286
:103870003306C702C207B3E8F80063FBC800C2986A
:103880009307F7FF63E50801791763E3C8003E87F4
:103890004205598D82809337061093C717008E0713
:1038A0009DBD8146972700009387871CB6979C2370
:1038B000014793060002BA97B38EF640E387F6F607
:1038C0003318D60133D3F50093560801335ED30283
:1038D000B395D501B357F500CD8F3346080813D7FC
:1038E0000701B318D5013373D302B305C6034203EE
:1038F00033676700637BB70042971305FEFF636A77
:1039000007176378B716791E42970D8F3355D70284
:10391000B3C707083377D7023303A6024207D98F0C
:1039200063FB6700C2971307F5FF63E0071563FEAB
:1039300067127915C29793150E01B3876740C98D39
:10394000E5BD93B7061093C717008E0733D8F6006E
:10395000172700001307C711429718239308000286
:103960003E973388E840E382E8E8335EE600B396AA
:103970000601336EDE00B3D8E500935E0E01B3D7C7
:10398000D803B39505013357E5004D8F33430E0837
:103990009356070133160601B3F8D803B305F302B3
:1039A000C208B3E6160163FBB600F2969388F7FFF0
:1039B00063E3C60D63F1B60CF917F2968D8EB3D59D
:1039C000D60333470708B3F6D603B308B302C206DB
:1039D000558F637B170172979386F5FF6369C7095B
:1039E00063771709F9157297C207C16ECD8F938659
:1039F000FEFFB3F5D70013D30701F18E4182338E5A
:103A0000D50233071741B306D30293580E01B3858D
:103A1000C502B695C6953303C30263F3D50076930A
:103A200093D605019A966363D7026305D7003E8556
:103A300081458280C166FD1633F7D5004207337E8B
:103A4000DE00331505017297E373E5FE1385F7FF7A
:103A500081458280B70700016377F602935606011D
:103A600041477DB38145054582803A85E9B5B685F4
:103A7000A5BF2A8E59BDC68791B77915C297CDB318
:103A80007915C297CDB993568601614751B35D71DF
:103A900022D406D62A842EDA32DC36DEBAC0BEC282
:103AA000C2C4C6C603A5818711C51C4D81E72AC6BD
:103AB000152D32450C455418228636CEEF00703055
:103AC000B250225461618280AA8503A5818711CDFD
:103AD0001C4D81EF011106CE2EC62AC42125224598
:103AE000B245F2401045056119A01045F5BF4111DE
:103AF00022C426C24AC006C62A89AE84328401C5C1
:103B00001C4D91E3C523972700009387670A631331
:103B1000F406032449007C50858B81EB5E2493F7E7
:103B2000072081E7284CEF00A0741C44FD171CC43B
:103B300063DA0700184C63C1E70693F7F40F2947CF
:103B4000638CE7041C401387170018C084A393F408
:103B5000F40F7C50858B81EB5E2493F7072081E77F
:103B6000284CEF000071B24022440249268592445D
:103B70004101828097270000938787016315F40035
:103B80000324890049BF97270000938767FEE31449
:103B9000F4F80324C90041B7A68522864A85112A74
:103BA000AA8445BF011126CA06CE22CC4AC84EC6F9
:103BB00052C4AA8419E11C4502901C4D2E89ADE324
:103BC00015239C4C8044B9CF97270000938747FE6C
:103BD000631DF404C0407C50858B99E75E2493F705
:103BE000072099E3284C69255E24A18B99C31C48C2
:103BF000D5E3A2852685A52A51CDFD547C50858B21
:103C000099E75E2493F7072099E3284C9D25F2401D
:103C100062444249B249224A2685D24405618280E3
:103C200000455DB726857D2945B797270000938716
:103C300027F66314F400804479BF97270000938728
:103C400027F3E31AF4F8C04479B71CC4050963C824
:103C500007021C401387170018C08CA31C4483451F
:103C60000900FD17FDF11CC463D907022286A9458E
:103C700026858120FD57E302F5F8A94441B7184C89
:103C800063C4E700E39745FD228626851D20E317E0
:103C900035FDA5B7FD59294AD1B71C401387170038
:103CA00018C0294798A3D1BFAA8503A581876FF0C3
:103CB0007FEF011122CC26CA4AC806CE4EC6AA847E
:103CC0002E89328401C51C4D91E3292997270000D4
:103CD000938707EE6317F402C0401C4C1CC45E249B
:103CE000A18B99C31C4895EFA2852685492015C94B
:103CF0007D59F2406244D244B2494A854249056145
:103D00008280972700009387A7E86314F40080441B
:103D1000E9B7972700009387A7E5E310F4FCC044B8
:103D20006DBF1C4808409379F90F1379F90F1D8D69
:103D30005C486346F500A2852685912C55F91C4404
:103D40000505FD171CC41C401387170018C02380ED
:103D500037015C486388A7005E24858BD9DBA947BF
:103D6000E319F9F8A28526851D2441D551B74111E3
:103D700022C426C24AC006C683A481872A892E840B
:103D800089C49C4C99E32685B12E97270000938720
:103D900027E26313F402C0408317C40013F78700BF
:103DA00025E713F707010DEB25472320E90093E7EB
:103DB00007045EA47D5571A097270000938747DD17
:103DC0006314F4008044C9BF97270000938747DA43
:103DD000E314F4FCC044C9B7918B9DC34C5889C906
:103DE000930744046384F5004A859D2B232A04022B
:103DF0005E242322040093F7B7FD5EA41C481CC078
:103E00005E2493E787005EA41C4899EB5E241307A9
:103E1000002093F707286385E700A2854A857D2166
:103E20008317C40013F717001DC358482324040048
:103E30003307E04018CC1848014501E713F707089D
:103E40003DF7B2402244924402494101828013F777
:103E50002700814611E3544814C4F1BF8397C5007D
:103E6000011122CC26CA06CE4AC84EC613F78700D7
:103E7000AA842E8479E3D8416345E000B8416356B3
:103E8000E008585459C303A9040023A004000C50AF
:103E900093D7C748A9CB70485E24918B99C75C40E3
:103EA0001D8E5C5899C33C401D8E5C540C5081465D
:103EB00026858297FD57630CF5041C48056723226D
:103EC00004001CC05E24F98F91C368C84C5823A01D
:103ED000240185CD930744046384F5002685492198
:103EE000232A04021DA00146854626850297FD5718
:103EF0002A86E313F5FA9C40C5D375476385E7002E
:103F000059476395E70623A024010145B5A09840D1
:103F10008317C40001CFF5466305D700D94663195E
:103F2000D7041C48232204001CC04DB71848232284
:103F3000040093D7C74818C041BF83A90501E38691
:103F400009FC03A905008D8B23A0350133093941F4
:103F5000014791E3D84918C4E35920FB1C540C5085
:103F6000CA864E8626858297634FA0008317C400B9
:103F700093E707045EA47D55F2406244D24442496F
:103F8000B24905618280AA993309A940F1B79C49D9
:103F9000411106C622C426C281EB8144B2402244AC
:103FA0002685924441018280AA842E8401C51C4D3D
:103FB00091E30D2A97270000938787BF631DF402C2
:103FC000C0408317C400F1DB7850058B11E793F7ED
:103FD000072099E3284C692C2685A285EFF01FE87D
:103FE0007C50AA84858BDDFB5E2493F70720DDF7E8
:103FF000284C412465B797270000938767B963145D
:10400000F40080447DBF97270000938767B6E31ACA
:10401000F4FAC0447DB7411122C406C62A844EA5D5
:1040200072A5232005002322050023240500232256
:10403000050623280500232A0500232C0500214618
:1040400081451305C505EFF03DDF97170000938705
:1040500087855CD097170000938787871CD49717B4
:1040600000009387478B5CD4971700009387878D58
:10407000B24000D01CD82244410182809705000044
:10408000938525F149A2411126C2930780069384A6
:10409000F5FFB384F4024AC02E8922C406C6938574
:1040A0004407452E2A8401CD232005002322250123
:1040B000310508C4138684068145EFF0FDD7B24070
:1040C000228522449244024941018280138501B82D
:1040D00045A2138501B871AA138541B851AA138569
:1040E00041B841AA411122C406C62A84EFF0DFFE7E
:1040F0001C4C91C72244B24041016FF05FFE97070C
:1041000000009387E7F71CD4232404042326040427
:104110002328040483A781946394870085471CCCDB
:104120002285152848C022853D2008C422852520E7
:1041300048C4484001469145EFF0FFED084405466C
:10414000A545EFF05FED48440946C945EFF0BFECE7
:1041500085471CCC45B7411126C24AC006C622C4B9
:104160002A89EFF0BFF683A481949C4C81E72685D1
:10417000EFF05FF7938484048044DC40FD1763D63E
:1041800007009C40A5C78440C5BF0317C40021EFAA
:10419000C17785075CC41305840523220406C12862
:1041A000EFF03FF3214623200400232404002322C0
:1041B000040023280400232A0400232C0400814542
:1041C0001305C405EFF05DC7232A0402232C040263
:1041D0002324040423260404B2402285224492446A
:1041E0000249410182801304840649BF91454A85F2
:1041F000EFF07FE988C02A8459F5EFF09FEDB147D1
:104200002320F900D1BF797122D44AD04ECE52CCAE
:104210005AC85EC606D626D256CA2A892E8A1304E2
:1042200085048149054BFD5B0444832A4400FD1A43
:1042300063D00A0200406DF8B250225492540259E1
:10424000624AD24A424BB24B4E85F2494561828066
:10425000DE24637BFB008397E40063877701A685F8
:104260004A85029AB3E9A90093848406C9B782807B
:10427000828082805971A2D42E848395E500A6D2D3
:10428000CAD086D6B284368963D205025E2493F7FB
:1042900007088DEB13070040B65026542320F90081
:1042A00098C0065996540145656182803000ED251D
:1042B000E34E05FC3247BD67F98F7977BA9793B71C
:1042C0001700C9BF814713070004F9B7DE257971CC
:1042D00022D406D626D24AD04ECE898B2E8491CFB8
:1042E000930774041CC01CC885475CC8B250225494
:1042F00092540259F2494561828074003000AA84C8
:10430000EFF05FF7A2492A892685CE85992219E91F
:104310008317C40013F7072071FBF19B93E7270075
:104320005EA47DBF97070000938787D59CD45E2449
:1043300008C008C893E707085EA4B247232A3401DF
:1043400099CB8315E4002685A52D11C55E24F19B2C
:1043500093E717005EA45E2433E527014AA479B7EA
:10436000D1CD83A7C5FF011122CC06CE1384C5FF92
:1043700063D307003E942AC6452D1387C1B81C435A
:10438000324581EB2322040000C36244F240056100
:1043900045A5637DF4001040B306C4006396D700C2
:1043A0009443DC43B29614C05CC0F9BF3E87DC4343
:1043B00099C3E37DF4FE14433306D700631F8600E0
:1043C0001040B29614C33306D700E390C7FC904365
:1043D000DC43B29614C35CC34DBF6375C400B147E0
:1043E0001CC165B71040B306C4006396D700944360
:1043F000DC43B29614C05CC040C341BF828041110F
:104400004AC0138981B88327090022C426C206C680
:10441000AA842E8489E781458D212320A900A285C5
:104420002685A1297D59631A25017D54B240228534
:10443000224492440249410182801304350071985C
:10444000E30685FEB305A44026850529E31025FF74
:10445000E9BF011126CA93843500F1984AC8A10426
:10446000B14706CE22CC4EC62A89B3F4F40A63C4FF
:10447000040063FDB400B1472320F9000145F24078
:104480006244D2444249B24905618280712B9389CA
:10449000C1B883A709003E8421E8A6854A85EFF0CC
:1044A0001FF6FD572A846317F50A03A40900A287A3
:1044B000C9EB8329040081454A85A2997D2E639525
:1044C000A9081C408D044A859D8CF198B147A10430
:1044D000B3F4F40AA685EFF09FF2FD576306F506E4
:1044E0001C40A6971CC015A01440858E63C8060406
:1044F0002D47637DD70204C033079400639687027B
:1045000023A0E9005C4014C35CC34A85152313054E
:10451000B4009307440061993307F540E301F5F6D1
:104520003A94898F1CC0A1BFD8C3E9BF5840639596
:10453000870023A0E900D1BFD8C3C1BFA2874040F4
:10454000A1BF3E84DC43ADB7B1472320F9004A85C3
:10455000C5212DB704C155BF1C46FD171CC663DA23
:104560000700184E63C5E700A9476394F5006FF094
:104570004FF41C422E851387170018C28CA382802B
:10458000011122CC26CA4AC84EC652C406CE2A8978
:10459000AE893284B304D6007D5A63149400014579
:1045A00009A80C204E864A85EFF01FFB0504E31690
:1045B00045FFF2406244D2444249B249224A056171
:1045C0008280357122CD26CB4AC94EC706CF52C54F
:1045D00056C35AC1DEDEE2DCAA892E843289B68453
:1045E00009C51C4D99E3EFF0FFAF971700009387C3
:1045F000275C6318F40403A449007C50858B81EB8D
:104600005E2493F7072081E7284CEFF07FC65E24F5
:10461000A18B99C31C48A5E3A2854E85EFF02FF529
:1046200039C97C50858BA1C37D55FA406A44DA4470
:104630004A49BA492A4A9A4A0A4BF65B665C0D61B6
:104640008280971700009387A7546315F40003A492
:10465000890065B79717000093878751E31FF4F827
:1046600003A4C90059BF5E2493F70720D5FF284C47
:10467000EFF03FC055BF93070002A304F102930778
:10468000000302D22305F10226C6930B5002971AAB
:104690000000938AEA53294BCA849C2099C3639AE9
:1046A0007709338C2441638E2401E2864A86A285F1
:1046B0004E85EFF0FFECFD576306F5189257E29731
:1046C0003ED29C2063800718FD571389140002C84E
:1046D00002CE3ECA02CCA309010482D4834509005C
:1046E000154656853526C2479304190029E513F768
:1046F000070109C713070002A309E10413F78700A4
:1047000009C71307B002A309E10483460900130790
:10471000A0026389E602F247CA84814625469820B2
:1047200093851400130707FD6372E60685C63ECE27
:1047300015A085049DB733055541B397A728268951
:104740003EC869BF324793064700184336C66348E0
:1047500007023ACE98209307E002631CF7049830D2
:104760009307A002631AF702B24789041387470030
:104770009C433AC67D57B3E7E70A3ECA1DA83307F4
:10478000E04093E727003ACE3EC8E9B7B387670316
:10479000AE848546BA9761B7850402CA81468147CF
:1047A0002546982093851400130707FD6372E606DB
:1047B000E9F68C200D46171500001305E541892CFC
:1047C00011CD97170000938727411D8DC24713070E
:1047D00000043317A700D98F85043EC88C201946E2
:1047E000171500001305853F138914002304B10237
:1047F000052435C99307000095E74247B247137770
:10480000071009CF91073EC69257D2973ED269B59D
:10481000B3876703AE848546BA9761B79D07E19B6E
:10482000A107D5B77800970600009386A6D5228603
:104830000C084E8597000000E7000000FD572A8A0B
:10484000E314F5FC7C50858B81EB5E2493F7072005
:1048500081E7284CEFF0FFA15E2493F70704E3956E
:1048600007DC1255D9B3780097060000938686D1ED
:1048700022860C084E85F124D1B7411122C42A8426
:104880002E8523A801B806C6EF00CEA6FD576316F5
:10489000F50083A701B991C31CC0B2402244410175
:1048A0008280411122C42E848395E50006C6012B27
:1048B000634905007C48AA977CC8B2402244410164
:1048C00082805E249397C7485EA4C5BFDE25011190
:1048D00022CC26CA4AC84EC606CE93F70710AA8431
:1048E0002E843289B68991C78395E50089460146B1
:1048F000DD285E248315E400F2409397C7485EA448
:104900006244CE864A86B24942492685D244056130
:104910001DA8411122C42E848395E50006C6E1201E
:104920007D575E246319E5009397C7485EA4B240A3
:104930002244410182809397C72868C85EA4C5BFFE
:104940008395E5003DA0411122C42A842E85B285BD
:10495000368623A801B806C6EF00AE97FD5763164A
:10496000F50083A701B991C31CC0B24022444101A4
:104970008280411122C42A842E8523A801B806C64C
:10498000A521FD576316F50083A701B991C31CC08B
:10499000B240224441018280411122C42A842E85E2
:1049A000B28523A801B806C6B121FD576316F500EC
:1049B00083A701B991C31CC0B24022444101828047
:1049C000411122C42A842E8523A801B806C60D29C8
:1049D000FD576316F50083A701B991C31CC0B2400F
:1049E000224441018280411122C42A842E85B2854D
:1049F000368623A801B806C61129FD576316F500AF
:104A000083A701B991C31CC0B240224441018280F6
:104A100093F5F50F2A966314C500014582801C2189
:104A2000E38EB7FE0505C5BF1385C1B76FF05F8480
:104A30001385C1B76FF0FF83797156CA9C49BA8A52
:104A4000984522D44AD04ECE52CC06D626D25AC849
:104A50005EC6B3E7E70A1CC203C73504AA892E84E1
:104A60003289368A19C385071CC21C4093F7070296
:104A700091C78327090089072320F90004409988FA
:104A800091E8130B9401FD5B5C4403270900998FA7
:104A900063CCF40483473404B336F0001C4093F72E
:104AA0000702A5EB13063404D2854E85829AFD5782
:104AB0006303F5041C4011478144998B6399E70017
:104AC0008327090044449D8C8147B3E4F40A1C44C5
:104AD00018486354F700998FBE94014969047D5BBF
:104AE00063982405014509A885465A86D2854E85D6
:104AF000829A631E75017D55B25022549254025918
:104B0000F249624AD24A424BB24B456182808504E7
:104B1000A5BF3307D40013060003A301C70403474E
:104B2000540493871600A2978906A381E7049DBFCA
:104B300085462286D2854E85829AE30E65FB05095D
:104B400045B7797122D44AD04ECE52CC06D626D261
:104B500056CA5AC803C88501930780072A892E843C
:104B6000B289368A63E207039307200693863504E9
:104B700063E10703630C081C930780051716000008
:104B8000130646066308F81493042404230104055D
:104B900015A89307D8F993F7F70F5546E366F6FE85
:104BA0001716000013068606B3C7C7209C43B297AA
:104BB00082871C4393842504938647009C4314C337
:104BC0002381F504854775A290411C43137506089F
:104BD0009385470029C19C430CC3584063DF0712EB
:104BE0009305D002A301B40418C4635E0702B3079F
:104BF000F040171600001306E6FE2948B68433F786
:104C00000703FD143297182398A03E87B3D70703F4
:104C1000E37707FF85A09C43137506040CC355DD9D
:104C2000939757605DBF6D9A10C0D1B790411C43F8
:104C3000137506089385470001C50CC39C4331A03A
:104C4000137606040CC37DDA9E231307F0061716AD
:104C50000000130626F96310E80C2148A3010404A0
:104C6000584018C4E34C07F80C40ED990CC0D9F734
:104C7000B68449F7A147631EF8001C40858B91CB91
:104C800058401C4863C7E70093070003A38FF4FE56
:104C9000FD14858E14C85287CE867000A2854A8581
:104CA000EFF09FD9FD5A631A550D7D55B25022542D
:104CB00092540259F249624AD24A424B456182807B
:104CC0009C4193E707029CC1130880071716000058
:104CD000130686F2A30204050C401C4313F80508D2
:104CE000138547006305080008C39C4339A013F8E7
:104CF000050408C3E30B08FE9E2313F7150001C744
:104D000093E505020CC099C3414889BF1840137749
:104D1000F7FD18C0D5BF294891B717160000130634
:104D200066EC294835BF90411C43CC4913780608EE
:104D3000138547006306080008C39C438CC339A051
:104D400008C3137606049C4375DA8EA32328040057
:104D5000B68491B71C43D04181459386470014C364
:104D600084432685EFF0DFCA01C5B30795405CC0D8
:104D70005C401CC8A301040439BF14482686CE85B4
:104D80004A85029AE30355F31C40898B85E7484422
:104D9000B2473365F50A19BF85465686CE854A85E2
:104DA000029AE30465F185045C443247998FE3C5B8
:104DB000F4FEF1BF8144930A94017D5BF5B7411184
:104DC00022C42A842E85B285368623A801B806C659
:104DD000A120FD576316F50083A701B991C31CC03C
:104DE000B2402244410182809307800523A8F1B894
:104DF0007D5582809307800523A8F1B87D55828078
:104E00009307800523A8F1B80145828093078005A8
:104E100023A8F1B87D5582809307800523A8F1B8B7
:104E20007D558280F401FA00960064004B00320048
:104E30001E00140000000000000000000000000040
:104E40000000000000000000000000000000000062
:104E50000000000084FBFDFF9CFBFDFFC0FBFDFF8D
:104E6000CAFBFDFFE0FBFDFF3A00FEFF5600FEFF20
:104E70007200FEFF8E00FEFFAA00FEFFC600FEFFCE
:104E8000E200FEFFFE006578706572696D656E7404
:104E9000616C00004D616E75666163747572657258
:104EA000204E616D65000000536F66747761726516
:104EB000205265766973696F6E0000004861726404
:104EC00077617265205265766973696F6E000000C4
:104ED0004669726D77617265205265766973696F94
:104EE0006E00000053657269616C204E756D6265DD
:104EF000720000004D6F64656C204E756D626572C6
:104F000000000000557064617465202564202D2028
:104F1000496E742030782578202D204C6174656EA0
:104F200063792025640A00007265637620736361EB
:104F30006E205265712061646472200025303278E1
:104F400020000000506879207570646174652052FB
:104F5000783A25782054783A2578202E2E0A0000B9
:104F600005010902A1010901A1000509190129038F
:104F700015002501750195088102050109300931E7
:104F800009381581257F750895038106C0C000008A
:104F90002A20000043483538355F424C455F4C4974
:104FA000425F56312E340000686561642066696C8A
:104FB00065206572726F722E2E2E00004C494220C1
:104FC000696E6974206572726F7220636F64653AEE
:104FD000202578202E2E2E0A00000000496E6974CC
:104FE00069616C697A65642E2E0000004164766503
:104FF00072746973696E672E2E000000436F6E6EC7
:1050000065637465642E2E00436F6E6E6563746510
:1050100064204164766572746973696E672E2E0030
:1050200057616974696E6720666F72206164766586
:1050300072746973696E672E2E0000004469736391
:105040006F6E6E65637465642E2E20526561736F9A
:105050006E3A25780A0000004164766572746973BF
:10506000696E672074696D656F75742E2E0000007F
:105070004572726F72202578202E2E0A00000000E3
:10508000CA0BFEFFEE0BFEFF3E0CFEFF060CFEFF02
:105090002C0CFEFF880CFEFF53656E64205068796F
:1050A000205570646174652025782E2E2E0A00002C
:1050B000484944204D6F75736500000000000000F2
:1050C00000000000000000009C34FEFF1C35FEFFC5
:1050D0001C35FEFFF034FEFF3A34FEFF3A34FEFF8B
:1050E0003A34FEFF3A34FEFF3A34FEFFFA34FEFF54
:1050F0001235FEFF3637FEFF5637FEFFF233FEFF56
:10510000F233FEFF5E37FEFFF233FEFFF233FEFFA7
:10511000F233FEFFF233FEFF4A37FEFFB237FEFFE7
:10512000B837FEFFF233FEFFF233FEFFD837FEFF43
:10513000E037FEFFE837FEFFFE37FEFFF233FEFFEB
:10514000F233FEFFF233FEFFF233FEFFF233FEFFD7
:10515000F233FEFFF233FEFFF233FEFFF233FEFFC7
:10516000F233FEFFF233FEFFF233FEFFF233FEFFB7
:10517000F233FEFFF233FEFFF233FEFFC437FEFFD1
:10518000CC37FEFF1238FEFFF233FEFFF233FEFF94
:10519000B036FEFFD244FEFF4C44FEFFCA44FEFF81
:1051A0004844FEFF4C44FEFFBE44FEFF4C44FEFF5D
:1051B0004C44FEFF4C44FEFF4C44FEFF4C44FEFFBB
:1051C000D644FEFF4C44FEFFBE44FEFFFA4AFEFFFB
:1051D000F04AFEFFF64AFEFF164BFEFF1A4BFEFF9B
:1051E0001E4BFEFF4C53FEFFE053FEFF1054FEFF2C
:1051F0009654FEFF7A53FEFF7A53FEFF7A53FEFF6A
:105200007A53FEFFA654FEFFAE54FEFFE054FEFFAD
:105210003856FEFF6856FEFF5456FEFF7256FEFFDC
:105220005059FEFFEC59FEFFFA59FEFF085AFEFFE7
:10523000205AFEFF305AFEFF1859FEFF3E5AFEFF6D
:10524000525AFEFFB45DFEFFCE5DFEFF485EFEFFDC
:10525000DE5DFEFF485EFEFF485EFEFF485EFEFF2D
:10526000005EFEFF485EFEFF485EFEFF485EFEFFFA
:10527000245EFEFF665EFEFF5A5EFEFF665EFEFF78
:10528000565EFEFF665EFEFF565EFEFF665EFEFF3A
:10529000565EFEFF665EFEFF5E5EFEFF665EFEFF22
:1052A000565EFEFF665EFEFF665EFEFF565EFEFF1A
:1052B000565EFEFF565EFEFF625EFEFF625EFEFF12
:1052C000565EFEFF565EFEFF565EFEFF665EFEFF0A
:1052D000565EFEFF665EFEFF5075FEFF8875FEFFA0
:1052E000A475FEFFB275FEFF6881FEFFF080FEFF31
:1052F0009A81FEFFF080FEFFA681FEFFF080FEFF98
:105300006082FEFFF080FEFFFA82FEFFF080FEFF6B
:105310000683FEFFF080FEFF1283FEFFF080FEFF9B
:10532000F080FEFFF080FEFF2283FEFFF080FEFF94
:105330003883FEFF9E18020000B60000D21802005B
:1053400018C2000042190200EAC10000EC19020074
:10535000BCC10000761A02009ACC0000C01A0200FC
:105360009ACC0000F81A0200FCCB0000EC190200F5
:1053700070C10000901B020078C400000000000013
:1053800000000000CA1B02001CC500002E1C020009
:1053900078B600005AA7FEFF5AA7FEFFDCA7FEFF63
:1053A000DCA7FEFF7CA7FEFFDCA7FEFFB0A7FEFF89
:1053B000DCA7FEFFC4A7FEFFDCA7FEFFCCA7FEFF15
:1053C000D4A7FEFFDCA7FEFF84A7FEFF01010201B8
:1053D00002010102010104040601040101010101AD
:1053E00004010201010000000101020102010102A9
:1053F0000102040406010401010101010404020187
:10540000040000001AB4FEFF2EB4FEFF6CB4FEFFD1
:1054100086B5FEFF8EB5FEFFCEB5FEFF06B6FEFFDB
:1054200040B6FEFF72B6FEFF28B5FEFFA6B6FEFF31
:1054300016B7FEFF7AC2FEFF7AC8FEFF24C5FEFF44
:1054400084C5FEFF5AC8FEFF94C6FEFFD4C6FEFF09
:105450000EC7FEFF44C7FEFF7EC7FEFF7AC8FEFFF1
:10546000C0C7FEFF32C8FEFF0000000000000000C1
:105470000000000000000087070B0D1113171D1F0F
:1054800025292B2F353B3D4347494F535961FF0099
:1054900098F8FEFF1EF7FEFFA4F2FEFF1EF7FEFFC8
:1054A00098F8FEFF2AF3FEFFA820FFFF9420FFFFDD
:1054B0009020FFFF9020FFFF9020FFFF9020FFFF34
:1054C000B620FFFF9020FFFFBE20FFFF9020FFFFD0
:1054D0009020FFFF9020FFFFE220FFFF9020FFFFC2
:1054E0009020FFFF9020FFFF9020FFFFF220FFFFA2
:1054F0002630FFFF4030FFFF4030FFFF4430FFFF0A
:105500004030FFFF7A30FFFF4030FFFF9E30FFFF4B
:105510004030FFFF4030FFFF4030FFFFB230FFFF61
:105520004030FFFF4030FFFFC630FFFF4030FFFF3D
:105530004030FFFF4030FFFF4030FFFF4030FFFFB3
:10554000DA30FFFF24830100D0930100CE830100F5
:1055500024940100EC83010062840100888401002E
:10556000C28401004E930100CE920100E685010045
:105570000A860100708601002E7401004692010027
:105580006A91010044970100CE7401000287010076
:105590004C870100F0960100929601007687010089
:1055A000288901008A8A0100028B0100C67501006A
:1055B00018980100C48F0100248B01005A8B010050
:1055C0001C980100209801002498010028980100EF
:1055D00050950100968B0100608C01002C98010011
:1055E000409701000A8D01008C8F0100B08D0100F1
:1055F000F8A1010054990100489801008E9F010014
:10560000609F0100349F0100FA9E0100CE9E0100C0
:10561000CC9F0100D09F0100BE9A0100D49F0100E1
:10562000909E0100D89F01006E9E0100DC9F01004A
:105630002E9E01001E9E0100E89D0100E09F0100DA
:10564000C89D0100E49F0100E89F0100EC9F01005C
:10565000669D01004C98010060980100F09F0100D8
:10566000F49F0100F89F0100FC9F010000A00100D1
:105670000C9D0100969C010004A0010008A00100FF
:105680000CA0010010A001002E9C0100C49F01008D
:10569000C89F0100DA990100F2980100909801007A
:1056A000649801003456FFFF5056FFFFAC55FFFFD2
:1056B000AC55FFFFAC55FFFF8C56FFFF8C56FFFF2C
:1056C000AC55FFFFAC55FFFFAC55FFFFAC55FFFFDE
:1056D0009857FFFFAC55FFFFAC55FFFFAC55FFFFE0
:1056E000AC55FFFFAC55FFFF1C54FFFFAC55FFFF4F
:1056F000AC55FFFFAC55FFFF9E57FFFF3254FFFF35
:10570000AC55FFFF9E57FFFFAC55FFFFAC57FFFFA7
:105710003A56FFFF4055FFFF4656FFFF4055FFFF3B
:105720004055FFFF4055FFFF8656FFFF4055FFFFE6
:105730004055FFFF4055FFFFE056FFFF4055FFFF7C
:105740004656FFFF4055FFFF4055FFFFAE56FFFF97
:105750004055FFFF4055FFFF4055FFFF0057FFFF3B
:105760004055FFFF4055FFFF7453FFFF4055FFFFBB
:105770004055FFFF4055FFFF4055FFFF5C56FFFFC0
:105780004055FFFF8056FFFF43483538355F424C98
:10579000455F4C49425F56312E342E3400000000E4
:1057A000447DFFFF827DFFFF967DFFFF2E7DFFFF83
:1057B0009E7DFFFFA67DFFFFAC7DFFFFB27DFFFF5B
:1057C00040A2FFFF52A2FFFF5CA2FFFF62A2FFFF09
:1057D00068A2FFFF7EA2FFFF86A2FFFF8CA2FFFF51
:1057E00094A2FFFF9AA2FFFFA0A2FFFFA6A2FFFFC5
:1057F000ACA2FFFFB8A2FFFFBEA2FFFFC4A2FFFF43
:1058000006A3FFFFCAA2FFFFD0A2FFFFD6A2FFFFA1
:10581000DCA2FFFFE8A2FFFF06A3FFFF06A3FFFF36
:1058200006A3FFFF06A3FFFF06A3FFFF06A3FFFFDC
:1058300006A3FFFF06A3FFFFF0A2FFFFE2A2FFFF08
:1058400006A3FFFFF6A2FFFF00A3FFFF74A8FFFF60
:105850008CA8FFFFB4A8FFFFCAA8FFFFDEA8FFFFC8
:10586000FCA8FFFF1AA9FFFF2AA9FFFF46A9FFFF17
:105870005CA9FFFF7EA9FFFF94A9FFFFA8A9FFFF76
:10588000BEA9FFFFD2A9FFFFE2A9FFFFFEA9FFFF0C
:105890009EABFFFFB2ABFFFFC8ABFFFFE6ABFFFF66
:1058A0004EADFFFF26ACFFFF20AAFFFF3CACFFFF81
:1058B0004CACFFFF78AAFFFF78AAFFFF36ABFFFFD3
:1058C00040ABFFFF54ACFFFF02ACFFFF64ACFFFF37
:1058D000DCACFFFF1EADFFFF7AAFFFFF4AADFFFF5D
:1058E0004AADFFFFD6AEFFFFC2ADFFFF14ADFFFF15
:1058F00072AFFFFF4AADFFFF82AEFFFF0CAFFFFFAD
:105900004AADFFFF4AADFFFF4AADFFFF4AADFFFFC3
:105910004AADFFFF4AADFFFF4AADFFFF4AADFFFFB3
:105920004AADFFFF4AADFFFF86ADFFFFF4B0FFFFBA
:10593000B2B1FFFF8CB1FFFFE8B1FFFFE8B1FFFF9D
:1059400076B2FFFFB4B2FFFFB2B1FFFFB2B1FFFF0B
:10595000B2B1FFFFB2B1FFFFB2B1FFFFB2B1FFFFC3
:10596000B2B1FFFFB2B1FFFFB2B1FFFFB2B1FFFFB3
:10597000B2B1FFFFB2B1FFFFD4B2FFFFD4B2FFFF5D
:10598000B2B1FFFFB2B1FFFFB2B1FFFFB2B1FFFF93
:10599000B2B1FFFFB2B1FFFF26B3FFFF26B3FFFF97
:1059A0003AB7FFFF42B7FFFF62B7FFFF6EB7FFFFD7
:1059B00076B7FFFF7EB7FFFF84B7FFFF8CB7FFFF0F
:1059C00094B7FFFF9AB7FFFFA0B7FFFFA8B7FFFF8D
:1059D000AEB7FFFFB4B7FFFFBAB7FFFFF2B7FFFFE5
:1059E000F2B7FFFFC0B7FFFFC8B7FFFFCEB7FFFF9B
:1059F000D4B7FFFFDAB7FFFFE2B7FFFFECB7FFFF57
:105A0000CEB7FFFFEAB7FFFFFEB7FFFFEAB9FFFF20
:105A100016B8FFFF6AB8FFFF7EB8FFFF92B8FFFF1E
:105A2000A8B8FFFFBEB8FFFFCEB8FFFFE4B8FFFF86
:105A3000EAB9FFFFFAB8FFFFEAB9FFFFEAB9FFFFD3
:105A40000AB9FFFF2CB9FFFF4EB9FFFF60B9FFFF96
:105A50006CB9FFFF7EB9FFFFBAB9FFFFFB349B5F54
:105A60008000008000100000000000000001020221
:105A700003030303040404040404040405050505E6
:105A800005050505050505050505050506060606C2
:105A900006060606060606060606060606060606A6
:105AA0000606060606060606060606060707070792
:105AB0000707070707070707070707070707070776
:105AC0000707070707070707070707070707070766
:105AD0000707070707070707070707070707070756
:105AE0000707070707070707070707070808080842
:105AF0000808080808080808080808080808080826
:105B00000808080808080808080808080808080815
:105B10000808080808080808080808080808080805
:105B200008080808080808080808080808080808F5
:105B300008080808080808080808080808080808E5
:105B400008080808080808080808080808080808D5
:105B500008080808080808080808080808080808C5
:105B600008080808080808080808080800000000D5
:105B70000000000000000000000000000000000025
:105B80000000000000000000000000000000000015
:105B90000000000000000000000000000000000005
:105BA00000000000000000000000000000000000F5
:105BB00000000000000000000000000000000000E5
:105BC000000000000000000000000000232D302B2A
:105BD00020000000686C4C00656667454647000081
:105BE0003031323334353637383941424344454613
:105BF00000000000303132333435363738396162D5
:105C00006364656600000000AAEFFFFFC0EFFFFFBE
:105C100080EFFFFF80EFFFFF80EFFFFF80EFFFFFD0
:105C2000C0EFFFFF80EFFFFF80EFFFFF80EFFFFF80
:105C300080EFFFFF1EF1FFFF24F0FFFFB8F0FFFF32
:105C400080EFFFFF80EFFFFF4CF1FFFF80EFFFFFD2
:105C500024F0FFFF80EFFFFF80EFFFFFC0F0FFFFAA
:105C6000E64B00004C4C0000000000000200000069
:105C70004443002001000000884200200200000090
:105C800038430020010000000F4200200200000005
:105C900090420020010000000E420020020000009F
:105CA00034430020030000009C4500200200000057
:105CB00008430020010000000C4200201A4E0000A2
:105CC000000000000000000002000000444300202B
:105CD000010000009842002002000000384300202C
:105CE000010000002342002002000000C04200200A
:105CF0000100000070430020020000003843002033
:105D0000010000002242002002000000BC420020EE
:105D100001000000F44E02000200000038430020A1
:105D2000010000002142002002000000B8420020D3
:105D300001000000E44E0200020000003843002091
:105D4000010000002042002002000000B4420020B8
:105D500001000000D04E0200020000003843002085
:105D6000010000001F42002002000000B04200209D
:105D700001000000BC4E0200020000003843002079
:105D8000010000001E42002002000000AC42002082
:105D900001000000A84E020002000000384300206D
:105DA000010000001D42002002000000A842002067
:105DB00001000000944E0200020000003843002061
:105DC000010000001C42002002000000A44200204C
:105DD00001000000844E0200020000003843002051
:105DE000010000001B42002002000000A042002031
:105DF00001000000144200205C50000034500000FC
:105E0000000000007251000000000000C04F0000C0
:105E100008540000005500000000000002000000CF
:105E20004443002001000000C8420020020000009E
:105E30003C430020010000009843002002000000C5
:105E4000384300200100000033420020020000001F
:105E5000E442002040000000D04200200200000088
:105E600038430020010000002D4200200200000005
:105E7000DC42002080000000974300200200000068
:105E800038430020010000002C42002002000000E6
:105E9000D4420020C00000002B420020020000007D
:105EA00038430020010000003242002002000000C0
:105EB000E042002040000000604F020002000000AD
:105EC0000C430020010000003042002002000000CE
:105ED00038430020010000002A4200200200000098
:105EE000D84200204000000096430020020000003D
:105EF0003443002081000000AC4500200200000077
:105F00000843002001000000284200200200000099
:105F1000384300200100000026420020020000005B
:105F2000D8420020C000000095430020020000007D
:105F3000084300200100000024420020E656000033
:105F4000EA56000000000000020000004443002068
:105F500001000000EC420020020000003843002055
:105F6000010000003742002002000000F84200203B
:105F700080000000A0430020020000003843002001
:105F8000010000003642002002000000F442002020
:105F9000000000009C430020020000003443002069
:105FA00081000000D44500201C5D0000285C00003A
:105FB000000000002A5C00000A09484944204D6F97
:105FC000757365051208000800050212180F180203
:105FD0000A000000B0A70000CCA8000000000000EC
:105FE00000000000D0B70000000000000200000028
:105FF000444300200100000068420020020000002D
:10600000384300200100000075420020020000001B
:10601000104300200000000000000000020000000B
:1060200034430020030000000000000000000000D6
:10603000AC5B02008C5B02006C5B020000000000A5
:106040000000000000000000000000000000000050
:106050000000000000000000000000000000000040
:106060000000000000000000000000000000000030
:106070000000000000000000000000000000000020
:106080000000000000000000000000004864002044
:10609000040164129901110101D7070000100102E7
:1060A000020202020202020200030A0000011201BF
:1060B00006040000192A02022E001004FEFF000050
:1060C00060EA0000010000000201050319C203FF9D
:1060D000C3812F0102020201020000005000A00053
:1060E0000000E803020802020202000002000000B1
:1060F000484300200100FFFFFF20010101021005BD
:1061000001010000A8410020000000000200000082
:1061100094420020192A00000F180000020000001D
:10612000C4420020502A00002A2A0000292A000028
:10613000282A0000272A0000262A0000252A00001D
:10614000242A0000232A00000A1800000200000090
:10615000E8420020110100014E2A00004D2A0000F3
:106160004C2A00004B2A00004A2A000012180000A6
:1061700002000000FC420020312A00004F2A0000EB
:1061800013180000020000004C4300200829000002
:1061900007290000052A0000882B0000A62A00001D
:1061A000C92A0000042A0000032A0000022A000075
:1061B000012A0000002A0000022900000328000034
:1061C000022800000128000000280000011800003B
:0861D00000180000A8410020A6
:00000001FF
