:040000006F20801BD2
:100004000000000000000000A00000208007002085
:10001400A9BDF9F3FC01002000000000000000006D
:10002400FC010020A00000200000000000000000EF
:10003400A000002000000000A0000020000000003C
:10004400A0000020A0000020A0000020A0000020AC
:10005400A000002000080020A000002000000000F4
:10006400A0000020A0000020A0000020A00000208C
:10007400AC080020A0000020A0000020A000002068
:10008400A0000020A0000020A0000020A00000206C
:10009400A0000020A0000020A0000020A00000205C
:1000A40001A0B7170040984B41111367070198CB83
:1000B400982B1377E70F98AB1307800873370780E3
:1000C400137787083AC60F100000130770052380C2
:1000D400E704130780FA2380E7040F100000B847F1
:1000E400B70600069506558FB8C703C7B70413773C
:1000F400F70DA385E704B82713672701B8A71307EB
:1001040050149AA7372700408346578093F6F60E7B
:10011400A302D7808946A303D78003C7E7041377D4
:10012400C70F136717002387E70403C7F702136792
:100134002700A387E702982B1367170098AB238047
:100144000704B247F3A707800F1000004101828023
:10015400EFF03FF513050020970500009385450A4D
:10016400172600001306460563FAC500832205001E
:1001740023A0550011059105E3EAC5FE17D501E05A
:10018400130545E397250000938545031386818471
:1001940063FAC5008322050023A0550011059105CB
:1001A400E3EAC5FE13858184974500009385857B2A
:1001B4006377B500232005001105E36DB5FE9302B6
:1001C4005002739002BC8D427390428085427390BA
:1001D40012BC93028008739002309702000093824D
:1001E40062E293E2320073905230974200E09382CD
:0C01F40002E97390123473002030000008
:100200009305000273A04580824573901534924097
:100210002242B2424243D2436244F24402559255D2
:100220002256B2564257D2576258F258064996495A
:10023000264AB64A464BD64B664CF64C065D965D52
:10024000265EB65E465FD65F096173002030BD66EC
:10025000014717460000130666EA938606A6854501
:100260008347060093F7F70F91C382800507E3F9F0
:10027000E6FE974700002383B7E8DDB77D166206E8
:10028000618693178601E18763D407000145828068
:10029000931726003307F500AE9718439C4363E796
:1002A000E7007D16E37FF7FC7D558280054582805F
:1002B000FD15E205E18513978501618793F7F50F39
:1002C00063480700FD15139725002A97584365D703
:1002D000138517006205618582803308B5021C42D0
:1002E00083A80600B335B502C29733B50701AE98AF
:1002F000469585486367B5006394A50063E30701ED
:1003000081480C43C6950CC388C21CC282808147B9
:100310001397870161876343B70082801397270093
:100320002A97232007008507E5B781470147939661
:100330008701E18663C5B600133517008280939666
:100340002700AA9694428507558FD5B793D7554075
:100350008A07AA979C4305453315B5007D8D828099
:10036000172300E0E702E3EC2A84993705C59317C9
:1003700025003E940327C4FF814711EB7D15160528
:100380003E9542054185172300E06700C3EC0583D5
:100390008507E5B70145C5BF814713978701618789
:1003A0006343C700828013972700B386E500944219
:1003B0002A97850714C3D5B77D1662066186014763
:1003C00093178601E18763D50700133517008280F4
:1003D00093172600B306F500AE9794429C437D1612
:1003E000B58F5D8FF1BF8A05AA9501476363B5009C
:1003F000828083A6C5FFF11593D71600D98F9CC1C3
:100400001397F601E5B72A83014801470145634385
:10041000D7008280B387050183A80700B3070601D0
:100420009C43C697AA976384F80033B51701050764
:10043000B3080301620723A0F80061871108C1BF58
:100440002A8301478147014563C3D70082803388EF
:10045000E50083280800330EE600032E0E003388E3
:10046000A8403308C8416384080133B508018507F3
:10047000B308E300E20723A00801E1871107E9B709
:10048000172300E0E702E3DA0111B286B2842E8678
:10049000AA850A8575372A84A6850A857935333475
:1004A0008000060413351500018D0561172300E057
:1004B000670063DA172300E0E70223D54111AA8918
:1004C000AE8A328BB68402C202C402C60144131C37
:1004D0008401135C8C4163499C02939B1400FD1BB7
:1004E0000549138CF4FFF15C3304890162046184D3
:1004F000634D740592478E04CE9423AEF4FE410101
:10050000172300E06700E3D313192400B30B2B017A
:10051000014A93172A00D69783A50B0088437800D9
:10052000340050005D3B050A93178A01E187F11BF7
:10053000E351FCFE92474E9905042320F900A2479F
:100540003EC2B24702C63EC459B7131A8901135AB4
:100550008A41131D240093178A01E18763CF970016
:1005600092470A044E941CC0A24705091379F90F5B
:100570003EC2B24702C63EC485BFB3079A031315F5
:100580002A0056950841780034005000050AEA9781
:10059000DA978C439933C1B74111B7170040985F80
:1005A0003AC6945F3247E39CE6FE324541018280C1
:1005B000B7F70700DC53411123A4F184B7170040BB
:1005C000984B1367070198CB982B1377E70F98ABDD
:1005D0001307800873370780137787083AC60F1010
:1005E0000000130770052380E704130780FA2380B7
:1005F000E7040F1000001307000C6315E5029A27AB
:100600001367070C9AA7B7170040982B13671700BA
:1006100098AB23800704B247F3A707800F100000B0
:1006200041018280B82793760520ADCA118B29E35A
:1006300003C7E70403C6E7041377F70F1366360012
:100640002387C704B02713664600B0A792278E27DA
:100650003346060893E5050C8EA7A5470100FD1754
:1006600093F7F70FE5FFB717004092A72387E7043A
:1006700093770510DDC3371700403C2793E7070148
:100680003CA79377F50199EFB727004003C7578040
:1006900013670701A382E7801D470DA0136727009A
:1006A000B8A7F9B725476366F704B727004003C723
:1006B00057801377F70EA382E7800547A383E7806F
:1006C00033450508B71700401367050C9AA78AA79A
:1006D000B5CE03C7570483C65704418B858A558F0F
:1006E0001DF3B82B418B05D3B8271377D70FB8A7C5
:1006F00019BF9377050199EBB727004003C75780CF
:100700001377F70EA382E78009474DBFB727004054
:1007100003C757801377F70EB5BF9377850181EF35
:10072000B727004003C757801377F70EA382E780EF
:100730001307100561B7B727004003C75780137729
:10074000F70EA382E780130770058DBFB8271377D4
:10075000B70F71BF37E700E01C435443A183E206A3
:10076000D58F1CC1FD572320F7182322F71882804C
:1007700013178500B7E700E023A0E710618123A2EB
:10078000A710828041118146014681451145FD2A0D
:1007900013078008F337078093F787083EC40F10CC
:1007A0000000B7170040130670052380C7049306A6
:1007B00080FA2380D7040F100000FD55CEB72380A8
:1007C0000704A245F3A505800F10000073370780CA
:1007D000137787083AC60F1000002380C7042380D0
:1007E000D7040F10000003C76704136717002383A3
:1007F000E70423800704B247F3A707800F10000027
:1008000001A00000197106C212C416C61AC81ECA79
:1008100022CC26CE2AD02ED232D436D63AD83EDAC0
:1008200042DC46DECAC0CEC2D2C4D6C6DAC8DECAF0
:10083000E2CCE6CEEAD0EED2F2D4F6D6FAD8FEDAA0
:10084000938541858841E700050092402242B242EB
:100850004243D2436244F244025592552256B25664
:100860004257D2576258F25806499649264AB64A24
:10087000464BD64B664CF64C065D965D265EB65EE4
:10088000465FD65F0961730020304111B717004001
:10089000985F3AC6945F3247E39CE6FE32454101D9
:1008A0008280B7E700E03707001023A0E7208280AE
:1008B000B7170040130700032388E702854723AEDC
:1008C000F18473002030411106C6EF00B010F5BF6F
:1008D0002303048015472303E48001002302A4803E
:1008E000828083076480E3CE07FE23030480828036
:1008F00083076480E3CE07FE03454480828083073C
:100900006480E3CE07FE2302A4808280411126C4C6
:100910004AC24EC006C61377F50BAD47AA892E8989
:1009200095446306F70019456537653F8D444E854C
:100930004537FD59FD1463983401B240A244124971
:10094000824941018280135509011375F50F453F16
:100950002209CDB7011126CC06CEB70408005137C5
:100960001545BD37713769372AC6A53F324593779C
:10097000150089EB136515001375F50FF240E2447D
:1009800005618280FD14E9FC0145CDBF3971B7F7DF
:10099000070006DE26DC4ADA4ED852D656D45AD2A2
:1009A0005ED062CE03AB47027D57B7E700E083AA73
:1009B000070022C603AA470023A0E71823A2E718CE
:1009C000B71B0040930770052380FB04930780FA50
:1009D0002380FB0483C74B041147AA8993E7070EC2
:1009E0002382FB04372400401305F00F2303E48027
:1009F0002E8C3289B684E93DED35938779FF93F7E4
:100A0000F70F0947137BFB006362F712A147370713
:100A100008006307FB00B70707003E9C3787070005
:100A20007955637EEC02B3878401636AF702A947B4
:100A30006398F90689E481446D3526850DA0E28529
:100A40000945E93505090345F9FFFD14050C453D48
:100A500081C49377FC0FFDF7F53D69FD7D55B71710
:100A60000040130770052380E704130780FA2380F2
:100A7000E70403C74704418B2382E704F250B7E73A
:100A800000E023A0571123A24711E25432445259E7
:100A9000C259325AA25A125B825B724C2161828027
:100AA000A547639AF906A1478569631DFB029387F1
:100AB000F9FFB3869700B374FC00B69493C7F7FFB1
:100AC000FD8C33FC8701416B856B9387F9FFB3F78E
:100AD000870199E363FF340193D94900C147E3E6F5
:100AE00037FF91BF9307F00FE9B78567C169FD171D
:100AF000C9B71305800D638869011305000263847B
:100B0000790113051008E2851135A93521D94E9CCC
:100B1000B3843441C1B7E2852D45CD3BCA94E30C83
:100B200099F00509F133A30FA9FED5BF9387F9FF0B
:100B300093F7F70F636FF70AA1476319FB06B7072F
:100B400008003E9C83C75B043707070093F7070242
:100B500099E337870700B70708003E977955E37098
:100B6000ECF0B3079C00E36CF7EE8947639AF90455
:100B70008980D549E38104ECE2850945413B1109AF
:100B80000327C9FF91472320E48003076480E34ED5
:100B900007FE23033481FD17EDFBFD14110C81C406
:100BA0009377FC0FE9FF7D3371F54DBD83C75B047F
:100BB0003707070093F70702D5F33787070079BF98
:100BC0008547E384F9F2E2852D4589339389F4FF63
:100BD000E38304E6313B93F7390091EB83260480ED
:100BE0000327090093074900E398E6E43E89CE8491
:100BF000F1BFB5476396F9001305900BD13925BDB8
:100C0000B1471305B00AE38BF9FE99476394F904E1
:100C1000A1476315FB00B70708003E9CE2852D4500
:100C2000F53181440D4BA149E1316396640183277D
:100C300004802320F9008504E39834FF832704808F
:100C400013172C01635507002312F900EDB323227B
:100C5000F900D5B39D476399F90281451305B004A6
:100C60007531BD442320090023220900FD59493173
:100C700093F77400CA9703C70700FD14398D2380CA
:100C8000A700E39634FF45BB91476399F90013052C
:100C900060063D39B931130590098DB7E38D09D848
:100CA000F15459BB23AC05FE1C4199E30CC1828071
:100CB0003E8783A787FFEDFF232CB7FE828041117B
:100CC00026C2B7E400E04AC003A90400B707200029
:100CD00006C622C43379F90023A0F4180F100000CF
:100CE00009E523A02411014535A09565938505D01C
:100CF000C98D2A842105B3C5050833450508EF00D1
:100D0000305965D1FD572320050042A17CA123A0C5
:100D100024112105B24022449244024941018280BB
:100D20004111B7E700E04AC003A9070026C2370710
:100D3000200006C622C4AA843379E90023A0E7185C
:100D40000F10000083A741860144014685E301C8D6
:100D5000A28513854186975001E0E7804074A16524
:100D60002685976001E0E78040A60DA003C7E7FF56
:100D70006319970205CCA28513854186975001E03F
:100D8000E780E071A1652685EF10A00BB2402285B7
:100D90002244B7E700E023A0271192440249410111
:100DA000828011E03E8683A787FF4DB73E84E5BF72
:100DB00037E700E01C43B70620002320D718F58F43
:100DC0000F10000019C191C111E637E700E02320A0
:100DD000F71082802E960F70B650D5BF37E700E02F
:100DE0001C43B70620002320D718F58F0F100000F2
:100DF00001C53307C50011E637E700E02320F710EF
:100E000082800505A30FB5FEE31DE5FEF5B737E7C4
:100E100000E01C43B70620002320D718F58F0F10E1
:100E2000000001C599C1014711EA37E700E023201E
:100E3000F710054582800507E309E6FE3308E50063
:100E4000B386E500034808009422E306D8FE37E79E
:100E500000E02320F7100145828037E700E01C43C3
:100E6000B70620002320D718F58F0F1000001307B6
:100E7000F6FFBA952A966317C50037E700E02320EE
:100E8000F71082809821FD150505A30FE5FEE5B753
:100E900037E700E01C43B70620002320D718F58F62
:100EA0000F10000001C53307C50019E637E700E061
:100EB0002320F7100145828014210505E398B6FE32
:100EC000E31CE5FE37E700E02320F71005458280AC
:100ED000797126D29384C18722D4804006D64AD025
:100EE0004ECE52CC56CA5AC85EC662C44DC437C92B
:100EF000C901814B138B41871309F937173A000059
:100F0000130A4A6E973A0000938A4A6B9739000099
:100F1000938949723E2099EF5C44639A0B009CC010
:100F2000032CC4002285EF001043628489A823A605
:100F3000FB00FDB783270B0082971C443307F54065
:100F40006376F50003A789001D8F2A976368E90679
:100F50002E200820EF00F06E5C405844A9CB0C44D2
:100F6000173600000326866DAE97BE8663E4B70091
:100F700063E4C700B386C74014C4A28B3A8459F80F
:100F80001737000003278764894763E6E700973730
:100F9000000023AD0762B250225492540259F24924
:100FA000624AD24A424BB24B224C456182806394E2
:100FB0000B0098C0B5B723A6EB009DB703274A02E4
:100FC0001DCB63EDA7023385A7401C2099EF034793
:100FD0009A0183A689006117B307A7003E8563E4E1
:100FE000E70063E4D7003385D74083A70A01637421
:100FF000F50023A8AA00A28B404451B703A789009B
:10100000BA97D1B7011126CA06CE9734000093844F
:10101000646222CC4AC84EC652C49C288844D9CFA8
:10102000B7E700E003A907003707200023A0E7186F
:101030003379E9000F10000003C7C18619CB23A044
:101040002711F2406244D2444249B249224A056122
:101050008280173700001307276A8357C70AA1CB7E
:101060009C440324870A6304F4049739000093899D
:10107000E95403A709012285630BF702138A41870C
:1010800083270A0082976368A40C83270A00098CCF
:10109000829783A7090198443354F40AB307A40044
:1010A0003E8563E4870063E4E7003385E740B7E704
:1010B00000E023A027119C44639BA7021734000083
:1010C0001304C44F184883A741876319A708829760
:1010D0009444374736FE130707C83697B307A7006F
:1010E0003E8563E4E70063E4D7003385D7401744C7
:1010F0000000130464835C5C89CB83A6418D9C460D
:101100003707CDFF7D17F98F9CC611E188448547CD
:101110005CD09737000083A7274F829715E15C5C6E
:1011200099CF5C5089CF978001E0E7800047978096
:1011300001E0E780001A9747000023A90780493B98
:101140005C5CE38007F003A7418D1C47B7063300C2
:10115000D58F1CC7FDB59C443E9405BF82971448AB
:101160009844B387A6003E8563E4D700E3E1E7F83F
:101170003385E740ADBF23A4A18601C585472386FB
:10118000F1868280AA8799E5173700000347874BCD
:1011900009C7D5B711476369B700173700001307B0
:1011A0002748B3C5E5209CC1828083A7818681CF73
:1011B000411106C6829783C7C18699E323A401869D
:1011C000B2404101828083C7C18681E723A40186A2
:1011D00082808280411122C426C206C64AC097344A
:1011E00000009384647483C734021734000013042E
:1011F0002443B9C3173400001304443C1389018805
:10120000032709001C2014300146B3A5E7208E21D6
:10121000A5C911C21CA00820636BD5069737000032
:10122000238E073883A74187C5E7B2402244924402
:1012300002494101828082971C40F5FF97370000E8
:1012400083C7474099EFDC48858B81CFD84C9947BD
:10125000631DF7009737000023A2076E9D215C44B1
:1012600082971C44C1DB829771B7D84C9D47E31A23
:10127000F7FE9737000023A3076CA1211C48CDB7C8
:10128000850793F7F70F0546E3E1D7F861B73327F2
:10129000E5200E23231007002397018683A781876B
:1012A000B347F5209C4382971C208326090003D76F
:1012B000E1863377E540B3A6D7209222518F9AA2D8
:1012C00099C385071CA018201C30E360F7F6B9B756
:1012D0009737000083A787361CC8DD3E83C73402DA
:1012E000A9F783C7140299CBDC4C89EB9737000030
:1012F000A38C0764978001E0E7808009973700009E
:1013000083A787309DD31C488DD3183083260900CE
:10131000814763C7E702D84C9147E3E8E7F0973786
:10132000000083C7E73B918BE39107F083C7C18639
:10133000E39D07EE2244B240924402494101D9B1F3
:1013400033A6D7201222E31206EE8507D9B7B7C716
:1013500000401387C72014431396264910C3010089
:10136000010093878726173500000325E5269C4357
:101370006A0514C393C7F7FF99835D8D8280173682
:10138000000013062633973600009386A634DC3619
:10139000383E4C4ABA97FD8B33D7F5001CB2DCB609
:1013A000058B0DE7943A13050002B3F7D702814687
:1013B00033D8E548630908006394D70018B28280E7
:1013C000850693F6F60F0507E314A7FE8280011148
:1013D00026CA83A7418706CE22CC4AC84EC652C42D
:1013E0008297973400009384E42E9844AA8701459D
:1013F000630DF70463E3E706998F173900001309BB
:10140000692B93F9F70113D457008347A901636A45
:10141000F402173A0000130AEA2195370347A9019D
:101420008C4403268A0093175700AE97198CBE860A
:1014300063E4B70063E4C700B386C74094C4E37EA7
:10144000E4FC1315540033653501F2406244D24484
:101450004249B249224A056182809736000083A63C
:10146000E61D3387E640BA9749BF0000EFF0FFD38F
:1014700073000000000000009382C1860383020015
:1014800023800200630F0300F32510342EC097055C
:1014900000009385E5FD73901534EF00405B730009
:1014A000203086DCEF00A05AE65082800000411117
:1014B0004AC01389418B0327090026C206C61C5F58
:1014C00022C49384018B93D76748B5CF9307000656
:1014D0001CDF1734000013042445184C9307000840
:1014E0006317F7009C409C4393F707041CCC1C40F7
:1014F00093F7070489CB83A74187829748D81C407C
:1015000093F7F7FB1CC01C4093F7070289CF1C40E0
:1015100003A7418CB706080093F7F7FD1CC05C5485
:1015200014C786077CD71C4893F7070489EF8547C3
:101530005CC83707020083A7418C98C71307000CCB
:1015400018C81854F8D383270900985F13574748E1
:1015500011CF985F1367070198DF83A7418C23A2FF
:1015600007068547173700002328F73C9C40D843DF
:101570001357174819C7D843759BD8C3D843799BCD
:10158000D8C3B240224492440249410182800537C7
:10159000730020309737000093870739370704001E
:1015A00088DB698F01CF03A7418CFD5634D797366E
:1015B00000009386A600D84E0507D8CE1377850085
:1015C00019CF984783A6418B1367170098C7130755
:1015D000000898CBD856719B13671700D8D613779D
:1015E000150001CFD84383A6418B13671700D8C3DA
:1015F000D856719B13671700D8D61377650019CF9B
:101600001377450059C398431367170098C383A6FF
:10161000418BD856719B13671700D8D64167698FE5
:101620000DC39736000083C66614C18A17370000C1
:101630001307870CA5C28346470793E60602230AD1
:10164000D70637070200698F01CF984B1377070839
:1016500019C3054798CB83A7418C3707020098C769
:10166000B70708007D8D0DC117370000034717101D
:10167000058B97370000938727081DCB03C75707B3
:1016800013672700A38AE7068280D84713671700ED
:10169000D8C7B5BF834647070946BD8A6388C600D9
:1016A000834647070D46BD8AE39DC6F8914641BF74
:1016B00003C75707118B69DB03C7570713678700F9
:1016C000D1B783A6418C173700001307E7251C43C9
:1016D000858B91E75C43858B99E3FC52EDFB973753
:1016E000000023AD072482809386418B2A8788429D
:1016F0001C5D93D75748D1E781C51C59BD839CA178
:1017000015C69C42945BC60693D7660163D6060055
:1017100093E707C0B3C7070883160600939757607F
:10172000B9C6BE968947B3C6F60216A283A7418CF6
:10173000BC4B083393D757488DCF29C59736000047
:1017400083A6062093F606049307950009459DCAD3
:10175000BA979C230547194593F6F7066394E6026A
:1017600001459397476063DF0700394582801EA2D9
:1017700075BF2A9748331375F5077D153335A000DB
:1017800082800545828083A7C18B99CB944BD04B37
:101790009842518F98C294439C479842D98F9CC2DB
:1017A0001386418C0548184283A6418B9737000069
:1017B000938787176312050503A8060013680808B6
:1017C00023A0060183C62702B3C5D52054479385BD
:1017D000A50C13981649232607010F100000184284
:1017E00037060200860510C71306000890CB6CD39D
:1017F00054C7238CA18A828088421375F5F788C26A
:1018000083C62702B3E5D52054479385E50E13958B
:10181000164948C70F100000184237060200860517
:1018200010C71306000890CB6CD354C70945D1B735
:10183000411122C4AA8706C626C22E851384418C74
:10184000B285DDE71C40F8537DFF3707020098C7DB
:101850009737000023AE070C97340000938484D898
:10186000DC5085C7B7E700E03707200023A0E72852
:10187000B7F700E0938707D0984B6D9B98CB984BB8
:101880001367870398CB73005010F53D83A7418BF6
:1018900098431317772998C3D857719BD8D7973790
:1018A000000023AD07089737000023A107081C405C
:1018B000094798C3DC5099CB37F700E0832707D15D
:1018C00093E787002328F7D0730050101440173790
:1018D0000000130767051C47858B91E75C47858BE4
:1018E00099E3FC52EDFBB2402244924441018280D4
:1018F0000D47639EE7049737000023AB0702973735
:10190000000023A90702973400009384A4CDDC5083
:1019100085C7B7E700E03707200023A0E728B7F71F
:1019200000E0938707D0984B6D9B98CB984B13673B
:10193000870398CB73005010B93583A7418B984328
:101940001317772998C3D857719BD8D7A5B70547E0
:10195000E39EE7F6973600009386C6C8DC5285C73B
:10196000B7E700E03707200023A0E728B7F700E03B
:10197000938707D0984B6D9B98CB984B1367870341
:1019800098CB730050101C40D04713171649D8C786
:101990000F1000001C403707020098C7130700080B
:1019A0009735000023AAE5F803A7418B1843135786
:1019B000774819C71307E018F8D3D0C7DC52E5BD44
:1019C0001307E01AD5BF83A7C18B89CFD44303A8DF
:1019D000870098423367070198C2D447DC4B98428E
:1019E000D98F9CC2054783A7418B9505631EE502ED
:1019F00098431367070898C3984F137707C0136776
:101A0000A71398CF13078007B8BB93973500938728
:101A1000C70317370000130727F11CD7238CA18AAF
:101A200019C2060610D78280984309451377F7F745
:101A300098C3984F137707C01367271398CF1307DE
:101A4000F007B8BB939745009387C703D9B783A71F
:101A5000418C8847D847798D11C588C783A7018CE9
:101A600091C382878280896703A7418C938707F49B
:101A70007CD383A6418D83A7060993D7A74991C735
:101A800083A7060993D7974999E37C53EDF78280A2
:101A90004111B7E700E022C480433707200006C6A3
:101AA000798C23A0E7180F10000011C199E5B7E762
:101AB00000E023A08710014549A80D05334505081E
:101AC000130740037199B34705086362A70203A592
:101AD000418E83A6C18D639FA600173700000327A0
:101AE00067B371D7C207DD8D05450297C9B703A556
:101AF000018EC5B77A2131EF5A21636CF704B30622
:101B0000F740214817360000130646AB6375D8022C
:101B10008328050003586600938687001D8FAA96C8
:101B20006117DAA223A016012393060014C15EA157
:101B3000130788FF7AA27A226EA12105B307F74026
:101B40007EA2B7E700E023A08710B2402244410103
:101B50008280084149B7B7E700E08C43370720008F
:101B600023A0E718F98D0F10000001E523A0B7109E
:101B7000828003A3418E83A8C18D9A87814663F832
:101B8000170903A807006367F5086365A8081387AA
:101B90008700636EE506F223216705076317E600F9
:101BA0001386218A1822050718A21735000013058D
:101BB000E5A0D2237A212393070032973347070801
:101BC0007AA16383670203A3018E630FF30003D33B
:101BD0006600631B0300DE2223A0060121073E9658
:101BE0002106D2A27AA1B68798436302170383A67F
:101BF000018E630ED700762399EAD6235223184329
:101C0000A106B296D6A398C37E21A1077EA1B7E70D
:101C100000E0A9BFBE86C2879DB7AA8703A7418EF1
:101C200003A6C18DB305B5406314E6003E8529A81F
:101C3000930687001843E3E9D7FEE3F7E7FE2E8516
:101C4000E3E4D5FEE3F2E5FE8280411122C406C63C
:101C500026C24AC02E848DCD13F915008147414715
:101C600063020904131745003E97B1463307D702B4
:101C700083A44188B317F02833C90708BA949C405D
:101C8000C840829723A0040023A2040033448900A3
:101C9000B240228522449244024941018280B356D7
:101CA000F448E9F28507E39CE7FECDB7011126CAA7
:101CB00006CE22CC4AC84EC6AE84A1C593F7150005
:101CC00001444147B1CB93174500A2973147B387F1
:101CD000E7029389418803A909003E9983270900F7
:101CE00081C703254900829731473307E40283A760
:101CF0000900BA979C478DC733148028B34704085E
:101D0000BD8CF24062444249B2492685D244056105
:101D10008280B3D68448C5FA0504E31CE4FECDB73F
:101D20002320090023220900C1BFAA8703A5C18778
:101D300011E182803A216315B7001821E30BF7FE09
:101D40004845FDB77971B7E700E022D4804352CC13
:101D500006D626D24AD04ECE56CA5AC85EC662C4ED
:101D60003A8A37072000798C23A0E7180F1000006B
:101D700005E123A087100945B2502254925402591C
:101D8000F249624AD24A424BB24B224C45618280B0
:101D900083A74187B6892A89AE8A328B938B418883
:101DA000829703A70B008144B146C147338CD4020C
:101DB0003306870110422DEEC165938505F041453C
:101DC000C13919ED9737000083A7C78481C78145C2
:101DD00011458297B7E700E023A087102D4569BF22
:101DE0001387C1871C43A1E308C323000500B31771
:101DF00090283EA183A70B0023260500232465011C
:101E000023224501E29723A0270123A2570123A4FF
:101E100047016384090023809900B7E700E023A00D
:101E20008710014591BF3E87DC47F5FF48C775BF66
:101E30008504E39DF4F6B7E700E023A08710214571
:101E400025BFB7E700E09843B706200023A0D718C6
:101E5000758F0F1000009726000083C636766371D9
:101E6000D50283A601883325D5201621D58D0EA154
:101E70009726000023AC067423A0E710014582805A
:101E800023A0E7100D4582800111B7E700E022CCC6
:101E900080433707200006CE26CA4AC8798C23A083
:101EA000E7180F100000BD4763E7A7043147330769
:101EB000E50283A74188BA979C4395CF3315A028A4
:101EC0002E89B345050801452EC68535AA8409C962
:101ED000B2450145974001E0E780607623A42401E4
:101EE000B7E700E023A087100145F2406244D244E6
:101EF000424905618280B7E700E023A087100945C9
:101F0000EDB79727000083C7B77AAA86850703A590
:101F10004189014712216307D60005071905E36BC4
:101F2000F7FE014582802A8703A5818911E182801D
:101F30001C45B227636BC70003584500B306C800B1
:101F40006355D7008146639406010841C5B703D3A2
:101F5000A700938807016316E30091C192A13E8513
:101F600082808506C687B3C60608F1BF97260000A3
:101F700083C6067483A7818A01476394E6000145FE
:101F80008280AE231386C7036394A5003E858280BA
:101F900005071377F70FB287CDB783A7418B984317
:101FA0003706CEFF7D161377F7CF1367071098C358
:101FB00003A7418D1447370803001375F51FF18EF1
:101FC00014C783A6418C23A8060523A40700904BC1
:101FD00093F5F507130888151366F60390CB904325
:101FE0001366060890C3F04F137606E0498EF0CFD3
:101FF00023AC070423A007065057759A50D7904387
:10200000137606F84D8E90C31306401FF0D2173694
:102010000000232506921736000023290690054666
:1020200090C29043B70533001376F6CF90C3904328
:102030001376F6CF1366062090C310474D8E10C757
:1020400023A80605D8531317F728D8D32547F052ED
:1020500001C6B04FE37DC7FED8531317F748D8D356
:10206000A8531335450082801387418C1443BC4A22
:10207000BD9BBCCA01000100010001001C43B44B20
:1020800093F6F68FB4CB944393E6860094C3010095
:1020900001000100010083A6418B9C4293F7F7CF1A
:1020A00093E707109CC203A6418D1C46B706CEFFDE
:1020B000FD16F58F1CC61C4337070300B8CB83A75A
:1020C000C18B99CBD44390479842518F98C2944B7F
:1020D000DC4B9842D98F9CC29737000023A4078617
:1020E000828083A7418C9C438D8BE9C74111B7E760
:1020F00000E04AC003A9070026C23707200006C631
:1021000022C4AA843379E90023A0E7180F10000045
:102110001734000013044481584C8D47631AF700AC
:102120009727000083A7075A0146814545458297B6
:1021300019476391E4048347140289CB834704025F
:102140006396970097370000A3800780584CA147FB
:102150006315F700930780101EB023860186293788
:10216000B2402244B7E700E023A02711924402497D
:10217000410182809D47639BF40083471402F9D795
:10218000034704028D47E313F7FC6DBF544C63898A
:10219000E600584C6306F700584CA147E31FF7FAD6
:1021A00083471402DDFB5C4C2300F4028547A30047
:0821B000F40265B78280000013
:1021B80097110020938101B517E10120130101E473
:1021C8001305400097E5FF1F938545E317E6FF1FBA
:1021D8001306860263FAC5008322050023A0550072
:1021E80011059105E3EAC5FE17E5FF1F130505F67E
:1021F8000285397101436EC619A0397141536AC805
:1022080066CA62CC5ECE19A0397101535AD056D233
:1022180052D44ED64AD826DA22DC06DE3301614093
:10222800828241114AC026C222C406C68282B24DA9
:102238004101024D924C224CB24B4101024B924A51
:10224800224AB2494101024992442244B240410122
:1022580082802A8309CA83830500230073007D16C0
:10226800050385056DFA82802A8311C62300B30011
:102278007D16050365FE82801021942105058505DC
:102288006313D60075FA3305D6408280B71700402D
:1022980003C777051377E70FA38BE704130700F845
:1022A800A38DE7043D47238CE70413075003A38C51
:1022B800E70403C7A7051377D70F238DE7048280A8
:1022C800371700408347E70412054111BD8BC98FBA
:1022D80093F7F70F93068008F3B6068093F68608FF
:1022E80036C60F100000930670052300D704930626
:1022F80080FA2300D7040F1000002307F7042300F7
:102308000704B247F3A707800F100000410182803D
:10231800B717004003C7E7020D8941111377C70FAC
:10232800498F93068008F3B6068093F6860836C66A
:102338000F100000930670052380D704930680FAD7
:102348002380D7040F1000002387E70223800704A7
:10235800B247F3A707800F100000410182804111A6
:102368002A830148930E407E130F0019930F4006ED
:10237800B348030863EF1E011303001933736502A2
:102388008542FD4363F6B2088D4F214F930E4006F8
:10239800A1A07D13336EE3039308E016630E0E00CD
:1023A800336EF3039308D01663080E009378330056
:1023B80093B818009388D816C29833C808084DBF38
:1023C80093F81500138EF5FF637CBF02F908C298D5
:1023D80033C80808B3450E08E394F5FF8545630B39
:1023E8000300B378D50381456386080093753500EB
:1023F80093B51500F105C29533C805088945E9BFAD
:10240800B3881341C29833C80808B3450E089DBF66
:102418007D16329879463307C70213D61700BE07D0
:102428003348080832976146B3F6C602130680702F
:10243800B386C6023697A166F58F4207D98FB716BD
:10244800004003C7F60213770708D883908303C7B1
:10245800F60213770708E316E6FE9883B7160040DE
:102468004DCF1307800873370780137787083AC45E
:102478000F10000037170040930670052300D7049B
:10248800930680FA2300D7040F100000232A0703BD
:102498008346170393E60608A308D7022300070418
:1024A8002247732707800F10000011663717004076
:1024B8007D16545B4C5FAD8EF18EE5FE9306800869
:1024C800F3B6068093F6860836C60F10000093060A
:1024D80070052300D704930680FA2300D7040F1051
:1024E80000005CDB8347170393E70704A308F702A0
:1024F80023000704B247F3A707800F10000041012B
:10250800828003C7F60213770708D883908303C72E
:10251800F60213770708E316E6FE98837DD391B792
:1025280055714EDF86C7A2C5A6C3CAC152DD56DBA8
:102538005AD95ED762D566D36AD16ECFAA8982C0CE
:10254800EF00D01D93078008F3B7078093F787083B
:10255800BEC20F100000B717004013077005238094
:10256800E704130780FA2380E7040F10000003C76D
:10257800F7021377770FA387E70203C7F7021367FA
:102588008700A387E702238007049647F3A70780FD
:102598000F100000130B80C1334B650391679387BD
:1025A80007E8130A30029546B347F502330A4B038E
:1025B8003EC8FD873ED2BD67938707A6334AFA0215
:1025C8001357FA413ACA330740413AD47D873ACC87
:1025D8001307A0FB3307EB02B347F702056713079E
:1025E80007FA3ECEFD873ED6938729003319F700B8
:1025F80063E436013319370161671307076A334506
:10260800E50213070010B317F0288D873EC49547DD
:102618003309A9023349E902130740063309E902DD
:102628001307D0073349E9021357F9413AD833174A
:1026380030290D873AC663EF374993075047B307E8
:10264800F7023D67130707A6116C814A814B1304F3
:102658008008371D0040930480FA7D1CB387670308
:10266800B307F040B3C7E7023ED0FD873EDA7337C1
:10267800048013778708BAC40F1000001307700589
:102688002300ED04930D0D0423009D040F1000009A
:1026980003473D051377870FA309ED0403473D055D
:1026A80013671700A309ED0423000D0426477327B9
:1026B80007800F100000930C7005733704801377A0
:1026C8008708BAC60F100000930770052380FD0025
:1026D80023809D000F10000003473D051367070284
:1026E800A309ED0403570D051317E7282318ED0474
:1026F80003570D051317F7282318ED0423800D0041
:102708003647732707800F10000003473D051377EE
:1027180007026305073C03473D05218B6DDF8800F1
:1027280097E0FF1FE78080027337048013778708DC
:10273800BACA0F10000023809D0123809D000F104E
:10274800000003473D051377F70DA309ED04034780
:102758003D0513670702A309ED0403570D05131779
:10276800E7282318ED0403570D051317F728231836
:10277800ED0423800D005647732707800F100000D3
:1027880003473D05137707026301073803473D05F3
:10279800218B6DFF97E0FF1FE78080DF2A873ADCF7
:1027A80097E0FF1FE780C0DE6257E30AE5FE0357A4
:1027B8000D0506451317E7282318ED0497E0FF1FBA
:1027C800E78080FA03473D05218B6DDF03570D0530
:1027D80083462D05C24733778701B386860313D610
:1027E800F641BA96B388F640925733B7E600329767
:1027F8001D8FD247B3B61601158F63C6E700631C59
:10280800F700637A1A01E2476348F7326395E700F5
:10281800A25763E3F832894663F27633733704804C
:1028280013778708BAD00F1000001307700523002C
:10283800ED0423009D040F10000003473D0593F6A7
:10284800F90F1377870FA309ED0403473D05558F4B
:10285800A309ED0423000D040657732707800F1002
:1028680000001306700503473D051D8B63103737BD
:102878007337048013778708BAD40F100000130742
:1028880070052300ED0423009D040F10000003478A
:102898003D051377F70DA309ED0403473D051367BD
:1028A8000702A309ED0403570D051317E72823189A
:1028B800ED0403570D051317F7282318ED0423001B
:1028C8000D042657732707800F1000009306700524
:1028D80003473D05137707026304073203473D05A5
:1028E800218B6DDF880097E0FF1FE78020E67337B4
:1028F800048013778708BAD80F10000013077005F3
:102908002300ED0423009D040F10000003473D053C
:102918001377F70DA309ED0403473D051367070275
:10292800A309ED0403570D051317E7282318ED0431
:1029380003570D051317F7282318ED0423000D047A
:102948004657732707800F1000009306700503474A
:102958003D05137707026300072E03473D05218BCA
:102968006DFF97E0FF1FE780A0C2AA8C97E0FF1FCA
:10297800E78000C2E30C95FF03570D0506451317C2
:10298800E7282318ED0497E0FF1FE780E0DD034701
:102998003D05218B6DDF7337048013778708BADC18
:1029A8000F100000130770052300ED0423009D0499
:1029B8000F10000003473D051377F70DA309ED0439
:1029C80023000D046657732707800F100000035774
:1029D8000D0583462D05C25733778701B3868603D5
:1029E80013D6F641BA9633B7E600329733882641B4
:1029F800B3B606011D8F158F6346E00063180726DE
:102A0800630608261305800C3307E5020256D256E2
:102A1800B335050333050503BA95EF701101930625
:102A2800150033B5A6002E951357F501BA9633B79E
:102A3800E6002A971316F70185820587D18E63462B
:102A4800E000631F072C638D062C0356CD02158208
:102A5800B305D60033B6C50032976348E00063106B
:102A680007361307F00F637CB7340947637157279C
:102A780093078008F3B7078093F78708BEDE0F1027
:102A88000000B7170040130770052380E7041307F9
:102A980080FA2380E7040F100000DA378966811670
:102AA800558F33470708DAB723800704F657F3A78B
:102AB80007800F100000BE402E449E440E49FA596C
:102AC8006A5ADA5A4A5BBA5B2A5C9A5C0A5DFA4D22
:102AD8006961828022479307504795B6733704800F
:102AE80013778708BAC80F10000023809D01238040
:102AF8009D000F10000003473D0513670702A30957
:102B0800ED0423800D004647EDBE7337048013772C
:102B18008708BACC0F10000023809D0123809D00F8
:102B28000F10000003473D0513670702A309ED04D2
:102B380023800D00664789B1E3920BCE7246B256E8
:102B48009315170013D3F80113951800B365B30054
:102B58003ADE46DCEF70616D7257850B93FBFB0F15
:102B68006346E00031EFE258638C080493061500D1
:102B780033B5A600AA9513D7F501BA9633B7E60080
:102B88002E9785827E07558FF336048093F6860844
:102B9800B6CE0F10000023809D0123809D000F10EA
:102BA80000008356CD023697334707082316ED02F7
:102BB80023800D007647732707800F100000F5BCAF
:102BC8009306F5FF13351500898D75B773370480A3
:102BD80013778708BAD20F1000002300CD04230012
:102BE8009D040F10000003473D05558FA309ED0410
:102BF80023000D041657732707800F100000A5B196
:102C08007337048013778708BAD60F1000002300A3
:102C1800DD0423009D040F10000003473D051367E2
:102C28000702A309ED0423000D0436577327078014
:102C38000F10000071B97337048013778708BADA68
:102C48000F1000002300DD0423009D040F10000076
:102C580003473D0513670702A309ED0423000D048C
:102C68005657732707800F100000D5B19305800CC5
:102C78003387E50233850503B3B50503BA951547D0
:102C880063733705A247130750473387E7023306B4
:102C980060413306E6023D67130707A63346E6029E
:102CA8009356F641EF7061581306F5FF133515007A
:102CB800898D13D7F5013A963337E6002E97931688
:102CC800F70105829DBBB247130750477DBF130725
:102CD800800873370780137787083AC10F10000000
:102CE800B7160040130770052380E604130780FA1F
:102CF8002380E6040F100000DA3605660116137704
:102D0800F70F518F33470708DAB6238006040A47BE
:102D1800732707800F100000850A93FAFA0F81BA0B
:102D280033E6E60049CE0356CD02B335D00033076B
:102D3800E0400D8F3305D04015826345E00041E344
:102D4800637FA6060947637E570393078008F3B796
:102D5800078093F787083EC30F100000B71700409D
:102D6800130770052380E704130780FA2380E7041C
:102D78000F100000DA377D8BDAB7238007049A47F3
:102D88003DB373370480137787083AC50F100000E6
:102D9800130770052300ED0423009D040F100000A5
:102DA8000357CD02856681161377F70F558F334782
:102DB80007082316ED0223000D042A4791BF930745
:102DC8008008F3B7078093F787083EC70F10000005
:102DD800B7170040130770052380E704130780FA2C
:102DE8002380E7040F100000DA379606369733473A
:102DF8000708DAB723800704BA4755B9914763EC47
:102E0800B704979701009387A7FAB3C5F5209841AF
:102E18003E97B71700409387470B028794433717AD
:102E28000040B3F6A64094C39306070B9C42B3F741
:102E3800A74019A8944337170040B3F6A64094C397
:102E48009306070B9C42C98F9CC29307070A9843B5
:102E58003377A74098C38280944337170040C98EC0
:102E6800D9B798433377A74098C3B71700409387DB
:102E7800070A9843498FF9BF9843498FF5B7914797
:102E880063ECB704979701009387C7F3B3C5F520A0
:102E980098413E97B71700409387470D02879443A0
:102EA80037170040B3F6A64094C39306070D9C421B
:102EB800B3F7A74019A8944337170040B3F6A640C4
:102EC80094C39306070D9C42C98F9CC29307070CB5
:102ED80098433377A74098C38280944337170040BC
:102EE800C98ED9B798433377A74098C3B71700401E
:102EF8009387070C9843498FF9BF9843498FF5B7D3
:102F080019C5371700401E2FCD8F1EAF8280B71707
:102F180000409A2FB375B7408EAF8280B717004034
:102F28009A279306000C1377070C630AD7049A278D
:102F3800137707100DC79A279E277D8B09EB93F708
:102F48000720B1C33755E80113050580828037C5CE
:102F58009812FD8B130505E03345F50282809A2708
:102F68009E2713770720FD8B11C73755E8011305F6
:102F78000580DDB73725F40013050540F1BF21654D
:102F8800130505D082803725F4001305054082809B
:102F9800B7F700E08847828032858147373700409D
:102FA800A14663C3A70082803037E30FD6FE33867D
:102FB800F5001022850710A7EDB797F6FF1F938637
:102FC8006654AA8788421727002013072799AA97CB
:102FD80063E9E7000A87130707FC6364F7009CC2EC
:102FE80082807D558280411122C406C62A843D37DD
:102FF8002947B307E502B2408D83B3D7870222443D
:103008009507B3D7E70237370040B3C707085EA76D
:1030180041018280716541111305052006C6E1371B
:10302800B7370040130770F8B8A30D47B8B31307B4
:10303800000498B30547F8A7B2404101828023886D
:10304800018423A60184B71700401387070C144393
:103058009387070D9396664914C3944393966629FC
:1030680094C31443BD9A14C398431367070198C3C4
:10307800828023A6A18413064006894503C581855D
:103088006F30E15E371700401307470C1C43B70643
:103098004000F58F1443138701851023C18A13B5A7
:1030A800170091EA13652500630DA60008A383A7FE
:1030B800C18481CB82876306A60008A399E30545EE
:1030C800FDB7828011456FF0AFC541119396250079
:1030D800AA852D4506C697E0FF1FE780A08AB24063
:1030E800014541018280011122CC06CE37140040EF
:1030F80026CA4AC84EC652C483447405034AB40556
:103108008349840503499405EFF04F988347A40544
:1031180093F4F40F137AFA0F93E71700230DF404CE
:1031280093F9F90F1379F90FB717004003C7A705EB
:10313800058B6DFF03D5C705A38D4705238C370580
:10314800A38C2705A38B9704F2406244D2444249DA
:10315800B249224A05618280411122C406C62E84E2
:103168009397556063DF070097E0FF1FE780C0BAB9
:1031780019C1EF30A1331315F468B240224441015C
:10318800828093F7150013C51500E5FB93F725001A
:1031980081CFCD3D1306000A894503C58185EF30EF
:1031A800014D13452400D1BF8967ED8F85C3EF60BA
:1031B800E125093F37F60200130606E0896503C5D5
:1031C8008185EF30C14A1315D46845BF11656D8DEF
:1031D8004DD517950100130525C0EF703120130652
:1031E8000064916503C58185EF3061481315E46873
:1031F80069B72D71232A9110FD74E98C232C811055
:1032080023282111232631112A84AE893289930675
:1032180000100A86A6852D45232E111097D0FF1F72
:10322800E780407613154401498113962900CA8521
:103238000A9597E0FF1FE78020B7A68585660146B7
:10324800254597D0FF1FE780E0730A86A685930679
:103258000010294597D0FF1FE780C0728320C11155
:103268000324811183244111032901118329C110E9
:1032780015618280011183A7818406CE22CC26CADB
:10328800BD8B21476399E700AD37F2406244D244D1
:10329800014505618280B7F70700DC532A84B284B0
:1032A800BD8B939625006397E7008567FD17F58F1B
:1032B80091C301A0A2850146254536C697D0FF1FB8
:1032C800E780406CB2462686A285294597D0FF1F25
:1032D800E780406B5DBF1D71494697950100938556
:1032E800E5AF17A501001305A5AB86CEA2CC97E0E4
:1032F800FF1FE78040B101E917950100130545AFAD
:10330800EF70D10D01A0B7F700E023A407007957AB
:1033180098CB3D4798C30564B7E700E023A087181A
:103328000F10000017E7FF1F1307871423AAE18473
:10333800130700F8A38AE7401306C003814548082D
:1033480097E0FF1FE78000A997070020938747B5FC
:103358003ECA9D673ECEB7070105938707103ED04A
:10336800ED472312F10285472303F1029707000076
:103378009387E7D5BEC4970700009387E7EFBEC6DB
:10338800930754D12314F10297070000938787C04D
:103398003EDAB7F5070097070000938707D53EDEAA
:1033A800814697070000938727D27000E1051945E9
:1033B800BEC0E08497D0FF1FE780C05C19466C0050
:1033C8001305E102EFE0FFE8D24781C7BC8463F34D
:1033D800870001A04808EF308164AA8501C91795C4
:1033E8000100130525A2EF70C15D01A0F6406644F7
:1033F80025618280411117050000130525D606C6F0
:1034080022C4EF30215F1384818508A0192805396B
:1034180008202244B24013060032896541016F300A
:103428000125397106DE13078008F337078093F703
:1034380087083EC20F100000B717004093057005BB
:103448002380B704130680FA2380C7040F100000F6
:1034580083C6F70293F6A60FA387D7022380070433
:103468009246F3A606800F10000073370780137783
:1034780087083AC40F1000002380B7042380C704CC
:103488000F10000003C7F70213672700A387E7029E
:1034980023800704A247F3A707800F100000054503
:1034A800EFE01FE70531814701478146054685451D
:1034B8001305407EEFE0BFEA68001306400281452D
:1034C80097E0FF1FE7800091B707C0A83ECAB787FB
:1034D800E803938707D03ECC97D7FF1F9387673AB7
:1034E8003EC6680097D7FF1F9387273B3EC8EF303B
:1034F8002170F250216182804111979501009385D6
:10350800A5A8179501001305E59106C6EF70614B54
:103518001795010013050592EF70A14A2945EF7030
:10352800E14DB24041016F20B0064111979501006D
:10353800938505A2179501001305C58E06C6EF7081
:10354800414813050002EF70614B2945EF70014BAC
:10355800EF3021058567138707773376E502B24098
:103568009387873803C50186854541013E966F30AC
:1035780001104111979501009385059C179501004D
:103588001305458A06C6EF70C14313050002EF70A4
:10359800E1462945EF708146B24003C5018685455D
:1035A80041016F308121411106C61717002013070A
:1035B800279C5C37F99B5CB7EF90807F05E1EF2093
:1035C800401FEF20D058B2403726090003C50186B6
:1035D8001306067C854541016F306109B2404101FF
:1035E8008280411197950100938585971795010071
:1035F8001305458306C6EF70C13C2945EF700140AD
:10360800B24041014DB741119795010093858593CB
:10361800179501001305058106C622C426C24AC0B3
:10362800EF70213A2945EF70613DEF90607819E518
:103638002244B240924402494101B5B717F9FF1F2D
:10364800130949B883270905F17475749D047D141D
:1036580086A3A2A317F5FF1F1305C5BAEFC0906F85
:103668008327C90417F5FF1F1305C5B92390070061
:10367800EFC0B06C17F5FF1F130585C41C4986A35E
:10368800A2A3EFC0306D17F5FF1F130565C35C4596
:103698002244B240924402492390070041016FC07E
:1036A800D06941119795010093850591178501000F
:1036B8001305457706C622C426C2EF708130294516
:1036C800EF70C133EF90C06E05E9979501009385BF
:1036D800A58E178501001305E574EF70812E1785F7
:1036E800010013052576EF70C12D2244B2409244A3
:1036F800294541016F70813013050002EF00906683
:103708002A8405E1979501009385058B17850100AB
:1037180013054571EF70E12A17850100130505743B
:10372800D9B7A5471CB19307C0125CC1FD575CA56A
:10373800EF00706208A0084CB705D4009385851A7D
:103748003105EF10C04F084C0C203105EF20305DDB
:10375800084C930500103105EF20B05D044C056559
:10376800EF002076B104AA852685EF20505B084C2F
:103778009305A0103105EF20D05B044CC12EAA851B
:10378800B1042685EF20B05922852244B2409244E4
:1037980041016F00306313F5150021C9411122C49E
:1037A80017850100130505682E8497850100938508
:1037B800A57706C6EF70E1202945EF702124EF9028
:1037C800205F01C9F93DB24013451400224441016C
:1037D8008280170700201307A7795C37F99B93E7C6
:1037E80017005CB7EF10707EF9BF828079719785FA
:1037F80001009385657B178501001305A56206D630
:10380800EF70211C2945EF70611F61468145280032
:10381800EFE09FA5EF003054A547DC849307C01262
:1038280048843EC60565FD57230AF100EF00807DF8
:10383800EF9000581DE5978501009385E57617857B
:1038480001001305255EEF70C117178501001305E8
:10385800655FEF7001172945EF70411AB250456155
:1038680082802800EF00D056D5BF4111978501000E
:1038780093854572178501001305C55A06C622C4EB
:10388800EF7021142945EF706117EF9060521DE524
:1038980097850100938505701785010013058558E4
:1038A800EF702112178501001305C559EF706111DA
:1038B8002244B240294541016F7041144145EF004F
:1038C800704A2A8405E1978501009385A56C1785C0
:1038D800010013052555EF70C10E1785010013056A
:1038E800E557E9B7A5471CB19307C0125CC1938798
:1038F80001825CC9FD575CA5EF00F04508A0084CA3
:10390800B705D4009385851A3105EF104033084C6C
:103918000C203105EF20B040084CBD65A5053105E8
:10392800EF203041084C930530023105EF20303F3D
:1039380022852244B24041016F00D048411122C47F
:1039480097850100938585632A84178501001305EF
:10395800654D06C6EF70E106A285178501001305BF
:103968006551EF7001062945EF70410985476309E4
:10397800F4008947630AF400B2402244410182807E
:103988002244B24041019DB52244B2404101F1BDFB
:1039980001113546978501009385854E17950100DD
:1039A800130585A806CE22CC97D0FF1FE780A04537
:1039B8000DE5978501009385655B17850100130563
:1039C8006546EF7001001785010013056542EF7029
:1039D800E1202945EF70810201A097F7FF1F938727
:1039E80027CC3EC434009317B028138601839785EB
:1039F80001009385A57B178501001305A57C3EC6AC
:103A0800EF2000052A840DC9978501009385055686
:103A18001785010013050541EF60B17AA285178566
:103A280001001305E546EF60D1792945EF60117D66
:103A3800F240624405618280EF80E0121785010040
:103A48001305455DEF100026EF50E007EFE0702406
:103A580017F5FF1F13050586EFE0501117850100C4
:103A68001305C556EFE0B0242A84EF10E07FEFA0DD
:103A7800E044EF00F142EF201015EF10B05AEFC00C
:103A88001029978501009385654E17850100130558
:103A9800653909C8EF60F172A28517850100130521
:103AA800654151B7EF60F171178501001305C542F3
:103AB800EF6031712945EF607174EFC0B00BEF9082
:103AC800202F29C5978501009385454A1785010050
:103AD80013054535EF60F16E178501001305454163
:103AE800EF60316E2945EF6071719785010093850C
:103AF800E547178501001305E532EF60916C1785DE
:103B0800010013052541EF60D16B05B7693CF1BF92
:103B1800411117050000130545C806C6EF20916D31
:103B28002380A18617E5FF1F13058579EF00703BF9
:103B38008535EFF0CFD017050000130565E0EFF0ED
:103B48004FD3B24081450565410161A64111978572
:103B5800010093856559178501001305A52C06C634
:103B680022C4EF6011661384E1800C2017850100E0
:103B78001305454BEF60F1642945EF603168082073
:103B8800B24022444101828039711C0822DC3EC2C5
:103B98002E84B7072000B705D30026DA9385851A47
:103BA800AA843EC448001C0806DE3EC6EF10200961
:103BB800EF00701AAA854800EF2070169305A01030
:103BC8004800EF2010175937AA854800EF207016D3
:103BD800978501009385854E178501001305852477
:103BE800EF60315E0E24722017850100130505452C
:103BF800A18193F5F507EF60D15C2945EF6011606D
:103C08001C340147814693F7F707D917B337F000FB
:103C1800B307F0403CA45000A2852685EF1060222F
:103C280015C52A84978501009385454917850100A4
:103C38001305451FEF60F158A2851785010013058C
:103C48006541EF6011582945EF60515BF2506254AD
:103C5800D25421618280411122C426C22A84AE84B2
:103C6800178501001305051C978501009385854676
:103C780006C6EF60115513050002EF60315829455B
:103C8800EF60D15722852244B240A6859244410173
:103C9800E5BD797122D426D22E844AD08145328955
:103CA800AA846146280006D6EFE00FDCEF00B00AD0
:103CB800A547DC849307C0123EC64884EF20710EE6
:103CC800930720033375F502978501009385C53D59
:103CD8002AC8178501001305E514EF60914E0E24DC
:103CE800830684007220A18193F5F50717850100EA
:103CF8001305C537EF60F14C2945EF6031500327B4
:103D080009003C231433A207D58FBD6663C5F604AA
:103D18003C332387F1801C34294793F7F7076385E1
:103D2800E700FD57230AF100831764006359F00088
:103D3800FD57230AF1009307400602C83EC6280033
:103D4800EF00B011A28526858135B25022549254D5
:103D5800025945618280AD06E39FD7FA03495700AF
:103D6800F5332A99238721817DB741119785010071
:103D780093850532178501001305C50A06C622C4B6
:103D88003284EF60114413050002EF603147294582
:103D9800EF60D14618403C231433A207D58FBD6687
:103DA80063C9F6003C332387F180B24022444101C5
:103DB8008280AD06E39BD7FE4033493B2A94238794
:103DC8008180E5B739711C0822DC3EC22E84B70712
:103DD8002000A16526DA3EC4AA841C0893854520E4
:103DE800480006DE3EC6EF009065B717004083A581
:103DF800470C48009395C56893D5C548EF202072B5
:103E08009785010093858532178501001305850183
:103E1800EF60313B0E24722017850100130505223F
:103E2800A18193F5F507EF60D1392945EF60113D80
:103E38001C340147814693F7F707D917B337F000C9
:103E4800B307F0403CA45000A2852685EF00707FA0
:103E580015C52A84978501009385452D178501008E
:103E6800130545FCEF60F135A285178501001305A0
:103E7800651EEF6011352945EF605138F2506254E4
:103E8800D25421618280411122C426C22A84AE8480
:103E980017850100130505F9978501009385052805
:103EA80006C6EF60113213050002EF60313529456F
:103EB800EF60D13422852244B240A6859244410164
:103EC80011B7B717004083A7470C7D8D1335150030
:103ED8008280411126C2AE848D4522C406C62A843A
:103EE800EFE0FFF9B717004081C823A6870CB2405E
:103EF800224492444101828023AC870CCDBF4111FA
:103F0800978501009385C52417850100130585F160
:103F180006C622C43284EF60D12A13050002EF607E
:103F2800F12D2945EF60912D1840B717004083A760
:103F3800470C0C239397C76893D7C7486387F50046
:103F48002244B2400565410169B7B24022444101AB
:103F58008280797122D426D22E844AD08145328932
:103F6800AA846146280006D6EFE00FB0ED23A547E6
:103F7800DC849307C0123EC64884EF208162930711
:103F880020033375F502978501009385651B2AC8C0
:103F980017850100130505E9EF60B1220E24830699
:103FA80084007220A18193F5F50717850100130598
:103FB800A514EF6011212945EF60512483270900DA
:103FC80005658C2339371C34294793F7F707638530
:103FD800E700FD57230AF100831764006359F000D6
:103FE800FD57230AF1009307400602C83EC6280081
:103FF800C523A2852685F933B2502254925402591A
:104008004561828041118D4522C406C62A84EFE0AD
:104018001FE7B71700409387870C9843B240334592
:104028008700224488C34101828001113546978563
:1040380001009385E5E4178501001305E53E06CEEA
:1040480097D0FF1FE78020DC01E9178501001305E1
:104058006514EF60B13801A0EF40B16B2AC6EF00DC
:10406800B126EF00B105EF60D069F2403245056135
:1040780082804111114506C6EFE08FA41305503424
:1040880097C0FF1FE7804052B7170040116723AC65
:10409800E70AC1450545EFE0BFE685452165EFE044
:1040A800FFD58D451165EFE07FD5EFE0BFF6179599
:1040B80001001305E5CEEF60713217850100130585
:1040C800A536EF60B131EFF00FA1EFF0AFB2B13F1D
:1040D800EFF01FA497C0FF1FE780607E0145828034
:1040E800B7F70700DC532147AE86BD8B6396E70020
:1040F8009397450191C301A0AA850146254517D389
:10410800FF1F670023884111B2862E86AA852D4598
:1041180006C697D0FF1FE780E086B24001454101FF
:1041280082801D7186CEA2CC9307000432C663E25A
:10413800C7022A840808EFE0CF91B2461008A2858A
:10414800294597D0FF1FE780E083F6406644256144
:1041580082803955DDBF2E96178701001307071790
:104168006393C50082809C21090585059183BA97D0
:104178009C23230FF5FE83C7F5FFBD8BBA979C23BD
:10418800A30FF5FEF1BF4111978501009385C51E68
:1041980017850100130505C906C6EF6091021305CE
:1041A8000002EF60B105B240294541016F60110579
:1041B8005C49411122C406C62A8491C7DC4381C7E1
:1041C8002E850C4882971C4CC84BEF20212E1C4C86
:1041D800B240224423AA070041018280411132855E
:1041E80006C622C426C22E844AC0EF20A03DAA8457
:1041F800978501009385451717850100130585C22A
:10420800EF60217C0307840072204E20A686178564
:1042180001001305E5FEEF60C17A2945EF60017ED4
:1042280017040020130484C817090020130909CEB5
:104238001C20639A9700814522859D3F4C2C03C51D
:104248002186EF20815713040402E31324FFB240B0
:10425800224492440249410182801C42011126CA2B
:104268004AC806CE22CCA0239833AA842204598CAB
:104278003D672E8963768700C023B8332204598CA2
:10428800978501009385050D17850100130585B9EC
:1042980032C6EF600173A28517850100130505F981
:1042A800EF6021722945EF6061759307A0103246CF
:1042B8006316F400CA852685EFF03FAB97850100A9
:1042C80093854509178501001305C5B5EF60616F32
:1042D80013050002EF6081726244F240D244424901
:1042E800294505616F6081711C42011126CA4AC8BF
:1042F80006CE22CCA0239833AA842204598C3D6789
:104308002E8963768700C023B8332204598C978599
:10431800010093856503178501001305A5B032C612
:10432800EF60216AA28517850100130525F0EF606B
:1043380041692945EF60816C9307A0103246631BE1
:10434800F4006244F240CA8526854249D244056198
:104358006FF03F94F2406244D24442490561828042
:104368001C42011126CA4AC806CE22CCA023983383
:10437800AA842204598C3D672E8963768700C0235E
:10438800B8332204598C97850100938525FB17853E
:104398000100130525A932C6EF60A162A285178521
:1043A80001001305A5E8EF60C1612945EF600165CB
:1043B8009307A0103246631BF4006244F240CA859A
:1043C80026854249D24405616FF0FF88F240624475
:1043D800D2444249056182801D71A2CCCAC886CEEA
:1043E800A6CACEC6D2C417040020130424AC5C2C81
:1043F8002E89ED8FC9E78347C403ED8FD9E383473F
:10440800C4050145ED8FA5C78947139A57001C10AD
:104418003EC4B70720003EC697E9FF1F938949EAC3
:104428001C103EC883A7C90002CA02CC02CE9E2334
:10443800B3044401984CFC83FD77FC845C4BA1E7F2
:1044480097850100938505EB178501001305859D68
:10445800EF60215717850100130585DEEF6061566F
:104468002945EF60A1595294482C3345A900F640DC
:104478006644D6444649B649264A25618280814722
:1044880069B7854759B79C30A555B1CBFD17122B95
:104498004C479CB0DC242800230FF100EF20400695
:1044A8004E8526879386818230004C08EF0070196C
:1044B800AA8955D9978501009385C5E31785010019
:1044C80013054596EF60E14FCE851785010013056A
:1044D800E5D7EF60014F2945EF604152D555268554
:1044E800C13951B79C4DDC4B99C7D041CC2D03C580
:1044F80021866F20C11782801C4EDC4BA1CF411151
:1045080026C206C622C4AE84A9C197850100938538
:1045180025E2178501001305E5903284EF60614AB2
:10452800A685178501001305A5D4EF6081492945A3
:10453800EF60C14C4C2C2244B240924403C5218602
:104548001306400641016F208112B2402244924472
:104558004101828082809387118688231307150082
:1045680098A382809707002093874794984F41111A
:1045780026C2584B06C622C44AC0AA8421C3985FE3
:10458800584B1DCFB84F584B1DE3094716073384C6
:10459800E70026850329840197C0FF1FE780A071E3
:1045A8001C4C232AA9002285A6ABDC4B91E30145CC
:1045B800B240224492440249410182800147F9B73E
:1045C8000547E9B710454C2D03C521866F20210A00
:1045D800411126C2AA84414506C622C4613705E9AD
:1045E80097850100938585D3178501001305858379
:1045F800EF60213D1785010013054586EF60613C9A
:104608002244B2409244294541016F60213F6146EE
:10461800A6852A84EFD0FFC3084CB705D40093853C
:10462800851A3105292D084C8C203105EF10306F83
:10463800084C930500103105EF10B06F044C056568
:10464800EFF03F88B104AA852685EF10506D2285CA
:104658002244B24092444101B5B7411126C2AA840E
:10466800414506C622C4FD3D05E9978501009385AD
:1046780065C9177501001305E57AEF608134177570
:1046880001001305A57DEF60C1332244B240924476
:10469800294541016F6081366146A6852A84EFD09D
:1046A8005FBB084CB705D4009385851A3105412BAB
:1046B800084C8C203105EF109066084C9305A0102B
:1046C8003105EF101067044CEFF04FC8AA85B1040C
:1046D8002685EF10D06422852244B24092444101DD
:1046E800D5B515713707B16186CF97070020938735
:1046F8002788A2CD1307871A98C337870020130786
:104708009799D8C337976C14130757B698C788106A
:1047180013078021D8C7EF00A166B78799619387EF
:10472800079011464C0028103EC2EFF0DFA2978593
:1047380001009385E5B50818EF60E14A19469785A9
:104748000100938565C913051103EFF0DFA0978574
:1047580001009385E5B31305D103EF60C1484146D5
:10476800978501009385A5C71305E103EFF0BF9E68
:10477800130660032C108810EF0041678547630C0F
:10478800F508978501009385A5B5177501001305F0
:104798006569EF600123178501001305A5AFEF6078
:1047A80041222945EF608125EF10B15F938611867C
:1047B8009C22135785002A97BA9713570501BA9771
:1047C8006181AA979CA217F7FF1F1307277497F711
:1047D800FF1F9387A76D98CF0547D8AF17F7FF1F1F
:1047E8001307877498DF0947238EE70217F7FF1F1F
:1047F80013074775B8CF17050000130525BE1147E5
:10480800238EE704EF20011FFE406E442381A1861A
:1048180001452D6182802A848C102800EF002163D5
:104828006301850297850100938585AB17750100A3
:104838001305455FEF60E11817850100130505A70B
:10484800B9BF41462C0017F5FF1F13056571EFD05E
:104858005FA099BFEFD25F9B2A8408452E89B28951
:1048680009C900C1970500009385E5736105EFF05C
:10487800107681447D5AEF10200463C3A404814458
:10488800EF10800463C6A40497F7FF1F9387476F50
:104898009C43DC47B307F94091872302F400638106
:1048A80009048327C900B307F4409587A302F400DD
:1048B8001C4C89C79C4799C3228582976FD01F9843
:1048C8005C44139714008504BA972390470165B791
:1048D8001C48139714008504BA97239007004DB716
:1048E800832789000547B307F4409587A302F4009E
:1048F80083570400638EE7028DC309476384E70486
:104908000D47E397E7FA978701009387A7001CCC28
:10491800978701009387070111A89787010093875C
:10492800E7C61CCC97870100938747C75CC849B77F
:1049380097870100938787B21CCC978701009387DC
:10494800E7B2EDB797870100938787011CCC97875B
:1049580001009387E701D9BF85E1EFD29F8C00461C
:1049680018448347940075839D8B6315F700EF0007
:10497800D01948C46FD03F8D8280EFD2FF88138949
:104988003500C16442094111AA890144F11413593F
:104998000901054A2EC6EF003072B2456346A400ED
:1049A800014541016FD09F8983A70900131714009F
:1049B800BA9783D707006388B70063949700637436
:1049C8002A010504C1BF0545E9BFEFD21F83AA89A3
:1049D8002E89328BB6843A8ABE8AEF80603D4DC1FB
:1049E8002685EF10D02D8D4763E5A7007D556FD044
:1049F8005F8483DB4400EF0030722A84EF00107379
:104A08009307740031443305850263C5A702EF009C
:104A1800B070EF0070702A84EF0050719307740033
:104A280031443305850263CDA702EF00F06E93078A
:104A3800450019A8EF00906F330585021307F0179A
:104A48009307C017E357A7FC2D55E3C277FB630014
:104A58000B02D6865286A6854A85EFE0B05841BF3C
:104A6800EF00D06C330585029307C5FFF1BF83279C
:104A780049001385C90083D52700013779F9BDB7E7
:104A88006955B5B797F7FF1F239EA74E97F7FF1FE6
:104A98009387074F904381470C463307F500420739
:104AA80041836393B7008280544613984700850773
:104AB800C2962390E600D5B797F7FF1F9387474C18
:104AC8009C4303C58700828017F5FF1F0355854B5C
:104AD8008280EFD20FF5C1671387D7FF6307E5021E
:104AE8006368A700F117630EF50001456FD0AFF5B5
:104AF8001387E7FF630EE500FD171D8D13351500BD
:104B0800F5B7EF40C0347D15D5BFEF404012E5BF83
:104B1800EF40A010CDBFEFD2CFF04111AA840144DD
:104B28002EC6EF00705AB2456346A4000145410104
:104B38006FD06FF19C48131514003E9583570500FC
:104B4800E387B7FE0504E9BF03485500814693F79C
:104B5800F60F63E5070181473E85828058459397A4
:104B68005600BA9703D727006316B70003D7070084
:104B7800E304C7FE8506E1BF8346450001479377F6
:104B8800F70F63E4D700814711A81C451316570097
:104B98000507B29703D60700E313B6FE3E85828069
:104BA800EFD28FE693170501C18797FAFF1F938A03
:104BB8002A3D6353F00883A70A00C0479C47035760
:104BC8000400198D420541816366F5000144228580
:104BD8006FD0CFE612052A94DDBFDC471394490055
:104BE800014A3E94834744006341FA02014A8347DD
:104BF80054006346FA028509C20993D9090183A7BB
:104C08000A009847E3EBE9FCD1B71C4413195A0092
:104C1800A6853E994A85013709ED050AE1B75C4446
:104C280013195A00A6853E994A85F53519E1050AF2
:104C38007DBFE30209FC61BFAA848149C9B7EFD2ED
:104C48004FDE1C452A8481E79307C5001CC51C4418
:104C5800231204001CC09307F00F63E9B70093F513
:104C6800F50F2285EF10B00B6FD0EFDD939405019F
:104C7800C167C18063F7F500A6852285EF10D00DC6
:104C8800E5B7C18193F5F50F2285EF105009A68588
:104C98002285EF10100AC9BF97F7FF1F9387472E89
:104CA800884382801C4599C797F7FF1F23AAA72C22
:104CB800014582807D55828097F7FF1F9387472C97
:104CC800984383474500484792073E958280EFD234
:104CD8004FD5617100451C183EC6B70780013EC814
:104CE8001C183ECA8357440002CE02D002CC231EB1
:104CF800F100834784002A8902D22301F1023C088B
:104D08003ED402D6553F835705002316F102EF30F3
:104D180090632307A1025C4003556400F18313F7F5
:104D280017008347F10252055181F99BD98FA307D8
:104D3800F102EFE0901C39C5AA8403550500EF8005
:104D4800000883D704002AD26800231CF10083D707
:104D58002400231DF1001C4803D647008C43EF10A4
:104D6800207A8347B400CA8617760100130686683E
:104D78008117A305F4006C004810EFE0B0265D61D0
:104D88006FD06FCC2155E5BF1C45B1CF03C5A70037
:104D9800894613576500630BD7028D46630ED70209
:104DA80085466300D702130740063305E50203C7AB
:104DB800B700418B15CB83C7B700BD8B3355F54082
:104DC80082801375F5031307803EC5B7096713750D
:104DD800F50313070771D1BF372709001375F503CA
:104DE8001307077CD9B701458280EFD28FC303A987
:104DF8008500630409048347B900AE8493F7070E5E
:104E080091CF03459900930520030D810505B3054E
:104E1800B50288446105EFF0B02705A02E85AD37AF
:104E28002A8401CDDD218325C900B307B54063F885
:104E380087002E94B305A440E9FD6FD0CFC0854507
:104E4800C9BFEFD20FBE2A8403D50500011132C6AF
:104E580036C43AC22EC002CA02CC02CEEF703076F7
:104E680082452ACA22852ECC813D03570500231E80
:104E7800E100EF30504DA24632469247230FA10081
:104E880036874C08B28622850146EFF01FB40561CB
:104E98006FD06FBBEFD2EFB861711C183EC6B70771
:104EA80080013EC81C183ECA3C0800453ED4AA846E
:104EB80002CC02CE02D002D202D6EFF0FFDF835737
:104EC800050035592316F102EF30F0472307A102F8
:104ED80009C48357440091E721594A855D616FD021
:104EE8008FB60355640052055181EFE010012A89FD
:104EF80065D58347B40093F7070E89C71305840166
:104F0800EFF0901A83574400231EF1008347840072
:104F18002301F1025C4003550900D98313F7070800
:104F280083471102231CA10093F7F707D98FA30029
:104F3800F10283572900231DF1005C40F18313F728
:104F480017008347F102F99BD98FA307F102EF708D
:104F580010672AD251D183479400680013975700ED
:104F68008347B400FD8BD98FA305F4001C4803D6F2
:104F780047008C43EF10C058A68717770100130726
:104F88006747740005464C102685EFF01FA42A8950
:104F980029D58347B400A685FD8BA305F400B13558
:104FA8002DBFEFD20FA8832485FE2A8441112685C0
:104FB800EFF09FDD834734FF93F7070E9DC32AC6A2
:104FC8002685EFF0DFD019C9834734FFB245FD8B42
:104FD800A309F4FE81C52285EFF0900B41016FD043
:104FE8008FA66DDD8327C4FF2685829765F98347E1
:104FF80034FF93F7070E81C72285EFF0F00A0325E7
:1050080084FE493DE1BFEFD2CF9E9C4141112A89E0
:1050180003C7070089472E8493566700638CF602FE
:105028000D466382C6049307F0076302F7022E85D4
:10503800EF104059AA848149C16B130C490097F7B6
:10504800FF1F9387E7F39C43984763ECE90241010C
:105058006FD0EF9D03D745008547E3FAE7FE2E851D
:10506800EF10205AC1BF03D74500E3F2E7FE2E85B3
:10507800EF104055AA842285EF102056C204C98C2F
:105088005DBFDC470355A900139A49003E9A931760
:105098000501C187635DF00083570A006395A70285
:1050A80063E574038327CA00034D5A001DA0A16756
:1050B8002167A98F1307F7EFE374F7FE63950900DB
:1050C800EFF03FA171FD85099DBF83278A00034D3D
:1050D8004A00835DA90003576900216A138BC70042
:1050E8003AC6814A33CA4D01631E5D0197F7FF1F17
:1050F800938787E99C43E1DBA28662868145268502
:105108008297D1B7A1679387F7EF930C4BFF63F0B2
:105118004703B2455A85EFF05F8619CD03278B0008
:10512800104719CA10436380C4023107D5BFEE8502
:105138006685EFF05F9E71FD93861A0093FAF60F6D
:10514800130B0B0255B7835644005C43E3EDF6F6A8
:1051580022853AC6EF100036A1679387D7042A8ABA
:10516800035D4400324763E897008347D90093E71B
:1051780007F8A306F9001C4766852286E285829710
:10518800C1670844FD17337AFA00529508C0231204
:10519800A40115BF97F7FF1F938787DE98438147C0
:1051A80015C31447814763FFD500939745004C47C3
:1051B800BE9519C903C7550081476375E600DC45EC
:1051C8001606B2973E85828003C745008147E37B78
:1051D800E6FE16069C45F5B7EFD20F83AA892E8AFC
:1051E800814497FAFF1F938AAAD983A70A00984790
:1051F80063E4E4006FD08F84DC47139444000149D2
:105208003E9413BB140083474400634BF9000149E3
:1052180013BB140083475400634FF9008504F1B7AA
:105228000844931759005287DA860146A2853E95AD
:1052380082990509C9BF4844931759005287DA86ED
:105248000546A2853E9582990509E9B7EFC27FFD1B
:10525800814517F5FFFF1305256097F7FF1F239377
:1052680007D29D3F6FC03FFE97F7FF1F938747D137
:105278009C4399CBEFC2FFFA814517F5FFFF130551
:10528800A55D993F6FC03FFC8280EFC2FFF74111D7
:105298002315E1002E89B284B6893A8681460147F2
:1052A800ED452A84EF10B14C2AC61DCD0356A10046
:1052B800CE85EFC01FFACA852285EF107160058977
:1052C80015C1228501462C0023149100EF10116EA0
:1052D8002A8409C5ED452800EF109158228541011F
:1052E8006FC0DFF54944FDB76554CDBF5C41FD177C
:1052F8005CC18280EFC2FFF2EF10013195473305A0
:10530800F50281450D816FC01FF4EFC29FF1EF10C8
:10531800A12F95473305F5020D816FC0DFF2EFC26B
:105328005FF003550500EF1031256FC0DFF1EFC2C4
:105338005FEF035505003287AE8617D6FF1F035669
:1053480006FF97F5FF1F938565C481376FC0BFEFD0
:10535800EFC23FEDEF4011496FC0FFEEEFC27FECA7
:1053680097F5FF1F938585C2EF10F16B01456FC05C
:105378009FEDEFC21FEB814517D5FF1F035525F79A
:10538800EF10B15D6FC03FECEFC2BFE997F5FF1FAB
:105398009385C5C0EF10316901456FC0DFEAEFC2E0
:1053A8005FE8814517D5FF1F035565FAEF10F15ADD
:1053B8006FC07FE9EFC2FFE62E85EF60A04DEF607A
:1053C80030036FC05FE8EFC2DFE5EF60500D6FC0DC
:1053D8009FE75C49E1175CC95CC583572501A107B4
:1053E8002319F50083570501A1072318F5008280CA
:1053F800F1473305F50297F7FF1F938727BC9C43B6
:105408003E9582808D476317F60603D74600854789
:1054180063F2E706EFC2FFE0368536842E89EF1087
:10542800601A39C18357440093140501C18063EDA4
:1054380097022285EF100019FD1423129400930798
:10544800A002630EF5009307B0026301F50293070B
:105458009002631BF5002285EFC0707931A00146E8
:10546800CA852285EF8060056FC0FFDD2285EF00C9
:105478001056DDBF828097F6FF1F938666B49C4264
:10548800014599CF9843D44217F6FF1F232AE6B265
:105498006396D70097F6FF1F23A6E6B21385C7FECB
:1054A8008280EFC21FD8C926714433058502914511
:1054B800EF70C05801E565556FC0FFD897F7FF1F1B
:1054C80023ACA7AE5526330585029145EF700057EA
:1054D8007DD197F7FF1F23A3A7AE792697F7FF1F64
:1054E8002396A7AC512697F7FF1F2392A7AC97776F
:1054F8000100938767F517F7FF1F232DF7AA970772
:105508000000938747ED17F7FF1F2323F7AA0145EC
:1055180065B7EFC21FD1AA8517F5FF1F130505A9A7
:10552800EF10201E6FC03FD2EFC2BFCFDD37EF10A4
:10553800C01E97F7FF1F9387A7A89C4381CF1387A7
:10554800C7FE09CB83D5C7FF17F5FF1F1305C5A7EE
:10555800EFF000346FC03FCFEFC2BFCCEFF0BFF128
:1055680011C9834785002A8493F7070491E70355F7
:10557800E5005D3F6FC03FCD8347C50093044501FB
:1055880017F9FF1F1309C9A385E3832709005CC91D
:1055980097F7FF1F23A697A283274900E1FF97F7F4
:1055A800FF1F23A197A2F9B7FD172306F500610590
:1055B800EF60A0748307840063C9070483478400ED
:1055C80093E707F82304F400EF00B17D4205A947EB
:1055D80041813375F5028347840093F707FCC98F2F
:1055E8002304F4008347D4003E951C402318A400EC
:1055F80089CF984319CB8347C4005040814585071C
:105608003305F502420541810297832709005CC8EA
:1056180097F7FF1F23A6979A8327490089E797F7EB
:10562800FF1F23A1979A8347C400A9D78355040174
:1056380017F5FF1F13054599EFF0802525BFEFC229
:105648005FBE97F7FF1F938767BD9C47014485831B
:10565800858B81EFAE84B2853A86EF1060112A847B
:1056680009C5EF106008829408CC22856FC0BFBDC1
:10567800EFC29FB941112E8932C6AA89712C3247CF
:1056880013060502CA86970500009385A5D617F567
:10569800FF1F1305A591EFF09FFA2A8429CD9304E3
:1056A800C5004D261946AA852685EF0070658545F3
:1056B8002685EF005062177501001305A5D64E9593
:1056C800834505002685EF0090655C483146814595
:1056D800A1075CC85CC483572401E1172319F400AF
:1056E80083570401E1172318F4001C4C3E85EFC0D2
:1056F800BFB7A3042501228541016FC03FB4EFC2A3
:105708005FB24111AA842EC632C4EF104000004D8A
:10571800B2452246834784000CC050C093F7F70374
:1057280093E707042304F400231804002685EF00F8
:10573800B07B83479400A9462317A40013D73700EA
:1057480005073307D7029D8B85072306F400A306B8
:10575800E40083C70401D8488507230FF7FE17F72D
:10576800FF1F1307E7855843232A040093074401C2
:105778001DEB17F7FF1F2327F78417F7FF1F2321B8
:10578800F78417F4FF1F130424842285EFF0C00563
:105798001C44858B5D8D09E581452285EFF0400F1E
:1057A80041016FC05FAA1CC317F7FF1F232CF780A6
:1057B800C9BFEFC21FA7970500009385E5C401453F
:1057C800EFF05FBF01456FC01FA8EFC29FA5EFF0C4
:1057D8009FBF6FC05FA78347C500A1E7EFC27FA443
:1057E8002A840355E500EFF0DFD215C9834784000A
:1057F80093F7F7FB2304F4001C4091C7DC4381C7EF
:105808004C4001458297EFF01FC717E5FF1F1305AE
:10581800A57BEFF060090355E400EFF0FFD06FC0FF
:105828009FA28280EFC2FF9F97E7FF1F9387477968
:1058380097050000938585D217E5FF1F1305C578E6
:1058480023A0070023A20700EFE070786FC0BF9F76
:105858001C4D91CBDC4381CBEFC2BF9C8345070035
:1058680082976FC05F9E828097E7FF1F93870778B4
:105878009C4303C50700828097E7FF1F938707773C
:105888009C4303C51700828097E7FF1F938707761D
:105898009C4303C52700828097E7FF1F93870775FE
:1058A8009C4303C54700828097E7FF1F93870774CF
:1058B8009C4303C53700828097E7FF1F93870773D0
:1058C8009C4303C55700828097E7FF1F93870772A1
:1058D8009C4303C56700828097E7FF1F9387077182
:1058E8009C4303C57700828097E7FF1F9387077063
:1058F8009C4303C58700828097E7FF1F9387076F44
:105908009C4303C59700828097E7FF1F9387076E24
:105918009C4303C5A700828097E7FF1F9387076D05
:105928009C4303C5B70011E11D45828097E7FF1F1F
:105938009387C76B9C4303C5C700828097E7FF1F07
:105948009387C76A9C4303C5D700828097E7FF1FE8
:105958009387C7699C4303C5E700828097E7FF1FC9
:105968009387C7689C4303D50701828097E7FF1F89
:105978009387C7679C4303C52701828097E7FF1F6A
:105988009387C7669C4303D54701828097E7FF1F2B
:105998009387C7659C4303D56701828097E7FF1FFC
:1059A8009387C7649C4303D58701828097E7FF1FCD
:1059B8009387C7639C4303C5A701828097E7FF1FAE
:1059C8009387C7629C4303C5B701828097E7FF1F8F
:1059D8009387C7619C4303C5C701828097E7FF1F70
:1059E8009387C7609C4303C5D701828097E7FF1F51
:1059F8009387C75F9C438857828097E7FF1F9387E9
:105A0800E75E9C4303D5C702828097E7FF1F938711
:105A1800E75D9C4303D5E702828097E7FF1F9387E2
:105A2800E75C9C4303C50703828097E7FF1F9387C2
:105A3800E75B9C43C85B828097E7FF1F9387875A81
:105A48008843828097E7FF1F9387075A884382809D
:105A580019E17D558280F5DE984265DFFDD917E7AB
:105A6800FF1F1307A77B1847AA877155058B631675
:105A7800072203C507001547E37DA7FC03C73700C6
:105A88001305F0057D171377F70FE364E5FC03C3EF
:105A98005700E30003FC83C86700E38C08FA03C7D8
:105AA8007700494579171377F70FE364E5FA03C7D9
:105AB800A70011481305F7FF1375F50FE36BA8F856
:105AC80003CE97000D481305FEFF1375F50FE3622B
:105AD800A8F803C8B7006309080065181378F80F19
:105AE8001305600DE36705F703C5C7007948791505
:105AF8001375F50FE36FA8F403C8D7000D457D189B
:105B08001378F80FE36705F503D80701930E4017DC
:105B18005118420813580801E3ED0EF303C8E700D3
:105B28007D181378F80FE36605F303C827017D187D
:105B38001378F80FE36F05F103C88700C54E751891
:105B48001378F80FE3E70EF103D86701856E938E9B
:105B5800BEE06D18420813580801E3EC0EEF03D8B5
:105B680047016D18420813580801E3E40EEF03D803
:105B780087017918420813580801E36C05ED03C83A
:105B8800A7017D181378F80FE36505ED03C5B70184
:105B98001D487D151375F50FE36DA8EA03C5D701F8
:105BA800714879151375F50FE365A8EA03D5E70180
:105BB8001308E00F7D1542054181E36CA8E803C591
:105BC8000702494879151375F50FE364A8E883AE11
:105BD800470237C534001308F5BFE36CD8E703A8BC
:105BE8008702130555BF5918E36505E717E5FF1F39
:105BF800232CC53E03C6050117E5FF1F2328F53EE4
:105C08000545E378C5E403D82501D0493376060372
:105C1800E31106E403C61501E30D06E217E6FF1FCC
:105C28002322B63C83C5270001466387A50003C627
:105C38001700F1453306B60283C707039305C00270
:105C480072971A071307C70516031A9796084697F7
:105C5800B387B70241553E97329742074183636E37
:105C6800E802EFC20FDC3685EF607067EFD0B01D39
:105C78002A84EF80D0142A94EFC090212A94EF60F0
:105C8800F07E2A94EFF0FF812A94EF2050612A9445
:105C9800EF50A06222956FC00FDB8280EFC26FD8F1
:105CA8004111A307A100EF80A0159305F100170586
:105CB8000000130525BAEFF02FD2014541016FC04E
:105CC8008FD8EFC28FD317E4FF1F1304245503287E
:105CD800840079599368180097E4FF1F23A414558A
:105CE80013781800631E0800BA84BE89368B328A7E
:105CF8002E89AA8AEFE05FDC7D15269509E53159E2
:105D08004A856FC00FD3EFE03FDB7D152695A1676D
:105D1800E357F5FE97F7FF1F9387478798433E8C15
:105D2800814B11C70145EFC0B03A933B15004A8536
:105D3800DA865686D285EF70902E2A8911CD1C44BA
:105D4800F99B17E7FF1F232FF74C83270C00CDDBA8
:105D5800E3880BFA82976DB7268597E7FF1F23A183
:105D6800074CEFE03FD24146CE8517E5FF1F1305EC
:105D78006554EFC00FCEEFA0D0060325040BEFA0AB
:105D8800D0080545EFA0D00E0545EFF03FF18DBFD7
:105D980097E7FF1F938787489C47858BD5C7EFC236
:105DA8004FC817E5FF1F1305254F97E7FF1F23A7C8
:105DB800074697E7FF1F23A5074697E7FF1F23A37B
:105DC8000746EFE0702EEF400000EFE0D005EFE06F
:105DD800500A97E7FF1F9387E7429C4381C7054511
:105DE800EF60502B97E7FF1F9387872B9C4389C74A
:105DF80041657D15EF500068EFC07036EFA0407F19
:105E080097E7FF1F938787569C431397170163549F
:105E18000700EFC0A04197E7FF1F23AD074897E7AA
:105E2800FF1F23AB074897E7FF1F23A9074897E7FA
:105E3800FF1F23A70748EFF05F999D23EFF00FC1DD
:105E4800EFC080636FC02FC08280EFC2EFBB2A848F
:105E58009304140201112E85B289A685214636C6FF
:105E68003A89EF40D1331DE1B24638082686CE85FF
:105E780013059404EF40804121462C084A85EF40E1
:105E880011321335150005616FC04FBB0145E5BFE1
:105E9800EFC22FB99305450617E5FF1F13054515F2
:105EA800EFE0101F6FC02FBAEFC2AFB741112EC677
:105EB800EFF0AFC5B24588C141016FC0CFB8EFC29E
:105EC800AFB4AA842E84EF60B071AA898545228573
:105ED800B92583C7E4011389940899E31389040356
:105EE800CE8522852D2D2146930519022285092D5F
:105EF80097E7FF1F938787328C432285EF00A068BE
:105F08002146938584022285E52B6FC02FB3EFC20B
:105F1800CFAE3971EFC0A04C9305400645EDEF6058
:105F28003069630E051097E7FF1F83C7270E13B765
:105F3800170097E6FF1F238BE60C014489CFC16445
:105F480017E9FF1F1309892D9309400EFD14EFF07F
:105F5800BF9A6348A408EFF04FBB4169B72909000D
:105F6800096AFD7A2A8B81447D199389F97B130A82
:105F78000A71938A8AC7EFF03F9863D5A404130483
:105F8800400EB387840217E7FF1F1307272903244E
:105F9800070B3E948357C4016386270918403307CB
:105FA800EB4063EAE900834744008507B38747036A
:105FB800D6976369F706014681450945EFF04FEB2F
:105FC800AA8B29E1EF20D0598547631FF50489651D
:105FD8009385057117E5FF1F13058501EFE0500B49
:105FE800A1A8B30734030327090BBA9703D7C7013E
:105FF8006308970003C75700A38207002382E700BE
:106008000504B1B79305C5002285EFF05FEB5E8507
:1060180022869765010093852542EFF04FEE5E8555
:10602800EF00A06F850481BF97E7FF1F9387071FC5
:106038009C478D83858BC1FF21616FC08F9F01466F
:106048008545094502D002D202D402D6EFF04FE2CC
:10605800AA847DD1EFC0E0371389C4002A84814522
:106068004A8575290C4041464A85592983294400A7
:10607800638809084E8502D802DA02DC02DEEF40A6
:1060880091372ACE141005462C0808184ECCEF403C
:1060980080171375F50F2DE58355840093E52500CA
:1060A8004A855D2911460C104A859929014697654C
:1060B80001009385E5382685EFF06FE42685EF002B
:1060C800C0655C40B5DB014685450D45EFF04FDA0C
:1060D800AA843DD148401389C400EF40D1312AC673
:1060E8004A85F12E3246636AC5004C404A85092923
:1060F800014681452685EFF08FE02685392D2DBF95
:106108008355840071BFEFC2CF9197E7FF1F938734
:10611800E7109C4719CD93E7870017E5FF1F130584
:1061280025ED17E7FF1F232FF70EEFE000756FC06F
:106138008F91DD9B17E7FF1F2326F70EEF205042B4
:106148007DF517E5FF1F1305A5EAEFE0E075C5B774
:10615800EFC2AF8A4169AA892E8AB28A368BBA8B76
:10616800814417ECFF1F130C6C0B930C400E7D1928
:10617800EFF08FF863C4A40001442DA03384940386
:1061880083270C0B3E948357C401638027055A87E5
:10619800D6865286CE8513050403EFF01FCB11C5B2
:1061A80023800B0022856FC0CF888347F40191CFED
:1061B8005A87D6865286CE8513059408EFF0FFC815
:1061C80009C585472380FB00F1BF850455B7835770
:1061D8004500638D0716EFC22F8301112A84DD263F
:1061E80019C58547630AF50405616FC02F85EFC09F
:1061F800001F7DF9835744004947ED9BE396E7FE6E
:10620800C1452285712CAA842285E52E03574400B6
:1062180002CE91472A896317F700228529293C086D
:106228002ACC3ECEEFC0E01A5C55DDDF74084A8602
:10623800A685054582974DBF03574400D147E3F52E
:10624800E7FA032A0400C169014997EAFF1F938A04
:10625800EAFC130B400EFD19EFF00FEA6344A90C9A
:106268002285032A0400B92EA1452A8922850D2CEE
:10627800AA842285C92614402A86AA8978082685F0
:10628800CA85EFF0FFECAA8425D103C7F40189473A
:106298006315F7008347C101A1DB5546D2851385F5
:1062A8006400EFB01FFB0145EF60703101C583D773
:1062B800C401B1EB97E7FF1F938747F69C479355B7
:1062C8001900858913D73700058B11CB8983858BF6
:1062D8006397B70001452EC6EFF0FFE2B2454E8541
:1062E800EF60D0350346C1012A84937519002685CD
:1062F800EF70502A31C92685EF60D030268511C04D
:106308000145EF60305BEF20B0258547E31EF5ECD3
:1063180083C754001307F00FE388E7EC8507A382CF
:10632800F400D9B5B304690383A70A0BBE9483D7D5
:10633800C401638937015546D28513856400EF404F
:10634800016671D1050909BF5DDC5DBF8280EFB2CE
:10635800BFEBEF60F02511CDC164014417E9FF1FC1
:106368001309C9EB9309400EFD14EFF0EFD8634A07
:10637800A40017E5FF1F1305A5C7EFE000506FB095
:10638800FFEB330534038327090B3E958357C5017B
:106398006386970023120500EF60D0260504F1B745
:1063A80097E7FF1F938787E79C478D83858B99EB3A
:1063B800EFB23FE717E5FF1F130585C3EFE0C04EB7
:1063C8006FB07FE88280EFB2DFE597050000938524
:1063D80045B417E5FF1F1305A5C1EFE0403F6FB0B7
:1063E8009FE683C7F5FF2E858507A38FF5FE82807C
:1063F80083C7F5FFFD1793F7F70FA38FF5FE89EB1A
:10640800EFB23FE21385F5FFEF00410A6FB0BFE33B
:106418008280EFB21FE1884105054205418197B0AE
:10642800FF1FE780408909C585472300F50005055A
:106438006FB07FE11C41035745008D8FBA951CC191
:106448002312B5003E85828093D78500A2051441AA
:10645800DD8D835745001387E6FF18C1890723128E
:10646800F50013D685004111238FB6FEA38FC6FE13
:106478004101828018419307F7FF1CC183574500EB
:1064880085072312F500A30FB7FE828083574500C6
:106498008D8F2312F5001C41BE950CC12E8582807C
:1064A800AA8703D7470008410D8FAA952392E700D2
:1064B8008CC38280184108453305A74082808357E2
:1064C8004500035765001D8F1C4108453385A740CB
:1064D8003305A7408280EFB2DFD441112EC62A844B
:1064E800EFF0FFFDB2456373B50001A08357440088
:1064F8000840BE952312B4003E9541016FB0BFD449
:10650800EFB23FD241112E84B28532C6EFF0BFFC04
:106518003246A285EFB0FFD341016FB0DFD2EFB2B0
:106528005FD02E848545EFF01FFB230085006FB0F8
:106538009FD1EFB21FCF41112317B1008945EFF06A
:106548009FF98347E1002300F5008347F100A3008A
:10655800F50041016FB03FCFEFB2BFCC93D78500B4
:10656800A2054111DD8D2317B1008945EFF0BFF673
:106578008347E1002300F5008347F100A300F500FD
:1065880041016FB05FCCEFB2DFC91397850193D794
:106598008501C166938606F0D98F13D78500758F5C
:1065A800D98FA2053707FF00F98D4111DD8D2EC661
:1065B8009145EFF05FF26C001146EFB09FC94101C1
:1065C8006FB07FC8EFB2FFC51C41854503C4070003
:1065D800EFF0DFEB22856FB01FC7EFB29FC41C41FD
:1065E8004111894503C7070083C717002307E10046
:1065F800A307F100EFF09FE90355E10041016FB0F7
:106608009FC4EFB21FC21C414111894503C707004F
:1066180083C717002307E100A307F100EFF01FE786
:106628008357E100410113D58700A2075D8D42051C
:1066380041816FB05FC1EFB2DFBE0C4141112A84C6
:1066480011466800EFB0FFC091452285EFF01FE4C6
:10665800B247C166938606F01397870113D5870161
:10666800598D13D78700758F598DA2073707FF00FB
:10667800F98F5D8D41016FB01FBD1C45BE950CC1E2
:106688008280AE87944391E6584101EF0CC15CC10A
:10669800828003C7570013671700A382E700B687F5
:1066A800D5B70CC3EDB7AA87084119CD1841D44313
:1066B80098C36313D500D8C32A8703465700937637
:1066C800160081E6232007008280944381CA8C4209
:1066D80003A847008CC363930601CCC3799A14C3FB
:1066E800A302C7003687D1BF1C45DC471D8DB7778D
:1066F800DBB6938777DB09853305F50242054181CF
:106708008280F147B385F50248452E9582808347FC
:10671800450085072302F5008280EFB29FB02A84E6
:1067280019E06FB05FB283474400E5DFFD1793F7C8
:10673800F70F2302F400F5F71C4403D727000507D9
:106748002391E700DC4399C3228582974C4889CD81
:1067580083475400898B99E71C4422859C479C43B6
:106768009C478297232A04000040232004004DBF41
:10677800EFB23FAB8357250041112EC691E7014484
:10678800228541016FB03FAC035705008147F146B0
:10679800E307F7FEB385D702404585072E94834566
:1067A800440008C4F5F5B247AA8481E7232A040007
:1067B80009A81C456C0022859C439C43829748C8C5
:1067C8005DDD85472312F400B24723200400231817
:1067D80004002319F4005C485CC483D72400FD1727
:1067E8002391F40071BFEFB2DFA397E7FF1F9387F0
:1067F8002782884323260500232405004105EFE06E
:10680800A00A6FB05FA4EFB2DFA117E4FF1F130463
:1068180024801C40411189CF9C472300B5002AC61B
:106828005CC1EFF05FFC1C40DC4399C332458297A2
:1068380041016FB05FA1034745001DEB584DAA8782
:106848007D550DCBEFB2FF9D1CC3DC4797D6FF1FCC
:1068580023A0E67CF156130507012390D70097057E
:10686800000093858501EFD0907601456FB0BF9DFC
:106878007D5582808280EFB2DF9A011161468145A1
:106888002800EFB07F9E97D7FF1F938767789C43B8
:1068980028009305F00FDC473EC6EFF0DFF60561F0
:1068A8006FB07F9A97D7FF1F938787769C43D84707
:1068B800A1679387C7026312F70A397106DE22DCE3
:1068C80026DA80004AD84ED652D456D23285B284BF
:1068D800EFF05FCFAA892685EFF03FD02318A4FCFC
:1068E8002685EFF09FCF2319A4FC2685EFF0FFCE75
:1068F80083D744000A8A231AA4FC858393F7F70FE9
:10690800230EF4FC8607BD0793F7073F3301F140D8
:106918008A8A01498347C4FD6365F902CE85130558
:1069280084FC232C54FDEFF01FEE5281130104FC6C
:10693800F2506254D2544259B259225A925A2161A1
:1069480082802685EFF07FC993171900D69705092D
:106958002390A7001379F90F75BF828097D7FF1F7F
:106968009387076B9C43D847A1679387A702631057
:10697800F70A397106DE22DC26DA80004AD84ED6BC
:1069880052D456D23285B284EFF0DFC3AA89268565
:10699800EFF0BFC4FD572318A4FC26852319F4FC87
:1069A800EFF0BFC383D744000A8A231AA4FC858367
:1069B80093F7F70F230EF4FC8607BD0793F7073FFD
:1069C8003301F1408A8A01498347C4FD6365F902AE
:1069D800CE85130584FC232C54FDEFF0DFE25281B1
:1069E800130104FCF2506254D2544259B259225A4B
:1069F800925A216182802685EFF03FBE93171900D5
:106A0800D69705092390A7001379F90F75BF8280DF
:106A180097D7FF1F9387C75F9C43D847A16789070C
:106A28006318F708397106DE22DC26DA80004AD8B6
:106A38004ED652D456D232853289EFF0BFB8AA89E1
:106A48004A85EFF09FB9835749000A8A2318A4FCA6
:106A5800858393F7F70F230CF4FC8607BD0793F79C
:106A6800073F3301F1408A8A8144834784FD63E507
:106A7800F402CE85130584FC232A54FDEFF0BFD819
:106A88005281130104FCF2506254D2544259B25953
:106A9800225A925A216182804A85EFF01FB4939757
:106AA8001400D69785042390A70093F4F40F75BFBC
:106AB800828097D7FF1F9387A7559C43D847A16724
:106AC8009387E7046312F70A397106DE22DC26DAB7
:106AD80080004AD84ED652D456D23285B284EFF0CE
:106AE8007FAEAA892685EFF05FAF2318A4FC268520
:106AF800EFF0BFAE231AA4FC2685EFF01FAE83D7B4
:106B080044000A8A2319A4FC858393F7F70F230E00
:106B1800F4FC8607BD0793F7073F3301F1408A8AE3
:106B280001498347C4FD6365F902CE85130584FCDA
:106B3800232C54FDEFF03FCD5281130104FCF25099
:106B48006254D2544259B259225A925A21618280CF
:106B58002685EFF09FA893171900D697050923906B
:106B6800A7001379F90F75BF828097D7FF1F938706
:106B7800274A9C43D847A1679387C7046310F70A3D
:106B8800397106DE22DC26DA80004AD84ED652D485
:106B980056D23285B284EFF0FFA2AA892685EFF09B
:106BA800DFA3FD572318A4FC2685231AF4FCEFF075
:106BB800DFA283D744000A8A2319A4FC858393F7AC
:106BC800F70F230EF4FC8607BD0793F7073F330141
:106BD800F1408A8A01498347C4FD6365F902CE857D
:106BE800130584FC232C54FDEFF0FFC152811301DF
:106BF80004FCF2506254D2544259B259225A925A61
:106C0800216182802685EFF05F9D93171900D69742
:106C180005092390A7001379F90F75BF828097D7CC
:106C2800FF1F9387E73E9C43D847A167DD07631B97
:106C3800F702EFB20FDF797132853284EFF09F9857
:106C48002AC62285EFF07F992311A1022285EFF051
:106C58007F97B2452300A1022808EFF0DFBA45610B
:106C68006FB06FDE828097D7FF1F9387673A9C4388
:106C7800D847A16793878704631BF702EFB26FDADF
:106C8800797132853284EFF0FF932AC62285EFF0BE
:106C9800DF942311A1022285EFF0DF92B245230091
:106CA800A1022808EFF03FB645616FB0CFD98280C6
:106CB80097D7FF1F9387C7359C43D847A16793870A
:106CC800A704631CF700EFB2CFD501112800814556
:106CD800EFF07FB305616FB00FD7828097D7FF1FA2
:106CE800938707339C43D847A1679387570263115B
:106CF800F702EFB20FD301113285EFF0BF8C2308F2
:106D0800A10081452800EFF01FB005616FB0AFD337
:106D1800828097D7FF1F9387A72F9C43D847A167E7
:106D28009387E702631FF702EFB2AFCF01113285F5
:106D38003284EFF09F8AAA842285EFF01F8A854764
:106D480019E52285EFF01F884205B337A000280017
:106D58008145231891003ECAEFF0FFAA05616FB084
:106D68008FCE828097D7FF1F9387872A9C43D84767
:106D78009947631FF704EFB2CFCA7971328532841D
:106D8800EFF05F842AC62285EFF03F852310A10229
:106D98002285EFF03F832301A1022285EFF09F8235
:106DA800A301A1022285EFF0FF812302A10222851F
:106DB800EFF05F812313A1022285EFF0BF80B24577
:106DC8002314A1022808EFF01FA445616FB0AFC7D4
:106DD800828097D7FF1F9387A7239C43D847A16733
:106DE8009387C703631FF704EFB2AFC37971328586
:106DF8003284EFF02FFD2AC62285EFF00FFE231014
:106E0800A1022285EFF06FFD2311A1022285EFF088
:106E18006FFB2302A1022285EFF0CFFAA302A102A1
:106E28002285EFF02FFA2303A1022285EFF08FF9D4
:106E3800B245A303A1022808EFF0FF9C45616FB09B
:106E48008FC08280EFB2EFBD01112A84EFF08FF777
:106E5800AA842285EFF06FF82285EFF00FF8035728
:106E680044008D4763F5E7002285EFF00FF7228590
:106E7800EFF0AFF62800A685EFF0FF9805616FB038
:106E88008FBC97D7FF1F9387A7189C43D847A16744
:106E9800FD076319F700EFB2CFB83285EFF09FFA1C
:106EA8006FB06FBA828097D7FF1F938767169C438E
:106EB800D847A167E5076311F706EFB28FB6797176
:106EC80032853284EFF00FF02AC62285EFF0EFF01A
:106ED8002285EFF08FF02310A1022285EFF0EFEF6B
:106EE800520551812311A102228523020102EFF0EC
:106EF8006FEDA302A1022285EFF0CFEC2303A102DC
:106F08002285EFF02FECB245A303A1022808EFF089
:106F18009F8F45616FB02FB3828097D7FF1F9387EC
:106F2800270F9C43D847A1679387E7036319F700A6
:106F3800EFB22FAF3285EFF0FFF06FB0CFB08280A5
:106F480097D7FF1F9387C70C9C43D847A1679387A0
:106F580047046314F702EFB2CFAC797132853284FB
:106F6800EFF04FE62AC62285EFF02FE7B245280852
:106F7800EFF07F8945616FB00FAD828097D7FF1F13
:106F8800938707099C43D847A167938787026316AD
:106F9800F702EFB20FA9797132853284EFF08FE2F0
:106FA8002AC62285EFF00FE2B2452300A102280885
:106FB800EFF07F8545616FB00FA98280EFB26FA6B1
:106FC8000111EFF02FE0AA852800EFF0DF830561BB
:106FD8006FB06FA797D7FF1F938787039C43D84746
:106FE800A167D1076319F700EFB2AFA33285EFF0BD
:106FF800FFFC6FB04FA5828097D7FF1F938747018B
:107008009C43D847A167C5076319F700EFB26FA182
:107018003285EFF0BFFA6FB00FA3828097D7FF1FBA
:10702800938707FF9C43D847A167B9076319F700FF
:10703800EFB22F9F3285EFF07FF86FB0CFA082803C
:1070480097D7FF1F9387C7FC9C43D847A167AD0715
:107058006319F700EFB2EF9C3285EFF03FF66FB09F
:107068008F9E828097D7FF1F938787FA9C43D847C4
:1070780089476310F702EFB2CF9A0111328532C8FF
:10708800EFF04FD4AA852800EFF0EFF705616FB055
:107098008F9B828097D7FF1F938787F79C43D8479A
:1070A800A1678D076317F702EFB2AF970111328519
:1070B8003284EFF02FD113066100AA844C00228598
:1070C800EF20D00C2800A685EFF0EFF305616FB034
:1070D8008F97828097D7FF1F9387C7F39C4381CBF5
:1070E800DC4391C7EFB2EF9382976FB0CF95828060
:1070F800EFB22F9379713C08AE843ED2A165B707F1
:107108000A002A843ED448103C08DD053ED636C421
:1071180032C63AC2EFD0BFB212474810BA85EFF074
:107128000FC032464810B285EFF0AFC0A2464810F3
:10713800B685EFF0CFBE501001478146A68522855F
:10714800EFD03FD045616FB00F90EFB28F8D011136
:107158007C000329C501AE843ECAA165B7070700B4
:107168002A843ECC48087C00C5053ECEEFD03FAD12
:107178008345D9004808EFF08FBA50080147814687
:10718800A6852285EFD0FFCB05616FB0CF8BEFB21C
:107198004F8983C7950093F7F707A384F500EFF0AD
:1071A800DFFA6FB04F8AEFB2CF8779713C08AE84AF
:1071B8003ED2A165B70709002A843ED448103C088E
:1071C800938545043ED632C636C4EFD05FA7A246A3
:1071D8004810B685EFF0AFB432464810B285EFF0EC
:1071E8004FB5501001478146A6852285EFD07FC54F
:1071F80045616FB04F85EFB2CF8283C795004111CB
:107208002A8493F7F707A384F50032852EC6EFF09A
:10721800CFBC85672AC4637CF500EF50503A2246FC
:10722800B24509E9114781462285EFF07FEC41011B
:107238006FB06F8101478346F501FDB7EFA2DFFC10
:1072480001113C003ECAB7070A003ECC3C003ECEC6
:1072580083C79500AA89328593F7F707A384F500B9
:107268002E84EFF08FB785676371F504A165AA8452
:10727800938585044808EFD09F9C2685EF503034CD
:107288002A891DE591454808EFF06FA9A6854808A9
:10729800EFF02FAACA854808EFF06FA8014781468A
:1072A8005008A2854E85EFD0DFB905616FA01FF9A0
:1072B80081454808EFF0AFA603490902C1BFEFA214
:1072C800BFF479711C103ECAB7070F003ECC404D81
:1072D8001C10AA84AE894808994532C636893ECE24
:1072E800EFD0FF9532464808B285EFF04FA363040C
:1072F8000902A5454808EFF00F9E2546CA85EFA06C
:107308005FF5500801478146CE852685EFD07FB3CB
:1073180045616FA0BFF28355C4024808EFF06FA122
:107328000355E402814515C185478545630FF5007E
:10733800C167FD179305F00F6309F5007D15EF5040
:10734800C06D9305150093F5F50F4808EFF02F9DD4
:10735800834504034808EFF08F9C834514034808CD
:10736800EFF0EF9B835524034808EFF08F9C83557B
:1073780044034808EFF0EF9B69B7EFA29FEA83C781
:1073880095008146014693F7F707A384F500EFF0CF
:107398001FF36FA05FEBEFA2DFE879713E841C104A
:1073A8003ECA2E89B7070F00A1653ECCFD051C100B
:1073B800AA84480842C03AC23ECE36C432C6EFD08C
:1073C8001F8832464808B285EFF06F95A2464808F4
:1073D800B685EFF00F9612474808BA85EFF06F951B
:1073E80002486304080291454808EFF0CF8E114621
:1073F800A285EFA01FE6500801478146CA85268569
:10740800EFD03FA445616FA01FE489454808EFF01D
:107418008F8C834704002300F50083471400A300E2
:10742800F500D1BFEFA25FDE83C7950001112A8A5C
:1074380093F7F707A384F5003285AE8432C6EFF0E0
:10744800CF9932462A893285EFF0CF978567637FD7
:10745800F900AA894A85EF5090162A8419E911473C
:1074680081464A86A6855285EFF09FC805616FA0C0
:10747800FFDC9387E9FF93F7F70F0547E368F7FE0B
:107488008347F50195E78947E382F9FE8346F401CE
:10749800528501474A86A685EFF09FC5A167D9079F
:1074A80048083ECC230A010002CEEFF0BFC27DBFE0
:1074B800639CE7008947639CF90093071020231F0A
:1074C800F500EF503014D9B70947E391E7FC8D4731
:1074D800E39EF9FA2285EF50703597D7FF1F9387FF
:1074E80067D29C4399E797D7FF1F938767BB9C4355
:1074F80089C703D50400EF605005231F04002285C7
:10750800C9B7EFA21FD201113C003ECAB7070B0052
:107518003ECC3C003ECE83C795002A89328593F73E
:10752800F707A384F500AE84EFF02F8B93170501BE
:10753800C187635EF004A1652A849385E502480843
:10754800EFD0EFEFA2854808EFE0BFFE97D7FF1F07
:10755800938707B59C439DEF01449375F40F480842
:10756800EFE0FFFB9355844093F5F50F4808EFE0F3
:107578001FFB9355044193F5F50F4808EFE03FFAD8
:10758800014781465008A6854A85EFD09F8B056143
:107598006FA07FCB416585460546A2857D15EF30F6
:1075A800D0655DD95105EFD020241304400633443B
:1075B800850265B7EFA2FFC60111B70706003EC6F0
:1075C80083C7950021642A8993F7F707A384F500F8
:1075D800AE8428009305A4040AC40AC8EFD02FE695
:1075E800300001478146A6854A85EFD09F85EFE0A8
:1075F8002FFA13049404480822CC230A010002CE6F
:10760800EFF05FAD05616FA01FC4EFA2FFBFC164BB
:107618002A89014497D9FF1F938949C0130A800218
:10762800FD14EFE06FAE6345A40001456FA01FC1D4
:10763800B307440303A7C90ABA9703D70700630629
:10764800970083D72700638427010504D9BF054520
:10765800F1BFEFA27FBB2A8A2E8999C123A005001A
:107668008149814497DAFF1F938A0A9B614BEFE0B7
:10767800EFAF63C5A4004E856FA05FBC338464037D
:1076880083A70A003E948357040099E7630409001E
:10769800232089008504E1BF4146D28513054400B3
:1076A800EF30E12F65F9A289F5B7EFA2FFB539717F
:1076B8007C083ED4B7070A003ED67C083ED883C76C
:1076C80095002A8A328593F7F707A384F5002E8957
:1076D80032C6EFE09FF085676373F5063246AA84E9
:1076E8003285EFE03FEE8547AA8963EAA704A165E2
:1076F800938585042810EFD08FD42685EF50206C11
:107708002A8429E191452810EFE07FE1A685281019
:10771800EFE03FE2CE852810EFE07FE001478146A9
:107728003010CA855285EFD0CFF1A16793877704CF
:1077380048183EDC230A010202DEEFF0BF992161FE
:107748006FA0DFAF81452810EFE07FDDA685281008
:10775800EFE03FDE97D7FF1F938707E39C4391C76E
:10776800228563870900EFB0600A8345040265B784
:10777800EFB02009DDBFEFA23FA983C795004111F3
:10778800AA8993F7F707A384F5003285AE84328A75
:10779800EFE0BFE48567637BF5022A89EF5020623A
:1077A8002A84914621C18347F50105476383E7028F
:1077B80091C70D47636EF702AD462DA093050503EB
:1077C80003250A004146EF30811D1DE141016FA0EC
:1077D800FFA69305950803250A004146EF30211CB2
:1077E800814679F94A86A6854E85EFF0DF9BF9BF79
:1077F80083250A0013059408EF50907A19C1C146F1
:10780800D5B797D7FF1F9387E79F9C4399E797D7EB
:10781800FF1F9387E7889C4389C72285EF60C04D87
:1078280079FD8547A30FF4002285EF80105E22853D
:10783800EF50405D4E8581464A86A685EFF0BF969B
:10784800A1679387570448003EC42302010002C67B
:10785800EFF05F88A5BFEFA25F9A83C7950041113B
:10786800AA8993F7F707A384F50032852E89B28A8F
:10787800EFE0BFD685676370F50CAA84EF502054FB
:107888002A841DE9416B014A97DBFF1F938B0B99F3
:10789800130C400E7D1B19A833048A0383A70B0B16
:1078A8003E948357C401638D6703050AEFE0CF84D4
:1078B800E344AAFE954639A88357C5016392970207
:1078C8009305050303A50A004146EF30410D99468B
:1078D80011E181462686CA854E85EFF0DF8CA1A886
:1078E80083A50A0013050403EF50906BC1467DF190
:1078F8002285231E9400EF8050512285EF5080503E
:1079080097D7FF1F938747C89C438DCB230004025A
:107918002285EFA0905F4E8581462686CA85EFF0C6
:107928009F88A1679387070448003EC4230201008B
:1079380002C6EFF02FFA41016FA0BF8F89472300DD
:10794800F402D1BF397106DE22DC4AD8800052D455
:1079580056D25AD026DA4ED65ECE2E8A32892A8B55
:10796800EFD09FF60605710541998A8A3301A14037
:10797800232224FC231404FCEFD01FF583479A002C
:107988000605350593F7F7072315A4FCA304FA00A9
:107998004A85232624FCEFE05FC493170501C187BD
:1079A8006340F0025681130104FCF2506254D25431
:1079B8004259B259225A925A025BF24B2161828093
:1079C800AA844A85EFE07FC1AA894A85EFE0FFC013
:1079D800A1659385C5022A89130544FCEFD02FA61B
:1079E8002685EFD0EF9B854501C94A86CE85EFD025
:1079F800AF95AA8B15ED8945130544FCEFE03FB21E
:107A0800A685130544FCEFE0DFB2CE85130544FCE0
:107A1800EFE03FB2CA85130544FCEFE09FB1014790
:107A28008146130644FCD2855A85EFD08FC19DBF8D
:107A38008145130544FCEFE09FAEA685130544FC81
:107A4800EFE03FAFCE85130544FCEFE09FAECA855B
:107A5800130544FCEFE0FFAD8144EFD0FFE6E3D02F
:107A6800A4FC83A70B0113971400BA9783D50700CA
:107A780089C5130544FCEFE0DFAB8504F9BF7971D4
:107A880006D622D44AD000184ECE52CC56CA26D298
:107A98005AC8AE893289AA8AEFD01FE3060569055C
:107AA80041990A8A3301A140232A24FC231C04FC9F
:107AB800EFD09FE183C7990006052D0593F7F707D7
:107AC800231DA4FCA384F9004A85232E24FCEFE09F
:107AD800DFB093170501C187634FF000528113018E
:107AE80004FDB250225492540259F249624AD24AD1
:107AF800424B45618280AA844A85EFE01FAEA165AA
:107B08009385A5022A89130544FDEFD04F93268556
:107B1800EFD00F89854519C5CA85EFD0EF852A8B27
:107B28000DE98945130544FDEFE07F9FA685130500
:107B380044FDEFE01FA0CA85130544FDEFE07F9FD9
:107B480001478146130644FDCE855685EFD06FAFB9
:107B580071B78145130544FDEFE07F9CA6851305A9
:107B680044FDEFE01F9DCA85130544FDEFE07F9CAF
:107B78008144EFD07FD5E3D5A4FC83270B0113976D
:107B88001400BA9783D5070089C5130544FDEFE0B3
:107B98005F9A8504F9BFEFA2CFE883474500404DBF
:107BA800D5E7FD574DC0834694000947636DD70854
:107BB8000346B400854663E8C6088306E40063C448
:107BC80006085C45F9562390D70097C7FF1F83C75F
:107BD800E74499E3A304E40097C7FF1F9387474C42
:107BE8009C4381E78947A306F40097D7FF1F938733
:107BF800A7999C4381E789472306F400970500006D
:107C080093854505AA8413050401EFC0503CFD5730
:107C1800231AF40281471CDC014897C7FF1F23ABD6
:107C2800873E97C7FF1F9387273F232E040304C06F
:107C38008043EFD0BFD361463306C5028145228514
:107C4800EFA08FE281473E856FA0EFDFFD57E5BFCC
:107C5800EFA22FDD2A8403554502EF50401609E5AF
:107C6800231E04006FA02FDE8357E401E5DF930590
:107C780004FF17550100130565B6EFB01061DDB7B5
:107C8800EFA22FDA2E89A16541119385E5032A8495
:107C980036C432C6BE843AC2EFC07FFA1247228584
:107CA800BA85EFE0DF8732462285B285EFE07F882C
:107CB800A2462285B685EFE0DF87630D090091456E
:107CC8002285EFE05F811146A685EFA08FD841019C
:107CD8006FA06FD789452285EFE0EFFF83C70400C7
:107CE8002300F50083C71400A300F500CDB7EFA269
:107CF8004FD383C79500444D054793F7F707A384EF
:107D0800F5001C42411183C70700636DF7042E84F8
:107D18002A8985CC03C7D4006309F70217C7FF1F58
:107D280013070738184301CFA386F400EF80F02B20
:107D380083C7D40089E741657D15EF30A07383D7E9
:107D48002403918B99C3EFB0B0604A85A285EFF008
:107D5800CFBFA167C10748003EC42302010002C685
:107D6800EFF04FB741016FA00FCEEFA28FCB03D733
:107D780045008D47AA8441112E8432892E8563EDF2
:107D8800E700EFE09F85AA85230009002685EFC05C
:107D9800BFDE41016FA02FCBEFE03F842AC62285CA
:107DA800EFE0BF83B24585472A862300F900268580
:107DB800EFC09FD9F9BF397106DE22DC26DA8000D0
:107DC8004ED652D456D24AD85AD05ECEAE89B28454
:107DD800AA8AEFD07FAE06051305250241990A8AC3
:107DE8003301A140232224FC231404FCEFD0DFAC90
:107DF80083C7990006054D0593F7F7072315A4FCDB
:107E0800A384F9002685232624FCEFE00FFD9317B1
:107E18000501C1876340F0025281130104FCF2504E
:107E28006254D2544259B259225A925A025BF24BC6
:107E380021618280AA8B03AB0400EFC07FD635E9AD
:107E480083D7440001498544F11793B71700A3016C
:107E5800F4FC834734FCA165BDC79385E50413058D
:107E680044FCEFC0DFDDA685130544FCEFE02FEBF3
:107E7800DE85130544FCEFE0CFEB834734FC114665
:107E880091E30946DA85130544FCEFE06FE7814486
:107E980063080900416B7D1BEFD01FA263C8A402D1
:107EA80001478146130644FCCE855685EFC07FF90D
:107EB800A5B7A685130634FCEFF03FEB9334150005
:107EC8002A89860479B79385C50451BF8327C900D9
:107ED80013971400BA9783D50700638665011305C5
:107EE80044FCEFE00FE5850445BFEFA20FB17971BF
:107EF8001C103EC4B7070F003EC61C103EC883C7FF
:107F08009500AA8A328593F7F707A384F500AE890E
:107F18003284EFE08FEC93170501C1876350F006B8
:107F28002A8A2285EFE06FEB2A895285032B040009
:107F3800EFC01FC739E58357440081440544F11752
:107F480093B71700A303F10083457100DA872287EE
:107F5800CA8652862800EFF0BFD20147814630001A
:107F6800CE855685EFC0FFEDA1679387D7034808F4
:107F78003ECC230A810026CEEFF0CF9545616FA055
:107F88004FABA28513067100EFF03FDEAA840944C7
:107F980045DD3544E30A55FB4A85EFF00FE70D440C
:107FA80045D50144EFD05F91634BA400C16B0144F8
:107FB800FD1BEFD07F90634EA400154471B7DC44DD
:107FC80013171400BA9783D70700638127030504A2
:107FD800D1BFD84493171400BA9703D70700631981
:107FE8007701239027012685EF8020550144A9BFFA
:107FF8000504C1B7EFA24FA183C7950041112A8A92
:1080080093F7F707A384F50032852E893284EFE0D1
:10801800CFDC93170501C187635BF004AA89228529
:10802800EFE0AFDB2311A1004E85832A0400EFC0E7
:108038003FB729E18357440085440144F11793B7BA
:108048001700A300F1000348110003572100D68749
:108058005285CE862686CA85EFF0EFB3A167F10771
:1080680048003EC42302910022C6EFF0AF864101CA
:108078006FA0CF9CA28513061100EFF01FCF2A84B2
:10808800894471D18357210011678544BA97C20783
:108098001167C1831307F7EFE367F7FA97C7FF1F65
:1080A800938747169C4391C7854513052100EF40E8
:1080B800D0078355210022858144EFC0DFA541D533
:1080C800231005002285EF80E048B5BFEFA2EF92AC
:1080D80083C7950041112A8B93F7F707A384F5000E
:1080E80032852E8A3284EFE04FCF93170501C1877E
:1080F8006359F004AA8A2285EFE02FCE2A89568593
:10810800832B0400EFC0DFA921E183574400814499
:108118000544F11793B71700A301F1000348310094
:10812800DE875A854A87D6862286D285EFF0AFA6A3
:10813800A167ED0748003EC42302810026C6EFE090
:108148007FF941016FA0EF8EA28513063100EFF091
:10815800DFC1AA84094479D19167CA97C207116718
:10816800C1831307F7EF0544E36AF7FACA85EFC03E
:108178009F9A014445F58149EFD00FF563DBA900CB
:10818800984893971900BA9703D7070015E72390E3
:108198002701EFD06FF31544E382A9F82685EF8015
:1081A800603B97C7FF1F9387E7059C430144BDD7F2
:1081B8004A85EF40E06F9DB785097DBFEFA2CF8468
:1081C80079713E847C083EC82E8AB7071400A165E1
:1081D8003ECAE5057C08AA89080836C4428932C621
:1081E800BA8AC6843ECCEFC09FA5CA850808EFE0CE
:1081F8000FB332460808B285EFE0AFB3A246630E6C
:1082080009029D450808EFE00FAD1D468145EFA026
:10821800AF8563870A0691450808EFE0CFAB1146A2
:10822800A685EFA00F83100801478146D2854E85A9
:10823800EFC03FC145616FA06F80B6850808EFE0C9
:108248004FAF1C400808D8439355C70185891207CA
:108258005183B205D98DEFE0CFAD1C40080883C526
:108268008700EFE0CFAB1C40080883C5A700EFE00C
:108278000FAB1C40080883C59700EFE04FAA51BF19
:1082880089450808EFE02FA583C704002300F500FF
:1082980083C71400A300F50079B7EF92FFF683C7F0
:1082A80095004111AA8993F7F707A384F500328551
:1082B800AE843284EFE06FB293170501C18763572C
:1082C800F0042A89032A0400EFC09F8D19E9835717
:1082D80044000548F11793B71700A307F10081463A
:1082E80021A81306F100A285EFF03FA81DC11C4587
:1082F8009DC383D6470001480347F10093078500D3
:10830800D2884A86A6854E85EFF05FEB41016F90D3
:10831800FFF20948E9B71D48D9B7EF92FFEE65713A
:108328005C083EC4B7077B013EC65C083EC883C7ED
:1083380095002A8A328593F7F707A384F500AE895A
:10834800EFE04FA88357E100C5C389452800EFC077
:108358001F8F81452800EFE08F9CEFC0FF9397C7E0
:10836800FF1F938767229C4317C4FF1F034404CB56
:10837800AA843334800099C31364240097C7FF1F6D
:10838800938707D29C4399C31364440097C7FF1F80
:10839800938747E79C4399C31364840083D50400FB
:1083A80028000149EFE0EF9883D524002800EFE08A
:1083B8004F9883D544002800EFE0AF97EFD0CFCB9C
:1083C80093150501C1812800EFE0AF96A28528002A
:1083D800EFE02F969C44636CF9000147814630001A
:1083E800CE855285EFC0FFA559616F903FE5DC440B
:1083F8001314490028003E94EFE06F8C8347440033
:108408000347540089070607BA978607E36EF5FC09
:10841800835524002800814AEFE0AF91834544004A
:108428002800EFE0CF8F834554002800EFE02F8F1E
:108438008347440063C9FA00814A8347540063CFE5
:10844800FA00050941BF1C4413975A002800BA973F
:1084580083D50700850AEFE0CF8DD9BF032BC40071
:1084680093975A0028003E9B83552B00850AEFE01E
:108478004F8C83550B002800EFE0AF8B7DBFEF9248
:108488005FDA5C4993E717005CC9EF8080336F902F
:108498009FDBEF921FD92E848145EFF08F9B05C19A
:1084A80083570500FD172310F50009C483572500DD
:1084B8002310F400EFF0BFFC01456F90DFD8314581
:1084C8006DDC23100400D5BFEF921FD483C795003D
:1084D80041112A8A93F7F707A384F50032852E897C
:1084E8003284EFE08F8F93170501C187635EF00434
:1084F800AA89C1452285EFD0BFFA2A8B4E85832AE7
:108508000400EFC0EFE921E583574400231101007F
:108518000544F11793B71700A300F10081440348FD
:10852800110003572100D6875285CE862286CA8538
:10853800EFE07FE6A1679387170248003EC4230255
:10854800810026C6EFE01FB941016F903FCF1306A7
:108558001100A285EFF07F81AA8409E523110100AB
:10856800094475BF930521005A85EFF09FF28357A0
:1085780021002A84CDD797C7FF1F9387A7C89C439C
:1085880091C7854513052100EF40203A8355210006
:1085980026853144EFC02FD859D1231005002685F0
:1085A800EF70507B0144A5BFEF92BFC741112E89E0
:1085B8006C00AA8402C6EFF0CF8909CD03570500E5
:1085C80005072310E500EFF09FEB81473E85410149
:1085D8006F907FC73247954775DBCA852685EF20A0
:1085E8003007C147E34405FE32448547414623101E
:1085F800F40083570900A685130544002311F400ED
:10860800EF903FC52285C1B7EF921FC083C7950081
:108618004111AA8A93F7F707A384F5003285AE893A
:108628003284EFD09FFB93170501C187635EF00486
:108638002A8AC1452285EFD0BFE6AA845285032B3A
:108648000400EFC0EFD521E5835744002311010052
:108658008544F11793B71700A300F10001440348BC
:10866800110003572100DA875685D2862686CE85E3
:10867800EFE07FD2A1679387070248003EC4230238
:10868800910022C6EFE01FA541016F903FBBA28574
:1086980013061100EFF06FED2A8409E5231101009C
:1086A800894475BF268593052100EFF0FFEFAA8462
:1086B8005DF5835521002285EFC0EFC54DF10149D5
:1086C800EFD08FA0635DA900184893171900BA97D7
:1086D80003D707001DE7035721002390E700EFD0D9
:1086E800AF9E6302250397C7FF1F9387A7B19C43DB
:1086F80089C703552100EF40A01B2285EF709065C4
:10870800B9BF050975BF954499BF05C19307F00F17
:10871800630FF500C547630CF5009307F5FF0545A2
:108728003315F5004205418182800145828041650B
:108738007D158280B9E1EF92DFAE034506033284EE
:10874800EFF0BFFC9305803EB305B502C205C181B9
:1087580091C90357E402854763F6E700130504014E
:10876800EFC000138357E40241677D176385E70074
:10877800FD172317F4026F901FAD8280EF92FFA7B9
:10878800004283C79500444D0349140093F7F70747
:10879800A384F50083470400220911673369F900AF
:1087A800A167B347F90041112A8BAE8A63ECE70C45
:1087B800834724001307C00EB91793F7F70F6371A7
:1087C800F70E03473400C14763ECE70C83474400C6
:1087D8001307E00793C707086373F70A8349840000
:1087E80083477400A209B3E9F900856763F9F908BA
:1087F800034A6400834754004E85220A336AFA000C
:10880800EF40E05B45C123962403834B3400137A81
:10881800FA00239A34032388740323994403938921
:108828000401631A090023A60402239804024E8552
:10883800EFC080071DA0034924004A85EFF0FFEC34
:108848002397A402834744004E85A388F402E3815A
:108858000BFEE30F09FCEFC04002EF70F079814690
:108868000146D6855A85EFE09FA5A16793879703B0
:108878003EC423020100480002C6EFE0BF85410163
:108888006F903F9B8544A2862686D6855A85EFE061
:108898001FA3A167938797033EC423029100E1BFFA
:1088A800BD44D5B79144C5B7EF921F9601111C0876
:1088B800404D3EC2B7070F003EC41C083EC62A8979
:1088C800AE89EFC03FA3585C1C5C634CB70A639445
:1088D800E50063E8A70A3385A740B3B7A700B30547
:1088E800B7401306803E81469D8DEF1011149314F6
:1088F8000501C180A1659385C5034800EFC02FB469
:1089080081454800EFD0BFC1835504044800EFD02B
:108918005FC2835524044800EFD0BFC1814599C880
:10892800C167FD179305F00F6386F4002685EF40B5
:10893800C00EAA854800EFD09FBE03554404814568
:1089480011C9C167FD179305F00F6305F500EF40E6
:10895800C00CAA854800EFD09FBC8345640448003A
:10896800EFD0FFBB834574044800EFD05FBB5000D5
:1089780001478146CE854A85EFC0AFCC05616F902F
:10898800FF8B814485BFEF92DF8983C7950093F7FA
:10899800F707A384F500EFF03FF16F90DF8AEF92BD
:1089A800BF8683C795004111404D93F7F707A3840D
:1089B800F5002A8A3285B284AE89EFD01FC22A8B8D
:1089C8002685EFD09FC12A892685EFD0BFBF931790
:1089D8000B0163CA0702E177CA97C207C18311670F
:1089E80063E3E70293070910C207C1831307B00FB7
:1089F800637BF70093170901C187AA8A6348F000CF
:108A0800C54763FA570141016F905F83EFC0CF8B71
:108A1800E31B25FFF5B763060B02630409028144D3
:108A280063870A02B7077F00231064052311240512
:108A38007CC05685EFF07FCD9304803EB304950249
:108A480039A0B7077F00232004047CC08144035564
:108A58002404EFB0100E95CCEFC0DF89269593D78C
:108A6800F44133379500AE97BA9708DC5CDCCE85C5
:108A78005285EFF07FE399E023220404A1679387EE
:108A8800B70348003EC42302010002C6EFE08FE4AA
:108A98009DBF814701481CDC232E0403C9BFEF9208
:108AA8004FF8EFC0BFECE1473305F5029145EF30D1
:108AB800F078E55711C597B7FF1F23AFA754814733
:108AC8003E856F904FF8854717B7FF1F2308F75467
:108AD8008280EF920FF597B7FF1F9387A7538043C4
:108AE8002DC083570404639EA70483572404639A04
:108AF800B7043689B284EFC0EFFF5C5C63C3B70488
:108B08006395B7001C5C63EEA7028347640463F3B4
:108B1800F400A6872303F4048347740463F39700DF
:108B2800A687A303F4048357440441677D1763852C
:108B3800E70085072312F4043C4481C7CA852685CB
:108B480082976F904FF097B7FF1F9387A74C9C436E
:108B5800014599C303C587008280EF928FEC01110C
:108B6800B70707003EC683C79500584D0AC493F758
:108B7800F7070AC8A384F5002A89AE8401CB1C42F2
:108B880083C707002304F700EF703046216493057C
:108B980054022800EFC0AF8AEFF0FFFAAA85280038
:108BA800EFD0FF97300001478146A6854A85EFC080
:108BB8004FA913044402480822CC230A010002CE1C
:108BC800EFE04FD105616F900FE8EF928FE501114B
:108BD8007C003ECAB70707003ECC7C003ECE83C768
:108BE80095002E84AA8493F7F707A384F500A1655E
:108BF800938555024808EFC08F84EFF0DFF4AA850B
:108C08004808EFD0DF91500801478146A2852685A4
:108C1800EFC02FA305616F900FE397B7FF1F9387EE
:108C2800673F9C43094599C303C59700828097B75E
:108C3800FF1F9387273E9C43094599C303C5D70067
:108C4800828097B7FF1F9387E73C9C43014599C3F0
:108C580003C5A7008280EF922FDB0111B707080038
:108C68003EC683C79500404D0AC493F7F7070AC864
:108C7800A384F5002A89AE8429C01442854703C716
:108C8800060063EEE7068347940009468149638E30
:108C9800C700B307F740A304E400B339F00083C763
:108CA80016002305F400EF70503403572403058B96
:108CB80009C763840900EFA0B069216493058402A1
:108CC8002800EFB0DFF7EFF05FF5AA852800EFD0B6
:108CD8001F85EFF01FF7AA852800EFD05F840147B2
:108CE80081463000A6854A85EFC0AF95130474020B
:108CF800480822CC230A010002CEEFE0AFBD05618F
:108D08006F90CFD3EF92EFD101117C003ECAB70725
:108D180008003ECC7C003ECE83C795002E84AA84F2
:108D280093F7F707A384F500A165938585024808A2
:108D3800EFB0FFF0EFF07FEEAA854808EFD02FFEE6
:108D4800EFF03FF0AA854808EFD06FFD50080147C3
:108D58008146A2852685EFC0CF8E05616F90AFCE84
:108D680097B7FF1F9387072B9C43014599C303C5FA
:108D7800B7008280EF92EFCA0111B70707003EC61D
:108D880083C79500404D0AC493F7F7070AC8A38420
:108D9800F5002A89AE8405C41C42054783C707002D
:108DA800636AF7040347B400630BF700A305F400F4
:108DB800EF70B0238347B400A9C3EFD04FD9216423
:108DC8009305B4002800EFB09FE7EFF07FF9AA857C
:108DD8002800EFD0CFF4014781463000A6854A85A8
:108DE800EFC02F862904480822CC230A010002CEAE
:108DF800EFE04FAE05616F900FC5EFD06FDAC1B7E6
:108E0800EF922FC201117C003ECAB70707003ECC83
:108E18007C003ECE83C795002E84AA8493F7F7077B
:108E2800A384F500A165AD054808EFB05FE1EFF058
:108E38003FF3AA854808EFD08FEE500801478146D6
:108E4800A2852685EFB0FFFF05616F90CFBF97B76A
:108E5800FF1F9387271C9C43094599C303C5C70077
:108E68008280EF920FBC01117C00AE843ECAA165DE
:108E7800B70707002A843ECCD1057C0048083ECEBF
:108E8800EFB0FFDBEFF0BFFCAA854808EFD02FE971
:108E9800500801478146A6852285EFB09FFA0561F3
:108EA8006F906FBAEF92EFB783C7950093F7F70704
:108EB800A384F500EFF0FFFA6F90EFB8EF92CFB40C
:108EC80083C795000329C501411193F7F707A384C8
:108ED800F5001C4283C90700854763EC370597B73F
:108EE800FF1F9387676A9C432E84AA8495C7EFF077
:108EF8001FF689476302F502630009028347C90028
:108F0800638C370123063901EF70300E835729032C
:108F1800898B99C3EFA0D0432685A285EFF07FF413
:108F2800A167CD0748003EC42302010002C6EFE056
:108F38006F9A41016F908FB097B7FF1F9387870D86
:108F48009C431D4599C303C5E7008280EF926FAD2E
:108F58000111B70707003EC683C79500584D0AC4DC
:108F680093F7F7070AC8A384F5002A89AE8405C7D2
:108F78001C4283C7070093968701E18663C80604ED
:108F880085466385D7048346E7006386F600230792
:108F9800F700EF70900521649305E4002800EFB016
:108FA8001FCAEFF07FF9AA852800EFD04FD70147F5
:108FB80081463000A6854A85EFB0BFE835044808E9
:108FC80022CC230A010002CEEFE0CF9005616F901A
:108FD8008FA7EF920FA501117C003ECAB7070700C3
:108FE8003ECC7C003ECE83C795002E84AA8493F79E
:108FF800F707A384F500A165B9054808EFB03FC499
:10900800EFF09FF3AA854808EFD06FD150080147C9
:109018008146A2852685EFB0DFE205616F90AFA299
:10902800EF928F9EAA84014417B9FF1F1309C9FE46
:10903800E149EFC0BF936344A400014519A8330573
:109048003403832709003E958357250063959700CD
:1090580011056F90AF9E0504E9BF032E85006304D8
:109068000E1017B3FF1F1303E3190323030063153F
:1090780003002943639A060E03234E016315030078
:109088001D436393070EEF924F97C689428A3E8924
:10909800BA8AB684328BAE8B2A84A1E903554E0076
:1090A80009E501431A856F90CF98A167A98F1167C9
:1090B80063F7E700EFF0DFF68145EFF08FBD084476
:1090C800B70700E05841F98F18455CC1B707001F82
:1090D800F98F1CC55C4981C76105EFB0E07CE3826C
:1090E80009FC2285EF70C06E6DBF3285EFA0E0608D
:1090F8000D434DD91C44116703D54700A167A98FBB
:1091080063F7E700EFF0DFF18145EFF08FB8032355
:10911800840093164B01D1828347B3000356630042
:109128008588FD8BA305F300FD777D8E558EFD7632
:10913800FD16B204F18E83274301C58E23127301F5
:109148002313D3002304530123052301A30443015C
:10915800D9D72285EFB05FC3AA850844B5DD61057C
:10916800EFB00073ADBF1D431A858280EF92CF899F
:109178000569AA84AE89328A0144FD5A7D19EFC077
:10918800AFF36345A40001456F904F8BD844931704
:109198001400BA9703D70700631B370323905701BE
:1091A80063050A002685EF7040399C448DC383D738
:1091B8006700B3F72701639C3701D28801488147CC
:1091C80001478146014681452685EFF01FE90504E0
:1091D8007DB7EF926F8379711C103EC4B7070F00FB
:1091E8003EC61C103EC883C79500AA8A328593F7ED
:1091F800F707A384F5002E893284EFD00FBE9317AA
:109208000501C1876350F006AA892285EFD0EFBC1B
:109218002A8A4E85032B0400EFB09F9839E58357BF
:10922800440081440544F11793B71700A303F100E4
:1092380083457100DA872287D2864E862800EFE0C0
:109248003FA4014781463000CA855685EFB07FBFED
:10925800A1679387F70348083ECC230A810026CEEE
:10926800EFD05FE745616F807FFDA285130671002F
:10927800EFE0BFAFAA84094445DD5285EFE0EFB8BF
:109288000D445DD50546D2852685EFF03FEE2A844C
:1092980045B7EF821FF983550700034627004111A0
:1092A8002A842E8532C62EC4EFE02FB611C5324669
:1092B800A2452285EFF09FEB41016F80DFF8EF8236
:1092C800DFF383C795004111AA8A93F7F707A384B0
:1092D800F5003285AE893284EFD02FB0931705019F
:1092E800C1876357F008C1452A8A2285EFD04F9B72
:1092F8002A8D2285EFD06FAE2A892285EFD08FACD8
:10930800930705F893F7F70F1307E007AA8B637124
:10931800F7062285EFD00FAB2A8C2285EFD08FAAD3
:10932800AA8C5285032B0400EFB09F8729E5835749
:109338004400231101008144F11793B71700A300DB
:10934800F1000544034711008356210093878400E8
:109358005685DA8822885286CE85EFE03FE6A167F7
:10936800E90748003EC42302810026C6EFD09FD6F5
:1093780041016F801FEC13061100A285EFE0FF9EEC
:10938800AA8409E52311010009446DBF9305210052
:109398006A85EFF06FA12A8455F58355210093560D
:1093A800C9001316490185486688E2875E87858A61
:1093B80051822685EFF07FCA2A8469B7EF82FFE3DE
:1093C80083C7950041112A8B93F7F707A384F5000B
:1093D8003285AE893284EFD04FA093170501C1873B
:1093E8006352F0082A8A2285EFD02F9FAA8A228505
:1093F800EFD0AF9E2A892285EFD0CF9C930705F83E
:1094080093F7F70F1307E0072A8C637DF70422858B
:10941800EFD04F9BAA8C2285EFD0CF9A2A8D528508
:10942800832B0400EFB0CFF729E18357440085442C
:109438000144F11793B71700A301F1000347310066
:10944800930784005A85DE882688D6865286CE857C
:10945800EFE0DFD68D4748003EC42302910022C6C4
:10946800EFD05FC741016F80DFDCA28513063100B2
:10947800EFE0BF8F2A84894471D19356C90013162F
:10948800490185486A88E6876287858A5182D68538
:10949800EFF0BFBCAA845DB7EF821FD72A89814449
:1094A8000144617A916A17BBFF1F130BABD5EFC05C
:1094B800AFC163C5A40022856F805FD883270900E8
:1094C80093991400CE9703D5070033074501420747
:1094D80041836362570311CD03270B0009C78545F4
:1094E8003E85EF308044832709000504CE972390FA
:1094F800070085046DBFEFF0BFB28327090005049C
:10950800CE972390070075D58145EFE09FF8D5B732
:10951800EF829FCF83C7950041112A8A93F7F707F7
:10952800A384F50032852E893284EFD00F8B9317F0
:109538000501C1876354F004AA89832A0400EFB0A7
:109548002FE621E18357440085440144F11793B77E
:109558001700A301F10003483100D687528501475F
:10956800CE862686CA85EFD01FE3A167F507480097
:109578003EC42302910022C6EFD0DFB541016F80BF
:10958800FFCBA28513063100EFE02FFE2A84894421
:1095980079D197B7FF1F9387E7C69C4381CB0449CE
:1095A800EFC08FB2AA852685EF3020381305040155
:1095B800EFF09FEE2285EF60F079814469BFEF827A
:1095C800DFC383C795004111AA8A93F7F707A384DD
:1095D800F5003285AE89328423110100EFC0FFFF08
:1095E80093170501C187635CF0042A8AC145228567
:1095F800EFC01FEBAA8B5285032B0400EFB04FDAA4
:1096080031E18357440085440144F11793B71700AB
:10961800A300F1000348110003572100DA8756859B
:10962800D2862686CE85EFD01FD7A16793872702DB
:1096380048003EC42302910022C6EFD0BFA94101D1
:109648006F803FBFA28513061100EFE00FF22A8456
:10965800894469D197B7FF1F9387C7BA98433E8952
:1096680001CB0449EFC04FA6AA852685EF30E02B31
:1096780013050401EFF05FE2EFC00FA5954459D937
:10968800930521005E85EFE03FF2AA8441F51C486E
:109698000357210022852390E700EF60B06B8327F2
:1096A8000900ADDB03552100EF308020A5B7EF821C
:1096B800DFB483C795004111AA8A93F7F707A384FB
:1096C800F5003285AE893284EFC03FF1931705016A
:1096D800C1876359F0042A8A2285EFC01FF02A89BE
:1096E8005285032B0400EFB0AFCB21E18357440030
:1096F80085440144F11793B71700A301F10003480B
:109708003100DA8756854A87D2862686CE85EFD0FD
:109718009FC8A167F90748003EC42302910022C6EA
:10972800EFD05F9B41016F80DFB0A2851306310047
:10973800EFE0AFE32A84894479D19167CA97C207D9
:109748001167C1831307F7EF8544E36AF7FA97B700
:10975800FF1F938727AB9843BE8B01CB0449EFC00B
:10976800AF96AA852685EF30401C13050401EFF05B
:10977800BFD2EFC06F95954459D11C4822858144CA
:1097880023902701EF60105D83A70B00ADDB4A85AE
:10979800EF300012ADB7EF82DFA82A844105B2840A
:1097A800EFF09FCF01C52285EF60D05A8146014670
:1097B800A6852285EF70200C1C4C89C7DC4799C30D
:1097C800228582976F803FA897B7FF1F938787846A
:1097D8009C43014599C313850701828097B7FF1FF2
:1097E8009387478388438280EF82BFA39317C6007D
:1097F800DD8DC2054111C1812A8432C6EFC07FD3F5
:109808003246228511829375F60FEFC05FD1410170
:109818006F807FA3EF825F9F79713C083ED2B707C4
:109828000C003ED43C083ED683C79500AE842A89F6
:1098380093F7F707A384F500A165938535044810CD
:10984800EFB0EFBFC165FD15014417BAFF1F130A3A
:10985800EA9C930A400EAE892E8B2EC6EFC0CF89A4
:109868004205931704014181C183B24563E3A7020E
:10987800C167FD176385F5004810EFC09FCB5010F6
:1098880001478146A6854A85EFB0AFDB45616F8009
:10989800FF9A3307540383270A0BBA9703D6C701E5
:1098A80063083601638835014810EFF0FFF3DA8565
:1098B800050465B7B285EDBFEF823F9479717C08E6
:1098C8003EC8B70711003ECA7C083ECC83C7950046
:1098D800AA89328593F7F707A384F5002E89EFC08C
:1098E800DFCF8567637EF502A165AA84890508082C
:1098F800EFB0EFB42685EF30804C133415000A041E
:10990800A2850808EFC0BFC1A6850808EFC07FC2BE
:1099180035C0014781461008CA854E85EFB06FD221
:1099280045616F801F91B30754030327CA0ABA978A
:1099380003D70700631A970003D62700638A6503D5
:109948000808EFF07FEADE8505042EC6EFB0DFFBDE
:109958004205931704014181C183B245E3E5A7FCA1
:10996800C167FD17E387F5FA0808EFC09FBC55B734
:10997800B285D9BFC165FD15014417BAFF1F130A87
:10998800EA89930A80022E8BAE8BC1B7EF827F895A
:1099980018418347170083460700A207D58FD207CF
:1099A800D1832390F50083472700034717008D458F
:1099B800A207D98F91832310F600EFC03FAD6F80C7
:1099C8009F88EF827F84C164014417B9FF1F130980
:1099D800E98493098002FD14EFB01FF36345A400E6
:1099E80001456F80BF85330534038327C90A3E9537
:1099F80083570500E38797FE0504F9BFEF82DF80F0
:109A08002A8AAE89B284B68AEF30603B09E591476D
:109A18003E856F80BF822A894E85EF90104E2A843A
:109A2800638A0A048D476DD503570500C547E311BE
:109A380047FF0347F9018546AD47E31BD7FC83473A
:109A4800450091CB4146A6855D05EF0051758147DC
:109A580061D1AD4775BF130965012302E500CA85C9
:109A68002685EF10802B15CDA547E3830AFA23023C
:109A7800040079BF11CD83570500E39A47F94146A1
:109A8800A6851905EF00B171814759D1994749B7A2
:109A98004E85EFF01FF32A8495473DD913095500E9
:109AA8007DBF4146A68523104401231134011305C7
:109AB8001900EF800FFA2285EF60103D814789BFBA
:109AC800EF822FF679717C003ECCB7070A003ECEB4
:109AD8007C003ED083C79500B2842E8493F7F707A5
:109AE800A384F5001306A1002A892C002685EFF02F
:109AF800FFE9A16528088D05EFB06F949040835564
:109B0800A100035581008546EFF05FEFAA84AA857E
:109B18002808EFC0DFA00356A1008355810028085C
:109B2800EFF09FCC300801478146A2854A85EFB007
:109B38004FB1854748103ED42302910202D6EFD098
:109B48006FD945616F802FF0EF82AFED79717C009E
:109B58003ECCB7070A003ECE7C003ED083C79500B6
:109B6800B2842E8493F7F707A384F5001306A100A7
:109B78002A892C002685EFF07FE1A16528088D054C
:109B8800EFB0EF8B90408355A100035581008146CB
:109B9800EFF0DFE6AA84AA852808EFC05F9803568D
:109BA800A100835581002808EFF01FC43008014741
:109BB8008146A2854A85EFB0CFA8481023029102BA
:109BC80002D402D6EFD00FD145616F80CFE797A7B7
:109BD800FF1F9387674488438280EF828FE483570F
:109BE80025004111AE842A842307B10017F5FFFF31
:109BF8001305656A6C002316F100EFB0EFDD81C430
:109C08002285EF60D02EFD572310F40013062002A2
:109C1800814513055400EF802FE541016F80AFE2C5
:109C2800EF828FDE79717C003ECCB7070A003ECE0A
:109C38007C003ED083C79500AA89AE8493F7F707C6
:109C48003285A384F5001306A1002C00EFF01FD481
:109C5800035581001144EF30801615C10355A1004A
:109C68000144EF90902901CD0357050083578100E7
:109C780045446316F7008545EFF03FF60144216936
:109C8800930539002808EFA09FFBA2852808EFC09C
:109C98001F890356A100835581002808EFF0DFB41F
:109CA800300801478146A6854E85EFB08F99481048
:109CB8004AD42302810202D6EFD0CFC145616F801A
:109CC800EFD7EF826FD497A7FF1F9387A7342A8413
:109CD80088432E8915C1035745038357C401631D63
:109CE800F70023260502231805024105EFA0D03B03
:109CF80063040900EF605030814497A9FF1F9389DE
:109D0800E951130A8002EFB03FC063CCA40297A7C1
:109D1800FF1F9387E7389C4389C70355C401EF1099
:109D28006075630509002285EF6070041306400E14
:109D380081452285EF804FD3FD57231EF4006F80A5
:109D4800EFCF3385440383A7C90A3E95035705001F
:109D58008357C4016315F700CA85EFF01FE885042F
:109D68005DB7EF826FCA83C795004111AA8993F73F
:109D7800F707A384F5003285AE84EFC01F86856798
:109D88006370F5042A89EF308003014411C983D731
:109D980004003144638627018545EFF09FF20144B2
:109DA8004E85A2864A86A685EFD0EFBFA167938726
:109DB800170448003EC42302810002C6EFD08FB1C9
:109DC80041016F80AFC7EF822FC497A7FF1F93870A
:109DD800672480431DCC0145EFA0A0558147014869
:109DE800C1641CDC232E04032320040417A9FF1FCD
:109DF8001309C94201449309400EFD14EFB0DFAFC7
:109E0800634BA40081451705000013050599EFB0C1
:109E1800AFBC6F80AFC2330534038327090B3E956F
:109E28008357C501638597008545EFF09FE90504D1
:109E3800F1B79357050113D78700A380F50093174F
:109E48000501C183A1832380E5002381F500A38157
:109E5800A5008280EF82EFBC2300050083C71500B0
:109E6800A300F50083C725002301F50083C735004B
:109E7800A301F50083C745002302F50083C75500F9
:109E8800A302F50083C7650093059500A3030500A9
:109E98002303F500230405003285EFF09FF96F8056
:109EA8008FBAEF826FB64111E9541DC595C593F974
:109EB800C5FF2E842A89AA84338AA90063129A02CC
:109EC8000D88854411C8EFC0C06D2AC622866C0073
:109ED80033053901EF80EFB7268541016F800FB652
:109EE800EFC0206C93170501C183A183A380F40000
:109EF800935705012381F400A1832380A400A38143
:109F0800F400910465BF63E0D502EF828FB1B28798
:109F180041113686BE8536C6EF80AFB3B2464101E1
:109F280036856F804FB2814636858280EF826FAF6B
:109F3800EF808FB36F802FB1838705001387F500FB
:109F48003D05FD8793F77708834607007D1586064C
:109F5800B58FA300F5006307B7007D178347170087
:109F68009D83DDB78280EF82CFABB2872A863E859C
:109F7800EFF0C031133515006F80EFAC01CD81478C
:109F880099C9EF820FAA4146EF80AFAC85473E855D
:109F98006F806FAB81473E8582801DC5EF826FA8B9
:109FA800414681452A84EF802FAC414681451305FF
:109FB8000403EF806FAB0147C1672322040438C84C
:109FC8007CC805456F802FA801458280814729CD2F
:109FD800A1CDEF820FA5B2842E8913068005814595
:109FE8002A84EF806FA8CA8524C42685EFF01FF95C
:109FF800414681452285EF802FA73044A2852285DE
:10A00800EFF07FF693040401A2852685EFF0DFF2D6
:10A01800A68513050402EFF03FF22285EFF0FFF763
:10A0280085473E856F802FA23E858280EF82CF9D37
:10A038004111E9541DC595C593F9C5FF2E842A8998
:10A04800AA84338AA900639244030D88814411C805
:10A05800EFC020552AC622866C0033053901EF80EF
:10A068004F9F268541016F806F9DEFC080539317E6
:10A078000501C183A183A380F400935705012381BF
:10A08800F400A1832380A400A381F400910465BF98
:10A0980071CDEF826F97B28401E605456F800F9A04
:10A0A8002A842E890145FDD93C487848B3E6E70063
:10A0B800F5D69386F7FFB3B7F6007D17032A440455
:10A0C800BA9734C87CC8630F0A04C14913050A0348
:10A0D800B38949412295637B3601B2862E86A685CF
:10A0E800EFF07FE27C40BE9464C045BFCE862E86EA
:10A0F800CE85EFF05FE1C114D2944E992322040477
:10A10800A2879306040103C7070003C60703850750
:10A11800318FA38FE7FEE398F6FE3044A2852285AF
:10A12800EFF07FE42699C1493306994063EA990024
:10A13800ADD4A686A68513050403EFF0DFDC6DB762
:10A148008147B306F4003307F6000347070083C5C9
:10A15800060085072D8F2380E600E39437FF3044FF
:10A16800A2852285EFF03FE0C1147DBF01458280C2
:10A1780019C9EF820F8B130680058145EF80CF8EBA
:10A1880005456F804F8C0145828081473DC9B5C91F
:10A19800EF822F89FC4141462E84AA846393C70429
:10A1A80013860501A2878146C14503C7070003C579
:10A1B80007038507298F3305D60003450500850663
:10A1C800298FA38FE7FEE392B6FE3044A285268549
:10A1D800EFF07FD92285EFF0BFF985473E856F8084
:10A1E8008F86138507031D8E81452295EF80CF87C3
:10A1F8007C40130700F813060402A2972388E7029D
:10A2080055B73E858280EF82CF816D712E84B284EE
:10A21800AA85901028003689EFF05FDB19E9D55739
:10A2280005A050400C402800EFF09FE66DD9FD14C2
:10A238002104E5F82C004A85EFF03FF5814765D108
:10A248003E8551616F802F80EF72BFFD41112EC492
:10A2580032C62C000546EFF01FFB41016F70BFFEB0
:10A26800EF723FFC01112A842EC602C802CA02CC32
:10A2780002CEEF005118B2462A86A2850808EFF0F0
:10A28800BFFC1375F50F05616F70FFFBEF727FF967
:10A298007971B2872A8421462308B1001305110178
:10A2A800BE853AC436C6EF70DFFAB246930591010F
:10A2B8003685EFF01FB82285141035460C08EFF0EC
:10A2C800BFF82A84224711E521460C103A85EF7021
:10A2D8005FF8228545616F701FF7EF729FF4717107
:10A2E800AE84AA850A853284EFF05FC901C90A865F
:10A2F800A6852285EFF03FC7814711E1C5473E8516
:10A308004D616F705FF4EF72DFEE1D712A8AB289BA
:10A31800BE8435468547130511012E8CB68A3A8BC3
:10A32800C28C468D2308F100EF70BFF210100C08A4
:10A338005285231F0100EFF05FFA2A842DE9A14717
:10A34800631BFD069307900591E0E5473546E285D6
:10A358001305110113990A012308F1001359090182
:10A36800EF703FEF1357890093978A00D98F9008B1
:10A378000C085285231FF100EFF03FF62A8405E907
:10A38800A1E09387FA0091831379F9003EC663131D
:10A3980009004149668B8144C14B854DB24763979B
:10A3A800970C6A868C0033855C01EF709FEA2285E2
:10A3B80025616F70DFE793079004C9F8A54779B75F
:10A3C800834701050947C14B2308F100834711055D
:10A3D800A58FA308F10093872400814463EFFB0253
:10A3E800014714083386E6008C08B386E400BA9562
:10A3F800DA9683C6060083C505000507AD8E2300DF
:10A40800D600E390E7FE41476398E70490080C08FC
:10A418005285EFF09FEC35D535A8B3069B00BA8777
:10A428001008B305F60090083E9603C506000346DB
:10A43800060085078506298E2380C500E39277FFED
:10A44800998F90080C085285BE94EFF01FE9894750
:10A45800014749D52A84A1BF90083E9603460600C5
:10A468001408BE962380C600850779BFB2478504C5
:10A47800638B971281471808B306F70098083E9730
:10A488003386F90003470700034606008507318F26
:10A498002380E600E39177FF90080C085285EFF0DF
:10A4A800DFE34DF93546E285130511012308B101B3
:10A4B800EF703FDA13970401418393978400218357
:10A4C800D98F10180C085285231FF100EFF0FFE018
:10A4D80051F1814710183387F9003E96034707006A
:10A4E80003460600B306FB008507318F2380E6008C
:10A4F800E39277FF75A01808B306F70098083E970F
:10A508003386F90003470700034606008507318FA5
:10A518002380E600E3E127FFCA876398770990085C
:10A528000C085285EFF07FDB15F581479800B306DC
:10A53800F700900818103E973E9603470700034619
:10A5480006008507318F2380E600E39177FF3546C3
:10A55800E285130511012308B101EF709FCF13970E
:10A5680004014183939784002183D98F10180C0824
:10A578005285231FF100EFF05FD6E31D05EC8147FC
:10A5880010183387F9003E96034707000346060074
:10A59800B306FB008507318F2380E600E3E227FF3F
:10A5A800C109410BE5BB8147B5B79408BE9683C680
:10A5B800060018083E972300D7008507B9BF638EA9
:10A5C800062CEF721FC359712A84BE89B28B854746
:10A5D8003546130511022E8B468C4289BA8A368A73
:10A5E8002300F102EF70FFC610180C102285231704
:10A5F8000102EFF09FCE631E0510A1476319FC0608
:10A608009307900563930900E5473546DA851305F6
:10A61800110293140A012300F102C180EF707FC375
:10A6280093178A0013D78400D98F90080C102285BD
:10A638002317F102EFF07FCA69ED639009049307CD
:10A64800FA00BD88918391E0C144C207C183DE8CC2
:10A65800814A3EC6414DB24763EAFA0C6286B38529
:10A668004B018810EF00A1334DC53D555DA0930700
:10A678009004E39C09F8A54749BF834701050947AA
:10A68800C14C2300F10283471105B3C7F900A300A9
:10A69800F10293872900814963EFFC028146181073
:10A6A8003306D7008C083387D900B69556970347E9
:10A6B800070083C5050085062D8F2300E600E3907B
:10A6C800D7FE4147639AE70490080C102285EFF003
:10A6D800DFC035D53DA8B3863A01BA871010B30557
:10A6E800F60090083E9603C5060003460600850757
:10A6F8008506298E2380C500E39297FF3387EC40B7
:10A7080090080C102285BA99EFF03FBD89470147A0
:10A7180041D565616F70BFB190083E96034606004B
:10A728001410BE962380C600850769BFB247850A04
:10A7380093990A01939D8A0093D909016399570D4A
:10A7480085473546DA85130511022300F10293D9AE
:10A758008900EF701FB0B3ED3D0190000C10228509
:10A768002317B103EFF07FB74DF58147A68963E65C
:10A77800970626860C084A85EF70BFAD81471810EA
:10A78800B306F700100898083E973E96034707005F
:10A79800034606008507318F2380E600E3E197FE34
:10A7A800639DA90590080C102285EFF01FB335F1C1
:10A7B80081479810B306F700900818183E973E9600
:10A7C80003470700034606008507318F2380E6000C
:10A7D800E391A7FF4109C10CBDBD18089000B3065D
:10A7E800F7003E963387FC00034707000346060040
:10A7F8008507318F2380E60095BF98084E97034759
:10A8080007001C10CE972380E700850951BF8547B4
:10A818003546DA85130511022300F10293D9890020
:10A82800EF703FA3B3ED3D0190000C102285231774
:10A83800B103EFF09FAAE31E05EC814718089000CA
:10A84800B306F7003E963387FC000347070003462C
:10A8580006008507318F2380E600E391A7FF414674
:10A868000C084A85EF70FF9E81471810B306F70061
:10A87800100898083E973E960347070003460600CF
:10A888008507318F2380E600E391A7FF90080C101D
:10A898002285EFF09FA41DDDADBD7D558280EF724E
:10A8A8005F9801112A842E8593055100328902C0D0
:10A8B80002C202C402C693047400EFF08FD71D468B
:10A8C800A68513059100EF70DF9810088A854A85E0
:10A8D800EFF0BFA019ED93071400180883C607000E
:10A8E8000346070085070507B18EA38FD7FEE397B8
:10A8F800F4FE05616F703F95EF721F912E848C41B5
:10A908004111AA89838715003289914463D30700CE
:10A91800A14497A7FF1F938727C79C43B1C3B5CE10
:10A928008D472310F10083C725004A852301F100D4
:10A9380083C73500A301F10083C745002302F10056
:10A9480083C75500A302F10083C7650093059100F2
:10A95800A30301002303F10023040100EFF06FCDEE
:10A968000C404A860A85EFF0EFCE03280400835690
:10A978004400A6881D0881470147E51642868A8556
:10A988004E85EFF05F982A8909E5A6852285EFB004
:10A998009FB44A8541016F707F8A4A860A85EFF025
:10A9A8006FCB7DBFEF725F862E848C414111AA89DF
:10A9B800838715003289914463D30700A14497A780
:10A9C800FF1F938767BC9C43B1C3A5CE8D47231057
:10A9D800F10083C725004A852301F10083C73500AC
:10A9E800A301F10083C745002302F10083C7550086
:10A9F800A302F10083C7650093059100A30301003A
:10AA08002303F10023040100EFF0AFC20C404A8693
:10AA18000A85EFF02FC483564400032804008A8572
:10AA2800858EC2061D08C1822312D400A6888147DC
:10AA38000147E51642864E85EFF07FB841016F70F9
:10AA4800EFFF4A860A85EFF0EFC0C9B7EF726FFDD6
:10AA5800B335B000011185052A891315F601336550
:10AA680015012308B1009305110136843AC632C096
:10AA78003EC442C2EFF0EFBBA2471248425593D6FC
:10AA88008700230BF1009305910193578800A30ACF
:10AA9800D100A30BF100230C0101EFF08FB932476D
:10AAA800024603280400B337E000835644009207A7
:10AAB800914411C2A1444A85A68842860C08EFF049
:10AAC8009F842A8909E5A6852285EFB0DFA04A85FB
:10AAD80005616F704FF7EF722FF301113EC686477D
:10AAE800B335B0008505AA891315F6015D8D2308D5
:10AAF800B1009305110136843A89B28442C446C232
:10AB0800EFF02FB322489248164593578800A30ABE
:10AB1800F1009305910193D78800230B0101A30B42
:10AB2800F100230C1101EFF0CFB0324710408356EB
:10AB38004400B337E000920703280900914891C008
:10AB4800A1480C084E85EFF09FA7AA8411E583550C
:10AB580044004A85EFB03F98268505616F700FEE77
:10AB6800AA959307F00F172701001307A7CA6317C1
:10AB7800B50013C5F7FF1375F50F828005058346E9
:10AB8800F5FFB58FBA9783C70700D5B703574500B8
:10AB980014419307F00F172601001306A6C736972E
:10ABA80042074183139506014181631BE500AD8F80
:10ABB800B29703C50700130515F3133515008280F6
:10ABC800850603C5F6FFA98FB29783C70700D9BFCB
:10ABD800EF722FE5B28736842E86BA86AA853E851F
:10ABE800BA84EFF06FE6634B05002285EF00A10001
:10ABF8002A86A686A2852685EFF00FE56F70AFE45A
:10AC0800EF728FE05D712A8BAE8A1725010013055C
:10AC1800E5BD2C00B284368ABA893E89EFF04FE44C
:10AC28002A8459E534104146DA852800EFF0CFE14F
:10AC38002A843DED8547A303F100A6C2930771005E
:10AC48002408BEC4A68685470D462C18281002DCA9
:10AC580002DED6C0BEC6EFF00FDB2A8431E9834797
:10AC68007102A6860D4693F7F7072300FA00C1473D
:10AC78003EDE2C188947281026DCA303F100EFF0EC
:10AC88008FD82A8415E54146A6854E85EF706FDC7E
:10AC98008D47A6860D462C182810A303F100EFF067
:10ACA8008FD62A8411E54146A6854A85EF706FDA6A
:10ACB800228561616F708FD8EF72AFD69717010048
:10ACC8009387470E984383C7470079712A89AE84D2
:10ACD80017250100130505B20C083AC42306F10034
:10ACE800EFF00FD82A8415E514104146CA850808E4
:10ACF800EFF08FD52A8411ED140815462C000810A2
:10AD0800EFF08FD42A8411E521462C082685EF70B0
:10AD18004FD4228545616F700FD3EF728FD097178C
:10AD28000100938727089C477971AA842E841725E8
:10AD380001001305A5AC0C083EC6EFF06FD20DE577
:10AD480014104146A6850808EFF00FD011ED14083D
:10AD580011466C000810EFF02FCF19E58347F10179
:10AD680093F7F7032300F40045616F70CFCDEF72BE
:10AD78004FCB3688A14881470147E546EFF0AFD869
:10AD88006F706FCCEF72EFC93688A14881470147D1
:10AD9800E546EFF0DF826F700FCBEF728FC80111BD
:10ADA8002A842E850C0832C6EFF08FCB19E932477A
:10ADB80097260100938606A31008C1452285EFF067
:10ADC8003FE105616F702FC8EF72AFC54111C147F0
:10ADD8002EC032C48A8509463EC23EC6EFF0AFC2D5
:10ADE80041016F704FC6EF72CFC34111AE86130693
:10ADF8001009AA850A8502C002C202C402C6EFF081
:10AE0800AFC441016F702FC4EF72AFC1328797266C
:10AE180001009386269F2E8693050002EFF05FDBE4
:10AE28006F706FC2EF72EFBF7971C1472ACC2ED015
:10AE380032D42C080D4628003ECE3ED23ED602C45F
:10AE480002C602C802CAEFF00FBC45616F70AFBFFF
:10AE5800EF722FBD0111AA842E8417250100130556
:10AE6800E59A8A85EFF0CFBF05E514084146A68527
:10AE78000A85EFF06FBD09ED8347E1010347F10152
:10AE8800A207D98FCA07C9836177D98F2310F40025
:10AE980005616F704FBB05C9EF72AFB89797FF1F79
:10AEA8009387071C90439795FF1F9385A51B1795BC
:10AEB800FF1F1305E516EFB0E04C1795FF1F1305AC
:10AEC80025166F704FB81795FF1F130565158280FB
:10AED8009DC5EF720FB59797FF1F93876718944327
:10AEE80001112E840A869795FF1F9385A517EFB049
:10AEF800E04D0A850294014505616F70CFB47D5518
:10AF08008280EF720FB2EFB0E0579797FF1F23A927
:10AF1800A71417F5FFFF130505F9EFA020046F70BC
:10AF28008FB21797FF1F1307E715931715000843EC
:10AF38003E95FD572310F5008280EF728FAE2A846C
:10AF4800084019E16F702FB01C4158401CC06313B2
:10AF5800E5005CC08347550023200500F99BA30248
:10AF6800F500EFB08FFBE9BFEF720FAA9797FF1FAD
:10AF78009387471398432A8411CB8347350093F767
:10AF8800070289C70355050089450297130544013F
:10AF9800EF909011835504000355E400EF2030161C
:10AFA800485809C5EFB06FF7232A04021305840334
:10AFB800EFF0BFF88144B149EFA05F9F63C5A402D9
:10AFC800834734002320040493F727FCA301F400EB
:10AFD8000048EFA0BF9E1316150081452285EF702B
:10AFE800AFA86F70AFA5B3873403032904038504A2
:10AFF8003E994A85EFF07FF42304090075BF834723
:10B00800350093F7070299E3014582808357E500ED
:10B01800E39CB7FEC167FD176316F60005458280FD
:10B028000545B9A0EF72EF9F93170601C187B28457
:10B038002A8401496359F002835705008DCB0145E5
:10B048006367F600034584003E953325A600137513
:10B05800F50F39A81C4813171900BA9783D70700AA
:10B06800E38097FC0509EFA07F95E345A9FE01451C
:10B078006F706F9DEF724F99AE89AA84EFA0DF8938
:10B088002A84EFD05FACAA8601471306840197058E
:10B098000000938545E91795FF1F1305E5FEEFA00E
:10B0A8000FDA2A8921CD8C441304C50022859E0518
:10B0B80093F50508EFB0AFC6CC4083877400E181F3
:10B0C80063D1070493E505082285EFB04FC50D4607
:10B0D800938544002285EFB0AFC283D50400228552
:10B0E800EFB08FC783D524002285EFB0EFC603D613
:10B0F800490083A509002285EFB08FC04A856F708B
:10B10800EF9393F5F507C9B7EF72AF9101112A8450
:10B11800328532C6EFB00FB6EF901F9B83570400FD
:10B128001797FF1F1307870F3246231BF10093075A
:10B1380000F8A30DF1001C471843231AA1008983C6
:10B14800858BB307F740B28548083ECE231C010023
:10B15800230D0100EFF01FF205616F70CF8EEF72C3
:10B16800AF8A0041014529CC9304C4002685328961
:10B17800AE89EFB02FB495452A8A2685035B040172
:10B18800EFB0CFB02685EFB0CFC78D45AA8A268508
:10B19800EFB0CFAF2685EFB0CFC65C48420A135A4E
:10B1A8000A01D2975CC423186401814763983A0165
:10B1B80046054D81330625419337160013F5F70FE1
:10B1C8006F70CF87EF726F8389692A8BAE8B328A53
:10B1D800B68A81440144314CFD19EFA02FFD63C9A3
:10B1E800A400EFA0AFFF018D33B5AA006F706F8484
:10B1F8003389840383270B003E9963170A0083472A
:10B20800890085043E94D1BF03560A00DE854A852D
:10B2180033F6C900EFF0BFF47DD10545C1BFEF7229
:10B228004F8001112A847C000355E5003ECAB70708
:10B2380007003ECC7C003ECEEF1070382A89854549
:10B248004808EFB08FC399454808EFB0CFA8AA8443
:10B258004A85EF10F0382380A4009797FF1F938743
:10B26800E7FB9C434166130606F09396870113D7C4
:10B278008701558F93D68700F18E558FA207B706A1
:10B28800FF00F58FD98F11462C00138514003EC49A
:10B29800EF603FFC5008A382040089452285EFF047
:10B2A800BFE609C9AA8513058403EFB08FBD3C40EA
:10B2B80085073CC005616F601FF9EF629FF6EFA03C
:10B2C800EFF12A840504EFA06FF03305A402F147DB
:10B2D80091453305F502EF10607601E565556F601D
:10B2E8009FF69797FF1F23A7A7DAEFA02FEF2A84CF
:10B2F8000504EFA0AFED3305A40289450605EF105C
:10B30800E07369DD9797FF1F23AEA7D6EFA00FED77
:10B318002A840504EFA08FEB3304A4029797FF1F3C
:10B32800239487D6EFA08FEB2A84EFA02FEA930708
:10B3380014003385A7029797FF1F2398A7D4971760
:10B348000100938767101797FF1F2323F7D4014540
:10B3580079B7EF627FEBAA842E8901449799FF1F82
:10B368009389C9EB130A8006EFA04FE66345A40052
:10B3780001456F60BFEC3305440383A709024A8681
:10B38800A6853E95EFF0BFC719E10504F1BF054555
:10B39800CDB7EF629FE6AA8A2E8BB28B368C3A8A9B
:10B3A800814401448149979CFF1F938C2CE7130D1E
:10B3B8008006EFA0AFE163C7A40011E085494E8580
:10B3C8006F603FE73389A40383A70C025E86D685A6
:10B3D8003E994A85EFF0BFC219CDEFA02FE0054492
:10B3E800636B4501D2866286DA8513050903EFF09F
:10B3F8007FDD11C1854985046DBFEF62FFE0C1643F
:10B4080041112A8901449799FF1F938929E1130A59
:10B418008006FD1436C632C42EC2EFA02FDB92453B
:10B428002246B2466346A400014541016F601FE110
:10B438003305440383A709023E9509C683473500AF
:10B44800C18B9DC791C68347350093F707028DC30B
:10B45800630699008357E500639C2701035705009D
:10B4680001CB63E7E50083478500BA97E3CFF5FA98
:10B4780005044DB7EF625FD9C1642A8901449799E1
:10B48800FF1F9389A9D9130A8006FD14EFA00FD4D2
:10B498006344A4006F609FDA3305440383A709025D
:10B4A8003E958357E5006388970063049900639489
:10B4B8002701EFF07FAB0504D1BFEF629FD3896905
:10B4C8002A8AAE8A328BB68B8144179CFF1F130CD5
:10B4D800ECD4930C8006314DFD19EFA02FCF63C437
:10B4E800A4006F60DFD43389940383270C0283554B
:10B4F800CA015A863E994A85EFF07FB005CD814D45
:10B5080005A03384AD038327090303D60B00D68532
:10B5180033F6C9003E942285EFF07FC419E5850D06
:10B52800EFA0CFC8E3CFADFC31A02285EFF0FFA09C
:10B5380023040400850455B7EF623FCC4169AA8A09
:10B54800014A179BFF1F130B6BCD7D19C14B054C8F
:10B55800EFA0CFC76344AA006F60BFCD93098006F0
:10B56800B3073A0383290B02BE9983D7E900638C9A
:10B57800270163842A016398570103A4890311E40E
:10B588004E85EFF0DFC9050AE1B7835704016399D7
:10B5980077079304C4002685EFA0DFF185452A8D3F
:10B5A8002685835C0401EFA07FEE2685EFB08F81AE
:10B5B80062056185635F05028D452685EFA01FED55
:10B5C80089452685EFA09FEC89452685EFA01FECCD
:10B5D80085452685EFA0DFEC83470500094793F7EB
:10B5E800F7076398E70099452685EFA07FEBA3024C
:10B5F80085014848337D2D01231894016A9548C474
:10B608000040B5BFEF62FFC1EFD0E03F9797FF1F43
:10B6180083C7C7AD1775FF1F1305C5D8A300F5006D
:10B62800EFC0D00581461306F00F81450145EFC0F4
:10B63800303D6F605FC11797FF1F1307279B1843A3
:10B648009795FF1F83C585AA9797FF1F938787A89C
:10B6580083468703034697036397D5009797FF1F91
:10B668002386C7A8828083C587010347A70363177A
:10B67800B6009797FF1F238BE7A6828003C6870132
:10B688006317C7009797FF1F2382D7A6828083C6B8
:10B698008701130750026319D700930760021797B1
:10B6A800FF1F2305F7A4828083C687011306600263
:10B6B8006315D60093077002DDB783C7870155BFAE
:10B6C8009797FF1F938707A1D44B0947638EE60618
:10B6D800EF623FB59794FF1F9384049D3E8483C710
:10B6E8000400918B95CBEFD000321795FF1F1305FF
:10B6F800259CEFC0A07881461796FF1F0346469DFC
:10B7080081450145EFC0D02F15CD83C70400ED9BBF
:10B718001797FF1F230AF7988347040093F7F70F3B
:10B7280095C391471797FF1F2320F79CEFF09FEDD4
:10B73800EFF07FF0414691451795FF1F0345059AA5
:10B74800EFA0F0726F603FB08280EF629FAD8D47CF
:10B7580041116301F504C5476306F5028547631087
:10B76800F5029797FF1F2385A79893050010179553
:10B77800FF1F0345A5969760FF1FE780006C4101F6
:10B788006F607FAC85471797FF1F2303F7969305D4
:10B798000020F1BF9797FF1F9387C793D44B11479A
:10B7A8006387E600EFD0202693050004C9B78544D7
:10B7B8001797FF1F232A979283C7070032C62E8444
:10B7C80093F7F70FCDDF7D141374F40FEFD0A02398
:10B7D800E3FC84FCB245994703C61500E3F6C7FCB1
:10B7E80009061795FF1F1305E5909750FF1FE7807F
:10B7F800A05B930500081795FF1F0345258E9760EA
:10B80800FF1FE78080634DB7EF62BFA11797FF1F47
:10B818001307478C4047184B1C409796FF1F23A1DE
:10B82800F68C6316E4001797FF1F232DF78A13057C
:10B8380084FEEF905FFA035564FFEF909FCDEFA071
:10B84800DFED6F605FA0EF62DF9D9797FF1F938723
:10B858006788D84BDC4799C3EFF01FFB85471797DC
:10B86800FF1F2323F7889787FF1F938727789C4319
:10B87800930500021795FF1F0345458683C7870375
:10B888001797FF1F2304F7869760FF1FE780E05A8A
:10B898006F607F9B9797FF1F23A0A7848280EF622A
:10B8A8005F98A1451795FF1F03454583EFA0F070EA
:10B8B800A1451795FF1F034565829794FF1F938441
:10B8C8006481EFA0D056DC4489E7EFF07FDF6F603A
:10B8D8009F9703D567FFEF90DFC32A847DD5D848AB
:10B8E80091476310F70291451785FF1F0345057FB0
:10B8F800EFA0B06C91451785FF1F0345257EEFA08B
:10B908001053894703294401035404011787FF1F73
:10B91800232CF77CEFD0200F83C784012104420435
:10B928001775FF1F130505A81777FF1FA30CF7A6A8
:10B938006119EFC0A0544180814609469375F40F00
:10B948004A859787FF1F2385077AEFC0E06611E9CC
:10B958009797FF1F83C7078A89C79750FF1FE780FC
:10B96800808E2146A1451785FF1F03452577EFA047
:10B978001050B1BFEF62FF8A93F7052001112E84A2
:10B9880081CBEFF05FEC1345042005616F60BF8B3E
:10B9980093F70510A9CB9784FF1F9384A473DC4801
:10B9A800EFF07FC91787FF1F13074764184383C742
:10B9B8008401034787036316F700DC4499C3EFF05B
:10B9C800BFE48547930500021785FF1F03450571EE
:10B9D8001787FF1F232AF7709760FF1FE780E0454E
:10B9E800134504105DB793F70508ADC79787FF1F88
:10B9F80083C75770E91719469785FF1F9385A56F69
:10BA08001305D10093F4F70F1789FF1F0349896EB7
:10BA1800EF603F8493970401C1831787FF1F1307C3
:10BA2800E76D231DF100231CF1009787FF1F938703
:10BA3800676A3ACE3ACAD8432306010009CBDC43E9
:10BA48009315890154080D46E185680082971345CE
:10BA5800040825BF93F72500A1CF9787FF1F938779
:10BA68006767D84B89476304F7029787FF1F83C727
:10BA7800A76313F7270001EF918B89CF1306000AFC
:10BA880089451785FF1F03456565EFA0503E13459F
:10BA98002400E5BD9787FF1F938747559C4383C7BD
:10BAA80087031787FF1F2303F764EFF05FDFC5B72E
:10BAB80093F7050291C7EFF09FDE13450402F1B535
:10BAC80093F7850091C7EFF01FD81345840075BD23
:10BAD80093F7150091C7EFF0BFBE1345140075B575
:10BAE80093F7450091C7EFF0BFBD1345440071BD02
:10BAF80093F7050485C39787FF1F83C7A75D81CB8D
:10BB0800EFF05FB091471787FF1F232FF75C1345AE
:10BB18000404A5BD93F705010145E38807E6978767
:10BB2800FF1F9387275BD84B9147631BF7029787C3
:10BB3800FF1F938767579C4313D727008583D98FA7
:10BB4800858B99E3EFC0306C91451785FF1F03453E
:10BB5800E558EFA0904685471787FF1F2326F7581B
:10BB6800134504011DB5EF62CFEB9787FF1F23A98B
:10BB780007569787FF1F23A7075685471784FF1F78
:10BB88001304C4461787FF1F2320F7561C4083C79A
:10BB980087031787FF1F230BF754EF901FE921C175
:10BBA8009777FF1F23A4A7801C40170500001305E3
:10BBB800A5DC83C787031787FF1F2309F752176779
:10BBC800FF1FA301F77E9787FF1FA3850750EFA0EC
:10BBD80070629787FF1F2383A7506F60CFE6B7C7B0
:10BBE800898E938767ED1767FF1F2321F77C6DBF49
:10BBF800EF622FE31787FF1F0347C74D795451E3BF
:10BC08009787FF1F9387074D03C717000507978678
:10BC1800FF1FA381E64C03C717008D463377D70271
:10BC28009786FF1FA388E64A83C617001787FF1F5A
:10BC38001307C73B184393F6F60FB9E68347870304
:10BC48001787FF1F2304F74A85471787FF1F23031A
:10BC5800F7489787FF1F938727459C430144998B93
:10BC68008DE3C1451785FF1F03454547EFA0301CED
:10BC780085451785FF1F034565469760FF1FE780C9
:10BC8800C01B22856F602FDC83C71700854663952C
:10BC9800F600834797036DB78347A70355B7978780
:10BCA800FF1F83C72743A1CBEF62AFD78545178511
:10BCB800FF1F0345A5429787FF1F238D0740EFA06D
:10BCC800101791451785FF1F03454541EFA0F02E3A
:10BCD80091451785FF1F03456540EFA05015C145E5
:10BCE8001785FF1F0345853F9760FF1FE780E01416
:10BCF80001456F604FD579558280EF628FD22A84D3
:10BD0800035565FFEF90FF809787FF1F9387873C58
:10BD1800D847BE841DEBEFA09F9F9C4823200400BA
:10BD28008DEB9787FF1F23AF873A9787FF1F23A9BC
:10BD3800873A89451785FF1F0345453A9760FF1FD6
:10BD4800E780A00F01456F600FD0630A8700184392
:10BD5800D1B780C39787FF1F23A68738D9BF7955E6
:10BD6800DDB7EF620FCC9787FF1F9387E7488843BB
:10BD780023260500232405005105EF80F0326F606B
:10BD88008FCCEF620FCA1784FF1F1304E4461C40D0
:10BD9800411189CF9C472302B5002AC61CC1EFF088
:10BDA8005FFC1C409C4B99C33245829741016F60F0
:10BDB8008FC9EF620FC74111444D328532842EC6B8
:10BDC800EFA05F802AC42285EFA03F8103A844002A
:10BDD800630C0800B245835744001840224683D5B7
:10BDE8004500AA862685029841016F60CFC5EF629B
:10BDF8004FC3404D1DC408C0970500009385E50258
:10BE080013054401EF80B01C9787FF1F9387C73E37
:10BE18009C43014589E79787FF1F23AF873C6F60E5
:10BE28008FC27D55EDBFEF62CFBF0111680093054A
:10BE3800F00F02C602C802CA02CC02CEEFF07FF4AD
:10BE480005616F604FC09787FF1F9387E73A9C4350
:10BE5800D847A1679D076311F702EF628FBC0111F4
:10BE68003285EFA02FF6230AA10081456800EFF084
:10BE78005FF105616F602FBD82809787FF1F9387F1
:10BE8800A7379C43D847A167938777036311F702C5
:10BE9800EF622FB901113285EFA0CFF2230AA1007A
:10BEA80081456800EFF0FFED05616F60CFB98280D2
:10BEB8009787FF1F938747349C43D8479547631C50
:10BEC800F702EF620FB6011132853284EFA08FEFCF
:10BED800230AA1002285EFA04FF083574400231BBB
:10BEE800A10081453ECC1C4068003ECEEFF07FE9C2
:10BEF80005616F604FB58280930785FF89CF8327DF
:10BF0800C5FF91CBDC4B81CBEF62AFB1032585FF39
:10BF180082976F604FB38280EF62AFB02A84328518
:10BF2800EFA04FEABD4763EBA70018449377F500ED
:10BF38000345B70041995D8DA305A7006F60AFB0B9
:10BF4800EF622FAE01117C003ECAB70707003ECC56
:10BF58007C003ECE5C4D8DCF2A8413858700AE844D
:10BF6800EF809008A1652A899D054808EF803FCD9C
:10BF78009305803EB345B902480893F5F50FEFA045
:10BF88000FDA014781465008A6852285EF807FEBAE
:10BF980005616F604FABEF62CFA8EFF07FFA6F607B
:10BFA8008FAAEF620FA801117C00AE843ECAA1657A
:10BFB800B70707002A843ECC48087C0093857503A0
:10BFC8003ECEEF80DFC71C44480883C5B700BD8953
:10BFD800EFA0EFD4500801478146A6852285EF805F
:10BFE8005FE605616F602FA6EF62AFA32A84AE8477
:10BFF800EFF09FF2A6852285EFF0BFFA6F60AFA43D
:10C00800EF622FA2EFF0FFF96F60EFA3EF626FA16D
:10C018000329C5014111630409022A843285B284C7
:10C02800EFA04FDA2AC62685EFA02FDB8327490029
:10C038002A8691C7DC4781C7B2452285829741018C
:10C048006F606FA0EF62EF9D444D81CC2A843285EA
:10C05800EFA0AFD8DC40AA8589C79C4799C3228541
:10C0680082976F604F9EEF622F9A032AC501411194
:10C0780063030A062E89AA84954532853284EF80A7
:10C088001FBC85452285EFA00FC5AA89CA852285D0
:10C09800EFA02FCA83274A009DC7DC438DC722859E
:10C0A800EFA0EFC183274A00104083564400DC43C9
:10C0B8007115A307A100B2961307F1004E86CA8531
:10C0C8002685829701C52380090031A08345F100A8
:10C0D8002285EFA04FC041016F604F96EF626F94C9
:10C0E80065711C083EC2B70780013EC41C0832892E
:10C0F8003EC62A84AE84EFF07FF14A85EFA0EFCDEB
:10C108008357A10089CFAA8550002285EFF0BFF59B
:10C11800014781465000A6852285EF809FD259614C
:10C128006F606F92EF624F8E65711C088329C5019D
:10C138003EC2B70780013EC41C082A84AE843289F7
:10C148003EC6EFF03FF0638409024A85EFA0EFC8CE
:10C158008357A100AA8581CF50002285EFF0BFF058
:10C16800014781465000A6852285EF809FCD596101
:10C178006F60CF8CEF62EF8A65711C083EC2B7070B
:10C1880080013EC42A841C0832853EC6AE84EFA0D6
:10C19800CFC48357A10089CFAA8550002285EFF02C
:10C1A8009FEC014781465000A6852285EF807FC914
:10C1B80059616F604F89EF62CF86444D91E883479C
:10C1C800450093B71700B307F0403E856F60AF870F
:10C1D8001845FD577DDB97070000938707032A84DE
:10C1E8005CCB97050000938565D113858400EF80AB
:10C1F800005E80C003474400814761FB1787FF1F2B
:10C20800232E97FED9B7EF622F808329C5014111EC
:10C21800032985008147638B090803240901914597
:10C228002A8A2285EF80BFA185452285EFA0AFAA83
:10C238008945AA8A2285EFA00FAAAA84EF80DFA5E4
:10C2480083A749002A8B9DC79C438DC72285EFA0F1
:10C258000FA783A74900A306A100104083564400F6
:10C268009C431307D100B296D6851306E100528588
:10C27800829709CD83570B002380F400A183A38004
:10C28800F40023800A00A306010029A88357E100CF
:10C2980022852380F4008345D100A183A380F40084
:10C2A800EFA06FA38347D100B337F0000347B9006D
:10C2B800920701453D9BD98FA305F90041016F50B5
:10C2C800FFF7EF521FF641111DE99787FF1F93876C
:10C2D800E7F2804305C80440130984009DC55C400B
:10C2E80099C79C4B89C726852EC68297B245930766
:10C2F800803EB385F5024A85EF80805921A0404DE4
:10C30800AA8479F841016F501FF44A85EF80C0591B
:10C318005C40EDDBDC4BFDD726858297E5B7EF5215
:10C328005FF02A843285EFA0EFA9AA852285EFF075
:10C338005FF96F505FF1EF52DFEE2A84AE84EFF0C1
:10C348001FFEA6852285EFF0BFBF6F50DFEF0841C3
:10C358003355B50005898280EF52BFEC1784FF1F63
:10C368001304C4EB1C5C0111231701008D83858B1A
:10C37800A303F1008327040B2318010023190100EC
:10C3880003D7C7013ECA3C002314E1007D5723159B
:10C39800E1000357C4023ECC02CE2316E100EF8031
:10C3A800AFF28357E101231EA10093F707E093E75B
:10C3B8001710231FF1009787FF1F83C7C7E885C39E
:10C3C80005470145638AE7008347840393E727000D
:10C3D8001787FF1F2300F7E805616F50DFE68147E5
:10C3E8001707010013074762854613067100854544
:10C3F8004808EF7020516DF183478403F59B178738
:10C40800FF1F2309F7E485471787FF1F230DF7E26E
:10C41800E1B7EF521FDE978DFF1F938D2DE003A626
:10C42800CD0639712A898147814493060002335722
:10C43800F600058B01C7850493F4F40F8507E3988C
:10C44800D7FE83A70D0B231701022318010203D778
:10C45800C7013EDA3C102314E1027D572315E1029F
:10C4680003D7CD023EDC231901022316E10202DEC6
:10C47800EF808FE58357E103231EA102014593F75F
:10C4880007E093E71710231FF1029787FF1F83C761
:10C4980087DBA9EF9787FF1F83C7D7DB3EC697893E
:10C4A800FF1F9389A9D70144014D9D4A054B954B20
:10C4B800178CFF1F130CCCDD978CFF1F938CCCDCE3
:10C4C80003DAC90563090A00EA8563145903668516
:10C4D800EFF0FFE71DC1050DA1478909E312FDFE35
:10C4E8002DE09787FF1F23A307DA014521616F50CD
:10C4F8001FD46285EFF0BFE579DD3247B38784004A
:10C50800E3F0E7FE9C001306140006043E9413179C
:10C518008A0093578A00D98FC207C183A30EF4FCFF
:10C52800A183230FF4FC03A70D07B317AB01D98F21
:10C538001787FF1F232CF7D463047601328461BF69
:10C5480015449787FF1F83C7E7CF13871700978680
:10C55800FF1F2389E6CE93161400230EF100170758
:10C5680001001307674A814785067008CA8548187D
:10C57800EF704039E34705F68347C1010545178742
:10C58800FF1FA301F7CC9787FF1F238E27CBB9BFC7
:10C59800EF529FC70111AA892E84EFD02FA42A89B0
:10C5A8009784FF1F938484C76399090A9C5C414759
:10C5B80093F707036393E70A1787FF1F0347F7C833
:10C5C800894763ECE70883A7040B231701002318A6
:10C5D800010003D7C7013ECA3C002314E1007D5780
:10C5E8002315E10003D7C4023ECC2319010023160A
:10C5F800E10002CEEF804FCD231EA100EFC0AFD4E3
:10C608008357C101230FA100914613D78700A207C2
:10C61800D98F2312F1009787FF1F83D7C7C313D77A
:10C628008700A207D98F2313F1001707010013070A
:10C63800273D8147500095454808EF70A02C058894
:10C648009317240003C484036D985D8C9787FF1F9C
:10C65800238287C005616F507FBEEF70D07C17853D
:10C66800FF1F1305A5BFEF80202483A7040B978520
:10C67800FF1F83D565BD03D5C701EF1040289787F5
:10C68800FF1F83C727BD93F60702014789E617876F
:10C69800FF1F035767BB9786FF1F239FE6BA1787BD
:10C6A800FF1F130767B6184309CBC18B99C7894584
:10C6B8001785FF1F035545B902979787FF1F23A5C5
:10C6C80007B89787FF1F238007B89787FF1F23ADF9
:10C6D80007BA9787FF1F23AB07BA9787FF1F23A9BE
:10C6E80007BA83D7840393F7270C93E717001787B4
:10C6F800FF1F2311F7B683572903A18B99C3EF7046
:10C70800204511C49787FF1F23AC07B2A1B78D47F7
:10C718001787FF1F2326F7B21304803EEF90EFAE72
:10C72800330585029305400609C5EF900FAEB305A2
:10C7380085021785FF1F130565B2EF80601519BFC5
:10C748009787FF1F938787ADD85325C791C99787C8
:10C75800FF1F238A07AE9787FF1F23A907B282808E
:10C76800EF523FAC83C7F70241112EC685071787E2
:10C77800FF1FA30CF7AC9787FF1F2390A7AE9D4719
:10C788001787FF1F232EF7AAEF902FA72A84EF9071
:10C79800CFA6B24501E5EF904FA6AA85B305B440F0
:10C7A8001785FF1F130585ABEF80800E41016F5081
:10C7B8009FA982809787FF1F938747A6D85331C7C1
:10C7C800EF523FA603C7F70205079786FF1FA38E00
:10C7D800E6A611CD8C5F0D4701458981858997862D
:10C7E800FF1F23AFE6A4EFF0BFDA6F50DFA5854740
:10C7F8009305C0441785FF1F130545A61787FF1F1C
:10C808002320F7A4EF80C008CDB78280EF527FA124
:10C818001787FF1F034727A38547631EF7009787DE
:10C82800FF1F9387A79F83C7870393C7870017872F
:10C83800FF1F2301F7A21785FF1F130525A2EF800D
:10C84800A006EF809FF899471787FF1F232AF79EB6
:10C858009787FF1FA38B079E9787FF1F2385079E38
:10C86800EF90CF98930740063305F5029787FF1F8F
:10C8780023AEA79C6F503F9D9787FF1F83C7879D57
:10C88800C18B99C7EF52FF99EFF01FAD6F50BF9B57
:10C89800695582809787FF1F93874798DC5381CB20
:10C8A800EF523F988545EFF0BFCE6F50DF998280F9
:10C8B8001787FF1F1307879601468146BA852148C7
:10C8C800631E06019DCA2390A60083C7850393E7CC
:10C8D80017001787FF1F230FF79605A08357C70573
:10C8E800631DF502F8598547B397C70093C7F7FF4B
:10C8F800F98F1787FF1F232DF7989C5D9183858BF0
:10C9080085C79787FF1F83C7079499EFEF527F91D9
:10C918001D45EFF01FB06F501F9381E699E3930612
:10C92800C7050506090769BF8280EF521F8D860576
:10C93800AA84B309B500978AFF1F938AEA94054B26
:10C94800978BFF1F938B8B94214C639434039787A9
:10C95800FF1F9387A78C9C5F9183858B89CB9787D3
:10C96800FF1F83C7478E81E72145EFF09FAA6F50CD
:10C978005F8C03DA0400630B0A041789FF1F13098D
:10C98800E9890144CA8C8357C905639D4703A28579
:10C998005685EFF0DF9B11E5A2855E85EFF03F9BA2
:10C9A80005C903A74C07B3178B00D98F1787FF1F3B
:10C9B8002320F78E83C78C0393E717001787FF1F81
:10C9C800230AF78805040909E31F84FB8904B5BF16
:10C9D800231E0904C5BF1787FF1F0347C78685475E
:10C9E800631AF700EF52FF83EFF05FE2EFF0DF9694
:10C9F8006F507F85828081478545130600029386A4
:10CA08001700B397F500E98F13F7F60F89E7B68794
:10CA1800E397C6FE01473A858280FD4785457D56E6
:10CA2800B396F50013871700E98E1377F70F89E699
:10CA3800FD17E397C7FE01473A85828089E90147D8
:10CA48003A85828001473A8541016F50CFFFEF5206
:10CA58004FFD41112AC62E852EC4EFF0DFF9A245FD
:10CA68007D158547B397A700E39EF5FC324693777B
:10CA7800360099C3719A11069777FF1F9387C77974
:10CA880094433E871778FF1F1308487889EA83275D
:10CA980008009107F19B9776FF1F23AFF6760325D1
:10CAA80088001843B307A700B3F7B702B387F54068
:10CAB800FD15FD8D83274800AA95B306B600E3F35C
:10CAC800F6F8E371D5F82E979777FF1F23A4D7744C
:10CAD8003DDB3A858145EF502FF92A87ADB71841DC
:10CAE8009777FF1F9387877223A4070098C358413D
:10CAF800D8C39777FF1F23A107728280EF52CFF028
:10CB0800AA8401441779FF1F130949719309400E3C
:10CB1800EF809FDE6345A40001456F502FF2330577
:10CB280034038327090B3E958357C501E38797FE96
:10CB38000504F9BFEF526FEC9779FF1F9389096ECF
:10CB48003E84BA848347060003A7090041119D83E8
:10CB5800058B3D8F83C74401AE8A2A89F99BD98FFB
:10CB6800238AF4001C44B685231204001CC02285C5
:10CB7800328A36C6EF903F96B246D2853686EF5057
:10CB88004FEDDC4883A509000840858B56869D8DAE
:10CB9800EFD0FFD061E918407D5583475700034720
:10CBA8006700A207D98FC207C1872394F40063588E
:10CBB800F00A83C7440193F70703B5CBD0489377AE
:10CBC800160003A609001D8E9787FF1F9387C79B32
:10CBD8009C43ADEB814641A003A70B0093172A00A5
:10CBE800BA9718409443834757008345670033F644
:10CBF8005601A207CD8F6311F6028347370003461B
:10CC0800470003472700A207D18F4207D98FBD826B
:10CC1800B3F76701638AF604050AEF80FFCC420583
:10CC280093170A014181C183E3E8A7FA41BFA16ACA
:10CC3800370B0200014A977BFF1F938BEB6BFD1AA2
:10CC48007D1BE1BF83C7440113070003854693F7A3
:10CC58000703E391E7F8A2854A85EFD0BFD44101E5
:10CC68006F502FDD6155E5BF7955D5BFEF52CFD94C
:10CC78009774FF1F9384C4429C40D9EF9777FF1F96
:10CC8800938747589C436399070CEF80FFC7930726
:10CC980080023305F5028945EFF05FDA41C99777DD
:10CCA800FF1F23A3A762EF803FC59307400E3305FC
:10CCB800F5029145EFF09FD835C99777FF1F23A755
:10CCC800A760EF807FBB01CDEF801FBB91450E05AC
:10CCD800EFF0DFD621CD9777FF1F23ABA75EEF805C
:10CCE800DFD311CDEF807FD3D9473305F5028945CE
:10CCF800EFF0DFD405CD9777FF1F23A5A75CEF8062
:10CD0800BFBE91450A05EFF07FD30DC19777FF1F8E
:10CD180023A4A75E014521A8EF805FCB9307800677
:10CD28003305F5029145EFF07FD101E565556F5068
:10CD3800EFD09777FF1F23A3A7500144130A80065B
:10CD48001779FF1F1309894DB14AEF803FC8636403
:10CD5800A4029C40E38407F2EF805FC79307A00416
:10CD68003305F5028945EFF07FCD69D19777FF1F2D
:10CD780023A8A75819BFEF807FC489450605EFF09F
:10CD8800FFCB4DD5B3094403032709024E9708CBBF
:10CD9800EF80DFC1330555039145EFF03FCA59D500
:10CDA8008327090205041374F40FCE9788DB71BF3B
:10CDB8009777FF1F93878746884705898280C167D1
:10CDC800FD176319F5009777FF1F9387274503A57C
:10CDD800070B8280EF52EFC4EFF05FD26F50AFC6FF
:10CDE800814709C58347E501B337F0001777FF1F6F
:10CDF8001307C74218470983058B19C393E7270010
:10CE08003E858280EF52EFC12A84EFF07FFD834791
:10CE1800E401AA851305940899E31305040397769A
:10CE2800FF1F9386A63F9442130615021307840238
:10CE380013059504EFD08FC56F50EFC0EF52CFBCEC
:10CE48009774FF1F9384843D98442A892E8409830C
:10CE5800058B9C4019C76314F5006380050E0144D7
:10CE680001A2E3FEA7FE1387A702E36AA7FE8507D0
:10CE780063FCA70883A9440BEF801FA01316350095
:10CE880081454E85EF504FBE9777FF1F23A827395E
:10CE98009777FF1F23A6073849CC9C4493E74700A0
:10CEA8001777FF1F2320F7389777FF1F2384073E44
:10CEB800630F040C9777FF1F23A227370144054906
:10CEC800EF809F9B6341A40AEF801F9E9305000695
:10CED800B3C5A502B7F73600938707E81775FF1F94
:10CEE8001305853B416901449309400E7D19B385BB
:10CEF800F502EF70F019EF803FA0634FA4080145D9
:10CF0800EF3000770544A9A86398A7029DE583A997
:10CF1800440BEF807F961316350081454E85EF5000
:10CF2800AFB49777FF1F23AB272F9777FF1F23A94E
:10CF3800072E9C44ED9BADB785C51777FF1F0347A8
:10CF480067359307F005E3FCE7F021F8EF605041FF
:10CF58006DD19C4493E707021777FF1F2324F72C12
:10CF680022856F50AFAD83A7440B131534003E954F
:10CF78008357050081CB8347250099C72146814502
:10CF8800EF508FAE05042DBF23012501E5BF97772C
:10CF9800FF1F23A707280DBF3305340383A7040BFE
:10CFA8003E958357C50163842701EFF0BFE505046B
:10CFB80099B7EF520FA7EF803F8F13040006334550
:10CFC800A4029774FF1F9384642583C784073E9542
:10CFD8001375F50F9777FF1F238EA72A9307F00580
:10CFE80063E7A7020545EF30A068EF80FF8B334564
:10CFF800A402B7F53600938505E8B305B5021775A1
:10D00800FF1F13056529EF70B0086F50CFA39C442C
:10D0180005458983858B81CBEF90EF8E88408145CC
:10D02800EFF0DFE1DDB7EF30A064C5B7EF52CF9D79
:10D03800130495082A8913069005A285130505038C
:10D04800EF502FA11306900581452285EF50CFA1FF
:10D058004A85EF30805B8144177AFF1F130A0A1C48
:10D06800930A8002EF805F8A63C4A4006F500F9D0B
:10D07800338454038327CA0A3E9403570400835712
:10D08800C9016317F702834744009DC393096401EC
:10D098004546CE8513055400EF50AF9B4546814564
:10D0A8004E85EF506F9C228523020400EF30C05D4F
:10D0B80085044DBFEF52EF969777FF1F938747FE82
:10D0C8009C432A8491C70DC50355C501EFE0CFC61F
:10D0D8009777FF1F9387474B9C4389CBEFB03FD788
:10D0E80085476315F5002285EF5020626F50AF9594
:10D0F80041657D15E1BFEF52CF921774FF1F1304EE
:10D10800E4114440938714001777FF1F232AF71070
:10D11800EF3020651C448983858B9DE75840B7E72D
:10D12800B0009387075063F1E7020145EFF01F9DB8
:10D1380001CD0545EF803FFD084085450505EFF029
:10D14800FFCF0145EFF01FF726856F50CF8FEF52C5
:10D15800AF8BA1642A8901449779FF1F9389C91964
:10D16800FD14338AA500EF802FF86344A4006F50A4
:10D17800EF8C03A7090093172400BA979843658F8B
:10D1880042074183634C2701635A47012380070004
:10D19800A380070023810700A38107000504E1B7E6
:10D1A800EF522F8583594500C547411163F5373143
:10D1B8000441C1E533853401834785FF034795FF63
:10D1C8000348B5FFA207D98F0347A5FFC207220767
:10D1D80033670701D98F0347C5FF0348D5FF2207E7
:10D1E800336707010348E5FF0345F5FF42072208B7
:10D1F8003365A800498FB98F1777FF1F1307870D6D
:10D208001778FF1F1308080F3A85832807006384DF
:10D21800172B1107E31B07FF1777FF1F1307870D4E
:10D2280018431318270042951CC10507A147336707
:10D23800F7029777FF1F23AFE70A93F73500139795
:10D24800470083474601C16B368993F7F7FCD98FAE
:10D2580032842E8A230AF600814A177CFF1F130C9A
:10D26800ECFBFD1B977CFF1F938C8CE3177DFF1F46
:10D27800130D0D09EF804FE863C7AA00E154268516
:10D2880041016F40DFFA1308400EB3870A030328F1
:10D298000C0BB30DF800638E0D2083D7CD01638A84
:10D2A800772183A70C00014B639707169777FF1F19
:10D2B800938747F59C436390071683C7040003C709
:10D2C8000D0493F7F707631BF71ACA872287CE86E0
:10D2D800268693859D0613851D04EFF0BF85631F81
:10D2E800051883D7CD01032709002320B401231291
:10D2F800F400FD572313F4008347170093F6F7074C
:10D308008347D40093F707F8D58FA306F40093F763
:10D31800F707B337F000B307F0402307F40083475B
:10D3280017009D839396370083474401DD9BD58F73
:10D33800230AF4008347370083464700A207D58FA6
:10D3480083462700C206D58F1CC88347770003474A
:10D358008700A207D98F2315F4000D476304EA005C
:10D36800BD5491DF93870710C207C1831307B00F1D
:10D37800BD54E376F7F0EF802FD28144E31105F036
:10D388009776FF1F83C686F7938716001777FF1FC8
:10D398002306F7F61777FF1F130707F6231BD4009A
:10D3A80093972600144303578400E175BE96A1673E
:10D3B8001386F7FFB377C70098426D8FD98F9CC249
:10D3C8001848F18F3E07D98F9CC2EF80EFD197772D
:10D3D800FF1F83C7A7F233F5A7029777FF1F238F95
:10D3E800A7F071BD9307A004B308FB0283270D00C3
:10D3F800BE9803D7080083D7CD01631DF70083C704
:10D40800040003C7880093F7F707630BF70083C787
:10D41800FD019DEB050BEF806FDBE345ABFC71BDB8
:10D428009385980113859800CA872287CE86268619
:10D4380046C6EFF02FF0B24879F98347440193E7E5
:10D448004700230AF40071BD83C7040003C798028C
:10D4580093F7F707E310F7FCCA872287CE8626865C
:10D468009385A8031385A802EFF0CFEC45F5834711
:10D47800440193E72700230AF400C1B783C7FD01DD
:10D488008DCB83C7040003C79D0993F7F707631281
:10D49800F702CA872287CE86268693852D0C1385A8
:10D4A800AD09EFF02FE911E58347440193E7270021
:10D4B80049BF850AC1B3FD54D9B3EF421FD479716E
:10D4C80083544500AA8B2E84B28AEF80EFC4590595
:10D4D80063489504EF804FC4590542054181973050
:10D4E800FF1FE780407D2A8905CD2AC62318010041
:10D4F800EF808FC259052319A1006146814528088C
:10D508009779FF1F938989D14ACAEF40FFD5230233
:10D51800810203A48900058819E44A85EF801079FF
:10D5280045616F401FD174003008D6855E85EFF0E5
:10D538003FC765F56800EF80FFF7177AFF1F130AEA
:10D54800AA0483270A00AA84035B010189CB8947BF
:10D558006397FA00835501025E85EF50A0340355A6
:10D568002102EF700FD719E503552102EF704FE341
:10D578003334A0008347C1021A042C0893F7F7FB41
:10D588005D8C680023068102EF60505BE9576314E5
:10D59800F5028356E1029777FF1F9387E7D59C43EF
:10D5A800139726006176BA979843718F98C3977737
:10D5B800FF1F2385D7D4831721026345F0008547D1
:10D5C8006396FA00B25793F7070CA1FBD247C2043F
:10D5D8000347C102C180BE9426C623186101137790
:10D5E8000703C147631CF70083475102054793F7B8
:10D5F800F707E384E7F2EFB00FD535A89257054453
:10D60800A18393F7F707E37AF4F0630507108347DC
:10D61800C1021307000293F707036397E700EFB00F
:10D628001F838547E31BF5EE8347C10293F7070382
:10D63800F9F3EFB00FE1AA8501460545EF804F8366
:10D648002A84E30C05EC8347C102414793F707039B
:10D658006384E70232478347170093F707F8A3006C
:10D66800F7003247925783461700A18393F7F707CD
:10D67800FD17D58FA300F70003560101B245130B20
:10D68800C4005A85EF80DFE7E24A13069005834716
:10D69800C10283C4EA01918BB384C40213851404C4
:10D6A800569595C35444B3879A0083C7070403C7A4
:10D6B8000600137707F82380E600584483460700DE
:10D6C800D58F2300F700B25703A609008146858B42
:10D6D8001D8EDA85EFD04FA215E9B25783A5090050
:10D6E800484413869406858B56969D8DEFD02F9BC4
:10D6F80011ED83270A0085EBB257054791838D8B7F
:10D708006380E706A1CB09476382E7062285EF908D
:10D71800CF8021B5EFB06FD0E30B85EEEFB02FF3DC
:10D72800E31D85DEEDB5EFB08FF285476309F5009F
:10D738008347C102414793F70703E39FE7FA8355FD
:10D7480021025A85EF50600145D983172102E3551C
:10D75800F0FA6DBFEFB06FCC7D15133515005DD5B0
:10D76800014681452285EF709FF94DB7EFB02FEE46
:10D77800E5B7EF421FAB9774FF1F9384A4AB2685D0
:10D78800EF807FF22A8419E16F40FFAB1305C400D4
:10D7980005468145EFF07FD22285EF801FF8C5B797
:10D7A800EF423FA84111AE842A84930795031307DB
:10D7B80015019306F10005466C0026852306010035
:10D7C800EFD00FC41DEDA68541462285EF407FA806
:10D7D8008347F1009305140226852308F400EFD04F
:10D7E800AFCD05E19777FF1F938707DA9C4389EF51
:10D7F8001306940497F50000938585212685EFD0BC
:10D80800CFD941016F403FA41306940297F5000059
:10D81800938585202685EFD04FD879D9DDB7EF429B
:10D82800BF9E9777FF1F938727AD8043AE84B28949
:10D83800368AAA8AEF804F8B1316250081452285E8
:10D84800EF409FA29777FF1F238A07AA9777FF1FAA
:10D858009387C79C03A4070B13F714003E89230F73
:10D86800E400CE8525C713059408EFF07FF301C5C2
:10D8780055556F40BF9C8947A30FF4009777FF1F4A
:10D88800938787D09C4303278900858093B7170027
:10D8980086072300F402231E54019777FF1F23AF46
:10D8A800479785889377B7FF99C09367470017779D
:10D8B800FF1F2329F7962285930700061777FF1F76
:10D8C800230AF79CEFF00FD4014565B7130504034D
:10D8D800EFF01FED45D569BFEF42BF94FD57231008
:10D8E800F500231105002312050023130500130674
:10D8F800200481452105EF403F976F40DF94EF42B8
:10D90800BF904111AA8401441779FF1F1309499F49
:10D918009309A0042EC6EF806F8BB2456344A40020
:10D9280061550DA033053403832709003E958357BD
:10D938002500639CB7008357050063989700EFF0B4
:10D94800BFF9014541016F407F8F0504E1B7EF4200
:10D95800BF8B9777FF1F9387E78A9C434111AA845F
:10D968002E84B28903592500C1C39777FF1F83D737
:10D97800A78D639B2707EF702F952A8903D524006D
:10D9880093051002B305B40285472302F1009357AB
:10D998008900A302F10093578500A303F10083D700
:10D9A80044002304A100254613D787002305F1006E
:10D9B80083D76400A304E1004E8513D78700A3052D
:10D9C800E1002306F1001387950093879501A105CF
:10D9D800B386B400A6974C00269723032101EFD005
:10D9E8002FA241016F409F85EF700F8E51BFEF420C
:10D9F800BF814111AA8401441779FF1F1309499077
:10DA08009309A0043AC636C432C22EC0EF701FFC78
:10DA180082451246A24632476344A400615599A044
:10DA2800B307340303250900AA9703D8070003D5D1
:10DA3800C4016310A80495E91DEE91CA03C6E40168
:10DA4800930510023306B60225063E9690C201459C
:10DA580011CB83C6E40113061002B386C602E5069D
:10DA6800B6971CC341016F406FFD03D52700E3053E
:10DA7800B5FC050441BF83C5E40113051002B38555
:10DA8800A502BE9583C585002300B6007DB7EF4289
:10DA9800AFF75C4141112A8403DA2700C167FD17FB
:10DAA800AE843289630CFA002685EF805FA18D472A
:10DAB80063EDA7007D5541016F404FF82E85EF803B
:10DAC8001FA09D47E3E2A7FEF5B75C40268583D5F6
:10DAD8004700EF807F97835584002685EF80DF9687
:10DAE8008D452685EF801F95AA89EFF0CFE09357E3
:10DAF80005012380F90093578500A380F90023814D
:10DB0800A9005840C167FD178345A7006314FA00B0
:10DB180093E505082685EF80FF959767FF1F938794
:10DB2800676E9C430840D9CF8347B400858BD9CB17
:10DB380078003400130671008145EFF05FEB1DC9D2
:10DB48008347B400184093069005F99BA305F40099
:10DB58008347E701B387D702B306F70083C60604F5
:10DB6800A303D1009386170493879706BA96BA97AA
:10DB780036C43EC61764FF1F1304446A1C440C4095
:10DB880026858983858B9D8D834771009E05DD8D54
:10DB980093F5F50FEF801F8E1C44104022458983B2
:10DBA800858BCA861D8EA685EFC01FD5E31505F0A7
:10DBB8001C440C40324689838840858B9D8DEFC07C
:10DBC8001FCED5BD8347B40013079005F99BA30565
:10DBD800F4008347E501B387E7023307F5000347FD
:10DBE8000704A303E10013871704938797062A976E
:10DBF8003E953AC42AC6BDBFEF420FE1032A45004D
:10DC08009307F00FAA840347AA00AE8932843689A5
:10DC18006316F700EFB04FB22305AA00938AC90034
:10DC28000146D6852685EFF09FE62A8A21E51777F3
:10DC3800FF1F130767951843DC4039C383C6A70045
:10DC48000547638FE60283D547005685EF40F030DD
:10DC580005C9DC40839747006354F00201CC1C409F
:10DC680089C74A868145014582975C4081C7CA8534
:10DC7800014582974E85EF805FAA52856F400FDC81
:10DC8800DC4003D54700EF60DFE401E9DC4003D561
:10DC98004700EF60FFF081471DCD19C41C4089C7BC
:10DCA8004A868145014582974E85EF805FA6AA8501
:10DCB8001765FF1F13050558EF80BF9C11C45C4012
:10DCC80081C7CA85014582971765FF1F1305C5558A
:10DCD800EF60B03A8547D84085460346A700E30B76
:10DCE800D6F8031747006353E000C9F74A86A285B0
:10DCF8004E85EF70DFA0BDBFEF420FD1AA8401446B
:10DD08001769FF1F1309C95F9309A004130A95082F
:10DD1800EF70DFCB6344A400014535A0330534031D
:10DD2800832709003E958357250099E30504CDB75D
:10DD38000357050083D7C401E31AF7FE52868545C9
:10DD4800EFF0FFC065D56F406FCFEF42EFCBAA84ED
:10DD580001441769FF1F1309A95A9309A004EF701A
:10DD6800FFC66344A4006F406FCD33053403832797
:10DD780009003E958357250081CF83570500639995
:10DD8800970093059502130610022105EF406FCC0A
:10DD98000504F1B7EF42EFC80347E5012A8483473A
:10DDA800F5016307B70089E781452E856F40AFC944
:10DDB800230FB400054781C9E398E7FE8947A30FFD
:10DDC800F4008545DDB7638BE7020947E39FE7FC6D
:10DDD8002285EFF0AFA59767FF1F9387A7429C4363
:10DDE80099E79767FF1F9387A72B9C4389C703551C
:10DDF800C401EFF09FF5A30F0400E1B755D6C9BFE2
:10DE0800EF428FC0EFA0DFF585476312F508EF807A
:10DE18000FD41764FF1F130424771C4081CBEFB085
:10DE28000F8389476304F5001C4082979767FF1F9B
:10DE38009387473D9C43B9CF82979767FF1F938786
:10DE480027269C4391C382971764FF1F1304043D40
:10DE58008327040B83D4C701EF601FC78327040BF4
:10DE6800AA85144003C6E7011C448983858B99C39E
:10DE78001366260026854169EF40A0428144D949AE
:10DE88007D19EF709FB963CAA4006F402FBBEF8064
:10DE98002FD141B7EF70FF914DB7B38734030327F4
:10DEA800840ABA9703D527006308250103C64701EA
:10DEB80083D50700EF4080408504E1B7EF42CFB437
:10DEC80001449764FF1F938464351309400EFD597C
:10DED800EF709FA2634FA40401449764FF1F9384CB
:10DEE800E43313098002FD59EF701FA2634CA404A8
:10DEF80001449764FF1F938464325949FD59EF70B8
:10DF0800DFB1634AA40497F5FFFF9385C50A176537
:10DF1800FF1F13056538EF60900B97050000938588
:10DF280085851765FF1F13052530EF6010096F40C1
:10DF3800EFB03307240383A7040B0504BA97239E85
:10DF4800370179B73307240383A7C40A0504BA97AE
:10DF58002390370151BF3307240383A7840A05049C
:10DF6800BA972391370161BFD441038735008547AC
:10DF78003356F5026377E600A54899E72380060043
:10DF88008280B387E702EDB73358F502038735007F
:10DF98003375F502B3D7E7021307000363DA080104
:10DFA80003C6050013077003118A19E213077005E9
:10DFB80085064297A38FE6FEC9B718451C416376CC
:10DFC800F7005C41BA972380B7001C4585071CC53C
:10DFD8008280EF420FA54111AA872E85B285368629
:10DFE80036C6829763480500B246158D3335A000C2
:10DFF8003305A04041016F400FA5EF42EFA005692E
:10E0080041112A8A2320060001448149976AFF1F8B
:10E01800938A8A31056B7D1932C62EC4EF70DF8E64
:10E02800AA84EF707F8D2695A24532466346A400E8
:10E038004E8541016F408FA003A70A009317140073
:10E04800BA9703D707003377670101E71CC20504B5
:10E05800E1B703D707009356D700858AE39946FFAF
:10E0680033772701E315B7FEBE89D5B7EF426F9B1B
:10E0780001112EC6B2843689EFB00FF52A84615596
:10E0880001C8B24589E9232E040023200402014572
:10E0980005616F404F9BA1463008CA852685EFF081
:10E0A8005FF37DF5835781010357A101231EF40017
:10E0B8008357C1012310E4022311F4028357E101BD
:10E0C800D207D1832312F4028357E1011397370152
:10E0D80063560700FD57231FF4005DBF231F04008C
:10E0E80045BFEF426F921764FF1F13042413832761
:10E0F800040B03D7C701C167FD17630EF7109767B5
:10E10800FF1F9387A7489C4381C70545EF40407C84
:10E11800C1690149930A400EFD19176BFF1F130BC4
:10E12800AB46EF706FFD634BA90E1767FF1F0347E0
:10E1380067169307F00563E4E702EF70EFF69305BF
:10E148000006B3C5A502B7F73600938707E8176539
:10E15800FF1F13056514B385F502EF6060738145F1
:10E168001705000013058520EF700F87EFB0CFE586
:10E1780001CD0357C50109CB0357E50111C78347F3
:10E18800050299C3EF60606FEFB04FE531C51767BF
:10E19800FF1F0347E71C9767FF1F9387671C0DCF77
:10E1A80003C717002304E50003C72700A304E500FD
:10E1B80003C737002305E50003C74700A305E500AB
:10E1C80003C757002306E50003C7670083C7770026
:10E1D800A306E5002307F5001C4493E7170017671B
:10E1E800FF1F2321F7045C4085E7EF702FF90DC16D
:10E1F800EF70CFF844402A89EF704FF833F5A40246
:10E208005C40FD17CA97898F1767FF1F232AF700FD
:10E218000145EF70BFA801456F404F82B304590311
:10E228008327040BBE9483D7C40163883703138AFA
:10E238000403D2855285EFF0AFD605E183C7F40118
:10E2480099CF938594082E85EFF08FD509C91306C9
:10E25800900581455285EF402F810509D9B583275F
:10E268000B00268593B7170086072380F402EFE09A
:10E278007FB9E5B7854763F8A7009307F5FFBE9513
:10E288003305A040E98D2E8582809841C167BA97F1
:10E2980013D707016304A7009CC182804207998FA6
:10E2A800E5BFEF321FF841112EC63284B684EFB0B5
:10E2B800EFD2E15701C9B24591E99767FF1F238162
:10E2C800070A81473E8541016F30FFF79D46176673
:10E2D800FF1F1306F608A6852285EFF09FCFAA87B1
:10E2E80075F105479766FF1F238CE606E1BFEF32FD
:10E2F800BFF1411191E99767FF1F23A307F201447A
:10E30800228541016F309FF3B68532858D467000B6
:10E31800EFF03FCC2A846DF58347D1000347E10035
:10E328001769FF1F130989EFA2074207D98F03470F
:10E33800C100D98F1767FF1F2324F7EEEF700FE492
:10E3480061D1EF70AFE383244900AA89EF700FE32E
:10E3580033F5A40283274900FD17CE97898F1767E5
:10E36800FF1F232FF7EA69BFEF32BFEB1C45AA84D2
:10E3780091CFD84B01CF83D7470089CBEF60DFA07F
:10E38800AA8509C588446105EF6080509767FF1F1B
:10E39800938747E79C43014489EF6F30DFEA9C4845
:10E3A80013171400BA9703D5070019C1EFE04FD02F
:10E3B8000504EF706FD1E344A4FEC5B7EF327FE6E2
:10E3C800011185E9EF609FE801449767FF1F23A3C8
:10E3D80007EE9767FF1F23A107EE9767FF1F23AF7D
:10E3E80007EC9767FF1F23AD07EC228505616F30A7
:10E3F8009FE5B6873285C9467000BE85EFF07FBDC0
:10E408002A8465F541469305E1001765FF1F13054A
:10E4180065EAEF301FE40355C100EF60AFE6F1B7DE
:10E428008DE19767FF1F23AB07DE9767FF1F938771
:10E43800E7DE9C470145ED9B1767FF1F2324F7DEA6
:10E448008280EF321FDE4111B68532859546300055
:10E45800EFF03FB815EDA2471767FF1F2320F7DC41
:10E468009767FF1F938787DB9447B24713F7B6FF79
:10E4780013F6170019C213E74600858393F7F707C9
:10E488009766FF1F23A0E6DA1767FF1F2304F7E04C
:10E4980041016F305FDBEF323FD703841500DC4169
:10E4A8002A89AE8485070387F7FF19C36340800C68
:10E4B8008387240091C7635580007D1462046184BA
:10E4C8009C40370700FF0907F98F37070010090735
:10E4D8006392E70A6355800079146204618483C7F4
:10E4E8000400858B95E39379F40F4E8A93178A017C
:10E4F800E187634AF008A2876353040081473384A5
:10E50800F9407D14620461848385240081C54A85AD
:10E51800EFF0BFAA9C40370700FF0907F98F3707BC
:10E5280000100907639AE706930500034A85EFF090
:10E53800DFA883C7040093058005918B99E39305B1
:10E5480080074A85EFF07FA783C70400858B81CBBE
:10E558001374F40F93178401E1876347F004C040F4
:10E5680005048305F4FFA1E96F305FCD7D146204D3
:10E5780061840DBF370700080907E392E7F6E35007
:10E5880080F67D1499BF930500024A857D1AEFF045
:10E59800DFA2137AFA0F99BF370700080907E39536
:10E5A800E7FA9305000371BF930500034A85EFF06E
:10E5B800DFA07D1471BF4A85EFF03FA055B7EF3259
:10E5C8005FC6EF706FB42A84EF700FB32295894548
:10E5D8000605EFE0AFC6E55711C59767FF1F23A5EE
:10E5E800A7D481473E856F301FC693070002630694
:10E5F800F5005D1513355500828005458280EF32A0
:10E60800BFC04111AA892A89130419008304F4FFA1
:10E6180032C62EC42685EFF05FFDA245324659E189
:10E628009307D0026392F408830404000548130496
:10E6380029009377F6FEC9E793070003639FF40E5A
:10E64800830704001307800593F7F7FD6399E7062E
:10E658008304140041460904B706008063140800C7
:10E6680093C6F6FFB3FEC6028147254F654EFD5F90
:10E6780033D3C602138704FD6368EF06BA8463D5F3
:10E68800C408630DF5017D55636AF3006394670060
:10E6980063C69E000545B307F602A69705048304E2
:10E6A800F4FFC9BF22898DB79307B0020148E392EE
:10E6B800F4F8830404002A88130429009DBF01CAC2
:10E6C8008947E31BF6F893070003E397F4F88307F9
:10E6D80004001307200493F7F7FD639BE704830402
:10E6E8001400094609048DBF13E704021307F7F95C
:10E6F800636CEE009388F4FB1307700363741E01C8
:10E7080013077005998CA5BF7D576300E502630464
:10E718000800B307F04091C519C19309F4FF23A07D
:10E7280035013E8541016F307FB1B687FDF5D5BF14
:10E738009304000315F2214605B719FE294629BF9F
:10E74800EF329FAC011161540DC53284AE89414648
:10E7580081453689EFF0BFEA93140501C180639EB5
:10E7680009002685EF30F02F014401C58145EF20CF
:10E77800901D228505616F307FAC2285CD467000E3
:10E78800CA85EFF01F852A846DF52685EF30702D38
:10E7980009E90356C1008345E1012685EF2090125F
:10E7A80001C941469305E1001105EF309FAAD1B791
:10E7B8005D54C1B7EF325FA50111E15401CDB284B8
:10E7C800AE89414681453689EFF07FE32A84639715
:10E7D80009008144268505616F305FA62685D146EC
:10E7E8007000CA85EFF0EFFEAA846DF58357C1006B
:10E7F800EDD3EF70AF974205931704014181C183B0
:10E8080063F9A702EFB0AFBC4204E147418033048B
:10E81800F40241460C082A9413054400EF307FA304
:10E828008357E1002311F4008357C1002310F4003B
:10E8380055B7E55445B7EF323F9D7971E15415C599
:10E848003284AE8941468145B684EFF05FDB131907
:10E85800050113590901639E09004A85EF40F069D3
:10E86800814401C58145EFB04FB7268545616F30BA
:10E87800FF9CA6859306300270002285EFF06FF5A5
:10E88800AA8465F54A85EF4050672A8411E54A85D0
:10E89800EFB02F932A8431C58357C1002311240177
:10E8A800930964002310F4008347E1009305F10005
:10E8B80041462302F4004E85EF30BF9913097401D5
:10E8C80041469305F1014A85EF30BF9893055400FE
:10E8D8004E85EFC08FC4930564014A85EFC0EFC32E
:10E8E80069B7DD5459B7EF323F92797111E5E154B8
:10E8F800268545616F309F94B284AE894146814533
:10E908003689EFF0DFCF131A0501135A0A01528531
:10E91800EFE0EFCA2A846398090071D98145EFB006
:10E928004FBA8144F1B72685930610027000CA8554
:10E93800EFF02FEAAA844DFD31C8B2479305D10004
:10E948004146858B230FF400B247130504038583E2
:10E9580093F7F707A30FF400EF30BF8F41469305F5
:10E96800D10113059408EF30DF8E59B733046903DA
:10E9780083A70A0B3E948357C401638337030509B1
:10E98800EF609FF7E344A9FEDD549DB7C1690149D3
:10E99800976AFF1F938A8A88130B400EFD19CDB71B
:10E9A800231E440159BF49CDEF321F864111B28958
:10E9B800AE8441468145368AEFF07FC4931A05013B
:10E9C80093DA0A010149176BFF1F130B2B85EF60C0
:10E9D800BFEA634AA9000145ADCC81441769FF1F0E
:10E9E8001309C98381A883274B0B131439003E945C
:10E9F80083570400638857050509D1BF8327490B4E
:10EA0800139434003E948357040085E7231054017F
:10EA180091467000D2854E85EFF0AFDB1DE9B24715
:10EA280013978700E1832183858B58C02301F40065
:10EA38000DA08504EF605FE4E3C2A4FC5D5511A856
:10EA480061558280F1F4214681452285EF30DF81CE
:10EA5800014541016F308FFE1971D2C4130AC106F6
:10EA680086CEA2CCA6CACAC8CEC6D6C2B6D6BAD890
:10EA7800BEDAC2DCC6DE52C463810524FD151C1053
:10EA88002ACC2ECA02CE3EC89304B0021549A94921
:10EA980083050600130416009DE1F2465247E2473B
:10EAA80063FBE620B697238007007245F64066446C
:10EAB800D6444649B649264A964A09618280930750
:10EAC80050026386F5004808EFF02FCFF5A883576A
:10EAD800C10023070100014593F7C70F2316F10072
:10EAE800814501480147014681469308D002130336
:10EAF8000003130E300205048307F4FF99C7638CE3
:10EB0800970463C3F404638BC70501CA0346C100B5
:10EB1800858A799AD18E2306D10063090800834635
:10EB2800C100098BF59A558F2306E10019C1230707
:10EB3800B100138707FD1377F70FA54663E2E606D2
:10EB48008146A545294535A0E38717FBE39F67FA6A
:10EB58000546FD564DB70545854571BF05487D57A6
:10EB680059BFB386A60205048307F4FFBA96E206E6
:10EB7800E18613F7F70F130607FD1376F60F63E523
:10EB8800C500138707FDF1BF1306F7F91376F60FD3
:10EB9800636EC902138797FAE30537FDA306D10010
:10EBA800130790066385E704634BF7061307800590
:10EBB8006384E70A6345F702E38107EE130750020F
:10EBC80093055002E381E7F02286D9B51307F7FBD6
:10EBD8001377F70FE364E9FC138797FC75BF1307F6
:10EBE80030066386E70A13074006E39FE7FC032520
:10EBF8000A00A947A307F100930A4A0063580500D1
:10EC08009307D0023305A0402307F1006C00EFF012
:10EC1800AFB56C004808EFF01F88568A75B7130720
:10EC28003007638EE7066341F7021307F006638E29
:10EC3800E70413070007E399E7F80347C1001367E0
:10EC480027002306E10009A813075007638BE70292
:10EC580013078007E39AE7F6938787FA414793B744
:10EC68001700A307E100139727008347C100ED9B16
:10EC7800D98F2306F100930A4A006C0003250A0085
:10EC880079B7A947A307F100FDB7A147E5BF8305F9
:10EC98000A004808930A4A00EFF02FB2BDBF832745
:10ECA8000A006C0048083EC8EFF0EFFE1C10930AFB
:10ECB8004A003EC89DB7BA97FDB30145C5BBEF32C0
:10ECC8004FD62A88368583464800BA8703475800B6
:10ECD800A206D98E328717E60000130626D689E5E4
:10ECE80017E60000130646D6BE85EFF0FFD66F3054
:10ECF8008FD59757FF1F938727669C4381CFEF32A5
:10ED08004FD2D843B2862E861847AA853E850297E9
:10ED18006F306FD361558280EF32AFD083570500D3
:10ED280039712A84231EF100834745009305650045
:10ED380041461305F101230FF100EF308FD1930500
:10ED4800740141461305F102EF30AFD08356240019
:10ED580017E60000130686D7E5450A85EFF0DFCFF2
:10ED68006C08130630020A85EFF0BFF821616F3096
:10ED78008FCDEF320FCB39712A84930505034146B5
:10ED88001305D101EF30EFCC9305940841461305E4
:10ED9800D102EF300FCC8347E4010347F4018356D7
:10EDA800C401858B0607D98F17E600001306C6D263
:10EDB800E5450A85230EF100EFF01FCA6C0813061B
:10EDC80010020A85EFF0FFF221616F30CFC7EF32F2
:10EDD800AFC337040001B70400FF0111814A175976
:10EDE800FF1F1309A9437D149389F4FF17EA000054
:10EDF800130A0AD3EF605FA863C5AA0005616F30E4
:10EE0800EFC38327490B13973A003E978347370090
:10EE180095CF5C43A30107005286B3F6870082476B
:10EE2800E5454800E58FD58F3EC083462700B3F7F8
:10EE38003701858AE206D58F835607003EC0EFF07A
:10EE4800BFC111468A854800EFF0BFEA850A5DB761
:10EE5800EF322FBD01468145EFF0BFE96F30AFBEFD
:10EE680083576500638E071A1D71A2CCA6CACAC84B
:10EE780086CECEC6D2C4D6C2DAC05EDE801013F704
:10EE880017003289AA8431CBF99B2313F500EF6070
:10EE9800BFA206053D0541990A8BC16A3301A1400D
:10EEA8008A8B8149014AFD1AEF601FA1634CAA0CA5
:10EEB8007947930604FB17E60000130666C5CA8562
:10EEC8002685EFF0DFDF638F090C13961900DE85C6
:10EED800130504FBEFF0FFE15A8183D7640013F7B1
:10EEE800270021CBF59B2393F400EF60FF9D0605D7
:10EEF8003D0541998A8A3301A1400A8B8149014A1B
:10EF0800EF609F9C6345AA0A6547930604FB17E6D2
:10EF18000000130666C0CA852685EFF05FDA6387AE
:10EF2800090A13961900DA85130504FBEFF07FDC54
:10EF3800568183D7640013F7470005CBED9B2393D5
:10EF4800F4006547930604FB17E60000130606BDA8
:10EF5800CA852685EFF0BFD69C4481C703D74700F2
:10EF68003DEB130504FBEFF0BFEE130104FAF64086
:10EF78006644D6444649B649264A964A064BF25B49
:10EF880025618280DC4413171A00BA9703D707005B
:10EF98006308570193971900DE972390E7008509C6
:10EFA800050A19B7130504FBEFF09FEA35B79C482B
:10EFB80013171A00BA9703D7070019C793971900B0
:10EFC800DA972390E7008509050A1DBF130504FB9E
:10EFD800EFF01FE8B1BF2314E4FA03D767008326D4
:10EFE800C4FA2146520751832315E4FA370700F083
:10EFF800758F9447930584FA130504FB9206918252
:10F00800558F2326E4FA83C7770013F70701834750
:10F01800F4FABD9BD98FA307F4FAEFF09FCDB1B7EF
:10F028008280EF328F9D1754FF1F1304241F04445E
:10F03800797193F7F4FB1757FF1F2325F71E93F7F2
:10F048000404A1C78588A1E097E90000938949AD28
:10F05800EF609F8263DBA4028327440B139934007B
:10F068003E998356090091CE4E86E5454808EFF053
:10F07800BF9E4808EFF0DFDD214681454A85EF3025
:10F08800AF9E8504F1B7EFF09FD41C4413F7F7F750
:10F098009756FF1F23A8E61893F707086397071EDC
:10F0A8001C4413F7F7EF9756FF1F23ADE61613F727
:10F0B80007106318071E18449377F7DF9756FF1F4A
:10F0C80023A2F6169376072095C6058B630A0720B8
:10F0D80018408983858B3ACA0347840715464C082C
:10F0E8000607D98F17E50000130545A0230CF1008A
:10F0F800EFF03FC01C4413F7F7BF9756FF1F23A339
:10F10800E61293F707408DC3835744000D464C0819
:10F11800231AF1008357640017E500001305459D85
:10F12800230BF100EFF0FFBC1844FD749387F47FC4
:10F13800F98F9756FF1F23A7F60E9317470163DF32
:10F148000700EFA06FE819C98356C5016391061A35
:10F1580017E500001305459AEFF09FCF1C447D7713
:10F168007D177D8F9756FF1F23AEE60A1397370149
:10F17800635A0702858B6388071CEFA02FE61DC121
:10F1880018458347E5001D463ACA0357C5004C0891
:10F1980017E500001305C596231CE100230DF100B7
:10F1A800EFF03FB51844F977FD17F98F9756FF1F11
:10F1B80023AAF6069317270163D907008145170587
:10F1C8000000130525CAEF602F811844E177FD1769
:10F1D800F98F9756FF1F23A7F6049317070163D3E8
:10F1E8000702EFA0DF9E2A84814417E90000130973
:10F1F800A991EF60AFF7939704014205C18341815C
:10F2080063EAA71445616F30CF8283A70A0093147D
:10F218001900BE9483D7040033F767011DCF1396F6
:10F22800170133F77701B3F637016352060417E67F
:10F2380000001306A68909E717E600001306C68929
:10F24800E5454808EFF05F814808EFF07FC083D7B5
:10F258000400B3F747012390F4000509EF60CFEAF3
:10F26800AA84EF606FE92695E341A9FA15BD3685B2
:10F2780019C7EF40804861DDEFF01FAAC9BFEFD082
:10F288001FB471D5EFF0FFAED9B785697D7A014912
:10F29800975AFF1F938A4A09056B896BFD197D1AD6
:10F2A80075BF858B9DC7EF503F82231AA100414649
:10F2B8009755FF1F9385050013056101EF207FF91E
:10F2C80049464C0817E500001305C581EFF07FA2F9
:10F2D800DDB317E500001305E580EFF07FB7E1BB6C
:10F2E80017E5000013058580EFF09FB621B5035799
:10F2F800E501C17785073E978357A101FD141337B0
:10F3080017003207E58FD98F231DF100231AD1008A
:10F3180083560502035725022146231BD100231CCF
:10F32800E100035745028566FD16758FFD76F58F5A
:10F33800D98F4C0817D500001305057C231DF10053
:10F34800EFF03F9B21BD17D500001305657BEFF05B
:10F358003FB089BD5C4813F7E7FF58C8858B89CF54
:10F36800A6864A86C9450A85EFF00FEF8357040041
:10F3780099E70A85EFF0DFAD850461049DBD231A86
:10F38800F100835724009305440041462808231BB5
:10F39800F100EF201FEC51464C080A85EFF07F95ED
:10F3A800E1BFEF221FE885473395A7009757FF1F56
:10F3B8009387C7E69C47411181455D8D9757FF1F8D
:10F3C80023A2A7E69377057085E393576500858B9D
:10F3D800A1CBC167938707887D8D05EDEF600FDBB3
:10F3E8009305803EB305B5021755FF1F130505F4B5
:10F3F8002EC6EF50603FB24519C16349B50085C5B7
:10F408001755FF1F130585F2EF50804841016F2003
:10F418009FE3EF60AFD72A84EF604FD8E360A4FC86
:10F42800EF60CFD775BF0145EFF0BFBFC5B7EF227B
:10F438005FDF7971AA8601441759FF1F130909DE96
:10F4480036C6EF606FC3B246635CA4028327490BDC
:10F4580093143400BE9483D704006396D70285C6FC
:10F4680017D600001306C66BE5454808EFF0CFDE57
:10F478004808EFF0FF9D214681452685EF20DFDE15
:10F4880045616F205FDC050465BF19C223200600B3
:10F49800814701C59306D00389E53E8582808505AD
:10F4A8000505838705000307050099CF6394E700E6
:10F4B800E397D7FE8147D5B79306D0038547E30E78
:10F4C800D7FC93371700D1BF9307F002E316F7FE76
:10F4D800854761D6050508C2C9B799C123A00500AB
:10F4E80081470DC11308D0031306F0023307F50056
:10F4F8008306070081CA638706016397C60099C11E
:10F50800050798C13E8582808507CDB731C9EF22AE
:10F51800DFCE41112E8A6C002A89368BB28A97D4A5
:10F5280000009384A453EFF05FFB2A8C0144A68962
:10F53800B14B88406286CA85EFB0E06C01ED0E04DD
:10F548004E945C403245DA865686D28582974101D0
:10F558006F203FCE0504A104E31D74FD6155C5BFAE
:10F568007D55828099E561558280615505616F20DE
:10F57800FFCCEF227FC92E8A2A8401118145B284EB
:10F5880052854146BA893689EFF06F879315050190
:10F59800C1811376F50FA1812285EF50BFBF2A8460
:10F5A80069D552854C08EFF05FF3524A2A8BE30E77
:10F5B8000AFA2A8697D50000938585555285EFB0BB
:10F5C8008064AA8A0DED7D5AEF600FAF63C5AA006B
:10F5D80099E8014561BF5C4413971A00850ABA97F8
:10F5E80023904701D5B74C442EC6EF60EFACB24527
:10F5F800131615004E850299E34DA0FC85BF5A8667
:10F6080097D50000938545515285EFB0C05F0DE155
:10F61800032A0401EF604FAB13161500814552858C
:10F62800EF209FC4DDD40C482EC6EF60EFA9C1B708
:10F638005A8697D500009385654E5285EFB0A05C39
:10F6480041E11C44A5CF81ECD443370700E0758F16
:10F658009447D8C33707001F758F98C701BFA146C5
:10F668003008CE854A85EFE0DF96E31105F01844AF
:10F67800835781017D762312F7008357A101939662
:10F68800470183576700D182F18FD58FF2467D7687
:10F698007D16F182858AB206F18FD58F2313F70084
:10F6A8008347E1018356C1012305F7008347B7006B
:10F6B8002314D700FD8BA305F7004DBD7D557DB5FF
:10F6C8005A8697D500009385E5385285EFB0A05348
:10F6D800E31D05E81C4CE38A07E89C43E38707E839
:10F6E800CE864A86A6852285829749B5EF227FB3C2
:10F6F8003687B2862E86AA850545EFF0BFE66F20CD
:10F708009FB4EF221FB23687B2862E86AA8501459E
:10F71800EFF05FE56F203FB3EF221FAF411199C1B2
:10F7280023A005009757FF1F938707C28043814492
:10F738001DC82E89AA8931141DC40C4070004E853D
:10F74800EFF0BFD419CD81E8A284630C0900B24759
:10F758002320F90039A08C4008400146EFF0FFD281
:10F7680065F5404869F8268541016F203FAD18418D
:10F7780011CBEF221FABAE873E85B2853686029746
:10F788006F207FAC35558280EF22BFA98357C50013
:10F7980013D70501C205B387E7021841C18148495B
:10F7A800BA95BE95EFF0BFFC6F20FFA9584111CB69
:10F7B800EF223FA7AE873E85B285368602976F2037
:10F7C8009FA835558280184509CBEF229FA5AE87A3
:10F7D8003E85B28502976F201FA7355582805C450C
:10F7E80099C7EF221FA42E8582976F20DFA5355574
:10F7F8008280EF227FA183290500035AC5002A844D
:10F808004849AE848145EFF09FFD2A890DE193D5E3
:10F818000401B38545030356C4004848CE95EFF06C
:10F828009FFA2A8909E548488545EFF05FFB4A8534
:10F838006F20DFA0EF225F9D2A890441035BC5008A
:10F84800484979712E848145B28A368AEFF03FF9AA
:10F8580041E193590401B389690342044180269424
:10F86800A29903440901330480403374440111CC44
:10F8780003254901A2865686CE85EFF03FF3AA8478
:10F8880031E1330A8A40A299A29A8144630C0A02A0
:10F898005286D685080803244901EF209F9B83469A
:10F8A80009011C089305F00F33864641338547014B
:10F8B80036C6EF207F9BB2461008CE852285EFF032
:10F8C800FFEEAA84032549018545EFF05FF12685FF
:10F8D80045616F20BF96EF22DF942E864C41A146EA
:10F8E8002A84EFF03FF5AA8403450401A145EFE01F
:10F8F8007F985C403385A74048C026856F20BF9419
:10F90800814797D60000938666126393C70082806A
:10F918003387F500034707008507398D13574500DE
:10F928003697034707001205398D1375F50F1357DE
:10F9380045003697034707001205398D1375F50FF3
:10F94800E9B7EF221F8E2A84AA851D461305F00FFA
:10F95800EFF01FFB834774003385A7403335A000C1
:10F968006F207F8EEF22FF8B4111A1463000EFF010
:10F97800BFE109ED03578100C167FD17054563170E
:10F98800F7002800EFF0FFFB3335A00041016F209E
:10F998009F8BEF227F87AE848C4141113684A1462C
:10F9A8002A89034A0501EFF03FDEAA8921ED528535
:10F9B800A145EFE03F8C9C400357C9002A8AAA97CB
:10F9C800939607019CC0C182098F639DE602C165B9
:10F9D80013D70701B385B74011E78355E900FD1533
:10F9E800C205BE958CC01DC05C404177AD8FF98FB4
:10F9F80091EFF98D8CC05C403E9A420A135A0A0175
:10FA0800D2958CC04E8541016F205F83A1460A863E
:10FA18004A85EFF07FD7AA8975F50A85EFF07FF25E
:10FA280009C5832749009CC0F1BF0357C900835704
:10FA3800210080403307474163DBE70033FA47037F
:10FA480063170A004177798C3E9480C065BF0345EF
:10FA58000901A145417AEFE0FF81098CAA8A80C09B
:10FA6800337A4401417B63648A00814961BFA146BE
:10FA78003000A2854A85EFF03FD1AA8941F52800D8
:10FA8800EFF03FEC11E98357A1000357C100337A27
:10FA98006A0180C0BA973E9A33045441E9B7EF220D
:10FAA8004FF82A84AA851D461305F00FEFF05FE58D
:10FAB800A303A4006F202FF9EF222FF42A84034513
:10FAC80005015D712E8AA145EFE0CFFA5C402A8BD3
:10FAD8000355E4004179B3F727016C003EC6EFE017
:10FAE800CFFA8355C400B247A1463008BE95B38506
:10FAF800654122852EC8EFF03FC9AA84634B0500F3
:10FB08002808EFF01FE411C9B2452285EFF07FCE37
:10FB1800AA84268561616F20CFF1C2470357A101EE
:10FB2800C17C338B6741B3F72701BA973EC881463A
:10FB380010100C082285424CEFF0BFE5AA8471F939
:10FB48000810EFF01FE025ED5C403ECAD286301069
:10FB58004C0822855249EFF0DFE3AA845DF944405E
:10FB6800638C240103578102835701026316F7004F
:10FB78002810EFF01FDD01C5D247E399F4FC6310AC
:10FB88002C058357410285CF83572102B37B9C0103
:10FB98000810BE9B1C442311F102EFF05FF083496B
:10FBA8000401835A4102B309304193F90902639B66
:10FBB8000A000C102285EFF01FD2AA8439F9E31845
:10FBC8008BF799B74E8963F33A015689CA8610189C
:10FBD800DE852285EFF05FBBAA8405FD6309090075
:10FBE8000C44CA8610182285EFF0DFC4AA840345A6
:10FBF8000401CA85EFE00FE81C443E9508C4E39A67
:10FC080004F0B38A2A41CA9B5DB7EF22EFDF4111A6
:10FC180091E5FD54268541016F204FE2C44983D701
:10FC280025014CC904C12316F50003C705012A8420
:10FC38002317E50003C515019316070113070002F2
:10FC48002308A400C182E366A7FCE1D7B3E4F40269
:10FC5800E9F08547E3FFD7FAA145EFE0AFE1AA89CC
:10FC6800014A01498357C400931509012285BE95AD
:10FC7800B38535412EC2EFF0FFCE19ED0355E400F0
:10FC88004C00050AEFE06FE09245420A2285135ABC
:10FC98000A01EFF03FCD09E905098357E40042095D
:10FCA80013590901E360F9FC8357E40063944701A1
:10FCB800D1548DB7639427039245A1463000B3858C
:10FCC80035412285EFF05FAC35E12800EFF07FC7C2
:10FCD80011C50355E4004C00EFE02FDB9247C17AD1
:10FCE8003387374158C04177F98F1CC44C401C44B6
:10FCF80063EEF500A14630002285EFF0FFA81DE570
:10FD08002800EFF01FC4032A44001DC15C400355BE
:10FD1800E4004179B3F727014C003EC2EFE0EFD68B
:10FD280092452285EFF01FC4635C0502AA84DDB505
:10FD380012450359A100035BC10033F5AA002A99B3
:10FD480003450401DA85EFE0EFD24A9508C463144D
:10FD5800450163140B04330A3A412322440179B75D
:10FD680009C58547A308F40075B54C402285EFF016
:10FD78005FA84DFD48408357C40086093375A90024
:10FD88003E953305354148C03375250108C4814582
:10FD98002285EFF07FD271D551BF4D5541BF8347C2
:10FDA8001501D1CFEF226FC52A8403450501411102
:10FDB8002E8AA145BA893689328BEFE0AFCB8357BB
:10FDC800C4000605898F7D5563E827075C40814498
:10FDD8003EC2814630004C002285924AEFF07FBB3C
:10FDE80021ED835B810063994B012800EFF07FB51B
:10FDF80001E58504C204C18058409247630BF702AD
:10FE0800E3F999FC8356C10061559DC663E6340346
:10FE1800C175B3FABA006373D900CA868355A100C5
:10FE28005A862285D695EFF03F9619E50355C1000D
:10FE380021A06155E3884BFD41016F208FBF4955D3
:10FE48008280EF220FBE0147EFF07FF56F20AFBF32
:10FE5800EF222FBD3284B2862E8683554500084195
:10FE6800EFF03FFE635385002A8422856F20AFBDE3
:10FE7800EF222FB8834715015D71C954A5CB834D77
:10FE880005012EC62A84A1456E853689328AEFE09F
:10FE98006FBE0D473307E5028357C400AA8BFD5494
:10FEA800998F63E527056304090063010A045C4030
:10FEB8003ECE814610106C082285724DEFF07FAD62
:10FEC800AA8945ED8357010232476397E700081076
:10FED800EFF03FA7630705145840F247E31BF7FC10
:10FEE8008144631B090019A0814499E72685616153
:10FEF8006F20EFB3E35CA0FECA856E85EFE08FB795
:10FF0800014C11C55E95131C0501135C0C01814D54
:10FF1800417B130D4400FD5C8357E4006381B711F6
:10FF28001C4454403307FC0063EBE60432472315B6
:10FF3800F1022810FD572314E10223162103230799
:10FF4800F102EFF0DFB5630909000C44CA86528656
:10FF58002285EFF03F8EAA8903450401CA85EFE0A8
:10FF68006FB11C443E9508C4639909002C10228582
:10FF7800EFF07F96AA89CA8435D9CE8485BF6146B9
:10FF8800A28508189710FF1FE78000E24440035538
:10FF9800C400A145B3749B00AA9403450401B3842B
:10FFA8007441EFE02FAD3385A44048C00355E40009
:10FFB800EA85EFE08FAD5C400C182285B3F7670146
:10FFC8001CC4EFF07FAFAA8415F103450104A145D5
:10FFD800850DEFE02FAAD2572314910323160102AF
:10FFE8003387A7002315E1020357C103B3F767015D
:08FFF800BA97898F28103EDA48
:020000021000EC
:10000000EFF07FAA2C100818EFF07F8DAA8403551B
:10001000E1034C18EFE0EFA7D257B3F767013EDCDE
:10002000E38004F0C1BDC154F1B583574102E3013F
:1000300009ECE39727EDC177034C0401B377FD008A
:10004000035D2102330C8041137C0C023E9DD28A59
:10005000CA8C628B63F38C01668BDA861018EA8592
:100060002285EFF0EFF2AA84E31A05E85A860C180D
:100070005685EFA05013AA84E31405E8B38C6C41B5
:100080005A9DDA9AE3970CFCB5B5EF220F9A814698
:100090000146EFF07FDE6F208F9B638C050EEF2211
:1000A0004F965D71054D19C213BD16000359050227
:1000B000B68B328B05094209135909012E8A2A840D
:1000C000CA89216C930A8500E15C9304F9FFC2049C
:1000D000C180638F84059306A0045000A6855685D1
:1000E000EFF0BFD66357050063139501A6892689F3
:1000F000E9BF9C083E95230A05FA4C005285EF2083
:100100002F9875F563040D088357040263959708CB
:100110009387F4FF2310F402894613060402A165B5
:100120005685EFF07FD56358050661616F20EF902B
:100130000145E31C0DFE0549B1675D55E387F9FEF6
:100140009165CE9593048400C205DE865A86C181EE
:100150002685EFF07FD2630D09005285EFA0302A8B
:10016000AA865286CE852685EFF01FD1E34F05FA89
:100170008357040263FF37032310340389461306B1
:100180000402A1652685EFF03FCF25A0A68901498D
:1001900065B77D558280A6855685EFF01FEFE34653
:1001A00005F89165FD15CA95C205C1815685EFF028
:1001B000DFEDE35CA0F601458DBFEF228F84035491
:1001C0000502916A1D71050442042A89AE894180A5
:1001D000A16B130A8500FD1A130B05029304F4FFAB
:1001E000C204C180639D7405916B2164130A890068
:1001F000850B170C0000130C6CC68357090293047F
:100200001400C204C18085076383F40E5E949306D4
:10021000A0045008A68552854204EFF01FC3418018
:10022000AA8A854613067100A2855285EFF0FFC1A8
:100230002A8B634750076347A00626847DBF5694E8
:100240009306A0045008A68552854204EFF0FFBF34
:1002500041802A8C854613067100A2855285EFF0F5
:10026000DFBE634C8003E351A0F883570902E39D8E
:1002700097F69387F4FF2310F90289465A86A16501
:100280005285EFF07FBFA6855285EFF01FE0A28573
:100290005285EFF09FDF268491B7E358A0FCA9B701
:1002A000634BA000A6855285EFF03FDEA285528504
:1002B000EFF0BFDD59B79C10BE9A238A0AFA63910A
:1002C00009022C004808EFF0AFC525D91C4522458E
:1002D00052C62318810074006286DA858297B1BF06
:1002E0000146CE854808EFF0CF9A61FDB9B70145C8
:1002F00025616F109FF4EF125FF39747FF1F9387FD
:1003000027058043814409C42A893114814401E4CA
:1003100026856F10DFF3631809005C4481EF4048C5
:1003200065D83114EDB708400146CA85EFF06F96E5
:100330006DF5F5B78297E5F4AA84D5B7EF12FFEE15
:100340009747FF1F938747018043AA8409EC2685BE
:10035000EFF07FFAAA840144EF508FD2636CA400BF
:1003600026856F10DFEE5C402285A6859C43829730
:100370000040E9BF05041374F40FF9BFEF12FFEA60
:100380000145EFF0BFFB6F109FEC9747FF1F93876E
:10039000A7FC23A0070023A207008280EF12FFE83A
:1003A0009747FF1F9387C7FA23A0070023A20700E0
:1003B000EFF0BFFD6F10BFE9EF123FE741111309E6
:1003C00085002A84EF50CFE7AA854A85EFF07F8425
:1003D000AA8419ED89461306E100A1654A85EFF06C
:1003E000DFA6E177634405008357E1002310F402A0
:1003F000268541016F10BFE59747FF1F9387C7F51B
:1004000090430147B28691EE05E3DC4310C11747E4
:10041000FF1F2323A7F485EF9747FF1F23A0A7F40F
:10042000828036879442C5B7144385E2DC4323209B
:10043000050091EB9747FF1F23A2A7F29747FF1FE5
:1004400023ACA7F0828088C3C1BF14C108C38280D7
:10045000EF12BFDD1744FF1F130444EB2285EFF0BA
:10046000BFF5AA8405E517C900001309A96522850F
:100470009747FF1F23AE27E9EFF01FF89747FF1FAD
:1004800023A827E99747FF1F23AC87EC26856F1029
:100490001FDC9747FF1F83C7E7EC795599EFEF12F1
:1004A000DFD8EFF0BFEFEFF0BFFA11E58547174750
:1004B000FF1F2309F7EA6F109FD98280EF12FFD642
:1004C0009747FF1F9387C7E880432A89BE8419C0D6
:1004D000311415E0D840232A09009307490105E7A4
:1004E0001747FF1F2328F7E61747FF1F2322F7E6CA
:1004F00001456F10DFD50C4003250900EF105FD8D0
:1005000009C94048E9B71CC31747FF1F2324F7E474
:10051000C5B75955F9BFEF125FD197F5FFFF938526
:1005200005B11745FF1F1305E5E0EF40C02AEFF0C6
:100530005FF61725FF1F130565E9EFF03FF86F1011
:100540001FD1EF129FCE8357650093E71700231347
:10055000F5003545EFE07FE56F107FCFEF12FFCC60
:100560008357650093E727002313F5003545EFE037
:10057000DFE36F10DFCDEF125FCB8355C5010111B3
:100580002A840A860145EFD0DFA719C983570500E1
:100590001167D98F2310F5001D45EFE01FE105A07D
:1005A00002478356C40119EF17C6000013064653CD
:1005B000E5454800EFE0CFCA4800EFE0FF8905615C
:1005C0006F10FFC893974601835607007D76D1834D
:1005D000F18EDD8E93D7860093F7F7082310D700AE
:1005E00093E70705A300F70045BFEF121FC421459D
:1005F000EFE0BFDB6F10BFC5EF123FC32145EFE057
:10060000DFDA2545EFE07FDA3145EFE01FDA6F10E2
:100610001FC4EF129FC18355C50141112A84700088
:100620000145EFD01F9E01CD8357050071777D17DF
:10063000F98F2310F5001D45EFE03FD731A0B246FA
:1006400099E62285EFE06FF341016F105FC0835799
:10065000C4017D761397470183D706005183F18F3C
:10066000D98F13D787002390F6009377F70893E785
:100670000701A380F600C1B7EF123FBB2A842545CE
:10068000EFE0BFD201E42945EFE03FD26F103FBC5D
:10069000EF12BFB98355250041112A84700005452A
:1006A000EFD03F9601CD8357050071777D17F98F05
:1006B0002310F5001D45EFE05FCF31A0B24699E66B
:1006C0002285EFE0EFE541016F107FB883572400EA
:1006D0007D761397470183D706005183F18FD98F19
:1006E00013D787002390F6009377F70893E7070363
:1006F000A380F600C1B7EF125FB383552500011147
:100700002A840A860545EFD0DF8F19C98357050073
:100710001167D98F2310F5001D45EFE01FC905A013
:1007200002478356240019EF17C600001306863AC5
:10073000E5454800EFE0CFB24800EFE0EFF105619A
:100740006F10FFB093974601835607007D76D183E3
:10075000F18EDD8E93D7860093F7F7082310D7002C
:1007600093E70707A300F70045BFEF121FACEF5058
:100770006FA111E52945EFE05FC36F105FAD9747AB
:10078000FF1F938727AAC043EF50CF9F3375A40262
:1007900075D1E5B7EF127FA92A84EF506F8F854797
:1007A0006307F500A301F4001945EFE01FC06F10C7
:1007B0001FAAEF129FA7EF50AF8D85476305F50085
:1007C0001945EFE09FBE6F109FA8EF121FA63D4591
:1007D000EFE0BFBD6F10BFA7EF123FA583576500C5
:1007E00093E747002313F5003545EFE01FBC6F107A
:1007F0001FA6EF129FA33145EFE03FBB6F103FA54F
:10080000EF12BFA22D45EFE05FBA6F105FA4EF12A9
:10081000DFA18357250079712A842314F1008347CF
:1008200045019305450041461305A100230DF10044
:10083000EF10BFA28356040017C600001306C61EA1
:10084000D1456808EFE0CFA12C004D466808EFE0E5
:10085000CFCA45616F10BF9FEF123F9D83560500C1
:10086000011117C600001306261CD1456800EFE0F1
:100870002F9F6800EFE04FDE05616F105F9DEF1264
:10088000DF9A01113684B28479478A8617C6000040
:100890001306C61CEFE02FC309C82286A6850A8569
:1008A000EFE0AFC505616F109F9A0A85EFE0CFDAE0
:1008B000D5BFFD571727FF1F230AF7B28280EF121B
:1008C0003F9541112A892EC6B289EF406FBDB245CE
:1008D0001304F9FF2E944DC593170901C187AA840B
:1008E0007D55635CF0024204418093170401C18787
:1008F0006355F0029DC1EF40AF9D636AA4069C441E
:1009000081443E95420541819307F5FFC207C183AB
:1009100063E0270763960900695541016F109F92B4
:100920002390A900D5BF3387640383A78A0A3E9723
:100930008357270063864703835707006362F402E7
:1009400003474701BA97C207C1831387F7FF4207DE
:10095000418363672701E38109FC2390F9006DBFA0
:100960008504EF500F8CE3C0A4FC01457DB78144A2
:10097000416A974AFF1F938AEA8A594B7D1AD5B775
:100980007D5561BFEF127F8A1744FF1F1304849EB9
:100990009744FF1F9384C49E0325C41419CD184D9A
:1009A0002326041411048347870093F7F7FB2304DD
:1009B000F700EF501FD7E31194FE6F105F89EF121D
:1009C000DF861745FF1F130565B0EF30706EEFF03F
:1009D0007FFB6F10DF87EF125F8593054006174599
:1009E000FF1F1305A5AEEF30306B6F105F86EF125F
:1009F000DF837D56B5450145EF401FC86F103F8529
:100A0000EF121F81EF409F8F1744FF1F130484963E
:100A10002320A4142322B41481440D499729FF1FD5
:100A20009389499C0325C41419CD85040146638626
:100A3000240183270415814591E3CE85EF40BFCC87
:100A40001104E39124FF6F10EFFFEF126FFC4111CF
:100A50002A84AE8932C6EFF09FF6EFF05FF929C91C
:100A60009747FF1F9387079183A5C7129304C5007B
:100A70002A892685EF50BFB181452685EF50BFAA50
:100A80009315240093E5350093F5F50F2685EF5077
:100A90009FA93246CE852685EF501FA79747FF1F97
:100AA00023A027A3EFF0DFF5014541016F108FF977
:100AB0006555E5BFEF126FF7AE8495452A84EF5078
:100AC0005FBCA6852285EF501FA66F104FF8EF126E
:100AD0004FF3BD652A84938505A61745FF1F1305AF
:100AE000E5A0EF30705B9747FF1F9387A7AA9C4351
:100AF0009744FF1F93840488268989CBC84019C571
:100B000022868D45EF10303D6F102FF3EFF03FEB55
:100B1000EFF0FFEDAA846555E5D803270900974754
:100B2000FF1F83C7A7999316170163D7060C1307F6
:100B3000F0076388E70085071747FF1F2300F79832
:100B400029A09747FF1F238B07968325C9129389F6
:100B5000C4004E85174AFF1F034A4A96EF503FA331
:100B6000D2854E85EF503F9C8347440051478145D5
:100B7000637CF7009385C7FE93F5F50FDD47B3D58A
:100B8000F502850593F5F50F8A0593F5C50F4E859A
:100B9000EF507F99835544004E85EF507F9C8345ED
:100BA00044000840EF905FFCAA854E85EF50BF9748
:100BB000835544009747FF1F23A49790D14763F3C1
:100BC000B700D145939405010C40C18026864E851F
:100BD000EF509F93A6852285EF50DF8B173BFF1FB9
:100BE000130B4B79814AA14B5D4C8357440085E33D
:100BF000EFF01FE1014509BF1387F7FF1377F70FE8
:100C00009306D00FE3F9E6F2930700F835B7639641
:100C10007A01EFF03FD73955C5BDEFF05FDD110B1D
:100C2000910A09E5EFF01FD66555F9BD83554400DB
:100C30002326AB146373BC00DD459399050183251E
:100C4000C9129304C5002685EF507F94D28526856E
:100C5000EF507F8D93E52A0093F5F50F2685EF5031
:100C60009F8C0C4093D909014E862685EF50DF8971
:100C7000CE852285EF501F828DBFEF120FDB011151
:100C80007C003ECAB70707003ECC81457C0048087F
:100C90003ECEEFF03FE29735FF1F83C5A56E4808B3
:100CA000EF507F88D247480883C717001737FF1FC8
:100CB0002306F774EFF0BFE111E585471737FF1FF3
:100CC0002304F76E05616F108FD8EF120FD6011154
:100CD0007C003ECAB70706003ECC91457C00480820
:100CE0003ECEEFF03FDD4808EFF07FDE9547173747
:100CF000FF1F230BF76A05616F106FD5EF12EFD25C
:100D000001117C003EC083450500B70711003EC2BB
:100D10007C003EC42A8481C50145EFB00FDB8347C8
:100D2000040085450A851737FF1F2309F76CEFF08C
:100D30007FD8EF30FFD8AA850A85EF50CFFE8545D2
:100D40000A851734FF1F1304A47CEF507F811C40D9
:100D50000A8583C5C700EF500FFD1C400A85CC4BA8
:100D6000B335B000EF502FFC1C400A8583C59701B6
:100D7000EF506FFB1C400A8583D5A701EF504FFE53
:100D80001C400A8583C5C701EF50EFF91C400A8556
:100D900083D5E701EF50CFFC82452D461735FF1F65
:100DA0001305D5658505EF104FCB0A85EFF03FD2CF
:100DB00011E589471737FF1F2308F75E05616F109C
:100DC0000FC99717FF1F83C767626387A706EF12D4
:100DD0002FC42A84EFF0BFC1AA8429CD1717FF1FA3
:100DE0000347C7609307F00F8149631AF70097170D
:100DF000FF1F238D875E97C90000938929D89737F5
:100E0000FF1F9387275783A5C7121389C4004A85FC
:100E1000EF50EFF7A2854A85EF50EFF085454A8500
:100E2000EF506FF026850146CE85EF40DF8D268599
:100E3000EF503F8F6F100FC18280EF120FBF79719B
:100E40003C083EC6B70716003EC899453C086800F6
:100E50003ECAEFF03FC641469735FF1F93850556C2
:100E60006800EF506FEA6800EFF07FC605E1973742
:100E7000FF1F938727509C4313971701994763439C
:100E800007009D471737FF1F2300F75245616F107A
:100E90000FBC9387F501FD15FD1703C71700050566
:100EA000A30FE5FEE39AB7FE8280EF120FB8054765
:100EB000411132846304E504AA8719C90947630E06
:100EC000E5060D477D556385E71A41016F102FB880
:100ED00033E4C5007D5575F89737FF1F23A8074EEB
:100EE0009737FF1F23A6074E9737FF1F23A4074EF0
:100EF0009737FF1F23A2074E0145C1BF33E4C5004A
:100F00007D5561F49737FF1F938787608043414980
:100F10009734FF1F9384844B034684014C48330568
:100F2000C9402695EF106FB303468401814526859D
:100F30003306C940EF10CFB3C1B791477D55E3E603
:100F4000B7F897C700009387A7C2BE9583C4050072
:100F5000ADDC1739FF1F1309A95B0327090083576D
:100F6000A701E58FBDD383479701E3E0C7F6973725
:100F7000FF1F938727409C4313971701635807006F
:100F800093E707081737FF1F2326F73EC1476397EC
:100F9000F406A2854800EF90EF89580081441306BB
:100FA0004002A545639B84021C08A697238A07FE7E
:100FB0009737FF1F9387874126864C003E85EF10A9
:100FC000CFA94146058E81452695EF106FAA83274C
:100FD00009004800DC538297CDBD83470700B3F773
:100FE000C7029386770363E4F500938607038504BD
:100FF0002300D70093F4F40F05076DB7914548001F
:10100000EF904F837D141316240017C400001304BF
:1010100064B732941C4092452685B3F5F50293D708
:10102000050113D787009736FF1F2387E63A173746
:10103000FF1FA303F73A1397050141832183939779
:101040008500D98F1737FF1F2319F7389737FF1FF0
:1010500023AE07369737FF1F23AC07369737FF1F9E
:1010600023AA0736832709002EC29C538297B1BD5D
:10107000E3EDB7E497C70000938707B0BE9583C739
:101080000500E38407E41737FF1F13076748184379
:101090008356E701FD8EE38A06E28346C701E3E655
:1010A000C6E29736FF1F9386E62C9042A1459366D1
:1010B00006026394B7009366060418571736FF1F9D
:1010C000232AD62AA2853E85029701B5EF124F94B6
:1010D00041112E89B28935C501462A84EFF02FFED1
:1010E000634F05048144173AFF1F130AAA13D94A14
:1010F000EF403F9363D5A4043385540383278A0AC2
:101100003E9583570500B1E323108500230A25018E
:101110002311350141016F10EF926312450303540F
:10112000E1008504EF40FF8F050563499500130634
:10113000E100CA852285EFF08FF865F145F401459D
:10114000D1BF81440544695AF1BF850455B7EF12F8
:101150002F8C2A84AE89834545010355050001493A
:10116000EFB07FFF834744016341F90263850900C3
:101170002285EFF06FEE23100400414681451305F0
:101180004400EF10EF8E6F10EF8B035504009314A3
:101190000901C180269542054181EFE0CFA90355A1
:1011A00004000509269542054181EF3000480355AA
:1011B0000400269542054181EF30404765B7EF12A4
:1011C000CF861735FF1F13056532EF30606E9737F6
:1011D000FF1F83C7A72289C781450145EFB0EF8E66
:1011E0001734FF1F130404191C401397170163578A
:1011F0000700084401C58145EFF07FF59737FF1FD1
:10120000938747399C4389C7484019C1EF408F8E67
:10121000EFF0EFFA1306801581451735FF1F130510
:101220006515EF10EF84FD571737FF1FA30CF72646
:101230009737FF1F9387872D9C4395C39847239229
:10124000070098C31737FF1F2322F7260545EF90A5
:101250001FC5814711E1C9573E856F005FFFEF1041
:10126000E0459737FF1F23A3A724CDB7EF02FFFB6D
:1012700041112AC6EFF0BFF49737FF1F9387472924
:101280009C439C5F81C7B2450545829741016F0031
:101290001FFCEF029FF98347550085462E878983FF
:1012A0006382D70C91C789466389D7106F003FFAD4
:1012B0009736FF1F9386060C9C42B684139617013F
:1012C000E34606FE83D545003D46E371B6FE8983BD
:1012D000858B2A848DC303A7C6121C41E318F7FC33
:1012E0009737FF1F83C7470CF1F30146814505453A
:1012F000EFF0AFF565BF9737FF1F9387672103A90D
:1013000007000843414683250900EF90C06959FD55
:101310008327490399C3054582971C40BD65938582
:1013200005A61737FF1F232DF7169C401735FF1F03
:101330001305C51B93E747001737FF1F232CF70240
:1013400083A7841398472392070098C3EF30C054B3
:10135000014681450545EFF04FEF9737FF1F238585
:101360000704A9B79737FF1F9387C7009C4393963D
:101370001701E3DD06F203D745000DFB13F78700E5
:1013800001CB93E787001737FF1F2325F7FE39BFEF
:10139000BD9B93E787001737FF1F232DF7FCEFF066
:1013A0000FE29737FF1F9387A7169C43DC5B99C317
:1013B00005458297EFF07F8CD5BD9737FF1F938748
:1013C00067FB9C438983858BE38207EE83D74500C7
:1013D000E38E07EC9C4103C50700EFF03FE9F9B548
:1013E000EF021FE31734FF1F1304C4F81C4013D788
:1013F0002700058B35CF9183858B9304007D81E792
:101400009D6493840453EF307FEF032704148327F4
:1014100044143307E5409D8D3335E500898D93D71E
:10142000F44163C9B7046394F50063E5E4049734B9
:10143000FF1F938424F401440D499719FF1F9389DA
:1014400069FA03A5C4140DC51C4D050483C78700A4
:1014500093F7070499EB01466306240183A704155B
:10146000814591E3CE85EF400FAA9104E31B24FD53
:101470006F005FDD1C409183858B91CB8327C41463
:101480000145DC4703C757008D476313F700254527
:10149000EFF0DFDDF1BFEF025FD99737FF1F9387D2
:1014A00067ED9C434111A307A10013E7070197369D
:1014B000FF1F23A1E6ECC18B99E705469305F100D8
:1014C0000945EFF08FD80347F100A5476314F700F3
:1014D000EFF0FFCE8345F10091C99737FF1F938747
:1014E00027039C439C5F99C30545829741016F0088
:1014F0001FD6EF029FD31734FF1F1304A4E71C402D
:1015000001111397170163570700EFF0DFF805612A
:101510006F00FFD37C003ECAB7070700AA843ECC09
:10152000A5457C0048083ECEEFF0CFD8A6854808F8
:10153000EF407FFF4808EFF08FD91C4093E707107A
:101540001737FF1F2328F7E2D9B7EF021FCE173452
:10155000FF1F130424E283278413BD65938505A62A
:101560009C431735FF1F130565F883C40700EF3050
:10157000A032032584139735FF1F83C5E5F2EF9052
:101580006FE105C91735FF1F0345C5F1EFF07F83F4
:10159000834704131737FF1FA306F7F09737FF1F82
:1015A000238207F01C40A183858B91C70D45EFF086
:1015B0005FF46F00DFC9A54763F497000945C5BF15
:1015C0006388F4009737FF1F83C707DEE39097FE19
:1015D00097B7000093878760032784138E04BE9417
:1015E00083D74400835647008507E399D7FC084317
:1015F0009C400505829775BFEF023FC383464500B7
:101600001737FF1F034717EA834755006317D700B3
:101610003A85EFF00FFB6F009FC31736FF1F03469D
:1016200066E89734FF1F9384E4D46304D602050769
:10163000E393E6FE1737FF1F2306D7E603A78413BD
:1016400014472312070014C37D579736FF1F239CAE
:10165000E6E413D427009737FF1F83C7D7E463F668
:1016600087000945EFF0FFE87DB763918702A55732
:10167000B307F40203A78413034747008D07BA9703
:1016800003D7450093F7F70FE39DE7FC9737FF1F5C
:1016900083C767E1B3D78700858BB5DF5D459307C7
:1016A000F4FFB387A70203A7841303D645008C4138
:1016B0000843D1073E95EF005FBA03C7241385475F
:1016C000B397870093C7F7FFF98F1737FF1F230CD6
:1016D000F7DCB1F3EFF07FE73DBFEF029FB2597146
:1016E0001C083ECCB70706002A843ECE58181C08BA
:1016F00097B600009386064D1736FF1F130616D9BE
:10170000930500021735FF1F130505C83ED0EF9063
:10171000AFCC19C11D4589A0D80897B600009386A3
:10172000E64A1736FF1F130676D6930500021735D3
:10173000FF1F130565C5EF902FCA69FD3546930558
:1017400071054810EF007FB1D40822864C1048186C
:10175000EF90CFE309C51945EFF0BFD9D9A8D8005C
:1017600097B60000938606471736FF1F130616D25A
:10177000930500021735FF1F130505C1EF90CFC574
:1017800051F9034661062808A14583494106034BE8
:10179000510632C603447106834C81060349910603
:1017A000034CA106034AB106834BC106EFF08FB08C
:1017B0002808EFF0CFB135EDFD571737FF1F230590
:1017C000F7BE9737FF1F9387A7DC9843BE8A8144F3
:1017D000324611CF9737FF1F9387C7DB9C4381CBDE
:1017E0009737FF1F938707B9C443B334900022048F
:1017F000336494012209220A4204B3668901939555
:101800008900DC0033677A01C18EB3E56501C80841
:10181000EF40AFCB19ED83A70A0081C799C0EF1045
:10182000C0039305007D1735FF1F130525CCEF304E
:10183000A00665616F007FA0EF023F9F1971AA8427
:10184000AA8534101736FF1F130646B81735FF1F39
:101850001305C5B9EF90CFD719C11D4519A8414649
:101860009735FF1F938585B42810EF90C01309C5E5
:101870001145EFF01FC8A5A21734FF1F130484AF52
:101880001C409735FF1F938565B313971701634776
:101890000700A6859734FF1F938444B29736FF1F35
:1018A0009386D6BE26861735FF1F130525B3EF9006
:1018B000EFD745F51C401397170163550712BC0875
:1018C0003EC6B70727003EC83818BC0897B60000C8
:1018D0009386462F1736FF1F130656BB930500024B
:1018E0001735FF1F130545AA3ECAEF90EFAE35F539
:1018F000B80097B600009386662D1736FF1F1306B3
:10190000F6B8930500021735FF1F1305E5A7EF9002
:10191000AFAC21F535469305B1042808EF00FF93DD
:10192000184497B600009386E62A1736FF1F130661
:10193000F6B51107930500021735FF1F1305C5A45F
:10194000EF908FA9E31B05F01C4403D52700EFB0EF
:101950008FC7AA84E30305F09D456800EFF08F95DB
:1019600083C5E401930790054146B385F5026800FD
:1019700093850503A695EF403FB91C44680083D5C5
:101980002700EF40FFBD2685EFB00FC6AA8568008F
:10199000EF407FB99737FF1F9387C7888C43680054
:1019A000EF40FFBE1C44680083D50700EF405FBBDB
:1019B000A1456800EF40BFB2B2462C082818850642
:1019C0003686EF904FBB19C1194565B56800EFF039
:1019D0000F9011E5A1471737FF1F2307F79C0961F7
:1019E0006F00FF86EFF06FC5DDBFEF021F847971D6
:1019F0003C083EC6B70716003EC89735FF1F9385C3
:101A0000E59D3C081735FF1F1305459F3ECAEF9023
:101A10000FBE19C51D45EFF0DFAD45616F003F8377
:101A20001736FF1F1306869C9735FF1F9385059B6E
:101A30001735FF1F13054595EF908FBD61FDC1451B
:101A40001735FF1F13058597EF80CFDE61F59545AC
:101A50006800EFF02F86C1456800EF405FA8AA86B6
:101A60001736FF1F130686969735FF1F938505953A
:101A70001735FF1F13058597EF908FB541FD68005F
:101A8000EFF0EF8459F99737FF1F9387A78E9C4398
:101A9000B983858B93B7170095071737FF1F230569
:101AA000F790A5BFEF026FF8AA8541461735FF1FD3
:101AB0001305C58FEF006FFA9737FF1F9387878B4A
:101AC0009C431397170163560700EFF00FB76F00A1
:101AD0000FF8EFF09FF1E5BF9737FF1F93878789D6
:101AE0009C4313F7F7F79736FF1F23A5E68813F7F4
:101AF000070809CB858B99C7EF022FF3EFF0FFEEB4
:101B00006F00EFF48280EF024FF29734FF1F93844F
:101B1000648680403971AA859317140163D407063F
:101B200013641400130600041735FF1F13051592E4
:101B30009737FF1F23A08784EF002FF2EFE03FE8E5
:101B40009C401734FF1F13047490139717016346CA
:101B500007001734FF1F1304748BA2850A85EFF06A
:101B60004FB3930504020810EFF0AFB297050000E1
:101B7000938505140A85EF902FB61DC91D45EFF01A
:101B80005F973DA0130600041735FF1F1305158846
:101B9000EF00AFEC93579400858BC5DF935714008B
:101BA000858BC5FB136414009727FF1F23A4877C34
:101BB00021616F00CFE9EF024FE71D713C083EC67F
:101BC000B70746003EC801453C083ECAEF902FAD1E
:101BD00019E51D45EFF0FF9125616F004FE72A845D
:101BE0008D456800EFE01FED930500026800EF40AF
:101BF0001F8FA285EFF0EFA9930500026800EF4068
:101C00001F8E93050402EFF0CFA81724FF1F1304C3
:101C100064761C40B245130600041397170185052E
:101C20001725FF1F1305957E634607001735FF1F15
:101C30001305D581EF006FE26800EFE05FE949FD31
:101C40001C408566138706805D8F1726FF1F2323A0
:101C5000E6721737FF1F1307E793184301CF584069
:101C600011CB7D771307F77FF98FD58F1727FF1FCC
:101C70002322F7701C4013971701635B0700A583AD
:101C8000858BB9FB8D471727FF1F230FF770A9B767
:101C900013D757009983D98F858B1307F00F91E3E2
:101CA00015479727FF1F2381E7703DB7EF02EFD756
:101CB000AA851725FF1F1305256DEFF08F9D972728
:101CC000FF1F9387276B9C431397170163520704E9
:101CD00013D7670093D65700558F058B11EB13D799
:101CE0007700058B01CB91471727FF1F230EF76A5B
:101CF0006F00EFD51397370163550700EFF0FFCE64
:101D0000C5BF0967D98F1727FF1F2325F766CDB7F2
:101D100013D79700058B05C715479726FF1F238507
:101D2000E668856613F7F7F7558F9726FF1F23A3FD
:101D3000E66493F70708CDDFEFE03FF955BFEFF01A
:101D40009FE77DB7EF026FCE1724FF1F1304846255
:101D50008327C4149DCF034745009727FF1F83C7E0
:101D6000E7756318F7021C409183858B99E3EFE0D8
:101D70001FC51C4013971701635F070013F7F7BFD8
:101D80009726FF1F23A8E65E93F7074089C7EFF069
:101D90009FE26F00CFCB1840FD779387F77F131634
:101DA0004701F98F8566634706001727FF1F232326
:101DB000F75CC5B7D58F139617016347060217273F
:101DC000FF1F2329F75A1C4013971701E34307FC11
:101DD00013F7F7F79726FF1F23AEE65893F7070888
:101DE000CDDBEFE09FEE75B7F5779387F77FF98F3F
:101DF000D58F9726FF1F23AFF65693172701E3D4FD
:101E000007FCEFF09FBEC1B7EF022FC2834705006A
:101E100091C70945EFF0EFED6F006FC383471500E1
:101E20002A8413F7E70F75F71727FF1F1307476E6D
:101E300018430346C700E31EF6FC9727FF1F93874E
:101E40006753944393F7F6DF19C293E7062097266A
:101E5000FF1F23A1F652A583858B81C71C4B91C31D
:101E600082971546A2851725FF1F1305E559EF0038
:101E7000CFBE8D471727FF1F2308F75203464400A4
:101E80008345340003452400EFF02F82E35605F824
:101E900049B7EF020FB7172BFF1F130BAB4D0327EB
:101EA0000B0001119317170163D007023C003ECAD3
:101EB000B7070B003ECC3C003ECE834705002A848A
:101EC00099E70945EFF0EFE205616F000FB783472F
:101ED000150083462500A207D58FC207C187854616
:101EE000E391D7FE83463500E3EDD7FC972AFF1F29
:101EF000938A0A6283A70A0001499C5BADCFA5CEF5
:101F000013670720834444009727FF1F23A4E74655
:101F10008547E3E897FA034C5400A147E3E387FBC6
:101F20008349640003457400A209B3E9A90013F7CB
:101F300009FE41FB834B8400E3E577F9034A9400F3
:101F40000345A400220A336AAA0093770AFFB5FB6F
:101F5000834504001726FF1F0356A6421725FF1FBF
:101F600003550542EFF08F969727FF1F23A8A74040
:101F700011E5154581BF1377F7DF69B783A70A001D
:101F800091C403C7870119C3D84B61EF83C497017C
:101F900063F39B00DE8483D7A70193F4F40F13F758
:101FA000070101C713778A0059EBBD8BD1CF137599
:101FB0007A0059C9EFA0FFA683A70A007D15937B7D
:101FC000F50F03D5A701A94C3D89EFA09FA57D156D
:101FD000137AF50F03A70A008347C7016373FC0058
:101FE000E28713FCF70F8357E70113F7870001C758
:101FF00013F7090131EF9D8BADC313F5F90031CD16
:10200000EFA03FA283A70A007D159379F50F03D5B2
:10201000E7011D89EFA0FFA07D151379F50FA947F2
:10202000B307FC0233879403636AF70C638C0C0CD0
:10203000639C040C81490149814B014A3DA0930CEA
:102040004002114A8D4B79B7814C014A814B59B7F7
:10205000930740020D499149E1B781470149814900
:10206000C1B781448149854B054A2D46A285172574
:10207000FF1F1305B538EF004F9E89454808EFE074
:102080007FA381454808EF400FCA83250B0048080D
:10209000A5818589EF402FC9DE854808EF40AFC88C
:1020A000CE854808EF402FC8A6854808EF40AFC747
:1020B000D24515461725FF1F130505358505EF0089
:1020C000CF994808EFE0BFA0E31005E02686CA8557
:1020D0005285EFE09FDD01C50945EFF08FC18327F1
:1020E0000B00A583858B89C783A70A009C5B829719
:1020F00083274B0099CFEFF01FACF9B3E284894BF3
:102100000D4AA5B781443DB7DE8952898D4B094AF6
:10211000A9BF83270B0093E707401727FF1F232B37
:10212000F7245DB3EF02CF8E834745002A89172538
:10213000FF1F034535376316F500EFE09FC86F00BA
:102140006F901724FF1F1304E422832984132E8524
:10215000AE84EF408FCB2392A900834749002685A8
:102160001727FF1F2300F734EF404FC69727FF1FA5
:10217000238CA7328327841303D7470009E7094537
:10218000EFF02FB76DBF83D76700E3EAE7FE834721
:102190005900898381C7D146E3F3E6FE1727FF1F65
:1021A000A303F7301725FF1F0345E52F137715000D
:1021B0009307F00F05C31345F5FF1375F50FEFA057
:1021C0005F867D159377F50F1727FF1F0347B72D00
:1021D000E367F7FA1727FF1F0347E72C11C3BA87F6
:1021E0000345590009811307150005453315E5001E
:1021F0007D157D8D9727FF1F2387A72A83278413AB
:1022000003D644008C408843EF002F858347241376
:1022100093F7E70F1727FF1F2307F7288DF3EFF03A
:10222000CFB231BFEF026F8003450500EFF0AFA6DC
:102230006F00EF81EFF27EFF01449724FF1F93842C
:1022400064FE5949EF30EFFD6344A4006F002F8016
:102250003305240383A7840A3E958357050081C76D
:102260008545EFE0DFEE0504F1BFEFF27EFAAA84C8
:1022700001441729FF1F1309E9FAD949EF306FFA12
:102280006345A40001456FF0FEFB3305340383274B
:10229000890A3E950357050063E7E400834745013B
:1022A000BA97E3C2F4FE0504D1BF9727FF1F9387B7
:1022B00027269C43DC5F91C7EFF23EF782976FF0D1
:1022C0001EF982809727FF1F938787249C43BC4376
:1022D00091C7EFF29EF582976FF07EF78280972785
:1022E000FF1F9387270998439316170163D30608A6
:1022F000EFF2BEF3804701498345440103550400D2
:10230000EFA07FE583474401634BF9022285EFE0AC
:102310000FD09727FF1F23A30706FD570145172757
:10232000FF1F2303F708EFF00F970346440183557F
:10233000040003552400EFF0FFF86FF05EF1035541
:10234000040093140901C180269542054181EFD014
:102350008F8E035504000509269542054181EF2023
:10236000C02C03550400269542054181EF20002C26
:1023700051BF82809727FF1F23AAA7188280EFF200
:10238000DEEA9727FF1F9387E7FEDC436D54639FC8
:10239000A700EFE0DFE29727FF1F938767179C43B3
:1023A0002A849C5F81C781450945829722856FF009
:1023B0001EEAEFF29EE79727FF1F9387A7FBC8430C
:1023C00009C5EFF0DFFB6FF09EE825459727FF1F5B
:1023D000238B070CEFF02F8CFDB79727FF1F9387F8
:1023E0002713884382809727FF1F9387A7F8884386
:1023F000098105898280EFF25EE341112A84EFF0C2
:102400009FFE2DC903574400954763F8E7062285D0
:10241000EF40EFA22AC42285EF404F9B2306A10084
:102420002285EF40AF9A9727FF1F9387A7F4984321
:10243000A306A1000983058B11C783A6C712A24773
:10244000639DF6020D8997A700009387A7750E0577
:10245000B386A7008355440003C6560063EFC5004A
:1024600001E703C7460011EBAA979C43A285280009
:10247000829721A0EFA05F9451D541016FF03EDD1E
:102480009727FF1F9387C7089C43FC4391C7EFF230
:10249000DED982976FF0BEDB8280EFF21ED997F50E
:1024A000FFFF938525F41725FF1F13052502EF2055
:1024B00080326FF0DED915C5EFF23ED72A8497053A
:1024C0000000938545EF1725FF1F13052502EF2018
:1024D00080309727FF1F23AD8702EFE05FCE6FF0BC
:1024E0001ED77D558280A9E18280832709001317BA
:1024F0001400BA9783D70700638697020504EF306C
:102500002FBEE344A4FE0144EF308FBD635CA40002
:102510000327090093171400BA9703D7070019EB94
:10252000239097006FF0BED2EFF23ED02A89AE849E
:102530000144F1B70504C9BFEFF23ECF4111AA84AF
:1025400001442EC6EF30CFB9B245635CA400984079
:1025500093171400BA9703D707006317B7002390A7
:10256000070041016FF0BECE0504E1BFEFF2FECBE4
:102570009727FF1F938747019C432A87AE8632889F
:1025800089CF9728FF1F9388E8FF03A30800894895
:102590006315130182976FF09ECB9727FF1F9387D8
:1025A00067FF9C430145E5DB9727FF1F938787FD66
:1025B00090438547E311F6FE4286B6853A85EF20C3
:1025C0009FD7D1BFEFF2DEC42E8A3284AA89EF20D2
:1025D0009FD575158357440093140501C180137965
:1025E000FA0363FE9700CA852285EF303FE9035660
:1025F00044000C404E85EFF07FF76FF0BEC493654A
:1026000009042285EF309FE70C4026864E85EFF0C7
:10261000FFF5A6852285EF30FFE713690908835788
:10262000440099CF850763DF970093650A0C2285E4
:10263000EF30DFE4035644000C404E85EFF01FF30B
:10264000014565BFCA852285EF305FE30C402686D1
:102650004E85EFF0BFF1A6852285EF30BFE3C1B70D
:10266000EFF2BEBC79713C083EC6B70717002A845A
:10267000AE843EC868003C0885453ECAEF406F8086
:102680006C002685EF303F84700085452285EFF091
:102690007FF345616FF0BEBBEFF23EB9EF304FA460
:1026A00089450605EFA00FBAE55711C59727FF1F0B
:1026B00023A2A7E881473E856FF07EB99727FF1FC9
:1026C000938707E7985B239607021725FF1F1305DB
:1026D000A5E898D782801727FF1F130767E51843DF
:1026E0006316A7021727FF1F034707E57517938790
:1026F000D5FF1337170093B71700FD566319F7007E
:10270000EFF2BEB2EFF01FEC6FF07EB4ED563685FF
:102710008280EFF2FEAF05EDC16401441729FF1F6F
:10272000130949B09309400EFD1421A83305340361
:102730008327090B3E958357C50163839700D13FDB
:102740000504EF30EF9BE343A4FE6FF0BEAF972785
:10275000FF1F9387E7DDAA85884365D9EFF05FF017
:10276000EDB7EFF2FEAA79711C083EC2B707200050
:102770003EC41724FF1F1304A4DB1C083EC61C40E4
:10278000D9C31727FF1F034727DB8947AE842A8950
:102790006315F704814911A85C4013971900BA9793
:1027A00083D70700638197068509EF306F93E3C5F0
:1027B000A9FE85454800EF30DFEC0356490083252C
:1027C00009004800EF305FD4084050008145EFF029
:1027D0009FF0054545616FF0FEA6C167FD17E38ACE
:1027E000F5FC85476311F702814911A85C401397F6
:1027F0001900BA9783D70700E38D97FA8509EF3060
:102800002F8EE3C5A9FE0145F1B72300050223225F
:1028100005028280EFF27EA185472300F5022A841B
:10282000EF203FAF9727FF1F9387C79F83A7070B13
:1028300048D01725FF1F1305E5CD1D8CB7F723B82A
:10284000938797E009843304F4029727FF1F23AF8F
:1028500087D2EF2000036FF09E9FEFF27E9BEFA0E8
:10286000AFD5E95705C1C16401441729FF1F1309FA
:10287000699B9309400EFD14094AEF306F88634647
:10288000A40081473E856FF0FE9B33053403832708
:10289000090B3E958357C50163889700834705025E
:1028A00063844701EFF01FF70504C1BFEFF2FE9705
:1028B000834705FE85466398D7001305C5FDEFF0F5
:1028C0009FC26FF0DE988946E39DD7FEFDD91305C0
:1028D000C5FDEFF07FC6F5B79727FF1F938787CA1F
:1028E00098433DCF8546F157631DD706EFF2FE931F
:1028F0009727FF1F9387C7C32A8788433E8405C94C
:102900009726FF1F83C646C38D476392F60239E3BD
:102910009727FF1F938707C89C4395EB9727FF1FB7
:10292000238C07C01C4003D50700EF20BFA3EF2076
:10293000DFA41725FF1F1305E5BD9727FF1F23A35E
:1029400007C4EF10F07681473E856FF05E90EFF0A0
:102950001FA3E9B703550500CD45EF20FF9FD9B769
:10296000F9573E8582809727FF1F9387A7C19C4315
:102970007955BDC3094771556383E7008280EFF243
:10298000DE8A1724FF1F1304A4BA184015C3834717
:1029900084008546FD1793F7F70F63EBF6000355A8
:1029A0000700CD459727FF1F238807B8EF20DF9A40
:1029B0001C4003D50700EF20BF9DEF20DF9E1725A9
:1029C000FF1F130525B59727FF1F23AD07BAEF108B
:1029D000306E01456FF0BE87828015C1EFF2FE8434
:1029E0001C41AE842A8489C72E8601458145829781
:1029F0005C4081C7A685014582976FF05E85828025
:102A0000EFF2BE8297A70000938787A49C43AA8514
:102A100001459C4782976FF09E83EFF21E812A84C6
:102A2000034585019307F00F6314F500EF604FD164
:102A3000930720033305F5020328C40181460147AB
:102A40009305000293076509034574017D89050517
:102A50003356D800058A01C605071377F70F850698
:102A6000E398B6FE198D130740063305E5023E953F
:102A70009307C0126354F5001305C0126FF02EFDCA
:102A8000EFF20EF91C4D03548500B28995834E0474
:102A9000858B4111AA842E894D80314691C32146F0
:102AA0003307260383D74401998F6344F60013F656
:102AB000F70F83C564014E8532C6EF30DFA69C4C0C
:102AC000935564004E85860793F70708DD8DEF3038
:102AD0009FA50A0493553900C18D93F5F50F4E85D6
:102AE000EF307FA49C4C931559004E85FD8BDD8DF6
:102AF00093F5F50FEF303FA3DC40931529003246E4
:102B0000BE958C414E85EF303FA041016FF08EF3B2
:102B1000EFF20EF0AE8A8345A5002A84B2890545FE
:102B20000146368A3A8BEF203FB53DC19304C5007C
:102B30002A89A5452685EF30DFB4630D0B04834554
:102B40000B0093F5F5072685EF30FF9D03D64A006D
:102B500083A50A002685EF303F9B9717FF1F9387B9
:102B6000A7549C43C9C750401C408355840003565A
:102B7000460003D5C70105478146EF801F8215E94E
:102B80005C40839747006354F0064A85EF307FB975
:102B90006555A1A85C400547814583D727008D076F
:102BA000C207C183E371F7FA0C44E98193E5050498
:102BB00059BF9717FF1F9387E74E83A80700054863
:102BC000A68705478146014681452285829805C131
:102BD0005C4083974700635CF0004A85EF307FB428
:102BE0004E85D285EFF07FDF01456FF0AEE5D286EE
:102BF0004E86CA852285EFB0AF80C5BFEFF24EE1A9
:102C00002A84130545022E89EF10904A9717FF1F5B
:102C1000938787499C4395CB8307740163D7070249
:102C200003467401054581457D8A0506EF70005E07
:102C30005C4C7D15638BA70003562401835504016A
:102C4000084093068400EF80DF87814458409399C1
:102C500024004E97084319C5EFF09FDA5C40CE97E9
:102C600023A00700834774018504FD8BE3D097FE02
:102C70008347740193F7F7FBA30BF400630B090080
:102C800081470148232004001CC423260401232873
:102C900004006FF02EDBEFF2AED79C45AA842E84A1
:102CA000B289239205009CC10149DC401317290019
:102CB000BA97D8488C43A1479316270063C30600F0
:102CC000B1473387270303D64401198E63D3C70066
:102CD0003E862285EF305F8383C774010509FD8B33
:102CE000E3D527FD83C7740193F7070291EB835760
:102CF00044002147639309001147998F2312F40080
:102D00006FF04ED4EFF26ED22A83084103DE050045
:102D100041110355C5016313AE06034543010989FB
:102D200011C503C54500138E650119E1138E5500C9
:102D300083450E001377F7037D55639EE502BE853C
:102D4000B687832643014285468713F816009716F7
:102D5000FF1F9386264D94428358A30032C0B3864A
:102D600006410358830036C22E86AA868145130584
:102D70001E00EF70DFD641016FF06ECD7D55E5BFCF
:102D8000EFF20EC92A84035585004111BE89AE8A2F
:102D9000328AB6843A89EF103FE1E15739E10355B1
:102DA0008400EFF08FCCFD570DCD5C488358A40014
:102DB0004E8713F817009717FF1F9387A7469C436A
:102DC000CA8656C0B3870741035884003EC2268690
:102DD000D28785451105EF709FD03335A000B3072A
:102DE000A0403E8541016FF0EEC5EFF20EC42A848B
:102DF00013058502EF10D02B81471CC48357840133
:102E0000014823200402C607C5832322040223208D
:102E100004002326040123280400231CF400814419
:102E20008347A4019DC75840139924004A9708433B
:102E300001CDEFF0FFBC5C40CA9723A00700834799
:102E4000A401FD17230DF4001C4C8504FD8BE3D970
:102E500097FC1717FF1F1307E73C1C47230D0400BF
:102E600093F6F7FD1716FF1F2322D63C93F70702B0
:102E700089CB08438145EF90FFFC01C50145EFA0D8
:102E8000EFA36FF0CEBCEFF2CEB7832A0502032A80
:102E90004502AA84AE8901490144171BFF1F130B89
:102EA0002B70930B8004EF20FFA9634BA90201CC88
:102EB00083578401814513058402C607C583231CFB
:102EC000F400EF10701D2685EFF03FF263880A00D2
:102ED00083A74A0081C7D2854E8582976FF0EEB5F1
:102EE000B307790303270B00BA97638DF4020397A6
:102EF00087016359070283D6070103D7040163934F
:102F0000E60283D6270103D72401639DE60009CC9E
:102F10005444D847636AD7006396E6001444984740
:102F20006364D700050941B73E84EDBFEFF24EAEB2
:102F300018417971231001028357C701231101023F
:102F40003AD2231CF1008357850103476501231FF3
:102F50000100EA07FD87231DF100835725010A07B9
:102F6000231EF100930700F8A300F1028347B50187
:102F70002301F1023C083ED4835705012316F102D8
:102F8000834775012307F1021C4D9D83858BD98FE3
:102F9000A307F1028347D50195CBF1742A8417A9C1
:102FA00000001309A9C89384F40F184C93578700A5
:102FB00093F7F7037D8B6371F70283578401717771
:102FC0001307F70FF98F231CF400A5A0A555EFF008
:102FD0009FEB45616FF00EA758408A07BA979C4354
:102FE000D1C38345740101460545EF20EFE8AA8966
:102FF00029C11306C5003285A54532C6EF306FE8FA
:103000000C4C32462285A18193F5F503EFF05FA7C2
:103010008347C401A2864A868507230EF400CE8525
:103020004810EFA0FFBD1DCD8347C401FD17230E3F
:10303000F4008347C4018DE3831724011305840240
:10304000930520036358F0008347B401B385B702AA
:1030500093850519EF1050048347D401FD17A30E83
:10306000F40085BF1C4C03578401A183850793F7A7
:10307000F703A207658FD98F231CF4003DB7EFF249
:10308000CE9A130585FDEFF07FEA6FF04E9C034763
:10309000A50139CF0347C501AA877D171377F70F1D
:1030A000230EE50031E7EFF24E9883162501634ABF
:1030B000D0000347D50111E78145EFF0DFDC6FF069
:1030C0000E9903D687011167130707F0718F1385D7
:1030D0008702814519EB930520036358D00083C70D
:1030E000B701B385B70293850519EF10E07AC1BF28
:1030F0008280EFF28E932E85EFF07FF96FF02E95A0
:10310000EFF2AE9283578601AE8432841397170193
:10311000634E07001C5299CB9C4389CB5052829737
:10312000835784011167D98F231CF40081C4228541
:10313000EFF0FFF56FF0AE91EFF2AE8CAA8413F5CD
:10314000F507328915CDA947630BF51883C74401EC
:10315000014493F707049DCB9717FF1F938747F40C
:1031600098436306071C9717FF1F9387A70B9C5F65
:103170009183858B639D071AA68502972A8439A0BF
:1031800003574600954763E6E7007D5422856FF0BC
:10319000CE8A3285368AEF304FC79317150193D9FF
:1031A00037019717FF1F938727F09C43935AF50029
:1031B000C20A93DA0A018DCB8387440163D60702E2
:1031C000DC4813F717009717FF1F9387A7059C4349
:1031D000998F13D78700E207B3E737012320FA005E
:1031E0002322EA0001445DB74A85EF304FC5096BE1
:1031F00083DB84002A898144171CFF1F130C4C3A7F
:10320000930C80047D1BEF20EFF3E3D0A4F833840C
:10321000940383270C003E9418445444B377670109
:103220006390370583572401638D7701638A0A020F
:103230001C4C0346A401FD8B85076313F60223197A
:10324000740183172401E352F0F42320EA002322BF
:10325000DA0063190900A9552285EFF0DFC259B7DA
:10326000850455B74A85EF90CFFB1C4C7D15FD8B2F
:10327000E3CDA7F013058402370A0040EF10406346
:103280007D1A854A4A85EF908FF701E98347A401AB
:10329000A9C72285EFF09FC9B1B75840B3074501D0
:1032A0008A07BA979C439304F5FF8DC393F9F40FF3
:1032B0008A094E970843EFF0AFF45C40BE9923A013
:1032C00009008347A401FD17230DF40033959A00EC
:1032D0001345F5FF3379A90075B78145B5BF03578D
:1032E00046008947E3F3E7EA03D7A4009717FF1FD7
:1032F00083D7872A0144E31BF7E83285EF300FAD0F
:10330000AA894A85EF306FB0D04493F9F907AA86AD
:1033100021829377F60705461D8E83D5A40003D539
:1033200084004E961376F60FEF502FFB85B5971756
:10333000FF1F938767ED9C436154E38907E44A8646
:10334000A685829725BDEFE25EEB7971AA8A2E8A67
:1033500032C0368B3A848144014D01499719FF1FD1
:1033600093890924930B8004EF20CFDD63CCA41450
:10337000F15463050D1403A64A006305041883473E
:10338000040093E707F8230BFD0083D78A00035757
:103390004A00B33580002318FD0083574600A14939
:1033A0002319FD009307F7FF11E0B149B3C73703B5
:1033B00083568D011715FF1F1305C5E6231AED006F
:1033C000819A9605FD8BDD8E231CDD008507230D7C
:1033D000FD001C4503284500898313F717001C4195
:1033E000998F13D78700E207B3E707012324FD0075
:1033F00083A70A002326ED0023226D032320FD006E
:1034000082472320FD0293070040231EFD0083C74F
:10341000AA00A30BFD0003A78A004D83937707043E
:1034200013F7F6FB5D8F231CED0083C7BA001377FB
:10343000F7F79316F900858B9E075D8F9317170199
:10344000C583D58F13D78700231CFD00937707080A
:10345000A30CFD0083578D011307F00F93F7F7FDC1
:10346000CD8F231CFD008347A6002AC2639DE70A77
:10347000EF501FADA30DAD009714FF1F9384C4C27E
:103480009C40130C8D006388071683270D000327CB
:103490008D0103562D0183D58A0003D5C7017D8B8D
:1034A0000507E286EF707FEF6317051483172D0180
:1034B0006353F0146A85EFF05F93E5542685456108
:1034C0006FE07ED7B387740303A70900BA9703C7D9
:1034D000A7010DC703D68A0083D607010147631BE6
:1034E000D60003A74A0083D72701035747001D8F43
:1034F000133717003369E9008504BDB5E31E0DFEDF
:103500003E8DDDBF8357260005478D07C207C18367
:103510006365F700930700F8BDB583A78A00E983C8
:1035200093E707FC8DB5A30DFD00B9B73247035CE7
:10353000A10063F3E7003E8C83A70C00420C135CF0
:103540000C019C4362D001460C1001458297AA8968
:1035500035D1E2855285EF203FF56286AA854E85FA
:10356000EFE0BECF83274D00131C2400E29723A079
:1035700037019C40A1CF1C103ECAB70710003ECCBB
:1035800050081C10A2856A853ECEEFF06FCF03274E
:103590008D0109467D8B6303E400054603AE0D00F3
:1035A00005485C080507DE8681455685029E19CDD3
:1035B00083A74A0083974700635AF0004E85EFF0D7
:1035C0002FC483274D003E9C23200C000504137458
:1035D000F40F83574A00B9FB9C40A9C383274D00D1
:1035E0009C438DEF6A85EFF05F800245DA85EFF04E
:1035F000CFBE8144E1B5814B11E0E28B9397090185
:10360000C1830144231531013EC6979C0000938C71
:103610002CE4971DFF1F938DEDA865BF630509007E
:10362000EF90FFADF9B76A85EFF05F909717FF1F36
:103630009387C7BD9C438144E38207E892479C5F20
:103640009183858BE38C07E6EF908FA385BDEFE236
:10365000DEBDEF202FAF930780043305F502A145AF
:10366000EF904FBE01E565556FE07EBE9717FF1FD7
:1036700023A8A7F201449714FF1F938464F213094F
:103680008004EF202FAC6369A402EF20AFACA1450A
:103690001A05EF902FBB61D99717FF1F23A0A7F042
:1036A0000144B1441719FF1F130949EFEF208FAAF6
:1036B0006364A40201454DBFEF20CFA791450A05E1
:1036C000EF904FB84DD1330724039C400504137489
:1036D000F40FBA97C8C375B7EF20CFA8335595023A
:1036E0009145420541810A05EF90CFB52DDD832735
:1036F0000900131764000504BA97C8C31374F40FC4
:1037000075B7EFE2FEB0C1642A8901449719FF1F23
:10371000938949B1130A8002FD14EF206F9F63451E
:10372000A40001456FE01EB23305440383A7C90A14
:103730003E95835705006386970083572500E383F2
:1037400027FF0504D9BFEFE25EAEC167BA841387D5
:10375000E7FF41113684639BE5002380040097173F
:10376000FF1F9387A7B51CC081471DA8F5172A899D
:103770006391F50432852EC632C4EF10EFC271FD9D
:103780009717FF1F938707BF9C432246B2451397A5
:103790001701635007023285EFE03FAD11E5FD5799
:1037A0003E8541016FE0BEAA110508C023800400D8
:1037B00065BFE30609FE2E85EFF0BFF4E1576DD13A
:1037C0000347F9018947631DF7008347450089CB0B
:1037D000930775011CC0834765012380F40069B716
:1037E000930765001CC083475500C5BF83D74500BC
:1037F00099E77D5582807D5505616FE0BEA4EFE2BB
:103800003EA1130700182A8401112D55E366F7FE27
:103810002E85B6893289AE84EF20FFCA8D47E3FC3E
:10382000A7FC03DA4400EF20AF8F11055C4063581A
:10383000450103C79700136707F8A384E70003D681
:10384000470083D5270008401307B1017408EFF043
:103850009FEF5DF18347B101139727008347B400C1
:103860008D8BD98FA305F4005C408387970063D9C3
:1038700007002685EF203FC5133585001345150049
:103880008347B40006059166F59B5D8D5C40A305FA
:10389000A400014703D54700A167A98F63F5D700AE
:1038A000EF508FF82A875C409716FF1F9386869704
:1038B00083A8060083D5270003D847009C46104400
:1038C0008D058983858BB387F8403EC0C20583A8E8
:1038D00046008357840072456582C181A686058AA9
:1038E00093B52500EF700F97E31805F05C40014792
:1038F000CE86838797004A86A685228563D50700F2
:10390000EFF07FA4D5BDEFF0AFA0FDB5EFE2FE91E3
:1039100032883A861397060101114183A307B1004B
:10392000231CE100231DE10042CA42CEAD455841AF
:1039300063F8D5008345970093E505F8A304B70025
:10394000FD562311D70003079700635B0700130799
:10395000F100BE864C08EFF01F9F05616FE03E8FBF
:103960001307F100BE864C08EFF08F9AFDB7EFE227
:103970003E8A3E848357C501011123190100231497
:10398000F100FD572315F1003C002ACA231701005E
:10399000231801002316C1002309D10002CE3ECC1A
:1039A0002E89BA89C2842E8563040800EF104F92D5
:1039B000231EA100EF50AF999717FF1F93878786AB
:1039C0009C5F230FA10001459183858BADE34209E4
:1039D00013590941635D200503D709001398F400CA
:1039E00099464E07458333680701931788004208BC
:1039F000135808011358880033E80701935704014E
:103A000013D78700A301F10093178400420441807B
:103A100021805D8C2301E100814701470A868145B1
:103A200048082310010123128100EFF03FEE0561E9
:103A30006FE05E81EFE26EFF2A849304C5FDEF1014
:103A40005F8D8327C4FF1D8DBD67938707A663F82D
:103A5000A70081452685EFF06F9A6FE04EFF03289F
:103A600004FF8355E4FE832784FF834644FF035607
:103A7000C4FE0325C4FD1358F801130744FEEFF0FC
:103A80001FEF2685EFE07FF9AA852285EF00D06041
:103A9000E9B7EFE28EF901112E89AA84EF509FD485
:103AA0002A84FD572315F1008357C40203554503AB
:103AB000231901002316F100834714032317010083
:103AC000231801002309F1002314A10002CA02CC2B
:103AD00002CEEF904FAF2ACA08403C003ECCEF1018
:103AE0002F9E83570500231EF100EF504F8683570A
:103AF000C402230FA100B1CF834714032302F100B6
:103B0000EF502F927D1513341500EF50CFB4854739
:103B10006314F50013642400EF50EF91854763149C
:103B2000F500136444009707FF1F9387A76F9C5FFE
:103B30009183858B99C313648400CA8726878D4639
:103B40005000A9454808A302010023038100EFF0BB
:103B5000FFDB05616FE0AEEFEFE22EED8145014541
:103B6000EFF03FF36FE0AEEEEFE22EEC014497147E
:103B7000FF1F9384E4A213098004EF10BFDC6345A8
:103B8000A40001456FE0AEEC330724039C40BA97D4
:103B900083C7A70199E30504CDB70545E5B7EFE273
:103BA000CEE8AA8401441709FF1F1309A967EF1083
:103BB0003FCD6353A4028327490B131534003E9570
:103BC00083570500639C97002310050023220500FE
:103BD00023010500EFC01FBC6FE06EE70504C1BF05
:103BE000EFE20EE32A842E89EF109FCB19C1014525
:103BF00065A083474401414793F60703E389E6FE46
:103C000093F70704EDD7EF10BFC775D18144814901
:103C1000170AFF1F130A0A61EF109FC663CCA900A1
:103C2000EF101FC6639BA90E81449709FF1F93895C
:103C3000695F89A883274A0B93943900BE9403D700
:103C4000040083578400E30DF7FC8509F1B783A7CF
:103C5000490B139534003E95835705009DE363059A
:103C600009002320A90061B7835784002310F500C1
:103C70001C485CC15C48858B2301F500EFC09FB1F7
:103C8000BDB78504EF10DFBFE3C3A4FCEF105FC036
:103C900085476305F50005456FE0CEDA9714FF1FF1
:103CA00083D4A48F1707FF1F1307C75793973400B8
:103CB0008324470BBE9403D50400EFB0CFF703D5A0
:103CC0000400EFF0DFED630C090223209900971741
:103CD000FF1F83D7878C85071717FF1F231FF78ABE
:103CE000EF101FBA42059717FF1F83D7078B41813B
:103CF000E3EFA7EE9717FF1F2391078ACDBD8357E8
:103D0000840026852390F4001C48DCC05C48858B29
:103D10002381F400EFC01FA85DBF8347440103C7A0
:103D20002400858B99C725DBD8401C48E375F7F63E
:103D300011A07DDB63050900232099004DBD835749
:103D4000840026852390F4001C48DCC05C48858BE9
:103D50002381F40025B7EFE24ECA035845002171D4
:103D600002D29147832B050063E707017D594A85FD
:103D700039616FE04ECC2E842A8A4C102285BA8D90
:103D8000B689328CEFF0DFE575F185455285EF207D
:103D90006FF05285EF207F87131935000981896400
:103DA00042054181938CF4FFB37495015285EF2055
:103DB000FF8113798901935755003369F900137D09
:103DC000F5011379F90F137BFD0FE3612BFB5C48C1
:103DD0001848970AFF1F938AEA4493F6170083A7AF
:103DE0000A00B3049740B3F49401958F93D68700EB
:103DF000B3049740E207DD8C23A2D90023A09900E9
:103E0000930C1B0023809D01814636CEEF109FB49A
:103E1000F2461708FF1F1308687863D0A6048327AB
:103E2000080093946600BE9498481C446316F706F5
:103E3000D84483A749008C4403A609006366F700B1
:103E40006390E74863FEC54683C7740193F7070490
:103E5000A1C785452685EFE07FDA5C4821478D8341
:103E6000858B91E33147B3046703EF10BFAF63C4A1
:103E7000A404032844018346E400035684008355C8
:103E8000A4000840135878001378180081474E8723
:103E9000EFF0FFAD2D59E1BD850685BF8357840046
:103EA0002310F5001C485CC15C48858B2301F5009C
:103EB000EFC05F8E49A19707FF1F9387E71E9C43C2
:103EC00081EF814DEF101FA99707FF1F9387076DA3
:103ED00063CBAD045D5961BD5C481307000893F7DF
:103EE000070CE390E7FE1C4003C70D000356A40037
:103EF0008355840003D5C701CE86EF700FCA71F1D8
:103F0000032844018346E400035684008355A4003B
:103F10000840135878001378180081474E87EFF057
:103F20001FA56559A9B5984393946D00BA9403C72A
:103F300074019376070499C2850D69B71367070466
:103F4000A38BE4001C409CC05C488A0793F60702E0
:103F50009377F7FDD58FA38BF40003A6090083A602
:103F60004900819BB3E7A701A38BF40090C4D4C49C
:103F700003C70B0093F7F707238BE4000347E40024
:103F8000238CE400035784002398E4000357A40023
:103F900023AE04002399E400584813770708D98F0B
:103FA000A38BF400DC4CB3D72701858B63950738CE
:103FB000DC4803574A00F583858B6317690B93161A
:103FC0000901C182214691E33146B387C6023E977B
:103FD000239AE400EF10EFB3138D440288D06A8572
:103FE000EF00100109ED83A78A039183858B81EB94
:103FF0002685EFE09FA2AA856A85EF00F0095C485C
:1040000021478D83858B91E33147DC40BAC0178708
:1040100000001307E7431843931D2900130B010405
:104020001843EE970146DA8501453ECE0297F247E6
:1040300088C3DC40BE9D03A50D000DED032844019F
:104040008355A4008346E4000356840008401358B7
:1040500078001378180081474E87EFF05F9185450F
:104060002685EFE0BFB975BDA14691E3B146E38374
:10407000E6F6EDB903564A0083250A00054A3319CE
:104080002A01EFE08E9DDC4C668605453369F90018
:1040900023AE24018145EF6060177D156306A900FA
:1040A00023204C010149E1B1125509CD8357840009
:1040B0002310F5001C485CC15C48858B2301F5008A
:1040C000EFC04FED89472320FC006A85EF00407E5A
:1040D00003A84401DC4C8346E40003568400835566
:1040E000A40008404E871358F801EFF05F8883471B
:1040F000440113F7870005CBB707000101464C18B0
:1041000026853EDC5ADA5ADEEFE0FFB883C50B00A5
:10411000CE8650182285EFF02F822A898145268588
:10412000EFE0DFADA9B183C91B0003AA8400370704
:10413000800183CC0B00220A3AD693D979005AD455
:104140005AD8135A8A0083D644012547639309003D
:1041500015477D59E3C4E6FC1707FF1F1307C7F493
:10416000184311C793F7070499E3014945BF035565
:10417000A400A1671167A98F814B63F5E700EF40A9
:10418000BFEAAA8B93D76C00858BBDCF114C63839C
:104190000900214C420C135C0C01014B130D8002F1
:1041A000EF100FF793170B014205C1834181E3FE26
:1041B000A7FA03A3CA0AB30DAB034E862C102685BB
:1041C0001ACEEFE05FADA25783A5CA0A9308410358
:1041D0003EDE3EDA83D74401130881026687B38747
:1041E0008741231DF102DE86CE875286EE95228519
:1041F000231C0102EFE01FB12A89050B55F1724320
:104200009A9D83D72D0075A09707FF1F9387871668
:104210009C4313971701635007044E862C10268584
:10422000EFE07FA7A25721473EDE3EDA83D7440165
:10423000639309001147998F231DF10238105C1810
:10424000CE865E86D2852285231C0102EFE05FB315
:104250002A89F55739CD4E862C102685EFE0BFA36D
:10426000A25721473EDE3EDA83D74401639309001B
:104270001147998F231DF1025C4852C0341013F787
:10428000170083A70A004E868545998F3EC2835842
:10429000A40003588400DE8758181705FF1F130574
:1042A000E501231C0102EF609F832A89F957E31778
:1042B00005E62313F4004C182285EF005FD5B9BD45
:1042C000E3E6E7AA6314F700E362B6AA03C70B00AC
:1042D00083C76401E31CF7A803AD440193578D0124
:1042E000FD8BE39567A95C481357DD01058B8D8332
:1042F000858BE31DF7A683C7740193F70704E39347
:1043000007CADC4C6686054581453ECEEF501070ED
:10431000F2477D15E39CA7A48346E400035684007E
:104320008355A40008401358FD014E87EFF02FE499
:104330001255E31505B679591DBC9707FF1F239D3C
:10434000A7248280EFD27EEB3971FD57170AFF1F39
:10435000130A8AD53ED683270A007D573AD402D263
:10436000A3010102AA842E84638707109C4183D590
:10437000A50003D5C701EF605FFE834744011E051A
:1043800093F7F707C98F230AF400A5452685EF2088
:104390006F90970AFF1F938A6AE783A70A008DC769
:1043A0001707FF1F130707E81C5F9183858B89CFD1
:1043B0008347440193F6070381EA5453214769591F
:1043C0006397E60A918BC5C72685EF202F8F9C4007
:1043D000AA8B03DC44008387070063D3070A5C4889
:1043E000014993F7070CC1C713073102341050106D
:1043F000A2852685EFF03F962A8983A70A0085C308
:104400001707FF1F130707E21C5F9183858B81CB82
:104410005853A1476315F7002285EF804FDC9C4479
:10442000C20B93DB0B01BE9B83270A0023A0740100
:10443000239284018DCF8307440163DA0702631856
:1044400009029707FF1F9387E7C583A80700A257B4
:10445000FD5612560347310201486395D71CB256E8
:104460006392F61CA6878146A285014582984A85FB
:1044700021616FD05EDC83C7450193F7F70721B751
:104480008547A301F10263140C007D59BDB7814536
:104490002285EFF0EFF475F92685EF202F938347FF
:1044A0004401AA8CA18B81CBAA8534102686228553
:1044B000EFE09FC891B75C48014993F7070C95DF7F
:1044C000EF100FC611054205418197C0FE1FE7801E
:1044D000007FAA89630605142ADA231C0102EF1063
:1044E0002FC403D744001105231DA1024EDE9147BE
:1044F00063E6E7004E85EF10F07B41BF83270A009B
:1045000091CB8347440193F7070489E74E85EF1069
:10451000707AE5B50355A400A1671167A98F014B17
:1045200063F5E700EF405FB02A8B83D74400F117B3
:104530002392F40093D76C00858BE1E39707FF1F6C
:10454000938747E39C431397170163510702F25780
:104550000C4826873EDA81465C185A862285231C41
:104560000102EFE0FF812A89F55739C1F2578358DC
:10457000A400035884003EDA5C48A686014613F77F
:1045800017009707FF1F9387E7C99C4385451705C9
:10459000FF1F1305A5D2998F3EC21C485818231C33
:1045A00001023EC0DA87EF608FD32A8925F1F957DF
:1045B0002313F4004C182285EF007FA581BF9307D9
:1045C0008002B387FD02032ECD0A104893084103F1
:1045D00026886687DA862285231C0102850D3E9E89
:1045E000F257F28572CE3EDA8147EFE0AFF12A89C9
:1045F00011E9724E83572E0065BF814D170DFF1FC5
:10460000130D4DC2EF10CFB0420593970D014181BC
:10461000C183E3E6A7FA4E85EF10D0690149F1BBEB
:104620005D59E1BBA687341081B582808280EFD2CC
:10463000DEBF01449704FF1F938444F6EF108FB14F
:104640006344A4029707FF1F9387C7BD03A4470BCA
:10465000EF100FA31316350081452285EFD05EC100
:10466000EFC02F956FD0BEBE88409317640085457C
:104670003E95EFE0AFD80504D1B7EFD21EBB0144A1
:104680009704FF1F9384C4F113098004EF108FABCC
:104690006344A4006FD0BEBBB30724038840050465
:1046A0003E95EFE08FF4DDB7EFD29EB6014497045C
:1046B000FF1F9384E4EE1309800497F9FFFF9389A9
:1046C000499CEF102FA86341A40201449704FF1FE7
:1046D0009384C4EC17F9FFFF13090936EF108FA775
:1046E000634EA4006FD01EB6B30724038840CE8566
:1046F00005043E9513058502F928E1B78840931714
:104700006400CA853E9513054502F1200504F9B7FA
:10471000EFD2BEB11C452A84858BA1CF9706FF1F1F
:10472000938646E89C42014795C36311F4041C40FC
:10473000D4420DE71707FF1F2326F7E66316D400C0
:104740001707FF1F2322F7E6232004001C44232C15
:1047500004000145F99B1CC46FD07EAF1CC3E31558
:10476000D4FE9707FF1F23A1E7E4F9BF3E879C43D0
:1047700065BF31050926D9BF8589B1C1EFD2FEAA2F
:104780001704FF1F130404E208401DC51C4117074E
:10479000FF1F2329F7E058406316E5001707FF1FA6
:1047A0002324F7E01C45584193F6E7FF14C5858B99
:1047B000E1DF79DB0297C9BF01456FD05EA90145F2
:1047C0008280EFD29EA62E8431468145EFD05EAA2C
:1047D00040C16FD0DEA7EFD25EA52A84EFF07FFE46
:1047E0002326040023280400232C04006FD03EA6B7
:1047F000EFD2BEA33105D92A95473305F502A1476B
:104800003345F5026FD0BEA49C4513E7170098C549
:10481000858B8DE7EFD27EA15C4123A0050081EF5F
:104820004CC10CC103458500854597D0FE1FE7802C
:1048300040616FD0DEA18CC34CC1EDB78280EFD256
:104840003E9D3559634A06009C4DB2842E84AA8948
:1048500099C731596387A7004A856FD0BE9E014929
:1048600019E52285EFF0DFEA2A89E34705FE8E0489
:104870009545B3C5B402232C34011305C40071223D
:10488000E1BFEFD29E9AAA851705FF1F130585D1B8
:10489000EFF09FF76FD0BE9BEFD23E992E86AA8590
:1048A0001705FF1F130505D0EFF07FF96FD03E9A73
:1048B0001C4D99C7EFD27E97EFF09FE56FD03E99E0
:1048C0007D558280EFD27E9617050000130505EB1B
:1048D000EF20C0129707FF1F9387C7CC2384A70040
:1048E00023A0070023A207006FD07E9697E7FE1F44
:1048F000938707B088436313F50001458280EFD2A8
:10490000DE92EFF0BFFEFD5711C11C453E856FD012
:104910001E94EFD29E91EFF07FFDAA87014599CBBF
:10492000804785451705FF1F034585C8EF10D072E6
:104930003305A4406FD0BE91EFD23E8F41112AC6FD
:1049400085451705FF1F0345A5C6EF1090678545F0
:104950001705FF1F0345C5C5EF10F04D3246634CE8
:1049600006001705FF1F0345A5C4854501EA97D03A
:10497000FE1FE780004D41016FD07E8DEF10B04FDC
:10498000DDBFEFD29E8A930545FF4845EFF0DFE794
:104990006FD0FE8B85898DC9EFD23E89EFF01FF570
:1049A00009CD544118412324050098C254C3232043
:1049B000050023220500EFF0DFFCEFF05FF4EFF0DD
:1049C000BFF701456FD0BE88014582801C4185CF6D
:1049D000EFD2BE85AA84EFF07FF197E7FE1F9387A1
:1049E00027A1DC43014419E5EFF0BFF23305A440F1
:1049F0006FD0FE8518453A94E30895FE75D5E3051A
:104A0000F5FE0841CDB701458280EFD21E820CC56C
:104A10002A84EFF01FF0AA84EFF05FED01C51C457A
:104A2000858F1CC5EFF09FEC97E7FE1F9387479C8F
:104A3000D04311E950C01CC0DC4380C397E7FE1F80
:104A400023AA879A29A8144518446350D7025C41C9
:104A50003387E64018C55CC008C080C340C1EFF092
:104A60001FEAEFF07FED6FD08EFE158F18C4E303C1
:104A7000A6FC08417DBFEFD24EFB1C41FD54B1C7DF
:104A80002A84EFF0BFE62A89014563142401EFF080
:104A90005FE817E7FE1F1307A79558431C406308FC
:104AA000E40091C71844098F88473A9588C7584051
:104AB00081441CC3D8C323200400232204006316AE
:104AC0002401EFF0DFE3EFF03FE726856FD02EF80B
:104AD000EFD2AEF517050000130505ECEF101072CC
:104AE0009707FF1F2386A7AC6FD06EF65971A2D629
:104AF000A6D4CAD2CED0D2CED6CC032A4500832AA1
:104B00000500832985000329C50004494049832302
:104B100085018322C501DACADEC8E2C6E6C4EAC25C
:104B2000EEC0968B9E8FA28E2688CA864E8F528E9E
:104B3000D6880147178B0000130BCB0F1306000418
:104B400083CC050083C7150003C325009105C20768
:104B500003CCF5FFE20CB3ECFC002203B367930136
:104B6000B36CFC0013536800B307E100131CA801E9
:104B7000336C830123A09701131358019357B80096
:104B8000B3E767003343FC00135C98019317780088
:104B9000B3E78701B347F3001343F8FF337CD80131
:104BA0003373F301334383019A973303EB000323F9
:104BB0000300139C380111079A97E697DE97139329
:104BC000E80193DB2800B3EB6B0013D3D800336309
:104BD000830133C36B0013DC6801939BA800B3EB24
:104BE0008B01B34B73013343EE0133731301337CF9
:104BF000EE01334383019A9B3383D700DE97FA8615
:104C0000FE8B6315C716978500009385A502C146E4
:104C1000930B0004138B16001377FB0090000A0718
:104C20003297832D07FC9105139C9D0113DD7D00B8
:104C3000336D8D011397ED0013DC2D013367870170
:104C4000334DED001387E6003D8B0A073297832C26
:104C500007FC93DD3D00334DBD0113D71C011396B6
:104C6000FC0013DC3C01598E1397DC00336787018D
:104C7000398E13F7F600A506BD8A130C01048A06C7
:104C80000A076297E29603AC06FC832607FC93DCD6
:104C9000AC0033469601369C6A9C329C9356630066
:104CA0001316A301558E232087FD93165301135726
:104CB000B300558FB346E6001356930113177300E4
:104CC000518F358F9346F3FF33760301B3F6D60148
:104CD000B18E3697D45D13D6270036976297139C12
:104CE000E701336C860193D6D70013963701D18E36
:104CF0007E973346DC0093DF67019396A700B3E607
:104D0000F601B3CFC801B18EB3FFFF0033F6C8017F
:104D1000B3CFCF00FE963306E701F68F3697728F3A
:104D2000DA86631C7B05229336545697D297CE9829
:104D30004A9EB2941E98969E04C918C15CC1232451
:104D400015012326C501232A6500232C0501232EE6
:104D5000D501A65416598659764AE64A564BC64B93
:104D6000364CA64C164D864D65618280F68F728F4B
:104D7000C28E468E1A88BE88E1B3C28E468E1A88CD
:104D8000BE883283BA8779B525C5EFD20ECA13061D
:104D9000000781452A84EF50EF99B7E7096A9387A6
:104DA00077661CC0B7B767BB938757E85CC0B7F797
:104DB0006E3C938727371CC4B7F74FA59387A7533B
:104DC0005CC4B7570E519387F7271CC8B777059B6C
:104DD0009387C7885CC8B7E7831F9387B79A1CCCB3
:104DE000B7D7E05B938797D15CCC05456FD02EC6D3
:104DF0000145828039CDEFD2AEC12A84AE8401450F
:104E000099C93389C50019C69309F003130A8402AE
:104E10006315990005456FD0EEC23C548504138795
:104E2000170038D483C6F4FFA2972384D702E3F196
:104E3000E9FED2852285EFF07FCB1C50545023240D
:104E4000040613870720B337F700B69718D05CD055
:104E5000C1B7014582806309050EEFD20EBDAA8459
:104E60002E840145E5C1B8559C51D05193163700A9
:104E7000BE96B3B7F600B29713051700DCD194D1F4
:104E8000930700F8A8D52E972304F7029307800311
:104E90001389850263FFA70013060004098E81456C
:104EA0004A95EF502F89CA852285EFF03FC423240D
:104EB00004062854130680038145098E4A95EF5055
:104EC0006F878356040218505C5013968600A182A7
:104ED000D18E2313D4069356070161832302E4067F
:104EE00013D78700A301F4062301E40613D70701B3
:104EF000E183A302D4062300F406A300E406CA85D6
:104F00002285EFF0BFBE8147930600023307F4000D
:104F100018439104910713568701238EC4FE13563C
:104F20000701A38EC4FE13568700238FC4FEA38FF0
:104F3000E4FEE39DD7FC2285130600078145EF4080
:104F40007FFF05456FD0AEB00145828011E28280BF
:104F50007D16B387C50003C70700B307C5002380CC
:104F6000E700EDB797F7FE1F23A6A7648280EFD274
:104F7000CEAB1C412A84B284858B014989CBB28691
:104F80002E86AA8597B0FE1FE780E0472A89A6856E
:104F9000228597B0FE1FE7800045630A09008A0456
:104FA000F11426941C4037070080D98F1CC06FD0A5
:104FB0000EAAEFD2EEA5039A260093070002AE894F
:104FC0001304FA013344F40293844602AA85B28A98
:104FD0004E852686054962046184A28697B0FE1F2D
:104FE000E780604211ED931754000149635AFA00BB
:104FF000D2854E8597B0FE1FE78040353339A0003B
:10500000A2862686CE85568597B0FE1FE780A03FF4
:105010004A856FD02EA3EFD2AE9F011121462E8478
:105020002A8997B0FE1FE78020375C54A1460A8684
:105030003EC61C588A850A853EC85C5802C402C216
:105040003ECA1C5C02C03ECC5C5C3ECE97B0FE1FEC
:10505000E780603BAA84A1460A86CA854A8597B044
:10506000FE1FE780403A1C58AA94A1463EC65C58F1
:105070000A868A853EC81C5C0A8502CE3ECA5C5CF4
:105080003ECC97B0FE1FE7800038AA94A1460A865E
:10509000CA854A8597B0FE1FE780E0361C50AA9467
:1050A000A1463EC05C500A86CA853EC21C544A8551
:1050B00002CA3EC41C5C02C802C63ECC5C5C3ECE4A
:1050C00097B0FE1FE78020345C50185CAA943EC065
:1050D0001C543AC8585C3EC25C54A1460A863EC481
:1050E0005C58CA854A853EC63ECC1C503ACA3ECE64
:1050F00097B0FE1FE78020315C54AA94A1463EC0C1
:105100001C580A86CA853EC25C584A8502CA3EC4FB
:105110001C5002C802C63ECC1C543ECE97B0FE1FA7
:10512000E78000321C58898CA1463EC05C580A8634
:10513000CA853EC21C5C4A8502CA3EC45C5C02C889
:105140003EC65C503ECC5C543ECE97B0FE1FE7801E
:10515000202F5C58898CA1463EC01C5C0A86CA85FB
:105160003EC25C5C4A8502CC3EC41C503EC65C50CC
:105170003EC81C543ECA1C583ECE97B0FE1FE78066
:10518000202C1C5C898CA1463EC05C5C0A86CA85CA
:105190003EC25C504A8502C43EC61C5402CC3EC886
:1051A0005C543ECA5C583ECE97B0FE1FE780402953
:1051B0003384A44097D4FE1F93844424634704029D
:1051C000854911E82146CA85268597B0FE1FE780EC
:1051D000E00A63073503A1462686CA854A8597B04B
:1051E000FE1FE780E025098CE9BFA1462686CA8517
:1051F0004A8597B0FE1FE78000212A94E34704FE0A
:1052000005616FD02E84EFD2AE801D712A84328961
:105210002E8A714681454800EFD08E8583040900AF
:105220008D475286A686D28508103EC097B0FE1FD5
:10523000E78040288327C90A0C1022858297A6861A
:105240000A86A28522859309490097B0FE1FE78050
:10525000201F09C9A6864E86A285228597B0FE1F0B
:10526000E780601A830609005286A285081097B06D
:10527000FE1FE78020248327C90A0C10228582970D
:10528000A68613064908A285228597B0FE1FE780EF
:10529000801719E92686A2854E8597B0FE1FE78004
:1052A000E0FD8547630AF500A6864E86A285228525
:1052B00097B0FE1FE780C01825616FC0BEF8EFC22F
:1052C0003EF58384060019712A89AE8A3285A68547
:1052D0003284B68997B0FE1FE78020056319052C3C
:1052E000A6865686D685880097B0FE1FE780801C6C
:1052F00083A7C90A8C000A858297838609000A86DB
:10530000CA85880097B0FE1FE780C01A83A7C90A24
:105310008C0008108297838609000A868A85880097
:1053200097B0FE1FE780001983A7C90A8C000A8581
:105330008297838609002286D685880097B0FE1F53
:10534000E780401783A7C90A8C0056858297838619
:1053500009002286A285880097B0FE1FE78080158D
:1053600083A7C90A8C0022858297A6862286CA85D1
:105370004A85138A490097B0FE1FE780C00819E9E3
:105380002686CA85528597B0FE1FE78020EF8547A5
:10539000630AF500A6865286CA854A8597B0FE1F25
:1053A000E780000AA6862286A285228597B0FE1F86
:1053B000E780600519E92686A285528597B0FE1F11
:1053C000E780C0EB8547630AF500A6865286A28572
:1053D000228597B0FE1FE780A006A6862286CA8592
:1053E000228597B0FE1FE780A00509C9A6865286D0
:1053F000A285228597B0FE1FE780E0008386090022
:105400002286CA85880097B0FE1FE780A00A83A77E
:10541000C90A8C004A858297A6864A86CA85228553
:1054200097B0FE1FE78020FE19E92686A2855285E7
:1054300097B0FE1FE78080E48547630AF500A686E3
:105440005286A285228597B0FE1FE78060FFA68660
:105450002286CA854A8597B0FE1FE780C0FA19E9FF
:105460002686CA85528597B0FE1FE78020E18547D2
:10547000630AF500A6865286CA854A8597B0FE1F44
:10548000E78000FC81454A8597B0FE1FE78000EC6D
:1054900063020512A6865286CA854A8597B0FE1F0A
:1054A000E78060F62A8BA6854A8597B0FE1FE780C5
:1054B00080F393972400F117CA9788437E0B3365D6
:1054C000650188C3838609004A86CA85880097B02B
:1054D000FE1FE78020FE83A7C90A8C0022858297E1
:1054E000A6861010A285228597B0FE1FE78040F5A2
:1054F00009C9A6865286A285228597B0FE1FE7803D
:1055000080F0A6861010A285228597B0FE1FE78046
:1055100020F309C9A6865286A285228597B0FE1F70
:10552000E78060EE0C10A68622862E8597B0FE1FBF
:10553000E78000F109C90C10A68652862E8597B027
:10554000FE1FE78040EC838609001010CA858800A2
:1055500097B0FE1FE78000F683A7C90A8C004A8532
:105560008297A6860A86CA850A8597B0FE1FE780BD
:1055700020ED09C9A68652868A850A8597B0FE1F46
:10558000E78060E82686A2854A8597B0FE1FE780FF
:10559000A0E02686D685228597B0FE1FE780C0DF73
:1055A00026868A85568597B0FE1FE780E0DE096172
:1055B0006FC05EC9A6854A8597B0FE1FE780A0E24E
:1055C00011B7EFC2FEC4AE8919712A89B6854E851E
:1055D000B284368497B0FE1FE78020D511C9A2851A
:1055E0004A8597B0FE1FE78080D209616FC09EC5D3
:1055F0002286CE850A8597B0FE1FE780E0D92286F5
:10560000A685081097B0FE1FE78000D9A285880004
:1056100097B0FE1FE780A0CF8547A2858810BEC047
:1056200097B0FE1FE780A0CE22860C100A8597B0A7
:10563000FE1FE780A0C409E922868C004A8597B046
:10564000FE1FE78060D555B78247858B89EFA2851D
:105650000A8597B0FE1FE78000D92286A6858800BC
:10566000EFF0FF90D1B78257858B99EBA285081098
:1056700097B0FE1FE78020D72286A6858810CDB779
:10568000A2866359A00410108A850A8597B0FE1F70
:10569000E78000DBA2850A8597B0FE1FE780A0D4D3
:1056A00022868C10880097B0FE1FE78020BD635AC9
:1056B00005008C00A28626862E8597B0FE1FE78007
:1056C00080D48C00A28690102E8597B0FE1FE780B4
:1056D00020D761B70C100A862E8597B0FE1FE78091
:1056E00020D6A285081097B0FE1FE780C0CF228683
:1056F0008C00881097B0FE1FE78040B8635A050001
:105700008C10A28626862E8597B0FE1FE780A0CF3C
:105710008C10A28690002E8597B0FE1FE78040D2A5
:10572000A1BFEFC29EAD038C070069712AC2B28D82
:10573000080962862E8D36C63E84BA8B97B0FE1F4E
:10574000E78080C593172C003EC4EA976286BE8529
:1057500088093EC097B0FE1FE78000C4B2468304AC
:1057600004006384066C2686B685081897B0FE1F71
:10577000E78080C226860C09881897B0FE1FE78054
:10578000A0C126868C09081997B0FE1FE780C0C00B
:10579000830604001018B285881997B0FE1FE780B1
:1057A00060D18327C40A8C19880882978306040075
:1057B00090080C09881997B0FE1FE780A0CF8327B7
:1057C000C40A8C19080982978306040010188C08F3
:1057D000881997B0FE1FE780E0CD8327C40A8C1993
:1057E000880882978306040090088C09881997B06E
:1057F000FE1FE78020CC8327C40A8C198809829772
:105800008327440AA28610188C0908098297830608
:1058100004001018B285881997B0FE1FE78080C970
:105820008327C40A8C19880882978306040090088D
:105830008C18881997B0FE1FE780C0C78327C40A59
:105840008C19881882978306040010188C08881910
:1058500097B0FE1FE78000C68327C40A8C1988080A
:1058600082978306040090080C19881997B0FE1FD0
:10587000E78040C48327C40AF91B8C190819C20B9E
:10588000829793DB0B4113094400854C8304040089
:105890006346705B81456E8597B0FE1FE78000AB65
:1058A000B339A00096099C18338A3701933A150042
:1058B0001C19960ABE999C18338B5701A6861C1991
:1058C0005286DA850808BE9A97B0FE1FE78040B777
:1058D00009C90C08A6864A862E8597B0FE1FE78068
:1058E00080B2830604001008B285881997B0FE1FA5
:1058F000E78040BC8327C40A8C1908088297830676
:1059000004001008D285881997B0FE1FE78080BA7E
:105910008327C40A8C1952858297830604001008D5
:10592000DA85881997B0FE1FE780C0B88327C40ABC
:105930008C195A858297A6864E86D685080897B018
:10594000FE1FE78040AC19E926860C084A8597B00F
:10595000FE1FE780A0928547630AF5000C08A68623
:105960004A862E8597B0FE1FE78080ADA6864E86BC
:10597000D685568597B0FE1FE78080AC09C9A686FC
:105980004A86D685568597B0FE1FE780C0A7A686B3
:105990005286DA85081897B0FE1FE78060AA09C909
:1059A0000C18A6864A862E8597B0FE1FE780A0A514
:1059B000830604001018CE85881997B0FE1FE78073
:1059C00060AF8327C40A8C194E858297A6865A86B3
:1059D000D285081897B0FE1FE780E0A219E9268655
:1059E0000C184A8597B0FE1FE78040898547630AF7
:1059F000F5000C18A6864A862E8597B0FE1FE78014
:105A000020A4830604005686D685881997B0FE1F09
:105A1000E78040AA8327C40A8C195A858297A686F4
:105A20001018DA855A8597B0FE1FE78060A109C972
:105A3000A6864A86DA855A8597B0FE1FE780A09C25
:105A4000A6865A86D285880897B0FE1FE780409FB9
:105A500009C98C08A6864A862E8597B0FE1FE78066
:105A6000809A830604009008D685881997B0FE1F97
:105A7000E78040A48327C40A8C1956858297A6869E
:105A80004E86D685568597B0FE1FE780609B09C974
:105A9000A6864A86D685568597B0FE1FE780A096D3
:105AA000830604001008B285881997B0FE1FE780AE
:105AB00060A08327C40A8C19880882978C08A68660
:105AC00010182E8597B0FE1FE780809709C98C08B3
:105AD000A6864A862E8597B0FE1FE780C092A686CE
:105AE00052868C08081897B0FE1FE780609509C998
:105AF0000C18A6864A862E8597B0FE1FE780A090D8
:105B00008306040010080C18881997B0FE1FE78060
:105B1000609A8327C40A8C1908188297A6864E8635
:105B20000C184E8597B0FE1FE780809109C9A686A4
:105B30004A86CE854E8597B0FE1FE780C08C2686AC
:105B40008C08528597B0FE1FE7800085E28690188A
:105B50000C09081897B0FE1FE780808E09C90C1841
:105B6000E2864A862E8597B0FE1FE780C0898306AD
:105B700004004E860C18881997B0FE1FE7808093AA
:105B80008327C40A8C1908188297830604006A8642
:105B90000C18881997B0FE1FE780C0918327C40AAC
:105BA0008C19081882970C182E85E2864A86EFF029
:105BB0005FA18306040002460C18881997B0FE1FE7
:105BC000E780408F8327C40A8C19081882978306C0
:105BD000040052860C18881997B0FE1FE780808D4C
:105BE0008327C40A8C1908188297830404005A86F4
:105BF000D285A686880897B0FE1FE780608409C911
:105C00008C08A6864A862E8597A0FE1FE780A07F77
:105C1000830604009008B285881997B0FE1FE780BC
:105C200060898327C40A8C19880882978306040038
:105C30009008DA85881997B0FE1FE780A087832730
:105C4000C40A8C195A858297830604009008D2856D
:105C5000881997B0FE1FE780E0858327C40A8C1956
:105C600052858297A6865686CE854E8597A0FE1FC2
:105C7000E780007D09C9A6864A86CE854E8597A015
:105C8000FE1FE7804078830604004E86CE85881983
:105C900097B0FE1FE78000828327C40A8C1988080A
:105CA00082978C08A6865A862E8597A0FE1FE780CD
:105CB000207909C98C08A6864A862E8597A0FE1FE2
:105CC000E78060748C08A68652862E8597A0FE1FFA
:105CD000E780007709C98C08A6864A862E8597A09A
:105CE000FE1FE7804072A6865A86D285528597A00D
:105CF000FE1FE780E07409C9A6864A86D2855285D0
:105D000097A0FE1FE7802070830604005286D68588
:105D1000881997A0FE1FE780E0798327C40A8C19B1
:105D200056858297A6869008DA85528597A0FE1F31
:105D3000E780007109C9A6864A86D285528597A058
:105D4000FE1FE780406C830604005286CE858819CA
:105D500097A0FE1FE78000768327C40A8C194E8522
:105D60008297A6865686CE854E8597A0FE1FE78031
:105D7000206D09C9A6864A86CE854E8597A0FE1F4E
:105D8000E780606826868C08528597A0FE1FE78012
:105D9000A060830604001018B285881997A0FE1F22
:105DA000E78040718327C40A8C198808829783068C
:105DB000040090088C18881997A0FE1FE780806F58
:105DC0008327C40A8C198818829783060400101848
:105DD0008C08881997A0FE1FE780C06D8327C40A2E
:105DE0008C19880882978306040090080C1988197A
:105DF00097A0FE1FE780006C8327C40A8C1908193E
:105E00008297124562868C1897A0FE1FE780C058C3
:105E1000924722470C1962863385E70097A0FE1F40
:105E2000E780805755616FC00EC1A685081897A0FE
:105E3000FE1FE780C04D85473ED82DBADE856E85B2
:105E400097A0FE1FE7808050133A1500B3894C419C
:105E500096099C18B38A37011C19160ABE999C181A
:105E6000338B4701A6861C195686DA8508083E9AA8
:105E700097A0FE1FE780C05C09C90C08A6864A8669
:105E80002E8597A0FE1FE7800058830604001008A7
:105E9000B285881997A0FE1FE780C0618327C40AD6
:105EA0008C1908088297830604001008D685881983
:105EB00097A0FE1FE78000608327C40A8C195685CF
:105EC0008297830604001008DA85881997A0FE1FC0
:105ED000E780405E8327C40A8C195A858297A6867C
:105EE0004E86D285080897A0FE1FE780C05111E9B1
:105EF00026860C084A8597A0FE1FE7802038630A93
:105F000095010C08A6864A862E8597A0FE1FE7807D
:105F10002053A6864E86D285528597A0FE1FE78025
:105F2000205209C9A6864A86D285528597A0FE1FAF
:105F3000E780604DA6865686DA85081897A0FE1F72
:105F4000E780005009C90C18A6864A862E8597A0BE
:105F5000FE1FE780404B830604001018CE85881989
:105F600097A0FE1FE78000558327C40A8C194E8531
:105F70008297A6865A86D685081897A0FE1FE780C6
:105F8000804811E926860C184A8597A0FE1FE780F5
:105F9000E02E630A95010C18A6864A862E8597A0E6
:105FA000FE1FE780E049830604005286D2858819E7
:105FB00097A0FE1FE78000508327C40A8C195A85DA
:105FC0008297A6861018DA855A8597A0FE1FE7806B
:105FD000204709C9A6864A86DA855A8597A0FE1FFA
:105FE000E7806042A6865A86D685880897A0FE1F5D
:105FF000E780004509C98C08A6864A862E8597A0A9
:10600000FE1FE7804040830604009008D28588196F
:1060100097A0FE1FE780004A8327C40A8C19528587
:106020008297A6864E86D285528597A0FE1FE7806E
:10603000204109C9A6864A86D285528597A0FE1FAF
:10604000E780603C830604001008B285881997A099
:10605000FE1FE78020468327C40A8C198808829790
:106060008C08A68610182E8597A0FE1FE780403D5D
:1060700009C98C08A6864A862E8597A0FE1FE78050
:106080008038A68656868C08081897A0FE1FE780E1
:10609000203B09C90C18A6864A862E8597A0FE1FAC
:1060A000E78060368306040010080C18881997A052
:1060B000FE1FE78020408327C40A8C1908188297A6
:1060C000A6864E860C184E8597A0FE1FE7804037A7
:1060D00009C9A6864A86CE854E8597A0FE1FE78011
:1060E000803226868C08568597A0FE1FE780C02A3E
:1060F000830404005A86D685A686880897A0FE1FCA
:10610000E780003409C98C08A6864A862E8597A0A8
:10611000FE1FE780402F830604009008B28588198F
:1061200097A0FE1FE78000398327C40A8C198808CE
:106130008297830604009008DA85881997A0FE1FCD
:10614000E78040378327C40A8C195A8582978306D3
:1061500004009008D685881997A0FE1FE780803537
:106160008327C40A8C1956858297A6865286CE85C7
:106170004E8597A0FE1FE780A02C09C9A6864A86F7
:10618000CE854E8597A0FE1FE780E027830604009A
:106190004E86CE85881997A0FE1FE780A031832701
:1061A000C40A8C19880882978C08A6865A862E8580
:1061B00097A0FE1FE780C02809C98C08A6864A86DA
:1061C0002E8597A0FE1FE78000248C08A6865686A1
:1061D0002E8597A0FE1FE780A02609C98C08A686F9
:1061E0004A862E8597A0FE1FE780E021A6865A8664
:1061F000D685568597A0FE1FE780802409C9A6860C
:106200004A86D685568597A0FE1FE780C01F830665
:1062100004005686D285881997A0FE1FE780802942
:106220008327C40A8C1952858297A6869008DA853E
:10623000568597A0FE1FE780A02009C9A6864A863A
:10624000D685568597A0FE1FE780E01B83060400D5
:106250005686CE85881997A0FE1FE780A025832744
:10626000C40A8C194E858297A6865286CE854E85A5
:1062700097A0FE1FE780C01C09C9A6864A86CE8566
:106280004E8597A0FE1FE7800018FD1B26868C0810
:106290005685C20B97A0FE1FE780001093DB0B41D1
:1062A0006FF0CFDEEFB27EF85D713284AA841018F1
:1062B000A2862E850C082EC432C6EFE09FCF03576E
:1062C0002400133515009C080A053E95032685FB1E
:1062D00005074207A2874187814693054404268526
:1062E000EFF02FC48345040026858605E205E1858D
:1062F00097A0FE1FE78060031335150061616FB042
:106300001EF5EFB21EF02E8BAA84B2855A85328418
:1063100097E9FE1F9389092A97A0FE1FE780400492
:1063200083A70900B1C7131A5400931B2400330537
:10633000AA401389CBFF7D5A2699335AAA00930AA3
:106340000004054C83A70900DE85268582970DC1D0
:1063500083270900A2852685B3F747012320F9008A
:1063600097A0FE1FE78060FC19C5FD1AE39C0AFC9C
:1063700001456FB09EEC2286A6855A8597A0FE1F28
:10638000E7800010E31385FF0545E5B7EFB25EE84F
:10639000AA892E89B28413040004130A0002930A06
:1063A000460203962400D6854A857D063346460379
:1063B00062066186EFF0FFF409C92686CA854E851C
:1063C000EFF05FEE11E57D1469FC01456FB09EE7CB
:1063D0000545EDBFEFB2DEE303891600357100100D
:1063E0002A8B130A01042285B2894A86B684838ADD
:1063F000060022CC52CEEFE07FB513161900DA85E5
:106400008810EFE0BFB4A2852285A6865286EFE011
:106410005FBA97E7FE1F9387E7199C432A849DC3C1
:10642000931725001811BA9783A687F75686938588
:106430004400368536C6EFF0DFECB24609E50D6163
:106440006FB05EE0814603D72400133414001C11A2
:106450000A043E94032684F705078C104207A6879A
:1064600041872E85EFF0EFAB4A868C104E85EFE02A
:10647000FFAD83C5040088108605E205E18597A07D
:10648000FE1FE78080EA1335150055BF17C5FE1FB4
:10649000130585F68280184183A785FF6319B7002D
:1064A0001CC1FD5723AC05FE238FF5FE8280232CF3
:1064B000F6FEC5BF411122C437E400E026C2044005
:1064C0003707200006C6F98C2320E4180F100000BF
:1064D00009E9232094101545B24022449244410119
:1064E00082800347E5FF9307F00F6306F700232040
:1064F00094101145D5B797B0FE1FE780C0650145E0
:1065000023209410D1BF41114AC037E900E022C4D2
:1065100003240900B707200006C626C27D8C23206D
:10652000F9180F10000089E52320891015451DA0DA
:10653000AA8497E7FE1F83C737082E8563F5F4000A
:10654000894763EF9700EFF0FFF6B7E700E023A07D
:1065500087100D45B2402244924402494101828095
:1065600083A785FF99E703C7E5FF9307F00F63094A
:10657000F700EFF03FF4B7E700E023A087107DB706
:10658000238F95FE1385418697A0FE1FE7808071BB
:10659000A165268597C0FE1FE780A08A01452320BC
:1065A00089104DBF23A2018682804111B7E700E028
:1065B00026C284433707200006C622C4F98C23A0D4
:1065C000E7180F10000097E7FE1F83A767031384E7
:1065D000418191C782971C40AA971CC021A083A724
:1065E0004187EDFB0840B74703009387D73F33054A
:1065F000F502B7A72600938737ECB2403E9508C056
:106600002244B7E700E023A0971092444101828022
:10661000411122C406C683A7018717E4FE1F130495
:10662000A4F989C782975C48AA975CC84848B240D9
:10663000224441018280B7E700E09843B70620007A
:1066400023A0D718758F0F10000097E6FE1F83C692
:10665000B6F6637ED50083A601883325D5201621A2
:10666000B3F5B6400EA123A0E7100145828023A018
:10667000E7100D458280797122D437E400E04AD0DA
:1066800003290400B707200006D626D24ECE52CCEE
:1066900056CA5AC85EC63379F9002320F4180F1081
:1066A000000097E7FE1F83C737F16376F50083ABE1
:1066B000418763970B00B7E700E023A0271199A05B
:1066C00097EAFE1F938ACAF603AB8A00B74736FEE5
:1066D000938707C83E9B83D7CA002E8AAA84B385B6
:1066E000C702B2898146B3B7C70213850532B335F5
:1066F000B50013060064BE95EF3050716370AB02B5
:10670000232024110145B250225492540259F249D7
:10671000624AD24A424BB24B45618280829B83D708
:10672000CA002A8413060064B38537038146B3B7D1
:10673000370313850532B335B500BE95EF30106DC4
:10674000B307850003A78A003E8463E4A70063E4DF
:10675000E7003384E740D285268597B0FE1FE780A7
:10676000C05C01C900C5B7E700E023A027110545BB
:1067700059BF93E504F04145B3C5050897B0FE1F26
:10678000E780003111E997E7FE1F83A767E885D707
:10679000A6851145829705B71387C1871C4389EFEA
:1067A00008C385472326050000C52311450104A120
:1067B0001CB12322050045BF3E87DC47F5FF48C7D3
:1067C000CDB7011126CAB7E400E04AC803A9040006
:1067D00022CC4EC6B707200006CE52C4AA892E840A
:1067E0003379F90023A0F4180F10000097B0FE1FB2
:1067F000E780A05317EAFE1F130A0ADC05E5A2850D
:106800004E85EFF05FE383470A006381370523A0DD
:1068100024111945F2406244D2444249B249224A05
:106820000561828023110500A2854E85EFF0BFE04F
:1068300083470A006386370123A024110145D9BF8D
:106840001387E1861E23C18F1EA3FDB79387E186C0
:106850009A23598C82A365BF4111B7E700E026C295
:10686000844306C622C437072000F98C23A0E7180A
:106870000F10000097B0FE1FE780204B19E901457B
:10688000B2402244B7E700E023A0971092444101B0
:106890008280004583A74187829797E7FE1F9387F1
:1068A00027D96367A4029847B74636FE938606C881
:1068B0003305A4403697E374E5FC13070064B33551
:1068C000E502D22781463305E502EF3030544DBF53
:1068D00098473A94C9BF411106C623A8A1860295DC
:1068E000B24097E7FE1F23A5A7CE01454101828054
:1068F00041115146814517E5FE1F130525D206C6F5
:1069000022C426C223AE018623A8018623AA0186BB
:106910002386018623A4018697A0FE1FE780004CF2
:1069200013068002814517E5FE1F1305E5C897A0F1
:10693000FE1FE780A04AEF30806F97E7FE1F938726
:1069400027CAE82BFC3B17E4FE1F1304E4C6854569
:106950003E958D473305F5029307000493844188E3
:1069600039051375F50F3375F50A994728A03305D6
:10697000F502130505243345050897B0FE1FE7808F
:10698000201188C03DC53020994781453306F60265
:106990001306062497A0FE1FE78040449C40382041
:1069A00093848187938707249CC0B347F72023A053
:1069B000F188EFF03FBF15261C30944017B6FE1F3C
:1069C0001306C62E33C7D72010C3138717001377BB
:1069D000F70F17B6FE1F130646273347D72010C3FD
:1069E00013873700890718B093F7F70FB3C7D7207D
:1069F00090C3B240224492444101828097E6FE1F38
:106A0000938686BB2A87BC228832637BF5001306F7
:106A1000150083A7818790B2B347F52098C3828081
:106A20001305F00F82801C41FDC7370700F07D8FF2
:106A3000B706002089476311D70E5A21411122C49D
:106A400006C62A8461C719469305F00F690597A009
:106A5000FE1FE780E04305478D476309E50A1C44B4
:106A600091C7585899475DC3185C4DC31306C003BE
:106A7000814517E5FE1F1305A5B697A0FE1FE78009
:106A8000E0351306C003A28517E5FE1F130545B5C3
:106A900097A0FE1FE780C03197E7FE1F938747B49A
:106AA000DA2701E713070010DAA7F82719E30547EB
:106AB000F8A79A2B19E36D479AABF83719E31547F6
:106AC000F8B7B82B19E30547B8ABB83B19E3F8376B
:106AD000B8BBD83B11C7937637000983F4ABF8BB3A
:106AE000D82B19E35547D8AB182C01E71307C0037F
:106AF00098AF9C5791C7829797E7FE1F2392A7AC48
:106B0000FD57A38CF18CEFF0BFDE8147B2402244E9
:106B10003E854101828089473E85828079714ECED3
:106B200097E9FE1F9389C9B083A7090006D622D42E
:106B300026D24AD052CC829713090064B33525037C
:106B400003D6C900814617EAFE1F130AEAA632C619
:106B500033052503EF30902B83248A012A840145D5
:106B60006386840232463305944063EF840003A5B4
:106B700089008146B335A9023305A902EF301029F7
:106B8000B307954033858700232C8A00B2502254E6
:106B900092540259F249624A4561828041114AC0C9
:106BA00017E9FE1F1309C9A38327890206C622C459
:106BB00026C28DCF829797E4FE1F9384E49F9E2484
:106BC0002A848DC733F7A70A33470708B3D7A70A24
:106BD000B3C70708B307F74051476359F700832746
:106BE000C90291C38297EF20F00282A4B2402244EE
:106BF0009244024941018280011122CC23A40188E0
:106C000017E4FE1F1304C49D5C5406CEAA8581C7F9
:106C10002AC68297B245C9C59C410545B5CF9C455A
:106C2000A5CFDE25B5CBFE25A5CB9C2981CB7C2825
:106C30007838BA976342F506DC41B9CF13064002B3
:106C400017E5FE1F1305C59E97A0FE1FE78040169F
:106C500097E7FE1F9387C79D984323AAE186183CB8
:106C600019EFCA279307805737460F003305F502FF
:106C70001306062481468145EF30501908BC183CA4
:106C80009D4763E4E700A1471CBC170500001305FE
:106C900025E9EFF05FC40145F2406244056182805E
:106CA00097E7FE1F23A8079297E7FE1F9387479851
:106CB00017A7FE1F1307A76998C337873200FD5631
:106CC000130727A194C7D8C797E7FE1F238A079603
:106CD000B7C7004023A4D726A5BF011122CC17E4D3
:106CE000FE1F1304E48F084406CE26CA4AC801E9F1
:106CF0000545F2406244D2444249056182805C58B5
:106D0000E5DB185C75D77000854582971844B2475B
:106D1000E300F7FE4A249305E00417E9FE1F130978
:106D2000A98997B0FE1FE780A0D62320A90269D1C8
:106D300052249305F00F814497A0FE1FE780000ABC
:106D40007C240326090263C1F402328597B0FE1F3A
:106D5000E78060E0014597E7FE1F23AF078697E7CE
:106D6000FE1F23AD078671B74E241844B3879502E2
:106D7000898185043385E7001C5C08C28297C9B706
:106D8000C167F9176313F500F1A1411106C6312758
:106D900011E15D45B2404101828039714ED652D435
:106DA0005AD05ECE06DE22DC26DA4AD856D22A8AAD
:106DB0002E8BB289B68B0DE7EFF09FFC91457129C0
:106DC0002A844D49854A19EDF2506254D254B25981
:106DD000225A925A025BF24B4A85425921618280C3
:106DE0003A84814A230034018544630A0B00DE851E
:106DF00013051400029B93041500B3C4040893996F
:106E0000496063D10902C14552856D25654905E593
:106E100033069400A6852285F9252A8909EDB10457
:106E2000B3C4040891472C0052857C8422C6648533
:106E3000B1232A8951D9E3890AF8228597B0FE1F28
:106E4000E78060D151B7011106CE2EC6112D19C5AC
:106E5000B245F2402A2105616F00F029F240494510
:106E60000561828017D5FE1F0325C57F828097D7D5
:106E7000FE1F83A7677F8843828017D7FE1F1307F3
:106E8000677D544B9C4285079CC228339307F00FC3
:106E90006307F500916517B3FE1F670083FA8280D0
:106EA000C1671387E7FF6391E50283A7C18891EB70
:106EB000494582804945B2402244924402494101F9
:106EC00082809C43F5D78287411122C426C24AC0E2
:106ED00006C6FD172A892E84B2846394F50283A71F
:106EE000C18889C79C4399C3829711C5A6854A85E5
:106EF000EFF07FF569F123882189A3889188014506
:106F00005DBF2E8597B0FE1FE780400645D51C214A
:106F10000D45E39227FB22852244B2400249A68513
:106F2000924441016F00301D7547AA876365B7021F
:106F3000114701456378B702ED1593F5F50F6147E9
:106F40006361B702976600009386C6DEB3C5D5209D
:106F500098413697028793F5F50713072005638A52
:106F6000E50001458280C847828088438280884747
:106F70008280C8438280797122D44AD0AE8706D6F7
:106F8000BA8526D24ECE7547328436896364F704BB
:106F90002147636CF70015476388E7021947638C44
:106FA000E708C167FD1785441DA037061400DD17EB
:106FB00013060620B317F0287D8E41EE19677D8FEA
:106FC0003DE793F71710F1DFC167FD17894463169A
:106FD000F40221A813F7F70793062005E313D7FC63
:106FE00041677D17631DE6048D442EC6EFF05FD91F
:106FF000B245330495403344040833858400334557
:107000000508A12CAA87B3C9040821C96304090093
:10701000231089002254B25092540259B3053041D2
:10702000F2493E85456117B3FE1F670003BFC16784
:10703000FD17954469BFC167FD179D4449BF1307FC
:10704000200D8D44E39BE7FA1304C6003344040883
:107050006DB7C167FD178D449DBFB2502254925445
:107060000259F24945618280411106C6EFF0DFEB1B
:1070700019C5B240410117B3FE1F6700C3ADB2404E
:107080004101828017D7FE1F03475762814763E49F
:10709000E700014582809221938645006314A60093
:1070A0002E8582808507B685DDB717D7FE1F03477B
:1070B000F75F8147FD5663E3E700828016A1230155
:1070C000050085071105C5BF411106C6EFF09FFBFE
:1070D00009C52821B240410182800145E5BFAA8748
:1070E00003A5818911E1828018453A276314F700CE
:1070F000110582800841FDB7411106C6EFF03FFE41
:1071000009C52821B240410182804145E5BF4111B6
:107110001386818922C40042AA8606C62E850147AD
:107120001DCC1C44AE271C406396D5021DC71CC352
:1071300001C921469305440097A0FE1FE78040C780
:10714000228597B0FE1FE78000A10145B24022448E
:107150004101828022873E84E1B71CC2D1BF054530
:10716000F5B701119386C18926CAAA84884222CC28
:1071700006CE2E8401470DCD52211C416315960287
:1071800015C71CC397B0FE1FE780E09C2C00268526
:10719000EFF0FFF701E519C0B2471CC0F2406244AE
:1071A000D244056182802A873E85F1B79CC2D9BF4F
:1071B0000545EDB703C7318A854763F6E706011138
:1071C00022CC26CA4AC806CE2A84AE84328997B019
:1071D000FE1FE78000D311C538219307E00F630637
:1071E000F704631B090022856244F2404249A685E8
:1071F000D24405616F20F06A8A209305E1002317CD
:10720000010097B0FE1FE78000D22887EFF0DFEE85
:10721000AA8505462285DD2279D5F2406244D24412
:10722000424905618280594582805D45FDB74167CD
:107230007D176315E5002E856FF03FE7411106C607
:10724000EFF05FE409C5FD571EA123010500B24020
:107250004101828003D5018A82809565411119051B
:10726000938535C006C63345050897B0FE1FE780F5
:10727000208201C9B240E955410117B3FE1F6700E2
:10728000C399B240410182809A21B14771173307F7
:10729000F70297D7FE1F9387E73DBA97D84301EBD4
:1072A000D841AAA70145D8C3BA219AA782805945D7
:1072B0008280BE21C5CF011126CA06CE22CC03D7BB
:1072C000018AAA846D45636EF7082E844840914573
:1072D00097B0FE1FE78060943E20AA861CA13E2046
:1072E000A1831CB11E203CA11E20A1833CB13220F1
:1072F000C167F917110633460608639DF4022AC4D4
:10730000314532C697A0FE1FE780609BAA854D4598
:10731000A9C9930700F93246A2469CA1F957BEA11C
:107320008947DCA1F2A194C503C5418AEFF0AF9D66
:10733000014505A881452685C92301E91387318ABE
:107340001C23FDD7FD171CA3E5B789476302F5028F
:107350009D476301F502C9476300F502FD47E30F4E
:10736000F5FCF2406244D244056182806D45828022
:107370005145C5BF1145F5B70945E5B79E210D47F4
:10738000F117B3C70708636FF704DC41411122C44A
:1073900006C626C22E84A9CB8545AA84212A39C9CE
:1073A0002685E528C167F917638DF40019E93E20A9
:1073B00089CB162019476391E60403D7018A63FD40
:1073C000E70283C7318AA285268599C72244B24045
:1073D000924441016FF0FFED2244B24092444101DA
:1073E0006FF09FEA094582800945B24022449244E9
:1073F000410182805145D5BF6D45C5BF411122C4B1
:1074000026C24AC006C62A892E84B28497B0FE1FBF
:10741000E780C0B509EDC167F91751456313F9005D
:107420000145B240224492440249410182805455B0
:107430005C2195C213F727014146630BC700C18B3E
:107440003D45E5D3BC2E0145E3FD87FC3145D1BF69
:107450001545F5D4F9B7C18B0145E1F71545D1B70D
:107460004166AA8697D5FE1F83C5452403A7818A56
:1074700081477D166394F5000145828003582700FB
:107480003A856306C80003480700E308D8FE85076D
:1074900093F7F70F1307C703F1BF411106C697B063
:1074A000FE1FE780A0AC09C54A29B2404101828095
:1074B0000145E5BFC167F9176305F502411122C413
:1074C00006C62E8497B0FE1FE78040AAAA87014512
:1074D00089C7DC237D8C33358000B24022444101D2
:1074E0008280054582805D714EDE86C6A2C4A6C23A
:1074F000CAC052DC56DA5AD85ED689494DC932899B
:10750000894955C6138B45002A8AAE8A334B0B082E
:10751000930530055A8597A0FE1FE78060572A849F
:10752000CD4951C5EFF0BF94AA845686D28593DA2F
:10753000840013DA040193FBF40F1305440093FA5B
:10754000FA0F137AFA0FE18097A0FE1FE780E09010
:10755000A301740123015401A300440104A0EFF02E
:107560007F90AA854146080897A0FE1FE780E08E1D
:10757000214734005A86A28508084D22AA891DE1B8
:1075800021462C0023007901A30059012301490160
:10759000A30199001305490097A0FE1FE780E08B27
:1075A000EFF0BF8D228597A0FE1FE780C05AB6403E
:1075B000264496440649625AD25A425BB25B4E85D3
:1075C000F259616182808147C1463307F500B38873
:1075D000F500182383C808003308F60085073347F1
:1075E00017012300E800E392D7FE82803D478147E0
:1075F0007D583306E5001422B388E5007D17860622
:10760000D58F2380F8001C229D83E31407FF82801E
:107610000147C1469377F70F63FDC700B307E50045
:107620009C233388E5002300F8000507E314D7FE08
:107630008280918F93B717009E07E5B701114AC862
:107640004EC62E89AA8993053005414506CE22CC27
:1076500026CA52C4328A97A0FE1FE78060432A845C
:1076600093053005414597A0FE1FE7806042AA843C
:107670005DC059C1414681459790FE1FE780007665
:107680004E852286A685EF10F040AA8929E183075E
:10769000040063D90704A6852285EFF03FF54A86EA
:1076A000975500009385456F2685EFF0DFF183073E
:1076B000090063DE0702A6854A85EFF03FF3528694
:1076C000975500009385456D2685EFF0DFEF228505
:1076D00097A0FE1FE7802048268597A0FE1FE78021
:1076E00080470DA0CA852285EFF05FF0C9B7D2852B
:1076F0004A85EFF0BFEFE1BF228597A0FE1FE7802C
:107700008045CD49F2406244D2444249224A4E85E6
:10771000B2490561828075D5CD497DBF39715ECE94
:1077200062CCAA8B2E8C41459305300506DE4ED6E1
:1077300052D45AD066CA6AC8B289B68C3A8D22DC55
:1077400026DA4AD856D297A0FE1FE78060342A8AEC
:1077500093053005414597A0FE1FE78060332A8BD3
:1077600063040A1415E5528597A0FE1FE780A03E2A
:107770004D44F25022856254D2544259B259225A91
:10778000925A025BF24B624CD24C424D2161828094
:107790002A86D2855E85EFF07FEA2A8401CD528564
:1077A00097A0FE1FE780203B5A8597A0FE1FE78029
:1077B000803AC1B793053005414597A0FE1FE78089
:1077C000202DAA8493053005414597A0FE1FE78030
:1077D000202CAA8AF9C409ED268597A0FE1FE78010
:1077E0008037528597A0FE1FE780E0364D446DBF7D
:1077F0001389F9001359494013F6F9006305090488
:107800007D193349090829E2131549005686D285A6
:107810006295EFF05FDB4146814526859790FE1F1C
:10782000E780C05B8149B3C7090863F827051DC419
:10783000268597A0FE1FE7800032568597A0FE1F81
:10784000E7806031A9BF0149131549008A85629517
:10785000EFF01FDC5686DA850A8565BF93954900EF
:107860000A86E2952685EFF01FD626868A855E85F4
:10787000EF1050222A8485097DB75DF80A86D685E7
:107880002685EFF05FD426868A855E85EF109020EE
:107890002A846A86A68566859790FE1FE7804051F8
:1078A00041BF21D14D4451BFE30405EC81B74111E3
:1078B00026C2AA84194522C406C62E849790FE1FAC
:1078C000E780E03F05C58567938717F91EA18547C7
:1078D00024A13CB142A12244B2409244AA8517D5CA
:1078E000FE1F034525DC41016FE0FFC1B240224489
:1078F0009244410182806F20E05A6F20E06017D8E7
:10790000FE1F1308E8DA0345180003A7418D83A67C
:10791000418B1375F507D1C5904283274800137634
:1079200006F8498E90C213F6150001CA93F50503B7
:1079300041466385C506938787C14165130505A048
:10794000B3D5A7025057B70810FEFD1813662600DE
:1079500050D7704333761601B3F7A702FD89D205DD
:107960004D8E70C31306A00FB705FCFFAA07B3D74F
:10797000C70270436D8EBA07B983D18F7CC383472A
:107980000800898B99CB98429C421377F7071367BD
:10799000070493F707F8D98F9CC2828093870783E7
:1079A00069BF5C57F59B5CD79C4293F707F8C98F7A
:1079B0009CC2F1B7411106C697D7FE1F238107D29B
:1079C00097A0FE1FE780406AB240014541018280D6
:1079D00017D7FE1F130707F55C47411106C6858BB5
:1079E0008DC7EFF03FFD97D7FE1F23A307F497D76E
:1079F000FE1F23A107F497D7FE1F83A767CC01467C
:107A000081450545B2404101828783A7418CFC53E3
:107A100099EFEFF03FFA97D7FE1F23AD07F097D706
:107A2000FE1F83A7E7C9014681454545E1BF584F81
:107A30008D476315F70085472386F186B2404101E3
:107A40008280411126C297D4FE1F9384A4ED9C44EA
:107A50004AC006C622C4858B1389418CF9CF97D7BB
:107A6000FE1F23A507EC03A7418D5C5717D4FE1F0B
:107A7000130404C4082093D71748A9CB5040937629
:107A80000503C145930786C16394B6009307068337
:107A9000C165938505A033D6B7027443370810FE3D
:107AA0007D18B3F60601B3F7B7027D8A5206D18E70
:107AB00074C39306A00F3706FCFFAA07B3D7D702FB
:107AC0007443F18EBA07B983D58F7CC34C2C1185D2
:107AD00001460D8997A0FE1FE780E0EE1705000024
:107AE0001305C5099790FE1FE780E068832709000A
:107AF000D44713971649D8C70F10000083270900F1
:107B00003707020098C71307000898C803A7418BDE
:107B100018431357774819CF1307E018F8D3D4C781
:107B20001C480146814505452244B2409244024921
:107B3000410182871307E01AD5B783270900FC5358
:107B400099EFEFF03FE797D7FE1F23A507DE97D702
:107B5000FE1F83A7E7B6014681454545F1B7D84CDE
:107B60008D476315F70085472386F186B24022448E
:107B70009244024941018280011122CC17D4FE1F98
:107B8000130444DA5C4406CE26CA858BD9C7EFF0CD
:107B90007FE2485C97D7FE1F23AC07D89305F1001E
:107BA000014697D7FE1F23A707D897A0FE1FE7809F
:107BB000A0B397D4FE1F9384A4B19315456099EDAB
:107BC0005C5C9306F00F9823630AD7009C306387B0
:107BD000D700998FB337F0009395170097D7FE1F02
:107BE000938707AD0387070063450700585C9487B8
:107BF00014A39C4B505C93F5F50F09458297DC2448
:107C0000898B99C78828854597A0FE1FE780602348
:107C1000F2406244D2440561828083A7418CFC53C8
:107C20009DE3EFF03FD96244F240D24497D7FE1F64
:107C300023A207D097D7FE1F83A787A801468145B7
:107C4000494505618287584C8D47E313F7FC85470A
:107C50002386F18675BF797126D24AD05AC806D6D6
:107C600022D44ECE52CC56CA5EC6930700082A8B49
:107C7000AE8432896317F602BD4917D4FE1F130480
:107C800024A39790FE1FE7808074E3FCA9FE3C2CA0
:107C90009607C117E3E7A7FE83A7418C1307800768
:107CA000F8D3938A418B03A40A0017DAFE1F130A44
:107CB0002AA081455C549389418CF19B93E717007E
:107CC0005CD403451A00EFF09FC31C409386418D9E
:107CD0003706330093F7F7CF1CC01C4093F7F7CF5C
:107CE00093E707201CC09C429847518F03A60900C8
:107CF00098C7370703001307872538CA03278A0068
:107D000018C40327CA0058C0D8431377F7EFD8C365
:107D100001000100984217D4FE1F1304649B97DBF7
:107D2000FE1F938B2BC05C4393E707105CC303A734
:107D300009005C4393E717005CC37C24054793E785
:107D400027007CA49307F9FF93F7F70F6362F70C02
:107D500003A58B032686DA852300250104B10905D6
:107D60009790FE1FE780C00403A78B0383A7090039
:107D7000B8DF17D7FE1F232B07BA17D7FE1F2329FB
:107D800007BA17D7FE1F232707BA0D4723AEEB000C
:107D900013070008631BE908F8537DFF83A7418799
:107DA00082971844636CE506198D03A78B030D8138
:107DB000B70780009387F72F62055D8D08C30345E1
:107DC0000A00A68511850D8997A0FE1FE780A09B5C
:107DD00083A70A0098431317772998C3D857719B34
:107DE000D8D797D7FE1F23A907B497D7FE1F23AD77
:107DF00007B283A70900094798C3B250225492548E
:107E00000259F249624AD24A424BB24B45618280E2
:107E100093070008E31AF9F48944B9B797D7FE1F0E
:107E200083A78781998F3E9549B703450A00A685A8
:107E300011850D8997A0FE1FE780E09483A70A00B3
:107E4000171500001305C5F198431317772998C338
:107E5000D857719BD8D79790FE1FE780C03197D72E
:107E6000FE1F238D078697D7FE1F23A707AC97D742
:107E7000FE1F23AB07AA83A70900094798C35C2408
:107E8000FDDFA5BF1C49638B0712411126C206C640
:107E900022C41C21AA8493F7070481C75C410945C9
:107EA000CDCF13060002814517D5FE1F130545806F
:107EB0009790FE1FE78080F213060002A68517C583
:107EC000FE1F1305E57E9790FE1FE78060EE17C446
:107ED000FE1F1304E47D1C3C81E7930780021CBC59
:107EE0003C2C99E3A1473CAC3C3C99E3C5473CBCE6
:107EF0005C2C99E3ED575CAC5C3C99E3ED575CBCC2
:107F00009C2093F7070499CB5C4037B724001307F4
:107F1000F7E96369F704930750021CB097C4FE1F8A
:107F20009384047BC84009C597A0FE1FE780A0C2C8
:107F300097C7FE1F23A0077A1C20858B91CB483C56
:107F400093059004090597A0FE1FE78060B4C8C0A0
:107F50001C300145FCB41C44DCC8B24022449244AD
:107F600041018280370725009306F74863EDF6004C
:107F70003767DBFF13070793BA971307007DB3D763
:107F8000E702FD1759BF130707496395E7009307F9
:107F9000600261B737D725001307F777636DF700E5
:107FA0003767DBFF13070793BA971307007DB3D733
:107FB000E702F9179DB79307700285B705458280E0
:107FC000797126D297C4FE1F9384846E9C4406D692
:107FD00022D44AD04ECE52CC56CA5AC85EC662C4CB
:107FE00066C26AC06380072217DAFE1F130A8A93EB
:107FF0000327CA0195472A8C09456307F71C0D45DD
:108000002E84B28BB68C97A0FE1FE780800D97C799
:10801000FE1F83C7A76C898B97C9FE1F9389496B85
:1080200095C33D499790FE1FE780603AE37CA9FE27
:10803000BC2C9607C117E3E7A7FE83A7418C130763
:108040008007F8D3138B418B03290B008327C902C8
:10805000F19B93E717002326F90283C7C90003CDDC
:108060000400898B89E793770D04639D0716883098
:108070008145EFF0DF88832709001386418DB7061D
:10808000330093F7F7CF2320F90083270900938A61
:10809000418C137D1D0093F7F7CF93E70720232032
:1080A000F90018421C47D58F83A60A001CC7B707E2
:1080B000030093878725BCCA9C442324F900DC4431
:1080C0002322F900DC42F99BB3E7A701DCC25C4341
:1080D00093F7F7EF5CC30100010018425C4393E79C
:1080E00007105CC383C7E90023807901A38099014D
:1080F00093E727002387F90063090C0E03258A0301
:108100002286E2852300750100B109059790FE1FC4
:10811000E78000CA83278A0303A70A003CDF97D7BA
:10812000FE1F23A5078097D7FE1F23A3078097D79D
:10813000FE1F23A107808D47232EFA0083C7C900A5
:10814000898B95C77C53FDFF83A74187829703A73F
:1081500089006362E50A198D83278A030904137471
:10816000F40F80B30D81A2972380070088B3882085
:10817000A28511850D899790FE1FE780C0609C2025
:10818000170500001305258C858B89E7170500006E
:10819000130545849790FE1FE780E0FD83270B00C1
:1081A000014598431317772998C3D857719BD8D79F
:1081B00097C7FE1F23A2077897C7FE1F23A607763F
:1081C00083A70A00094798C3B25022549254025917
:1081D000F249624AD24A424BB24B224C924C024D77
:1081E00045618280C840894569B583278A03014477
:1081F00023A0770105B797C7FE1F83A7E743998F91
:108200003E9599BF0545C9B77971B7E700E026D219
:1082100084433707200006D622D44AD04ECE52CC13
:1082200056CA5AC85EC662C466C26AC0F98C23A028
:10823000E7180F10000017C4FE1F1304644718440A
:1082400015E323A097100545B250225492540259C9
:10825000F249624AD24A424BB24B224C924C024DF6
:108260004561828017C7FE1F0327C75209C723A095
:1082700097100945D1BF1C20328BB68A858BADC3C0
:1082800017C9FE1F1309C944832749002A8AAE89EA
:1082900099EB483C9305900409059790FE1FE780F1
:1082A000207F2322A9008327490099E7B7E700E050
:1082B00023A097100D4549BF0347290098A38327A2
:1082C0004900630D0A04638B0904A3803701032569
:1082D00049004E86D28509059790FE1FE78040AD84
:1082E00097C9FE1F9389096403A7C9019547630ACB
:1082F000F70083C7090219476385E7000D476392BA
:10830000E70283C7190289E7930780102390F902D7
:10831000B7E700E023A0971001453DB7A380070011
:10832000C1B7138A418C83270A0098430D8B1DC364
:1083300023860186B84B1377F78FB8CB9843136722
:10834000870098C39C4393D7374889C70100010031
:1083500001000100832C0A00B7070200834B0400D0
:1083600023A20C0623A4FC0097C7FE1F23A4075CCE
:1083700097C7FE1F83C78736918B17C9FE1F130946
:10838000293589E793F70B04639A07100830814574
:10839000EFF0EFD6138D418B03270D00138C418D29
:1083A000B70633001C4313D54B40014693F7F7CF74
:1083B0001CC31C430D8993F7F7CF93E707201CC319
:1083C00003270C001C47D58F1CC74C2CB707030094
:1083D0009387871523A8FC049790FE1FE780A05E73
:1083E00083270D001844142098C75844858AD8C3A1
:1083F00003270A005C43F99BD58F5CC383274900A0
:108400003CDF03270C005C4393F7F7EF5CC30100EC
:10841000010003270C005C4393E707105CC383470C
:10842000E900A30169012301590193E747002307EC
:10843000F9009307000423A0F90097C7FE1F23ABA0
:10844000074EA14723AEF90097C7FE1F83A7C71B9E
:1084500081CB0345090113060064C145EFE0AFA1DC
:1084600083270A001705000013058529DC43858B47
:1084700089E717050000130565039790FE1FE78045
:1084800080CF97C7FE1F23A9074A97C7FE1F23ADBA
:10849000074883270A00054798C39DBD93F50B0342
:1084A000484093E51500EDB5797122D417C4FE1F3D
:1084B000130444475C4006D626D24AD04ECE858B64
:1084C0006387071E97C7FE1F23A007468329C4039F
:1084D000A3070100EFF00FCE97C7FE1F83C7072049
:1084E000918B97C4FE1F9384A41E17C9FE1F130906
:1084F000291C6384071683C71900CE979823930716
:1085000000086318F7008347090093E787002300FA
:10851000F9005C580D476377F70EF1175CD85C588B
:10852000984463E7E70E3387E74083C71900D424F4
:10853000CE979C33939646608E0763DA060E63FFF0
:10854000E70C1D8F9306000263E8E6005858636A43
:10855000F70CB307F7409CC48828894597A0FE1FF5
:10856000E780208E8345090093F78500F5C383A635
:10857000418C9307800CFCD21C5C1307F00F37066C
:10858000330098C397C7FE1F23A2073A97C7FE1F61
:1085900023A0073A97C7FE1F23AE073897C7FE1FD1
:1085A00023AC073803A7418B1C4391858D8993F732
:1085B000F7CF1CC31C43014593F7F7CF93E7072080
:1085C0001CC303A7418D1C47D18F1CC7B7070300ED
:1085D00093878725BCCA05469790FE1FE7804025F4
:1085E00083470900B420B030DD9B8145014523005D
:1085F000F900EFF07FC1B250225492540259F2496F
:108600004561828017C7FE1F03270703BA9731B75A
:1086100097C6FE1F83A64602B69731B73387E74059
:1086200015B797C6FE1F83A6260136971DB7585863
:10863000636AF700B307F7409CC4DC2493E707089C
:10864000DCA419BF97C6FE1F83A606FF3697DDB7C9
:1086500083C71900F917A380F900485C0146930508
:10866000F1009790FE1FE78020085C5C9306F00FF6
:1086700098236303D702BC306380D702630EF700F0
:10868000936525009395456083270901505C93F518
:10869000F50F0D45829785B783070900931545604F
:1086A000E3C407FEF5F19C872380F900F1BF83A79F
:1086B000418CFC5385EFEFF0EFAF97C7FE1F83A708
:1086C00027F589C78545130510088297225497C757
:1086D000FE1F9387E7FFB25092540259F249B42328
:1086E000B0338145014545616FF01FB2584CA14739
:1086F000E313F7F085472386F186F5BD797126D21D
:1087000097C4FE1F938404229C4006D622D44AD0EC
:108710004ECE52CC858B6383072083A9C4030146C8
:108720009305F1004E85A307010097C7FE1F23ABF9
:10873000071E9790FE1FE78020FB17C4FE1F13043F
:1087400024F917C9FE1F1309A9F6131A4560631F00
:108750000A123C309306F00F6389D700D85C1823C7
:108760006305D700094A6313F7128307090063C53D
:1087700007009C872380F9005C24918BADCFDC58E7
:108780000D476373F714F117DCD8DC58184463E322
:10879000E7143387E74083C719005424CE979C33EE
:1087A000939646608E0763D6061463FBE7121D8F0F
:1087B0009306000263E8E600D8586366F712B30731
:1087C000F7401CC4082889459790FE1FE780606722
:1087D00083C719003387F900142313070008639B2C
:1087E000E6129C5C1307F00F98C38347090093E7D8
:1087F00087002300F90003A7418D5C5793D71748E2
:10880000A1C383274900C165938505A033D6B7026C
:108810007443370510FE7D15E98EB3F7B7027D8AE4
:108820005206D18E74C39306A00F3706FCFFAA0729
:10883000B3D7D7027443F18EBA07B983D58F7CC3FF
:108840005C40034509008C3311850D899790FE1F0C
:10885000E78060F317050000130525129790FE1FAF
:10886000E780609183A7418B98431317772998C3BA
:10887000D857719BD8D783470900A18B9DEB8327DD
:108880000901D05C81450D45829725A09790FE1F78
:10889000E780807DD05C832709010D459375FA0F31
:1088A000829748403420303009CD0C310905EFF073
:1088B000BF95B250225492540259F249624A45611E
:1088C000828081450145E5B717C7FE1F0327C7D63C
:1088D000BA9755BD97C6FE1F83A606D6B69755BD57
:1088E0003387E740F1B597C6FE1F83A6E6D43697D7
:1088F000F9B5D858636AF700B307F7401CC45C2485
:1089000093E707085CA47DBD97C6FE1F83A6C6D269
:108910003697DDB7F917A380F900F1BD83A7418C25
:10892000FC53B1E3EFF00F8997C7FE1F83A747CE33
:1089300089C7894513051008829797C7FE1F93873B
:1089400027D9C843B033B42301CD0C3109052254D3
:10895000B25092540259F249624A45616FF0DF8A7F
:1089600081450145EDB7D84CA147E314F7F485479D
:108970002386F1863DBF411197C7FE1F83A7C7FA23
:1089800006C622C4858B95C797C7FE1F23AE07F87E
:1089900017C4FE1F1304C4D1EFF0CF811C20A18B9C
:1089A0008DEF1C480146814511452244B2404101EA
:1089B000828783A7418CFC53B9E797C7FE1F23AB7F
:1089C00007F617C4FE1F1304A4CE1C20A18B91E749
:1089D0001C48014681455145C9BF97C7FE1F938773
:1089E00027CFC843B033B42301CD0C310905EFF0D4
:1089F000BF811C20DD9B1CA0B2402244410182802B
:108A000081450145EDB785472386F186F5B74111CC
:108A1000B7E700E022C480433707200006C626C21D
:108A2000798C23A0E7180F10000097C4FE1F9384D1
:108A300024CAC84097C7FE1F238307CA09C5979059
:108A4000FE1FE780401197C7FE1F23A507C897C7E1
:108A5000FE1F938727ED03C7170211CB83C60702BA
:108A600021476396E60017C7FE1FA30D07ECD44FFE
:108A700019476386E600D44F1D476398E600D84F38
:108A80002380E7020547A380E7029790FE1FE78057
:108A9000A05D8828C14523860186EFD09FD2B7E725
:108AA00000E0B24023A087102244924401454101D6
:108AB0008280411106C622C426C217C4FE1F1304B9
:108AC00024C1EFF0DFF47C3497C4FE1F938444BECE
:108AD00008289CB05C48A1459CC4EFD09FCE0828D4
:108AE0009145EFD01FCE5C24898B8DC79C480146F1
:108AF00081451305200282972244B240924497C7D1
:108B0000FE1F238D07BC8945014541011783FE1FC8
:108B1000670043675C24918BE5D39C4801468145FF
:108B200013054002C9BF97C7FE1F83C727BB898BA8
:108B300063880712797126D297C4FE1F938484DE5E
:108B4000D84C22D406D64AD04ECE52CC56CA5AC899
:108B50005EC68D4717C4FE1F130484B79145630991
:108B6000F70A3545056A9790FE1FE7808057A149AF
:108B700097CAFE1F938ACAB3130A2AF9130600087C
:108B800081450145EFF02F8D1389418C370B020091
:108B9000930B00089C44858B85E783270900FC53D1
:108BA000F5FBFD19E39C09FC2254B2509254025982
:108BB000F249624AD24A424BB24B45616FF07FEFB5
:108BC00003C50A0001469305F00F11850D8997C76B
:108BD000FE1F23AD07D49790FE1FE780C0DE83C53C
:108BE0000A001306F00F054591858D899790FE1FA9
:108BF000E78000C4DC44858B9DCB97C7FE1F23A96B
:108C000007D2EFE03FDB5C24854593E707085CA4CF
:108C100008282254B25092540259F249624AD24A68
:108C2000424BB24B45611793FE1F67008321EFE073
:108C30007FD883270900D84793161749D4C70F1048
:108C400000008327090023A4670123A8740123A23D
:108C50004707D8C783270900FC53A1D30100DDBF14
:108C60008280411122C406C693F715002E84A1C745
:108C700097C7FE1F83C787A6898B17C7FE1F1307D9
:108C800027A585C75C27082B130600059397476027
:108C900063DA070017C6FE1F034616A39307000AF0
:108CA0003306F6029145EFD01F9D13451400B240E4
:108CB00022444101828093F72500B9C397C7FE1F64
:108CC00083C7C7A1918B17C7FE1F130767A095C75E
:108CD0005C27082B1306000A9397476063DC0700A4
:108CE00017C6FE1F0346569E9307000A3306F60278
:108CF00013068602A145EFD01F981345240045BFF7
:108D000093F7450091C7EFF01FE21345440045B7C4
:108D100093F7850081CF97C7FE1F83C7279C918B50
:108D200099C3EFF01FD91345840051B713F505011E
:108D30003DDDEFD0BFE617C7FE1F032767C0A14781
:108D4000631BF70013060064C14517C5FE1F0345EA
:108D50002599EFD05F921345040191BF01114EC6D2
:108D600097C9FE1F938909BC83A7890052C406CE08
:108D700022CC26CA4AC8858B17CAFE1F130A4A95F9
:108D8000638E071697C4FE1F938484928820014641
:108D90009305000211850D8997C7FE1F23A807B808
:108DA0009790FE1FE78020C28C201306F00F054528
:108DB00091858D899790FE1FE78080A783A7C900C2
:108DC000858B638D071203A5C90397C7FE1F23A1D7
:108DD00007B60146814597C7FE1F23A907B49790A0
:108DE000FE1FE78060902A89631A051003A4C90357
:108DF000954738206314F710194697B5FE1F9385E1
:108E0000C57F130594009780FE1FE78040008547CB
:108E10006316F50E83A789031947014698C38C2072
:108E20000D4591858D899790FE1FE78060A083A7EF
:108E30008900858BE1C797C7FE1F23A907AE83A7CB
:108E4000418782972324AA00EFF07FBC97C7FE1FBB
:108E5000A380078697C7FE1FA38207883C388146F8
:108E6000130600029CBC5C28BCAC5C38BCBC1C2853
:108E70007834A207D98F183842075D8F3C28E20763
:108E8000D98F9CC47C387828A207D98F182C420728
:108E90005D8F1C3CE207D98FDCC80147B3D5E7489A
:108EA00089C505091379F90F85460507E318C7FE3B
:108EB000B9E297C7FE1FA38507823C2C93053400B7
:108EC00019469CAC17C5FE1F13054582894723062A
:108ED000FA009780FE1FE780A0ED624403450A0177
:108EE000F240D2444249B249224A130680029145D7
:108EF00005616FD04FF8A3082A01C1B79790FE1FF4
:108F0000E7808016FD572306FA00F2406244D244FF
:108F10004249B249224A05618280411106C622C4F3
:108F2000F52313064002814517B5FE1F1305457A48
:108F30009780FE1FE78080EA17B4FE1F1304447970
:108F4000FD5717050000130505D21CC0EFD01FAB5D
:108F500008A8B240224401454101828017B7FE1F94
:108F60000327877EAA87085719C51A2D6305F700BE
:108F700013058505DDBF8280AA8717C5FE1F03255F
:108F8000A58011E182801A25E30EF7FE0841D5BFC6
:108F900097B6FE1F83C6B66517B6FE1F0346466A20
:108FA0002A879387160017B5FE1F0325E57E19C291
:108FB000939716009207C166AA97FD166394A700BF
:108FC000014582803225E30EE6FEE30CD6FE410524
:108FD000F5B7011122CC17C4FE1F1304A494584CFA
:108FE00026CA06CE4AC84EC6954797B4FE1F83A42C
:108FF000E4776306F700584C8D47631FF7008347FB
:10900000140281E7930760101EB0F2406244D2441C
:109010004249B249056182805C4C1389418C8327A7
:10902000090037070200194523A2070698C797C70A
:10903000FE1F23A107909389418B9790FE1FE78025
:10904000400A03A70900B7C7898E938767ED1CC73D
:10905000B7575500938757555CC383C7240213073E
:10906000F00F6387E700A380F402FD572381F40229
:109070000327090001469305F00F5C43014593E780
:1090800017005CC3930710FABCA499475CCC97C740
:10909000FE1F23A907881384418D9790FE1FE78048
:1090A000809218405C57F59B5CD783A609009834E2
:1090B0009C421377F70793F707F8D98F9CC297B7AD
:1090C000FE1F83C7E75799C703A5C18A9780FE1F74
:1090D000E780600A03A70900B70633001C4393F733
:1090E000F7CF1CC31C4393F7F7CF93E707201CC3AC
:1090F00018401C47D58F1CC703270900B70703007A
:10910000938787153CCB97C7FE1F23A7078297C776
:10911000FE1F23AB078085471CC3C5BD1387018B8A
:109120001C439306001094C30100010001000100DC
:109130001C4323A00700143103480500A206B3E630
:1091400006010348250042083368D8003431E2069E
:10915000B3E6060194D7543103484500A206B3E6AE
:1091600006010348650042083368D8007431E206FE
:10917000B3E60601D4D7143503488500A206B3E64A
:1091800006010348A50042083368D8003435E206DA
:10919000B3E6060194DB54350348C500A206B3E6E6
:1091A00006010348E50042083368D8007435E2063A
:1091B000B3E60601D4DB94318821A206C98EA8212A
:1091C0004205558DB431E206C98E94CFD431C82101
:1091D000A206C98EE8214205558DF431E206C98EFA
:1091E000D4CF88259435A206C98EA8254205558D71
:1091F000B435E206C98E94D3D435C825A206C98EEB
:10920000E8254205558DF435E206C98ED4D3D44302
:10921000F59AD4C3D44393E61600D4C3944393E69B
:10922000160094C31443DC42858BBDE39C4E01457C
:109230001CA21C439C4FA1831CB21C439C4FC183A6
:109240003CA21C439C4FE1833CB21C43D84F58A224
:10925000D84F218358B2D84F418378A2D84F618329
:1092600078B2985318A69853218318B6985341831F
:1092700038A69853618338B6D85358A6D85321835B
:1092800058B6D853418378A6DC53E1837CB68280FC
:10929000010049BF011122CC2A84354506CE2EC6D5
:1092A00032C49790FE1FE780C0E303A7418C3C4B7C
:1092B000228593E707083CCB2246B245EFF01FE634
:1092C000F240624401450561828083A7418B984347
:1092D000370600827D161317772998C31307F03FCE
:1092E00098DF13070005D8DBD8571317F729D8D70D
:1092F000D45717B7FE1F0347E72F9315476013771F
:10930000F703F18E6607558FD8D79306A00303A7FE
:10931000418D63DFB602744F37060007D18E74CFDC
:10932000370702001307C720D8DF984B137707FCD5
:109330001367E70098CB37E700E0D147A309F704AC
:109340009787FE1F9387A72493E717007CD7828017
:109350009306200263DAB600744F370600F97D16D3
:10936000F18E370600055DBF370600F9E9467D1628
:1093700063D7B600744FF18E3706000345B7744FBC
:10938000F18E9396862961BF411122C406C617B497
:10939000FE1F1304245903470402A1476318F70270
:1093A00017B7FE1F0347C73097B7FE1F9387473293
:1093B000058BB033B42321CBC84331C50C3109052B
:1093C000EFE09FE401C58547A300F40203470402D0
:1093D0009947631AF70097B7FE1F83A72739BC3751
:1093E00095C7EFF01FBF034704029D476310F702C4
:1093F00097B7FE1F83A7C738FC3389CB2244B240FE
:1094000041016F00504D814501455DBFB24022448E
:109410004101828097B7FE1F9387C750D44F1147F1
:109420006385E60E83C737026391070EB7C7004016
:1094300003A7018B938707306319F70C011122CC26
:1094400037E400E026CA044006CE4AC84EC652C4DD
:1094500056C2B7072000FD8C2320F4180F1000001F
:1094600035459790FE1FE780C0C7938A418B152230
:10947000A522EFF09FE583A70A00138A418DB70666
:10948000330098439389418C370903001367070819
:1094900098C398431377F7CF98C398431377F7CFC0
:1094A0001367072098C303270A001C47D58F1CC7E2
:1094B00083A7090013078955B8CBAD24EF00B01D71
:1094C0007522352403A70A001C4393F7F7CF93E7CF
:1094D00007101CC383260A003707CEFF7D179C4662
:1094E000F240224AF98F9CC683A70900924AB249EA
:1094F00023A8270597B7FE1F23A407442320941011
:109500006244D2444249056182808280B7C70040EC
:109510001387073023A8E18A13870720411123A26C
:10952000E18C9387071037D7004022C406C617B4D2
:10953000FE1F1304243F23AAE18C23AAF18A854746
:109540005CCC97B7FE1F9387E72C5CDC97B7FE1FB8
:1095500083A707091CDC9787FE1F9387A70323A017
:10956000F18CEFF03FEBB7E700E0A301040203C783
:10957000574113670708A38AE740B24022443707E0
:10958000100023A0E7103707200023A0E7104101B7
:10959000828083A7418C1307C008D8CB930660074D
:1095A000D4CFD8D31306E006D0D7D8DBD0DFF8C3AA
:1095B000F4C7D843059BD8C30547FAA323AA0704D9
:1095C00017B7FE1F0327C739F8DF7D5798C737073E
:1095D0001F003D07D8C7828083A7418D130700482D
:1095E00098D7D85FB70600F9FD16758F131797291E
:1095F000D8DFD85F9D663706FDFF0E070D83131772
:10960000E729D8DF985B7D161367077098DB985BB6
:10961000558F98DB985BB7060700558F98DB985BF2
:10962000B7060090FD16758F1317C72998DBB4474E
:109630003707F9FF7D17F98EB4C7F447E19AF4C7ED
:10964000F44793F6F6F8F4C7F447F18EF4C7F44FF5
:10965000758FF8CFF84FB70690FFFD16758FF8CFCE
:10966000930740060100FD17F5FF82801387418DA7
:109670001C43B44B93960649B4CB94479396562912
:1096800094C7D44793E60601D4C7D447BD9AD4C73C
:1096900001000100010001001C43D44793E60601CC
:1096A000D4C7D4439396C628D4C303A6418C93064B
:1096B000400674D2745291C683A6C70993D68648D1
:1096C000F5DA01000100010001001C4313870708BF
:1096D000544FB84BFD8A13170729B8CBB84B019BE1
:1096E000558FB8CB98471317574998C7828083A7DF
:1096F000418DB44F41777D17F98EB4CF944793963F
:10970000062994C7D44793F6F6EFD4C7D443758F90
:10971000D8C3D84713670710D8C7D84313170729EA
:10972000D8C38280397122DC4ED652D406DE26DAC6
:109730004AD856D25AD05ECE62CC66CA6AC86EC6C5
:1097400003A4418D5C409389318D138A118D93F769
:10975000F7EF5CC01C549397C7481CD45C54BD9B66
:109760005CD41C44939717291CC45C4093E7070101
:109770005CC0B757341203A7818C9387876763094E
:10978000F7705C4001791309F90FF99B5CC01C5C10
:109790003167130707F0B3F72701D98F1CDC5C4052
:1097A0009304040893E717005CC09780FE1FE780CE
:1097B000802B9C4893F7F7032380F900DC48A983AA
:1097C00093F7F7072389F18C5C403D671307078007
:1097D000F99B5CC01C5CB3F72701D98F1CDC5C4093
:1097E00093E717005CC09780FE1FE780C0279C4866
:1097F00093F7F703A387F18CDC48A98393F7F70766
:109800002387F18C5C40356713070740F99B5CC0E8
:109810001C5CB3F72701D98F1CDC5C4093E7170071
:109820005CC09780FE1FE78000249C4893F7F703F5
:109830002300FA00DC48A98393F7F7072388F18C0B
:109840005C404167130707C0F99B5CC01C5CB3F721
:109850002701D98F1CDC5C4093E717005CC0978020
:10986000FE1FE78040209C4893F7F703A386F18C06
:10987000DC48A98393F7F7072386F18C834C0A0011
:1098800003C709009307600213065002330797418C
:10989000B307F702930670029305400213053002E6
:1098A00013082002130E1002F94E754FFD4FF14AB6
:1098B0003306C7026D4BE94B654CD942D543DD48B1
:1098C000D14DCD444949B3C7D7023D43B949294D8C
:1098D000354A3346D60292072206D18F3306B702A5
:1098E000D98F95453346D6023206D18F3306A7026B
:1098F000130504083346D6024206D18F3306070308
:109900003346D6025206D18F3306C703254E33465F
:10991000D6026206D18F131657003346D60272065E
:10992000D18F1CD13306E703194FB307D7039D4EE0
:10993000B3C7D7023346D60292072206D18F330629
:10994000F7038D4F3346D602D18F33065703B14A02
:109950003346D6023206D18F330667032D4B33468A
:10996000D6024206D18F33067703E14B3346D60247
:109970005206D18F33068703454C3346D602620622
:10998000D18F330677033346D6027206D18F5CD16E
:1099900033067702B30757023346D602B3C7D7025E
:1099A00022069207D18F330617033346D602D18F92
:1099B0003306B7033346D6023206D18F33069702F9
:1099C0003346D6024206D18F330627033346D602EA
:1099D0005206D18F330687033346D6026206D18FF3
:1099E000131647003346D6027206D18F1CD5B30733
:1099F00067023346F703B3C7D7022206D18F330677
:109A000037033346D6021206D18F33065703334647
:109A1000D6023206D18F330667033346D60242069A
:109A2000D18F3306A7033346D6025206D18F3306B1
:109A3000C7033346D6026206D18F1316370033466A
:109A4000D6027206D18F5CD5B307D70333464703DE
:109A5000B3C7D7024206D18F3346D7026206D18FF1
:109A60003306E7033346D6021206D18F3306B70218
:109A70003346D6022206D18F131627003346D6026C
:109A80003206D18F131617003346D6025206D18FF5
:109A90001CD983C7F18CB387FC4033C6A70393FC62
:109AA000FC03B3CDB7033206920DB3EDCD00130620
:109AB000800233C8C702B3ED0D01214833C8070344
:109AC000420833E80D01B3CDB702F20D3368B80197
:109AD000B38DF703B3CDCD02A20D3368B801B38DBA
:109AE000E703B3CDCD02D20D3368B801B38DD703F0
:109AF000B3CDCD02E20D3368B801338B6703232A5F
:109B000005031148B38DC703B38A5703338A47034C
:109B1000B389370333C80703B3CDCD021208334BE3
:109B2000CB0233E80D01B3CACA02220B336B6801C2
:109B3000334ACA02B20AB36A5B016D4BB3C9C902A8
:109B4000420A33EA4A01F14AD20933683A01B38939
:109B50006702754A13034002B3C9C902E209B36937
:109B60003801139847003348C802338C87037208C2
:109B7000B3E909010948232C3503F949338927033F
:109B8000B3849702B3837702B3825702B388170373
:109B9000B38B770333C80703334CCC023208334905
:109BA000C90233680C01654CB3C4C402120933699D
:109BB0002801B3C3C302A204B364990013091002BD
:109BC000B3C2C202C203B3E3740093046002B3C819
:109BD000C802D202B3E2530093032002B3CBCB02FC
:109BE000E208B3E8120193023002F20BB3E8780105
:109BF000E94B232E150333887703B3886703334873
:109C0000C802B3C8C8021208A20833681801B38892
:109C10008703B3C8C80233681801B3885703B3C8B1
:109C2000C802B20833681801B3884703B3C8C80232
:109C3000C20833681801B3883703FD49B3C8C802A6
:109C4000D20833681801B3883703B3C8C802E208E2
:109C50003368180193985700B3C8C802F2083368F4
:109C6000180123200505338827039398C70133483B
:109C7000C80233681801B3887702B3C8C8029208D3
:109C800033681801B3885702B3C8C802A208336802
:109C90001801B3886702B3C8C802B2083368180154
:109CA00093085002B3881703B3C8C802C2083368C8
:109CB0001801B3889702B386D702B3C8C802B3C6E7
:109CC000C602D20833681801E206B366D80074C130
:109CD00093069002B386D70203288504137808FF01
:109CE000B3C6C602BD8AB366D80034C59306A002C7
:109CF000B386D702B3C6C60230451376F6F0BD8AE6
:109D00009206D18E34C503C6018D03C8E18C330899
:109D10000641B306A80303238504B308B802B3C6FB
:109D2000F602B3C8F802A206F208B3E61601B308B9
:109D3000C803B3C8F802B208B3E616019318380096
:109D4000B3C8F802C208B3E61601B308D803B3C813
:109D5000F802D208B3E61601B308E803B3C8F80264
:109D6000E208B3E61601B798888893880880B3E6BE
:109D70001601B3E66600931828003343F80234C591
:109D800083C6218D918E1376F6076206B3C8F8025A
:109D90003203B3E868003383F6033343E302B30FBF
:109DA000F8037203B3E86800060833C3E602B3CFD2
:109DB000FF025203B3E868003348F802920FB3E899
:109DC000F8012208B3E70801139816003348E802A7
:109DD0006208B3E70701256813088888B3E707011D
:109DE0007CC5338FE603B387B60293952600B3C7CD
:109DF000E702334FEF029207B3C5E502220FB3E744
:109E0000E701B38ED603CD8F93953600338EC6030C
:109E1000B386A603B3CEEE02B3C5E502B20EB3E736
:109E2000D701334EEE02C205CD8FB3C6E602520E05
:109E3000B3E7C701370700817D17E206D58F3CC91C
:109E40005C40BD9B5CC05C40F99B5CC01C5493971C
:109E5000C7281CD45C5493E707015CD41C5C93F7BF
:109E600007FCB3EC9701232C94031C5CF98FD18F72
:109E70001CDCF2506254D2544259B259225A925ABE
:109E8000025BF24B624CD24C424DB24D216182805A
:109E900023A4018CE5B203A7418D5C4393E707102F
:109EA0005CC38280411106C60128930560402D2ABB
:109EB000B24001454101828041119317B02806C686
:109EC00022C4E98F95C3EFF06F89AA87094589CB32
:109ED0009423114731456395E600154798A34945FA
:109EE000B2402244410182802E84EFF0EF8865D990
:109EF0003C25C18BEDD73C35230A8504B337F000F0
:109F0000E9071CA90145E9BF011126CA4AC852C484
:109F100006CE22CC4EC62E8A3289B684EFF0CF858B
:109F200071C19387818D631D0900054798A3014581
:109F3000F2406244D2444249B249224A05618280D9
:109F4000982385472A846315F700238C018C094ADE
:109F5000B7E700E083A907003707200023A0E71830
:109F6000B3F9E9000F1000004165130545F5EFF066
:109F70002F8229C93C253EA583278411A1E3232CE8
:109F8000A410232EA410930710F8F9141CB5232055
:109F90000500231625012304450144C1834594028D
:109FA0000145B315B028B3C505089780FE1FE780AB
:109FB00040E9B7E700E023A0371195BF8327C4111C
:109FC00088C3C1B797A7FE1F83A7876491C795650C
:109FD0009385555505458297B7E700E023A03711D3
:109FE0001D45B9B70945A9B76FD07F8C011106CEC1
:109FF0002AC69780FE1FE78060F701C9B245F2408C
:10A0000008214D4605616FC0BFE9F2404945056131
:10A01000828083A7418E03A7C18D01456313F7009A
:10A020008280F62399E2D62336959C43C5BF17A7B5
:10A03000FE1F1307E75A1C435A2341119386071149
:10A04000E117BA97856523A2D18E23AEF18C06C69F
:10A050009D051356370063F4E5001306002033878F
:10A06000C60023A0E18E611698C2D2A223930600F7
:10A070001CC3998FE1175EA323130700EFF07FF94C
:10A08000B24097A7FE1F239CA752410182809E21C8
:10A090001CA19E21A1831CB1AA21090533450508F5
:10A0A0008280011122CC2A84C84106CEAE8601C925
:10A0B0002EC68D459780FE1FE78020B6B2462A87C0
:10A0C00022856244F2406D4697050000938565FC49
:10A0D00005616FC09FCC011126CA97B4FE1F9384FF
:10A0E0006484D84C22CC06CE4AC84EC6954717A4E5
:10A0F000FE1F0324E4686306F700D84C8D47631FF6
:10A10000F70083C7140281E7930770109EB0F240F6
:10A110006244D2444249B249056182800D4597802C
:10A12000FE1FE78000FC9389418B03A70900B7C796
:10A13000898E938767ED1CC7B7575500938757558E
:10A140005CC30347A4039307F00F6305F700FD57B3
:10A15000230DF4021389418C032709008547A30CC2
:10A16000F4025C430145014693E717005CC3930783
:10A1700020FB7CA09D47DCCC9305500297A7FE1FD7
:10A1800023A2077A9384418D9780FE1FE780A083E6
:10A19000984001455C57F59B5CD783A60900583071
:10A1A0009C421377F70793F707F8D98F9CC297A7BC
:10A1B000FE1F83C7E74899C303A5818E9770FE1FD2
:10A1C000E78060FB03A70900B70633001C4393F741
:10A1D000F7CF1CC31C4393F7F7CF93E707201CC3AB
:10A1E00098401C47D58F1CC703270900B7070300F9
:10A1F000938787153CCB97A7FE1F23AF077297A7BE
:10A20000FE1F23A3077285471CC311B709CE93070E
:10A210000002918F635AF000B357F500B395C50063
:10A220003315C500DD8D82800116B315C5000145CB
:10A230008280014863C8050E63DB0600B337C000A7
:10A24000B306D0401348F8FF9D8E3306C040B28855
:10A250002A872E83F9E263F2C512C167636CF61A8E
:10A26000B7070001B337F600B307F040E19BE10701
:10A27000335EF60097360000938686B4F2969422F9
:10A28000130E0002B697B306FE40630CFE00339334
:10A29000D500B357F500B318D60033E36700331782
:10A2A000D50013D608013355C302B3C60808935727
:10A2B00007013373C302B385A6024203B3E7670005
:10A2C00063FAB700C6971303F5FF63E4170163E869
:10A2D000B7321A858D8FB3D5C70233470708B3F756
:10A2E000C702B386B602C2075D8F637BD70046976D
:10A2F0009387F5FF63651701F9156363D700BE8582
:10A3000042054D8D814563090800B337A000B305B0
:10A31000B0409D8D3305A040828063FED50081450D
:10A320000145D5B7B337A000B305B0409D8D3305C7
:10A33000A0407D5811B7C16763E4F618B707000164
:10A34000B3B7F600B307F040E19BE107B3D8F600DE
:10A35000173700001307C7A64697182313030002F8
:10A360003E97B308E3406311E31863ECB626333538
:10A37000C50013451500814579B75DC2C167637A91
:10A38000F62413330610134313000E03B35666006E
:10A39000973700009387C7A2B697942393070002CC
:10A3A0009A96B38ED740639CD708B386C54085453F
:10A3B000135306013346060833D566029357070147
:10A3C000B3F66602330EC502C206D58F63FAC70123
:10A3D000C6979306F5FF63E4170163EFC72136853F
:10A3E000B387C741B3D6670233470708B3F767029D
:10A3F0003386C602C2075D8F637BC700469793878B
:10A40000F6FF63651701F9166363C700BE86420550
:10A41000558DD5BD9337061093C717008E0789BD9C
:10A420008146973700009387A799B69794230143F5
:10A43000930700029A96B38ED740E388D7F6B318F5
:10A44000D60133DED50013D30801B3576E02B356DD
:10A45000D5003317D50133C60808B395D501CD8E85
:10A4600093D50601337E6E023305F602420EB3E544
:10A47000C50163FBA500C695138EF7FF63EA1517A8
:10A4800063F8A516F917C695898D33D56502B3C64D
:10A490000608B3F56502330EA602C205CD8E63FB36
:10A4A000C601C6969305F5FF63E0161563FEC61355
:10A4B0007915C69693950701B386C641C98DEDBD42
:10A4C00093B7061093C717008E07B3D8F600173757
:10A4D00000001307E78E46971823130300023E97E8
:10A4E000B308E340E303E3E8B35EE600B396160186
:10A4F000B3EEDE0033D3E50013DF0E01B357E30301
:10A50000B39515013357E5004D8F33CE0E089356A2
:10A510000701331616013373E303B305FE0242034A
:10A52000B3E6660063FBB600F6961383F7FF63E3BA
:10A53000D60D63F1B60CF917F6968D8EB3D5E603FA
:10A5400033470708B3F6E6033303BE02C206558F4E
:10A55000637B670076979386F5FF6369D709637716
:10A560006708F9157697C207416FCD8F9306FFFFF5
:10A57000B3F5D70013DE0701F18E4182B38ED50209
:10A5800033076740B306DE0213D30E01B385C5025D
:10A59000B6959A95330ECE0263F3D5007A9E93D684
:10A5A0000501F2966363D7026305D7003E858145B6
:10A5B00099BBC166FD1633F7D5004207B3FEDE0036
:10A5C000331515017697E373E5FE1385F7FF814593
:10A5D0001DBBB70700016377F6029356060141439E
:10A5E00045BB8145054505B32E85E9B5B685A5BFB3
:10A5F000F28759BD9A8791B77915C697D5B3791562
:10A60000C697C9B993568601614359B33288AA885F
:10A610002E87CDEA63FFC50EC167636AF618B707D8
:10A620000001B337F600B307F040E19BE107335375
:10A63000F600972600009386A6789A969422130334
:10A640000002B697B306F340630BF3003397D500CF
:10A65000B357F5003318D6005D8FB318D5001356E5
:10A6600008013355C702B346080893D7080133776A
:10A67000C702B385A6024207D98F63FAB700C29713
:10A680001307F5FF63E4070163E8B7303A858D8F60
:10A6900033D7C702B3C80808B3F7C702B386E602C8
:10A6A000C207B3E8F80063FBD800C2989307F7FF2E
:10A6B00063E50801791763E3D8003E874205598DA9
:10A6C0008145828063F5D500814501458280C1675F
:10A6D00063E5F618B7070001B3B7F600B307F0401B
:10A6E000E19BE10733D8F600172700001307476DF9
:10A6F00042971823930800023E973388E8406392FC
:10A70000E81863EDB6263335C500134515008145BD
:10A71000828045C6C167637BF62413370610134752
:10A7200017000E07B356E600972700009387476986
:10A73000B6979C2393060002BA97B38EF640639DAA
:10A74000F608B387C540854593560601334606088B
:10A7500033D5D70213D70801B3F7D7023303C502A5
:10A76000C207D98F63FA6700C2971307F5FF63E446
:10A77000070163E067223A85B387674033D7D70282
:10A78000B3C80808B3F7D7023306C702C207B3E855
:10A79000F80063FBC800C2989307F7FF63E5080160
:10A7A000791763E3C8003E874205598D828093374D
:10A7B000061093C717008E079DBD8146972700009E
:10A7C00093870760B6979C23014793060002BA97C8
:10A7D000B38EF640E387F6F63318D60133D3F5008F
:10A7E00093560801335ED302B395D501B357F500F4
:10A7F000CD8F3346080813D70701B318D50133733B
:10A80000D302B305C603420333676700637BB70017
:10A8100042971305FEFF636A07176378B716791E20
:10A8200042970D8F3355D702B3C707083377D70246
:10A830003303A6024207D98F63FB6700C297130751
:10A84000F5FF63E0071563FE67127915C29793154C
:10A850000E01B3876740C98DE5BD93B7061093C756
:10A8600017008E0733D8F600172700001307475547
:10A8700042971823930800023E973388E840E3820A
:10A88000E8E8335EE600B3960601336EDE00B3D827
:10A89000E500935E0E01B3D7D803B3950501335796
:10A8A000E5004D8F33430E0893560701331606011A
:10A8B000B3F8D803B305F302C208B3E6160163FB8D
:10A8C000B600F2969388F7FF63E3C60D63F1B60C0A
:10A8D000F917F2968D8EB3D5D60333470708B3F632
:10A8E000D603B308B302C206558F637B1701729774
:10A8F0009386F5FF6369C70963771709F91572979E
:10A90000C207C16ECD8F9386FEFFB3F5D70013D378
:10A910000701F18E4182338ED50233071741B3060A
:10A92000D30293580E01B385C502B695C69533037D
:10A93000C30263F3D500769393D605019A966363B9
:10A94000D7026305D7003E8581458280C166FD162A
:10A9500033F7D5004207337EDE00331505017297C9
:10A96000E373E5FE1385F7FF81458280B707000199
:10A970006377F6029356060141477DB3814505454D
:10A9800082803A85E9B5B685A5BF2A8E59BDC687AE
:10A9900091B77915C297CDB37915C297CDB99356B2
:10A9A0008601614751B301476314E6000145828087
:10A9B000B307E5000507B386E5009C2383C6F6FFD1
:10A9C000E384D7FE3385D74082805D7122D406D6DA
:10A9D0002A842EDA32DC36DEBAC0BEC2C2C4C6C693
:10A9E00003A5818111C51C4D81E72AC6B52D3245CD
:10A9F0000C455418228636CEEF00F034B250225463
:10AA000061618280AA8503A5818111CD1C4D81EFF2
:10AA1000011106CE2EC62AC4812D2245B245F24030
:10AA20001045056119A01045F5BF411122C426C289
:10AA30004AC006C62A89AE84328401C51C4D91E302
:10AA40002525972700009387A74B6313F40603245B
:10AA500049007C50858B81EB5E2493F7072081E7CA
:10AA6000284CEF0020791C44FD171CC463DA070052
:10AA7000184C63C1E70693F7F40F2947638CE7048A
:10AA80001C401387170018C084A393F4F40F7C5064
:10AA9000858B81EB5E2493F7072081E7284CEF003C
:10AAA0008075B24022440249268592444101828049
:10AAB000972700009387C7426315F4000324890099
:10AAC00049BF972700009387A73FE314F4F80324B6
:10AAD000C90041B7A68522864A85B12AAA8445BF06
:10AAE000011126CA06CE22CC4AC84EC652C4AA8438
:10AAF00019E11C4502901C4D2E89ADE3B5239C4CF9
:10AB00008044B9CF972700009387873F631DF404E3
:10AB1000C0407C50858B99E75E2493F7072099E32A
:10AB2000284CC92D5E24A18B99C31C48D5E3A2856E
:10AB30002685C12251CDFD547C50858B99E75E243A
:10AB400093F7072099E3284C7D25F240624442495F
:10AB5000B249224A2685D2440561828000455DB70C
:10AB60002685192345B79727000093876737631415
:10AB7000F400804479BF9727000093876734E31A75
:10AB8000F4F8C04479B71CC4050963C807021C4027
:10AB90001387170018C08CA31C4483450900FD17B8
:10ABA000FDF11CC463D907022286A94526856120D0
:10ABB000FD57E302F5F8A94441B7184C63C4E70018
:10ABC000E39745FD22862685BD20E31735FDA5B711
:10ABD000FD59294AD1B71C401387170018C02947CF
:10ABE00098A3D1BFAA8503A581816FF07FEFAA87C3
:10ABF000982185078505A38FE7FE7DFB8280AA87C4
:10AC00009823850775FF3385A7407D15828015C27F
:10AC10007D160147B307E500B386E5009C23942227
:10AC20006396D7006304C7000507EDF73385D74067
:10AC3000828001458280011122CC26CA4AC806CEF4
:10AC40004EC6AA842E89328401C51C4D91E3292960
:10AC5000972700009387C72A6317F402C0401C4C53
:10AC60001CC45E24A18B99C31C4895EFA285268540
:10AC7000492015C97D59F2406244D244B2494A85FF
:10AC800042490561828097270000938767256314F6
:10AC9000F4008044E9B79727000093876722E31008
:10ACA000F4FCC0446DBF1C4808409379F90F137938
:10ACB000F90F1D8D5C486346F500A2852685912C11
:10ACC00055F91C440505FD171CC41C4013871700CB
:10ACD00018C0238037015C486388A7005E24858BF9
:10ACE000D9DBA947E319F9F8A28526851D2441D5AA
:10ACF00051B7411122C426C24AC006C683A481812D
:10AD00002A892E8489C49C4C99E32685B12E9727E5
:10AD100000009387E71E6313F402C0408317C4004A
:10AD200013F7870025E713F707010DEB25472320CD
:10AD3000E90093E707045EA47D5571A09727000002
:10AD40009387071A6314F4008044C9BF9727000053
:10AD500093870717E314F4FCC044C9B7918B9DC3D4
:10AD60004C5889C9930744046384F5004A859D2B98
:10AD7000232A04025E242322040093F7B7FD5EA475
:10AD80001C481CC05E2493E787005EA41C4899EB16
:10AD90005E241307002093F707286385E700A28548
:10ADA0004A857D218317C40013F717001DC3584837
:10ADB000232404003307E04018CC1848014501E77C
:10ADC00013F707083DF7B24022449244024941017B
:10ADD000828013F72700814611E3544814C4F1BF61
:10ADE0008397C500011122CC26CA06CE4AC84EC69A
:10ADF00013F78700AA842E8479E3D8416345E000E5
:10AE0000B8416356E008585459C303A9040023A06D
:10AE100004000C5093D7C748A9CB70485E24918B8F
:10AE200099C75C401D8E5C5899C33C401D8E5C5494
:10AE30000C50814626858297FD57630CF5041C480B
:10AE40000567232204001CC05E24F98F91C368C8E3
:10AE50004C5823A0240185CD930744046384F50056
:10AE600026854921232A04021DA001468546268500
:10AE70000297FD572A86E313F5FA9C40C5D3754720
:10AE80006385E70059476395E70623A02401014540
:10AE9000B5A098408317C40001CFF5466305D700DD
:10AEA000D9466319D7041C48232204001CC04DB79F
:10AEB00018482322040093D7C74818C041BF83A96C
:10AEC0000501E38609FC03A905008D8B23A035014C
:10AED00033093941014791E3D84918C4E35920FBAC
:10AEE0001C540C50CA864E8626858297634FA0005C
:10AEF0008317C40093E707045EA47D55F2406244C3
:10AF0000D2444249B24905618280AA993309A940D5
:10AF1000F1B79C49411106C622C426C281EB814487
:10AF2000B24022442685924441018280AA842E8424
:10AF300001C51C4D91E30D2A97270000938747FC1C
:10AF4000631DF402C0408317C400F1DB7850058B09
:10AF500011E793F7072099E3284C692C2685A285F1
:10AF6000EFF01FE87C50AA84858BDDFB5E2493F70D
:10AF70000720DDF7284C412465B797270000938709
:10AF800027F66314F40080447DBF97270000938761
:10AF900027F3E31AF4FAC0447DB7411122C406C670
:10AFA0002A844EA572A52320050023220500232410
:10AFB00005002322050623280500232A0500232C4B
:10AFC0000500214681451305C505EF706EAA971748
:10AFD0000000938787855CD0971700009387878749
:10AFE0001CD4971700009387478B5CD497170000F9
:10AFF0009387878DB24000D01CD8224441018280C3
:10B0000097050000938525F149A2411126C29307B7
:10B0100080069384F5FFB384F4024AC02E8922C4CB
:10B0200006C693854407452E2A8401CD23200500BA
:10B0300023222501310508C4138684068145EF705B
:10B040002EA3B240228522449244024941018280CB
:10B050001385018F45A21385018F71AA1385418F36
:10B0600051AA1385418F41AA411122C406C62A84E0
:10B07000EFF0DFFE1C4C91C72244B24041016FF05B
:10B080005FFE970700009387E7F71CD4232404048E
:10B09000232604042328040483A74184639487009F
:10B0A00085471CCC2285152848C022853D2008C430
:10B0B0002285252048C4484001469145EFF0FFED28
:10B0C00008440546A545EFF05FED48440946C945EB
:10B0D000EFF0BFEC85471CCC45B7411126C24AC0F2
:10B0E00006C622C42A89EFF0BFF683A441849C4C93
:10B0F00081E72685EFF05FF7938484048044DC4089
:10B10000FD1763D607009C40A5C78440C5BF031741
:10B11000C40021EFC17785075CC413058405232291
:10B120000406C128EFF03FF3214623200400232426
:10B1300004002322040023280400232A0400232CD3
:10B14000040081451305C405EF708E92232A040282
:10B15000232C04022324040423260404B240228561
:10B16000224492440249410182801304840649BF6B
:10B1700091454A85EFF07FE988C02A8459F5EFF0C0
:10B180009FEDB1472320F900D1BF797122D44AD075
:10B190004ECE52CC5AC85EC606D626D256CA2A8988
:10B1A0002E8A130485048149054BFD5B0444832AE0
:10B1B0004400FD1A63D00A0200406DF8B2502254D8
:10B1C00092540259624AD24A424BB24B4E85F249DE
:10B1D00045618280DE24637BFB008397E400638704
:10B1E0007701A6854A85029AB3E9A900938484066B
:10B1F000C9B78280828082805971A2D42E848395BF
:10B20000E500A6D2CAD086D6B284368963D20502BA
:10B210005E2493F707088DEB13070040B6502654C1
:10B220002320F90098C00659965401456561828033
:10B230003000ED25E34E05FC3247BD67F98F797785
:10B24000BA9793B71700C9BF814713070004F9B72E
:10B25000DE25797122D406D626D24AD04ECE898BED
:10B260002E8491CF930774041CC01CC885475CC80A
:10B27000B250225492540259F249456182807400BE
:10B280003000AA84EFF05FF7A2492A892685CE858F
:10B29000992219E98317C40013F7072071FBF19B6A
:10B2A00093E727005EA47DBF97070000938787D5AB
:10B2B0009CD45E2408C008C893E707085EA4B24780
:10B2C000232A340199CB8315E4002685A52D11C5C9
:10B2D0005E24F19B93E717005EA45E2433E527010B
:10B2E0004AA479B7D1CD83A7C5FF011122CC06CEE0
:10B2F0001384C5FF63D307003E942AC6452D1387E8
:10B30000C18F1C43324581EB2322040000C36244F9
:10B31000F240056145A5637DF4001040B306C4000A
:10B320006396D7009443DC43B29614C05CC0F9BF67
:10B330003E87DC4399C3E37DF4FE14433306D70014
:10B34000631F86001040B29614C33306D700E39003
:10B35000C7FC9043DC43B29614C35CC34DBF637516
:10B36000C400B1471CC165B71040B306C400639662
:10B37000D7009443DC43B29614C05CC040C341BFC5
:10B38000828041114AC01389818F8327090022C41A
:10B3900026C206C6AA842E8489E781458D212320F2
:10B3A000A900A2852685A1297D59631A25017D540E
:10B3B000B240228522449244024941018280130412
:10B3C00035007198E30685FEB305A440268505295E
:10B3D000E31025FFE9BF011126CA93843500F198D7
:10B3E0004AC8A104B14706CE22CC4EC62A89B3F47E
:10B3F000F40A63C4040063FDB400B1472320F900DC
:10B400000145F2406244D2444249B249056182801A
:10B41000712B9389C18F83A709003E8421E8A685FB
:10B420004A85EFF01FF6FD572A846317F50A03A437
:10B430000900A287C9EB8329040081454A85A299A6
:10B440007D2E6395A9081C408D044A859D8CF1983A
:10B45000B147A104B3F4F40AA685EFF09FF2FD57BB
:10B460006306F5061C40A6971CC015A01440858EE7
:10B4700063C806042D47637DD70204C033079400D8
:10B480006396870223A0E9005C4014C35CC34A852D
:10B4900015231305B4009307440061993307F54061
:10B4A000E301F5F63A94898F1CC0A1BFD8C3E9BF68
:10B4B00058406395870023A0E900D1BFD8C3C1BF1E
:10B4C000A2874040A1BF3E84DC43ADB7B1472320F3
:10B4D000F9004A85C5212DB704C155BF1C46FD178B
:10B4E0001CC663DA0700184E63C5E700A9476394DA
:10B4F000F5006FF04FF41C422E851387170018C219
:10B500008CA38280011122CC26CA4AC84EC652C4DE
:10B5100006CE2A89AE893284B304D6007D5A6314DC
:10B520009400014509A80C204E864A85EFF01FFBC8
:10B530000504E31645FFF2406244D2444249B24951
:10B54000224A05618280357122CD26CB4AC94EC779
:10B5500006CF52C556C35AC1DEDEE2DCAA892E846C
:10B560003289B68409C51C4D99E3EFF0FFAF9727E8
:10B5700000009387E7986318F40403A449007C5003
:10B58000858B81EB5E2493F7072081E7284CEFF051
:10B590007FC65E24A18B99C31C48A5E3A2854E8576
:10B5A000EFF02FF539C97C50858BA1C37D55FA404A
:10B5B0006A44DA444A49BA492A4A9A4A0A4BF65B2B
:10B5C000665C0D6182809727000093876791631501
:10B5D000F40003A4890065B7972700009387478E7E
:10B5E000E31FF4F803A4C90059BF5E2493F70720B2
:10B5F000D5FF284CEFF03FC055BF93070002A304CE
:10B60000F1029307000302D22305F10226C6930B31
:10B610005002972A0000938AAA90294BCA849C2042
:10B6200099C3639A7709338C2441638E2401E2869F
:10B630004A86A2854E85EFF0FFECFD576306F518AC
:10B640009257E2973ED29C2063800718FD571389DA
:10B65000140002C802CE3ECA02CCA309010482D45F
:10B6600083450900154656853526C24793041900BF
:10B6700029E513F7070109C713070002A309E1042D
:10B6800013F7870009C71307B002A309E104834633
:10B6900009001307A0026389E602F247CA848146C3
:10B6A0002546982093851400130707FD6372E6066C
:10B6B00085C63ECE15A085049DB733055541B39789
:10B6C000A72826893EC869BF32479306470018431A
:10B6D00036C6634807023ACE98209307E002631CFF
:10B6E000F70498309307A002631AF702B24789045F
:10B6F000138747009C433AC67D57B3E7E70A3ECA23
:10B700001DA83307E04093E727003ACE3EC8E9B7CB
:10B71000B3876703AE848546BA9761B7850402CACA
:10B72000814681472546982093851400130707FD1D
:10B730006372E606E9F68C200D4617150000130526
:10B74000A57E892C11CD971700009387E77D1D8D6D
:10B75000C247130700043317A700D98F85043EC8DA
:10B760008C201946171500001305457C1389140019
:10B770002304B102052435C99307000095E7424729
:10B78000B2471377071009CF91073EC69257D29759
:10B790003ED269B5B3876703AE848546BA9761B771
:10B7A0009D07E19BA107D5B7780097060000938617
:10B7B000A6D522860C084E8597000000E700000001
:10B7C000FD572A8AE314F5FC7C50858B81EB5E24BF
:10B7D00093F7072081E7284CEFF0FFA15E2493F751
:10B7E0000704E39507DC1255D9B3780097060000EB
:10B7F000938686D122860C084E85F124D1B741115B
:10B8000022C42A842E8523A0019006C6EF706EFB09
:10B81000FD576316F50083A7019091C31CC0B24089
:10B82000224441018280411122C42E848395E50087
:10B8300006C6012B634905007C48AA977CC8B24024
:10B840002244410182805E249397C7485EA4C5BF0D
:10B85000DE25011122CC26CA4AC84EC606CE93F771
:10B860000710AA842E843289B68991C78395E50092
:10B8700089460146DD285E248315E400F240939753
:10B88000C7485EA46244CE864A86B24942492685AC
:10B89000D24405611DA8411122C42E848395E50080
:10B8A00006C6E1207D575E246319E5009397C748DB
:10B8B0005EA4B2402244410182809397C72868C8A1
:10B8C0005EA4C5BF8395E5003DA0411122C42A8432
:10B8D0002E85B285368623A0019006C6EF704EEC09
:10B8E000FD576316F50083A7019091C31CC0B240B9
:10B8F000224441018280411122C42A842E8523A042
:10B90000019006C6A521FD576316F50083A7019097
:10B9100091C31CC0B240224441018280411122C423
:10B920002A842E85B28523A0019006C6B121FD5739
:10B930006316F50083A7019091C31CC0B240224456
:10B9400041018280411122C42A842E8523A00190C6
:10B9500006C60D29FD576316F50083A7019091C314
:10B960001CC0B240224441018280411122C42A8479
:10B970002E85B285368623A0019006C61129FD5773
:10B980006316F50083A7019091C31CC0B240224406
:10B990004101828093F5F50F2A966314C500014595
:10B9A00082801C21E38EB7FE0505C5BF1385C18EBD
:10B9B0006FF05F841385C18E6FF0FF83797156CA73
:10B9C0009C49BA8A984522D44AD04ECE52CC06D64B
:10B9D00026D25AC85EC6B3E7E70A1CC203C73504BD
:10B9E000AA892E843289368A19C385071CC21C4055
:10B9F00093F7070291C78327090089072320F900DD
:10BA00000440998891E8130B9401FD5B5C44032783
:10BA10000900998F63CCF40483473404B336F000F3
:10BA20001C4093F70702A5EB13063404D2854E851C
:10BA3000829AFD576303F5041C4011478144998B9A
:10BA40006399E7008327090044449D8C8147B3E450
:10BA5000F40A1C4418486354F700998FBE940149B6
:10BA600069047D5B63982405014509A885465A86CB
:10BA7000D2854E85829A631E75017D55B25022543F
:10BA800092540259F249624AD24A424BB24B456142
:10BA900082808504A5BF3307D40013060003A301E9
:10BAA000C7040347540493871600A2978906A3810D
:10BAB000E7049DBF85462286D2854E85829AE30E95
:10BAC00065FB050945B7797122D44AD04ECE52CCD8
:10BAD00006D626D256CA5AC803C8850193078007DE
:10BAE0002A892E84B289368A63E2070393072006E7
:10BAF0009386350463E10703630C081C93078005F4
:10BB000017160000130606436308F8149304240470
:10BB10002301040515A89307D8F993F7F70F5546A5
:10BB2000E366F6FE1716000013064643B3C7C720A8
:10BB30009C43B29782871C439384250493864700D5
:10BB40009C4314C32381F504854775A290411C438F
:10BB5000137506089385470029C19C430CC35840C0
:10BB600063DF07129305D002A301B40418C4635E17
:10BB70000702B307F040171600001306A63B29483A
:10BB8000B68433F70703FD143297182398A03E8735
:10BB9000B3D70703E37707FF85A09C43137506041B
:10BBA0000CC355DD939757605DBF6D9A10C0D1B738
:10BBB00090411C43137506089385470001C50CC3CB
:10BBC0009C4331A0137606040CC37DDA9E23130731
:10BBD000F006171600001306E6356310E80C21483E
:10BBE000A3010404584018C4E34C07F80C40ED9935
:10BBF0000CC0D9F7B68449F7A147631EF8001C4072
:10BC0000858B91CB58401C4863C7E700930700031E
:10BC1000A38FF4FEFD14858E14C85287CE86700063
:10BC2000A2854A85EFF09FD9FD5A631A550D7D55BF
:10BC3000B250225492540259F249624AD24A424BBB
:10BC4000456182809C4193E707029CC113088007ED
:10BC5000171600001306462FA30204050C401C43D0
:10BC600013F80508138547006305080008C39C43C3
:10BC700039A013F8050408C3E30B08FE9E2313F74D
:10BC8000150001C793E505020CC099C3414889BF5F
:10BC900018401377F7FD18C0D5BF294891B717167C
:10BCA000000013062629294835BF90411C43CC4982
:10BCB00013780608138547006306080008C39C43F1
:10BCC0008CC339A008C3137606049C4375DA8EA38F
:10BCD00023280400B68491B71C43D0418145938644
:10BCE000470014C384432685EFF0DFCA01C5B307BC
:10BCF00095405CC05C401CC8A301040439BF1448D3
:10BD00002686CE854A85029AE30355F31C40898B2B
:10BD100085E74844B2473365F50A19BF854656861C
:10BD2000CE854A85029AE30465F185045C44324776
:10BD3000998FE3C5F4FEF1BF8144930A94017D5BC2
:10BD4000F5B7411122C42A842E85B285368623A0F8
:10BD5000019006C6A120FD576316F50083A7019048
:10BD600091C31CC0B24022444101828093078005E8
:10BD700023A0F1907D5582809307800523A0F19048
:10BD80007D5582809307800523A0F1900145828034
:10BD90009307800523A0F1907D558280930780054D
:10BDA00023A0F1907D558280696436340100000043
:10BDB000696436017070FEFF8870FEFFAC70FEFF94
:10BDC000B670FEFFCC70FEFFDE70FEFFF670FEFF69
:10BDD0001A71FEFF2471FEFF3A71FEFF2A20000057
:10BDE00043483538355F424C455F4C49425F5631D8
:10BDF0002E340000686561642066696C6520657298
:10BE0000726F722E2E2E00004C494220696E6974AA
:10BE1000206572726F7220636F64653A2025782006
:10BE20002E2E2E0A000000004150505F4442472051
:10BE300025733E20000000002062745F6D6573680A
:10BE40005F726573657420004C6F63616C2044659C
:10BE50007620556E70726F766973696F6E656400D7
:10BE6000556E61626C6520616C6C6F6361746520F6
:10BE700062756666657273006B657973203A20257A
:10BE8000642000004D4553485F4C49425F56312EB7
:10BE900037000000556E61626C6520736574206325
:10BEA0006F6E66696775726174696F6E202865725E
:10BEB000723A256429000000496E697469616C69F1
:10BEC0007A696E67206D657368206661696C656468
:10BED000202865727220256429000000426C756577
:10BEE000746F6F746820696E697469616C697A65D2
:10BEF000640000004D657368206E6574776F726B27
:10BF000020726573746F7265642066726F6D20664F
:10BF10006C617368000000004D65736820696E698C
:10BF20007469616C697A6564000000006170705F1B
:10BF300073696C656E745F61647600006C696E6B2A
:10BF40005F6F70656E0000006C696E6B5F636C6F95
:10BF50007365000070726F765F636F6D706C6574EF
:10BF60006500000070726F765F7265736574000023
:10BF7000626C656D6573685F6F6E5F73796E630089
:10BF80006B6579507265737300000000696E645FC1
:10BF9000656E645F6362000073656E645F726573F3
:10BFA00065745F696E6469636174650073656E646E
:10BFB0005F6C65645F7374617465000073656E64C3
:10BFC0005F737570706F72745F61747472000000DB
:10BFD000743F00200000000000000000000000008E
:10BFE00000000000643F002010000000000000007E
:10BFF0000000000000000000000000000000000041
:10C00000000000007A3500000E36000032350000D6
:10C0100000000000EA350000D70700000000000023
:10C0200001000000B82100206465766963655F77D0
:10C03000696E6473706565643A20256420000000B1
:10C0400074746C3A20307825303278206473743AF6
:10C05000203078253034780073656E642073746105
:10C06000747573206661696C65643A20256400000C
:10C0700074746C3A20307825303278206473743AC6
:10C080002030782530347820727373693A20256423
:10C090002000000067656E5F77696E647370656588
:10C0A000645F7365745F756E61636B0067656E5F77
:10C0B00077696E6473706565645F73657400000012
:10C0C00067656E5F77696E6473706565645F7374CE
:10C0D000617475730000000067656E5F77696E6458
:10C0E00073706565645F6765740000007265616404
:10C0F0005F77696E647370656564000074746C3A90
:10C1000020307825303278206473743A20307825D6
:10C1100030347820727373693A202564000000007F
:10C1200067656E5F6F6E6F66665F676574000000BF
:10C1300067656E5F6F6E6F66665F7374617475734B
:10C140000000000067656E5F6F6E6F66665F736507
:10C150007400000067656E5F6F6E6F66665F736583
:10C16000745F756E61636B00018200000000000067
:10C170008E3E000002820000020000005A3F0000D4
:10C180000382000002000000063F000000000000E3
:10C1900000000000000000006D65736820686561A4
:10C1A000642066696C65206572726F722E2E2E0097
:10C1B0000E4100002A410000E8400000E440000079
:10C1C00003040010000000000A14006000010605CE
:10C1D0001401030708020200C00002003C003C00FA
:10C1E0000200020401041E000200000050000000D2
:10C1F0002C01000064000A0000000000D6BE898EF9
:10C20000252627007372633A203078253034782051
:10C210006473743A2030782530347820746964204F
:10C2200030782530327820727373693A20256400A3
:10C23000617474725F74797065A3BA307825303494
:10C24000782000004E554C4C2062756600000000BE
:10C25000556E61626C652073656E64206D6F6465F8
:10C260006C206D65737361676520286572723A256D
:10C2700064290000556E61626C652073656E6420F0
:10C28000696E64696361746520286572723A256419
:10C29000290000002C000000556E61626C6520557D
:10C2A00070646174652053686132353600000000A7
:10C2B000556E61626C652047656E657261746520BC
:10C2C0007368613235362076616C75650000000058
:10C2D00030313233343536373839616263646566FC
:10C2E000000000006F6F625F6B65795F67656E6568
:10C2F00072617465000000006164765F696E645F5E
:10C3000073656E640000000073656E645F77696E2C
:10C310006473706565645F696E6469636174650008
:10C3200073656E645F6C65645F696E646963617494
:10C3300065000000696E645F7374617274000000D0
:10C34000746D5F617474725F67657400746D5F61B2
:10C350007474725F73657400746D5F617474725F7E
:10C360007365745F756E61636B000000746D5F616F
:10C370007474725F636F6E6669726D00746D5F6175
:10C380007474725F7472616E73000000A801D00053
:10C390000000000068430000A801D1000000000078
:10C3A000F0420000A801D20000000000624200003C
:10C3B000A801D50001000000E4410000A801CF0061
:10C3C000000000008E41000000000000000000009E
:10C3D00000000000A80100006199790018146C8B1E
:10C3E00065207A600AE81EEBD51AE538ECE9E255DB
:10C3F000421700000000060060490000F24D0000F6
:10C40000DB2A0000DC2A00000200000010C401004A
:10C4100027180000DD2A0000DE2A000002000000CC
:10C4200024C4010028180000292A2B244D45534814
:10C430005F4C49425F56312E373900000000000042
:10C44000B05E0000985E00000000000054C40100CF
:10C45000000000001A640000EA630000F8630000B6
:10C4600000000000000000003E6800000000000026
:10C47000020000000F0000006C7000000B80000044
:10C4800001000000487000000E8000000100000064
:10C490002470000011800000010000000070000006
:10C4A0001480000001000000DC6F00002880000004
:10C4B00002000000846F00004480000003000000C0
:10C4C000486F000003800000040000009C70000022
:10C4D0003E80000007000000226F0000198000006D
:10C4E0000C000000AE6E00001F800000070000007E
:10C4F0008A6E00003C80000009000000DA6D000038
:10C50000060000000A0000006C6D00002E80000094
:10C51000050000001A6D00002580000001000000E9
:10C52000E46C00004A80000000000000B86C0000CD
:10C5300048800000040000006E6C000017800000BE
:10C5400004000000266C00004C8000000500000084
:10C55000726B00004E80000007000000BA6A000005
:10C560000280000003000000186A00002A8000001A
:10C5700005000000646900002C8000000700000036
:10C58000AC68000000000000000000000000000097
:10C5900000000000000000009E7B00000000000082
:10C5A000088000000100000022830000000000005D
:10C5B00013000000509B0000010000001300000069
:10C5C000C89A00000080000003000000289C0000C2
:10C5D0000180000002000000C098000009800000F7
:10C5E00000000000088E00000A800000010000002A
:10C5F0007C8D00000C80000000000000DA8F00003D
:10C600000D80000001000000548F00001280000027
:10C6100000000000AC8E000013800000010000004C
:10C62000C48E00002380000000000000D28B0000B8
:10C630002480000001000000628B000026800000C2
:10C64000000000000C8D00002780000002000000A8
:10C650005E8C00001880000004000000A282000030
:10C66000030000000B000000C49300001A800000CB
:10C6700018000000C69200001B80000006000000A9
:10C68000D48000002080000014000000108600000C
:10C690001C80000006000000FC7F000021800000DC
:10C6A00014000000D08400001E800000060000007E
:10C6B000B69600002280000014000000C69500001D
:10C6C0001D80000004000000189500002980000073
:10C6D00004000000867A00002B80000006000000A5
:10C6E0004C79000040800000120000005E780000DD
:10C6F00045800000120000007E77000041800000AD
:10C70000020000006A9D000042800000000000005E
:10C710001C980000468000000200000044720000E7
:10C720004780000003000000B27600003D8000005A
:10C7300006000000F27E00003F80000006000000BE
:10C74000DA9100004B80000004000000BE7D000074
:10C750004D80000006000000BE7D00004980000002
:10C7600000000000BC7500000F8000000000000009
:10C77000967100001080000001000000F67C0000AF
:10C780002D800000020000000A75000015800000E6
:10C7900002000000FE71000016800000030000008F
:10C7A0002C7400003880000000000000827300003C
:10C7B0003980000009000000848700003A800000F2
:10C7C000000000008E8900003B8000000500000092
:10C7D000A68900000000000000000000000000002A
:10C7E0003C8700000000000069643132380100001D
:10C7F000736D6B3200000000736D6B33000000003E
:10C80000736D6B34000000007072636B00000000F9
:10C8100076746164000000000091E3720796E4758D
:10C820000E9FED7C0998EA7B1C8DFF6E1B8AF869D0
:10C830001283F1601584F66738A9DB4A3FAEDC4D00
:10C8400036A7D54431A0D24324B5C75623B2C05130
:10C850002ABBC9582DBCCE5F70E1930277E69405E0
:10C860007EEF9D0C79E89A0B6CFD8F1E6BFA881990
:10C8700062F3811065F4861748D9AB3A4FDEAC3DC0
:10C8800046D7A53441D0A23354C5B72653C2B021F0
:10C890005ACBB9285DCCBE2FE0710392E7760495A0
:10C8A000EE7F0D9CE9780A9BFC6D1F8EFB6A188950
:10C8B000F2631180F5641687D8493BAADF4E3CAD80
:10C8C000D64735A4D14032A3C45527B6C35220B1B0
:10C8D000CA5B29B8CD5C2EBF900173E2970674E560
:10C8E0009E0F7DEC99087AEB8C1D6FFE8B1A68F910
:10C8F000821361F0851466F7A8394BDAAF3E4CDD40
:10C90000A63745D4A13042D3B42557C6B32250C16F
:10C91000BA2B59C8BD2C5ECF0000000000000000FB
:10C92000F6BD00000000000005000000030000004C
:10C93000B8BE00000400000003000000BABD000003
:10C94000378000000100000082BE00000780000068
:10C95000010000004EBE00000000000000000000CA
:10C96000000000000000000000000000BEC1000048
:10C970000000000031800000020000007CC10000C7
:10C980002F800000020000002CC100003080000059
:10C99000020000004CC000003280000003000000D4
:10C9A000E4C00000338000000300000014C0000059
:10C9B000348000000000000008C000003580000046
:10C9C00001000000F0BF0000368000000100000000
:10C9D00020BF000004800000000000009EBF000097
:10C9E00005800000010000003EC30000068000003A
:10C9F0000100000026C3000000000000000000004D
:10CA00000000000000000000BCC7000048C7000094
:10CA1000000000006E6B626B000000006E6B696BC3
:10CA2000000000002F4E6F64652F25780000000085
:10CA300000070E091C1B1215383F363124232A2DFE
:10CA40002F566E642F25782F257300002F536967AA
:10CA50002F25782F257300006461746100000000A9
:10CA60002CCB0100C4E3000030CB010028E400001F
:10CA700034CB0100F6E2000038CB0100AEE9000043
:10CA80003CCB0100EEE8000044CB01003EE8000092
:10CA90004CCB010074E0000054CB0100AAE200007E
:10CAA00058CB01000AF700005CCB0100F4F600004F
:10CAB00060CB0100BCE7000064CB010048E7000048
:10CAC000BA010100000000009A000100000000000F
:10CAD0002F4170704B65792F257800002F4E6574BB
:10CAE0004B65792F257800002F4E657400000000FB
:10CAF0002F4956002F536571000000002F48425007
:10CB0000756200002F436667000000002F56612FFA
:10CB10002578000062696E64000000007375620091
:10CB2000707562002F52504C2F2578004E657400AE
:10CB3000495600005365710052504C004E65744BCD
:10CB4000657900004170704B65790000484250756E
:10CB5000620000004366670053696700566E640018
:10CB6000566100004E6F6465000000000102040879
:10CB70001000000001020408B208010000000000DB
:10CB80000A00000064000000E80300001027000015
:10CB9000A086010040420F008096980000E1F50554
:10CBA0002421010001030000441D010001000000D8
:10CBB000F8150100010000009212010000000000C1
:10CBC0007072736B000000007072736E00000000E2
:10CBD0007072646B00000000FC0C0100010000009A
:10CBE000921E01000B000000081E0100050000005D
:10CBF000061B010040000000D81A010000000000E0
:10CC0000A41A0100100000003818010010000000F4
:10CC1000DA16010021000000DE2201000000000001
:10CC2000242201000100000000310100F230010067
:10CC3000982F8A4291443771CFFBC0B5A5DBB5E987
:10CC40005BC25639F111F159A4823F92D55E1CABFB
:10CC500098AA07D8015B8312BE853124C37D0C5589
:10CC6000745DBE72FEB1DE80A706DC9B74F19BC1D1
:10CC7000C1699BE48647BEEFC69DC10FCCA10C24C1
:10CC80006F2CE92DAA84744ADCA9B05CDA88F976A5
:10CC900052513E986DC631A8C82703B0C77F59BF0F
:10CCA000F30BE0C64791A7D55163CA06672929143B
:10CCB000850AB72738211B2EFC6D2C4D130D3853D8
:10CCC00054730A65BB0A6A762EC9C281852C72929A
:10CCD000A1E8BFA24B661AA8708B4BC2A3516CC7C8
:10CCE00019E892D1240699D685350EF470A06A1001
:10CCF00016C1A419086C371E4C774827B5BCB03450
:10CD0000B30C1C394AAAD84E4FCA9C5BF36F2E68ED
:10CD1000EE828F746F63A5781478C8840802C78C7C
:10CD2000FAFFBE90EB6C50A4F7A3F9BEF27871C67F
:10CD300042A2FFFF36A2FFFF42A2FFFF32A2FFFF87
:10CD400042A2FFFF32A2FFFF42A2FFFF32A2FFFF7B
:10CD500042A2FFFF3AA2FFFF42A2FFFF32A2FFFF63
:10CD600042A2FFFF42A2FFFF32A2FFFF32A2FFFF5B
:10CD700032A2FFFF3EA2FFFF3EA2FFFF32A2FFFF53
:10CD800032A2FFFF32A2FFFF42A2FFFF32A2FFFF4B
:10CD900042A2FFFF000000000000000000000000B1
:10CDA0000000008743483538355F424C455F4C49A9
:10CDB000425F56312E342E34000000000001020282
:10CDC0000303030304040404040404040505050523
:10CDD00005050505050505050505050506060606FF
:10CDE00006060606060606060606060606060606E3
:10CDF00006060606060606060606060607070707CF
:10CE000007070707070707070707070707070707B2
:10CE100007070707070707070707070707070707A2
:10CE20000707070707070707070707070707070792
:10CE3000070707070707070707070707080808087E
:10CE40000808080808080808080808080808080862
:10CE50000808080808080808080808080808080852
:10CE60000808080808080808080808080808080842
:10CE70000808080808080808080808080808080832
:10CE80000808080808080808080808080808080822
:10CE90000808080808080808080808080808080812
:10CEA0000808080808080808080808080808080802
:10CEB0000808080808080808080808080000000012
:10CEC0000000000000000000000000000000000062
:10CED0000000000000000000000000000000000052
:10CEE0000000000000000000000000000000000042
:10CEF0000000000000000000000000000000000032
:10CF00000000000000000000000000000000000021
:10CF1000000000000000000000000000232D302B66
:10CF200020000000686C4C006566674546470000BD
:10CF3000303132333435363738394142434445464F
:10CF40000000000030313233343536373839616211
:10CF50006364656600000000DEEBFFFFF4EBFFFF9B
:10CF6000B4EBFFFFB4EBFFFFB4EBFFFFB4EBFFFF4D
:10CF7000F4EBFFFFB4EBFFFFB4EBFFFFB4EBFFFFFD
:10CF8000B4EBFFFF52EDFFFF58ECFFFFECECFFFFAF
:10CF9000B4EBFFFFB4EBFFFF80EDFFFFB4EBFFFF4F
:10CFA00058ECFFFFB4EBFFFFB4EBFFFFF4ECFFFF27
:10CFB0000000000003010000C8210020C42200205E
:10CFC0000000000000000000000000001425002008
:10CFD00024260020A0C5010090C501006822002081
:10CFE0000200000000000000282200201025002080
:10CFF0001826002074C9010064C901003C260020E5
:10D000000010000000000000000000000C250020BF
:10D010000C26002068C10100000000000000000094
:10D020000000000000000000000000000000000000
:10D030005C22002000000000000000000000000052
:10D0400000000000000000000000000000000000E0
:10D05000000000003026002000000C0030260020D8
:10D0600000000000000000000701070100000300AD
:10D0700000000000000000000000000000000000B0
:10D0800000000000000000000000000000000000A0
:10D090000000000000000000000000000000000090
:10D0A0000000000000000000000000000000000080
:10D0B0006026002000004100602600200000A8013A
:10D0C000000000000000000018250020A43E002001
:10D0D0008CC30100000000000000000004100410D8
:10D0E00002000000482500200100000008C40100E3
:10D0F000020000004425002001000000E42200207E
:10D100000200000000C40100020000000000000056
:10D11000020000004425002001000000E52200205C
:10D120000200000004C40100000000000000000034
:10D13000020000004025002003000000903F002076
:10D140000200000048250020010000001CC401006E
:10D15000020000004425002001000000E62200201B
:10D160000200000014C401000200000000000000E2
:10D17000020000004425002001000000E7220020FA
:10D180000200000018C401000000000000000000C0
:10D19000020000004025002003000000A03F002006
:10D1A0000000000000000000000000005555550080
:10D1B00052B7000000000000000000000000000066
:10D1C00024BE01000000000014F50000EAE00000A9
:10D1D000000000000000000000000000D60901006F
:10D1E000FF000000EC230020EC23002008200001B9
:10D1F000FFFFFFFFFFFFFFFFFFFFFFFF000000003B
:10D20000000000000000000001000000FFFFFFFF21
:10D21000512563FCC2CAB9F3849E17A7ADFAE6BCD8
:10D22000FFFFFFFFFFFFFFFF00000000FFFFFFFF0A
:10D2300096C298D84539A1F4A033EB2D817D0377B0
:10D24000F240A463E5E6BCF847422CE1F2D1176B4B
:10D25000F551BF376840B6CBCE5E316B5733CE2B1E
:10D26000169E0F7C4AEBE78E9B7F1AFEE242E34F4D
:10D270004B60D2273E3CCE3BF6B053CCB0061D658A
:10D28000BC86987655BDEBB3E7933AAAD835C65A13
:10D29000BE520100065201001650010000000000BD
:10D2A000FCCE0100DCCE0100BCCE0100000000007D
:10D2B000000000000000000000000000000000006E
:10D2C000000000000000000000000000000000005E
:10D2D000000000000000000000000000000000004E
:10D2E000000000000000000000000000000000003E
:10D2F000000000000000000000000000000000002E
:10D3000060490020FFFF0000FFFF0000FFFF010059
:10D31000FFFF0000C3812F01A424002000000000B3
:10D32000000000000035000000450000EC44000053
:10D3300018146C8B652000000229000003280000EF
:08D3400000280000A4240020D5
:00000001FF
