:081000006F30506750430020DF
:101008000000000000000000A00000209204002062
:10101800A9BDF9F300020020000000000000000054
:1010280000020020A00000200000000000000000D6
:10103800A000002000000000A00000200000000028
:10104800A0000020A0000020A0000020A000002098
:10105800A000002044050020A0000020000000009F
:10106800A0000020A0000020A0000020A000002078
:10107800F0050020A0000020A0000020A000002013
:10108800A0000020A0000020A0000020A000002058
:10109800A0000020A0000020A0000020A000002048
:1010A80001A0B7170040984B41111367070198CB6F
:1010B800982B1377E70F98AB1307800873370780CF
:1010C800137787083AC60F100000130770052380AE
:1010D800E704130780FA2380E7040F100000B847DD
:1010E800B70600069506558FB8C703C7B704137728
:1010F800F70DA385E704B82713672701B8A71307D7
:1011080050149AA7372700408346578093F6F60E67
:10111800A302D7808946A303D78003C7E7041377C0
:10112800C70F136717002387E70403C7F70213677E
:101138002700A387E702982B1367170098AB238033
:101148000704B247F3A707800F100000410182800F
:10115800EFF03FF5171500E01305450B9705000064
:101168009385450A17460000130686D063FAC50022
:101178008322050023A0550011059105E3EAC5FE69
:10118800176502E01305853B97450000938545CE1A
:101198001386019263FAC5008322050023A0550037
:1011A80011059105E3EAC5FE1385019297650000D4
:1011B8009385C5586377B500232005001105E36DB5
:1011C800B5FE93025002739002BC8D427390428028
:1011D8008542739012BC8962938282887390023030
:1011E80097020000938202E293E232007390523039
:1011F800977200E0938282937390123473002030C8
:101208009305000273A0458082457390153492407F
:101218002242B2424243D2436244F24402559255BA
:101228002256B2564257D2576258F2580649964942
:10123800264AB64A464BD64B664CF64C065D965D3A
:10124800265EB65E465FD65F0961730020304111A5
:10125800B7170040985F3AC6945F3247E39CE6FEB2
:10126800324541018280B7F70700DC53411123A0C2
:10127800F192B7170040984B1367070198CB982B4A
:101288001377E70F98AB1307800873370780137736
:1012980087083AC60F100000130770052380E7047B
:1012A800130780FA2380E7040F1000001307000CCF
:1012B8006315E5029A271367070C9AA7B71700402A
:1012C800982B1367170098AB23800704B247F3A73E
:1012D80007800F10000041018280B827937605200F
:1012E800ADCA118B29E303C7E70403C6E7041377E4
:1012F800F70F136636002387C704B0271366460026
:10130800B0A792278E273346060893E5050C8EA7CB
:10131800A5470100FD1793F7F70FE5FFB717004042
:1013280092A72387E70493770510DDC3371700409A
:101338003C2793E707013CA79377F50199EFB72777
:10134800004003C7578013670701A382E7801D4742
:101358000DA013672700B8A7F9B725476366F704F8
:10136800B727004003C757801377F70EA382E7809B
:101378000547A383E78033450508B717004013677F
:10138800050C9AA78AA7B5CE03C7570483C6570486
:10139800418B858A558F1DF3B82B418B05D3B82710
:1013A8001377D70FB8A719BF9377050199EBB7271C
:1013B800004003C757801377F70EA382E7800947D9
:1013C8004DBFB727004003C757801377F70EB5BF47
:1013D8009377850181EFB727004003C757801377BC
:1013E800F70EA382E7801307100561B7B7270040FF
:1013F80003C757801377F70EA382E780130770059A
:101408008DBFB8271377B70F71BF01118146014609
:101418008145114506CE5D2C93078008F3B70780F8
:1014280093F787083EC60F100000B7170040130750
:1014380070052380E704130780FA2380E7040F1060
:10144800000003C76704136717002383E70423809A
:101458000704B247F3A707800F100000F2400561A8
:10146800828037E700E01C435443A183E206D58F0E
:101478001CC1FD572320F7182322F7188280131761
:101488008500B7E700E023A0E710618123A2A71039
:10149800828041118146014681451145052C13077B
:1014A8008008F337078093F787083EC40F100000C1
:1014B800B7170040130670052380C704930680FA07
:1014C8002380D7040F100000FD55CEB723800704F2
:1014D800A245F3A505800F10000073370780137726
:1014E80087083AC60F1000002380C7042380D7045A
:1014F8000F10000003C76704136717002383E7046E
:1015080023800704B247F3A707800F10000001A04B
:101518009307E0043305F50295473355F5020100BA
:101528007D1575FD8280411122C406C62A841305E3
:10153800803E7D14F13F3344040875F8B2402244DC
:1015480041018280197106C212C416C61AC81ECA81
:1015580022CC26CE2AD02ED232D436D63AD83EDA6B
:1015680042DC46DECAC0CEC2D2C4D6C6DAC8DECA9B
:10157800E2CCE6CEEAD0EED2F2D4F6D6FAD8FEDA4B
:10158800938581948841E700050092402242B24247
:101598004243D2436244F244025592552256B2560F
:1015A8004257D2576258F25806499649264AB64ACF
:1015B800464BD64B664CF64C065D965D265EB65E8F
:1015C800465FD65F0961730020304111B7170040AC
:1015D800985F3AC6945F3247E39CE6FE3245410184
:1015E8008280B7E700E03707001023A0E720828059
:1015F800B7170040130700032388E702854723A88D
:10160800F19473002030411106C6EF00701CF5BF3D
:101618002303048015472303E48001002302A480E8
:10162800828083076480E3CE07FE230304808280E0
:1016380083076480E3CE07FE0345448082808307E6
:101648006480E3CE07FE2302A4808280411126C471
:101658004AC24EC006C61377F50BAD47AA892E8934
:1016680095446306F70019456537653F8D444E85F7
:101678004537FD59FD1463983401B240A24412491C
:10168800824941018280135509011375F50F453FC1
:101698002209CDB7011126CC06CEB7040800513770
:1016A8001545BD37713769372AC6A53F3245937747
:1016B800150089EB136515001375F50FF240E24428
:1016C80005618280FD14E9FC0145CDBF3971B7F78A
:1016D800070006DE26DC4ADA4ED852D656D45AD24D
:1016E8005ED062CE03AB47027D57B7E700E083AA1E
:1016F800070022C603AA470023A0E71823A2E71879
:10170800B71B0040930770052380FB04930780FAFA
:101718002380FB0483C74B041147AA8993E7070E6C
:101728002382FB04372400401305F00F2303E480D1
:101738002E8C3289B684E93DED35938779FF93F78E
:10174800F70F0947137BFB006362F712A1473707BE
:1017580008006307FB00B70707003E9C37870700B0
:101768007955637EEC02B3878401636AF702A9475F
:101778006398F90689E481446D3526850DA0E285D4
:101788000945E93505090345F9FFFD14050C453DF3
:1017980081C49377FC0FFDF7F53D69FD7D55B717BB
:1017A8000040130770052380E704130780FA23809D
:1017B800E70403C74704418B2382E704F250B7E7E5
:1017C80000E023A0571123A24711E2543244525992
:1017D800C259325AA25A125B825B724C21618280D2
:1017E800A547639AF906A1478569631DFB0293879C
:1017F800F9FFB3869700B374FC00B69493C7F7FF5C
:10180800FD8C33FC8701416B856B9387F9FFB3F738
:10181800870199E363FF340193D94900C147E3E69F
:1018280037FF91BF9307F00FE9B78567C169FD17C7
:10183800C9B71305800D6388690113050002638425
:10184800790113051008E2851135A93521D94E9C77
:10185800B3843441C1B7E2852D45CD3BCA94E30C2E
:1018680099F00509F133A30FA9FED5BF9387F9FFB6
:1018780093F7F70F636FF70AA1476319FB06B707DA
:1018880008003E9C83C75B043707070093F70702ED
:1018980099E337870700B70708003E977955E37043
:1018A800ECF0B3079C00E36CF7EE8947639AF90400
:1018B8008980D549E38104ECE2850945413B11095A
:1018C8000327C9FF91472320E48003076480E34E80
:1018D80007FE23033481FD17EDFBFD14110C81C4B1
:1018E8009377FC0FE9FF7D3371F54DBD83C75B042A
:1018F8003707070093F70702D5F33787070079BF43
:101908008547E384F9F2E2852D4589339389F4FF0D
:10191800E38304E6313B93F7390091EB8326048097
:101928000327090093074900E398E6E43E89CE843B
:10193800F1BFB5476396F9001305900BD13925BD62
:10194800B1471305B00AE38BF9FE99476394F9048C
:10195800A1476315FB00B70708003E9CE2852D45AB
:10196800F53181440D4BA149E13163966401832728
:1019780004802320F9008504E39834FF832704803A
:1019880013172C01635507002312F900EDB3232226
:10199800F900D5B39D476399F90281451305B00451
:1019A8007531BD442320090023220900FD5949311E
:1019B80093F77400CA9703C70700FD14398D238075
:1019C800A700E39634FF45BB91476399F9001305D7
:1019D80060063D39B931130590098DB7E38D09D8F3
:1019E800F15459BB23AC05FE1C4199E30CC182801C
:1019F8003E8783A787FFEDFF232CB7FE8280411126
:101A080026C2B7E400E04AC003A90400B7072000D3
:101A180006C622C43379F90023A0F4180F10000079
:101A280009E523A02411014535A09565938505D0C6
:101A3800C98D2A842105B3C5050833450508EF106B
:101A4800702165D1FD572320050042A17CA123A068
:101A580024112105B2402244924402494101828066
:101A68004111B7E700E04AC003A9070026C23707BB
:101A7800200006C622C4AA843379E90023A0E71807
:101A88000F10000083A7C1960144014685E301C8F1
:101A9800A2851385C196976000E0E780200FA165B5
:101AA8002685976000E0E780C05F0DA003C7E7FFC9
:101AB8006319970205CCA2851385C196976000E04B
:101AC800E780C00CA1652685EF206008B24022851A
:101AD8002244B7E700E023A02711924402494101BC
:101AE800828011E03E8683A787FF4DB73E84E5BF1D
:101AF80037E700E01C43B70620002320D718F58FEE
:101B08000F10000019C191C111E637E700E023204A
:101B1800F71082802E960F70B650D5BF37E700E0D9
:101B28001C43B70620002320D718F58F0F1000009C
:101B380019C1014785E137E700E02320F7108280CB
:101B4800B386E50003A80600B306E5007D1623A0CA
:101B58000601110775F6C5B737E700E01C43B7065D
:101B680020002320D718F58F0F10000001C5330778
:101B7800C50011E637E700E02320F710828005054D
:101B8800A30FB5FEE31DE5FEF5B7B7E600E09C42FE
:101B9800370620002A87F18F23A0C6180F100000EF
:101BA8000145B306A7008386060091E637E700E003
:101BB8002320F71082800505EDB70111B7E700E093
:101BC80026CA84434AC83707200006CE22CC2A8971
:101BD8002E86F98C23A0E7180F1000009305F00457
:101BE80032C633450608EF10F0062A8401C532468E
:101BF800CA85FD3DF24022856244B7E700E023A094
:101C080097104249D2440561828037E700E01C43BF
:101C1800B70620002320D718F58F0F10000001C544
:101C280099C1014711EA37E700E02320F71005457D
:101C380082800507E309E6FE3308E500B386E50080
:101C4800034808009422E306D8FE37E700E0232083
:101C5800F7100145828037E700E01C43B7062000F3
:101C68002320D718F58F0F1000001307F6FFBA9539
:101C78002A966317C50037E700E02320F710828013
:101C88009821FD150505A30FE5FEE5B737E700E048
:101C98001C43B70620002320D718F58F0F1000002B
:101CA80001C53307C50019E637E700E02320F71020
:101CB8000145828014210505E398B6FEE31CE5FE84
:101CC80037E700E02320F71005458280797126D296
:101CD8009384419822D4804006D64AD04ECE52CC26
:101CE80056CA5AC85EC662C44DC437C9C901814BB9
:101CF800138BC1971309F937175A0000130A8A4042
:101D0800975A0000938A8A3D97590000938989441D
:101D18003E2099EF5C44639A0B009CC0032CC400DE
:101D28002285EF10807F628489A823A6FB00FDB777
:101D380083270B0082971C443307F5406376F50030
:101D480003A789001D8F2A976368E9062E200820BB
:101D5800EF10F05F5C405844A9CB0C4417560000C4
:101D68000326C63FAE97BE8663E4B70063E4C700A8
:101D7800B386C74014C4A28B3A8459F81757000099
:101D88000327C736894763E6E7009757000023AF64
:101D98000734B250225492540259F249624AD24A44
:101DA800424BB24B224C4561828063940B0098C031
:101DB800B5B723A6EB009DB703274A021DCB63EDF9
:101DC800A7023385A7401C2099EF03479A0183A6F1
:101DD80089006117B307A7003E8563E4E70063E461
:101DE800D7003385D74083A70A016374F50023A879
:101DF800AA00A28B404451B703A78900BA97D1B76C
:101E0800011126CA06CE975400009384A43422CC2C
:101E18004AC84EC652C49C288844D9CFB7E700E0C8
:101E280003A907003707200023A0E7183379E90042
:101E38000F10000003C7419719CB23A02711F240C8
:101E48006244D2444249B249224A05618280175706
:101E580000001307A7618357C70AA1CB9C4403243A
:101E6800870A6304F404975900009389292703A774
:101E780009012285630BF702138AC19783270A0099
:101E880082976368A40C83270A00098C829783A72A
:101E9800090198443354F40AB307A4003E8563E467
:101EA800870063E4E7003385E740B7E700E023A055
:101EB80027119C44639BA7021754000013040422B3
:101EC800184883A7C1976319A7088297944437478E
:101ED80036FE130707C83697B307A7003E8563E4A5
:101EE800E70063E4D7003385D74017540000130494
:101EF800E47A5C5C89CB83A641A99C463707CDFF71
:101F08007D17F98F9CC611E1884485475CD09757A7
:101F1800000083A76721829715E15C5C99CF5C502C
:101F280089CF97C001E0E78060BC97B001E0E78007
:101F380000409757000023A50778493B5C5CE38085
:101F480007F003A741A91C47B7063300D58F1CC764
:101F5800FDB59C443E9405BF829714489844B387C6
:101F6800A6003E8563E4D700E3E1E7F83385E74060
:101F7800ADBF23A8A19601C58547238AF196828023
:101F8800AA8799E5175700000347C71D09C7D5B7A2
:101F980011476369B700175700001307671AB3C5DD
:101FA800E5209CC1828083A7019781CF411106C695
:101FB800829783C7419799E323A80196B2404101CC
:101FC800828083C7419781E723A801968280828017
:101FD800411122C426C206C64AC097540000938401
:101FE800E46B83C734021754000013046415B9C3A3
:101FF800175400001304840E1389819803270900DD
:102008001C2014300146B3A5E7208E21B5C911C2A2
:102018001CA00820636DD506975700002380070C85
:1020280083A7C197D5E7B2402244924402494101AF
:10203800828082971C40F5FF9757000083C787125C
:1020480085E3DC48858B89CFD84C9947631EF70018
:102058009757000023AE0764EF10E0025C448297B4
:102068001C44D9D7829769B7D84C9D47E31AF7FE25
:102078009757000023AE0762EF10E0001C48C5B771
:10208800850793F7F70F0546E3EFD7F651B73327E0
:10209800E5200E2323100700239B019683A70198B0
:1020A800B347F5209C4382971C208326090003D759
:1020B80061973377E540B3A6D7209222518F9AA231
:1020C80099C385071CA018201C30E36EF7F4A9B744
:1020D8009757000083A787081CC8CD3E83C73402E2
:1020E800B9F383C7140299CBDC4C89EB97570000EE
:1020F800A386075C97B001E0E780C03F97570000D0
:1021080083A787028DD31C4899DF183083260900DE
:10211800814763C7E702D84C9147E3E6E7F0975752
:10212800000083C72733918BE39F07EE83C741974E
:10213800E39B07EE2244B240924402494101C9B1EF
:1021480033A6D7201222E31006EE8507D9B7B7C702
:1021580000401387C72014431396264910C3010073
:10216800010093878726175500000325E5F89C434F
:102178006A0514C393C7F7FF99835D8D828023A8EE
:10218800A1988280411122C41754000013040451FD
:102198001C4426C206C6858B9754000083A444338A
:1021A80091EBEF20B0372244B2402685924441019A
:1021B8006F10703398289757000023A5074E89475A
:1021C800E301F7FE0146930550020145EF10E01BBD
:1021D8008145174501E0130545535D3301468145A7
:1021E8000545EF1020015C44858BC5DFB2402244D1
:1021F8009244410182809757000083A72731639B4F
:102208000716011122CC2A84094506CE26CA4AC8D7
:102218004EC6EF205038938941A803A609009307BA
:102228008007138941A77CD2238A01968327090056
:10223800938441A9B7053300D8572285719B13674A
:102248001700D8D798431377F7CF98C398431377D5
:10225800F7CF1367072098C398401447CD8E14C74B
:10226800B70603009386862534CA5457F59A54D77F
:1022780098433424137707F893F6F607558F98C3D5
:10228800EF10903D83A60900370500827D15DC42DA
:1022980093E71700DCC203260900030784065C568F
:1022A8009375F703E605E98FCD8F5CD69305A003F8
:1022B8009C4063D5E508F84FB70500074D8FF8CF68
:1022C800B7C7898E938767ED1CC6B75755009387A4
:1022D80057555CC28347A40683444406DD8C89476E
:1022E80017570000232AF73C9757000023AE073AF8
:1022F8007C44BCDE9757000083C7C7E699C7FC52E9
:10230800FDFF9757000023AF073818289D478145E0
:10231800172500001305C5F36306F700170500002D
:10232800130585E6B13910386244F2404249B24992
:10233800A685D244014505616F00D06B9305200244
:1023480063DAE500F84FB70500F9FD156D8FB7059D
:102358000005ADB7B70500F96945FD156357E500F8
:10236800F84F6D8FB705000391BFF84F6D8F1317A6
:102378008729B1B78280975700009387270FE853C2
:10238800054754256390E60203C747079147631A38
:10239800F700011106CE2AC6EF10F0103245F240C0
:1023A800056191BD828083278511E5CB411122C447
:1023B80006C658258345E5049437D2272A8413771F
:1023C800C70F1395466063F7C5066351050688274E
:1023D80093F6F60794B70546936627006314C5007D
:1023E8009366170054A4D8430907D8C303250411DA
:1023F8004CB82E86CC430905EFF08FEF8327841164
:102408005438D8433697D8C3DA27158FDAA78947BF
:102418003CBC034764039757000083C7C7CF636971
:10242800F706B24022440145410182801367170034
:1024380058A46DBF9376F60F635505028827854526
:10244800136627006314B5001366170050A454B828
:10245800A384070085473CBC832784119C43D5FB94
:10246800C9B71367170058A454B8A38407000325F5
:102478000411CC430905EFF0AFE7832784115438E2
:10248800D8433697D8C3DA27158FDAA78D47E1B72F
:102498005C2493E707015CA469B705458280411174
:1024A80083A7C1A522C406C6858B2A84CDEB7829CB
:1024B8008357051D63E5E70A4165130525F5976010
:1024C80001E0E78040EE41CD3C253EA5832704127C
:1024D800ADE32320A4122322A41285472311F40478
:1024E800232005007C2854415EA5583418A50547CB
:1024F80018B513851702175700000327E71D158124
:102508001C437D151375F50F9CC25C43DCC21C4748
:102518009CC65C47DCC61C4B9CCA5C4BDCCA1C4F87
:102528009CCE5C4FDCCE0DC19386060213070702D2
:10253800C1BF8327441288C3835724042322A412CB
:102548008507B3C7070859BF17570000130707F2D5
:102558001E2785071EA7B2402244410182805C24C1
:1025680023090400054593C747005CA4EDB7142D63
:10257800854763ECD70A1C3D2A870145CDEB5C27CC
:1025880013F507013C2B99CB834667039757000047
:1025980083C777B863ECF60001E5828049E582805D
:1025A8008357271E0357671EBA9721A08357271EF4
:1025B80075F90145ADCF9387C7121755000003552C
:1025C80025BAB3B5A70237460F00411113060624F2
:1025D800814622C426C206C67D543385A702973099
:1025E80002E0E780C0A79754000083C434B3AA94DC
:1025F8009757000083A7C7F003A707099C433354E4
:10260800E40AFDFB83A7C197829781476364A4000E
:10261800B307A440B240224433B5970013451500D0
:102628009244410182808147B5BF01458280828002
:1026380003A741A83C5BFDFF01000100828039C966
:1026480001116C0022CC06CE2A84EF20003B15C96C
:10265800FD57630DF502B2479755000083C515ACC9
:1026680063EBB700034594026244F240B385B74078
:1026780005616F10205217570000032727AEBA973D
:10268800D5B76244F24005616F10B07BF2406244F6
:10269800056182808280797152CC175A0000130A32
:1026A800EADC26D283244A0906D622D44AD04ECE62
:1026B800C5C897570000938767FED44F15476384B2
:1026C800E604DC532A8989CF97B001E0E78000420D
:1026D80097B001E0E780A0C59757000023A207FE46
:1026E800FD596C002685EF2040311DE517250000B7
:1026F800130565F5EFF0FF8783A741A8370710009A
:1027080098C70547B8DB0D45B25022549254025978
:10271800F249624A45618280637435013244AA896C
:102728008440E1F0FD571305F00FE38FF9FC914762
:1027380063F187029307B4FF2320F9002324FA0AE0
:1027480099E79757000083A767A12320F90001455F
:1027580065BF9757000083A767A0ED17A297E9BF49
:1027680009455DB7797126D206D622D44AD04ECE15
:1027780052CC56CA5AC85EC68347550303447513DC
:10278800AA843E941374F40F9307400263F68700FB
:102798001304B4FD1374F40F03A9841383A9C41399
:1027A800A38B841222864A85CE85972002E0E78093
:1027B800A048058915E503CBD412014A814A337B29
:1027C8006403930B500252864A85CE85972002E017
:1027D800E780804605890DC563916A031374FA0F73
:1027E800238B8412B250225492540259F249624AFD
:1027F800D24A424BB24B45618280850A939A4A601D
:10280800050AE3127AFDE9BF832785090356050403
:10281800797193D60701BD8EB3C60608358E9357D6
:102828005640898B135776485D8F93573640918B66
:102838005D8F93571640A18B5D8F93171600C18B40
:102848005D8F9317360093F707025D8F9317560035
:1028580093F707045D8F9317760093F7F70F22D449
:102868005D8F2A849357D6001355B6001189898B3A
:1028780093558600C98F1355F6002582C98F218A82
:10288800D18F13961500418AD18F13963500137690
:102898000602D18F1396550013760604D18F13962E
:1028A80075001376F60FD18FA207C5455D8F3307E4
:1028B800B70226D24AD04ECE032984138329C413E3
:1028C8005AC806D652CC56CA369733470708135605
:1028D8005740098A93577748D18F13563740118A42
:1028E800D18F13561740218AD18F13161700418AAA
:1028F800D18F1316370013760602D18F131657009F
:1029080013760604D18F131677001376F60FD18F3E
:102918001358B7001356D70013784800098A13557F
:102928008700336606011358F700258333660601CE
:10293800218B518F13161500418A518F13163500BC
:1029480013760602518F1316550013760604518F1D
:10295800131675001376F60F518F2207D98FB38798
:10296800B7025EC6B697B3C7070813D5574009899B
:1029780013D77748498F13D537401189498F13D515
:1029880017402189498F139517004189498F13955D
:10299800370013750502498F139557001375050401
:1029A800498F139577001375F50F598D13D8B70014
:1029B80013D7D70013784800098B13D687003367DD
:1029C800070113D8F700A58333670701A18BD98FB7
:1029D80013171600418BD98F131736001377070288
:1029E800D98F13175600137707041E06D98F13764D
:1029F800F60FD18FA2073367F5003307B702130626
:102A080050024A85CE853697B98EB3C4060833F688
:102A1800C402137BF60F972002E0E780E0210589C6
:102A280005E9834AD412014A930B5002B38A9A02E9
:102A3800814493DA0A0126864A85CE85972002E0EA
:102A4800E780801F05890DC563914A0313FBF40FC6
:102A5800230B6413B250225492540259F249624A29
:102A6800D24A424BB24B45618280050A137AFA0F6B
:102A78008504E39274FDE9BF8327C50803568508DA
:102A8800797193D60701BD8EB3C60608358E935764
:102A98005640898B135776485D8F93573640918BF4
:102AA8005D8F93571640A18B5D8F93171600C18BCE
:102AB8005D8F9317360093F707025D8F93175600C3
:102AC80093F707045D8F9317760093F7F70F22D4D7
:102AD8005D8F2A849357D6001355B6001189898BC8
:102AE80093558600C98F1355F6002582C98F218A10
:102AF800D18F13961500418AD18F1396350013761E
:102B08000602D18F1396550013760604D18F1396BB
:102B180075001376F60FD18FA207C5455D8F330771
:102B2800B70226D24AD04ECE0329040A8329440A82
:102B38005AC806D652CC56CA369733470708135692
:102B48005740098A93577748D18F13563740118ACF
:102B5800D18F13561740218AD18F13161700418A37
:102B6800D18F1316370013760602D18F131657002C
:102B780013760604D18F131677001376F60FD18FCC
:102B88001358B7001356D70013784800098A13550D
:102B98008700336606011358F7002583336606015C
:102BA800218B518F13161500418A518F131635004A
:102BB80013760602518F1316550013760604518FAB
:102BC800131675001376F60F518F2207D98FB38726
:102BD800B7025EC6B697B3C7070813D55740098929
:102BE80013D77748498F13D537401189498F13D5A3
:102BF80017402189498F139517004189498F1395EB
:102C0800370013750502498F13955700137505048E
:102C1800498F139577001375F50F598D13D8B700A1
:102C280013D7D70013784800098B13D6870033676A
:102C3800070113D8F700A58333670701A18BD98F44
:102C480013171600418BD98F131736001377070215
:102C5800D98F13175600137707041E06D98F1376DA
:102C6800F60FD18FA2073367F5003307B7021306B3
:102C780050024A85CE853697B98EB3C4060833F616
:102C8800C402137BF60F972002E0E780E0FA05897B
:102C980005E9834A1408014A930B5002B38A9A0241
:102CA800814493DA0A0126864A85CE85972002E078
:102CB800E78080F805890DC563914A0313FBF40F7B
:102CC800230F6407B250225492540259F249624ABF
:102CD800D24A424BB24B45618280050A137AFA0FF9
:102CE8008504E39274FDE9BF797122D426D22E843B
:102CF800AA844146974502E09385C59C0A8506D675
:102D0800973000E0E780A01B4146974502E0938595
:102D1800659B0808973000E0E780601A3C3010088F
:102D28008A85DC875C2026855C875C30DC8697A0FA
:102D380001E0E78020380347F1011C200145631EAC
:102D4800F7000347E1011C3001456318F70003450C
:102D5800D1013C201D8D13351500B25022549254D8
:102D680045618280011122CC26CA4AC84EC606CEC9
:102D7800AA84174400000324A47B1309250085496D
:102D880005C09C303830858B6304F700405CCDBFAC
:102D98001946930544004A85EFE03FE7E31835FFFD
:102DA800F24022856244D2444249B2490561828098
:102DB800411122C426C24AC006C617440000032493
:102DC800247793042500054901E8B240228522446E
:102DD8009244024941018280A6851305A40229373D
:102DE800E30525FF405CCDB7011122CC26CA06CEEB
:102DF8002AC42EC61744000003240473854419E02E
:102E080001450DA09C841830858B6304F7000044AD
:102E1800FDB719469305A10013052400EFE0FFDE76
:102E2800E31795FEF2406244D244056182800000B7
:102E3800EFF06F9773000000000000009382419745
:102E48000383020023800200630F0300F32510347C
:102E58002EC0970500009385E5FD73901534EF00AB
:102E6800405B7300203086DCEF00A05AE650828079
:102E7800000041114AC0138941A70327090026C24F
:102E880006C61C5F22C4938401A793D76748B5CFB1
:102E9800930700061CDF1754000013042480184C05
:102EA800930700086317F7009C409C4393F70704B7
:102EB8001CCC1C4093F7070489CB83A7C197829742
:102EC80048D81C4093F7F7FB1CC01C4093F7070237
:102ED80089CF1C4003A741A8B706080093F7F7FD60
:102EE8001CC05C5414C786077CD71C4893F707049A
:102EF80089EF85475CC83707020083A741A898C7B0
:102F08001307000C18C81854F8D383270900985FD2
:102F18001357474811CF985F1367070198DF83A7B6
:102F280041A823A207068547174700002320F77802
:102F38009C40D8431357174819C7D843759BD8C323
:102F4800D843799BD8C3B2402244924402494101F4
:102F580082800537730020309747000093870774F5
:102F68003707040088DB698F01CF03A741A8FD5606
:102F780034D79746000093866616D84E0507D8CEF4
:102F88001377850019CF984783A641A713671700C1
:102F980098C71307000898CBD856719B136717007A
:102FA800D8D61377150001CFD84383A641A7136756
:102FB8001700D8C3D856719B13671700D8D6137754
:102FC800650019CF1377450059C398431367170055
:102FD80098C383A641A7D856719B13671700D8D604
:102FE8004167698F0DC39746000083C6664FC18A43
:102FF8001747000013078747A5C28346470793E68C
:103008000602230AD70637070200698F01CF984BBB
:103018001377070819C3054798CB83A741A8370733
:10302800020098C7B70708007D8D0DC1174700003B
:103038000347174B058B97470000938727431DCB02
:1030480003C7570713672700A38AE7068280D84774
:1030580013671700D8C7B5BF834647070946BD8A17
:103068006388C600834647070D46BD8AE39DC6F8B8
:10307800914641BF03C75707118B69DB03C7570741
:1030880013678700D1B783A641A817470000130725
:10309800E7601C43858B91E75C43858B99E3FC5281
:1030A800EDFB9747000023A507608280938641A720
:1030B8002A8788421C5D93D75748D1E781C51C5998
:1030C800BD839CA115C69C42945BC60693D7660136
:1030D80063D6060093E707C0B3C707088316060040
:1030E80093975760B9C6BE968947B3C6F60216A22B
:1030F80083A741A8BC4B083393D757488DCF29C520
:103108009746000083A6065B93F60604930795008E
:1031180009459DCABA979C230547194593F6F706B2
:103128006394E60201459397476063DF07003945DA
:1031380082801EA275BF2A9748331375F5077D153F
:103148003335A00082800545828083A7C1A799CB2B
:10315800944BD04B9842518F98C294439C479842C5
:10316800D98F9CC2138641A80548184283A641A757
:1031780097470000938787526312050503A8060046
:103188001368080823A0060183C62702B3C5D52003
:1031980054479385A50C13981649232607010F1049
:1031A8000000184237060200860510C713060008FB
:1031B80090CB6CD354C7238CA1A682808842137508
:1031C800F5F788C283C62702B3E5D520544793850F
:1031D800E50E1395164948C70F1000001842370628
:1031E8000200860510C71306000890CB6CD354C79D
:1031F8000945D1B7411122C4AA8706C626C22E8521
:10320800138441A8B285DDE71C40F8537DFF3707DA
:10321800020098C79747000023A607489744000074
:10322800938444EEDC5085C7B7E700E037072000F9
:1032380023A0E728B7F700E0938707D0984B6D9B4A
:1032480098CB984B1367870398CB73005010F53DC4
:1032580083A741A798431317772998C3D857719B19
:10326800D8D79747000023A507449747000023A90C
:1032780007421C40094798C3DC5099CB37F700E058
:10328800832707D193E787002328F7D073005010CE
:10329800144017470000130767401C47858B91E7C8
:1032A8005C47858B99E3FC52EDFBB2402244924483
:1032B800410182800D47639EE7049747000023A3DE
:1032C800073E9747000023A1073E974400009384D8
:1032D80064E3DC5085C7B7E700E03707200023A088
:1032E800E728B7F700E0938707D0984B6D9B98CBFA
:1032F800984B1367870398CB73005010B93583A791
:1033080041A798431317772998C3D857719BD8D7E3
:10331800A5B70547E39EE7F697460000938686DE45
:10332800DC5285C7B7E700E03707200023A0E7286D
:10333800B7F700E0938707D0984B6D9B98CB984BD5
:103348001367870398CB730050101C40D04713179E
:103358001649D8C70F1000001C403707020098C74D
:10336800130700089745000023A2E53403A741A7E7
:1033780018431357774819C71307E018F8D3D0C76D
:10338800DC52E5BD1307E01AD5BF83A7C1A789CFD3
:10339800D44303A8870098423367070198C2D447EB
:1033A800DC4B9842D98F9CC2054783A741A7950556
:1033B800631EE50298431367070898C3984F13776D
:1033C80007C01367A71398CF13078007B8BB939755
:1033D80035009387C703174700001307272C1CD70E
:1033E800238CA1A619C2060610D7828098430945E6
:1033F8001377F7F798C3984F137707C01367271306
:1034080098CF1307F007B8BB939745009387C70376
:10341800D9B783A741A88847D847798D11C588C7E8
:1034280083A701A891C382878280896703A741A8DF
:10343800938707F47CD383A641A983A7060993D76A
:10344800A74991C783A7060993D7974999E37C535E
:10345800EDF782804111B7E700E022C480433707C7
:10346800200006C6798C23A0E7180F10000011C1B0
:1034780099E5B7E700E023A08710014549A80D05A5
:1034880033450508130740037199B347050863627C
:10349800A70203A541B283A6C1B1639FA60017473F
:1034A8000000032727C971D7C207DD8D054502979C
:1034B800C9B703A501B2C5B77A2131EF5A21636CA8
:1034C800F704B306F740214817460000130606C163
:1034D8006375D80283280500035866009386870021
:1034E8001D8FAA966117DAA223A01601239306005E
:1034F80014C15EA1130788FF7AA27A226EA1210562
:10350800B307F7407EA2B7E700E023A08710B240D8
:10351800224441018280084149B7B7E700E08C4363
:103528003707200023A0E718F98D0F10000001E5E8
:1035380023A0B710828003A341B283A8C1B19A87A0
:10354800814663F8170903A807006367F5086365F0
:10355800A80813878700636EE506F223216705072D
:103568006317E6001386B1A31822050718A21745AA
:1035780000001305A5B6D2237A21239307003297BA
:10358800334707087AA16383670203A301B2630F75
:10359800F30003D36600631B0300DE2223A00601A9
:1035A80021073E962106D2A27AA1B68798436302E4
:1035B800170383A601B2630ED700762399EAD623B0
:1035C80052231843A106B296D6A398C37E21A10719
:1035D8007EA1B7E700E0A9BFBE86C2879DB7AA87CC
:1035E80003A741B203A6C1B1B305B5406314E60011
:1035F8003E8529A8930687001843E3E9D7FEE3F739
:10360800E7FE2E85E3E4D5FEE3F2E5FE8280411174
:1036180026C206C622C44AC09744000083A484EA8E
:103628006383041003A4C40AAA86054535C03C2454
:103638001307700A6390E70858301C3417490000D4
:10364800130949B103268900B387E7020357C90064
:10365800B387E7021307003293870719B3D7E70246
:1036680003A744093E97BA846364F7006364C700FC
:10367800B304C74083A7C19784C28297B387A44085
:1036880063F5A40003278900BA9789EB1305F00FA7
:10369800B240224492440249410182805830930644
:1036A800204E3307D702E3F3E7FE930780FA3CA4E2
:1036B8000145F9BF1307800AE39AE7FC83A7C1977E
:1036C80082972A893545EF10006DAD4717470000EE
:1036D8002324F7FE58301C3417460000130686A72B
:1036E800B387E7025A261046B387E702130700326A
:1036F80093870719B3D7E70203A744093E97BA8609
:103708006364F7006364C700B306C740E310D9F8E1
:10371800170502E013050541EFE0BF8583A741A81F
:103728000947F8D7A5B70545A5B7397156D2974ABD
:103738000000938AAAF683A70A033707080026DA47
:1037480006DE22DC4AD84ED652D45AD05ECE62CC9F
:1037580066CA6AC86EC6F98F9744000083A484D6E7
:103768006384071C83A9C40A83C7990003A4C900FA
:1037780092073E942820B14705053305F5025E20DF
:103788003E9533450508EFE08FA7AA8C6305051A17
:10379800130DC5002324A50134203146370B03003F
:1037A800B386C602231304000149138A41A8938BE8
:1037B80041A7938D41A9130B8B15054CEA9654C468
:1037C80083C679009307D00783250A00B386F602DB
:1037D800C1679CC5370833008606B4D183A60B00A1
:1037E80090421376F6CF90C290421376F6CF1366C6
:1037F800062090C203A50D0010453366060110C5CA
:1038080003A6090023A865059305500290C67220F7
:103818005444B2962324DD0014300146CA96A3010D
:10382800DD0003C504089746000023AB06E6B13E59
:1038380083260A00CC4613961549D0C60F100000FF
:1038480083260A003706020090C61306000823A83C
:10385800CA0003A60B00104213567648631F860B56
:103868001306E018F0D2CCC617460000232206E45F
:1038780017460000232606E223A08601EFF0BF804A
:10388800EF10C04983A64A00858AD9CAEA852685E9
:10389800971002E0E780202F0DE903465D0049C23A
:1038A80076204E20B29663DDB606B428AC480325D0
:1038B8008D00918E8906B695EFE08FA323020D0047
:1038C80003465D007620B29676A003260A00310DE5
:1038D8003452FDFE342005091379F90FE362D9EE5D
:1038E8009C246685A381FC001C20A3820C002383F2
:1038F800DC002382FC006254F250D2544259B2597F
:10390800225A925A025BF24B624CD24C424DB24D53
:103918002161170301E0670043601306E01A99B7B5
:10392800FD562302DD0055B783A741A8FC5781C780
:103938008547238AF196F2506254D2544259B259BB
:10394800225A925A025BF24B624CD24C424DB24D13
:1039580021618280411122C406C626C24AC02E8433
:103968008DCD13F9150081474147630209041317E8
:1039780045003E97B1463307D70283A4C198B317D1
:10398800F02833C90708BA949C40C840829723A0FE
:10399800040023A2040033448900B2402285224453
:1039A8009244024941018280B356F448E9F28507FE
:1039B800E39CE7FECDB7011126CA06CE22CC4AC841
:1039C8004EC6AE84A1C593F7150001444147B1CB5B
:1039D80093174500A2973147B387E7029389C198A7
:1039E80003A909003E998327090081C703254900D7
:1039F800829731473307E40283A70900BA979C47A7
:103A08008DC733148028B3470408BD8CF240624444
:103A18004249B2492685D24405618280B3D684489A
:103A2800C5FA0504E31CE4FECDB7232009002322D0
:103A38000900C1BFAA8703A5419811E182803A21F4
:103A48006315B7001821E30BF7FE4845FDB77971F8
:103A5800B7E700E022D4804352CC06D626D24AD01B
:103A68004ECE56CA5AC85EC662C43A8A3707200084
:103A7800798C23A0E7180F10000005E123A0871018
:103A88000945B250225492540259F249624AD24A24
:103A9800424BB24B224C4561828083A7C197B689BD
:103AA8002A89AE8A328B938BC198829703A70B0021
:103AB8008144B146C147338CD40233068701104292
:103AC80035EEC165938505F04145EFF0BF9819EDD6
:103AD8009737000083A7076681C7814511458297FC
:103AE800B7E700E023A087102D4561BF13874198F1
:103AF8001C43A1E308C323000500B31790283EA187
:103B080083A70B00232605002324650123224501F2
:103B1800E29723A0270123A2570123A44701638426
:103B2800090023809900B7E700E023A0871001452A
:103B380089BF3E87DC47F5FF48C775BF8504E39C0E
:103B4800F4F6B7E700E023A0871021451DBFB7E7CB
:103B580000E09843B706200023A0D718758F0F10F0
:103B680000009736000083C676576371D50283A696
:103B780081983325D5201621D58D0EA197360000C2
:103B880023A6065623A0E7100145828023A0E7104C
:103B98000D4582800111B7E700E022CC804337074A
:103BA800200006CE26CA4AC8798C23A0E7180F1031
:103BB8000000BD4763E7A70431473307E50283A741
:103BC800C198BA979C4395CF3315A0282E89B34541
:103BD800050801452EC6B93DAA8409C9B245014563
:103BE800974000E0E780E01123A42401B7E700E054
:103BF80023A087100145F2406244D244424905613E
:103C08008280B7E700E023A087100945EDB7974702
:103C1800000083C73781AA86850703A5C1A001478D
:103C280012216307D60005071905E36BF7FE014566
:103C380082802A8703A541A111E182801C45B22711
:103C4800636BC70003584500B306C8006355D70027
:103C58008146639406010841C5B703D3A70093883A
:103C680007016316E30091C192A13E858280850613
:103C7800C687B3C60608F1BF9736000083C6867AA2
:103C880083A701A401476394E60001458280AE231F
:103C98001386C7036394A5003E85828005071377C2
:103CA800F70FB287CDB7411122C406C69747000067
:103CB8002388078203A401A505C06C390145B31503
:103CC800B028B3C50508974000E0E780604E930729
:103CD80010273305F50202942244B240814501457C
:103CE80041016FE0EFA9411106C6383D19C73425D7
:103CF800631ED702B24041017DB73C2DE5DF382570
:103D0800E30AF7FE3CA5814517E5FFFF1305E566C5
:103D1800EFE00FA79737000083C7C74489C783A779
:103D280041A85147F8D3B240410182803C2D89C750
:103D3800E39AF6FC38A5C1BFD5FEEDBF41114AC0D4
:103D480017490000130989958327890022C426C2D0
:103D580006C69734000093846471858BE0509DCB30
:103D68009747000023A0079483C74407C18B85CFDA
:103D7800EF00D07A83C7440793F70702E5DF83C7CC
:103D88004407228593F7F70C238AF406972001E06D
:103D9800E78000B8EF00907822852244B240924430
:103DA8000249410109B783C75407858B91CBEF00BE
:103DB800F0768D47230EF406BC5822858297D9BF2A
:103DC80083C744071547BD8B6395E7048347B4064B
:103DD800034534060146930550025D8DEFF0EFDA96
:103DE800014681450545EFF0EFC08327C900858B63
:103DF800D5D322859747000023A8078A972001E09A
:103E0800E780C09841F9B2402244924402494101F6
:103E1800828083C744071947BD8BE39DE7F6834734
:103E2800B406034534060146930550025D8DEFF054
:103E3800CFD5014681450545EFF0CFBB8327C900A3
:103E4800858BA9DB22859747000023AF078497104D
:103E580001E0E780206D7DB7411122C426C206C665
:103E68007C2578452A84BD8B1CA91CA31D47644565
:103E78006395E7340547B8A08347F5058D466393F6
:103E8800D7185E2DCDE37C491147B18B638DE708C8
:103E980031476398E700034715068347F50763042E
:103EA800F7088547BCB01946930564031385440099
:103EB800EFD01FC4BC20990793F7F70FBCA00347A6
:103EC80004061377070401CFB83013670704B8B0A6
:103ED8007844BA975838B8B3BC208507BCA0973740
:103EE8000000238F075EBC2013F7F703050718B8F7
:103EF8000347E4051A07D98FBCA083475403858B71
:103F080091E70347440389476317F70078441C2364
:103F180093E707041CA37C44183898B3B2402244A2
:103F2800924441018280A147BCB08357C4069735AB
:103F380000009385A553138641A8DCA08357C406C7
:103F4800034714067444A1831207BD8BD98FDCB2D2
:103F5800B4208547890693F6F60FB4A017370000FA
:103F680003470758631EF706183C9387E6008E0739
:103F7800231AF4069387C708B387E70279451042E6
:103F88000948238A0507C1650CC6938707FBB3C791
:103F9800070893877716B3C7A70233C70708B387FD
:103FA800A70286073CD2BC3093E70701BCB07C442B
:103FB800B6978346240693E60604B4B3B4207C443B
:103FC800B697D8A3B4207C4421837D8BB6978346CB
:103FD80034069606558FD8B3BC208D07BCA021B7F0
:103FE8001042F947385205833357F7023C5268525A
:103FF8008583FD8BAA977CD28D47238AF5063347A4
:10400800070855B71946639BC7125E2DC1E3930590
:104018006503B8B013854400EFD09FADBC2013856D
:10402800A4009907BCA0BC3093E72700BCB0834725
:104038005403898B95CF0C58BC299DCB1946D105C3
:10404800EFD01FAB78441C2393E707F81CA3BC20D0
:10405800990793F7F70FBCA00347040613770704E3
:10406800E30F07E6B430784493E60604B4B095B598
:104078008347D40391C778441C2393E707F81CA30C
:1040880019469305E403EFD0BFA6D1B7A147BCB04A
:104098008357C506DCA08357C506034615066C453D
:1040A800A1831206BD8BD18FDCB1B020173500007B
:1040B8001305C53B938541A809061376F60FB0A0F2
:1040C8009737000083C7C7416398E704183C9307F4
:1040D800E6008E07231AF4069387C708B387E7021A
:1040E80079488946230AD5069441C1658CC69387C9
:1040F80007FBB3C7070893877716B3C7070333C708
:104108000708B38707038607BCD2BC3093E70701CB
:10411800BCB07C44B29771BD8C41B851F947058356
:104128003357F702BC5103A845068583FD8BC29718
:10413800FCD1230AD50633470708C1BFA147BCB045
:104148008357C506DCA08357C506034615066C458C
:10415800A1831206BD8BD18FDCB1B02017350000CA
:104168001305C53009061376F60FB0A0973700007F
:1041780083C7073783A541A8E391E7FA183C93075B
:10418800E6008E07231AF4069387C708B387E70269
:10419800F9460948230A0507416588C5938707FB3F
:1041A800B3C7070893877716B3C7D70233C707087B
:1041B800B387D7028607BCD189BF0547639EE70648
:1041C800B1471CB983475503898BA1CB0C59BC292E
:1041D800A9C71946D10513858400EFD07F9178448B
:1041E8001C2393E707F81CA3684419469305640346
:1041F8000905EFD0FF8F11679737000083A70734B1
:10420800F98FE38C07CE7C24B98BE39807CE7844EA
:104218001C2393E707021CA3CDB18347D40389C7A6
:104228009C2093E707F89CA0684419469305E4038B
:104238002105EFD0FF8B4DBF522D0C55930766001B
:1042480093F7F7031CB913858400E5B7011126CA53
:1042580097340000938484449C4422CC06CE1734BF
:1042680000001304A420858B6850C9C32AC6973759
:10427800000023A90742EF00702A03474407894733
:1042880032456307F700034744078D47631CF7026D
:1042980083A641A8BC520357450785831307C71255
:1042A80063F2E702BC528583B1C3914703474407D1
:1042B800E31EF7FE6244F240D2440561172301E091
:1042C8006700238D382D3C3D09CF34256309D7027B
:1042D8006388F60238A56244F240D24405616FD083
:1042E8009FF199CF382509EF3CA5F5B72AC6EF000D
:1042F800F02262443245F240D24405616DB2EDF7D6
:10430800DC4CEDF70347440789476307F700034789
:1043180044078D47E31CF7FC914703474407E31E16
:10432800F7FE49BF630E0530011122CC06CE26CA1E
:104338004AC84EC652C456C2582585472A846316B1
:10434800F72C9737000093876735D44F1547638A52
:10435800E600D44F0D476386E600D84FAD47631299
:10436800F7026C386244F240D2444249B249224AC8
:10437800924A01450561B315B028B3C505086FF029
:104388000FFD163113070064973400009384040E60
:104398003347D7029C20E8D0850793F7F70F9CA0F6
:1043A80063CAE700974000E0E780202497370000C1
:1043B800238E070A78249D47631FF70483479406D2
:1043C800B1C38356040763ECF6020C249307300448
:1043D8001CAC1305300493F6F60F014697C001E0B4
:1043E800E78000EA22856244F240D2444249B24959
:1043F800224A924A0561172301E0670003288506CF
:104408002318D406930530020545974000E0E7805D
:10441800A0162301A4060549238A2407183C8D47C2
:10442800631CF70E974000E0E78040870D89630F13
:10443800051463162517930760023CA493075002DE
:104448003CAC9307700278243CBC85476302F708AC
:1044580089659385F57013051027173A0000130A2C
:104468006ACF83497401974000E0E78060130E30FB
:10447800835ACA002A8913060064B3855503814606
:1044880013850532B335B500971002E0E78020BDEB
:10449800AA84B335590337460F001306062481460C
:1044A80033055903971002E0E78060BB83270A00B1
:1044B800AA948297B307950003278A00BE8563E410
:1044C800A70063E4E700B385E7404E85EFF08FEC83
:1044D80083475403898BE9CB8347C403F1C70C583E
:1044E800E1C5BC25F1C38947230AF4021946B10581
:1044F80013056403EFD0CFDF0347C407894763E997
:10450800E70A22856244F240D2444249B249224A2B
:10451800924A05616FD03FCE89467C346315D70235
:1045280013F7170019CB898B1307500291EB9307E8
:10453800700238A43CAC814739B713076002C5BF85
:1045480093076002FDB799CF93F61700130750023F
:1045580091E6898B13B717001307670238A4230D58
:104568000400D1BF3C2C130740026368F70093078F
:1045780050023CAC3C2C3CA47DBF850793F7F70F59
:104588003CAC13077002E364F7FEEDB71307700243
:10459800930750023CAC38A4930760026DB513072B
:1045A800500293077002FDB78547230AF402A9B7A2
:1045B8000327C40A83A6C1973C27ADC31C375833C9
:1045C80097340000938404B99044B387E702DA244F
:1045D800B387E7021307003293870719B3D7E702B7
:1045E800032744093E973A896364F7006364C70068
:1045F8003309C7408296B307A9406374A900984459
:10460800BA9703576407E3FEE7EEF2406244D244E8
:104618004249B249224A924A056182808324840928
:10462800829663E9A400835764073385A440E37A3C
:10463800F5ECE1BF9737000083A747B2BE94E5B712
:10464800828001114EC697390000938929E222CC55
:1046580003A4C9094AC8173900001309A9AF0357A9
:10466800C90026CA835464088327040906CEB38484
:10467800E40237470F009306F7231307072452C4B1
:1046880056C25AC0B694B3D4E40263EE9702138AB2
:10469800C197B384974083270A00829763E9A402ED
:1046A8003385A4406349050283570404A30F04001B
:1046B80085072310F40483470414639E071022859A
:1046C800EFE04F8A21AA03278900BA97C9B7832741
:1046D8008900BE94F1B783270A00829703278408CC
:1046E8006366E50A198D7E3C0357C9008E07B387B8
:1046F800E7021307003293870719B3D7E70263EC81
:10470800A708B74A0F00138BFA23938A0A24835702
:10471800040485072310F4048347041481E72285E1
:10472800EFE04F842285973001E0E78000DB6313D8
:104738000524032604090327C40883268900329721
:10474800BA876364C7006364D700B307D740783C6F
:104758000356C9002328F408050778BC03576408E2
:104768003307C7025A9733575703B384E74063F5B3
:10477800E700998EB384F60083270A00829763E6E0
:10478800A4043385A440E34405F839BF832789008E
:10479800998F3E9589BFA1452285973001E0E78032
:1047A800E0CBA305A4029737000083A7A7986383EB
:1047B800071C6244F240D2444249B249224A924A12
:1047C800024B894515450561828783278900A6978D
:1047D8003385A7404DBF2285EFE00F8322859730B0
:1047E80001E0E78080CF631705180355C900835798
:1047F8006408B7460F001386F623B387A70293868B
:10480800062403270409230B0402832A8900B2978C
:10481800B3D7D702636AF716B307F7408326C408ED
:104828002324F408014BB387E600BE8463E4D70071
:1048380063E45701B38457411E3023289408A1CB61
:10484800835604045A3037460F0056B03387E64083
:10485800B387E7023A301306062481468145BA97A2
:10486800B3C707083385A7023EB0970002E0E78088
:10487800007F11CD2695B3349500A695AA876314B9
:10488800BB0063645501B30755412328F408832707
:104898000A008297AA8483270A008297E30D95FE6F
:1048A80083270A0083248408829763E4A40E33854F
:1048B800A440630B050E035AC90083576408B74424
:1048C8000F001387F423B387470393840424BA970C
:1048D800B3D797021737000003475784BA9763E5A1
:1048E800A70CB3359502835A2402528681463305B4
:1048F8009502970002E0E78080763389AA00338525
:104908004A0337460F00130606248146814597005F
:1049180002E0E780C07415C1B3379502528681461C
:10492800B385B4023385A402BE95970002E0E78000
:104938000073B38AAA40231154033545A92923AE2D
:10494800890838348547631AF704930700FD7CA467
:10495800814503A581A6EFD0AFE295471737000040
:10496800232CF7D43707100083A741A898C7060956
:1049780023A82707F2406244D2444249B249224A56
:10498800924A024B05618280B3065701B387F6400D
:1049980071B583278900BE9419BF930710FC7CA4C6
:1049A800814503A501A645BF9737000023AE07B48C
:1049B800834709018DC303A541A5EFD04FFC62448D
:1049C80083274900F240D2444249B249224A924AD6
:1049D800024B05618287834594026244F240D244C7
:1049E8004249B249224A924A024B01450561B31530
:1049F800B028B3C505086FF08F95011122CC26CADF
:104A08004EC606CE4AC852C456C25AC03835854723
:104A1800832405092A84AE896314F70C8357050893
:104A2800835AC503172A0000130ACA72035BCA0017
:104A380063FC571914296399E61803278511631530
:104A480007180327450A6311071874351D47639D26
:104A5800E6162A3DB38AFA409307204E33055503DC
:104A68000329440937460F001306062481463305F7
:104A7800F5029727000083C7676A33592503B335C2
:104A8800AB023E9933490908231324093305AB02C5
:104A9800970002E0E780A05CB307950033B5A70054
:104AA8002E9503278A00BE8419E163E4E700B384E6
:104AB800E740B307690337470F009306F723130747
:104AC800072423A09900B697B3D7E702D69763E4E3
:104AD800F4009D8C31A003278A00B307F740BE94E9
:104AE8001389C1978327090023A09900829763E25D
:104AF800A4103385A440635D050A83270900172B9A
:104B08000000130B2B65829703A709006369E50E64
:104B1800198D7E3C0357CB008E07B387E702130736
:104B2800003293870719B3D7E70263EFA70C374A18
:104B38000F00930AFA23130A0A24835704048507EB
:104B48002310F4048347041481E72285EFD09FC122
:104B58002285973001E0E780409861E583260409C3
:104B68008327C40803278B00B697BE8463E4D70065
:104B780063E4E700B384E7407C3C8356CB002328FA
:104B8800940885077CBC83576408B387D702D697F7
:104B9800B3D7470363E6F40A9D8C8327090023A053
:104BA8009900829763E1A40A3385A440E34705F896
:104BB8009727000083C7975663E6A7069737000034
:104BC80023A487940145B9A88357640837470F0081
:104BD8009306F723B387670313070724B697B3D75A
:104BE800E702E3F8F4EE03278A002697B304F740B8
:104BF800C5BD9727000083A76756BE94DDBD8327F0
:104C08008B00998F3E9531B7A1452285973001E0F9
:104C1800E780C084A305A4029727000083A78751D3
:104C280081EF7D55F2406244D2444249B249224A5A
:104C3800924A024B05618280894515458297D5B70E
:104C48001D8FBA9499BF83278B00BE94B1BF83A7E9
:104C580041A798433706CEFF7D161377F7CF136722
:104C6800071098C303A741A9144737080300137511
:104C7800F51FF18E14C783A641A823A8060523A40F
:104C88000700904B93F5F507130888151366F6038C
:104C980090CB90431366060890C3F04F137606E056
:104CA800498EF0CF23AC070423A007065057759A06
:104CB80050D79043137606F84D8E90C31306401FC5
:104CC800F0D2173600002325069E17360000232948
:104CD800069C054690C29043B70533001376F6CF7D
:104CE80090C390431376F6CF1366062090C31047FF
:104CF8004D8E10C723A80605D8531317F728D8D305
:104D08002547F05201C6B04FE37DC7FED8531317AD
:104D1800F748D8D3A853133545008280138741A894
:104D28001443BC4ABD9BBCCA01000100010001003C
:104D38001C43B44B93F6F68FB4CB944393E68600AA
:104D480094C3010001000100010083A641A79C4211
:104D580093F7F7CF93E707109CC203A641A91C4617
:104D6800B706CEFFFD16F58F1CC61C433707030098
:104D7800B8CB83A7C1A799CBD44390479842518F0A
:104D880098C2944BDC4B9842D98F9CC2973700004D
:104D980023A40792828083A741A89C438D8BE9C7EF
:104DA8004111B7E700E04AC003A9070026C2370748
:104DB800200006C622C4AA843379E90023A0E71894
:104DC8000F100000173400001304448D584C8D4711
:104DD800631AF7009727000083A7076601468145F5
:104DE8004545829719476391E4048347140289CBA8
:104DF800834704026396970097370000A380078CC7
:104E0800584CA1476315F700930780101EB0238AFA
:104E180001962937B2402244B7E700E023A02711C2
:104E280092440249410182809D47639BF400834775
:104E38001402F9D7034704028D47E313F7FC6DBF4B
:104E4800544C6389E600584C6306F700584CA14758
:104E5800E31FF7FA83471402DDFB5C4C2300F402DE
:0C4E68008547A300F40265B782800000BB
:104E7400970100209381C1C017B10120130141188B
:104E840017C5FFFF1305451897B5FF1F93854517F1
:104E940017B6FF1F1306C63663FAC5008322050042
:104EA40023A0550011059105E3EAC5FE17B5FF1FC0
:104EB4001305052A02852A8309CA83830500230072
:104EC40073007D16050385056DFA82802A8311C659
:104ED4002300B3007D16050365FE8280B7170040EA
:104EE40003C777051377E70FA38BE704130700F8CD
:104EF400A38DE7043D47238CE70413075003A38CD9
:104F0400E70403C7A7051377D70F238DE70482802F
:104F1400371700408347E70412054111BD8BC98F41
:104F240093F7F70F93068008F3B6068093F6860886
:104F340036C60F100000930670052300D7049306AD
:104F440080FA2300D7040F1000002307F70423007E
:104F54000704B247F3A707800F10000041018280C5
:104F6400B717004003C7E7020D8941111377C70F34
:104F7400498F93068008F3B6068093F6860836C6F2
:104F84000F100000930670052380D704930680FA5F
:104F94002380D7040F1000002387E702238007042F
:104FA400B247F3A707800F1000004101828041112E
:104FB4002A830148930E407E130F0019930F400675
:104FC400B348030863EF1E0113030019337365022A
:104FD4008542FD4363F6B2088D4F214F930E400680
:104FE400A1A07D13336EE3039308E016630E0E0055
:104FF400336EF3039308D01663080E0093783300DE
:1050040093B818009388D816C29833C808084DBFBF
:1050140093F81500138EF5FF637CBF02F908C2985C
:1050240033C80808B3450E08E394F5FF8545630BC0
:105034000300B378D5038145638608009375350072
:1050440093B51500F105C29533C805088945E9BF34
:10505400B3881341C29833C80808B3450E089DBFEE
:105064007D16329879463307C70213D61700BE0758
:105074003348080832976146B3F6C60213068070B7
:10508400B386C6023697A166F58F4207D98FB71645
:10509400004003C7F60213770708D883908303C739
:1050A400F60213770708E316E6FE9883B716004066
:1050B4004DCF1307800873370780137787083AC4E6
:1050C4000F10000037170040930670052300D70423
:1050D400930680FA2300D7040F100000232A070345
:1050E4008346170393E60608A308D70223000704A0
:1050F4002247732707800F100000116637170040FE
:105104007D16545B4C5FAD8EF18EE5FE93068008F0
:10511400F3B6068093F6860836C60F100000930691
:1051240070052300D704930680FA2300D7040F10D8
:1051340000005CDB8347170393E70704A308F70227
:1051440023000704B247F3A707800F1000004101B2
:10515400828003C7F60213770708D883908303C7B6
:10516400F60213770708E316E6FE98837DD391B71A
:1051740055714EDF86C7A2C5A6C3CAC152DD56DB30
:105184005AD95ED762D566D36AD16ECFAA8982C056
:10519400EF00B01593078008F3B7078093F78708EB
:1051A400BEC20F100000B71700401307700523801C
:1051B400E704130780FA2380E7040F10000003C7F5
:1051C400F7021377770FA387E70203C7F702136782
:1051D4008700A387E702238007049647F3A7078085
:1051E4000F100000130B80C1334B65039167938745
:1051F40007E8130A30029546B347F502330A4B0316
:105204003EC8FD873ED2BD67938707A6334AFA029C
:105214001357FA413ACA330740413AD47D873ACC0E
:105224001307A0FB3307EB02B347F7020567130725
:1052340007FA3ECEFD873ED6938729003319F7003F
:1052440063E436013319370161671307076A33458D
:10525400E50213070010B317F0288D873EC4954765
:105264003309A9023349E902130740063309E90265
:105274001307D0073349E9021357F9413AD83317D2
:1052840030290D873AC663EF374993075047B30770
:10529400F7023D67130707A6116C814A814B13047B
:1052A4008008371D0040930480FA7D1CB387670390
:1052B400B307F040B3C7E7023ED0FD873EDA733749
:1052C400048013778708BAC40F1000001307700511
:1052D4002300ED04930D0D0423009D040F10000022
:1052E40003473D051377870FA309ED0403473D05E5
:1052F40013671700A309ED0423000D042647732741
:1053040007800F100000930C700573370480137727
:105314008708BAC60F100000930770052380FD00AC
:1053240023809D000F10000003473D05136707020B
:10533400A309ED0403570D051317E7282318ED04FB
:1053440003570D051317F7282318ED0423800D00C8
:105354003647732707800F10000003473D05137776
:1053640007026305073C03473D05218B6DDF880079
:1053740097B0FF1FE780E00E733704801377870828
:10538400BACA0F10000023809D0123809D000F10D6
:10539400000003473D051377F70DA309ED04034708
:1053A4003D0513670702A309ED0403570D05131701
:1053B400E7282318ED0403570D051317F7282318BE
:1053C400ED0423800D005647732707800F1000005B
:1053D40003473D05137707026301073803473D057B
:1053E400218B6DFF97B0FF1FE78060E62A873ADCC8
:1053F40097B0FF1FE780A0E56257E30AE5FE035775
:105404000D0506451317E7282318ED0497B0FF1F71
:10541400E780E00603473D05218B6DDF03570D054B
:1054240083462D05C24733778701B386860313D697
:10543400F641BA96B388F640925733B7E6003297EE
:105444001D8FD247B3B61601158F63C6E700631CE0
:10545400F700637A1A01E2476348F7326395E7007D
:10546400A25763E3F832894663F2763373370480D4
:1054740013778708BAD00F100000130770052300B4
:10548400ED0423009D040F10000003473D0593F62F
:10549400F90F1377870FA309ED0403473D05558FD3
:1054A400A309ED0423000D040657732707800F108A
:1054B40000001306700503473D051D8B6310373745
:1054C4007337048013778708BAD40F1000001307CA
:1054D40070052300ED0423009D040F100000034712
:1054E4003D051377F70DA309ED0403473D05136745
:1054F4000702A309ED0403570D051317E728231822
:10550400ED0403570D051317F7282318ED042300A2
:105514000D042657732707800F10000093067005AB
:1055240003473D05137707026304073203473D052C
:10553400218B6DDF880097B0FF1FE78080F27337FF
:10554400048013778708BAD80F100000130770057A
:105554002300ED0423009D040F10000003473D05C4
:105564001377F70DA309ED0403473D0513670702FD
:10557400A309ED0403570D051317E7282318ED04B9
:1055840003570D051317F7282318ED0423000D0402
:105594004657732707800F100000930670050347D2
:1055A4003D05137707026300072E03473D05218B52
:1055B4006DFF97B0FF1FE78080C9AA8C97B0FF1FCB
:1055C400E780E0C8E30C95FF03570D050645131764
:1055D400E7282318ED0497B0FF1FE78040EA03474C
:1055E4003D05218B6DDF7337048013778708BADCA0
:1055F4000F100000130770052300ED0423009D0421
:105604000F10000003473D051377F70DA309ED04C0
:1056140023000D046657732707800F1000000357FB
:105624000D0583462D05C25733778701B38686035C
:1056340013D6F641BA9633B7E6003297338826413B
:10564400B3B606011D8F158F6346E0006318072665
:10565400630608261305800C3307E5020256D2566A
:10566400B335050333050503BA95EFE021619306CD
:10567400150033B5A6002E951357F501BA9633B726
:10568400E6002A971316F70185820587D18E6346B3
:10569400E000631F072C638D062C0356CD02158290
:1056A400B305D60033B6C50032976348E0006310F3
:1056B40007361307F00F637CB73409476371572724
:1056C40093078008F3B7078093F78708BEDE0F10AF
:1056D4000000B7170040130770052380E704130781
:1056E40080FA2380E7040F100000DA3789668116F8
:1056F400558F33470708DAB723800704F657F3A713
:1057040007800F100000BE402E449E440E49FA59F3
:105714006A5ADA5A4A5BBA5B2A5C9A5C0A5DFA4DA9
:105724006961828022479307504795B67337048096
:1057340013778708BAC80F10000023809D012380C7
:105744009D000F10000003473D0513670702A309DE
:10575400ED0423800D004647EDBE733704801377B4
:105764008708BACC0F10000023809D0123809D0080
:105774000F10000003473D0513670702A309ED045A
:1057840023800D00664789B1E3920BCE7246B25670
:105794009315170013D3F80113951800B365B300DC
:1057A4003ADE46DCEFE0814D7257850B93FBFB0F2D
:1057B4006346E00031EFE258638C08049306150059
:1057C40033B5A600AA9513D7F501BA9633B7E60008
:1057D4002E9785827E07558FF336048093F68608CC
:1057E400B6CE0F10000023809D0123809D000F1072
:1057F40000008356CD023697334707082316ED027F
:1058040023800D007647732707800F100000F5BC36
:105814009306F5FF13351500898D75B7733704802A
:1058240013778708BAD20F1000002300CD04230099
:105834009D040F10000003473D05558FA309ED0497
:1058440023000D041657732707800F100000A5B11D
:105854007337048013778708BAD60F10000023002B
:10586400DD0423009D040F10000003473D0513676A
:105874000702A309ED0423000D043657732707809C
:105884000F10000071B97337048013778708BADAF0
:105894000F1000002300DD0423009D040F100000FE
:1058A40003473D0513670702A309ED0423000D0414
:1058B4005657732707800F100000D5B19305800C4D
:1058C4003387E50233850503B3B50503BA95154758
:1058D40063733705A247130750473387E70233063C
:1058E40060413306E6023D67130707A63346E60226
:1058F4009356F641EFE081381306F5FF1335150092
:10590400898D13D7F5013A963337E6002E9793160F
:10591400F70105829DBBB247130750477DBF1307AC
:10592400800873370780137787083AC10F10000087
:10593400B7160040130770052380E604130780FAA6
:105944002380E6040F100000DA360566011613778B
:10595400F70F518F33470708DAB6238006040A4746
:10596400732707800F100000850A93FAFA0F81BA93
:1059740033E6E60049CE0356CD02B335D0003307F3
:10598400E0400D8F3305D04015826345E00041E3CC
:10599400637FA6060947637E570393078008F3B71E
:1059A400078093F787083EC30F100000B717004025
:1059B400130770052380E704130780FA2380E704A4
:1059C4000F100000DA377D8BDAB7238007049A477B
:1059D4003DB373370480137787083AC50F1000006E
:1059E400130770052300ED0423009D040F1000002D
:1059F4000357CD02856681161377F70F558F33470A
:105A040007082316ED0223000D042A4791BF9307CC
:105A14008008F3B7078093F787083EC70F1000008C
:105A2400B7170040130770052380E704130780FAB3
:105A34002380E7040F100000DA37960636973347C1
:105A44000708DAB723800704BA4755B9914763ECCE
:105A5400B704970702009387A7C8B3C5F5209841F8
:105A64003E97B71700409387470B02879443371735
:105A74000040B3F6A64094C39306070B9C42B3F7C9
:105A8400A74019A8944337170040B3F6A64094C31F
:105A94009306070B9C42C98F9CC29307070A98433D
:105AA4003377A74098C38280944337170040C98E48
:105AB400D9B798433377A74098C3B7170040938763
:105AC400070A9843498FF9BF9843498FF5B719C519
:105AD400371700401E2FCD8F1EAF8280B7170040AE
:105AE4009A2FB375B7408EAF8280B71700409A27BC
:105AF4009306000C1377070C630AD7049A271377CD
:105B040007100DC79A279E277D8B09EB93F7072073
:105B1400B1C33755E80113050580828037C5981253
:105B2400FD8B130505E03345F50282809A279E27F5
:105B340013770720FD8B11C73755E801130505803E
:105B4400DDB73725F40013050540F1BF21651305C2
:105B540005D082803725F400130505408280B7F70D
:105B640000E0884782803285814737370040A1466C
:105B740063C3A70082803037E30FD6FE3386F50077
:105B84001022850710A7EDB797E6FF1F9386466F8F
:105B9400AA87884217170020130707BAAA9763E950
:105BA400E7000A87130707FC6364F7009CC282803E
:105BB4007D558280411122C406C62A843D37294777
:105BC400B307E502B2408D83B3D787022244950719
:105BD400B3D7E70237370040B3C707085EA74101D0
:105BE4008280716541111305052006C6E137B73778
:105BF4000040130770F8B8A30D47B8B313070004A7
:105C040098B30547F8A7B24041018280411122C4EC
:105C140006C6982189471385419205446318F70203
:105C2400DC41294498239C33A207D98F4167130789
:105C340017EE639DE70014A1814793F6F60F938551
:105C440041B533C707086365D7020144102101CE6B
:105C540083A7819289CBDC4399C7938541B50145DC
:105C6400829723820192B24022852244410182809C
:105C74003307F600034807003387B700850723007E
:105C84000701C1B798218947631CF704DC419823B5
:105C94009C33A207D98F4167130717EE639EE7026F
:105CA40032852390060003C651921DCE411192A263
:105CB4009385C1C406C697B0FF1FE78060E3A38243
:105CC400019283A7819289C79C4399C30145829716
:105CD400B24001454101828023900600294582801B
:105CE400239006000545828001458280058909CDFF
:105CF40097E6FF1F938686174146914517E5FF1FD8
:105D0400130585176F70300F0145828009C523A4E0
:105D1400A192014582804545828051476360C70254
:105D240041111385C1C406C6A382C19297B0FF1F57
:105D3400E78000DCB2400145410182801305E00F99
:105D440082803285D041411106C60C3203480600D8
:105D54000D66A205B3E505019308A6A21398556044
:105D640063C80803130626A2635806037576130650
:105D7400C65DB2951946B3C505086363B602170834
:105D8400020013082897B3C5052190414296028664
:105D9400130606A5630DC80E23900600A94515A099
:105DA4001D469D45636FE6002146198E3356F60A5B
:105DB4009385C19292A2BA9597B0FF1FE78040D312
:105DC4008145B2402E85410182802D469D45E36A7E
:105DD400E6FE3146198E3356F60A9705020093857E
:105DE400259A92A2C9BF31469D45E36CE6FC35462F
:105DF400198E3356F60A970502009385659792A289
:105E04005DBF41469D45E36EE6FA4546198E33561D
:105E1400F60A970502009385659492A269BF4146EC
:105E24009D45E360E6FA4546198E3356F60A970512
:105E340002009385659192A2BDBF41469D45E362F0
:105E4400E6F84546198E3356F60A970502009385FF
:105E5400658E92A28DB741469D45E364E6F64546BC
:105E6400198E3356F60A970502009385658B92A224
:105E740099B735469D45E366E6F43946198E33569F
:105E8400F60A970502009385A58892A22DB71946B4
:105E94009D45E368E6F2998D33D6F50A97E5FF1F31
:105EA4009385853E92A201BF97E6FF1F93868601E4
:105EB4004146CD4517E5FF1F130585016F70A0739B
:105EC400411122C4802506C6137404023DE883CE22
:105ED4000500094863990E0703A84500834E08008E
:105EE4000348180022083368D801C16E137FD8FF15
:105EF400851E630EDF018D67938727902944631203
:105F0400F8022244B240854741016F50306115EFD9
:105F14000547639EE602D845142214A303A74194BF
:105F240011E7B2402285224441018280184375DB87
:105F3400C845938731941D8D3335A000060502971B
:105F4400CDB72144F9BF0544E9BF2D44D9BF354439
:105F5400C9BFAD4725E7982189476313F706DC419C
:105F6400328598239C33A207D98F4167130647FED5
:105F7400638AC700636FF600FD070547B3C70708C8
:105F8400636BF70285479EA2DC459C231CA18147D5
:105F940035A015176391E702CC45954741119EA2A0
:105FA400154606C697B0FF1FE78080B4B24081470C
:105FB4003E854101828023900600A9473E85828068
:105FC400239006008547DDBFC167F917630CF5020E
:105FD400411122C406C685472A84639AF5002285A6
:105FE4002244B2409385C19341016F70C06A8947CE
:105FF4006396F5008545EF90005F75D1B240224469
:10600400410182808280411122C42A8441659385A2
:10601400C1937D1506C6EF700068170500001305CF
:10602400E5FA0588EF90405305C02244B24097E654
:10603400FF1F9386E6FC4146C54517E5FF1F130580
:10604400E5FC41016F70205BB240224401454101EF
:10605400828009C523A2A19401458280454582809E
:106064001147636FA70697F601009386667233455E
:10607400D5201841AE87B28536970287054761451A
:106084006396E7001C22A381F194014582800547B1
:106094006145E39DE7FE1C222381F194FDB705478A
:1060A4006145E395E7FE1C22A380F194F9BF0547FF
:1060B4006145E39DE7FC1C222380F194F9B7154761
:1060C4006145E395E7FC411113854193154606C6E6
:1060D40097B0FF1FE780C0A1B24001454101828013
:1060E400094582801147AA876367A70417F701004F
:1060F4001307476BB3C7E7209C432E85BA97828763
:1061040083C731941CA10145828083C72194DDBFDC
:1061140083C71194C5BF83C70194EDB741111546D8
:106124009385419306C697B0FF1FE780609CB240F9
:106134000145410182800945828011456FF04F83FA
:10614400411193962500AA852D4506C697A0FF1FE9
:10615400E780C057B240014541018280011122CC41
:1061640006CE3714004026CA4AC84EC652C48344D9
:106174007405034AB4058349840503499405EFE093
:10618400FFD58347A40593F4F40F137AFA0F93E72A
:106194001700230DF40493F9F90F1379F90FB717C6
:1061A400004003C7A705058B6DFF03D5C705A38D65
:1061B4004705238C3705A38C2705A38B9704F2404E
:1061C4006244D2444249B249224A05618280411163
:1061D40022C406C62E849397556063DF070097B0E8
:1061E400FF1FE780E08719C1EF00B01B1315F468A7
:1061F400B24022444101828093F7150013C5150073
:10620400E5FB8967ED8F85C3EF60E1753D3737F6B0
:106214000200130606E0896503C5C194EF00503FF0
:106224001315D468F1B711656D8D79D117F5010097
:1062340013058558EFE0A12F13060064916503C58B
:10624400C194EF00F03C1315E4685DB72D71232A67
:106254009110FD74E98C232C81102328211123260D
:1062640031112A84AE893289930600100A86A685E4
:106274002D45232E111097A0FF1FE78020451315ED
:106284004401498113962900CA850A9597B0FF1FD6
:10629400E7800086A68585660146254597A0FF1FF1
:1062A400E780C0420A86A68593060010294597A078
:1062B400FF1FE780A0418320C1110324811183249F
:1062C4004111032901118329C11015618280011133
:1062D40083A7019206CE22CC26CABD8B214763999F
:1062E400E700AD37F2406244D24401450561828043
:1062F400B7F70700DC532A84B284BD8B939625003C
:106304006397E7008567FD17F58F91C301A0A28508
:106314000146254536C697A0FF1FE780203BB246BD
:106324002686A285294597A0FF1FE780203A5DBFF6
:106334001D71494697F501009385454817050200EC
:106344001305C5CB86CEA2CC97B0FF1FE780E08BA8
:1063540001E917F501001305A547EFE0411D01A070
:10636400B7F700E023A40700795798CB3D4798C3BB
:106374000564B7E700E023A087180F10000017C7D3
:10638400FF1F1307A7AB23A4E194130700F8A38A04
:10639400E7401306C0038145480897A0FF1FE78024
:1063A400A07B97E7FF1F938727533ECA896793878C
:1063B4000780FC849D673ECEB707010593870710CD
:1063C4003ED09307B00F2312F10285472303F10255
:1063D40097070000938707D7BEC4970700009387E9
:1063E40047EFBEC6930754D12314F10297F7FFFF7A
:1063F400938727773EDAB7F507009707000093875E
:1064040027D63EDE814697070000938747D3700066
:10641400E1051945BEC097A0FF1FE780202B194650
:106424006C001305E102EFE01FA9D24781C7BC84C9
:1064340063F3870001A04808EF00F073AA8501C93F
:1064440017F501001305053AEFD0917A01A0F64043
:10645400664425618280411117050000130565D744
:1064640006C622C4EF00906E1384C19408A01128BC
:1064740008202244B24013060032896541016F00AE
:106484003019397106DE13078008F337078093F754
:1064940087083EC20F100000B7170040930570052F
:1064A4002380B704130680FA2380C7040F1000006A
:1064B40083C6F70293F6A60FA387D70223800704A7
:1064C4009246F3A606800F100000733707801377F7
:1064D40087083AC40F1000002380B7042380C70440
:1064E4000F10000003C7F70213672700A387E70212
:1064F40023800704A247F3A707800F100000054577
:10650400EFE01FA61D3981470147814605468545B1
:106514001305407EEFE0BFA96800130640028145E1
:1065240097A0FF1FE7804063B707C0A83ECAB7879C
:10653400E803938707D03ECC97A7FF1F9387E7080C
:106544003EC6680097A7FF1F9387A7093EC8EF10B0
:10655400000FF2502161828017F501001305852A8E
:106564006FD0F17C7D15954763EBA70A17F70100FF
:10657400130747313345E5201C41011106CEBA9774
:1065840022CC26CA828717F501001305A528624488
:10659400F240D24405616FD0917917F501001305DB
:1065A4006528F5B7E62517F501001305A5282E84FF
:1065B400EFD0F177B14763FA970417F5010013059B
:1065C4006528EFD0D1762A246244F240D24483C7AE
:1065D40031831307803E81463146994505616FA09A
:1065E400514F17F501001305E52655B785471306E6
:1065F400F100854513055030DC87EFA0317D17F598
:1066040001001305A526EFD09172F2406244D244F2
:106614000561828017F50100130545268DBF828030
:10662400011106CE19C589476300F502F2400561E0
:10663400828017F5010013056526EFD0516F93058D
:10664400F10001454534DDB717F501001305C526F2
:10665400EFD0F16D9305F1000945EDB77971170598
:1066640000001305451806D622D426D2EF00104E9A
:1066740093843183054488A0300885451305503040
:10668400230C8100EFA0917417E6FF1F130686B157
:10669400FD4513057030EFA071731386C1829D45CB
:1066A40013056030EFA091729305000A0D45EF20A9
:1066B400D0099305000A1145EF20300930089145AF
:1066C40013057040C08640872308810002CCA307CD
:1066D4000100EF90F15D1306D100854513050040DC
:1066E400EF90115D1306E100854513051040EF900E
:1066F400315C1306F100854513052040EF90515B92
:106704001008854513055040EF90915A4D45EF50C0
:10671400800C4D45EF601075EFF00FF94D45EFF02B
:106724009F8E4D45EFF08FDC17E6FF1F130606A67C
:10673400D5450145EF40106D89475C878D47DC875F
:10674400B7373233938707133ECCB737363793873F
:1067540047533ECEB7070304938717203EC813065A
:10676400D100954785450145230AF100C086EFF025
:106774003F8F1306E10085450545EFF07F8E130634
:10678400F10085450945EFF0BF8D3008A1450D4561
:10679400EFF01F8D100895451145EFF07F8C1385A0
:1067A4008182EFF01F8B13850182EFF02FD62254E4
:1067B4008820B25092548545456117C3FF1F670076
:1067C40003392E86AA8501456FF02FD5011148861D
:1067D4008945680006CEA3060100E537F24005614D
:1067E4008280011122CC06CE26CA4AC82E849397F1
:1067F400556063D3070203C5318397A0FF1FE78069
:10680400202611C1792E9314F468F240624442495F
:106814002685D2440561828093F7150085C7938449
:106824003183882017E6FF1F13068695938541D48C
:10683400EFA0B13088201306803E8945D12B9344C4
:106844001400E1B793F7250085C789451306803EF8
:1068540003C53183752B2C000D45EFF0BF8811E57E
:106864003000A1450D45EFF0AFFF9344240071BF04
:1068740093F44500D9D89384819590401389019667
:10688400832709009315C60017F501001305850435
:10689400BE95EFD0F1359C40832509008566B2078B
:1068A4000146BE95054597A0FF1FE78020E21375BA
:1068B400F50F09C5213F9344440081BF9C4003A7C1
:1068C400C19585079CC0A284E3E1E7F417F50100B4
:1068D40013058501EFD0B1450145CD3D93444400F6
:1068E4002DB71305E00FDDB5411122C491462A846A
:1068F400138601D59D652D4506C697A0FF1FE78029
:10690400E0DCB7F70700DC532147BD8B6393E70056
:1069140001A09306001001469D65254597A0FF1F21
:10692400E780C0DA138601D500A22244B240914622
:106934009D652945410117A3FF1F670023D9014520
:1069440017A3FF1F6700E3B1938701D698239146ED
:106954001347070863E4E61897F6010093860603D5
:106964003347D7201843797106D6369722D426D2D6
:106974000287AE239033B76703009205BE95138454
:1069840041969384819617F501001305E5F60CC032
:1069940090C0EFD0F1250C409620138641D60945CE
:1069A40097A0FF1FE78080D21374F50F19C417F561
:1069B4000100130525F6EFD0913722852254B250F9
:1069C4009254456121B5AE23D22337670300920563
:1069D400BA95938401961384C19517F501001305A4
:1069E40065F423A2B19623AC0194238A019410C0C8
:1069F4008CC0EFD0F11F9840B7770300636AF700AB
:106A04001C40FD17B207BA9737D706006375F70025
:106A14001305F00F65B72254B250925403C5318365
:106A24009145456117C3FF1F67006312AE2390337E
:106A3400B76703009205BE951384419693848196AB
:106A440017F50100130505F00CC090C0EFD0511AE2
:106A54000C409440138641D60D4597A0FF1FE78054
:106A6400E0C61374F50F19C417F50100130545EFBB
:106A7400EFD0F12B9387419598233365E40088A3E5
:106A840035BF17F501001305E5EEEFD0512A453D5A
:106A94000D45993D294597A0FF1FE780C0A82254C2
:106AA400B2509254456117A3FF1F6700039617F570
:106AB40001001305E5ECEFD09127B70760038907C0
:106AC4003EC66800B7071093D1453EC8230A0100AB
:106AD400CD39B250225492544561828019B5411186
:106AE400138501D606C697A0FF1FE7806000B24059
:106AF400410199BD0111914670009D652D4506CE59
:106B040097A0FF1FE78080BC1C8685461387F7FF8C
:106B14001377F70F63F3E6008547F240238AF18287
:106B2400056182804111114506C6EFE06FBE130571
:106B340050349790FF1FE7800073B7170040116728
:106B440023ACE70AC1450545EFE07FF8854521659B
:106B5400EFE0DFEF8D451165EFE05FEFEFF06F8859
:106B640017F5010013058549EFD0711C6137EFF06B
:106B74002FFCEFF05F8EEFA0D14DCD3497A0FF1F17
:106B8400E78060A8184183A785FF6319B7001CC17B
:106B9400FD5723AC05FE238FF5FE8280232CF6FEE1
:106BA400C5BF411122C437E400E026C204403707C0
:106BB400200006C6F98C2320E4180F10000009E910
:106BC400232094101545B24022449244410182800E
:106BD4000347E5FF9307F00F6306F70023209410A3
:106BE4001145D5B797C0FF1FE780209301452320A7
:106BF4009410D1BF41114AC037E900E022C40324F4
:106C04000900B707200006C626C27D8C2320F91888
:106C14000F10000089E523208910154515A0AA84CA
:106C240097F7FF1F83C7574B2E8563F5F4008947F9
:106C340063EE9700BD37B7E700E023A087100D454A
:106C4400B2402244924402494101828083A785FFD5
:106C540099E703C7E5FF9307F00F6308F70091373F
:106C6400B7E700E023A087104DBF238F95FE13855F
:106C7400C19697A0FF1FE780E0D6A165268597C03F
:106C8400FF1FE780C0EC01452320891055BF23A6D0
:106C9400019682804111B7E700E026C2844337079A
:106CA400200006C622C4F98C23A0E7180F100000A8
:106CB40097F7FF1F83A7C7461384818391C78297E1
:106CC4001C40AA971CC021A083A7C197EDFB0840D4
:106CD400B74703009387D73F3305F502B7A72600CC
:106CE400938737ECB2403E9508C02244B7E700E0F2
:106CF40023A09710924441018280B7E700E09843B3
:106D0400B706200023A0D718758F0F10000097F640
:106D1400FF1F83C6763C637ED50083A68198332506
:106D2400D5201621B3F5B6400EA123A0E7100145E6
:106D3400828023A0E7100D4582807971B7E700E0D7
:106D440026D284433707200006D622D44AD04ECE1A
:106D540052CCF98C23A0E7180F100000930705FF0D
:106D640093F7F70F7D47636FF70831473307E50261
:106D740083A7C198BA979C43D1C7135445003D8952
:106D84003315A028AE89B345050822852EC697C0C1
:106D9400FF1FE78020CA2A8929C9B245228517FA2C
:106DA400FF1F130AEA3A913F83A7C197829783573B
:106DB400CA002A8481463387370313060064B3B7B5
:106DC400370313050732B335E500BE95EFD0A1288C
:106DD400B307850083268A003E8763E4A70063E443
:106DE400D7003387D7402324E900B7E700E023A086
:106DF40097100145B250225492540259F249624A02
:106E040045618280B7E700E023A097100945DDB70C
:106E1400797122D437E400E04AD003290400B7078B
:106E2400200006D626D24ECE52CC56CA5AC85EC6CA
:106E34003379F9002320F4180F10000097F7FF1F8F
:106E440083C797296376F50083ABC19763970B00DB
:106E5400B7E700E023A0271199A097FAFF1F938AB0
:106E64002A2F03AB8A00B74736FE938707C83E9B99
:106E740083D7CA002E8AAA84B385C702B289814601
:106E8400B3B7C70213850532B335B50013060064E2
:106E9400BE95EFD0411C6370AB0223202411014541
:106EA400B250225492540259F249624AD24A424B95
:106EB400B24B45618280829B83D7CA002A84130621
:106EC4000064B38537038146B3B7370313850532AE
:106ED400B335B500BE95EFD00118B307850003A7FD
:106EE4008A003E8463E4A70063E4E7003384E74058
:106EF400D285268597C0FF1FE780C0B301C900C5AE
:106F0400B7E700E023A02711054559BF93E504F036
:106F14004145B3C5050897B0FF1FE780A05311E9A9
:106F240097F7FF1F83A7C72085D7A68511458297AA
:106F340005B7138741981C4389EF08C38547232667
:106F4400050000C52311450104A11CB1232205003D
:106F540045BF3E87DC47F5FF48C7CDB77971B7E732
:106F640000E026D284433707200006D622D44AD034
:106F74004ECE52CC56CA5AC85EC662C466C2F98C9A
:106F840023A0E7180F10000025C12A892E8AB28A8F
:106F9400B6894144B14C138BC198130C0003B30B55
:106FA400940383270B00DE979C43B9EF13554440A9
:106FB4009375F40056861375F50FB315B028B3C551
:106FC4000508B93531C183270B00DE9723A02701BB
:106FD40023A247016384090023808900B7E700E006
:106FE40023A09710014521A023A097100945B25072
:106FF400225492540259F249624AD24A424BB24B49
:10700400224C924C456182800504E31A84F9B7E767
:1070140000E023A097102145D9BF011122CC37E409
:1070240000E026CA04404AC84EC652C406CEB7077A
:1070340020002A892E8AB289FD8C2320F4180F108F
:107044000000F933D2854A8597C0FF1FE780809EF0
:1070540001ED232094102145F2406244D244424978
:10706400B249224A0561828097F7FF1F83D7070F31
:10707400B38537032A89130600648146B3B73703FF
:1070840013850532B335B500BE95EFC0D17C2322FC
:10709400A900232094100145C1B7011126CAB7E401
:1070A40000E04AC803A9040022CC4EC6B70720005A
:1070B40006CE52C4AA892E843379F90023A0F41889
:1070C4000F10000097C0FF1FE780C09617FAFF1F3C
:1070D400130A8A001DE1A2854E85053183470A0003
:1070E4006380370523A024111945F2406244D24439
:1070F4004249B249224A0561828023110500A285D2
:107104004E85E53E83470A006386370123A0241198
:107114000145E1BF138761971E23C18F1EA3FDB7ED
:10712400938761979A23598C82A36DBF01114AC832
:1071340037E900E022CC03240900B707200006CE7B
:1071440026CA4EC67D8C2320F9180F100000930721
:10715400F00263E5A704B144B30495029389C1988E
:1071640083A70900A6979C4395CB9375F5001181DD
:10717400B315B028B3C505080D3783A70900014529
:10718400A69723A0070023A2070023208910F2401A
:107194006244D2444249B24905618280B7E700E0C3
:1071A40023A087100945E5B74111B7E700E026C2DF
:1071B400844306C622C437072000F98C23A0E718AD
:1071C4000F10000097C0FF1FE780C08619E9014532
:1071D400B2402244B7E700E023A097109244410153
:1071E4008280004583A7C197829797F7FF1F9387F3
:1071F40027F66367A4029847B74636FE938606C807
:107204003305A4403697E374E5FC13070064B335F3
:10721400E502D22781463305E502EFC0D1634DBFB5
:1072240098473A94C9BF411106C623ACA19602956A
:10723400B24097F7FF1F23ADA7EA014541018280C1
:1072440041115146814517F5FF1F130525EF06C669
:1072540022C426C223A2019823AC019623AE019630
:10726400238A019623A8019697A0FF1FE780C08E6A
:1072740013068002814517F5FF1F1305E5E597A066
:10728400FF1FE780608DEFA0816597F7FF1F93874D
:1072940027E7E82BFC3B17F4FF1F1304E4E38545C1
:1072A4003E958D473305F502930700049384C198F6
:1072B40039051375F50F3375F50A994728A0330579
:1072C400F502130505243345050897B0FF1FE78031
:1072D400601888C03DC53020994781453306F602C1
:1072E4001306062497A0FF1FE78000879C403820E0
:1072F40093840198938707249CC0B347F72023A461
:10730400F198EFF0DF9821291C30944017B6FF1F45
:107314001306666A33C7D72010C313871700137781
:10732400F70F17B6FF1F1306E6623347D72010C3C3
:1073340013873700890718B093F7F70FB3C7D7201F
:1073440090C3B240224492444101828097F6FF1FC9
:10735400938686D82A87BC228832637BF50013067D
:10736400150083A7019890B2B347F52098C3828093
:107374001305F00F82801C41F5C7370700F07D8F9D
:10738400B706002089476310D70E5A21411122C441
:1073940006C62A8479C319469305F00F690597A098
:1073A400FF1FE780A08E05478D476308E50A1C444C
:1073B40091C75858994755C3185C45C31306C00371
:1073C400814517F5FF1F1305A5D39790FF1FE7808D
:1073D400A0781306C003A28517F5FF1F130545D235
:1073E4009790FF1FE780C07097F7FF1F938747D1DF
:1073F400DA2701E713070010DAA7F82719E305478E
:10740400F8A79A2B19E36D479AABF83719E3154798
:10741400F8B7B82B19E30547B8ABB83B19E3F8370D
:10742400B8BBD83B11C7937637000983F4ABF8BBDC
:10743400D82B19E35547D8AB182C01E71307C00321
:1074440098AF9C5791C7829797F7FF1F239AA7C8B5
:10745400FD57238CF1B0ED338147B24022443E8581
:107464004101828089473E85828079714ECE97F9A9
:10747400FF1F9389E9CD83A7090006D622D426D21B
:107484004AD052CC829713090064B335250303D63E
:10749400C900814617FAFF1F130A0AC432C633050E
:1074A4002503EFC0513B83248A012A840145638666
:1074B400840232463305944063EF840003A58900B7
:1074C4008146B335A9023305A902EFC0D138B30709
:1074D400954033858700232C8A00B250225492545D
:1074E4000259F249624A45618280011122CC0A851F
:1074F4002E84414697E501009385851B06CEEFD087
:107504009F9B18083324E420035704FFF24062448D
:1075140097F7FF1F83D7A7C437450F00BA97130502
:1075240005243355F5020561828097F7FF1F83D741
:1075340007C351471D45637CF702794719456378B2
:10754400F7021307200315456373F7021307B0040A
:107554001145637EF700130740060D456379F70074
:107564001307600909456374F70013B5B70F8280E8
:10757400411122C426C22E84AA8406C6058CEFF0CB
:107584006FF1B327A402B2402244338597001375E8
:10759400F50F924441018280411122C426C22E84F7
:1075A400AA8406C6058CEFF0EFEEB327A402B2401E
:1075B4002244338597003345050892444101828073
:1075C400411122C426C22E84AA8406C6058CEFF07B
:1075D4006FEC3335A402B240224426959244410113
:1075E400828041114AC017F9FF1F130969B183272B
:1075F400890206C622C426C28DCF829797F4FF1F44
:10760400938484AD9E242A848DC733F7A70A334715
:107614000708B3D7A70AB3C70708B307F74051470A
:107624006359F7008327C90291C38297EF50A133AE
:1076340082A4B24022449244024941018280011151
:1076440022CC23A8019817F4FF1F130464AB5C54E5
:1076540006CEAA8581C72AC68297B245C1C59C4178
:107664000545ADCF9C45BDCBDE25ADCBFE25BDC7C5
:107674009C2981CB7C287838BA976341F506DC4194
:10768400B1CF1306400217F5FF1F130565AC9790A1
:10769400FF1FE780E04597F7FF1F938767AB984389
:1076A40023AEE196183C19EFCA2793078057374653
:1076B4000F003305F5021306062481468145EFC009
:1076C400911908BC183C9D4763E4E700A1471CBC22
:1076D400170500001305A5D9B9360145F2406244E7
:1076E4000561828097F7FF1F23A607A097F7FF1F66
:1076F400938707A617A7FF1F130767A598C33787A4
:107704003200FD56130727A194C7D8C797F7FF1F68
:10771400238807A4B7C7004023A4D726ADBF01110F
:1077240022CC17F4FF1F1304A49D084406CE26CAD6
:107734004AC801E90545F2406244D2444249056120
:1077440082805C58E5DB185C75D7700085458297AC
:107754001844B247E300F7FE4A249305E00417F9FE
:10776400FF1F1309699797B0FF1FE780A0CE23205E
:10777400A90269D152249305F00F81449790FF1F09
:10778400E780803D7C240326090263C1F40232852C
:1077940097B0FF1FE78060D8014597F7FF1F23AD1F
:1077A400079497F7FF1F23AB079471B74E2418442F
:1077B400B3879502898185043385E7001C5C08C280
:1077C4008297C9B7011122CC17F4FF1F1304449305
:1077D4001C4426CA4EC656C206CE4AC852C45AC013
:1077E400AA84AE89B28A6388071A585839CB13071A
:1077F400F01F6366A71017FAFF1F130AEA8D032907
:107804000A02631209044A249565938515E097B02A
:10781400FF1FE78020C42320AA022A861DC14E240C
:107824005C580844898182971C4403290A02232254
:10783400FA028947639EF402C1479305090C6381E8
:10784400F9042945BDA003274A02E384E7FE4A243C
:107854009565938525E097B0FF1FE780A0BF2A892F
:107864006DD14E242A865C58084489818297D1B709
:107874008D47639AF404C1479305490DE393F9FCDA
:10788400B8219307A0056312F7069E21639F97040E
:107894004E86910556859790FF1FE78060258327C4
:1078A4000A02638727014A8597B0FF1FE780E0C675
:1078B4000145F2406244D2444249B249224A924AC2
:1078C400024B0561828091476397F4009305890E0A
:1078D400E39999F675B793070010E394F4F6A1477A
:1078E400E3E137F79305090F61BF83270A02E38AAF
:1078F40027F54A8597B0FF1FE78020C299B71D6717
:10790400637FE506130705E099463347D7025624FB
:1079140017EBFF1F130B4B7C3307D702330AF70017
:1079240083274B026396470103290B026311090263
:107934004A249305E00497B0FF1FE780A0B12A8989
:1079440009D14E245C582A868981528582979145B3
:107954001307A00593F5C50FB307B900B4236399C2
:10796400E60296236394960291054E86CA9556853F
:107974009790FF1FE780C01783270B021DB7A166EE
:10798400F916E3E0A6EC3307E54051B7AC33D9B7B9
:1079940083270B02A9BF97E5FF1F83A5E575E38243
:1079A40005EA91479306A00593F7C70F3387F500BF
:1079B4003023E318D6E81223631B960091074E8602
:1079C400BE9556859790FF1FE7808012D5B53C334E
:1079D400E1BF97E7FF1F9387A772984721C7985F76
:1079E40031C385466310D504411122C417E4FF1F37
:1079F4001304846E105006C615C2CE2748508981E0
:107A04000297085097B0FF1FE78020B197E7FF1F48
:107A140023A4076E97E7FF1F23A2076EB2402244F8
:107A240041018280828001114AC817E9FF1F1309AE
:107A3400296D4EC68329890022CC26CA52C406CE9B
:107A440056C2AA842E84328A638D091A8327890335
:107A540099EB2945F2406244D2444249B249224A50
:107A6400924A0561828083274903E5D79307F01F73
:107A740063E0A70C97E9FF1F9389096683A70902AE
:107A840095CF0325890083A749026395A7048947F5
:107A9400639FF404C147E31EF4FA03A50902130526
:107AA400050C9307A0053CA106A12286D2851105E9
:107AB4009790FF1FE780C003014569BF0355C900C4
:107AC4009305E00497B0FF1FE780C09823A0A902A4
:107AD4004DF941B78355C9008327490303A6090219
:107AE400898182978327890023A2F9024DB78D47A4
:107AF400639AF400C147E31EF4F403A509021305D5
:107B0400450D45B791476399F400E31494F403A534
:107B140009021305850E71B793070010E39BF4F275
:107B2400A147E3E887F203A509021305050F95BFF2
:107B34009D676373F506930705E01947B3C7E7022A
:107B44000357C90097EAFF1F938A0A59B387E702CC
:107B5400BE9983A70A02A1CB83A74A026391370780
:107B640003A50A0291479305A0051308F00F13F724
:107B7400C70FB306E500B0226313B60683D8060028
:107B8400B032639C9804B307F64063C687041107B8
:107B94002286D2853A9529BF21677917E36BA7EA34
:107BA400B307F54071BF0355C9009305E00497B0CE
:107BB400FF1FE780208A23A0AA0259FD59BD8355DF
:107BC400C9008327490303A60A0289814E85829747
:107BD40023A23A0371B723900601B28749BF3386C3
:107BE400870011061308F00B6374C8002D459DB57A
:107BF400ACA213063400719A1106B29786A2BCB2E5
:107C040079B797E9FF1F9389294D83A709029DCB73
:107C140003A5090291471308A0059305F00F13F774
:107C2400C70FB306E500B0226310060583D806002B
:107C3400B03263979800B307F640E3DA87F48EA274
:107C4400B287F1BF8347E9000355C9009305E004F7
:107C54003305F5023345050897A0FF1FE780807FB1
:107C640023A0A90255F5F5B30356C9008345E900DD
:107C7400B385C502338687001106E3E9C5F623817F
:107C8400060185BF01458280011106CE2EC6EF7024
:107C9400F00319C5B245F2402A2105616FB0E07EB8
:107CA400F240494505618280A38E019A238E019A90
:107CB40023AC019A23AA019A23A8019A23A6019A24
:107CC40023AC019823AA019897E7FF1F9387874A5B
:107CD4003706840390D33707B40037C6070098C328
:107CE400130606B83747A000D8C3D0D3370710000F
:107CF40041669306070AB70550009308060194C726
:107D040023A4170393860501930816F8D4C723A662
:107D14001703B706D007B7087F00130807051385B4
:107D24000601410723A81703B0C3930816009386DE
:107D3400060513861500D8CBF8C323A8070188CFFE
:107D440023AE070023AA170323AC070223AE0702BE
:107D540023A40704F0C7B4CB23AA0704ACCF23AEF3
:107D64000705B8D33707A000F8D71307000AB8DB14
:107D74001307C01CF8DB37071400B8DF0547F8DF2A
:107D8400E8D323A40706930710F817E7FF1F23235C
:107D9400F7468280011152C42A8A214522CC26CA80
:107DA4004AC84EC606CE2E84B2893689BA849790C4
:107DB400FF1FE780C0C405C9930700FD1CA19947B4
:107DC400A30045013CA12303250164B1231235011D
:107DD400AA8522856244F240D2444249B249224AE9
:107DE40005616FE03FE1F2406244D2444249B24946
:107DF400224A0561828023ACA19A828023AAA19A97
:107E0400828023A8A19A828023A6A19A828001114C
:107E140022CC26CA4AC806CE4EC62A89AE8401445C
:107E2400B309890063699400F2406244D244424930
:107E3400B24905618280EFE0FFE5B3470508A183FD
:107E44002380F9009307140093F7F70F850963F86B
:107E54009700CA97090488A31374F40FD1B73E841A
:107E6400D1B7411122C417E4FF1F1304E4386A2078
:107E7400C16706C6FD17630CF50017E6FF1F03462E
:107E8400A6599385C199EF70E045FD577EA0B24095
:107E940022444101828009C925151375F50F133554
:107EA400850E1345150082800145828023900500CC
:107EB400C9C2797122D426D252CC56CA5AC806D61F
:107EC4004AD04ECE5EC62A8B2E8AB28A368481442C
:107ED40063FF5405B307940083C907001389140092
:107EE4003349090863850904B387290163C1FA0486
:107EF400B307240183CB07005E85713F0DC99387C7
:107F0400F9FF2310FA0063906B030509330524017C
:107F1400B250225492540259F249624AD24A424B14
:107F2400B24B45618280CE94B3C4040855B7014571
:107F3400C5B701458280011122CC26CA4AC84EC663
:107F440006CE97E4FF1F9384242B2E89D0C88CC8B7
:107F5400C8C42A8441469305F00F4A859790FF1FB1
:107F6400E780C0D28549631935038848C145453542
:107F740041469305F00F22859790FF1FE78000D1BB
:107F84000549631525036244C844F240D24442497A
:107F9400B249C1450561A5BD414681454A859790D1
:107FA400FF1FE780A0CEE31535FDC1B741468145EB
:107FB40022859790FF1FE78060CDE30625FDF24000
:107FC4006244D2444249B24905618280411122C4CB
:107FD40026C22E84AA8413060002814517E5FF1FDA
:107FE4001305852106C64AC09790FF1FE780C0B6D7
:107FF40017E9FF1F1309492097E7FF1F23808742D2
:10800400A3019900EFB0604A854719C181474945EA
:108014002300F900B2402244924402494101828083
:108024009DC91DC985476318F500DC3193E707FC3A
:10803400DCB10545828089476316F500DC3193F78E
:10804400F703FDB78D47E316F5FEDC3193F7F7032D
:1080540093E70704F1BF014582808DC10DC1DC3176
:108064001307000C054593F7070C638AE700130711
:10807400000409456395E7000D458280014582802F
:10808400411122C4005D06C626C21DC8AA84085038
:1080940009C597A0FF1FE7804048485009C597A02D
:1080A400FF1FE7808047085409C597A0FF1FE7809A
:1080B400C046228597A0FF1FE780204623AC040218
:1080C400B240224492444101828009ED97E7FF1FA8
:1080D40083C7A71217E5FF1F1305851381CB1385EB
:1080E400419A828017E5FF1F13058512828017E5E8
:1080F400FF1F03458510828017E5FF1F03258510A8
:10810400828017E5FF1F03252510828097E7FF1F54
:1081140083A7C70F8843828017E7FF1F1307C70D84
:10812400544B9C4285079CC228339307F00F630786
:10813400F500916517B3FF1F670063A182800111E9
:1081440022CC06CE2E8432C6EF7040489147B24509
:10815400631CF50083A7C19A89CF9C4399CB2285E0
:108164006244F2400561828783A7419B99C3DC4343
:10817400F5B7F2406244054505618280797122D4E5
:108184002A844A214ECE06D626D24AD097B0FF1F63
:10819400E78080AE9389C19B29E583C409009307D6
:1081A400F00F6399F40083C5D19B2685F13C19E156
:1081B400238E019A4A20EF7060419147631CF500B9
:1081C40097E7FF1F938747035620FA236394E6003B
:1081D4007D57FAA3B250225492540259F249456190
:1081E4008280582504212A893AC6593D4A85EF7070
:1081F400207B4A20EF70C03883C70900324799C3F7
:10820400E38397FA9307F00F5220E385F4FA74207E
:108214002820A685413679BF79715AC82A8B2E85C4
:108224004ECE52CC56CA06D622D426D24AD05EC6E8
:108234002E8AB28AB68997B0FF1FE780E0A375C57E
:10824400045D2A89FDC09C501305400391E36145F8
:108254009C5489C79307450133C507086386090001
:108264009307C50133C50708DC5089C79307750117
:1082740033C507089780FF1FE78060782A8455C5B7
:10828400614681459790FF1FE780008D97EBFF1FA4
:1082940083CB4BF163940B00834B0900930700FDE0
:1082A4001CA0A947A30064013CA0230354018C50E3
:1082B400231244011305840191C908C47146130AA9
:1082C40044039790FF1FE780A08252858C5491C984
:1082D40048C45146130A45019790FF1FE780408127
:1082E4005285638C090008C87146CE85130AC501FE
:1082F4009780FF1FE780C07F5285CC5099C548C83E
:108304005D469780FF1FE780A07EA2855E85EFE033
:108314007F8E2254B2509254F249624AD24A424B5E
:10832400B24B4A8502594561A1BBB25022549254C2
:108334000259F249624AD24A424BB24B45618280A9
:1083440001114EC6AA892E8526CA06CE22CC4AC859
:10835400AE8497B0FF1FE780209221C917E9FF1F61
:10836400034949E46314090003490500194597804A
:10837400FF1FE780C0682A840DC98145194697808C
:10838400FF1FE780607D930700FD1CA0B947A30091
:1083940034013CA046A0A2856244F240D244B249D2
:1083A4004A85424905616FE0FF84F2406244D24449
:1083B4004249B24905618280797162C42A8C2E8552
:1083C40026D24ECE52CC56CA5AC85EC606D622D43F
:1083D4004AD0AE84B28B368BBA8A3E8AC28997B0B1
:1083E400FF1FE780608935C52A8941459780FF1FB3
:1083F400E780E0602A8431CD414681459780FF1FA4
:10840400E780807517E5FF1F0345C5D919E10345CA
:108414000900930700FD1CA0BD47A30084013CA0F4
:1084240023047401A304640123055401A305440136
:1084340046A023263401A2852254B25092540259F4
:10844400F249624AD24A424BB24B224C45616FE038
:108454006FFAB250225492540259F249624AD24AF3
:10846400424BB24B224C45618280011126CAAA8438
:1084740039454AC84EC652C406CE22CC2E8AB28989
:1084840036899780FF1FE780805715CD9307000D2D
:108494001EA1B1472A84231245013CA1CE851905AA
:1084A40019469780FF1FE780A06423062401A28554
:1084B4006244F2404249B249224A13F5F40FD244CD
:1084C40005616FE02FF3F2406244D2444249B2495D
:1084D400224A05618280411126C206C622C44AC0CE
:1084E40097E4FF1F938444D1B8309307F00F6308D7
:1084F400F7042A8939459780FF1FE78040502A8472
:108504001DCD930700FD1CA1A30025012301050037
:1085140097E5FF1F9385C5CF0D0519469780FF1F6B
:10852400E780005D9E24A285A8303EA49C305CA414
:108534002244B2409244024941016FE0AFEBB240A1
:1085440022449244024941018280011156C2AA8AFE
:10855400314526CA4AC84EC652C406CE22CC5AC099
:10856400AE84328AB6893A899780FF1FE780204912
:108574003DC92A84268597A0FF1FE780E06F09C5BF
:108584005825A1476311F70417EBFF1F034BFBC6E4
:10859400930700FD1CA09D47A30054013CA046A0E6
:1085A400231344012314340123152401A2856244B6
:1085B400F240D2444249B249224A924A5A85024B75
:1085C40005616FE02FE317EBFF1F034B3BE5E391DE
:1085D4000AFC83A781AE9C47C5DFCA864E86D28536
:1085E4002685829775B7F2406244D2444249B24923
:1085F400224A924A024B05618280411126C2AA8412
:10860400214522C406C62E849780FF1FE780203FA1
:1086140015C5930700FD1CA1C5473CA13C30AA85A4
:108624003CB15E205EA17C207CA17C307CB12244E4
:10863400B2402685924441016FE0CFDBB240224430
:1086440092444101828041114AC02A89714526C25F
:1086540006C622C4AE849780FF1FE780403A3DC51A
:10866400930700FD1CA1F5473CA1BC302A849385E7
:10867400C4003CB1DE2031051946231CF5FEFE2062
:10868400231DF5FE9E24231EF5FEBC24230FF5FEB8
:10869400BC34A30FF5FE9780FF1FE7806045BC281C
:1086A400A2854A853CA8DE285EA8FC287CA8FC3864
:1086B4007CB89C2C1CAC9C3C1CBCBC2C3CAC22440C
:1086C400B2409244024941016FE0CFD2B240224409
:1086D400924402494101828001114AC82A896145B4
:1086E40026CA4EC606CE22CCAE89B2849780FF1F1E
:1086F400E780E03025C1930700FD1CA1BC302A842B
:10870400938584001CB195473CA1FC3011051946A2
:10871400A30FF5FE9780FF1FE780803DDE20230630
:108724003401A2853EA4BE2C4A857EA4DE2C1EA85C
:10873400FE2C3EA883C704025CA883C714025CB85D
:10874400BE30F240D2447EA862444249B249056137
:108754006FE04FCAF2406244D2444249B2490561D3
:108764008280411122C406C617E4FF1F1304C4A863
:108774003C208DC7AA8519461385419A9780FF1F0F
:10878400E780003728209385419AEFF07F892244BF
:10879400B2401385419A41016FA0B051B2402244C6
:1087A400014541018280411126C206C622C44AC045
:1087B40097E4FF1F938444A4B8309307F00F630039
:1087C400F7042A8929459780FF1FE78040232A84DC
:1087D4001DC5930700FD1CA1A147A30025013CA1D1
:1087E400BC209385419A1105A30FF5FE1946978085
:1087F400FF1FE780E02FA830A285EFE0AFBFB820CD
:108804008D47631DF70083A7019B89CB9C4799C7BC
:108814002244B2409244024941018287B240224438
:108824009244024941018280797122D406D626D22B
:108834004AD04ECE52CC56CA09444DCD2A890A217B
:108844002E8A514497A0FF1FE7800043AA845DC18C
:1088540097EAFF1F938A4ABC83C74A0005474944E5
:10886400FD1793F7F70F6377F7085825A1476314AB
:10887400F70063110A089C5C4544ADEF916593854C
:1088840045711305C00297A0FF1FE780A0BC88DCD8
:10889400AA894D4425C11306C00281459780FF1F54
:1088A400E780802B835709009386490036852391FE
:1088B400F90071469305490036C69780FF1FE7808B
:1088C400202389472380F900DC24B246035609009B
:1088D40083C50A00E11713B51700EF70D0362A8458
:1088E40063060A00D2852685EF70E03901C4268527
:1088F400EFF00FF9B2502285225492540259F249F2
:10890400624AD24A4561828097E7FF1F83C707B155
:10891400FD1793F7F70F05476377F70801114AC866
:1089240006CE22CC26CA4EC652C4328989472DC2ED
:108934002A8AAE89368497A0FF1FE780E033AA8491
:10894400D14739C5485509C597A0FF1FE780E0BC4A
:10895400F1454A859780FF1FE7802026C8D4AA8561
:10896400CD471DC5D824A147631DF70209C8382D7A
:108974001229930625015285EF7000372A84D820E6
:10898400936747006384090093676700DCA0A287AC
:10899400F2406244D2444249B249224A3E850561CA
:1089A40082800144E9BFC9473E8582809307000461
:1089B40063EAA70097D7FF1F9387C77B3325F5206A
:1089C4000A21828041657D158280011122CC2A848E
:1089D4002E8526CA06CEAE8497A0FF1FE780C02945
:1089E4000DCDB7470F009387F723094563E287024C
:1089F40081450A8541469780FF1FE780E015A685DB
:108A040060800A8541804081A3010100EF70B00FAE
:108A1400F2406244D244056182804945D5BF97E75C
:108A2400FF1F238CA79E82806F70501C797152CCDB
:108A34002A8A328526D24AD04ECE56CA5AC85EC633
:108A440062C406D622D42E8CB28A368BBA8B3E8967
:108A5400C289C68497A0FF1FE780002205C92A8423
:108A6400631A0A1893774B000343450085CF1363B9
:108A7400230163940B1663100914639F090885E8A6
:108A84001C5C1373B3FF23026400C5EBB250225481
:108A940092540259F249624AD24A424BB24B224C96
:108AA400456182801373D3FF13630301D9B7136342
:108AB4004300230264009C484146A6851CD4130548
:108AC40084019780FF1FE780A00263130C12638C5C
:108AD4000B0A485409C597A0FF1FE78000A4F1457D
:108AE4005E859780FF1FE780400D48D4005C59DC09
:108AF4001C5091EB916593853571714597A0FF1FCB
:108B0400E780409508D008500DC17146DE859780F6
:108B1400FF1FE780E0FD11A81363430023026400F4
:108B2400D9F8005C630C0C0235D0639A0902A5E005
:108B340029A0005C21DC639409022254B2509254AF
:108B4400F249B24B224CCA865A860259424BD68508
:108B54005285D24A624A45616FF00FEC05D85C50E9
:108B640091EB9165938525715D4597A0FF1FE78083
:108B7400608E48D0485045DD5D46CE859780FF1F06
:108B8400E78000F76DB7005C11D0E39A09FC1C5430
:108B940091EB916593851571514597A0FF1FE7806F
:108BA400608B08D4085451D95146A6859780FF1F7D
:108BB400E78000F459B71363430023026400E39C85
:108BC40004EEE3080CF6485405EDF1454A85978018
:108BD400FF1FE78080FE48D431A8136343002302BB
:108BE4006400E39A04ECE3060CEEE31E09FCFDBD0D
:108BF400E31B09FC005CE30B04E8E39B0BEE35B7D5
:108C040097A0FF1FE7806091C9B7011126CA52C41B
:108C140006CE22CC4AC84EC62A8AAE8497A0FF1F2D
:108C2400E780800535C12A8939459780FF1FE78091
:108C340000DD2A8431C997D9FF1F83C9A9566394DB
:108C44000900834909009307000D1EA0AD473CA00D
:108C5400930569001305340019469780FF1FE780C8
:108C640020E993F714005CA493D4144844B4231566
:108C74004401A2856244F240D2444249224A4E85CC
:108C8400B24905616FD01FF7F2406244D2444249B1
:108C9400B249224A0561828001114EC652C456C2AD
:108CA40006CE22CC26CA4AC8AA8A2E8AB28997A09E
:108CB400FF1FE78060FC35CDAA841305C0029780AE
:108CC400FF1FE780C0D32A842DC517D9FF1F03498E
:108CD400694D6314090003C904009307000D1EA025
:108CE400E9473CA093856400130534001946978036
:108CF400FF1FE780E0DFD285231554011305C4006C
:108D040041469780FF1FE780A0DECE851305C4018E
:108D140041469780FF1FE780A0DDA2856244F240B0
:108D2400D244B249224A924A4A85424905616FD0E7
:108D34007FECF2406244D2444249B249224A924A08
:108D44000561828003A5419901CD411106C6979022
:108D5400FF1FE780807CB24023AA019841018280F2
:108D64008280411122C406C626C24AC02E8497A01E
:108D7400FF1FE78060F029CD00D517D9FF1F0349F5
:108D84006942AA8463140900034905004145978098
:108D9400FF1FE780C0C62A8405CD9307000D1EA1DE
:108DA400A5473CA1DC30938564001105A30FF5FEB3
:108DB40019469780FF1FE780A0D39C54A285B24038
:108DC4005CC4224492444A85024941016FD09FE227
:108DD400B240224492440249410182805D71A2C49E
:108DE400A6C286C6AA842E8497A0FF1FE780C0E887
:108DF4000DC954251147AA874945639FE6009C5F26
:108E040091C3E02B97860000938646510A868945D4
:108E140026854080EF60305EB6402644964461610A
:108E240082805145D5BF97D7FF1F83C7275FFD17A2
:108E340093F7F70F0547637AF704411126C206C674
:108E440022C44AC0B284894715CA2E8997A0FF1F3D
:108E5400E78080E22A84D14715C1630609005C21BA
:108E640093E727005CA14146A685130584019780FA
:108E7400FF1FE780E0C79C481CD48147B2402244CE
:108E8400924402493E8541018280C9473E858280E1
:108E9400011122CC26CA06CE2A84AE8497A0FF1FD5
:108EA400E78080DD19C96C0022854486EF60505A42
:108EB400F2406244D244056182805145D5BF6F605F
:108EC4002066C1671387E7FF6391E50283A7419B8F
:108ED40091EB494582804945B2402244924402497B
:108EE400410182809C43F5D78287411122C426C266
:108EF4004AC006C6FD172A892E84B2846394F502FB
:108F040083A7419B89C79C4399C3829711C5A685B2
:108F14004A85EFE07FD769F1238E219BA38E919A36
:108F240001455DBF2E8597A0FF1FE780E0D445D59E
:108F34001C210D45E39227FB22852244B2400249BD
:108F4400A685924441016FA040549307000463E155
:108F5400A7064111C16722C426C206C6FD172A848A
:108F6400AE8409456380F502C5476312F4022E8579
:108F7400EFA0805897D7FF1F9387C71F3324F4208F
:108F8400014506A0B24022449244410182809307E5
:108F9400A0036316F4002E85EFA0A04FE1BF930752
:108FA400B003E319F4FC13F5F50FEFA0C04ED9B7E5
:108FB40009458280011106CE2AC6EFE0FFCEEF10EC
:108FC4005065EF10A044EF80214C324597D7FF1F26
:108FD40093878722130700F0BAA3238207007D57E3
:108FE40097D7FF1F93874743B8A388A3F2409545BB
:108FF40005616F50E002757126C306C722C54AC1D8
:10900400CEDED2DCD6DADAD8DED6E2D4E6D2EAD0C4
:10901400EECEAE849397556063D9075217DAFF1FDB
:10902400130A8A3F03450A00130B200A930BF00F1F
:109034009780FF1FE780C0A2C167FD172A84130C25
:109044001009954C394D97DDFF1F938DED1A3ECCD9
:1090540015E01395F468BA402A449A440A49F6592B
:10906400665AD65A465BB65B265C965C065DF64D40
:10907400496182801C20639A670103C93D00E2456F
:109084002A202286EFF0AF8BD1A003492A00639AED
:1090940087091C30639097032285EFF02F8E228579
:1090A400EFD03FB003450A009780FF1FE780409B45
:1090B4002A8479BF6393A7194A208567A507631A91
:1090C400F5040C4497D9FF1F93890913882115E5EA
:1090D4001946850517D5FF1F130585139780FF1FB4
:1090E400E78000A103C709008547631CF70289478D
:1090F4002380F900EFA0A03B5DB703C709008547B3
:109104006311F70297D7FF1F2388070EEFF0AFBC58
:1091140079B709679307C70063EDA7040507636977
:10912400A702E30E79F7A2854A85EFD0BFAC9DBFB5
:10913400370700181307F770B357F748F5C383A729
:10914400019BB1DF9C43A1DF2285829729F9D1BF1E
:10915400F977F917AA972947B3C707086362F70C89
:1091640017D701001307C783B3C7E7209C43BA97F7
:109174008287F9779387A7FCAA97F146B3C70708B4
:10918400E3F8F6FA3907E31EE5F883A7419BE38881
:1091940007F0DC43E38507F00965A285390595A846
:1091A40083298400E38F09F603C7090097D7FF1FBB
:1091B4009387870419EB03C7290083C61900220784
:1091C400558F9AA703C7390098B394230947E39AA4
:1091D400E6F403C7090001CB97D7FF1F238E0700CE
:1091E40003C5090025B78C338A270D4798A3EF40A0
:1091F400D065FDB71C448823EFF0EFDA4DB583A7A3
:10920400819BE38E07E89C43E38B07E80965A2850D
:109214002D05829725BF1C449C23E39407F041B598
:10922400896793871704E31EF5EE83A7819BE38880
:1092340007E69C43A285F1FF9DB53D47639EE70485
:109244004A2089671387D7006306E50013879701CF
:109254006318E50083A7419BE38307E4DC43D9BF9C
:10926400CD07E310F5ECC16717D7FF1F035727F9A4
:10927400FD17631DF70083A7419BE38207E2DC43EC
:10928400E38F07E00965A2854D0561B783A7C19AFD
:10929400E38707E09C43EDB71307E003E393E7E8B4
:1092A4003C200547639EE7107C20938A4199639A8A
:1092B400070E83A70A006381070E83C907002149AB
:1092C400683093078400BE853ECEEFE01FD968B0B6
:1092D40013064002814568109780FF1FE780C0870E
:1092E4003C30194693058400A307F1027C304818EA
:1092F400A309F1029770FF1FE780807F5E20701042
:10930400CA852318F1027E244E852313F1041E28F6
:109314002314F1043E282315F1045C282306F104E8
:10932400FD57A306F1042317F104EFF0EFBA3C3024
:109334009DE3DD47835804010358E40074304E2054
:109344003EC23E28130784003EC0CA8705464E85A8
:10935400EF60403E28B083A70A0081C71145EFF0B3
:109364007F9E9389C19B03C50900E30A05D283C587
:10937400D19BEFE07F91E30405D2343093071003CF
:109384006389F600522083C509004A873685EFE0D9
:109394007FA0238E019A21B397D9FF1F83C9F9E5D2
:1093A40039BF83A7019B97D9FF1F83C919E599C3C7
:1093B400DC4399E3114929B7814501458297DDBF13
:1093C400F91793F7F70F13077002E36CF7D417C775
:1093D40001001307A75FB3C7E7209C43BA978287AE
:1093E4007C20938A4199A9EB83A70A00A9C383C966
:1093F40007002149683093772500B1CF0589130709
:10940400440168B02286CA854E853ACEEFF0CFACCF
:109414003C307247A9F3DD478358C4010358A401C3
:1094240074304E203EC27E2C3EC0CA8705B797D901
:10943400FF1F83C999DC75BF83A7019B97D9FF1FC1
:1094440083C9B9DB99C3DC4399E3114965B7814505
:1094540001458297DDBF13078400BA853ACEEFE059
:10946400DFBF724779BF83A7819BE38A07C2DC43CE
:10947400E38707C2228582971DB183A7819BE3807E
:1094840007C29C47F5B722868D454A20E5BE930561
:10949400A10213051031EF8041046C101305203133
:1094A400EF80A10372208357C1024A2063E7C700FB
:1094B40016240357A10263F7E60093050002EFA008
:1094C400A002F1BE6373E6007AA063F3D7001EA482
:1094D4005A24362412246E2001488147EFA08000CC
:1094E4007DBE2286B14555B783A7819BE38907BA20
:1094F400DC47BDBF2285EF00E07655B683A7819B8C
:10950400E38F07B89C4BADB72285EF00A07F41BE27
:109514000145EF00700E61B683A7019BE38307C08A
:10952400DC43E38007C0814505458297DDBE83A700
:10953400019BE38807BEDC43E38507BEA28509459A
:10954400EDB722869305600289B793F7150099CB8E
:1095540083A7819B89C7DC4399C30145829713C5BF
:109564001400D5BC93F7250081CF83A7019B91C735
:10957400DC4381C781450545829713C52400E1BCBE
:1095840013F54500E30905AC83A7819917D4FF1FA0
:10959400130484C699CB85475CA083A7019B91C71C
:1095A400DC4381C781450545829748446C10EF60D0
:1095B40010426810EFF0EF9A97D7FF1F83D7A7BD2B
:1095C40081CF130600643386C702914517D5FF1F68
:1095D400034585E4EFD0DF8313C54400ADBC01111E
:1095E40022CC2A84554506CE26CAEFF02FBCAA8485
:1095F40013054002EFF08FBB2AC613055002EFF0AB
:10960400EFBAAA86228562443246F240B33590000E
:10961400D24405616F90B074397122DC06DE0D47C7
:109624002E84631AE500BA259625F2212830CE212E
:10963400EFE0BFF189A809679306D700AA876319E9
:10964400D504BC21A9C3138441990C408DCDDC877A
:10965400BC31194691054808A309F1009770FF1F12
:10966400E7800049930700F03ED61C402318010010
:109674002313010202D4882370008145EFF0CF85C3
:109684000545EFF02FEC0545F250625421618280CC
:109694009306E700E309D5FE930637016319D50065
:1096A400A82175D1014781460146814551B7650717
:1096B400E30BE5FC31476319E50017D5FF1F0345AC
:1096C400D5B3EFE09FF3C1B7130760026319E50058
:1096D40017D5FF1F034575B2EFE0FFF66DB741677D
:1096E4007D170145E392E7FAD831C947E31DF7F83E
:1096F400F625D2250A24AE25EF907067854711C55B
:109704005D45EFF0AFAAB337A0004C202A2030000B
:109714007C84EF50903E3C84BDF79305A100130573
:109724001031EF70915B6C0013052031EF70F15A2A
:109734003C851A246373F7001EA43C863A2463F321
:10974400E7003EA41E243A246373F7003EA42A20B3
:10975400EFE0A0047A24562432240E242A2001485F
:109764008147EF90505605B741114AC006C622C43E
:1097740026C217D9FF1F130929CA03477900930783
:10978400F00F6302F706AA8439CD68255105977056
:10979400FF1FE780C0262A8439C59307000D1EA148
:1097A400D9473CA1DE205EA1FC207CA1FC307CB129
:1097B4009C241CA5DC345CB5F02470A515C28C482F
:1097C400510508C89770FF1FE7808032A2852244A4
:1097D40003457900B2409244024941016FD08FC1E0
:1097E40023280500E5B7B2402244924402494101CE
:1097F4008280C1679386E7FF2A87639BD50083A78E
:10980400419999CF9C230D45639DE7006F90F04AE1
:10981400FD1749456397F50083A74199E5FB8280CD
:1098240049458280397122DC06DE26DA4AD84ED6D2
:1098340052D456D25AD0182185472A84630BF70094
:109844001025930695009305E1010545EFE00FE629
:109854001DE98147014514201147638DE60203A7E2
:10986400819C18338D466307D7028DC705C711ED58
:109874000145F2506254D2544259B259225A925A72
:10988400025B216182801C21F9B78546631DD702E2
:109894008D8BF9DF0830930524002EC6EFE0EFFB33
:1098A40008B01389C19C83270900AA8981448DC308
:1098B400B245138A019D130BF00F83470A0063EB33
:1098C400F400814481A08946E314D7FA858BD1B78B
:1098D400054545B783270900939A4400D6979823F2
:1098E400630C6705983363193705194613852700F8
:1098F4002EC69770FF1FE7804031B24515CD8324F3
:109904000900D69418209147C1E8E303F7F68324AD
:109914000900B9DC83460A0081471306F00FE38986
:10992400F6F403C8040013850401630BC80085071B
:1099340093F7F70FAA84E5B7850493F4F40FB5BF42
:1099440098A01C301385240019469CB09770FF1F03
:10995400E780001A082491659385F57105059790B1
:10996400FF1FE78020AF05C1182091476314F70259
:10997400C8C41024930594000505A30FC5FE977071
:10998400FF1FE780E0161C24A1F708207D1513357E
:109994001500C5B588C4F1BF6311F706C8441C247B
:1099A40005C11021630DF604182091476317F706CB
:1099B400C84419C59790FF1FE78020B623A604006A
:1099C400082491659385E57105059790FF1FE7804D
:1099D40060A805C118209147631AF704C8C410246D
:1099E400930594000505A30FC5FE9770FF1FE7803C
:1099F400201008243335A000ADBD88444DB793052D
:109A0400940005059770FF1FE78020208547E31D1C
:109A1400F5F85545EFE09FF99DBF884455D19790DF
:109A2400FF1FE78080AF23A4040059BF88C445BF4B
:109A3400397122DC4AD84ED652D406DE26DA56D202
:109A44005AD05ECE2A84130925000831CA85138AA8
:109A5400819CEFE08FE008B083270A000D47AA89B4
:109A64009C33639DE700138AC19C83270A008144C9
:109A7400938A019D639F070E05452DA0EDD7144CD5
:109A840070389305E1000545EFE04FC2AA841DC973
:109A940003270A0085461C2118336310D7028D8BD7
:109AA400F9F30145F2506254D2544259B259225A40
:109AB400925A025BF24B216182808946858BE314C2
:109AC400D7FAF9BF1C2011476385E7002D47E39AB5
:109AD400E7FC938AC19C83A70A00014A938B019DEA
:109AE400E9D303C70B00B3470A0863E4E700A5FC06
:109AF4004DBF03A50A00131B4A001C205A951821C8
:109B04006310F7021C31639D37011946CA850905A4
:109B14009770FF1FE780600F01C583A40A00DA94E1
:109B2400050AC1B783A9840059A80C4C13851900F0
:109B34009770FF1FE780600D85476317F50855454B
:109B4400EFE0DFE64DC1B1BF1C2011476385E7009C
:109B54002D47639DE700C8C470380505A30FC5FEF3
:109B64000C4C9770FF1FE780A0F8B5A888C4EDB728
:109B7400850403C70A00B3C7040863F8E70603258E
:109B84000A00139B44001C205A951821E312F7FE87
:109B94001C31E39F37FD1946CA8509059770FF1FDD
:109BA400E780A00671D583240A001C201147DA94AB
:109BB4006385E7002D47E397E7F683A9C4007C3863
:109BC40003C60900E303F6F64E859790FF1FE7806E
:109BD400C094683891659385E57105059790FF1FDA
:109BE400E780408735F1E39904E803C70A0083243A
:109BF4000A0081479306F00FE3F0E7E88C20138610
:109C040004016387D5008507B284B3C70708EDB79D
:109C1400E38404E61C20CA85138524009CA01C3020
:109C240019469CB09770FF1FE78080EC68389165F7
:109C34009385F57105059790FF1FE780A081E30DDB
:109C440005E218209147631DF700C8C47038050564
:109C5400A30FC5FE0C4C9770FF1FE78060E929BD78
:109C640088C4EDB701114AC806CE22CC26CA17C94A
:109C7400FF1F1309697A034779009307F00F630DF7
:109C8400F706AA8435C961459770FF1FE78020D77E
:109C94002A843DC19307000D1EA1D5473CA1BC30C9
:109CA400938584002EC63CB1DE205EA1FC207CA1FD
:109CB400E830EFE08FBAB24568B019461305840066
:109CC4009770FF1FE780C0E2FC24A285034579005A
:109CD4007CA49E281EA8BC283CA8BC383CB8DC2820
:109CE4005CA8DC385CB8FC287CA86244F240D2440E
:109CF400424905616FC01FF0F2406244D2444249B8
:109D040005618280411126C206C622C497C4FF1F82
:109D140093848470F8309307F00F6309F7022A8460
:109D240015C519459770FF1FE78060CDAA8519CD29
:109D34009307000D1EA1DD473CA15E202244B240E2
:109D44005EA1E830924441016FC0DFEAB240224490
:109D5400924441018280011126CA9384C19C9C4093
:109D640006CE22CC4AC84EC652C48DC32A89AE89B7
:109D7400131A45000144884063124403638A0904AA
:109D84009780FF1FE780607923A6019CF24062441C
:109D9400D2444249B249224A05618280B307850010
:109DA400884709C99780FF1FE78020779C40A297C6
:109DB40023A407009C40A297C84709C99780FF1FA6
:109DC400E780A0759C40A29723A60700410465B7CD
:109DD40055DD228681459770FF1FE780E0D79440C8
:109DE40081477D5613F7F70FE37227FB139747005C
:109DF400369710A38507FDB7797152CC138A819CDD
:109E040083270A0006D622D426D24AD04ECE56CA7A
:109E14005AC85EC6CDCF2A89938A019D814409ED33
:109E240083A6C19C91CA03C60A0081479305F00F1B
:109E340013F7F70F6369C702139534002105977070
:109E4400FF1FE780C0BB2A8415E921459770FF1FD7
:109E5400E780E0BA2A8425C1C5679387073D1CC102
:109E64002322040099A0139747003697182363050B
:109E7400B700850493F4F40F85075DBF930700FDD5
:109E84001CA18547A30025013CA124B1F1D81309E5
:109E94008500232225018149138BC19C930BF00F6C
:109EA40083C70A0063F3F90095EC83270A00A285AF
:109EB4008823EFC03FD403C50A008145693D0325CB
:109EC4000A009780FF1FE780406523A4019CB250DD
:109ED400225492540259F249624AD24A424BB24B3A
:109EE4004561828083250B0093974900BE959C2190
:109EF400638377032300F9009C3113052900FD14C3
:109F0400A300F9001946890593F4F40F9770FF1F15
:109F1400E78000BE2109850993F9F90F51B783A79A
:109F2400819CA9C7411122C406C62A8415E10945AA
:109F3400EFE0DFA72A8601C9854517C5FF1F034542
:109F4400A54DEFC0FFEC0545EFF06FE92A8411C978
:109F5400854517C5FF1F0345254CEFD00F94228577
:109F6400613DB24022440545410182800145828021
:109F740089679386B7006315D5009C45882345B748
:109F84009386C7006317D5009C458546882319C965
:109F9400FDB793861704E302D5FE93872704814611
:109FA400E304F5FE36858280011106CE22CC26CA52
:109FB4004AC84EC652C456C255CD3C312A8999CF9F
:109FC400444189CC5945EFE07F9E8149938A819C25
:109FD400131A45608347390063EBF900F240624489
:109FE400D2444249B249224A924A05618280838717
:109FF400840263C8470783A70A00A5C72685EFF034
:10A004007F8225C1882451059770FF1FE780209F18
:10A014002A8421C99307000D1EA1B5473CA19C20A9
:10A024001946938524003CB18387840215057CA1DD
:10A034009C30A30FF5FE9770FF1FE78060AB902460
:10A0440050A415C61305440108C89385940097705D
:10A05400FF1FE780E0A983A70A00A2858823EFC039
:10A064007FB985099384940293F9F90FA5B723283E
:10A074000400D5B783A7819CB5D3BD3B6244F240AD
:10A08400D2444249B249224A924A014505616FF0DD
:10A094000FD5797106D622D426D24AD04ECE52CCD0
:10A0A40056CA5AC85EC645CD3C312A899DC344412F
:10A0B4008DC05945EFE09F8F89048149938A819C23
:10A0C400130B00FDC14B131A45608347390063ED40
:10A0D400F900B250225492540259F249624AD24AC7
:10A0E400424BB24B456182808387D40063C44707E7
:10A0F40083A70A00A5C351459770FF1FE7802090EE
:10A104002A8429C923006501A300050023017501E0
:10A1140083C7E4FF1946A6853CB18387D40015059F
:10A124005CB583C7F4FFA30FF5FE9770FF1FE780AC
:10A13400209CFC20938574001305C4003CB419468C
:10A144009770FF1FE780C09A83A70A00A28588231F
:10A15400EFC05FAA850993F9F90FC104BDB783A7BE
:10A16400819CA5DB51392254B25092540259F249D0
:10A17400624AD24A424BB24B014545616FF02FC649
:10A18400797106D622D426D24AD04ECE52CC56CAA3
:10A194005AC85EC662C466C2630A05223C312A8973
:10A1A40095C7404105C45945EFE05F8009048149E2
:10A1B400138A819C914B354C17CB0100130B0B8BED
:10A1C400931A45608347390063EFF900B250225473
:10A1D40092540259F249624AD24A424BB24B224C3F
:10A1E400924C456182808307A40063CA5715832774
:10A1F4000A0063860714834CE4FF93F70C01CDC770
:10A2040093870CFF93F7F70F6369FC00B3C76721CB
:10A214009C43DA978287230F04FE1305E4FFEFF0D3
:10A224003F81630E05108347E4FF63EFFB1005478E
:10A234006398E70A51459760FF1FE780407CAA8432
:10A24400630F050E930700FD1CA1C147A300050081
:10A254003CA18347E4FF1946A2853CB18307A400CF
:10A2640015055CB58347F4FFA30FF5FE9770FF1F38
:10A27400E78000887C2419469305F400BCB4138558
:10A28400C4009770FF1FE780A08665A08547230F51
:10A29400F4FEA30A040051B78947230FF4FEB5BFA7
:10A2A4008D47E5BF9147D5BF93F78C0099C3AD4760
:10A2B400EDB713F71C0093F74C0011C799C39547EA
:10A2C400F9B7A147D9BF13F72C0011C799C3A54704
:10A2D4007DBF9947D9B799C3A947C1B79D4775BFF2
:10A2E400483851059760FF1FE7806071AA8421C92F
:10A2F4009307000D1EA1B5473CA18347E4FF19460F
:10A30400A2853CB18307A40015057CA18347F4FF13
:10A31400A30FF5FE9760FF1FE780807D5038D0A41F
:10A3240019C61385440188C88325640199BF23A8ED
:10A33400040083270A00A6858823EFC0BF8B850904
:10A3440093F9F90F7104BDBD4838130505029760F0
:10A35400FF1FE780C06AAA847DD19307000D1EA168
:10A36400C9473CA18347E4FF93FC0C061946B3E7B5
:10A3740097013CB18347F4FFA2851505A30FF5FEB1
:10A384009760FF1FE780C0767C2019469305F40090
:10A39400BCB47C3013853401DCA41C24DCB41C3430
:10A3A400FCA48307A400FCB45E249EA87C24BCA85F
:10A3B4009760FF1FE780C073503890BC09C61385AF
:10A3C4000402C8CC95B723AE0400A5B783A7819C2B
:10A3D400E38E07DEEFF05FA22254B250925402598A
:10A3E400F249624AD24A424BB24B224C924C01454A
:10A3F40045616FF0CF9E97C7FF1F83C72702A18BCC
:10A404001385019C91E301456FD05F9F2388019CD4
:10A41400FD5717C7FF1FA304F70023A6019C23A41D
:10A42400019C97C7FF1F938727DF170700001307B7
:10A4340067B498C317070000130747B7D8C31707B3
:10A444000000130747C598C717070000130787D3F1
:10A45400D8C717F7FFFF1307673198CB9387019C81
:10A4640017F7FFFF1307273998C317F7FFFF1307E1
:10A47400E71AD8C38280411122C426C206C61384B7
:10A48400019DAA8408208545EFF0FF8C97C7FF1F24
:10A4940083C7C7F8A98BADC717C5FF1F1305C5D759
:10A4A40004A0EFD05F959384C19C9C4099C74D450F
:10A4B400B2402244924441018280082019E10145BE
:10A4C400C5BF91659385B57112059780FF1FE7801D
:10A4D40060F888C069DD1020814512069760FF1F6F
:10A4E400E7808067142090408147FD5513F7F70FEC
:10A4F400E377D7FC1397470032970CA38507FDB782
:10A5040001452388019CEFD01F8F55BF03A5819976
:10A5140001CD411106C69780FF1FE7800000B240BD
:10A5240023AC0198410182808280011113057003DC
:10A5340006CEEFE0AFC72AC613058003EFE00FC7CE
:10A544002AC413059003EFE06FC62246B245F240D9
:10A55400AA86054505616F80D07F5D711305D00320
:10A5640086C6A2C4A6C2CAC0EFE04FC42A8413059B
:10A57400C003EFE0AFC3AA841305E003EFE00FC309
:10A584002A891305F003EFE06FC28A871377F50F6A
:10A594009376F90F13F6F40F9375F40F0545EF80D6
:10A5A400507CB6402644964406496161828001117C
:10A5B40022CC06CE26CA0D472E846317E504B83193
:10A5C400E947CA2197C4FF1F938404C36315F700A6
:10A5D400FE206387A7049780FF1FE780E06972204D
:10A5E40011C172A53A2416244E202830EFD0FFF56D
:10A5F4005A20FE206314F700FD57FEA00545F240E3
:10A604006244D2440561828009674D07AA87631CAE
:10A61400E500BC2131476385E7004547E390E7FE49
:10A62400EFD03F84E1BF31476319E50017C5FF1F31
:10A634000345D5DEEFD07FFCD1B713076002631961
:10A64400E50017C5FF1F034575DDEFD0DFFF7DB7BC
:10A6540041677D170145E394E7FAD831C947E31010
:10A66400F7FACC212A20300023140100EF40F043F4
:10A6740071B71971A2DC138481991C4086DEA6DAB5
:10A68400CAD8CED6D2D4D6D2DAD00545638A070C3E
:10A694009305F1051305F041EF50E17A9305F105B7
:10A6A4001305F041EF50217A97C7FF1F9387C7B472
:10A6B400BC230347F105B337F00011C389071840E1
:10A6C400BEC6283393054700EFD09F951840AAC40F
:10A6D4000D452C23AEC2EFE06FADAAC01145EFE0EB
:10A6E400EFAC832A04002ADE654503C7AA0003CB26
:10A6F400BA003ADCEFE08FAB2A846945EFE00FAB98
:10A70400AA847145EFE08FAA2A896D45EFE00FAA6C
:10A71400AA897545EFE08FA92A8A7945EFE00FA948
:10A724002648B6476257F256064696451375F50F06
:10A73400137AFA0F93F9F90F1379F90F93F4F40FCD
:10A744002ACC1314446002D002CE52CA4EC84AC660
:10A7540026C422C25AC093884A000545EF80505A45
:10A76400F6506654D6544659B659265A965A065B3C
:10A7740009618280411122C44AC006C626C21389D7
:10A78400919E834709001307E00F2E846382E70438
:10A794001307F00F6385E70211459760FF1FE780F9
:10A7A4000026AA8509CD930700FD1CA189473CA179
:10A7B400854700B13CB103450900EFC0AFC3F95769
:10A7C4002300F900B24022449244024941018280AC
:10A7D400AA8411459760FF1FE7806022AA857DD176
:10A7E400930700FD1CA1894700B13CA124B1224478
:10A7F400B2409244024903C5819E41016FC08FBF9C
:10A8040079714AD0138981998327090022D406D605
:10A8140026D24ECE52CC4544D5E797C4FF1F93842D
:10A82400A4BFDC204944958BD1CF2E8A9165238423
:10A83400A19EAA899385757131459780FF1FE78092
:10A8440060C12320A9004D4435CD23003501A30068
:10A8540005002946D28509059760FF1FE780402936
:10A864000327090091463C2363E7F606CD4691CFC2
:10A874000546F546638BC7000946C9466387C7008A
:10A884000D46C1466383C700D54634A393057100C2
:10A894001305F041EF50215B9C83C5E317C7FF1FED
:10A8A4000347A7958D47631AF708EFD0FF842C0060
:10A8B400EF50F0112800EFD0DFEA4545EFE00F8FAD
:10A8C40025E50144B2502285225492540259F2499A
:10A8D400624A45618280ED1793F7F70F9546054468
:10A8E400E3E2F6FE97B601009386C61BB3C7D720F2
:10A8F4009C43B697828789473CA319A0230107008C
:10A904006545EFE0AF8A9307F007E301F5F8032705
:10A9140009003C2393E707043CA38DBF8547E9BFA7
:10A924009947D9BF9147C9BF130600643306C502CE
:10A9340088209145EFC0CFCD69B7253B2A8451D1FA
:10A94400EFF0DFBC41B7011126CA938481999C4082
:10A9540022CC06CE4AC84944B1C39C230D44639F0C
:10A96400A70217C9FF1F130929AB0345090089452D
:10A97400EFC0AFF20345090091452392019EEFC059
:10A98400CFF19C400147814680B31306F10085470F
:10A9940085450145DC87EF80903B2A84F24022857F
:10A9A4006244D244424905618280011106CE22CC20
:10A9B40026CA4AC84EC685476318F5061384419EC5
:10A9C4001E20A1CB17C7FF1F0347478339E3130793
:10A9D400B003636CF70297C4FF1F9384E4A3882039
:10A9E4008945EFC08FEB122093070064882033065B
:10A9F400F6028945EFC0CFC12392019EF240624422
:10AA0400D2444249B24905618280938747FC1EA023
:10AA1400F5B783A78199FDD36244F240D2444249F9
:10AA2400B2498823056105B79389819983A70900F1
:10AA3400F1D717C9FF1F1309299E83474900918B3A
:10AA4400D5DF89476311F5062D45AE849760FF1F56
:10AA5400E780E0FA2A845DD1930700FD1CA1E54755
:10AA6400A30005003CA1BC3015051946230FF5FED3
:10AA7400DC2093855400A30FF5FE9760FF1FE78049
:10AA84002007034559009307F00F6315F50083A7CA
:10AA940009008823A2856244F240D2444249B24963
:10AAA40005616FC02F95034509008945EFC0EFDEAE
:10AAB4006244F240D2444249B2492392019E056164
:10AAC4006FF0DFA497C7FF1F83C74795958B89CB8A
:10AAD40083A7819D81CB8547A383F19E6FF0FFA45B
:10AAE4004945828041458280A383019E8545014575
:10AAF4006F80B02697C7FF1F83C74792958B91C776
:10AB040085472383F19E6FF05FA5494582802383A7
:10AB1400019E814505456F8010259307C01C63FC89
:10AB2400A700094582800945F2406244D244424963
:10AB3400B24905618280011122CC06CE26CA4AC8D8
:10AB44004EC62A8431CDAE89916521059385657100
:10AB5400334505089780FF1FE780C08FAA8461D51D
:10AB64001389019E0325090009C59780FF1FE7800B
:10AB7400C09A1385840088C02286814523209900C9
:10AB84009760FF1FE78040FD832709002286CE855A
:10AB940088439760FF1FE780A0F583270900C2A3BD
:10ABA40083A7819995CB97C7FF1F83C72787958B69
:10ABB40095C783A7019E91CF9843D6236244F24060
:10ABC400D2444249B24905468D45054505616F8029
:10ABD400901701478146DDB70145B9B74945A9B783
:10ABE4009307C01C63FCA700094582800945F24015
:10ABF4006244D2444249B24905618280011122CCA7
:10AC040006CE26CA4AC84EC62A8431CDAE8991657D
:10AC1400210593855571334505089780FF1FE7800B
:10AC24006083AA8461D51389C19D0325090009C5E0
:10AC34009780FF1FE780608E1385840088C022867A
:10AC44008145232099009760FF1FE780E0F0832768
:10AC540009002286CE8588439760FF1FE78040E97C
:10AC640083270900C2A383A7819995CB97B7FF1FB8
:10AC740083C7C77A958B95C783A7C19D91CF984306
:10AC8400D6236244F240D2444249B24905468D4536
:10AC9400054505616F80700B01478146DDB70145AD
:10ACA400B9B74945A9B79307C01C63F4A700094580
:10ACB4008280797122D406D626D24AD04ECE2A84F6
:10ACC40039CDAE89916521059385757133450508A4
:10ACD4009770FF1FE7800078AA840945A9C41389E7
:10ACE400819D0325090009C59780FF1FE780E08245
:10ACF4001385840088C022868145232099009760AB
:10AD0400FF1FE78060E5832709002286CE858843FC
:10AD14009760FF1FE780C0DD83270900C2A383A7D4
:10AD2400819989EB0145B250225492540259F24957
:10AD34004561828097B7FF1F83C7476E958B49454E
:10AD4400FDD36C001305D030EF602179B24793F73F
:10AD5400070FE9DB83A7819D9443D2238D450545E5
:10AD6400EF80607FC9B783A7019E89CFD2238C432C
:10AD7400411106C69760FF1FE78080D7B2400145A6
:10AD8400410182800945828083A7019E95C303A760
:10AD9400C19D894719CF52230C43411106C69760C0
:10ADA400FF1FE780E0D4B24081473E8541018280A5
:10ADB40089473E85828083A7019E95C303A7819D11
:10ADC400894719CF52230C43411106C69760FF1FD0
:10ADD400E78000D2B24081473E85410182808947A5
:10ADE4003E85828097B7FF1F83C74763918B99CFB6
:10ADF40041111385419D06C6EFD00F81B240FD5726
:10AE040017B7FF1F231DF73E4101828001456FC024
:10AE1400BFFFFD572384F19EF957A384F19EA383BA
:10AE2400019E2383019E2392019E23A0019E23AEB3
:10AE3400019C23AC019C97B7FF1F9387273F1707FB
:10AE440000001307271F98C317070000130727B62E
:10AE5400D8C3170700001307078298C717F7FFFF27
:10AE64001307E76CD8C717F7FFFF1307476F98CB93
:10AE740097F7FFFF9387E77323AAF19C8280411120
:10AE840026C2938481999C4006C622C495CB2A8409
:10AE94000D459760FF1FE78080B6AA8519C99307FF
:10AEA40000FD1CA18D4700B13CA19C408823EFB05C
:10AEB4007FD419C42244B240924441016FF00FE59B
:10AEC400B240224492444101828079714AD013896C
:10AED40081998327090006D622D426D24ECE638FC9
:10AEE400070C98338547AA8497B9FF1F9389C93003
:10AEF4006301F70483C749008DE70D459760FF1F81
:10AF0400E780E0AFAA8501CD930700FD1CA191471E
:10AF140004B13CA1832709008823EFB0BFCDEFF033
:10AF2400EFDE0545B250225492540259F24945616C
:10AF3400828083A7019E89CB9443D2239305E100A9
:10AF44000545EFC0BFF611ED0145EFD03FA62A86B7
:10AF540031C2894517B5FF1F0345054CEFB05FEBC0
:10AF640015A81C21858BEDD30545EFD03FA493078D
:10AF7400B0032A8463FFA7025D6613060670894541
:10AF840017B5FF1F03454549130444FCEFC0EF8880
:10AF94002392819E83270900094798B383C74900F8
:10AFA40091C797B7FF1F238B0724A5BF2685C13DF3
:10AFB4008DBF930700643306F50259BF01459DB761
:10AFC400411122C42A840D4506C69760FF1FE780FD
:10AFD40000A319CD930700FD1CA1CD4700B13CA1EE
:10AFE4002244B240AA8503C5819E41016FB09FC02F
:10AFF400B240224441018280411122C42A840D4579
:10B0040006C69760FF1FE780809F19CD930700FD58
:10B014001CA1ED4700B13CA12244B240AA8503C55E
:10B02400819E41016FB01FBDB24022444101828024
:10B034005A210111896606CE22CC26CA13866600DF
:10B04400AA876316C7009C4701458C2351A8138621
:10B0540006046365E60413865603636FE6001386ED
:10B0640096006307C7081386A6006303C712A106E8
:10B074006305D706014585A8F9769386A6FC36971D
:10B08400A94633470708E3E7E6FE97B6010093862F
:10B09400E6A23347D720184336970287138616054E
:10B0A4006309C71693862605E316D7FC1C4580233F
:10B0B40083C7619E2285639107160D459760FF1F24
:10B0C400E780E093AA8519CD930700FD1CA1F14701
:10B0D40000B13CA103C5819E05AA9C4705458C236C
:10B0E400EFF04FE90545F2406244D24405618280A5
:10B0F40003A78199014565DB9C47882359E585476A
:10B104001CB30545EF80203BF1BF1C459384919E01
:10B114001307E00F80239C20638BE7021307F00FD3
:10B124006384E70211459760FF1FE780408DAA857D
:10B1340001CD930700FD1CA1894700B13CA1A301E7
:10B1440005008820EFB01FABF9579CA061BF938422
:10B1540081999C400145C1DB05E805447D45408556
:10B16400EFD0DF84688613050002EFD03F849C4053
:10B17400C8851307B10080B374001306A100854588
:10B184000545EF80C03CB9BF2285EFF05FCF99BF82
:10B194009C476244F240D244882305616FF0FFD299
:10B1A4001C4509458C232DBF1C4588232DE16C00CB
:10B1B4001305D030EF606132B247414793F7070F70
:10B1C400E382E7F29305B10013056031EF60E130EB
:10B1D40088858545EF80603831B71C45802383C757
:10B1E400719E22858DE70D459760FF1FE7802081C2
:10B1F400AA85E30905EE930700FD1CA1D14700B120
:10B204003CA183A781998823EFB0DF9EE1BD4D3B2C
:10B21400D1BD1C45882319C1C533E9B5854505450C
:10B22400EF806034C1B5411122C417B4FF1F034439
:10B23400E41E06C6158809CC17B5FF1F130505FFC4
:10B24400EFC03FBC4D44B24022852244410182807C
:10B254000145EFC01FBBC5BF9821937625009377A6
:10B26400D70F99C29367270093F6F7071317456022
:10B274006354070093E607081378850093F7760F65
:10B284006304080093E786009376050299CE93E75A
:10B2940007029CA1635707001C2293E7C7001CA266
:10B2A40082801375A5026DF9828093F7F7FD9CA146
:10B2B400E34407FE9377A502E5F37DF11C22CD9BC1
:10B2C400F9BF2D45631C0710011126CA4AC84EC692
:10B2D40006CE22CC9821BE8989472E89B684631E66
:10B2E400F704DC413284983394232207558F8D660A
:10B2F400938746A01316576063C9C7029386F69FC7
:10B3040063DDC602F5779387F75F3E978D47C8459F
:10B314003347070863E7E70297A601009386C67CD4
:10B324003347D7201C43B6978287938766AA630E58
:10B33400F608938686B8630FD60823900400054563
:10B3440025A09760FF1FE7804084334605083356E5
:10B35400360B92A08325C9001DA01E2109479AA07F
:10B364001CA0A1831CB00145F2406244D24442496E
:10B37400B2490561828099479EA01946AA85228513
:10B384009750FF1FE780C076F9BF85479EA01C2118
:10B394001CA0D1BF05C9A1479EA01E211CA01E212F
:10B3A400A1831CB03E213CA03E21A1833CB05E2180
:10B3B4005CA05E21A1835CB07E217CA07E21A18360
:10B3C4007CB055B72390040079BF85479EA0DC4527
:10B3D4009C237DBFE1479EA06146ADBF8280797109
:10B3E40022D44AD006D626D24ECE52CC56CA3A8958
:10B3F400982189472E84631DF7025C40B684B28588
:10B4040003C8170094238D6722083368D8009386F5
:10B4140027A0131858606301D8102A8A63CC060148
:10B42400938607A0630BD802938717A0630CF808D0
:10B43400854711A8138737A06309E80A138767AA09
:10B444008D47E317E8FEB250225492540259F24950
:10B45400624AD24A3E8545618280484432C697504A
:10B46400FF1FE78080729D4733450508E36D25FD86
:10B47400938AC19F83C70A00B3099900B24563D474
:10B484003701B547C9B748442686B3C909084A9560
:10B494009750FF1FE780C06503C60A0048448145F2
:10B4A4000506330636414E959750FF1FE780C06A64
:10B4B40083A701A099E3814779B79C438145E5DFE0
:10B4C400528515A0AD47E31009F8E39CE4FA1C3259
:10B4D4001822A207D98F58441EA383A701A0E1DF35
:10B4E4009C438545E9DB8297F9B703C7719F8D4774
:10B4F40039DBAD47E31909F49947E394F4F8484478
:10B5040019469750FF1FE780A05E83A701A0C5D707
:10B514009C43D5D38D456DB703C7E184218B8D47FB
:10B524001DD3AD47E31109F28547E39CF4F41822D7
:10B5340093070008E3E9E4F05C4498A3ADBF41112C
:10B5440022C40944A3888184A387818423878184B6
:10B5540023A001A02385019E238E019E239D019E8D
:10B56400A38B019EA147194681451385019F06C6F9
:10B57400A386F1849750FF1FE780005E23868184B1
:10B58400B707A00013874184938707051CC3B70737
:10B59400E8035CC32380818485476146814517B5F0
:10B5A400FF1F1305E5DCA38FF182238F8182A38E15
:10B5B40081822386019E9750FF1FE780E05913067E
:10B5C4000013814517B5FF1F130585C7238E81829C
:10B5D400A385019E9750FF1FE78000589797FF1F90
:10B5E400938747BEB2402244170700001307A7CD34
:10B5F40098C3170700001307C7DED8C323A40700A6
:10B6040041018280797122D426D206D64AD04ECE08
:10B6140052CCA1472E84B28463EBA70017A7010084
:10B624001307874D3345E5201C41BA97828793075A
:10B634001008630CF51863ECA70093072004630A51
:10B64400F51493070008630DF514094581A09307C9
:10B654002008E31CF5FE85476399F50208229377D9
:10B66400250085E783C7619F1387F7FF97B5FF1F01
:10B67400938505BD120792072E97A1075047BE95E3
:10B6840091A29307800F63FBB7006145B250225427
:10B6940092540259F249624A45618280138A0185B3
:10B6A40083470A0017B9FF1F130989B99207CA977C
:10B6B400C84719C59770FF1FE78020E6238E019EB7
:10B6C400130614001376F60F916593850571328580
:10B6D40083490A0032C69770FF1FE780A0D78347CB
:10B6E4000A009209CA99920723A6A900CA97C847D3
:10B6F40049DD324681459750FF1FE780E045834787
:10B704000A002286A68592073E990325C900975010
:10B71400FF1FE780E03D238E819E014585BF894759
:10B72400E395F5F61E22239DF19EC5BF8547E39E52
:10B73400F5F41C22A38BF19ECDB79947E397F5F45A
:10B744001946A6851385019F9750FF1FE780403A4D
:10B75400E9B7A147E39BF5F22146A6851385418409
:10B76400E5B78547E393F5F21C22A38FF18275B701
:10B77400E147E39CF5F06146A68517B5FF1F130565
:10B7840025BFD9B78547E392F5F01C22A385F19E26
:10B7940069B78547E39BF5EE1C222387F184B5BF87
:10B7A4008547E394F5EE83C701851387F7FF97B5C3
:10B7B400FF1F9385E5A812072E979207504788200C
:10B7C400A107BE95EFF05FA989BF8547E39FF5EA1E
:10B7D40083C7819FD9BF630F052E9387A19E9823AA
:10B7E400631A072E054798A397B7FF1F938747A5AA
:10B7F400894698A717B7FF1F231907A41387418DFC
:10B8040094A393860191D8C7D4C37D576302E52CD2
:10B814001377150085450DCF17B6FF1F231F06A20A
:10B824000947938681901386118598ABD4CBD0CFEA
:10B8340085462388E1842380E7021387C18FD8D308
:10B8440094AF2384D70217B7FF1F231007A28D4597
:10B854001377250031C7139745003E97938681904F
:10B86400094654C31388F184854610A314A72326DC
:10B874000701231507001387150033470708238C96
:10B88400E19E12073E9710A314A71386818F938617
:10B89400A19F890550C32315070054C7B3C50508E4
:10B8A4001377450031C7139745003E9793868190DF
:10B8B400094654C31388E184854610A314A723269C
:10B8C4000701231507001387150033470708238B47
:10B8D400E19E12073E9710A314A71386418F938607
:10B8E400719F890550C32315070054C7B3C50508C4
:10B8F4001377850021C7139745003E9713868190DF
:10B9040050C30546894610A71386D18414A3231572
:10B91400070050C7138715003347070812073E97DF
:10B9240014A39386018F54C3A14614A79386019F41
:10B9340089052315070054C7B3C505081377050106
:10B9440021C7139745003E9793868190094654C3B7
:10B954001388C184854610A314A723150700232642
:10B964000701138715003347070812073E9710A3F2
:10B9740014A71386C18E93864184890550C3231569
:10B98400070054C7B3C505081377050221C71397E9
:10B9940045003E9793868190094654C313880184D9
:10B9A400854610A314A72315070023260701138730
:10B9B40015003347070812073E9710A314A71386F0
:10B9C400418E9386F183890550C32315070054C71C
:10B9D400B3C505081377050421C7139745003E979F
:10B9E40093868190094654C31388E183854610A346
:10B9F40014A72315070023260701138715003347CF
:10BA0400070812073E9710A314A71386818E938606
:10BA1400C19E890550C32315070054C7B3C5050843
:10BA24001377050831C7139745003E971386819015
:10BA340050C35146894610A71386D18314A32315F6
:10BA4400070050C7138715003347070812073E97AE
:10BA540014A39386018E54C3854614A797B6FF1F7B
:10BA64009386069189052315070054C7B3C50508B5
:10BA74001375051039C1139745003E97938681903D
:10BA840054C3094685461385C18310A314A72315FF
:10BA9400070048C713871500334707081207BA97EA
:10BAA4001387018ED8C31387B19E890590A394A7E9
:10BAB40023950700D8C7B3C505089786FF1F93864B
:10BAC4006670414617A5FF1F130585776F10B032C6
:10BAD4004D4599B3014582800111FD1522CC06CE56
:10BAE400328426CA3E864AC813F8F50FAD4763E888
:10BAF400070B3A8917A70100130747023348E820C8
:10BB040083270800B684BA9782878545EFC00FCC97
:10BB140001E5EFF04FF10145F2406244D24442495D
:10BB2400056182808945EFC06FCA7DF52285EFE00B
:10BB34009F94D5B7914532C6EFC04FC9324669FDCF
:10BB4400CA852685EFC02FBFEFF0EFEDEFF08FA988
:10BB5400EF40F042C9B7A14532C6EFC02FC7324605
:10BB640045FDCA852685EFC00FBD2285EFE0BF9055
:10BB7400EFE07F88EF40D03E79BFB14532C6EFC0D9
:10BB8400EFC4324651F9CA852685EFC0CFBA228563
:10BB9400EFE07F8EEFE03F86EF40903C75B70945BC
:10BBA400A5BF0145828017B7FF1F034777878147E9
:10BBB40063E4E70001458280922193864500631483
:10BBC400A6002E8582808507B685DDB71DC5411187
:10BBD40022C406C638219307D00F2A8463EBE700FA
:10BBE4000E2128310147F9465D46EF606150F9574F
:10BBF4003EA0B240224441018280828017B7FF1FD9
:10BC0400034717828147FD5663E3E700828016A14C
:10BC14002301050085071105C5BF01458280938571
:10BC240011869307000285469CA1FD572380F18667
:10BC3400A38FF184238FF184239ED184239001A2C6
:10BC440023AE01A023AC01A023AA01A01386418541
:10BC5400938741915CC2238201A09787FF1F93873A
:10BC6400E757094718A298A398AB2380E7022388D3
:10BC7400E7021387019094A7D0C794AFD8DB13854C
:10BC840001910D47138681909386C18D238CE70221
:10BC9400C8C323950700D0CB239D0700CCCFD4D3B2
:10BCA400238407022395070223A60702239D070284
:10BCB40003A781A0D8DF9787FF1F938767511707D2
:10BCC40000001307E70A23A00700D8C323A4070032
:10BCD4008280411106C6C13D09C52821B2404101F7
:10BCE40082800145E5BF411122C426C24AC006C66E
:10BCF400AA842E893284453DAA8709E94165CA850B
:10BD04007D155535AA87454581C786A3A0A301455E
:10BD1400B2402244924402494101828015EF09480D
:10BD24003547639C0603011106CE22CC182210323B
:10BD34002206598E32C6B377F64095E3CC452A8461
:10BD44002EC4413F32460147630DC500228562443B
:10BD5400A245F240056141BF2D473A858280130711
:10BD64000008F24062443A850561828083C8050078
:10BD7400094863900803DC4103C807009C33A20709
:10BD8400B3E707010D6813082890639407018947F6
:10BD940071B70545828001114EC606CE22CC26CA53
:10BDA4004AC89389F18503C709009307F00F630F0D
:10BDB400F7022A892945AE8432849750FF1FE78011
:10BDC40000C4AA8505C59307100B1EA12302050014
:10BDD40002A562442311250166A1F24003C50900AE
:10BDE400D2444249B24905616FA0DFE0F2406244A7
:10BDF400D2444249B24905618280411126C2AE84CF
:10BE040083A581A022C406C62A84E135098909C90B
:10BE140022852244B240A685924441016F60015BB1
:10BE2400B24022449244054541018280411122C41A
:10BE340026C24AC006C6AA84130445001309850B0A
:10BE44001E209DC3084409C59760FF1FE780E06C6E
:10BE54002285314681459750FF1FE780E0CF3104AA
:10BE6400231A04FEE31E24FDB2402244FD579EA083
:10BE7400024992444101828097A6FF1F83C6565A05
:10BE840083A701A101476394E600014582808E23C4
:10BE94001386870B6394A5003E858280050713777C
:10BEA400F70FB287CDB7AA8703A581A101C95A218B
:10BEB4006314F700084582800841CDBF8280411198
:10BEC40006C6D53709C50845B240410182800145FF
:10BED400E5BF797122D41384450026D24AD052CCCE
:10BEE4005AC82E8A06D64ECE56CA5EC622892287E4
:10BEF400014B814481468147BD45122345CAB5EEB5
:10BF040046233E23B286A697B3C70708050B31071D
:10BF1400E315BBFEADC49165938545702685976096
:10BF2400FF1FE7802053AA8B39C90C44D1C9814A29
:10BF34008149522033853B019750FF1FE78040BB66
:10BF44005E200844BE99B3C909089760FF1FE780C3
:10BF5400C05C63980A003109854A832589004A84B4
:10BF6400E9F9314681452285850A9750FF1FE7800C
:10BF7400A0BE63826A053109CDB7630ED6000145C0
:10BF8400B250225492540259F249624AD24A424B64
:10BF9400B24B456182803223E313F6FE5223B294FE
:10BFA400B297B3C40408B3C707088DB78547E3E362
:10BFB40067F70545F1B723267A0123149A00D5BF04
:10BFC4001309C400854A814949BFAA8703A541A131
:10BFD40011E1828018453A276314F7001105828025
:10BFE4000841FDB7411106C6CD3709C50A21B24043
:10BFF400410182800145E5BF411106C6F93709C5F3
:10C004002821B240410182804145E5BF411122C44B
:10C014002A84090506C6EF60811BFD573CB0B24077
:10C02400224441018280411122C4416406C626C2D1
:10C034009307E4FF6301F502AA849DE19770FF1F53
:10C04400E780E0BC09E91305F4FF9770FF1FE78060
:10C0540000BC11C106A1B240224492444101828035
:10C0640085476391F5049770FF1FE78040BA2A84DF
:10C074007DD1FD571EA13C201307F00F6381E70219
:10C084001307E00F6389E70028300147F94651465A
:10C09400A685EF60E1052285953FFD573CA023026C
:10C0A400040055BF8947E398F5FA8545EF30A0535E
:10C0B4005DF126859770FF1FE78060B52A8445FDF2
:10C0C40059BF5D71A2C4CAC086C6A6C24EDE52DC88
:10C0D40056DA5AD82E84AC21F9472A896391F5049B
:10C0E4009770FF1FE780A0B22A8419CD38219307E7
:10C0F400D00F63EBE70028310147F9460146CA85B2
:10C10400EF50117F228519370145B64026449644E5
:10C114000649F259625AD25A425B61618280832A8B
:10C124000400B7070001938707F037071200B3F73D
:10C13400FA0013070710B28981446388E7022EC608
:10C144009770FF1FE780A0ACB245AA8419CD502197
:10C1540009CE93174660E3C907FA4A85EF60A10147
:10C16400DC2093E707F8DCA045B7138A0186034770
:10C174000A009307F00F1945E309F7F8E147E3E6EE
:10C18400B7F893D71500FD1717A701001307C7A128
:10C19400B3E7E72003A80700E30908F603AB470069
:10C1A400E3050BF6B3CA0A0863850A00C947E39E90
:10C1B400F5F4562010440C3008203808029831F564
:10C1C4002C084A85029B1DCD183021F33820230A00
:10C1D400A100B9472308E1006314F702E24798235A
:10C1E4009C33A207D98F0C084A85FC81EF50912219
:10C1F40001DD14080546D9454A85EF60210231B7AF
:10C20400BC84D5B734209147E380F6F003450A0097
:10C2140038080146CA85EF50B16DE31805EE2C20AD
:10C224002808EF50116819C1238009001840B70786
:10C234000001938707F07D8FB707120093870710DB
:10C24400E304F7ECE38204EC3C2031BF411122C447
:10C2540006C62E849770FF1FE780609B09C95C2186
:10C26400138717006315E40093F707F85CA1B24045
:10C27400224441018280397152D42E8A4ED69305CC
:10C28400E100AA89528522DC4AD856D25AD05ECE21
:10C2940006DE26DA3289368BBA8BBE8A9770FF1F88
:10C2A400E7802099054425C1AA8428873944EFF002
:10C2B4009FBF31C90328450063070804D6875E87FA
:10C2C400DA864A86A6854E8502982A840DED930760
:10C2D400E00F638AFA02982089476316F702DC406C
:10C2E40098239C33A207D98F0D6713072790639C6B
:10C2F400E7008347190003460900D285A2075D8E33
:10C304004E85EFF05FA9F25022856254D25442590F
:10C31400B259225A925A025BF24B2161828079719E
:10C3240022D422214ECEAA89228556CA06D626D2E6
:10C334004AD052CC5AC85EC662C4AE8AEFF0DFB3AC
:10C3440005E52285EF50F151594411E10144B25001
:10C354002285225492540259F249624AD24A424BEB
:10C36400B24B224C4561828003C78900854763072D
:10C37400F700EFF0BFAB03D52900E9B7AA85AA847B
:10C3840013858900EFF0FFB42A840DCDFA2096249A
:10C39400D044CE2003D52900E147F13DD9472A8472
:10C3A4006318F50023A604002685EFF03FA879BFA3
:10C3B40019E126857DBFDE2026852390FA00EFF063
:10C3C400FFA671B713894400014AB94B594C3D4B40
:10C3D4008355090085CDE14763077A010357C900F6
:10C3E400D94711E3E147035729008356490003263F
:10C3F400890003D52900EFF01FE82A846310850320
:10C4040023240900050A3109E3146AFD2685EFF0A7
:10C41400FFA135D0D947E31CF4F20DBF65D583578E
:10C4240009002390FA00F9BF011170879307E00F08
:10C434001306E1000147894606CEEFF0DFE3F24040
:10C444000561828079714AD00359850022D426D2AD
:10C454002A84AE844A859305210106D69760FF1F7E
:10C46400E780207D79C51C252AC693F707029DC75E
:10C47400A881EFF0DFA4B245AA8711E92390240133
:10C484003945B250225492540259456182802A207F
:10C494004946829701C51E249EA0E5B7035924008E
:10C4A4004A85EFF07F9D01ED41657D15EFF0DF9C3E
:10C4B40009E51E2425459EA0E9B72310250113078D
:10C4C40045008147BD46122339EE3147B387E70261
:10C4D4009305840031462EC691073E959740FF1F71
:10C4E400E7800061B245314648089740FF1FE78066
:10C4F400206052242A2041478146DD45EF50D15D1A
:10C504002ACE09E51E2445459EA0A5BF0C48522409
:10C514009740FF1FE780C05D2A204C08EF50313060
:10C524002DD15945B9BF85073107E39ED7F8254575
:10C534009DB705458DB7797122D42A840A254AD03E
:10C544002E899305E1004ECE06D626D2B289976095
:10C55400FF1FE780006E2DC91C25AA8493F70702EC
:10C564008DEF18389307200511E35C2036245044DE
:10C574000E242A200147EFF01FD021E11C38B9E333
:10C584002A20EF501126AA8759458DCFB250225444
:10C5940092540259F249456182802887EFF03F9214
:10C5A400AA870DC52A204946A68582975DD91E24EF
:10C5B4002310F9001C3899E7D1BFD947E319F5FED8
:10C5C400238009000145D9B70545D5B73945C5B715
:10C5D400797122D44AD04ECE52CC56CA06D626D22F
:10C5E400AA892E8AB28A36899760FF1FE780206263
:10C5F40009440DC53C211307E00FAA845D44638FF1
:10C60400E7001307F00F5944639AE70063920A02A4
:10C61400D2854E85EF50B1252A8421C1B25022859E
:10C62400225492540259F249624AD24A45618280A4
:10C6340003550A009305E100231701009760FF1FCB
:10C64400E780205F2887EFF03F9BAA8505464E854B
:10C65400EF2070592A844DDDD1B79307F00FE30F13
:10C66400F9FA938624007946A68517F5FFFF13058A
:10C674002556EF501135A38124014DB7797126D287
:10C684004ECE52CC56CA5AC85EC606D622D44AD01A
:10C6940062C466C2AA8A2E8BB28B368ABA8983A4F4
:10C6A40041A1B9C0804483DC44000149035CA40077
:10C6B400631499018440F5B73E2463F757010509D3
:10C6C400410433490908EDB7E36BFBFE63090A0033
:10C6D4000C204840D2865E86EF50212E6DD16384B3
:10C6E400090023908901A284B25022540259F249CC
:10C6F400624AD24A424BB24B224C924C2685925407
:10C70400456182809A21B621854763E0E60415CF0E
:10C71400D42101111386550022CC138501912E8456
:10C72400894506CE32C6EF504129C14711C954206C
:10C7340032462E200A2001479137A94711C181476B
:10C74400F24062443E85056182803E8582802E8669
:10C754000A22AE21854763E1A50219CD5422411175
:10C764000147150606C6EFF07FF1A94711C18147BD
:10C77400B2403E85410182803E8582802E860A2217
:10C78400AE21854763E1A50219CD54224111014729
:10C79400150606C6EFF09FEEA94711C18147B240C6
:10C7A4003E85410182803E85828039714ED6BE210C
:10C7B40083D9050006DE22DC26DA4AD852D456D2C2
:10C7C4005AD05ECE62CC66CA63E437152A8A054520
:10C7D40063830912416BAE8A2314010002C601442B
:10C7E40001497D1B894B054CC94C83D52A0001475F
:10C7F400814601464E8523130100EFF03FE8AA84E9
:10C8040071C509EC13072002930661005A86954509
:10C814005285EF50712C2A84630E050E38849C20B7
:10C8240025C718856301870541476394E70ABE2439
:10C834004146130524001CA0BE24A1831CB0CC4097
:10C844009740FF1FE780C02A49043C848507B3C78B
:10C8540007087C8463FC2707BE246389670785096E
:10C86400B3C9090859B763967707BE240946130567
:10C8740024001CA0BE24A1831CB0CC409740FF1F01
:10C88400E78000271104D1B722C603596100B824F8
:10C8940013052400638F770133599903230571012C
:10C8A40018A0BE244146A1831CB0CC401379F90FD3
:10C8B40041BF2305810118A0BE241359290013790F
:10C8C400F90FA1831CB0CC4009464DBF3C842945D7
:10C8D4009DC32C005285EF50E14309CD3400154629
:10C8E400D9455285EF50911311C532459760FF1F0A
:10C8F400E780A0C20145F2506254D2544259B25961
:10C90400225A925A025BF24B624CD24C21618280D1
:10C914000545D5B74545C5B7411122C406C626C24B
:10C9240093F705022A84328585C3EFF0EFECAA85DC
:10C9340005462285EF20302B95476305F500BD475A
:10C944006315F502214515A093F78500B6849DC3B0
:10C95400EFF08FEAAA8505462285EF20D02809C585
:10C964009C3481C79C2491C30145B2402244924423
:10C97400410182809397456063D70700EFF0CFE7CA
:10C98400AA850146D1BF89890D45F9FDF9BF7971A1
:10C99400AE8622D42A848A229305E10106D636C6BD
:10C9A4009760FF1FE780E02809C90C2522852254DF
:10C9B400B246B087B250456185B7B250225405459E
:10C9C40045618280411122C406C693F705022A8478
:10C9D40032858DC3EFF04FE2AA8505462285EF200C
:10C9E40090201547AA876305E5003D47631DE502CE
:10C9F400A14715A893F7850099CBEFF0EFDFAA853F
:10CA0400054622852244B24041016F20D01D139770
:10CA1400456063570700EFF02FDEAA850146D5B7BE
:10CA2400898991E18D47B24022443E85410182804B
:10CA34007971AE8622D42A848A229305E10136C60E
:10CA440006D69760FF1FE780C01EB24601C90C25B9
:10CA540022852254B087B2504561ADB7B2502254FA
:10CA64000545456182803E257971416722D426D2ED
:10CA74004AD04ECE06D6231701007D17AA843284ED
:10CA840036898149638DE7009420D04013851700CF
:10CA94001307E10033450508EFF05FBEAA8994202F
:10CAA400D040894513850191EF40317115C5A22409
:10CAB4002285EFF02FD309C57D142A94334404084A
:10CAC4006304090023108900B2502254925402597D
:10CAD4004E85F249456182809420D0408945138572
:10CAE400C190EF40916D61F59420D0408945138544
:10CAF4008190EF40916C11C9E38C09FA3C87E3996A
:10CB040087FA03D4A9007D1455BFA22455BF3971F7
:10CB140022DC26DA4AD84ED652D456D25AD05ECE29
:10CB240006DEBE8B9C252A8AAE84C18BB28A3684EB
:10CB34003A89C289468B9DEF942089476383F60620
:10CB44005685EFF04FB605CD8328050063890802AA
:10CB540022866254F250925A5A88CE87025BB259A6
:10CB64005E87CA86F24B4259A6855285D254225A10
:10CB7400216182883285EFF08FB4AA8709ED3945A7
:10CB8400F2506254D2544259B259225A925A025B18
:10CB9400F24B216182802946A6855285829749DD20
:10CBA400C5B7DC4003C3170098238D6722033363A2
:10CBB400E3001386479013175360E343E6F81386A4
:10CBC400F78F634BE60293862780630FD70863C809
:10CBD400E604F977938707803E9385473343030838
:10CBE400E3E067F62D45E39D0BF8DC449023CC434A
:10CBF4002310C90022850DA2F5779387F76F3E9322
:10CC04008D473343030863EE67101797010013073A
:10CC1400E7F33343E32083270300BA97828793879C
:10CC24003780E31FF7F02D45E39C0BF48547231071
:10CC3400F900DC4481459C231CA0AA240505334546
:10CC440005089760FF1FE780C0FE835709005DE574
:10CC540091072310F90011468145130514009740EC
:10CC6400FF1FE78060EF71A02D45E39B0BF0DC44D0
:10CC74006C0083C917009823A209B3E9E90011479E
:10CC84002310E9009C234E851CA0DC449C331CB07B
:10CC94009760FF1FE780E0F9AA8431CD3086C16533
:10CCA4009306E100FD158329C500EFF0DFDB19E9E8
:10CCB4009420D04089451385C190EF40115019E16B
:10CCC400FD577C8703C7090089476310F70283A5D2
:10CCD40049000946130544009740FF1FE78040E1DF
:10CCE4008357090089072310F9003C873CA0A183DE
:10CCF4003CB0014571B523173101C5BF182189071F
:10CD0400BA972310F9003E251CB03E25A1833CA010
:10CD140010214C41130534009740FF1FE78040DD8C
:10CD2400C9BF2D45E39E0BE42310D900DC449C23AA
:10CD34001CA0DC449C331CB06DBFC8449740FF1F4B
:10CD4400E780A0E4334705081D45E36B77E3638080
:10CD5400EB02B386790163C6E60033077741B34932
:10CD64000708CC44231039014E86DE9561B581490C
:10CD7400CDBF2D45E3960BE0CC445285EFE07FF523
:10CD840089472310F90008A0218108B09DB72D45DB
:10CD9400E3980BDE89472310F90049BF2D45E39141
:10CDA4000BDEDC441D472310E900982318A09833B8
:10CDB40018B0BA2338A0BA23218338B0D82358A096
:10CDC400FA2358B0FE23A1837CA025B75D71A6C2C7
:10CDD400AA842A214EDE52DC56DA5AD85ED662D4B0
:10CDE40066D26AD06ECE86C6A2C4CAC0AE8AC16BF1
:10CDF400EF40D150130CF5FF2A8A8149979DFF1FFC
:10CE0400938D8D58938CC1A1138B01A2FD1B334DBF
:10CE14000C08DE2463F6F90083D70D0063CD870187
:10CE2400AA209795FF1F93852556EF50A1102A84B9
:10CE34001DCD59442DA89C449305E100B3A7F920C6
:10CE440003C917009C2322093369F9004A859760B6
:10CE5400FF1FE78000DEAA851DE923902A0103A5B0
:10CE64004D0009C59750FF1FE780206B0544B6406D
:10CE74002285264496440649F259625AD25A425BA4
:10CE8400B25B225C925C025DF24D6161828083C878
:10CE9400440083A60C003087AA206A8881475A87F9
:10CEA400EFF0FFC62A8419C923902A0103A54D0077
:10CEB4005DDD9750FF1FE780406655BF83A74D0097
:10CEC40099EFAA20514781465E86BD45EF50C14087
:10CED40023A2AD0009E523902A01454449BF83D725
:10CEE4000D0003570B003E97634747013307FA4091
:10CEF4007D172310EB0003A54D0003560B0083A5FB
:10CF04000C003E9585099740FF1FE78060BE83D7DC
:10CF14000D0003570B00B3C90908BA972390FD000D
:10CF2400CDBD397126DAAA842A214ED65AD006DE1E
:10CF340022DC4AD852D456D25ECE62CC66CA6AC8C3
:10CF44002E8BEF40B13BAA89D424AE248A247800E6
:10CF54001386D400EFF08FF205C1938BB9FF2A84B6
:10CF6400E5190149138CC1A1938C01A233CA0908A4
:10CF740063497901631B09109E2429452310FB0092
:10CF84009DA8035DC10083C8440083260C00AA2029
:10CF94005288814766876A86A285EFF05FB719C910
:10CFA400AE2422859306E1006A86EFF0DFAB2A8483
:10CFB40061F0C9B783D70C009228E313F6FE8325EA
:10CFC4000C00C8489740FF1FE78020C471D9979987
:10CFD400FF1F9389693B83A7490095EFAA20416607
:10CFE400454781467D169D45EF50012F1DE19E2446
:10CFF40045452310FB00F2506254D2544259B259B1
:10D00400225A925A025BF24B624CD24C424D21613D
:10D01400828023A2A900AE24835AA4002285930609
:10D02400E1006A86EFF03FA42A84E3830AF883A729
:10D0340049001307190033470708CA97238057018B
:10D0440083A7490093DA8A0093062900BA972380BC
:10D05400570113073900110983A74900B3C606080D
:10D06400334707083349090811C93087B69790A395
:10D0740083A749002182BA9790A3DDBDB697FD56D8
:10D0840094A383A74900BA9794A3AA209795FF1F56
:10D094009385852F1359290023902501EF401153BF
:10D0A40039D9594589BF411122C406C693F70501F0
:10D0B4002A84328585C3EFE03FF4AA85054622859C
:10D0C400EF20603295476305F500BD47631DF50207
:10D0D400214515A893F7450099CBEFE0FFF1AA8508
:10D0E400054622852244B24041016F20C02F93F7A8
:10D0F400050491C7EFE05FF0AA850146DDB713C5CB
:10D10400F5FF05890605B240224441018280797108
:10D1140022D426D252CC06D64AD04ECE56CA5AC8AB
:10D124002A8AAE840144DE206364F400014581A0B0
:10D1340083AA04009319140013891900B3275421F6
:10D1440003CB0700B3872A0188239305E100220556
:10D15400336565019760FF1FE780A0AD1DE1238063
:10D164006A019C4005453E990347090098B3B250B3
:10D17400225492540259F249624AD24A424B4561BE
:10D1840082800C2530875285EFF0FFF101CD9C4061
:10D19400BE9903C7090098A39C403E990347090020
:10D1A40098B3F1B7050433440408B5BF0111AE8741
:10D1B40022CC2A848A239305E10006CE9760FF1FC0
:10D1C400E78020A709C90C25228562443087F240F4
:10D1D40005616FF05FEDF2406244054505618280B0
:10D1E40039715AD02A8B2A2126DA4AD806DE22DC63
:10D1F4004ED652D456D25ECE62CC66CAAE84EF40CE
:10D20400F10F2A898346CB008355AB0003558B006D
:10D2140078001306DB00EFF06FC6630B0514C16AD8
:10D22400130AA9FFAA8B01449389C1A1979CFF1FEC
:10D23400938C8C15FD1A6D19334A0A08035CC100DE
:10D2440083C58B0003552B006286EFF0DFE5631086
:10D25400051483484B0083A6090003552B0052880C
:10D264008147138701A26286DE85EFF05F8A63102F
:10D27400051215C883D72C0003D701A211076395A3
:10D28400E700A29763C227079795FF1F9385C50FF1
:10D29400BE2103552B003354F40282A1EF40514DBB
:10D2A40015C1594505A003552B00494781465686AB
:10D2B400C545EF50610223A2AC0015E183D7AB0052
:10D2C40045459EA0F2506254D2544259B259225A52
:10D2D400925A025BF24B624CD24C2161828083D71A
:10D2E40001A291072391FC0083A74C0003D7AB0054
:10D2F4006286A29798A383A74C00130714003347B0
:10D304000708BA9703D7AB009306E1005E85218333
:10D3140098A38355AB00138C01A2EFF0CFF403A7BD
:10D324004C003C87130624003346060832971CA39E
:10D3340003A74C0093063400A183B3C606083697AE
:10D344001CA3AA8B03A54C00110433440408035600
:10D354000C0083A50900229563910B029730FF1FEF
:10D36400E780007983570C00A29733C4070809FCAF
:10D3740083578B0029459EA0B1B79730FF1FE780E4
:10D38400207783570C003E943344040845BD83D76B
:10D39400AB009EA0E31A04EE83578B009EA01DB73A
:10D3A4001D71A6CACAC8AA84035985002A21A2CC21
:10D3B400CEC6D2C4D6C2DAC05EDE62DC6AD886CEFD
:10D3C40066DA6ED6AE8AEF406173130BD5FF014463
:10D3D4007115138CD400938BC1A1138A01A2179DDC
:10D3E400FF1F130D6DFAB3490508635D6411D4245E
:10D3F400AE241307E10162864A85EFF02FA8AA8CB8
:10D40400630205100359A500B0870C25AA2032C673
:10D41400EFF07FC9631D050E83C8440083A60B008B
:10D424003246AA204E8881475287E685EFF02FEED8
:10D4340079ED15C483570A0003572D008907630249
:10D44400F7069795FF1F938525F4BE21AA20B357AD
:10D45400F4029EA1EF4031200DC1594539A8AA20FC
:10D4640041664D4781467D16A545EF40F16623226E
:10D47400AD001DE123902A014545F6406644D6449B
:10D484004649B649264A964A064BF25B625CD25C30
:10D49400425DB25D2561828083570A0089072311AA
:10D4A400FD0083570A00A29763DE670583274D00BA
:10D4B40003D7AC00930D2400A29798A383274D00B3
:10D4C40003D7AC000504334404082183A29798A32E
:10D4D40003254D0003560A0083A50B00B3CD0D08A8
:10D4E4006E959730FF1FE780A06083570A00BE9DAA
:10D4F400C167FD1733C40D08E309F9EE0509334983
:10D504000908E5B5294515FC23902A01BDB76DDC52
:10D514000DBF1E21411126C206C622C44AC0444181
:10D5240089EB8947B2402244924402493E85410135
:10D5340082809420D0402A84894513850191EF404C
:10D54400C14711C93C202547E51793F7F70F637DC1
:10D55400F700E147C1BF9420D04089451385C190AD
:10D56400EF40A14565F175BF1389C1858356090054
:10D574008547CDDA1A203697C166E3C5E6FA916588
:10D584009385257031459750FF1FE780A0ECAA844E
:10D59400CD4749D9314681459730FF1FE780C05BAD
:10D5A4001A208355090001468147B386F500B3C6A6
:10D5B400060863E7E70201C62E972310E90023A0BB
:10D5C40004002146A285138544009730FF1FE7809D
:10D5D4002052138741A11C4381CF3E879C43EDBF5A
:10D5E40050401395470085072A9636A6054675BF11
:10D5F40004C3814705BF011106CE22CC26CA4AC8FE
:10D6040009E90944F24022856244D2444249056151
:10D6140082802AC6AA84280036896C845085EFF05B
:10D624005FEF2A8465F1E30F09FCBE24F9DB916501
:10D634009385557031459750FF1FE780A0E1AA8775
:10D6440005C1BA24938681A1232005005AA19842DA
:10D654002324250101C7BA861843EDBF9CC25DB7D8
:10D664004D444DB7938741A098230DE3054798A3F4
:10D67400058909CD9776FF1F938686B54146914566
:10D684001775FF1F130585B56FF0FFF601458280FE
:10D69400A38FA184828041677D176315E5002E85E1
:10D6A4006FE0CFD5411106C6EFE0EFCF09C5FD57B6
:10D6B4001EA123010500B24041018280011126CA46
:10D6C40006CE22CC4AC88547AA846390F5042685F1
:10D6D400EFE08FFA21E941699305F9FF1307E100AF
:10D6E4008946138601900545EFE05FF92A847D1988
:10D6F40005C44C442685EFF01FFA30872285814605
:10D70400CA85EFF04FB62A84E5B789476396F500DA
:10D714008545EF10506D45DDF2406244D2444249E4
:10D7240005618280EFE08FF07DB7411122C406C607
:10D7340026C21794FF1F130424CE083423A801A083
:10D7440023A601A023A401A049C19307200C3305FB
:10D75400F502916593851570938401A119053345EC
:10D7640005089750FF1FE780E0CE10349307200C84
:10D7740081453306F60288C019069730FF1FE780FB
:10D78400A03D9C4018348145938647007D5563E64F
:10D79400E5069306800BB306D70201460507FD553F
:10D7A400B69723A6F1A0BE868EA2ACB2ACA2238209
:10D7B400060005069906E369E6FEF95696A399461E
:10D7C4003307D702BA9723A4F1A017F5FFFF130577
:10D7D400858FEF40712A17F5FFFF130565A7EF400A
:10D7E400412517F5FFFF13054584EF10F056B240AD
:10D7F40022449244014541018280239EA6FE36863E
:10D804001388460B23100600232406003106E31B6D
:10D8140006FF85059386860B9DBF411106C622C46B
:10D824002A84EFD0DFD1EFE08FBF03A581A0238F3F
:10D834008184EFE0AFBC238081862244B240170587
:10D8440000001305E5E741016F10105193975560EF
:10D8540063D7072E797103C5E18522D44AD006D651
:10D8640026D24ECE2E899730FF1FE780601F2A8470
:10D8740051C918219307000B6313F7088547938454
:10D88400C1A1DC849C402315010081EFEF0080706E
:10D894009165938535709750FF1FE780A0BB88C0C2
:10D8A40031C9614681451795FF1F1305E5AD9730D2
:10D8B400FF1FE780602A8349440089476393F9087E
:10D8C400D12D9794FF1F938424AC8AA02A20A68587
:10D8D400EF408140AA869E202A201A248DEE63639D
:10D8E400F7001EA40E24EF4091192285EF409110F9
:10D8F4009C8491C74C2013058400EF409135228508
:10D90400EF902FAAB25022549254F2491315F96899
:10D914000259456182806363F7001EA41E24D94521
:10D924009796FF1F938646A60D469EA0EF40110FC3
:10D934008D4545DD1795FF1F130505A5EF40713192
:10D944006DB79387A9FF93F7F70F4947E36FF7F88C
:10D954001787010013078720B3C7E7209C43BA97B2
:10D9640082879305A1002285EFF0AFDBAA8435DD21
:10D97400D9476394F40A85092A2093F9F90F9796F5
:10D98400FF1F938666A04E86D945EF40310931DDED
:10D99400CE854DB79305A1002285EFF07FA0F9B79E
:10D9A400835984006C004E859750FF1FE7806028E0
:10D9B400AA842DC12A2041669306E10055477D16AD
:10D9C400AD45EF4071119799FF1F9389E99B23A2FD
:10D9D400A900AA8655CD834844000358E100308647
:10D9E4002A20A68581474E87EFF06F92AA8463129E
:10D9F400050E2A20CE85EF40A14BE30805EE2A2030
:10DA0400D945CE862D46EF407101AD45E30F05ECB7
:10DA14004E852DB72315310185441830D147E306CF
:10DA2400F7EC5C209799FF1F938909962A2023809D
:10DA3400F9003C85CE85238299002391F900EF40BB
:10DA4400611DE30405EA2A20CE860546D945EF4048
:10DA5400E17CE30C05E8854565BF835984006C00CF
:10DA64004E859750FF1FE780C01CAA8445D52A2005
:10DA740041669306E10059477D16B545EF40D1054F
:10DA84009799FF1F9389499023A2A900AA8609E5C3
:10DA94001E24C5447C8551B7834844000358E100E3
:10DAA4003E2430862A20A6854E87EFF04F86AA842E
:10DAB4000DE12A20CE85EF402143E30805E22A2028
:10DAC400D945CE863546EF406175B545E30F05E08F
:10DAD40081B7D94703A549006397F4009750FF1F06
:10DAE400E780A0A319B59750FF1FE78000A31E2469
:10DAF4007C8525B79305A1002285EFF02FADBDB538
:10DB04009305A1002285EFF0AFED8DB513069100CA
:10DB14009305A1002285EFE01FA289BD9305A10012
:10DB24002285EFE03F92AA84E31405E4A3040100F4
:10DB34006DBB9305A1002285EFE06FFE05BD014595
:10DB44008280F1C6011156C2AE8A854526CA4EC6E8
:10DB540052C406CE22CC4AC82A8AB284B689EF10AF
:10DB64009028D1470DC103C7D1A383C791A301490D
:10DB740099E03E89BA871317490003A4C1A23A94D5
:10DB8400636DF900D547F2406244D2444249B24938
:10DB9400224A924A3E850561828036201307040199
:10DBA40091C605091379F90F3A84D9BFA1C89565BF
:10DBB400938525C0130500029750FF1FE7808089D5
:10DBC40048C469D11306000281451309090497303A
:10DBD400FF1FE78060F823000400231124012313AE
:10DBE40044019C3403A701A3998C1CA45C44918434
:10DBF4009180C4AF23A08900814771B72326040014
:10DC0400230004002313440123045401E5B785478A
:10DC14003E858280AA8683C5D1A303A7C1A281477A
:10DC24006394F5000145828032233A8519C2E30CDE
:10DC3400D6FE850793F7F70F4107DDB7AA8603C61B
:10DC4400D1A303A7C1A281476314F60001458280D2
:10DC54002E233A8581C54C23E38BD5FE850793F7A4
:10DC6400F70F4107D5B7AA8683C5A1A303A701A3CC
:10DC740081476394F5000145828012233A8519C2D5
:10DC8400E30CD6FE850793F7F70F4107DDB7AA86A5
:10DC940003C891A383A7C1A201476314E800014507
:10DCA4008280B2233E8509CAF2236317D600D04787
:10DCB40001C63222E306B6FE05071377F70FC10744
:10DCC400E9BF411126C2444522C406C62A8495C030
:10DCD400C84409C59750FF1FE7802084C84809C578
:10DCE4009750FF1FE780608326859750FF1FE780CA
:10DCF400C0822285414681459730FF1FE780C0E5F9
:10DD0400FD571CB4B2402244924441018280011167
:10DD140022CC2A842A2106CE2EC6EF10205A32465F
:10DD240022858145EF00104E22856244F240056150
:10DD34006FF03FF905C53E21411122C406C62A846D
:10DD440091CBDD45EF00104F22852244B2404101C2
:10DD54006FF03FF7B240224441018280828041113A
:10DD640022C4B1471304C5FFB307F40226C2978443
:10DD7400FF1F9384E46206C6A697BA276315B70209
:10DD8400C84315C19307F00F6305F6001C21639C7B
:10DD9400C7009740FF1FE7804078B1473304F4027F
:10DDA400A29423A20400B2402244924441018280FE
:10DDB400411122C42E8426C24946AA848145228563
:10DDC40006C69730FF1FE78020D98DC8D82C83A7BB
:10DDD40001A31207BA979A231AA0BA23FE233AA0E2
:10DDE40003D741A35AA09A207AA0BA201AA4DA2011
:10DDF4003AA4FA205AA49A241EA87AA4B24022442F
:10DE04009244410182802A8683C5D1A303A801A339
:10DE140083A6C1A2014701456393E50082809C2249
:10DE240081CFDC4691CBDC2F9207C2976316F600B4
:10DE34009307150013F5F70F05071377F70FC106BE
:10DE4400E1BF130600643386C50293069500AA85D4
:10DE540017050000130545EE6F904F90411122C441
:10DE640006C62A840835EF906FACFD571CB4B24047
:10DE7400224441018280011122CC4AC84EC652C4B8
:10DE840056C25AC006CE26CA2A89AE890144138ACC
:10DE940091A3938AC1A21D4B83470A006365F404CE
:10DEA400639909029389D1A3138AC1A2930AF00F3B
:10DEB40083C709006364F4061144A1442285130650
:10DEC400F00FCA850504EFF09FE933440408E31713
:10DED40094FEF2406244D2444249B249224A924AF0
:10DEE400024B0561828083A40A0093174400BE9408
:10DEF4009C208DC3FE20639F270163956901AA209E
:10DF0400EF10C03B26854E868145EF00B02F268555
:10DF1400EFF03FDB05041374F40FBDBF83240A0044
:10DF240093174400BE949C208DC39C34638F570187
:10DF3400FE20639C27012685EFF05FF22685D145FC
:10DF4400EF00502F2685EFF0DFD705041374F40F8C
:10DF540085B7C167F917630BF502411122C406C6E0
:10DF640085472A846399F50022852244B24081457D
:10DF740041016FF05FF089476396F5008545EF1026
:10DF840080667DD1B24022444101828082809D45D9
:10DF94006FF07FEE03D541A38280011106CE68871E
:10DFA4006C8603C781A385476318F7007000930547
:10DFB400E1000545EF50604EF24005618280A947BB
:10DFC400631DF6029C319821A207D98F1EA1BC3192
:10DFD400B821A207D98F3EA1DC31D821A207D98F5D
:10DFE4005EA1FC31F821A207D98F7EA19C3598252A
:10DFF400A207D98F1EA501458280054582809147DD
:10E00400631EF6009C319821A207D98F1EA1BC3152
:10E01400B821A207D98F3EA101458280054582809F
:10E024009387C5FF0D47B3C60708636ED700314712
:10E034003387E7029787FF1F93878736BA97A8A38A
:10E044008EA3014582800945828093074020335581
:10E05400F50A7115239AA1A2238EB1A2A38DB1A2B0
:10E064008280956541111905938535C006C63345EF
:10E0740005089740FF1FE780E03D01C9B240E9551C
:10E0840041011743FF1F67008355B240410182805D
:10E09400A38E01A2238E01A2238D01A2A38C01A22F
:10E0A400238C01A285474111A38BF1A206C622C489
:10E0B40026C22A84238B01A2239A01A223A601A2A9
:10E0C400EF10A0281785FF1F1305852D13060003E5
:10E0D4008145238F81A29730FF1FE780E0A7138437
:10E0E40041A20820938491A31DC59565938545C0DD
:10E0F40012059740FF1FE780E03523A8A1A201CDB8
:10E104001C30102081459CA0238DC1A2120697309B
:10E11400FF1FE78060A49C201785FF1F034545303F
:10E124001384D1A33E951375F50F956508A09385C7
:10E1340055C012059740FF1FE780C0319384C1A2E8
:10E1440088C025CD1020814512069730FF1FE78037
:10E15400A0A098401420814725077D566399F604B2
:10E16400EF10E03EB1473305F5029565938565C030
:10E17400334505089740FF1FE780C02D23A4A1A2C3
:10E184002A8401CDEF10A03C31463306C5028145F7
:10E1940022859730FF1FE780209C2244B24092449E
:10E1A40017050000130525DB41016F10E03A8507D0
:10E1B40010A393F7F70F410755B7A38E01A2A38CC1
:10E1C40001A279BF411126C206C622C44AC0AE8448
:10E1D4009397556063D707081389E1A303450900A2
:10E1E4009730FF1FE780C0872A8431C51821930721
:10E1F4000009631FF7021831CD476312F7069386AF
:10E20400C1A328219C221788FF1F034858F0130636
:10E214006400814501476318E50291C19CA29C22D8
:10E2240081CB0345090085459750FF1FE780209265
:10E234002285EF801F971395F468B24022449244DC
:10E244000249410182800E2205071377F70FAE972A
:10E2540093F7F70F09068545B3D7070B6DBFC5299B
:10E26400C1BF13F5150071D9EF00904E19C983C7CA
:10E27400C1A381CB854503C5E1A39750FF1FE78068
:10E28400008D13C5140055BF0547637EC7029C313A
:10E294009421A207D58F1EA16399E700BC31B82150
:10E2A400A207D98F3EA1014582800947E39DE7FE7D
:10E2B400BC31B821A207D98F3EA1DC31D821A207F5
:10E2C400D98F5EA1CDB7054582809147631EF600C4
:10E2D4009C319821A207D98F1EA1BC31B821A20775
:10E2E400D98F3EA101458280054582809147631EF6
:10E2F400F6009C319821A207D98F1EA1BC31B82108
:10E30400A207D98F3EA10145828005458280A1479D
:10E314006318F6029C319821A207D98F1EA1BC3143
:10E32400B821A207D98F3EA1DC31D821A207D98F09
:10E334005EA1FC31F821A207D98F7EA1014582801C
:10E344000545828089476319F6009C319821A2070C
:10E35400D98F1EA101458280054582803E227971B4
:10E364004ECE06D622D426D24AD01307F007AE8961
:10E374006371F70209473AC47C86300093F5F50FC0
:10E38400EF00B072B250225492540259F2494561DE
:10E3940082805A22D9462A89328463F7E6007E2293
:10E3A40063F4F6006379F70023140100300093F559
:10E3B400F90F4A85F1B70A2202C4EFF0DF8AAA8472
:10E3C40035C5EFF05FA49C246369F5001146A246AD
:10E3D400CE854A85EF00B06475B734002686930570
:10E3E400F00F4A85EFF0EFF575F1A2471A24DC47E8
:10E3F4009AA33A20BAA35A20DAA37A20FAA3DA20FD
:10E404009AA7DC4495C793F4F90F2286A6854A851A
:10E414008297C167FD172A86E31BF5FA22459947BF
:10E42400F9451CA144A1EFF0DFA1A9BF094645B7F6
:10E43400014671BFA947631DF6029C319821A207CA
:10E44400D98F1EA1BC31B821A207D98F3EA1DC31DE
:10E45400D821A207D98F5EA1FC31F821A207D98F58
:10E464007EA19C359825A207D98F1EA501458280DF
:10E47400054582809C211CA19C311CB1BC31B82172
:10E48400A207D98F3EA1828023220500D821894783
:10E494006304F70005458280F62101114EC606CEBD
:10E4A40022CC26CA4AC80D47AE896379D7049C4555
:10E4B40084339023A033A204D18CB0232204938705
:10E4C4004400518C639CD7029307C4FF2A89B3C7C5
:10E4D40007086361F70203A589002311990023103B
:10E4E4008900F1559740FF1FE780600F2322A900A0
:10E4F400014531A02285EFF0EFF171FD0545F240B1
:10E504006244D2444249B24905618280797122D47D
:10E5140026D22E8406D64AD01C201947AA84B28556
:10E524006390E70630202800EFF03FDA0DE92884F5
:10E53400EFF04FEE0C302A890DC92E861717000014
:10E544001307A7CC34009D452685EF00102C4A857F
:10E554000946814545294A85EFF0AFF60145B25099
:10E564002254925402594561828089477C803C84BC
:10E574000A867C813C857C822685EF001053F9BF96
:10E5840049476395E70232202800EFF05FD861F92C
:10E594001785FF1F1305C5E05E25E9D318306825EC
:10E5A4003C00C9460146A685FD244DBF5147639DE5
:10E5B400E70032202800EFF09FA055F10C30300026
:10E5C4002685EFF0BFD959BF59476398E704322035
:10E5D4002800EFF0DFA241F52C842685EFF02FEB25
:10E5E40015C5584534851E23B697B3C707081EA31F
:10E5F400B5D75C47A5D783C7C1A3ADD3854503C5AC
:10E60400E1A39740FF1FE780805489BF89473EC03C
:10E614003C840C300A867C8285B70C3023100100C0
:10E624000A86A1BF5D71A2C456DA86C6A6C2CAC054
:10E634004EDE52DCAA8A88312E8432C6EFF00FE017
:10E64400B24501ED0144B64022852644964406496C
:10E65400F259625AD25A6161828023020500231161
:10E664000500834904008547AA846399F900302092
:10E674002808EFF07FC12A8405491DA09D476391B6
:10E68400F90418218D47E31FF7FA302028080549BB
:10E69400EFF0DFC52A8409E50546814526859D26D8
:10E6A4002685EFF0AFFB88243C080147CE862286FE
:10E6B400D685D522E30909F82685EFF08FE061B706
:10E6C400CD47639BF90018219147E31DF7F63020ED
:10E6D4002808EFF03FC745B7D547E395F9F6034A55
:10E6E40005008947E310FAF6302028080549EFF0C1
:10E6F4007FD42A8455F583570102A1EBB88413060D
:10E70400F003DC44930607FCB3C60608636AD6002C
:10E71400B085D94663F6C600B486D94563EDD50005
:10E72400BAA30145EF009039054903560102D28589
:10E7340026858D2CB5B7AC87BAA3D2A38EA3F6A336
:10E7440085479CA0014A0149CDB7014AF9BF7971B7
:10E75400AA8522D426D22221AA84280806D64AD001
:10E76400EFF09FD2F24599E53DE185452285EFF032
:10E77400DF8275A0BC8415476395E706B8858D478D
:10E7840063F7E7046800EFF0FFCE0359E100DD47CB
:10E7940063FB27018C86B7071700850710082285BD
:10E7A4003EC8EF009030BC8511096385270122859E
:10E7B400EFF0EFFD1C8672466C00858B11062285F6
:10E7C40091CFEFF03FE601C52285EFF04FFC88447E
:10E7D40049DD9740FF1FE78040D441BFEFF01FD3CE
:10E7E400DDB711476389E7001387A7FF85463347E1
:10E7F400070863ECE6023147F117B387E70217878E
:10E80400FF1F1307E7B9BA979A2371D3A8233008D7
:10E81400A2850D204DFDB8849147E318F7F4B2505A
:10E82400225492540259456182802C082285012E7B
:10E8340059FDF5B701114AC82A89314526CA4EC681
:10E8440006CE22CCAE89B2849720FF1FE780201B1E
:10E8540029C19307000A231135011EA12A842146E8
:10E86400110595C0A6859720FF1FE7806028A28523
:10E874004A85EF802FB80145F2406244D2444249B0
:10E88400B2490561828081459720FF1FE780C02C33
:10E89400F9BF0545D5B701114AC82A8913050002F5
:10E8A40026CA4EC652C456C25AC006CE22CCAE8A1E
:10E8B400328BB6893A8ABE849720FF1FE7802014E2
:10E8C40021C9930720FA1CA1A30065012311550156
:10E8D40023024501A30235012A84614621059DC016
:10E8E400A6859720FF1FE780A020A2856244F240FE
:10E8F400D244B249224A924A024B4A8542490561AE
:10E904006F804FAF81459720FF1FE780E024F1BF60
:10E91400F2406244D2444249B249224A924A024BEA
:10E92400056182805C45797122D406D62A84AE863C
:10E93400A5C3BA23F885130720066394E504FA23D4
:10E9440003D641A33357C70AB22B9E2B1377F70F75
:10E95400918F93F7F70F01E6890793F7F70FBA97AB
:10E96400FD17B3C7E702FC863E206E200824FC8412
:10E9740001473C080146EFF01FF2B25022544561B2
:10E984008280D82F83A701A31207BA97FE23E1BF81
:10E994002EC61946814528089720FF1FE780C01B13
:10E9A400B246D9B7797122D406D626D22A8491CD1B
:10E9B40008242E866E202254B25092548147014777
:10E9C4009306000645616FF01FEDB2842800594696
:10E9D4009720FF1FE7804018648499E43E20484450
:10E9E4006C007C85EFF0CFBC6E2008243C0001470E
:10E9F400930600060146EFF01FEAB25022549254E7
:10EA040045618280797106D6814799E53E217086F9
:10EA14007C845C4589EF3C002E866E2108250147E5
:10EA240093060006EFF03FE7B25045618280BE23B3
:10EA34007C85D5B7411122C406C61C2111472A84FE
:10EA44006392E7022E866E21082581470147CD4651
:10EA5400EFF07FE449466E202244B240154541015F
:10EA64006FF0EFAF13F7B70F89466317D70001466E
:10EA7400EFF05FF35146C5B70D476398E7002244B2
:10EA8400B240014641016FF0FFF7B2402244410118
:10EA940082809A21B14771173307F7029787FF1FC6
:10EAA40093870790BA97D84301EBD841AAA70145A9
:10EAB400D8C3BA219AA7828059458280797126D217
:10EAC400444522D44AD006D62A842E89B1C4C844E7
:10EAD40019C59740FF1FE78040A423A604009E2089
:10EAE4006E2008247C85BE200147930640067C8660
:10EAF4009E244A867C879C483EC83E207C843C00F9
:10EB0400EFF07FD9A38E240123A80400B25022542D
:10EB140092540259456182802800314681459720EC
:10EB2400FF1FE78060033E206E2008247C84014799
:10EB34003C00930640064A86EFF0FFD5C1BF7971C9
:10EB440052CC2A8A8A2126D206D622D44AD04ECE44
:10EB540056CAAE84EFF00F8C6300051240452A8933
:10EB6400630C04107E21639947111E2463880710E7
:10EB7400542C938A01A303A70A009206FD17369723
:10EB84007A23B3C707081EA46316F700930530065B
:10EB9400EFF05FD95C48B5EBC840834915001C21F0
:10EBA400A209B3E9F900BE2013872900631AF7020A
:10EBB400F9559740FF1FE78080A2C8C02391340114
:10EBC400034589002686D285EFF0DFC61DEDB250DD
:10EBD400225492540259F249624AD24A45618280CF
:10EBE4009565938515C04E859740FF1FE780808605
:10EBF40048C8C840231C3401F9559740FF1FE780DB
:10EC0400009EBE20C8C0F917BEA048482DCDB22032
:10EC1400362C1E2C3308D60063C90707582C83A74B
:10EC24000A0095451207BA97BE2363CA0705CC406C
:10EC340036959720FF1FE780A0EB3A2CBE20BA97A9
:10EC44001A2CB3C707083EAC6398E70203572900A0
:10EC540003458900300078845848D2857C853AC6BB
:10EC6400EFF05FBD11C548489740FF1FE780E08A79
:10EC7400232A0400232C0400054591BF99454A85A5
:10EC8400EFF0EF88D5BFA545DDBF9145CDBFBE21CF
:10EC9400CDCF011126CA06CE22CC03D741A3AA8424
:10ECA4006D45636FF7082E84484091459740FF1FD8
:10ECB400E780E0923E20AA861CA13E20A1831CB1DD
:10ECC4001E203CA11E20A1833CB13220C167F9174C
:10ECD400110633460608639DF4022AC4314532C640
:10ECE4009720FF1FE780A0D1AA854D45B1C993079E
:10ECF40000F93246A2469CA1F957BEA18947DCA17E
:10ED0400F2A194C503C5E1A3EF70DFEE01450DA8A0
:10ED140081452685EF40700501E91387C1A31C23B3
:10ED2400F5D7FD171CA3DDB789476302F5029D479C
:10ED34006301F502C9476300F502FD47E30FF5FCE3
:10ED4400F2406244D244056182806D45828051451F
:10ED5400C5BF1145F5B70945E5B7011122CC4AC82D
:10ED640031441309C5FF3304890226CA9774FF1F6F
:10ED74009384046306CE26945C409DCF03C7C1A34D
:10ED84000DC768843EC62A241E242C007C85EFF01F
:10ED94001FF011C548409730FF1FE7800078B14746
:10EDA4003309F902CA9423A204000545F2406244DF
:10EDB400D2444249056182800145CDBF797126D292
:10EDC40044454ECE52CCFE20BA2883D941A306D660
:10EDD40022D44AD056CAB3D9F90A2A8A9E282DCFFA
:10EDE400998F4E8463D4370133C40708894522853B
:10EDF400EFF02FA72A89CD4A31C5BE202AC66085E7
:10EE04007C84BE2899EB9E28130925001CA19E280A
:10EE1400A1831CB1637434058228BE28CC442286A5
:10EE24004A85BE959720FF1FE78080CC03556A0072
:10EE34002C00EFF0DFE5AA8A15C54A859730FF1F3D
:10EE4400E780A06DB250225492540259F249624AAA
:10EE54005685D24A45618280890761B77914334463
:10EE6400040865BFBA289E203A949A28FD17B3C7B0
:10EE74000708334404089EA0A2A86376E400F9F3CB
:10EE8400FD57DCBCC1B781455285EFF03FC35DBF80
:10EE9400797122D44ECE56CA5AC85EC662C406D60A
:10EEA40026D24AD052CC938961A303CA0900938A1B
:10EEB400C1A2054B5284930BF00F138C91A383A42E
:10EEC4000A0093174400BE9403C90400631769073A
:10EED400DC44A5C7D84735C39A2329C783C7C1A330
:10EEE40089CF2685EFF09FEDAA8505E9050483C740
:10EEF40091A36351F40223808900B25022549254A6
:10EF0400F249624AD24A424BB24B224C4A850259D8
:10EF140045618280238B01A2CDB72685EFF01FBA0D
:10EF24000149E1BFDC3F639A7701930520062685FA
:10EF3400EFF05F9FDC44A38E070083470C000504B9
:10EF44001374F40F6363F4000144E31A44F7C9BF74
:10EF54004111154506C6EFF05FE009C50545B2400D
:10EF6400410182801945EFF05FDF6DF91145EFF043
:10EF7400DFDE6DF51D45EFF05FDE6DF103C591A396
:10EF840079DDB24041016FF0BFF09E210D47F117CA
:10EF9400B3C70708636FF704DC41411122C406C6F6
:10EFA40026C22E84A9CB8545AA84352D39C9268548
:10EFB400992BC167F917638DF40019E93E2089CBB9
:10EFC400162019476391E60403D741A363FDE702C2
:10EFD40083C7C1A3A285268599C72244B24092441F
:10EFE40041016FF0DFCA2244B240924441016FF004
:10EFF4005FAA094582800945B240224492444101F6
:10F0040082805145D5BF6D45C5BF797126D252CC9A
:10F01400AA842E8A5D4589454AD04ECE56CA06D664
:10F0240022D4B289B68A3A89EFF0AF8335C12A84F3
:10F03400014563060900D6851305440002999357D8
:10F0440085003CB093074500230044017C85954727
:10F0540028A07C84A300340122C683C7C1A32C004A
:10F06400268585C7EFF0BFC2AA8411C522859730D3
:10F07400FF1FE780804AB25022540259F249624A83
:10F08400D24A2685925445618280EFF09FA0E9BF61
:10F09400CD44D5B7797126D24AD052CC56CA2E89DE
:10F0A40006D6BE8522D44ECE9947B284368ABA8A11
:10F0B4006312F9062A220944EFE0DFB52AC635C1F6
:10F0C4005C4583596500BE239EA0B2471547238043
:10F0D4005701BAA3138771A310239305160093F560
:10F0E400F50F0CA3D0A399E1854614A351476317E8
:10F0F400E9001547BAA0DC479A249AA75287A68646
:10F10400CA854E85EFF07FF02A8432450DC4EFE0C6
:10F114005FBB01A842867400AA89EFE09FA22A84FB
:10F124004DD5B2502285225492540259F249624A72
:10F13400D24A45618280F945EFE0BFD0DDB79E2118
:10F144001CA19E21A1831CB1BE213CA1BE21A1838F
:10F154003CB1114582809E211CA19E21A1831CB13A
:10F16400BE213CA1BE21A1833CB1DE215CA1DE21F4
:10F17400A1835CB1FE217CA1FE21A1837CB1214548
:10F1840082809E211CA19E21A1831CB109458280FD
:10F194009E211CA19E21A1831CB1BE213CA1BE21A4
:10F1A400A1833CB1DE215CA1DE21A1835CB1FE21FF
:10F1B4007CA1FE21A1837CB19E251CA59E25A18353
:10F1C4001CB5294582809A218546AA8718A19A21CF
:10F1D400218318B19A216319D700BA2138A1BA2121
:10F1E400218338B1114582800945631DA700BA21E6
:10F1F4001945B8A3BA212183B8B3DA21D8A3DA21F7
:10F204002183D8B382809E211CA19E21A1831CB19D
:10F21400BE213CA1BE21A1833CB1114582807971FC
:10F2240026D24AD04ECEB2842A89AE892946814557
:10F23400480022D406D636849720FF1FE780C09169
:10F2440064868DE03E207C8283D741A37C845C4429
:10F2540091CBD42F03A701A39E27920636973A2376
:10F264007C8578834A85170700001307A7F25400AA
:10F2740013F6F90FD545EFF05FD92A8911C195E04E
:10F2840085471CA023020400014681452285EFF036
:10F294006FF1B25022549254F2494A8502594561A1
:10F2A40082802285EFE0FFA1EDB7B2861707000048
:10F2B4001307A7F12E8685456FF03FD501116887A6
:10F2C4004165700001489307F00F0D479706000051
:10F2D400938626E799457D1506CEEFF0BFDBF24015
:10F2E40005618280B28701482E8611479706000087
:10F2F4009386A6E6C9456FF0FFD9B28617070000CA
:10F30400130767E82E86CD456FF03FD0011122CC5C
:10F3140026CA4AC84EC606CEAA842E891774FF1F71
:10F324001304040B9779FF1F9389890D1C4081C72F
:10F33400CA85268582971104E31A34FFF240624499
:10F34400D2444249B24905618280411122C406C6B1
:10F3540026C21777FF1F1307A7DA7C2B783B177495
:10F36400FF1F1304640B1CB4BA9793F7F70F1CA484
:10F37400B5C71305C0033385A702A5658505938426
:10F3840001A49730FF1FE780E00C10249307C0030B
:10F3940081453306F60288C09710FF1FE780C07BC3
:10F3A40014249C4001477D566341D7022244B24055
:10F3B40092441306000381451775FF1F1305450189
:10F3C40041011713FF1F67002379B2A323820700AB
:10F3D40023A6070205079387C703F9B7B24022445F
:10F3E400924441018280411122C426C24AC006C609
:10F3F4002A892E84B2849740FF1FE780E08709EDB5
:10F40400C167F91751456313F9000145B24022441D
:10F41400924402494101828054555C2195C213F7FC
:10F4240027014146630BC700C18B3D45E5D3BC2E84
:10F434000145E3FD87FC3145D1BF1545F5D4F9B746
:10F44400C18B0145E1F71545D1B779714AD04169BE
:10F4540022D426D24ECE52CC56CA5AC806D6AA8434
:10F4640001449779FF1F938929FB138A01A4930A06
:10F47400C0037D19054B83C789006364F40001450B
:10F4840025A83307540383270A00BA97BA236316BF
:10F49400270105041374F40FF9BFC83330009385B2
:10F4A4006700EF0071341946A68528009710FF1FE6
:10F4B400E780A075E31F65FDB250225492540259AF
:10F4C400F249624AD24A424B456182804166AA8629
:10F4D4009775FF1F83C5C5F403A701A481477D1653
:10F4E4006394F50001458280035827003A8563063A
:10F4F400C80003480700E308D8FE850793F7F70F11
:10F504001307C703F1BF411106C69730FF1FE780F9
:10F51400A07609C54A29B240410182800145E5BF70
:10F5240003A701A49776FF1F83C686EF11078147BF
:10F5340001456393F6008280102301C60505137507
:10F54400F50F850793F7F70F1307C703DDB7177593
:10F55400FF1F0345E5EC82801777FF1F130747E77A
:10F5640081473A86B1460C4391E5B3C7C72088C3A7
:10F574000145828085071107E397D7FE4D458280B8
:10F58400411106C622C49730FF1FE780E06E0DCDFF
:10F594002A842A218545EFF07FD7485409C597303E
:10F5A400FF1FE78080F722851306C003814597106B
:10F5B400FF1FE780605AFD573EA023020400014567
:10F5C400B2402244410182800945DDBF411106C693
:10F5D4009730FF1FE780406A09C54825B2404101C2
:10F5E40082800145E5BFC167F9176305F502411142
:10F5F40022C406C62E849730FF1FE780E067AA87DF
:10F60400014589C7DC237D8C33358000B240224418
:10F614004101828005458280411122C406C62E84A0
:10F624009730FF1FE780406501CD5A29AA87054519
:10F6340063048700C2AB0145B24022444101828089
:10F644000545DDBF29CD01114AC8416922CC26CA2E
:10F654004EC652C456C206CEAA8401449779FF1FEF
:10F66400938989DB138A01A4930AC0037D1983C794
:10F674008900634BF400F2406244D2444249B249E7
:10F68400224A924A05618280B307540303250A0083
:10F694003E953E216383270182940504C9BF82807D
:10F6A40083A701A4C1661776FF1F034666D789079F
:10F6B40001450147FD1691456313E600828003D896
:10F6C40007006309D80003C8A7006315B80005053F
:10F6D4001375F50F05071377F70F9387C703E9BF72
:10F6E40083A601A41776FF1F034686D3910601471C
:10F6F4008147631FE600858393C7F7FF0545B3C7BA
:10F7040007086361E5023315A028334505088280A4
:10F714008C2299C1CE36CD8F05071377F70F9386C8
:10F72400C603C1BF93F61700F9FE0505858313755B
:10F73400F50FC1BF797156CAAA8A2E8526D24AD03E
:10F744004ECE52CC5AC85EC662C406D622D4AE840B
:10F75400328B368CBA8B3E8AC28946899730FF1F1A
:10F76400E78080513DED41657D159730FF1FE780AF
:10F77400A0502A84554531C81946DE851305640016
:10F78400A30284019710FF1FE7808036835701038B
:10F7940026A0230264013EA8835741032300540199
:10F7A400232604025EA823064401231734012318E8
:10F7B4002401EFF0FFF20AB8232A04022685232C41
:10F7C40004028145EFF09FB40145B2502254925493
:10F7D4000259F249624AD24A424BB24B224C456129
:10F7E40082804545DDB79776FF1F83C666C303A7AE
:10F7F40001A481476395F60041657D1582800E3B27
:10F804001306C7036394A5002A238280850793F710
:10F81400F70F3287C5B741661778FF1F034848C002
:10F8240083A601A401477D16954811436314E8009B
:10F8340001458280BE223685638EC702CC5A9DC99B
:10F84400BC31AC2189CD938597FD93F5F50FE37217
:10F85400B3FE9387D7FA93F7D70F89EF8280938506
:10F86400F7FD93F5F50FE3F6B8FC9387D7FA93F712
:10F87400D70FE1D305071377F70F9386C6037DB738
:10F8840041669775FF1F83C5A5B903A701A48147E6
:10F894007D1625486394F5000145828036233A8518
:10F8A400638BC600545B81CAB4329386E6FD93F63B
:10F8B400F60FE374D8FE850793F7F70F1307C70312
:10F8C400D1BF011122CC2A84494506CEEF900F8E78
:10F8D4001DC12AC622859730FF1FE780E03901CD7C
:10F8E400624432460E39F2401775FF1F0345F5B2E4
:10F8F40005616F70EFD1F2406244056182807971D5
:10F904004ECE52CCAE892A8A93053005414526D283
:10F914004AD056CA5AC806D622D4328B3689BA8AF5
:10F924009730FF1FE78000B3CD4429C92A84894456
:10F934006381090441468145231261019710FF1F29
:10F94400E78080215686CE8522859710FF1FE780A9
:10F95400201A2146630F0902CA8528009710FF1F49
:10F96400E7800019A28650002C005285EF30303613
:10F97400AA8422859730FF1FE78020BAB250225410
:10F984000259F249624AD24A424B26859254456151
:10F994008280814528009710FF1FE780E01BD9B7BC
:10F9A400411122C4405926C206C6AA8429CC08544F
:10F9B40009C59730FF1FE78040B6285809C597301E
:10F9C400FF1FE78080B5685809C59730FF1FE7809F
:10F9D400C0B4285C09C59730FF1FE78000B4685C99
:10F9E40009C59730FF1FE78040B30325040809C504
:10F9F4009730FF1FE78060B222859730FF1FE780B2
:10FA0400C0B123AA040222448E38B240924417752E
:10FA1400FF1F034595A041016F702FE8411126C2D5
:10FA240006C622C4AE849730FF1FE780E02431C9A4
:10FA3400032345032A84630603048328C307032896
:10FA4400830783274307032703078346630003567B
:10FA54000300834523002685EF805FFD2285EFF0B8
:10FA64003FF4EFF0FFE111CD2244B2409244177508
:10FA7400FF1F0345959A854541011733FF1F670012
:10FA8400030DB2402244924441018280411122C4B8
:10FA940026C206C6AA842E849730FF1FE780C01DA5
:10FAA4005C5989CF9E23639B970085476318F400B4
:10FAB4002244B240924441016FF09FEEB24022448E
:10FAC400924441018280411106C622C426C2EFF04D
:10FAD4009FD40DCD44592A8495C8BC208DC783A7D3
:10FAE40081A489C7DC4399C326858297B8309307DC
:10FAF400F002631DF7002A202244B240924481455B
:10FB040041016FF0BFF183A741A4E1BFB240224499
:10FB1400924441018280411126C24AC006C622C4D1
:10FB2400AA842E899730FF1FE780001505CD405920
:10FB340055C01E206390970A3C301307100263914E
:10FB4400E7083C20BDCB7C5403270408DE2B15E3D7
:10FB540013F7170019CF18545A23058B19CB9307A1
:10FB640020023CB0B240224492440249054541017E
:10FB7400828013F7270001CB18545A23098B01C73D
:10FB840093074002F9BF918B81CB1C54DE23918BE8
:10FB940081C793076002F1B783A781A4E1D7DC434F
:10FBA400F1D32285829738309307F0028145E31B15
:10FBB400F7FA2685EFF09FE675B783A741A4F9BF4E
:10FBC4001307A0026398E7006304090013092003E4
:10FBD400CA85C5B7631C090026859730FF1FE780D7
:10FBE400A00909C55C2193E707015CA1A6854A85A4
:10FBF400EF800FF585BF011126CA99476C85AA8449
:10FC04002E858D4522CC4AC806CE328936847C8422
:10FC1400EFE02FC52AC61DC9AA854A8502942A8405
:10FC240019E52C002685EFF04FB62A8411C532451C
:10FC34009730FF1FE780608E2685EFF09FC8F24063
:10FC440022856244D2444249056182804D44EDB725
:10FC5400411122C42E862E84971600009386A66A2C
:10FC6400894506C626C24AC02A89EFF0DFF80C206F
:10FC7400AA844A85EFF09FDAB240224402492685DD
:10FC840092444101828083A741A485CB9C4395C7BC
:10FC94001D71A2CC86CE984110082A843AC8D84156
:10FCA40085453ACA829711C548862A206C00EFF030
:10FCB4003FFAF6406644256182808280AA872E85B9
:10FCC40091CFFC5781CF982398A1983398B1B82B42
:10FCD400B8A1982FDC4BB8B1DCC182804146814584
:10FCE4001713FF1F670043E783A781A481C79C47BD
:10FCF40091C382870945828003A781AA1DC75843FF
:10FD0400AA8705450DC703A50708411106C6930632
:10FD140005021306050C9305050613050504029751
:10FD2400B2401375F50F41018280054582808280BF
:10FD34004DC9357122CD2A840A2126CB52C556C31A
:10FD44005AC106CF4AC94EC7DEDE2E8AB28A368B26
:10FD54009730FF1FE78040F2AA8431C50C18228532
:10FD6400EFF0DFF53C20938B6400A9CBEF802FB834
:10FD74002A89014583C95400EF802FB5AA840C1049
:10FD84000818EF10803A08542C10EF10A03ADE88BF
:10FD9400A68B5AC04E88DE874A8714103010D68549
:10FDA4005285EF208062FA406A44DA444A49BA49EB
:10FDB4002A4A9A4A0A4BF65B0D618280EF802FB380
:10FDC400AA89014503C95400EF802FB02ACE0854F4
:10FDD4000C10EF1080352C100818EF10A035F248E5
:10FDE4004DBF8280AA8701CD1855414511CBFC57E0
:10FDF40081CB28333D476375A700882F8280414516
:10FE040082806DC5411122C406C626C2AA872E84EB
:10FE14000945E1C998337D761306F67F98A1B82386
:10FE24004D4598B1B833B8A1D823B8B1D433DA2149
:10FE3400858AA2061377F7EF558FDAA1D4333347B7
:10FE440007081377F7DF93D61648A606558FDAA16D
:10FE5400D433334707081377F7BF93D62648AA0647
:10FE6400558FDAA1D43333470708718F93D63648B8
:10FE7400AE06558FDAA1F42333470708799B858AA8
:10FE8400558FDAA1F42333470708759B898A558F68
:10FE9400DAA1F423334707086D9B918A558FDAA1C1
:10FEA400F823DE21218BDD9BD98FDEA1EF801FB0EB
:10FEB400AA845145EF809FAF383093F4F40FAA879A
:10FEC40049456360970293F7F70F63ECE700182046
:10FED4009147614563E7E7001830854763E3E7002E
:10FEE4000145B24022449244410182800945828006
:10FEF40015C52A87AE87094585C5411106C6143341
:10FF040013851700194694A1930527009710FF1F26
:10FF1400E78000BEB24001454101828009458280EC
:10FF240082800DC9AA872E8709459DC5411106C641
:10FF3400B423903313052700A206D18E96A121463F
:10FF4400938537009710FF1FE78080BAB2400145C0
:10FF5400410182800945828082801DC12A87AE8743
:10FF640009458DC141113E8541469305170006C6DA
:10FF74009710FF1FE780C0B7B2400145410182805E
:10FF8400094582808280AA87094591CB89C99C331F
:10FF94003D4761456365F7009CA1014582808280ED
:10FFA40005C52A87AE87094595C141113E851306CB
:10FFB40000049305170006C69710FF1FE78040B39F
:10FFC400B2400145410182800945828082801D71D1
:10FFD400A2CC2A84084586CEA6CA230601000421A1
:10FFE40035479387F4FF93F7F70F6360F70A1767B2
:0CFFF4000100130767C1B3C7E7209C435E
:020000021000EC
:10000000BA9782870C08EFF01FE0C947631AF5041E
:1000100099475C862A206C00EFF0DFC3F640664407
:10002000D644256182800C08EFF03FF60DED2A20C2
:100030009730FF1FE78080C4A14711CD5825631A70
:10004000F70403A781A49D4719C7184309C71008DF
:10005000A6850297AA875C8629A00C08EFF0BFEC62
:1000600079D51C86C5FB2A20EFF0FF8545BF0C081B
:10007000EFF05FE8F5B71C312308F1004DBF0C0825
:10008000EFF05FF2F1BF0C08EFF07FEDD1BF9D47BD
:1000900049B703A741A445BF411122C406C626C2E1
:1000A0004AC01821930720092A846314F7101C31D1
:1000B00039476391E70A56210967610781476394CD
:1000C000E6089384C1A488403DCD0C4403C90500D3
:1000D000631D09001C2185052146A9CB2905971020
:1000E000FF1FE78020A19C40B1CF49459710FF1F1B
:1000F000E78020912A841DC1930710FC1CA1A30056
:1001000025018C400905414689059710FF1FE780AE
:10011000609E9C40A2858833EF601FAE8840972088
:10012000FF1FE780C03F23A601A429A80905971057
:10013000FF1FE780209CEF30803905494DF59C403A
:10014000238027018547B2402244924402493E85DC
:10015000410182801307E003639BE706382195473E
:100160006317F7024A21EFF0AFC69147E31CF5FC95
:1001700083A741A4E1DB9C47F1D772244A20930571
:1001800064002244B2409244024941018287A1475F
:10019000631BF7006C204A202244B240924402497B
:1001A00041016FF09F97930600038147E31DD7F845
:1001B000D5B79306000A8147E317D7F8EFF07FE140
:1001C000084449D19720FF1FE7806035A5BF8147CC
:1001D0009DBF011122CC06CE26CA4AC8094415CDBE
:1001E000AE8409449DC92A898D456800EF707FC29D
:1001F0001C8726866C0093F7F70393E707044A856C
:100200005C87EF20C0132A8409E90D466C00138532
:1002100034009710FF1FE780E08DF2402285624492
:10022000D2444249056182805D714EDE86C6A2C419
:10023000A6C2CAC052DC56DA5AD85ED6894955C918
:10024000328989495DC6138B45002A8AAE8A334BB1
:100250000B08930530055A859720FF1FE780C01FC4
:100260002A84CD4959C5EF70BFEAAA845686D28543
:1002700093DA840013DA040193FBF40F13054400AE
:1002800093FAFA0F137AFA0FE1809710FF1FE780B5
:10029000C09CA301740123015401A300440104A0E4
:1002A000EF707FE6AA85414608089710FF1FE78098
:1002B000C09A214734005A86A2850808EF20A02E54
:1002C000AA891DE121462C0023007901A3005901D0
:1002D00023014901A3019900130549009710FF1F4D
:1002E000E780A097EF709FE322859720FF1FE780AC
:1002F0000023B640264496440649625AD25A425BCD
:10030000B25B4E85F25961618280411126C2AA8496
:100310002E854AC006C622C42E899730FF1FE7806B
:10032000E09579C1405979C05C30094793F6B70F21
:100330006387E60011471305E00F6393E7081E206B
:100340000945639F2707130984004146A6854A850E
:100350009700FF1FE780007A4146A68513058401B8
:100360009700FF1FE7800079383085469307F7FE36
:1003700093F7F70F63ECF6049304C40383A781AAF1
:10038000C14526858DC79C4F9DC382979306C402A5
:100390002686CA852285EFF0FF993C2081CF2285F1
:1003A0002244B2409244024941016F00507EEF70F6
:1003B0005FA6E9BF3830C947E303F7FE3CB001450B
:1003C000B2402244924402494101828093071005C1
:1003D000E317F7FE3C20E5D722852244B240924441
:1003E000024941016F10E0000945D9BF4945C9BF25
:1003F00039C9011122CC26CA06CEAA842E84094509
:1004000095CD0D468D0528009700FF1FE780806E73
:100410001C8570002C0093F7F70393E707042685EB
:100420005C85EF10D07119E90D46A2856800970030
:10043000FF1FE780C07D7D153335A000F240624488
:10044000D2440561828009458280011152C42A8A02
:1004500032854EC656C25AC006CE22CC26CA4AC8DB
:100460002E8BB28AB6899730FF1FE780208109ED75
:100470008944F24062444249B249224A924A024BBC
:100480002685D244056182805C592A89C544F5F3EA
:100490004D45EF80EFD11374F50F5145EF804FD1EB
:1004A000E38809FC03C78901E36487FC9377F50FB0
:1004B000E3E0E7FC93053005130540089720FF1F94
:1004C000E78080F9232AA9022A84CD445DD113064E
:1004D000400881459700FF1FE7804068A3010400A2
:1004E000230144012302640123105401232634070D
:1004F00023240402A302040063070A002285EF00FC
:100500005063AA8419E18144ADB74A85EFF08FC9E1
:100510008DB7397122DC06DE26DA4AD84ED652D49F
:1005200056D25AD05ECE62CC66CA0944630A06101F
:10053000BA84094463060710AA8B2E89328B368C45
:100540009720FF1FE7808073AA8A514475C99305DD
:10055000300541459720FF1FE78000F0AA894D44F0
:1005600065C198309C2003CA340022075D8FBC20EF
:10057000620AC207D98F336AFA0083A78A0263E648
:1005800047017D5709446398E70A6307090083C759
:100590004A000544898BC5C3214681450A859700D9
:1005A000FF1FE780A05B930C4C0093053005B3CC94
:1005B0000C0866859720FF1FE78000EA2A894D44D2
:1005C0003DC96286DA8511059700FF1FE780E06864
:1005D0001146A6854A859700FF1FE78000684146BF
:1005E00093858A014E859700FF1FE78000672147AA
:1005F0008A866686CA854E85EF10F07A2A841DE5C4
:1006000021468A8528009700FF1FE7800065214664
:100610009385440028009700FF1FE780405F8547CF
:10062000631EF502D2855E85EF80EFF34A85972041
:10063000FF1FE780C0EE4E859720FF1FE78020EE6A
:10064000F25022856254D2544259B259225A925AD7
:10065000025BF24B624CD24C216182800544F9B7B7
:10066000797122D406D626D24AD04ECE2E849397C4
:10067000556063D607049764FF1F938424DAA8307B
:100680009700FF1FE780003E2AC609CDEFF0DFA0EC
:10069000B24511E5A8209307F00F631FF5002E85E2
:1006A000EF606FD01319F468B25022549254F2499B
:1006B0004A85025945618280EF600FD4E5B713F98E
:1006C000150063070900EFF04FC013491400E9BF9C
:1006D000E1DD854421A0850493F4F40FEFE07FE78A
:1006E000E3F4A4FCB3179028B3C90708E18FE5D75A
:1006F0004E85EFF08F8FC167FD176305F500DD456F
:10070000EFF00FB23349340145B723A601A423A467
:1007100001A423A201A49767FF1F938767CF170740
:1007200000001307075D98C3170700001307472E43
:10073000D8C317F7FFFF1307071D98C79767FF1F59
:10074000938747CC171700001307874298C31717E2
:100750000000130707FDD8C31717000013078727EA
:1007600098C782809767FF1F83C787CBA18B0147FC
:1007700089C71767FF1F1307A7C923A4E1A4014571
:1007800082809767FF1F83C7A7C9918B014789C7DD
:100790001767FF1F130707C723A2E1A40145828043
:1007A000011106CE2AC6EFF05FF6324599459767EC
:1007B000FF1FA386A7C6EFD0FF86F24017F5FFFF05
:1007C0001305452D05616FE07FD91C5599C321455F
:1007D0008280411122C426C22A84AE8413050004FB
:1007E0009305300506C64AC09720FF1FE780C0C6A4
:1007F00008D479C513060004A6859700FF1FE7807B
:10080000602F7454B82A93778700EDCB1C54BC2317
:10081000A18BEDC783270408C5E7930530051305B1
:1008200000109720FF1FE78020C3AA872320A40879
:100830000D45C1CB74549C309832D1CB3337E00096
:100840000E07936707016C545CB0B829058B19CB70
:100850001854854638230D8B6316D700782013670C
:10086000170078A00327040809C7782013678700BA
:1008700078A00547639DE70C130984004146814534
:100880004A859700FF1FE780602D8145130584018D
:1008900041469700FF1FE780602C9304C40383A7A1
:1008A00081AAC1452685B5CF9C4FA5CF82978327C6
:1008B0000408BDCB2285EF00D0339307000549C162
:1008C0002145B24022449244024941018280A1471D
:1008D0003DFBBC20918B91E7BC2A918B99E3854726
:1008E0009DB79820942295473307F7029757010048
:1008F00093874735BA97B6979C23B1B79C3081C789
:100900009032E14729F2BC205D8F118B69DB982082
:10091000954794223307F70297570100938747348E
:10092000D1BFEF700FCF61B722859306C402268630
:10093000CA85EFF02FC02285EF00702551F1C14725
:100940000A203CB08145EF808FAC01459DBF13F775
:10095000870141C7C18B930484004146A1CB89051F
:1009600026859700FF1FE780E01881451305840165
:1009700041469700FF1FE780601E7C201309C403D7
:10098000C14593E747007CA083A781AA4A8595C704
:100990009C4F85C78297832704089DC32285EF005B
:1009A000502519FD930720053CB045B781452685A4
:1009B0009700FF1FE780801A4DBFEF708FC5E1BF22
:1009C0009306C4024A86A6852285EFF0AFB622853B
:1009D000EF00F01BCD4769D9E5B509478545638828
:1009E000E70093F7D70F11476396E70089450A2080
:1009F000EF80EFA17C2093E747007CA083270408C9
:100A000081C7930710054DB7C54779BF3C21638364
:100A10000726397122DC06DE26DA4AD84ED652D4B1
:100A20003C31130750052A846395E7080349750094
:100A3000138A81AA9309C50393573900AA9784277B
:100A400083270A00C1454E85B5C39C4FA5C3829735
:100A500083270A00A1C79C47B1C303250408137963
:100A60007900B3D62441858A93050504180893E6D6
:100A700006084E861305050882971375F50F19EDC4
:100A800041460C081305C4029700FF1FE78080064B
:100A90002285EF00D00F930760053CB0F2506254FE
:100AA000D2544259B259225A21618280EF706FB6F6
:100AB00045B7130710026392E7021C550327050888
:100AC000DE2361EB13F7071069C778555A2B1377AC
:100AD000071061C3930770023CB03C3013077002EB
:100AE000639FE70C3C5885E39305300571459720DB
:100AF000FF1FE780609628D819C571468145970089
:100B0000FF1FE780A0052458A1C8BC2C89E72285D7
:100B1000EFF08FADA8AC2858814541469700FF1FE4
:100B2000E780C00328583D472C2D9387F5FF93F7A6
:100B3000F70F6364F700EF70CFADEF60EF953C58AF
:100B4000A1458AAB13852701EF70AFAC2C580A2062
:100B5000EF003033631A0510930780023CB00A207F
:100B60009720FF1FE7808011414609C57E2513D6D7
:100B700017003E966254F250D2544259B259225A4A
:100B80001765FF1F0345B5890606854521616F601E
:100B90006FA813F7072009CB78545A2B1377072037
:100BA00001C7930790020DBF93F707409DD77C5470
:100BB000DE2B93F7074095D39307B00231BF13079D
:100BC00080026397E7023C5899C78E2B0A20138650
:100BD0002701EF0070301C54DE2313F7072029CFC4
:100BE00078545A2B1377072021CB93079002BDB777
:100BF00013079002639BE700EF704FD0AA850A208D
:100C0000EF00902C9307A00291BF1307A0026390FE
:100C1000E704EF700FCEAA85854701456384F50090
:100C2000814505452EC6EF708FCA2A86B2450A2037
:100C3000EF0030261C54DE2393F707409DC37C54FD
:100C4000DE2B93F7074091CF9307B00201BF130744
:100C5000B0026398E700EF700FCBAA850A20EF007F
:100C6000102B9307F00215BD38309307F002E318FC
:100C7000F7EE2DB58280411122C4405926C206C626
:100C80007C54AA84DE2B13F7071011C718545A237B
:100C9000137707100DE313F7072011C718545A23D1
:100CA0001377072009EB93F707408DCB1C54DE2305
:100CB00093F7074085C7930710023CB02285EFF0F9
:100CC000FFD438309307F002631EF7002244AA20B5
:100CD000B2409244814541016FE09FD49307F002F6
:100CE0003CB0EDB7B2402244924441018280397158
:100CF00022DC405926DA4AD84ED606DE2A89AE844E
:100D0000B289630204382A211E20639FA7103C2069
:100D1000638607389387E5FF93F7F70F2D47636FD7
:100D2000F73617570100130767F5B3C7E7209C4351
:100D3000BA97828722856254F250D2544259B259EE
:100D4000B28521616FF07FA84146CE851305C404AA
:100D50009700FF1FE78000DA22859D253830930732
:100D60004005631AF700930790053335A0009314EC
:100D700035003CB05DA893066005D147E317D7FE68
:100D80009307A005DDB71309C4054A854146CE8502
:100D90009700FF1FE78000D6032504084DC53C30AF
:100DA000130790056397E700228555259307E00513
:100DB00095A81307A0056392E7087C3013D7370086
:100DC000229714279D8BB3D6F640858A83A781AAE4
:100DD00093E60608B1CB9C47A1CB930505081808FC
:100DE0004A861305050482971375F50F15ED4146E4
:100DF0000C081305C4049700FF1FE78040E17C3016
:100E00004D47850793F7F70F7CB0E36FF7F88545FB
:100E10001755FF1F0345B5609720FF1FE78060D37C
:100E2000930750053CB031A8A144F2506254425996
:100E3000B2592685D254216182801307C005E3850B
:100E4000E7F68144DDB7930984004A86CE85228582
:100E50001408EFE03FEE41469305C40408089700EC
:100E6000FF1FE780C0DA71D18A861306C403CA85E2
:100E70004E85EF10E069A1440DE12285EFE0DFF639
:100E80002A870A209757FF1F83A7075981460146E3
:100E90008A858297B334A0008E0493072002D1BDC7
:100EA0000C22EFE0FFB771BF3830930720026317C1
:100EB000F71E7C5889EB9305300571459710FF1F8D
:100EC000E780805968D86858630A051C4146CE857A
:100ED0009700FF1FE78000C264582285EFE0DFF033
:100EE000A8AC930730023DBF383093073002631738
:100EF000F71A1E2268582146938529001EA9490524
:100F00009700FF1FE78000BF7C54DE2B13F72700FC
:100F10002DC718545A23098B2DC39307400219B7C4
:100F2000383093074002631BF7163C5C81EB854524
:100F30005D459710FF1FE780205228DC285CE30204
:100F400005F083C709004146CE857CA99700FF1FA5
:100F5000E78040BA93075002F1B53830930750024A
:100F6000631EF712285C1946938519004105970006
:100F7000FF1FE78020B87C54DE2B918B95CF1C544B
:100F8000DE23918B95CB9307600269BD7C5C89EB76
:100F90009305300551459710FF1FE780E04B68DC53
:100FA000685CE30305E84146CE859700FF1FE780B4
:100FB00060B47C5C7D5798CB4A85EFF0DFCB51B5B0
:100FC0000325040813060004CE85130505049700C5
:100FD000FF1FE78020B22285EFE05FD23C3013078D
:100FE00000056395E700930740052DBD1307100525
:100FF000E38FE7E013072005E395E7E483A781AAE1
:10100000E38407E29C47E38107E283250408930415
:101010008400180893850508814626862E858297C8
:101020000A201008A685EF707FC79307B005DDBBC7
:1010300038309307E0056313F7068325040841461B
:101040004E859700FF1FE78080BCAD44E30F05DCB1
:10105000032504084146CE859700FF1FE78080A93D
:101060002285EFE07FD82A872C580A209757FF1F48
:1010700083A7873A814601468297B334A0008E0445
:1010800093071002FDB1AD47E39DF5DA14222E213E
:10109000130665000821EF708FBD65B39D4471B3E1
:1010A000AA87094541C6D9C11CA29C211CB29C310A
:1010B0003CA2BC213CB2BC31A30206005CA2DE21F2
:1010C00093D787485CB2DA211377072001C793E7EB
:1010D00027005CB2DE2193F7074089C75C3293E7B3
:1010E00047005CB2DE211317B028F98F89C75C3244
:1010F00093E787005CB223030600DE21858B7CA288
:10110000DA21098B01C793E727007CA2DE21918BAE
:1011100089C77C2293E747007CA2DE21A18B89C787
:101120007C2293E787007CA20145828082802E8604
:10113000AA8505456FF0DFF62E86AA8509456FF072
:101140003FF68DC52A87094505C7411106C6AE87FA
:101150008D4694A1138517004146BA859700FF1F5D
:10116000E7804099B2400145410182800945828073
:1011700082808DC52A87094505C7411106C6AE87FD
:10118000914694A1138517004146BA859700FF1F29
:10119000E7804096B2400145410182800945828046
:1011A00082808DC52A87094505C7411106C6AE87CD
:1011B000994694A1138517004146BA859700FF1FF1
:1011C000E7804093B2400145410182800945828019
:1011D00082809DC92A87094515CB411106C69D46C7
:1011E00094A11623AE871385370094B116232146A8
:1011F000A182B4A1930527009700FF1FE780808F8D
:10120000B2400145410182800945828082808DC5BE
:101210002A87094505C7411106C6AE87A14694A194
:10122000138517004146BA859700FF1FE780808C21
:10123000B24001454101828009458280828085C992
:101240002A8709451DC7411106C6A54694A1142346
:10125000AE871385270094B11946930517009700B0
:10126000FF1FE7802089B240014541018280094586
:10127000828082808DC52A87094505C7411106C62F
:10128000AE87A94694A1138517004146BA859700F9
:10129000FF1FE7802086B240014541018280094559
:1012A0008280828095C52A8709450DC7411106C6EF
:1012B000AE87B14694A11385170013060004BA85C2
:1012C0009700FF1FE7800083B24001454101828003
:1012D0000945828082808DC52A87094505C741114D
:1012E00006C6AE87B54694A1138517004146BA8558
:1012F0009700FF1FE7800080B240014541018280D6
:10130000094582808280AA87094581C999C7154706
:1013100098A19C2301459CB182808280AA870945BF
:1013200081C999C72D4798A19C2301459CB1828012
:1013300082800DC55D718A8586C6A2C42A84EFE0CD
:101340003F980A200A8697060000938686DE9D4510
:10135000EFE0BF8AB6402644616182800545828005
:101360000DC55D718A8586C6A2C42A84EFE05F95AB
:101370000A200A8697060000938646DC9D45EFE02A
:10138000DF87B640264461618280054582805D71B9
:10139000A2C49305C5022A8441460A8586C697F0F1
:1013A000FE1FE78020750A200A86970600009386B4
:1013B00086D9C545EFE07F84B640264461618280CE
:1013C0005D71A2C49305C5032A8441460A8586C679
:1013D00097F0FE1FE78000720A200A869706000039
:1013E000938666D9C545EFE05F81B64026446161CA
:1013F000828083A781AAA9CB9C435D71A2C486C6C3
:101400002A841305E00F8DCF032504089305050CEE
:1014100013050508829783250408130600040A852E
:101420009385050897F0FE1FE780C06C0A20970699
:101430000000938666E70A8693051004EFE0EFFB51
:10144000B6402644616182801305E00F82803171CD
:1014500022DD2A840A2126DB06DF4AD94ED752D55F
:1014600056D35AD15ECF62CD66CB9720FF1FE7805F
:10147000E0803C58AA8489EB9305300571459710AC
:10148000FF1FE78060FD28D82858CD4705C9714661
:10149000814597F0FE1FE780606C032904072285D1
:1014A000EFE09F94230DA9003C20138981AA638259
:1014B0000712832709008DE39307E00FFA506A545F
:1014C000DA544A59BA592A5A9A5A0A5BFA4B6A4C60
:1014D000DA4C3E852961828003AC0701E30E0CFCE7
:1014E000032B0408EF60FFC0AA8B0145EF603FBEED
:1014F000DC303458130B0B029309C403130AC405E0
:10150000938A64002A8736C0B337F0009308010439
:101510005688B33670015286CE855A85029C1C547B
:10152000B8232307E1029833A306E1029C23230694
:10153000F10283270900C9D383AB4701E38E0BF681
:10154000DC30B337F0003ECEEF60BFBA2A8B0145E6
:10155000EF60FFB703270408F2472AC03AC2B33846
:10156000600156887810930684004E86D2858800E4
:10157000829B7C54B82B2305E1029833A304E1023B
:101580009C232304F1028327090003AB4701EF608A
:101590005FB62A890145EF609FB383C854009C0859
:1015A0002A883EC2B3381001B337200138109306A1
:1015B00084015286CE8556C08800029B0A20970679
:1015C0000000938686D19008C545EFE00FE3AA8717
:1015D000F5B5D43083270900032B0408B336D000B7
:1015E00083AC070136CEEF60DFB0AA8B0145EF6018
:1015F0001FAE3C58F246130B0B02130AC4059309A5
:10160000C403938A64002A88930801044E86D28515
:101610003EC05687B33770015A85829C1C54930B89
:101620000103B8232307E1029833A306E1029C23B8
:101630002306F1028327090083AC4701DC30B3376E
:10164000F0003ECEEF60FFAA2A8B0145EF603FA875
:10165000F2472AC0B3386001568878109306840098
:101660004E86D2855EC28800829C8325040841464E
:101670005E8597F0FE1FE7808059AD47E31B05EEBE
:1016800035BD2E86970600009386E6B1C5456FE00E
:10169000CFD65D71B287A2C44C802A84BE85130563
:1016A0001100194686C697F0FE1FE780A0440A86FF
:1016B0002285970600009386C6B8A145EFE0EFD3D8
:1016C000B6402644616182802E869706000093868C
:1016D00046B4C5456FE06FD25D71B287A2C46C801D
:1016E0002A84BE8513052100214686C697F0FE1F79
:1016F000E78040400A862285970600009386A6ADC3
:10170000AD45EFE08FCFB6402644616182802E86E2
:1017100097060000938646B6C5456FE00FCE7971F7
:1017200022D406D626D24AD03C31130730052A846B
:101730006385E708130750056396E70803497500BA
:101740009307A0053CB193573900AA97842783A734
:1017500081AA1305C503C145B1CF9C4FA1CF829784
:1017600013797900B3D62441858A93E6060883A7C6
:1017700081AA9DCB9C478DCB03250408180813062E
:10178000C403930505041305050882971375F50F27
:1017900001ED1305C40241460C0897F0FE1FE780D7
:1017A00060352285EFF0BFBEB250225492540259E8
:1017B00045618280EF60EFE565B7930790053CB126
:1017C000814675B7130710026391E7027C55032722
:1017D0000508DE2B79EF13F7170061CF18555A2350
:1017E000058B61CB930720023CB03C3013072002ED
:1017F0006398E70E3C5889EB9305300571459710C7
:10180000FF1FE78060C528D82458A5CC2285EFE0CB
:10181000AFDDA8AC28588145414697F0FE1FE78010
:10182000E03328583D472C2D9387F5FF93F7F70FAA
:10183000636BF70283C741ABCDC3414681450808BE
:1018400097F0FE1FE780803119469755FF1F93855B
:10185000659C080897F0FE1FE780C02930580C08E7
:101860002E85EFA0701CEF502FC33C58A1458AABCA
:1018700013852701EF60EFD92C580A20EFF07FE0A5
:1018800001E5930730023CB00A209710FF1FE78064
:10189000E03E414611C172252254B2509254025981
:1018A0001755FF1F0345B5B70606854545616F50BF
:1018B0006FD613F7270001CB18545A23098B01C7A1
:1018C0009307400215B7918B8DD31C54DE23918B67
:1018D000E38D07F09307600201BFEF608FD361B71C
:1018E000130730026396E7023C5899C78E2B0A20F3
:1018F00013862701EFF05FDE7C54DE2B13F7270001
:1019000039CB18545A23098B39C793074002A5BF16
:1019100013074002639CE700EF604FFEAA850A2090
:10192000EFF09FDA9307500239DDB9BF1307500279
:10193000639CE702EF60EFFBAA85054599C18545E9
:1019400001452EC6EF60AFF82A86B2450A20EFF0B7
:101950005FD47C54DE2B918B95C31C54DE23918B7A
:1019600091CF9307600205B7130760026398E70001
:10197000EF606FF9AA850A20EFF07FD97C54032726
:101980000408DE2B09EF13F7071011CB18545A2364
:101990001377071009C7930770023CB031B513F7EE
:1019A000072009CB18545A231377072001C7930740
:1019B0009002E5B793F7074089CB1C54DE2393F7D9
:1019C000074081C79307B002C9BF9307F002F1B780
:1019D000397122DC26DA4AD84ED606DE52D42E8958
:1019E000B289AA849710FF1FE780402940594146D9
:1019F00081450A8597F0FE1FE780401635C4035ADB
:101A0000040063139A06383093071002631FF7022D
:101A10008327040899CF2C58A1C95285EF10502C68
:101A20000545F2506254D2544259B259225A2161AA
:101A300082808A861306C4059305C40313058400B7
:101A4000EF00102D15E18A85C9BF2C5891CD9E2934
:101A5000639C37012146C9054A8597F0FE1FE78040
:101A6000001B19C12C5855BF26859710FF1FE78012
:101A7000E0202A8455D54C55B9C19E29639137057C
:101A80002146C9054A8597F0FE1FE7804018854723
:101A90006317F50283C7318689C74C54BC3D6392F6
:101AA000A70CBD452685EF10D01E9747FF1F83A7C3
:101AB000676881C789451D45829701459DB7138990
:101AC00031AB834709009749FF1F9389A963858B31
:101AD0008DCF583083C7C1AA6319F7021946938581
:101AE000D1AA1305640097F0FE1FE78040128547D6
:101AF000631DF50083A7090381C791451D458297A2
:101B0000BD452685EF10F01821BF03C741AB83A761
:101B1000090331CB03470900098B09CB81C79545E0
:101B20001D4582972685EF10F01BDDBD81C78D45D1
:101B30001D45829741468145080897F0FE1FE780C2
:101B4000E00119469745FF1F9385C56C080897F07B
:101B5000FE1FE78020FA0C082E850A86EFA0C06CD5
:101B60008A85268565BD8545C5FF6DBF797122D4FF
:101B7000405926D24AD04ECE06D6AA892E89B284A2
:101B8000630404622A211E20638BA7002149B250FE
:101B900022549254F2494A850259456182803C2080
:101BA000639207629387F5FF93F7F70F3147636BF3
:101BB000F760174701001307670FB3C7E7209C437F
:101BC000BA9782871C54F9F3930530051305000476
:101BD0009710FF1FE780408808D44DD9982091477F
:101BE00063F4E7000D4965B798308547E3ECE7FEFD
:101BF00013060004A68597F0FE1FE780A0EF185497
:101C00007C54A30204005443D04BFD75858A758E25
:101C1000D62B9385F57FF99AD18ED6ABD04B544312
:101C2000758ED62B098AF59AD18ED6ABD04B5443FC
:101C3000758ED62B118AED9AD18ED6ABD04B5443EC
:101C4000758ED62B218ADD9AD18ED6ABD04B5443DC
:101C5000758ED62B1376061093F6F6EFD18ED6AB93
:101C6000D04B5443758ED62B1376062093F6F6DFB1
:101C7000D18ED6ABD04B5443758ED62B13760640FF
:101C800093F6F6BFD18ED6ABD44B5043F18ED22B08
:101C900093D6B648AE066D8ED18ED6ABBC2B03253F
:101CA0000408A18BEDC73C23A18BF5C3E31005EE1F
:101CB00093053005130500109700FF1FE780C079DA
:101CC0002320A40805D17C54A30204009830943347
:101CD00099E649CB5C3093E707015CB021A0A147AE
:101CE0005CB06DFB2285EFF0AFE76C54BC29858BAF
:101CF00089CB1C54BC238D8B89C77C2093E71700AC
:101D00007CA08327040889C77C2093E787007CA0F8
:101D10005C300547639EE70A414681451305840010
:101D200097F0FE1FE78080E381451305840141465B
:101D300097F0FE1FE78080E283A781AA1305C40302
:101D4000C145C1C79C4FD1C3829703270408C1472F
:101D500019C3930700050A203CB08145EF603FEBB3
:101D6000014935B5B82B118B11E7B820118B19E358
:101D70008547A5B79823942095473307F7029747DF
:101D80000100938727ECBA97B6979C23B9B719C57A
:101D90009700FF1FE780A078232004087C54983325
:101DA00009C7983019C3E1470DBFB82B118B01E764
:101DB000B820118B55DF9823954794203307F702FD
:101DC000974701009387C7E97DBFEF608F84B5BF58
:101DD00013F7870135C3C18B130584004146B1C396
:101DE000890597F0FE1FE780E0D081451305840147
:101DF000414697F0FE1FE78060D67C201305C403A0
:101E0000C14593E747007CA083A781AA8DC39C4F5F
:101E100099CF82978327040891CF930720053CB080
:101E200081B7814597F0FE1FE78040D37DBFEF501B
:101E30005FFECDB7CD47E5B7094789456386E70023
:101E400011476397E70085450A20EF605FDC21A01A
:101E50001947E38AE7FE7C2093E747007CA08327AD
:101E6000040881C7930710055DBFC5474DBF4146B4
:101E7000A6851305C40497F0FE1FE780A0C73C3079
:101E800013076005639EE70085451745FF1F03455F
:101E900015599710FF1FE780C0CB9307500541B736
:101EA00045476384E7029306C4021306C4039305FF
:101EB00084002285EFD01FE82285EFF04FCD333923
:101EC000A0000E09D1473CB0D9B1C94789BF9309D9
:101ED000C4054E854146A68597F0FE1FE78080C168
:101EE0000325040879C13830930690056318D7009C
:101EF0002285EFF0EFCC9307E00515B79306A00518
:101F00006318D706783003A681AA93563700A296A5
:101F100094266309062A032886006305082A1D8B78
:101F2000B3D6E640858A0A8793E606089305050836
:101F30004E8613050504029841468A851305C4049C
:101F400097F0FE1FE780A0CC133915002285EFF033
:101F50002FC77C30CD460A09850793F7F70F7CB071
:101F60001307600563F4F6001307E00538B005B108
:101F70009306C005E316D7DE03A781AA63040724EE
:101F80000328870063000824930505089304840050
:101F90000A87814626862E8502980A200A86A6850B
:101FA000EF60DFCF9307B0059DBD8A864E8693050F
:101FB00084002285EFD01FD841469305C4040A85CA
:101FC00097F0FE1FE780A0C48547E312F5BC228589
:101FD000EFF00FBF93071002E30305E445BE38306E
:101FE000930770026310F71E7C5889EB9305300548
:101FF00071459700FF1FE780204668D86858630343
:10200000051CA685414697F0FE1FE780A0AE6458E8
:102010002285EFD07FDDA8AC9307800209B5383068
:10202000930780026310F71A1E2268582146938591
:1020300024001EA9490597F0FE1FE780A0AB7C5441
:10204000DE2B13F7072035C718545A2313770720C0
:102050002DC393079002E1B33830930790026313C6
:10206000F7163C5C89EB930530055D459700FF1F33
:10207000E780803E28DC285C630605144146A6857F
:1020800097F0FE1FE78000A79307A00249BB3830F6
:102090009307A0026318F7121C22285C1946938547
:1020A00014007CA9410597F0FE1FE780A0A47C5492
:1020B000DE2B93F70740A1C71C54DE2393F707409C
:1020C0009DCF9307B002A1BB38309307B002631BCA
:1020D000F70E7C5C89EB9305300551459700FF1F97
:1020E000E780803768DC685CE30205AA4146A68584
:1020F00097F0FE1FE78000A07C5C7D5798CB03D54E
:1021000029008145EFD0DF91A1B938309307F00461
:10211000E3FEE7A603250408E30A05A61306000468
:10212000A6851305050497F0FE1FE780A09C228575
:10213000EFF02FAC2A892285EFD05FBC3C3013072B
:102140000005639FE70003D6E90085451745FF1F9B
:102150000345F52C0606EF40FFCB93073005A5B3EA
:10216000130710056395E70093076005A9BB1307E4
:102170002005E39EE7A09307C005B1B3383093076D
:10218000E005E315F7A0032504084146A68597F06E
:10219000FE1FE78020962285EFF06FAB2A89930718
:1021A000100215B30C22B9BF8547E39BF5BA03288B
:1021B00046003C32382214322E2110220145EF60B5
:1021C000EF9F79BE1D49E1B28147C1463307F50053
:1021D000B388F500182383C808003308F600850784
:1021E000334717012300E800E392D7FE82803D4782
:1021F00081477D583306E5001422B388E5007D173A
:102200008606D58F2380F8001C229D83E31407FFE8
:1022100082800147C1469377F70F63FDC700B3077C
:10222000E5009C233388E5002300F8000507E3144C
:10223000D7FE8280918F93B717009E07E5B70111F3
:102240004AC84EC62E89AA8993053005414506CE57
:1022500022CC26CA52C4328A9700FF1FE780C01FD3
:102260002A849305300541459700FF1FE780C01E73
:10227000AA845DC059C14146814597F0FE1FE780A1
:10228000E08D4E852286A685EF90107AAA8929E1F5
:102290008307040063D90704A6852285EFF03FF584
:1022A0004A86974501009385A5A32685EFF0DFF1C7
:1022B0008307090063DE0702A6854A85EFF03FF336
:1022C0005286974501009385A5A12685EFF0DFEFA3
:1022D00022859700FF1FE780802426859700FF1F37
:1022E000E780E0230DA0CA852285EFF05FF0C9B733
:1022F000D2854A85EFF0BFEFE1BF22859700FF1F2F
:10230000E780E021CD49F2406244D2444249224A6A
:102310004E85B2490561828075D5CD497DBF814723
:102320004146B306F5003387F500182303C80600BD
:1023300085073347070198A2E395C7FE8280011104
:1023400026CA4EC6AE84AA8993053005130500033C
:102350004AC806CE22CC32899700FF1FE780C00F03
:102360002DC51306000381452A8497E0FE1FE780F0
:10237000E07E4146CE85228597F0FE1FE780E08D06
:10238000A6850D461305D40197F0FE1FE780E08C6B
:1023900013060402930504012285EF90F068AA84D5
:1023A0000D469305D4024A8597F0FE1FE780E08A28
:1023B00022859700FF1FE7808016F2406244424961
:1023C000B2492685D24405618280CD44FDB75D7156
:1023D00052DC62D42E8A2A8C930530051305000343
:1023E000A6C2CAC04EDE56DA5AD85ED686C6A2C487
:1023F000B28B368BBA84BE8A4289C6899700FF1F8A
:10240000E7808005630405101306000381452A84D4
:1024100097E0FE1FE78080744146E285228597F0B1
:10242000FE1FE7808083414681450A8597E0FE1FB5
:10243000E780C0721D46DE850A8597F0FE1FE780A3
:10244000C0811D46DA851305710097F0FE1FE780F5
:10245000C08033392001B3349000414681450808DB
:1024600023072101C48797E0FE1FE780206F1946EC
:10247000D685480897E0FE1FE780207ECE85194666
:102480001305A10197E0FE1FE780207D13090401D9
:102490004146D2854A8597E0FE1FE780007C8A8509
:1024A0004A85EFF0DFE7930904024E86CA8522854C
:1024B000EF909057AA840DE94146CE854A8597E072
:1024C000FE1FE78020630C084A85EFF05FE54E862B
:1024D000CA852285EF905055AA8446454146CE854F
:1024E00097E0FE1FE780607722859700FF1FE78057
:1024F0000003B64026440649F259625AD25A425B5A
:10250000B25B225C2685964461618280CD44D5B75A
:1025100001114EC652C4AE892A8A930530051305AF
:10252000000326CA4AC806CE22CCB2843689970058
:10253000FF1FE78060F235C52A84D285414697E0C7
:10254000FE1FE7808071130A0401CE852146528563
:1025500097E0FE1FE7806070A68521461305840181
:1025600097E0FE1FE780606F930904024E86D285D4
:102570002285EF90704BAA844146CE854A8597E02C
:10258000FE1FE780806D22859700FF1FE78020F9FE
:10259000F24062444249B249224A2685D24405614A
:1025A0008280CD44F5B739715ECE62CCAA8B2E8C79
:1025B00041459305300506DE4ED652D45AD066CA40
:1025C0006AC8B289B68C3A8D22DC26DA4AD856D24D
:1025D0009700FF1FE78040E82A8A930530054145B0
:1025E0009700FF1FE78040E72A8B63040A1415E574
:1025F00052859700FF1FE78080F24D44F2502285FC
:102600006254D2544259B259225A925A025BF24B46
:10261000624CD24C424D216182802A86D2855E85F1
:10262000EFF0FFC12A8401CD52859700FF1FE7809C
:1026300000EF5A859700FF1FE78060EEC1B7930552
:10264000300541459700FF1FE78000E1AA8493050C
:10265000300541459700FF1FE78000E0AA8AF9C4D2
:1026600009ED26859700FF1FE78060EB52859700F4
:10267000FF1FE780C0EA4D446DBF1389F90013596D
:10268000494013F6F900630509047D193349090827
:1026900029E2131549005686D2856295EFF0DFB224
:1026A00041468145268597E0FE1FE780204B814902
:1026B000B3C7090863F827051DC426859700FF1FC7
:1026C000E780E0E556859700FF1FE78040E5A9BF5A
:1026D0000149131549008A856295EFF09FB356862C
:1026E000DA850A8565BF939549000A86E2952685B5
:1026F000EFF09FAD26868A855E85EF90F0322A84C2
:1027000085097DB75DF80A86D6852685EFF0DFABB3
:1027100026868A855E85EF9030312A846A86A68572
:10272000668597E0FE1FE780E03C41BF21D14D4424
:1027300051BFE30405EC81B739715ECEAA8B5945D0
:1027400026DA4AD84ED652D456D25AD062CC06DEB9
:1027500022DC034C01042E8BB28A368A3AC6BE892B
:102760004289C68497E0FE1FE780A02925CD9167A6
:10277000938717E91EA185473CA12A84B24521050C
:10278000638A0B04930710033CB01946814597E018
:10279000FE1FE780A03C23035401A3034401230A46
:1027A000840123126401231734012318240126A86D
:1027B000A2856254F250D2544259B259225A925AC6
:1027C000025BF24B624C1745FF1F034525C5216193
:1027D0006F408FC2A3010400194697E0FE1FE780F7
:1027E000603155BFF2506254D2544259B259225A04
:1027F000925A025BF24B624C21618280011152C4F9
:102800002A8A314522CC26CA4AC84EC606CEAE898F
:102810003289B6843A8497E0FE1FE780801E0DCD92
:102820009167938717E91EA18D473CA1A30145013C
:1028300022A56244231235012313250106A5F24087
:10284000D2444249B249224AAA851745FF1F03458F
:10285000E5BC05616F404FBAF2406244D244424940
:10286000B249224A0561828001114EC6AA893945C2
:1028700026CA4AC806CE22CC2E89B28497E0FE1F13
:10288000E780201821C19167938727E91EA191470E
:10289000A3013501231225012A843CA1A68519052F
:1028A000214697E0FE1FE780E024A2856244F240C3
:1028B000D2444249B2491745FF1F034525B6056179
:1028C0006F408FB3F2406244D2444249B24905613D
:1028D000828001114AC82A89414526CA06CE22CCE7
:1028E0002EC6B28497E0FE1FE780A01115CD916738
:1028F000B245938727E91EA195472A842312250113
:102900003CA12146190597E0FE1FE780A01EA28585
:1029100066A46244F240D24442491745FF1F034572
:1029200015B005616F404FADF2406244D244424958
:1029300005618280011152C42A8A394522CC26CAF7
:102940004AC84EC606CEAE893289B6843A8497E02C
:10295000FE1FE780000B0DCD9167938717E91EA13D
:1029600099473CA142A56244231245012313350136
:102970002314250126A5F240D2444249B249224AF5
:10298000AA851745FF1F034565A905616F40CFA6BE
:10299000F2406244D2444249B249224A05618280EF
:1029A000797122D426D24AD04ECE52CC06D62A8471
:1029B0002E8AB2893689BA849700FF1FE780002CDF
:1029C00011CD1306F00F2C0022852314410123158D
:1029D0003101231621016487EFC01F91B2502254A8
:1029E00092540259F249624A45618280011152C4EF
:1029F0002A8A394522CC26CA4AC84EC606CEAE8996
:102A00003289B6843A8497E0FE1FE78080FF0DCDBF
:102A10009167938717E91EA19D473CA142A5624497
:102A200023124501231335012314250126A5F24065
:102A3000D2444249B249224AAA851745FF1F03459D
:102A4000E59D05616F404F9BF2406244D24442498C
:102A5000B249224A056182805D715AD82A8B1305DA
:102A60004002A2C4A6C2CAC04EDE56DA62D466D202
:102A70006AD06ECE86C652DC5ED6835D0105035DEC
:102A80004105834C8105034CC105835A0106AE897B
:102A90003289B6843AC43EC042C2468497E0FE1FE3
:102AA000E78020F669C911672A8A130717E91AA176
:102AB00093074A011307900238A13EC6A24521059B
:102AC000930BEA0063020B0813071003A301EA004B
:102AD0001946814597E0FE1FE78040081946814569
:102AE0005E8597E0FE1FE780600719468145130564
:102AF0004A0197E0FE1FE780600623032A01A30333
:102B00009A0023009A03A3008A03231D8A00264407
:102B100023123A01231EBA01231FAA0123115A03CB
:102B2000B64096440649F259D25A425BB25B225CE7
:102B3000925C025DF24DD285625A1745FF1F034534
:102B4000E58D61616F404F8BA3010A00194697E044
:102B5000FE1FE78020FA82455E85194697E0FE1F3A
:102B6000E78040F99245194613054A0197E0FE1F98
:102B7000E78040F859B7B640264496440649F259D2
:102B8000625AD25A425BB25B225C925C025DF24DA9
:102B90006161828001114EC6AA89214522CC26CAD4
:102BA0004AC806CE2E89B284368497E0FE1FE7809D
:102BB00040E515C99167938717E91EA1B1473CA16C
:102BC000A301350164A160B1624423122501F240E2
:102BD000D2444249B249AA851745FF1F03450584DF
:102BE00005616F406F81F2406244D2444249B2496C
:102BF00005618280411126C2AA84614506C622C4AD
:102C000097E0FE1FE780E0DF3DC99167938717E9F2
:102C10001EA1930740023CA19C302A849385640046
:102C20003CB1BC30B8202105A207D98F231EF5FE88
:102C3000DC201946230FF5FEDC30A30FF5FE97E0EC
:102C4000FE1FE78020EBDC24A2851735FF1F03451C
:102C5000E57C7CA4FC24D834A207D98F1EA8FC34C0
:102C60003CA89C283CB89C385CA8BC285CB8BC3804
:102C70007CA82244B240924441016F30FFF7B24039
:102C80002244924441018280411122C42A84194580
:102C900006C697E0FE1FE780C0D615C191679387EF
:102CA00017E91EA1C1473CA142A12244B240AA8516
:102CB0001735FF1F0345857641016F30FFF3B240A2
:102CC00022444101828041110D4506C697E0FE1F56
:102CD000E78020D315C1930710F91CA19307E003E7
:102CE0001CB1C5473CA1B240AA851735FF1F03455B
:102CF000E57241016F305FF0B24041018280011105
:102D00004EC6AA89294522CC26CA4AC806CE2E8993
:102D1000B284368497E0FE1FE780A0CE15C9916784
:102D2000938717E91EA1C9473CA1A30135012302DE
:102D3000250100A5624466A1F240D2444249B2494D
:102D4000AA851735FF1F0345656D05616F30DFEA02
:102D5000F2406244D2444249B24905618280011185
:102D60004EC6AA892D4526CA4AC806CE22CC2E892F
:102D7000B28497E0FE1FE780C0C831C1930710F905
:102D80001CA19307E0031CB1CD47A3013501230229
:102D900025012A843CA1A6851505194697E0FE1F4A
:102DA000E78040D5A2856244F240D2444249B2490C
:102DB0001735FF1F0345856605616F30FFE3F2405D
:102DC0006244D2444249B24905618280411126C21F
:102DD000AA84214522C406C62E8497E0FE1FE78000
:102DE00040C205C59167938717E91EA1D1473CA151
:102DF00060A1224446A1B2409244AA851735FF1F24
:102E00000345C56141016F303FDFB2402244924427
:102E100041018280411126C2AA84714506C622C49E
:102E200097E0FE1FE780E0BD59C19167938717E9DE
:102E30001EA1930760023CA19C302A849385A400C4
:102E40003CB1BC30B8203105A207D98F231CF5FE58
:102E5000DC30D8201946A207D98F231DF5FEFC309F
:102E6000F820A207D98F231EF5FE9C24230FF5FE20
:102E70009C34A30FF5FE97E0FE1FE780A0C79C28B7
:102E8000A2851735FF1F034565593CA8BC28983813
:102E9000A207D98F5EA8BC38A30B0400230C040042
:102EA0007CA82244B240924441016F30FFD4B2402A
:102EB0002244924441018280411126C206C622C4A6
:102EC0009734FF1F93848455F8309307F00F630FF6
:102ED000F7022A84194597E0FE1FE78080B2AA8591
:102EE00015C5930700FD1CA193077002A300050000
:102EF0003CA11C303CB13C205CA13C305CB1224484
:102F0000E830B240924441016F301FCFB2402244BA
:102F10009244410182809737FF1F83C79750130760
:102F2000F00FAA856396E70017F3FE1F6700235F83
:102F30001307000D1AA11307800238A13E856F30D8
:102F4000BFCB411126C2AA84714506C622C497E0B0
:102F5000FE1FE78000AB59C59167938717E91EA153
:102F6000930760023CA19C302A849385A4003CB165
:102F7000BC30B8203105A207D98F231CF5FEDC3008
:102F8000D8201946A207D98F231DF5FEFC30F82062
:102F9000A207D98F231EF5FE9C24230FF5FE9C3437
:102FA000A30FF5FE97E0FE1FE780C0B49C28A28522
:102FB0001735FF1F034585463CA8BC289838A20753
:102FC000D98F5EA8BC387CA8DC287CB8DC381CAC67
:102FD000FC281CBCFC383CAC2244B2409244410169
:102FE0006F309FC1B240224492444101828041111E
:102FF0004AC02A89214522C426C206C6AE8432842C
:1030000097E0FE1FE780E09F05C5930710591EA1BA
:103010002301250160A1224446A1B2409244024905
:10302000AA851735FF1F0345653F41016F30DFBC9F
:10303000B24022449244024941018280411126C299
:10304000AA84214522C44AC006C62E89328497E04C
:10305000FE1FE780009B1DC59167938727E91EA18E
:10306000A1473CA164A160B1224423122501B240D2
:1030700092440249AA851735FF1F0345553A41017D
:103080006F309FB7B240224492440249410182808E
:10309000011152C42A8A314522CC26CA4AC84EC6DA
:1030A00006CEAE893289B6843A8497E0FE1FE78067
:1030B00040951DC98567938717C91EA12301450146
:1030C0002303250122A562442312350106A5F240FF
:1030D000D2444249B249224AAA851735FF1F034507
:1030E000E53305616F305FB1F2406244D24442493A
:1030F000B249224A0561828001114AC82A89138592
:10310000C50026CA06CE22CCAE8432C697E0FE1F8A
:10311000E780208F0DCD8567B245938717E924A1FD
:10312000231225012A841EA1310508C4268697E0B2
:10313000FE1FE780209CA2856244F240D2444249AF
:103140001735FF1F0345852D05616F30FFAAF2403B
:103150006244D244424905618280411126C2AA8458
:10316000194522C406C62E8497E0FE1FE7806089B9
:1031700005C58567938717F91EA1854724A13CB132
:1031800042A12244B2409244AA851735FF1F03454D
:10319000E52841016F305FA6B240224492444101CC
:1031A0008280411122C42A840D4506C697E0FE1F85
:1031B000E78020850DC1930710F91CA1E9471CB1D8
:1031C00020A12244B240AA851735FF1F03450525DB
:1031D00041016F307FA2B2402244410182804111FF
:1031E00022C42A84214526C206C6AE8497E0FE1F6B
:1031F000E78020810DC59167938727E91EA193077A
:1032000000033CA160A1224446A1B2409244AA8599
:103210001735FF1F0345B52041016F30FF9DB240B8
:1032200022449244410182804111214522C426C298
:1032300006C6AE84328497D0FE1FE780807C15C11D
:103240008567938707391EA185473CA162A1224467
:1032500046A1B2409244AA8503C5E1A341016F3063
:10326000BF99B2402244924441018280011122CC94
:1032700026CA4EC652C456C25AC01304F5FF06CE23
:103280004AC8094BAA89AE84328AB68A33440408F4
:1032900063946513138BB1A383470B00C9CB03C998
:1032A00016009C2222093369F9009737FF1F83D744
:1032B00067E6F517635BF91C9307C6FF6314F9080B
:1032C000314597D0FE1FE780C0732A8439CD231380
:1032D0004501930700F9150AA1651EA123113501C7
:1032E00044A18505528597F0FE1FE780E01608C4CB
:1032F00005C983470B009385EAFF13562A00FD1783
:103300002300FB0097E0FE1FE78080811C44A2851C
:1033100003C5E1A389071CC4EF301F8E814401A8B7
:10332000228597F0FE1FE780801F9304F00FF24084
:1033300062444249B249224A924A024B2685D2440B
:10334000056182809307D6FFE341F9FEB14733045C
:10335000F402938481A29C40A297B82719C788439E
:1033600009C597F0FE1FE780801BA1651305490082
:10337000850583A904003345050897F0FE1FE78003
:10338000A00D9C40A29923A0A900A297884351DDDB
:103390000547B8A783470B005286D685FD17230043
:1033A000FB0097D0FE1FE780E0749C40A297239318
:1033B0004701239227019DB78547E398F5F6B1476A
:1033C0003304F402138981A283270900A297FA2308
:1033D000884351CBDE23B306C700910763C5D708E6
:1033E0003A95D68597D0FE1FE780C07083270900E5
:1033F000A297FA233306EA0033460608F2A3DE2337
:103400009107E31DF6F0314597D0FE1FE780605F1E
:10341000AA851DC9930700F91EA18327090023026D
:10342000650123113501A297FA239C437AA11CC59B
:1034300003C5E1A3EF304FFC83270900A297239334
:10344000070023850700D9BD83270900A297884379
:1034500065D597F0FE1FE780800C83270900A297AF
:1034600023A00700D1BF11C997F0FE1FE780200BF2
:1034700083270900A29723A0070083270900A297AA
:1034800023930700238507005DB591444DB56F90E8
:10349000D0766F90F0776FA060356F90707A4111A1
:1034A00006C6EF901077B2400145410182806F90CF
:1034B000B07B6F90707D6F90307F6FA0C0006FA069
:1034C00060026FA020046FA0E0056FA0A0076FA0AE
:1034D00040091C321822A20733E6E7006FA0800AD9
:1034E0006FA0C00B6FA0200E6FA080106FA0E01225
:1034F0006FA060156FA040176FA020196FA0001B70
:103500006FA0E01C411122C60344C10226C48344BB
:10351000010303430101030E4101834E8101034F67
:10352000C101834F0102834241028343810222D6BB
:10353000324426D8A2441ED416D27ED07ACE76CC7F
:1035400072CA1AC841016FA0602F6FA0601A6FA0E5
:10355000401C6FA0201E6FA000206FA0C0226FA093
:10356000A0246FA080266FA020296FA0002B6FB031
:10357000D03885672A871388A7C76915334505089A
:10358000636EA802138807C80145636AB80263E83E
:10359000E5021307301F6364C702138766FF938732
:1035A00067C73347070863ECE7000506334606089C
:1035B000B305B6028E0633A5D50082800145828010
:1035C0001738FF1F130848E60345180003A741A951
:1035D00083A641A71375F507D1C5904283274800FC
:1035E000137606F8498E90C213F6150001CA93F5BA
:1035F000050341466385C506938787C14165130569
:1036000005A0B3D5A7025057B70810FEFD181366E2
:10361000260050D7704333761601B3F7A702FD8911
:10362000D2054D8E70C31306A00FB705FCFFAA0785
:10363000B3D7C70270436D8EBA07B983D18F7CC3ED
:1036400083470800898B99CB98429C421377F707F0
:103650001367070493F707F8D98F9CC2828093877A
:10366000078369BF5C57F59B5CD79C4293F707F8CB
:10367000C98F9CC2F1B7411106C69737FF1F238C33
:1036800007DC9700FF1FE780A069B24001454101B8
:1036900082807971B7E700E026D2844337072000A3
:1036A00006D622D44AD04ECE52CC56CA5AC85EC68E
:1036B00062C466C26AC0F98C23A0E7180F1000002C
:1036C0001734FF1F130444D6184415E323A09710A2
:1036D0000545B250225492540259F249624AD24AE4
:1036E000424BB24B224C924C024D456182801737BF
:1036F000FF1F0327A7E109C723A097100945D1BFE2
:103700001C20328BB68A858BADC31739FF1F130976
:10371000A9D3832749002A8AAE8999EB483C9305AF
:103720009004090597F0FE1FE78000D32322A9002B
:103730008327490099E7B7E700E023A097100D45DC
:1037400049BF0347290098A383274900630D0A0452
:10375000638B0904A3803701032549004E86D28577
:10376000090597D0FE1FE780E0389739FF1F93893E
:10377000E9F203A7C9019547630AF70083C7090265
:1037800019476385E7000D476392E70283C7190273
:1037900089E7930780102390F902B7E700E023A0A0
:1037A000971001453DB7A3800700C1B7138A41A810
:1037B00083270A0098430D8B1DC3238A0196B84BBB
:1037C0001377F78FB8CB98431367870098C39C4350
:1037D00093D7374889C70100010001000100832CFD
:1037E0000A00B7070200834B040023A20C0623A49F
:1037F000FC009737FF1F23AB07EA9737FF1F83C7EC
:1038000067C5918B1739FF1F130909C489E793F71F
:103810000B04639A071008308145EFF07FDA138DAF
:1038200041A703270D00138C41A9B70633001C43A1
:1038300013D54B40014693F7F7CF1CC31C430D89AA
:1038400093F7F7CF93E707201CC303270C001C470F
:10385000D58F1CC74C2CB70703009387871523A867
:10386000FC0497F0FE1FE78080B283270D00184408
:10387000142098C75844858AD8C303270A005C439C
:10388000F99BD58F5CC3832749003CDF03270C00DD
:103890005C4393F7F7EF5CC30100010003270C00C2
:1038A0005C4393E707105CC38347E900A301690108
:1038B0002301590193E747002307F9009307000408
:1038C00023A0F9009737FF1F23A207DEA14723AEED
:1038D000F9009737FF1F83A7678581CB034509014F
:1038E00013060064C145EF30EFD283270A001705A5
:1038F000000013058529DC43858B89E71705000047
:103900001305650397D0FE1FE780E0669737FF1F1A
:1039100023A007DA9737FF1F23A407D883270A00BD
:10392000054798C39DBD93F50B03484093E51500EB
:10393000EDB5797122D41734FF1F130424D65C40EF
:1039400006D626D24AD04ECE858B6387071E973780
:10395000FF1F23A707D48329C403A3070100EFF0A7
:103960009FD19737FF1F83C7E7AE918B9734FF1F17
:10397000938484AD1739FF1F130909AB63840716BD
:1039800083C71900CE979823930700086318F700A0
:103990008347090093E787002300F9005C580D472F
:1039A0006377F70EF1175CD85C58984463E7E70E2D
:1039B0003387E74083C71900D424CE979C3393966E
:1039C00046608E0763DA060E63FFE70C1D8F9306D1
:1039D000000263E8E6005858636AF70CB307F74043
:1039E0009CC48828894597F0FE1FE7808016834590
:1039F000090093F78500F5C383A641A89307800CBF
:103A0000FCD21C5C1307F00F3706330098C39737BE
:103A1000FF1F23A907C89737FF1F23A707C897379A
:103A2000FF1F23A507C89737FF1F23A307C803A7B6
:103A300041A71C4391858D8993F7F7CF1CC31C4385
:103A4000014593F7F7CF93E707201CC303A741A9CC
:103A50001C47D18F1CC7B707030093878725BCCAB3
:103A6000054697E0FE1FE780207983470900B420D0
:103A7000B030DD9B814501452300F900EFF07FC1A7
:103A8000B250225492540259F2494561828017275C
:103A9000FF1F0327A76CBA9731B79726FF1F83A68E
:103AA000E66BB69731B73387E74015B79726FF1F08
:103AB00083A6C66A36971DB75858636AF700B307DE
:103AC000F7409CC4DC2493E70708DCA419BF9726C1
:103AD000FF1F83A6A6683697DDB783C71900F917BD
:103AE000A380F900485C01469305F10097E0FE1FB2
:103AF000E780005C5C5C9306F00F98236303D702B9
:103B0000BC306380D702630EF70093652500939560
:103B1000456083270901505C93F5F50F0D458297A9
:103B200085B78307090093154560E3C407FEF5F1E7
:103B30009C872380F900F1BF83A741A8FC5385EF40
:103B4000EFF07FB39727FF1F83A7C75E89C785451F
:103B500013051008829722549737FF1F9387C78E4B
:103B6000B25092540259F249B423B0338145014511
:103B700045616FF01FB2584CA147E313F7F085473A
:103B8000238AF196F5BD797126D29734FF1F93846D
:103B9000E4B09C4006D622D44AD04ECE52CC858B7F
:103BA0006383072083A9C40301469305F1004E8572
:103BB000A30701009737FF1F23A207AE97E0FE1F60
:103BC000E780004F1734FF1F130404881739FF1FC5
:103BD00013098985131A4560631F0A123C30930646
:103BE000F00F6389D700D85C18236305D700094A12
:103BF0006313F7128307090063C507009C872380BE
:103C0000F9005C24918BADCFDC580D476373F7143A
:103C1000F117DCD8DC58184463E3E7143387E74036
:103C200083C719005424CE979C33939646608E0721
:103C300063D6061463FBE7121D8F9306000263E848
:103C4000E600D8586366F712B307F7401CC408288B
:103C5000894597F0FE1FE780C0EF83C719003387BF
:103C6000F900142313070008639BE6129C5C1307FA
:103C7000F00F98C38347090093E787002300F900FA
:103C800003A741A95C5793D71748A1C383274900CD
:103C9000C165938505A033D6B7027443370510FE7E
:103CA0007D15E98EB3F7B7027D8A5206D18E74C3B3
:103CB0009306A00F3706FCFFAA07B3D7D7027443B9
:103CC000F18EBA07B983D58F7CC35C4003450900E8
:103CD0008C3311850D8997E0FE1FE780404717055B
:103CE00000001305251297D0FE1FE780C02883A788
:103CF00041A798431317772998C3D857719BD8D7F2
:103D000083470900A18B9DEB83270901D05C814586
:103D10000D45829725A09700FF1FE7806000D05CCB
:103D2000832709010D459375FA0F82974840342087
:103D3000303009CD0C310905EFF0BF95B250225457
:103D400092540259F249624A456182808145014597
:103D5000E5B71727FF1F03276740BA9755BD97267A
:103D6000FF1F83A6A63FB69755BD3387E740F1B541
:103D70009726FF1F83A6863E3697F9B5D858636A03
:103D8000F700B307F7401CC45C2493E707085CA462
:103D90007DBD9726FF1F83A6663C3697DDB7F917D2
:103DA000A380F900F1BD83A741A8FC53B1E3EFF074
:103DB0009F8C9727FF1F83A7E73789C7894513057E
:103DC000100882979727FF1F93870768C843B0336F
:103DD000B42301CD0C3109052254B250925402593A
:103DE000F249624A45616FF0DF8A81450145EDB7CE
:103DF000D84CA147E314F7F48547238AF1963DBFD9
:103E000041119737FF1F83A7A78906C622C4858B58
:103E100095C79737FF1F23A507881724FF1F130493
:103E2000A460EFF05F851C20A18B8DEF1C4801463C
:103E3000814511452244B2404101828783A741A8B0
:103E4000FC53B9E79737FF1F23A207861724FF1FEC
:103E50001304845D1C20A18B91E71C480146814519
:103E60005145C9BF9727FF1F9387075EC843B033EB
:103E7000B42301CD0C310905EFF0BF811C20DD9B7F
:103E80001CA0B24022444101828081450145EDB72A
:103E90008547238AF196F5B7814717260100130657
:103EA00026E59306F00F3307F60018236364E50058
:103EB0006313D700828003D80500636407019AA1C9
:103EC0008280850793F7F70FF9BF411122C406C618
:103ED00026C22E849397556063DA070297D0FE1F9F
:103EE000E78040B8AA8401CD1C21054793C7070885
:103EF0006364F700EF6020632685EF20DFCA1315A7
:103F0000F468B240224492444101828093F78500D4
:103F100099CB9727FF1F83A7E75CBC5B91C3829770
:103F200013458400F9BF93F7450099CB9727FF1FEE
:103F300083A7475BFC5791C3829713454400D1B7D1
:103F400093F7050281CF9727FF1F83A7E75A83A71F
:103F5000070991C382971345040265B793F70501DA
:103F600081CF9727FF1F83A7275983A7C70891C32E
:103F700082971345040171B709656D8D59D1972753
:103F8000FF1F9387A74EF433F023CC33C823EF9061
:103F9000B0191315D468B5B7411122C48145130671
:103FA00000122A841725FF1F1305454C06C626C29A
:103FB00023AE01A497D0FE1FE78040BA0145EF1061
:103FC000D00F0145EF1010179727FF1FA389871007
:103FD000B707D7071724FF1F13044449B5075CC868
:103FE000B7C70D0D938707141CCCB7C7D7079387A6
:103FF00007145CCCF177938707141EB08147232EFA
:10400000F40C9727FF1F9387674EB4477D47232CF7
:10401000E40C37772D071307F71FD98EF847096689
:104020001306E6B9518F9724FF1F9384A40DB4C7DC
:10403000F8C7B4CBF8CBFC24A30C0402A30CF40AFD
:10404000A300F40CF977FD17231FF40E2310F410CE
:10405000FD472301F410930730303EBC5EBCEF30C7
:104060000FCD9307C01C231BF406DE206D461307FB
:10407000B00FA983A300F4089E2828B023220404CB
:10408000B3D7E70A3EB47EB49386E700B3F7C70A16
:10409000B3C606083EB08E069307801433C70608E1
:1040A0005AB41AB83377F70A8547A30FF402B70753
:1040B00003009387C71C3CC0B717070693870744C4
:1040C0003CC4B7071600938707905AB076B01AB46D
:1040D0005CD8EF801019EF30E051EF70507C224433
:1040E000B240924441016F60B010411126C206C631
:1040F00022C44AC09724FF1F9384443703C7E403B4
:1041000083C7F403636AF7000144B2402285224466
:1041100092440249410182802A89930510241305A3
:10412000000C97E0FE1FE78020332A8471DD130620
:10413000000C814597D0FE1FE78040A26314090060
:10414000C1571CA4FC4CA1EBA0CCE0CCA0D02320F8
:1041500004008547238FF40285471CB4930700F9B8
:104160003CB49727FF1F93876753985FDC5F172541
:10417000FF1F034565FA78C43CC8FD577CA8A30E11
:10418000F40683C7A4042304A406230AF40AEF80D8
:10419000A02548B89DBFBC5080C3A0D023200400F8
:1041A00083C7E403850793F7F70F6DB7011122CC9E
:1041B00006CE9727FF1F83C7772B2A8485EB182805
:1041C0008547631BF70C8347D40303475404858B4F
:1041D0006312F70C1946930564041305E40397D0A2
:1041E000FE1FE780C0A23335A00099A8834755047D
:1041F000D9CB8347B5041307000493F7070C6394E6
:10420000E708085931C1930564041305A5022EC6B9
:1042100097E0FE1FE78080AD8547B2456316F50243
:10422000085889472302F4043C31194693E72700D4
:10423000A302F404510597D0FE1FE780A08B05452B
:10424000F240624405618280142805478347C40315
:10425000638BE60203470406118BD98F8DE71305A4
:10426000440497E0FE1FE780E0B408D809CD8947F1
:104270002302F4043C3119469305640493E72700B4
:10428000A302F40445BF8347C403898B8DDB1C580C
:104290009C3395F701456DB783470406918B85F7ED
:1042A0005C3413F7170011CF34380D47639BE600D9
:1042B00068402C446244F240056117E3FE1F67002A
:1042C000E3B2898BADDF38389547E31AF7F6CDB7FF
:1042D00001119727FF1F83A7E73C22CC06CE26CAF1
:1042E000858B1724FF1F0324A41EBDC79727FF1F1C
:1042F00023AA073A9384C1A99C409DC7DC438DC77C
:1043000089475C8283475404130561001946DC82A7
:104310005C28930564045C8697C0FE1FE780807D5F
:104320009C404800DC43829783477406858B81CB91
:1043300083455404082413066404EFA07074834773
:104340007406898B91CB22856244F240D244056188
:1043500017F3FE1F6700639922856244F240D2443E
:10436000056117F3FE1F6700439441114AC01729E6
:10437000FF1F1309A90F8327090B06C622C426C2F3
:1043800081EB0545B24022449244024941018280BA
:10439000AA849700FF1FE780A0988327090B8297C4
:1043A000EF20B07E2A8471DDDC50AC482324F50870
:1043B000B8349307A009631BF70E85472300F51453
:1043C00083C734062303F514A303F514FC35F8253D
:1043D0000148A207D98F98291546F90542075D8F34
:1043E00083C735FF13058413E207D98F232CF40804
:1043F00083C755FF03C765FFA2074207BA9703C7E4
:1044000045FFBA97232EF40883C775FFA30BF40268
:1044100083C795FF03C785FFA207D98F1EBC83C73B
:10442000B5FF03C7A5FFA207D98F3EBC83C7D5FF41
:1044300003C7C5FFA207D98F5EBC83C7F5FF03C7BB
:10444000E5FF232E0413A207D98F7EBC8147232CBE
:10445000F41297C0FE1FE780E069B848834737022F
:10446000FD8BA30AF40203473702ED1793F7F70F0A
:1044700015832308E4022D476365F7023E3C056778
:104480009306A7C7E917B3C7070863ECF600563CC5
:104490009307301F63E7D7007E3C130707C8637597
:1044A000F7020A24EF30600D0145E9BD8327090DAD
:1044B0001167F98F81DFFC4498239C21F98F93D7F2
:1044C00057482300F51419B78327490B2285829793
:1044D0008327890D0A24294693F7072091E305468F
:1044E00093050008EF60001B8327090D1167F98F02
:1044F00099C70A24514693050008EF60A019832745
:104500008905F84BB7070008F98FE38C07E6882484
:10451000238C0400494693050008EF60A01795B569
:10452000011122CC930545012A84284901464EC633
:1045300006CE26CA4AC897E0FE1FE78060B78949C1
:104540006318052083044401AA8913050004EF4081
:104550002FC61315456063CFA4202C4831479C31EA
:1045600093F7F7033CA86399E7209C210D47BD8B87
:104570003CB86395E720130964031946A1054A85F1
:1045800097C0FE1FE780A068630C051E2C4813052A
:10459000640419469C21890593D76748A302F40453
:1045A00097C0FE1FE78000552285EFF03FC0630BE8
:1045B000051C64449D471CA89CA08547BCA0BCB0BA
:1045C000CA8519461385440097C0FE1FE7808052B4
:1045D000BC20B8300149990793F7F70F136787009C
:1045E000BCA0B8B07844BA970357C406B8B3BC208F
:1045F0007844834614063E978357C4069206A183E7
:10460000BD8BD58F5CA3B82009071377F70FB8A02F
:10461000762CD1CE83470406795993F7070491C3CA
:1046200075593309E9401379F90F6372D908834644
:104630003406751985471379F90F6393F6129307BA
:104640008042F9469387371AB3C7D7021726FF1F50
:10465000034606E9136606019725FF1F2382C5E876
:10466000C16503A641A80CC6B386D702860634D21C
:10467000B43093E60601B4B074440346240636977A
:1046800030B3B420784436975CA3B8207C44BA9702
:10469000034734061607D8B3BC208D07BCA05C5472
:1046A000CA973CDC7E2CB38727412319F406834745
:1046B000040693F7070489CFB8307C44B42013670D
:1046C0000704B8B05838B697B8B3BC208507BCA06B
:1046D000BC206844722C8D074C543E9551C66365CE
:1046E000C90897C0FE1FE780E0400349E401B820F5
:1046F0009377F70385073E99A3082401B8A0834761
:104700005403858B91E70347440389476317F700F8
:1047100078441C2393E707041CA37C441838814584
:10472000170500001305E53A98B397D0FE1FE78000
:1047300060858347B4068345340610380D45DD8D0A
:1047400097E0FE1FE78040AB97F0FE1FE780405DDB
:10475000F2406244D24442494E85B24905618280AA
:10476000856793878784F1BD4A8697C0FE1FE780DF
:104770006038B5BFAD49E9BF9149D9BF8D49C9BFBF
:104780009549F9B7A549E9B7011122CC930545012F
:104790002A842849014626CA06CE4AC84EC652C4B3
:1047A00097E0FE1FE780C0908944631605142C48EB
:1047B0001307200291449C3193F7F7033CA8639CB4
:1047C000E71284219547BD8824B8639FF412130A29
:1047D00064031946A105528597C0FE1FE780204358
:1047E000630B05102C481309640419469C214A8563
:1047F000890593D76748A302F40497C0FE1FE7809A
:10480000602F2285EFF09F9AA54475C59729FF1F59
:104810009389499483D7C9001307003293870719F6
:10482000B3D4E70283A70900829783A68900B30760
:1048300095003E8763E4A70063E4D7003387D74041
:104840006444A1471CA858D09CA08547BCA0BCB01C
:104850001946D2851385440097C0FE1FE780802942
:10486000BC209907BCA0BC3093E72700BCB08347AD
:10487000540491C778441C2393E707F81CA31946F6
:10488000CA851385A40097C0FE1FE780A026BC2020
:10489000990713F7F703050718B8BCA0834754031B
:1048A000858B91E70347440389476317F7007844F2
:1048B0001C2393E707041CA318387C448145171573
:1048C00000001305A5E098B39307A0F93CB497C086
:1048D000FE1FE780206B8347B406834534061038FB
:1048E0000D45DD8D97E0FE1FE7800091814497F034
:1048F000FE1FE780E042F24062444249B249224A48
:104900002685D244056182808D44F5B741114AC0A5
:10491000138941A88327090022C41307800706C60C
:1049200026C2F8D32A840945238A019697F0FE1FF0
:10493000E780A04683A741A7D857370500827D1599
:10494000719B13671700D8D783250900D8411367D7
:104950001700D8C183068406D85713F6F603698F6B
:104960006606518FD8D71307A003138541A9635159
:10497000D712144137060007F84E518FF8CE9843EE
:10498000370633001377F7CF98C398431377F7CFE1
:104990001367072098C318411447D18E14C7B70670
:1049A000030093868625B4C95457F59A54D7984383
:1049B00083462406137707F893F6F607558F98C3B6
:1049C00037C7898E130767ED98C73757550064447A
:1049D00013075755D8C39D471CA89CA08547BCA06A
:1049E000A147BCB07C440357C406D8A3BC2078447C
:1049F000834614063E978357C4069206A183BD8B57
:104A0000D58F5CA3A8209307E00F09051375F50F58
:104A1000A8A003562407898F63C4C7047C442C5C78
:104A20000D053E9597C0FE1FE780C00CB820835748
:104A300024079376F7038507B6971CB8B8A0834779
:104A40005403858B91E70347440389476317F700B5
:104A500078441C2393E707041CA37C44183898B3BC
:104A6000832709007844B2409244B8DF9727FF1F9C
:104A700023AC07C2834534068347B406103822446A
:104A80000249DD8D0145410117D3FE1F6700C37642
:104A9000130620021841635CD600744F370600F9F4
:104AA0007D16F18E37060005D18E74CFC9BD37064D
:104AB00000F969487D166357D800744FF18E3706A8
:104AC0000003DDB7744FF18E93968629F9BF01116B
:104AD0009727FF1F83A707BD22CC26CA06CE97249F
:104AE000FF1F9384A498858BE050C9C79727FF1FA9
:104AF00023AA07BA83C74407C18B9DC383C7440752
:104B000093F70702E5DF2285EFF05FE083C74407F4
:104B100093F7F70C238AF40697F0FE1FE7804020F6
:104B2000228597E0FE1FE78040189384C1A99C402E
:104B30009DC7DC438DC789475C82834754041305B6
:104B400061001946DC825C28930564045C8697C08A
:104B5000FE1FE78020FA9C404800DC438297834791
:104B60007406858B81CB83455404082413066404A2
:104B7000EFA0007197F0FE1FE780801A2285624443
:104B8000F240D244056117E3FE1F6700031239713A
:104B90004ED6938941A883A6090022DC26DA06DED8
:104BA0004AD852D456D25AD093078007FCD2238ACF
:104BB000019683A741A7D857B70533002A84719B74
:104BC00013671700D8D798431377F7CF98C3984344
:104BD0001377F7CF1367072098C303A741A910479E
:104BE0004D8E10C73706030013068625B0CA5057EE
:104BF000759A50D7984303462506137707F813761E
:104C0000F607518F98C3DC420D4793E71700DCC2CB
:104C100064459D471CA99CA08547A3810400BCA0B6
:104C20008347F5056384E70AFD1793F7F70F1547E8
:104C3000636BF700171701001307070DB3C7E720D1
:104C40009C43BA9782870149BC2013F7F7030507F5
:104C50003A990347E405A30824011A07D98FBCA099
:104C600083475403858B91E70347440389476317C0
:104C7000F70078441C2393E707041CA37C441838EE
:104C8000814517E5FE1F1305A50B98B383A70900FF
:104C90007844B8DF9727FF1F23A807A097C0FE1FFF
:104CA000E780402E834534068347B40610386254AB
:104CB000F250D2544259B259225A925A025BDD8DB7
:104CC0000145216117D3FE1F670003538547BCB020
:104CD0001946930564031385440097C0FE1FE780BF
:104CE00060E1BC209907BCA00347F4059947631F06
:104CF000F702BC301385A40093E72700BCB08347BC
:104D00005403898B6387072A0C58BC296383072ABD
:104D10001946D10597C0FE1FE780C0DD78441C23EB
:104D200093E707F81CA3BC209907BCA0BC30B820AF
:104D300093E78700BCB07C44BA970357C406B8B366
:104D4000BC207844834614063E978357C4069206D7
:104D5000A183BD8BD58F5CA3B82009071377F70F0C
:104D6000B8A0562C638B062683470406795993F71F
:104D7000070491C375597C483309E9401379F90F49
:104D8000918B81C739191379F90F81476372D9085B
:104D900083463406751985471379F90F639BF6220C
:104DA00093078042F9469387371AB3C7D70217167D
:104DB000FF1F0346E672136606019715FF1F238146
:104DC000C57203A60900C1650CC6B386D702860664
:104DD00034D2B43093E60601B4B0744403462406DA
:104DE000369730B3B420784436975CA3B420784427
:104DF000369783463406960654B3B8200D07B8A0FC
:104E000018544A9738DC5A2C330727412319E406F3
:104E1000784811469376C700638BC6003146639687
:104E2000C610034614068346F4076310D610218B80
:104E3000630B071A032A840983A7C1978297171760
:104E4000FF1F13072731636DAA18B7470F00938719
:104E500007243305AA40B335F502522781463305AE
:104E6000F502EFF0801FB7074B00130745ED93875E
:104E7000B7C7AA8A63EBE70A2A8A494681456800D0
:104E800097C0FE1FE78080CDB7C70300938737FC2C
:104E900063D55719B7872500138737ED6346571F2A
:104EA000B247938A6A099397D7283EC69307C012E0
:104EB000B3CAFA02CE0A93D73A013247F976CE073F
:104EC000758FCD83D98F03576408B3C7070893063E
:104ED00004084207D98F3EC69C52D052D8463EC8DD
:104EE0009717FF1F83C7B7589D8B7D8A9607931529
:104EF0008700D18FCD8F3ECA9C4A61834946A20765
:104F00005D8F3ACC8357840868446C00FC86BC20D3
:104F10008D073E9597C0FE1FE780C0BDBC3093E76C
:104F20000702BCB0BC20C907BCA08347040693F7A6
:104F3000070489CFB8307C44B42013670704B8B0A5
:104F40005838B697B8B3BC208507BCA0BC306844BD
:104F500093F707029DCF0327C40A05CFB420254647
:104F600093873600AA9790A31306200390B31023CB
:104F7000A906B0A31033B0B33023D0A33033D0B3DD
:104F80005023F0A35033F0B3702390A7783398B731
:104F9000B4A0522CE30906CABC200C548D073E95E0
:104FA000636AC91097C0FE1FE780C0B40349C401FB
:104FB00061B98347D40391C778441C2393E707F86A
:104FC0001CA319469305E40397C0FE1FE78080B237
:104FD00099BB856793878784F1B3814701490DBDEC
:104FE0001C473E9A9DB5B83083463406418B29C391
:104FF00079470546B387E702035724076397C6023C
:10500000130787070587BA97138A472949468145B9
:10501000680097C0FE1FE78060B49307FA007947E5
:10502000B3C7E702CE07CD8349BD13070707E1BF2A
:10503000BC205A2C05463E979307070F6396C6007F
:105040001307870F935717401717FF1F0347574939
:10505000136717001716FF1FA304E64803A60900ED
:1050600037070800138A875218C693875754794721
:1050700033E7E702998F86077CD68347140623001F
:10508000D408A30FF40659B763C85701B2479397E2
:10509000E7283EC6814715B59886B787DAFF93871C
:1050A00067091377F7F913670706D886D6971307AA
:1050B000C012BDB74A8697C0FE1FE780A0A369B69D
:1050C0008547BCB09305650319461385440097C016
:1050D000FE1FE78020A2BC20B830171AFF1F130A5A
:1050E000EA38990793F7F70F13678700BCA0B8B0A9
:1050F00078440149BA970357C406B8B3BC20784432
:10510000834614063E978357C4069206A183BD8B3F
:10511000D58F5CA3B820914709071377F70FB8A084
:105120008346F405639CF60883470406795993F790
:10513000070491C375595E2C3309E9401379F90FBF
:10514000637EF90683463406751985471379F90F8E
:105150006399F60C93078042F9469387371AB3C7D1
:10516000D70203464A07C16513660601230ACA0629
:1051700003A609000CC6B386D702860634D2B43023
:1051800093E60601B4B0744403462406369730B360
:10519000B420784436975CA3B8207C44BA97034780
:1051A00034061607D8B3BC208D07BCA01C54CA9780
:1051B0003CDC5E2CB38727412319F40683470406A1
:1051C00093F7070489CFBC30B82093E70704BCB03D
:1051D0007C44BA975838B8B3BC208507BCA00347B5
:1051E000F40591476319F704522C31C6BC2068447A
:1051F0000C548D073E95636AC90297C0FE1FE78075
:10520000608F0349C4010347F4059147631FF71EEC
:1052100083474A0793F7070F93E75700230AFA06D5
:1052200025B485679387878405BF4A8697C0FE1F8C
:10523000E780408CC9BF0149F9B78547BCB09305E9
:10524000650319461385440097C0FE1FE780808AD6
:10525000BC209907BCA0BC3093E72700BCB08347B3
:10526000D40391C778441C2393E707F81CA3834712
:1052700054031385A400898B638D07140C58BC2933
:10528000638907141946D10597C0FE1FE780808601
:1052900078441C2393E707F81CA3BC20B830171AE6
:1052A000FF1F130AAA1C990793F7F70F13678700CC
:1052B000BCA0B8B078440149BA970357C406B8B344
:1052C000BC207844834614063E978357C406920652
:1052D000A183BD8BD58F5CA3B820854709071377C1
:1052E000F70FB8A08346F405639CF60883470406CD
:1052F000795993F7070491C375595E2C3309E94036
:105300001379F90F637EF9068346340675198547CC
:105310001379F90F639FF60C93078042F946938740
:10532000371AB3C7D70203464A07C1651366060199
:10533000230ACA0603A609000CC6B386D70286064E
:1053400034D2B43093E60601B4B074440346240664
:10535000369730B3B420784436975CA3B8207C44A9
:10536000BA97034734061607D8B3BC208D07BCA0F4
:105370001C54CA973CDC5E2CB38727412319F406E2
:105380008347040693F7070489CFBC30B82093E71E
:105390000704BCB07C44BA975838B8B3BC20850722
:1053A000BCA00347F4058547631FF704522C21CEA8
:1053B000BC2068440C548D073E956360C90497B0C7
:1053C000FE1FE78020730349C4010347F4058547A6
:1053D00035BD8347D40391C778441C2393E707F86E
:1053E0001CA319469305E40397B0FE1FE780807065
:1053F0006DB585679387878415B74A8697B0FE1F7A
:10540000E780406FD9B70149C9B783474A0793F787
:10541000070F93E7670019B57E2D411122C406C618
:1054200099071CB97C45114718A998A37C451839E0
:105430002A8498B383475503858B91E70347450337
:1054400089476317F70078441C2393E707041CA3DC
:105450006844930564031946090597B0FE1FE78069
:1054600060696844722C4C542244B24021054101C9
:1054700017B3FE1F67000368AA871715FF1F0325D0
:10548000A50411E182801825E30EF7FE0841D5BF7F
:10549000411106C622C426C24AC0EFF0FFFD630CCC
:1054A0000518834755032A849714FF1F938404FC2F
:1054B00089EF19469715FF1F938545091305640366
:1054C00097B0FE1FE78000639DA80547639CE70037
:1054D000BC2049456382071619469715FF1F93851F
:1054E0004507E9BF1C59B9E78347C503230A0502ED
:1054F00091EB034754038547230AF4028947E319D4
:10550000F7FC45BF1305C50397D0FE1FE780C08594
:1055100008D80DC1EF50E0290C58BC2581CF894730
:10552000230AF4021946B1051305640397B0FE1F60
:10553000E780405C034744038947E31CF7FA9C304B
:105540008DCB8347C40395C78347340413070004F6
:105550001305C40393F7070C6396E70E97D0FE1F5D
:10556000E780408508D811C53C2981C78947230EAB
:10557000F4025C24E9E31717FF1F230907EE8547B0
:1055800078245CA41CB49714FF1F83C434B9231B74
:1055900094061376F70099460359E40663F9C60AA0
:1055A0005A2C9306A00F9717FF1F83C74711B367A5
:1055B000F7203357D7029387970E1715FF1F035510
:1055C00025BA37460F0013060624814691042607A4
:1055D000BA97B3A5A7023305F502EFE01028269588
:1055E000231BA406231804066307090268289307EF
:1055F000F00F6306F500EF10BFB3FD577CA803560C
:10560000E406930664011206A2851705000013053F
:10561000A521EF10FF9483A7C19782971A302A869D
:1056200093067401A28517E5FE1F1305E5CF97D0F9
:10563000FE1FE78000420145B240224492440249E5
:105640004101828097C0FE1FE780007221BF2318AE
:105650000406E31D09F8E310F7FC68289307F00F30
:105660006306F500EF10DFACFD577CA893066401DC
:105670001316B02851BF411106C622C42A8497E0F0
:10568000FE1FE780E069228523060400A3050400CD
:10569000A304040097D0FE1FE780206168389307B9
:1056A000F00F6306F500EF10BFA8FD577CB868281F
:1056B0009307F00F6306F500EF109FA7FD577CA836
:1056C000B24022444101828041119717FF1F83A7F6
:1056D00067FD22C406C6858B1714FF1F032444DF11
:1056E00099CB22859717FF1F23AE07FAEFE0FFC77C
:1056F0002285EFF05FF822852244B240410117D3A2
:10570000FE1F6700835A411122C41714FF1F032490
:1057100064DB284801469305440106C626C297D09B
:10572000FE1FE780E09875E12C487D479C3193F798
:10573000F7033CA8E91793F7F70F6368F70C9C2170
:10574000BD8B3CB8F51793F7D70FE1E31946A105D8
:105750001305640397B0FE1FE780604B5DC52C48BE
:105760008544230294049C2113056404194693D7AD
:1057700067488905A302F40497B0FE1FE7808037CD
:105780002285EFE0BFA251C1343815471C2863942D
:10579000E60263ECF40683A7C197829748D022857E
:1057A000EFE0BFBC6313950622852244B2409244C9
:1057B00041016FF05FEC81C719476398E7048304E8
:1057C000440113050004EF30AF9E1315456063CE0E
:1057D000A4022285EFF05FC4814517F5FFFF130592
:1057E00065AF97B0FE1FE780E07910388345440627
:1057F0000D4597D0FE1FE78020A02244B24092447E
:10580000410117E3FE1F6700A35197E0FE1FE780E9
:10581000205122852244B2409244410117D3FE1FF9
:105820006700A34C011122CCFD5706CE7CA98357FB
:10583000E5062A849DC7834605070C259307C00308
:105840001CAD01461305C003EF905023094597E0B6
:10585000FE1FE780805422856244F24005616FF0AC
:105860009FE17C250547BD8B6386E70083470506DE
:10587000918BE9DF9717FF1F83A7C7CC93F707200A
:1058800085C302C402C202C0814801488147014762
:105890008146054681451305C003EF9090187DB7FA
:1058A00002C081480148814701478146054681453C
:1058B0001305C003EF90D01451BF23A8A1A4828088
:1058C0009717FF1F83C7B78185EF411117E5FFFFCA
:1058D0001305E55F06C6EF10BFA7EFE0EFEBB240A0
:1058E0009717FF1F938787B817F7FFFF13072780C6
:1058F000B8D7170700001307E7B9F8D7410182802E
:105900009717FF1F938787B617E7FFFF1307277EB9
:10591000B8D7170700001307E7B7F8D7828011C977
:105920008327050A93E707082320F50AFD57230379
:10593000F502828023ACA1A482801717FF1F0327E2
:1059400027B8AA87085719C51A2D6305F70013054C
:105950008505DDBF8280011122CC06CE2A84034555
:1059600065029307F00F2E866309F5002EC6EF102F
:105970002FFC3246FD572303F4028347A40203574A
:1059800084049306640293E707062305F402835711
:105990000404A285F240BA972313F4046244170565
:1059A0000000130505F805616F108FDB011122CC93
:1059B00006CE2A84034575029307F00F2E866309ED
:1059C000F5002EC6EF10CFF63246FD57A303F402C2
:1059D00093067402A2856244F24017150000130575
:1059E00085E205616F10CFD7011122CC06CE2A8443
:1059F000034585029307F00F2E866309F5002EC636
:105A0000EF100FF33246FD572304F402930684028D
:105A1000A2856244F24017150000130565E1056197
:105A20006F100FD49716FF1F938646A4F236B70562
:105A30004801ED05BE329A3A232CB51CF632232ECE
:105A4000B51CED452318C51C3356B60A2310C51ED8
:105A500013068014231AF51C2319E51CB3D7B70AC3
:105A6000231BD51C3357C70AB3D6C60A2312F51E0B
:105A70002313D51E2311E51E2307F50482808346D8
:105A8000651405478357651E6390E6029387C7FB3D
:105A90001147B3C7E7020357451EB3C70708B357FB
:105AA000F70A2307F5048280938707FB2147D5B7C0
:105AB0008357051D0356C51D0357E51D8356851DD8
:105AC0003356F60A8357251D8355651D41113357FB
:105AD000F70A8357451D1318B02806C6B3D6F60A31
:105AE0008357A51DB3D7B70A83250510B3F5050164
:105AF00081ED8565938585843357B70AB3D7B70A97
:105B000033470708B3C707088355051E1376F60FFA
:105B100093F6F60F6396C5028355251E6392E50240
:105B20008355451E639ED5008355651E639AF50017
:105B3000230E0506EFF0BFF40945B2404101828013
:105B40008545230EB5062310C51E2311E51E23121D
:105B5000D51E2313F51EEFF09FF20145F9BF035741
:105B6000651D8357A51D411106C6B3D7E70A056712
:105B7000130787846379F700832605101316B0286E
:105B8000F18E91E2BA870357651E6307F70023136E
:105B9000F51E8547230EF5060357251D8357E51D82
:105BA000B3D7E70A0567130787846379F70083266D
:105BB00005101316B028F18E91E2BA870357251EFF
:105BC0006307F7002311F51E8547230EF506EFF056
:105BD0001FEBB2400145410182800357A504954760
:105BE000723DB307F702363D93D53740635BB6008D
:105BF000118F0E073347D702B34707082314F50464
:105C00008280B3C7D702B3C70708CDBF832745112A
:105C10000D469306F00F98230D8B58B56313C700FC
:105C2000B42374B99823418B38A99C337CA9828012
:105C30005C25CD9B5CA582808327451158259C233C
:105C4000935637408987B58F858B91C71347870057
:105C500058A5014582800545828083274511582536
:105C60009C23935627408D87B58F858B91E71347EB
:105C7000470058A501458280054582808327450E4F
:105C800085072322F50E91E78327850E85072324B8
:105C9000F50E8327850E93F7070891C785472322C2
:105CA000F50E2324050E8347A50293F7070491CF31
:105CB0008357050403578504BA972313F5048327F4
:105CC000450A93F7F7BF2322F50A82808327C50E82
:105CD00085072326F50E91E78327050F85072328DF
:105CE000F50E8327050F93F7070891C785472326ED
:105CF000F50E2328050E8347A50213F7070409C7ED
:105D000093E707022305F50282809707FF1F83A709
:105D1000277F0145054791E38280B4376393E6000E
:105D200005059C43CDBF411122C491452A840145FC
:105D300026C206C69704FF1F93844473EF109F8307
:105D400003D7C40A231BA404854763F9E706035756
:105D5000641E8357241E1705FF1F035565403746F1
:105D60000F00BA9793878757B3A5A7021306062497
:105D700081463305F502EFE0402E835704040357B4
:105D8000E4058355840503A344091D8F3307B70237
:105D90008327040905469388F5FF130E80023E977A
:105DA000637E16013308C6039A87FD563A9889C761
:105DB000631BF4001C4081EB231BC404B24022444B
:105DC00092444101828083AEC7086398BE0083A6D7
:105DD0000709B306D840B3F6B60263E4A6009C43B5
:105DE000F9B7090675BF411126C29704FF1F9384B6
:105DF000E46703D7C40A06C622C4854763F1E706F1
:105E00000357651E8357251E2A841705FF1F035558
:105E10002535BA9793878757B3A5A70237460F0052
:105E20001306062481463305F502EFE000230346FE
:105E3000540583A8440985467D161303800263F048
:105E4000C6023387660283270409FD553E97C6873D
:105E500089C7631BF4001C4081EB231BD404B240B0
:105E6000224492444101828003AEC7080328C4083B
:105E7000631A0E0103A80709B305E840636407012C
:105E8000B305074163E4A5009C43D9B7850645BF28
:105E9000797156CA970AFF1F938A4A5D163D03D649
:105EA000CA0A9707FF1F9387E72A22D44ECE52CC07
:105EB00083D9C70003AA870006D626D24AD05AC87B
:105EC0005EC662C466C28547032785082A848506A4
:105ED00063F5C710B38636039307003201499386F2
:105EE0000619B3D6F6023697BA846364D7006364A2
:105EF0004701B30447418357641E0355241E3746A8
:105F00000F00232894083E9513058557B3253503C4
:105F1000130606248146130B0032814B3385A902F8
:105F2000EFE0A0132A8C83AC4A09814A814613060C
:105F300000645A85DE85EFE040123387A400E687CF
:105F4000FD56A1EBB3855903130600648146B3BA2D
:105F5000590313850532B335B500D695EFE0E00F50
:105F6000AA9433B5A400A6876314A90063E444018E
:105F7000B3874441B2502328F40822549254025962
:105F8000F249624AD24A424BB24B224C924C456192
:105F90008280639487009C43D5D783A5C7080326D6
:105FA000C408639AC50003A60709B306E640636404
:105FB000C700B306C74063E486019C4359B7B307E3
:105FC0003B0133B767013E8B83477403850ABA9B55
:105FD0008607FD17E3ECFAF4B5B78347750393B76B
:105FE000270093C71700B697B3873703930600328D
:105FF00093870719B3D7D7023E97BA866364F70031
:1060000063644701B3064741B687ADB79707FF1FE3
:106010009387C74583D6C70A411126C206C622C444
:106020000547AA846377D70003A44709A28789EBB1
:1060300001EC238E0400B24022449244410182804C
:10604000D83F75FB9C43E5B763149400004075D0BE
:106050003C34C1E70327C40883A7C408630FF706CD
:10606000D82C930700086316F7043E3C8A2419468F
:10607000239AF406239BF4065E3C93050008239DB7
:10608000F4047E3C239EF404EF40C0608547DCBCF2
:10609000DC2C93F7F707DCAC130584062244B240EE
:1060A000924431469305F00F410117B3FE1F67007C
:1060B000E3AABE3C0A241946231AF406231BF4065D
:1060C000DE3C93050008231DF404FE3C231EF4046B
:1060D000EF40405C89475CBCC1B7004091BF1707E7
:1060E000FF1F1307A7388356C70A411126C206C6E9
:1060F00022C48547AA8463FFD71683278510898B1E
:10610000638A071683274709BE85BDE503D6441E6B
:1061100001447D581306260205862D067D55ADE304
:10612000630004103C343A3CC5E78947231CE4046F
:10613000A30AF40403570406835704042285BA977C
:10614000C1071D8B998F231FF4045E3C231DF404AB
:106150007E3C231EF404EFF01FBD8327440A93E71F
:1061600017002322F40A85475CA88D475CBCB24027
:106170002244924441018280D83D75FB8C4171B725
:10618000639497009C43C9DF83A6070903A704090A
:1061900063E2E6023387E64083A6C40863F4E600C0
:1061A0003377D7026376A7003A856373C700BE854D
:1061B0009C43B5B7158F83A6C70863F4E600337711
:1061C000D702E37707FF3A88E374C7FE3E84CDB772
:1061D000BE3CB3F7E702C1FF9D46994763F5E60071
:1061E0000583930737000567231AF406130707C8CA
:1061F0008A07B3C7E70A231BF4065E3C0A2413068A
:10620000C002231DF4047E3C93050008231EF40401
:10621000C9475CBC2244B240924441016F40804770
:10622000B1C9BA3CBE3DB3F7E702A9E78387C40111
:1062300063D207049D46994763F5E60005839307FB
:1062400037000567239AF406130707C88A07B3C700
:10625000E70A239BF406DE3C8A241306C002239D32
:10626000F404FE3C93050008239EF404CD47DCBCF7
:10627000EF404042238E0400DDBD411122C406C61A
:106280001704FF1F130404ED1C288DCF938741A52D
:10629000984319EB18449706FF1F23ADE62617B75E
:1062A000FE1F1307873F98C388431707FF1F232D3F
:1062B000072497B0FE1FE780C0EC5C402244B24048
:1062C000410182875A240356650823AA01A497072F
:1062D000FF1F23AB07223306E60237470F00930662
:1062E000F7231307072483270509AA853696335613
:1062F000E6021707FF1F034777E23A9663E3C702F8
:106300002244B24003A7C5083386C740938695024E
:1063100017B5FE1F1305E532410117C3FE1F6700C5
:1063200043731844BA97E9BF01114EC6938981A5FA
:1063300083A7090026CA4AC806CE22CCAA84170918
:10634000FF1F130929E1B5CF1707FF1F0357C71C0C
:1063500085476318F7060357C90003546508832768
:1063600005093304E40237470F009306F7231307A8
:10637000072436943354E40263E487083384874067
:1063800083A7C19782976361A408B307A44003A4BD
:10639000090063CF07061707FF1F034737D8058398
:1063A0006378F70637450F00998F13050524B3B5B9
:1063B000A7020356C90081463385A702EFD0F049F2
:1063C0000294930700FBFCA48145014597B0FE1F92
:1063D000E78040BB8347090195CF03A541A59707F7
:1063E000FF1F23A3071297B0FE1FE78080D96244E6
:1063F00083274900F240D2444249B249056182876D
:1064000003278900BA979DBF832789003E94B5BFB3
:1064100001457DB7624483C59402F240D2444249AB
:10642000B24901450561B315B028B3C5050817C3C6
:10643000FE1F67000372411106C6EF00107519C9EF
:1064400083278511014581E7B240410182809C4349
:106450000505D5BF7D55CDBF411122C426C206C654
:106460009707FF1F83A7870A2A84AE846396A70035
:106470009707FF1F23AC07088327041299C70A2434
:10648000014693050008EF40E0208357440499C774
:106490000A244D4693051008EF40C01F0A241546F4
:1064A00093051008EF40001F230504002308040093
:1064B000230A94041707FF1F032707209547631635
:1064C000F7009707FF1F23A9071EB24022449244FA
:1064D0000145410182803C256383073283570508CB
:1064E000011122CC06CE26CA85072310F5087C357B
:1064F000230C05002A8413F7270015E3035705042E
:10650000954763FDE7269305E003EFF0FFF4A3054D
:10651000A4020945F2406244D2440561828013F727
:10652000070221CF93F7F7FD7CB58327050A38359D
:10653000A305050293E747002320F50A8547631E5C
:10654000F7023E3D9306204E03274509B387D70245
:10655000B3D7E7021707FF1F034747BC1307C7035B
:10656000BA9703477503B3C707082312F508330723
:10657000D702B3A7E7202311F5081C38858BE9C79C
:106580008357E405035704046396E7245E3C835570
:10659000C405034584022310F406834754056EBCEA
:1065A0009205A30BF40283576405F9159704FF1FA6
:1065B000938444BA1EBC8357A4055EBCEF002FF839
:1065C0003834231004081E3C03568405631A071A46
:1065D000DA248C44B387E702130700329387071944
:1065E000B3D7E70203270409D1073E97BA8663644D
:1065F000F7006364B700B306B7405C3C2328D408B7
:1066000032BC81C72285EFF00FFEDA243E3C9306B0
:10661000003223110402B387E70233D6D702B3F75F
:10662000D7029306204E2326C408B387D702B3C7E8
:10663000E7021EB0835704045EB07C3493E7070280
:106640007CB41C38F99B1CB81C38898BA9C78356AD
:10665000E41203570404B387E6409397576063C07E
:106660000718639AE60281470148232CF4121305A8
:106670008413232E04131546930584122AC697A06B
:10668000FE1FE78020473245EF0010781C38A30634
:10669000A412F59B1CB81C3813F707012DC703562D
:1066A000C414835604043307D64013175760634855
:1066B0000712631AD604BD9B1CB88347A41499C75C
:1066C000898B6388071285472303F4148347B41426
:1066D00099C7898B638207128547A303F414228527
:1066E000EFF0EFC78347C40799C78327040A93E7EE
:1066F00007102320F40A8327040AA305040293E762
:1067000007202320F40A18389377070285CF9707CC
:10671000FF1F83A7E7DAD423130680059C57B386AF
:10672000C602B697D62F83570404B387F6409397D3
:10673000576063C907008357C4146395D700137764
:10674000F7FD18B88347A40293F7070485CB0357D6
:106750006404835704046313F70218289307A00402
:106760006314F70085471CA883278410C18B99C741
:106770008327440A93E707402322F40A014559BBC3
:106780000347E418218B11CF8356040403570419DF
:106790002E3C158F3307B7023347C702BA9623182A
:1067A000D4189DC7DA248C44B307F70213070032CC
:1067B00093870719B3D7E702032704093E97BA86E0
:1067C0006364F7006364B700B306B7402328D408B6
:1067D00032BC25BD998F93975760E3D707E69305A1
:1067E00080022285EFF05FC7A305A4021305800293
:1067F00015B323030414D9BDA3030414CDB5054573
:10680000828005C541119305200222C406C62A8450
:10681000EFF09FC4FD57A305A40223080400A303BF
:10682000F402B240224441018280828005C94111B4
:1068300022C406C67C352A849305E003898B91C364
:10684000A145EFF07FC1FD57A305A4022308040072
:106850002304F402B24022444101828082808327D3
:10686000050A797122D406D626D24AD04ECE52CC11
:1068700056CA2A846380074213F7270011CBF59B81
:106880002320F50A0A25194693050008EF30906089
:106890008327040A13F7470051CF8344A402ED9BDA
:1068A0002320F40A93F7040491CF83278410C18B2B
:1068B00099C78327440A93E707402322F40A2285D5
:1068C000EFF0AFB138348547502883562406631A59
:1068D000F7743E3C1307204EB387E70203274409B1
:1068E000B3D7E7021707FF1F034747831307C70301
:1068F000BA970347B402B3C707082312F408860700
:106900002311F4089307000419E3930700085CAC13
:1069100009E693E414002305940299E60A240D463F
:1069200093050008EF30105723110406230A0400D2
:10693000A30E04008327040A13F7870005C30A2463
:10694000DD9B2320F40A154693050008EF30905490
:106950008347A40293E747002305F4028327040A30
:1069600013F7070131C7BD9B2320F40A8347D404E2
:106970000A24214689C7A3060404130600039305CD
:106980001008EF3030518347C40489CF8327841027
:10699000C18B89CB8355A40422859205B3C5050814
:1069A000EFE07FFB8347A40293E717002305F4027F
:1069B0008327040A13F7070405CB0347F40493F76E
:1069C000F7FB2320F40AA14763FAE7003C3499E778
:1069D0008327440A93E707012322F40A0A24314655
:1069E00093051008EF30104B8327040A13F70702B2
:1069F00005CF93F7F7FD2320F40A3434832784105E
:106A00000327C41093F70702638E06626388076842
:106A10000A24114693050008EF30D0478347A402AB
:106A200093E717002305F4028327040A13F70710DE
:106A30001DC30A2493F7F7EF2320F40A230E04065C
:106A40001D4693050008EF30F0448347A40293E706
:106A500017002305F4028327040A13F7070801CF60
:106A60000A2493F7F7F72320F40A13067005930519
:106A70001008EF3030428327040A13F7072029C398
:106A800093F7F7DF2320F40A83476414230F0400ED
:106A9000A29703850718A301A414EF50501B2301EC
:106AA000A4142285EFE0BFFD0A24314693050008B7
:106AB000EF30503E8347A40293E717002305F4020A
:106AC0008327040A11677D8F630907129397E748AC
:106AD0009709FF1F83A909A12320F40A638A095299
:106AE000835744151167139637017D8F4D82630CD0
:106AF000075A1307C0123306E6029397576063D50F
:106B00000700B78725003E96035804048355841573
:106B100017FAFE1F130A0A64832704098326C40890
:106B2000832A8A000355440801496314B85863E076
:106B3000D758B384D7408357CA00329537460F00E1
:106B4000B335F5028146130606243305F502EFD06E
:106B5000C050B306950033B5A6002E95B6846314D5
:106B6000A90063E45601B3845641938AC19783A771
:106B70000A00829763E3A45A3385A44017F9FE1FE5
:106B800013094958834799018607637EF55803A77F
:106B9000C90D8356CA0083576415218333470708FC
:106BA0003307D70293060032850703268A00B3C74E
:106BB0000708130707193357D702B3069700B6849F
:106BC00063EEE65C63FCC65C2394F90823A0990A93
:106BD0000347E414854683C729086311D76493E704
:106BE00027002381F9084E85EF50C01F0A241306A1
:106BF000600293050008EF30F0298327040A096733
:106C00007D8F09C79397D7482320F40A0327040AE6
:106C1000A167F98FB9C7834504031705FF1F034513
:106C20001585EF00DF8C3E3C1307204E232AA40875
:106C3000B387E70233D5A70297F7FE1F83C7074E36
:106C40009387C7033E958347A4022312A40893E7C2
:106C500017002305F4028327040A9397F74823209B
:106C6000F40A8327040A858B91CF8347A4028345C6
:106C70004405228593E717002305F402EFF0CFFDCA
:106C8000A305A4028327040A63D607009397F74954
:106C90002320F40A8307B4179DC3030744039946CE
:106CA0003306F74063D6C6588327440A939747298B
:106CB0002322F40AED57A30FF416A30DE41683471D
:106CC000441813F7270049CF830644030307C4176A
:106CD00063DBE6000327440A131747292322E40A4B
:106CE0001147A30FE4160307D417635BD7000327EC
:106CF000440A131747292322E40A7157A30FE41605
:106D00000307A4171306F007630CC70203467418A1
:106D100003458418158F13174760B306A6406354C4
:106D2000D75293F607016390065293F7F7F893E76B
:106D300007012302F4188357A41885072316F418B3
:106D40008357C41891CFFD17B3C707082316F4184B
:106D500081EB0A241306000293050008EF3090131C
:106D60003C249DCF8327041281CF3C2C91EB0A2435
:106D7000014693050008EF30F01119E185473CAC5E
:106D80008357440491CF8347140399EB0A244D465B
:106D900093051008EF30101001E58547A308F402B1
:106DA0008347E41813F7070179C38324440ABD9B82
:106DB0002307F4188988C5EC1828D5476309F70A12
:106DC0001C38898BCDE7814901498D4A130A50024D
:106DD000939744608987A29783C7771913F7340084
:106DE00006073397EA00F98F630BF70026860545FF
:106DF0008145EFC09066B3E9A9003369B900850405
:106E0000E39844FD032784138327C41328003377B2
:106E10003701B3F727013EC63AC4EF00E07E83474F
:106E2000541363EEA700034544037D578547591566
:106E30002C003AC43EC613154560EF50207403275A
:106E40008413A2476317F7000327C413B2476300F4
:106E5000F70215462C001305841297A0FE1FE78049
:106E600060C98327440A93E727002322F40A834654
:106E7000E418A54713F796006314F70403570404B6
:106E800083570419636EF702B307F740939757606F
:106E900063C807028347F4181306000A0507B3877F
:106EA000C702323CDD9A2307D418B3C7C702BA978A
:106EB0002318F4188327440A939777292322F40A86
:106EC0008347A402E9C7918B89CF1028C1659385B8
:106ED00005A02285EFE09FAD8347A402ED9B23052B
:106EE000F4028347A402858B8DC303457402930784
:106EF000F00F6307F500EF00AFA3FD57A303F40203
:106F00008347A402F99B2305F4028347A402898BDB
:106F100089CF6E3C034584029205F915EFF03EE2FD
:106F20008347A402F59B2305F4028347A402A18BA7
:106F300099CF6E3C0D4622859205F915B3C505081B
:106F4000EFE0DFA68347A402DD9B2305F40283471D
:106F5000A40213F7070101CF0345640293F7F7F882
:106F60002305F402EF00CF9CFD572303F40283476F
:106F7000A40213F7070201CF8355A404034564025A
:106F800093F7F7FD2305F4029205EFF05EDB582C32
:106F90009307F00363F9E7003834854722856314CB
:106FA000F72EEFF0CF9383570404BDC313074006B9
:106FB000B3F7E702B1EF83A7C1A5898BB1C397F4FB
:106FC000FE1F93842414985805CF17F9FE1F130948
:106FD000E94983570901835529012545C207DD8DFC
:106FE00002979C588355E900294582979C58831540
:106FF00024032D4582979C5883054403314582978D
:1070000097F7FE1F239B074697F7FE1F23A8074607
:10701000B250225492540259F249624AD24A45610E
:107020008280930700045CAC09E693E41400230516
:107030009402E39D068E0A240D4693050008EF3066
:107040006065EDB01377070819C70327440A1317C3
:1070500067292322E40AB9C38357241D0357241E3A
:107060006313F7028357641D0357641EE302F79A04
:1070700013078014E37EF7988327440A9397B72871
:107080002322F40A71B213078014E37DF7FC8327EF
:10709000440A9397B7282322F40AE9B78327440ABE
:1070A0009397B748F1BFF9473306F602B1BCD697BC
:1070B00049B41307180063F605050D8F3307D7028F
:1070C00063EFE702B384E7408357CA00329537463F
:1070D0000F00B335F5021306062481463305F50289
:1070E000EFC0B077B307950033B5A7002E95BE84E7
:1070F0006314A900E3EB57A7B3845741BDB4D697F7
:10710000D1B7998DB385D502AE97BE8463E4B7003D
:10711000E3EC57FBB384574145BF83278A00A6970A
:107120003385A740A1BC83A70A0063500508829756
:107130008347990103268A0081451397170033A5D9
:10714000A720AA876364E5006364C500B307C54050
:1071500063E99704858F03A7C90D0355CA008356B9
:1071600064152183334707083307A702130500324C
:10717000130707193357A70213851600B3D7E70281
:10718000AA97B3C70708B386D7403387E602B3068A
:10719000970033B7E600B684E386E5A2B384C64021
:1071A00025B433079640BA977DB7829783479901F4
:1071B00003268A001397170033A5A720AA876364C4
:1071C000E5006364C500B307C54063E2F404B38718
:1071D000F44083A6C90D8355CA0003576415A182E4
:1071E000B3C60608B386B602930500329386061925
:1071F000B3D6B602B3D7D702B307F740B3C7070871
:107200001D8F3307D70263E9E400998C75BA338781
:10721000C400B307F74075BFB294C5BF8946631574
:10722000D70093F7970F75BAF59B93E7470055BAC8
:10723000998FE3D6F6A88327440A939747292322F8
:10724000F40A95478DBC83465418834564183388E7
:10725000B600635BE80013F807046317080093F7B0
:10726000F7F893E70704F1B42A96E34BC7AC8D8E89
:10727000E3C8E6AC13F70702E31407AC93F7F7F89B
:1072800093E707027DB4EFE07FD831BB411122C400
:1072900006C62A8483278411CDEB83270412F1E7E5
:1072A0000325041109C597B0FE1FE7804027034559
:1072B00074029307F00F6304F500EFF07EE70345D7
:1072C00064029307F00F6304F500EFF07EE60345D8
:1072D00084029307F00F6304F500EFF07EE50345A9
:1072E00094029307F00F6307F500EFF07EE4FD577B
:1072F000A304F4020A24512497F7FE1F938707176B
:1073000003D7C70A1DEF23AA01A417F7FE1F0327FF
:10731000E7E423A4E70A97F7FE1F83A727DF95C3B7
:1073200017F5FE1F032585DD09CD97B0FE1FE78009
:10733000001F97F7FE1F23A307DC97F7FE1F23A16B
:1073400007DCB240224441018280C84309C597B09E
:10735000FE1FE780C01C83278411BA27136707F03C
:10736000BAA79C43232CF41035B7C84309C597B07E
:10737000FE1FE780C01A83270412BA27136707F09D
:10738000BAA79C432320F41209BFAA8717F5FE1F52
:107390000325051711E182801A25E30EF7FE084147
:1073A000D5BF97F6FE1F83C6D6D617F6FE1F034637
:1073B00066DB2A879387160017F5FE1F0325451500
:1073C00019C2939716009207C166AA97FD16639497
:1073D000A700014582803225E30EE6FEE30CD6FECF
:1073E0004105F5B701114EC697F9FE1F93890908AB
:1073F00083A7490A06CE22CC26CA4AC852C4ADEB9E
:1074000017FAFE1F130A0AD08347FA0017F7FE1F68
:10741000034747D51389170019C31399170003D4DD
:10742000E9023305F940931449001304140215844A
:107430001604334404083305A4029305402426951A
:107440003345050897B0FE1FE780000115C10346CC
:10745000FA00C16623A2A90AB3079500938846F5EE
:107460003306C94011050147938626F5631AE900E2
:10747000F2406244D2444249B249224A05618280C4
:10748000637DC700BE853688A297231305010CC112
:10749000A302050005074105D1BF81454688F5B720
:1074A0004111930530261305801E06C622C426C24C
:1074B00097B0FE1FE78040FA1306801E81452A849C
:1074C0009790FE1FE780806901451DC497F4FE1F59
:1074D0009384C4F983A64409854785CE368712274D
:1074E0006301F602184365FF1EA4B1E7228597B039
:1074F000FE1FE780C0020A24B240224492444101A8
:10750000828085072167B3C70708E399E7FC8147B5
:10751000E1BF1EA423AA840823AC84082396F40A9E
:10752000EFF05FEC83A7840923A007002305040084
:1075300023070400C9B783A7840980C383D7C40A7B
:1075400023AC840885072396F40AE9BF17F5FE1FCC
:10755000032505FC11CD411106C697B0FE1FE7803B
:1075600000FCB24097F7FE1F23A407FA4101828076
:1075700097F7FE1F23AE07F88280411122C417F44B
:10758000FE1F1304A4EE832644092A8706C6368507
:10759000814731C91225631CE6048DEB9C42232AE6
:1075A000F40897B0FE1FE78080F78327840923A0A3
:1075B00007008357C40A8DE7EFF05FF997F7FE1FC6
:1075C00023A007F4B24022444101828003278409AA
:1075D0006315A700232CF408E9B7184198C3D1B765
:1075E000FD172316F40A8357C40AE9FFF1B7AA87E7
:1075F000084145B77146814517F5FE1F130545F053
:107600001793FE1F670083551C3118215421A207D0
:10761000D98F3821FD8A9305000242075D8F3C31E6
:107620000145E207D98F01473316E0287D8E01C658
:1076300005051375F50F0507E318B7FE81472147C8
:1076400033D6F64801C605051375F50F8507E3998E
:10765000E7FE828001114AC84EC60329851383299B
:10766000C51322CC26CA52C406CE2A84A30B051207
:10767000A30605128144130A500226864A85CE8548
:10768000EFC0405B058911C58347D4128507A30667
:10769000F4128504E39344FFF2406244D244424929
:1076A000B249224A05618280011106CE22CC26CA47
:1076B0004AC84EC697F4FE1F938444DBBC3097F94A
:1076C000FE1F938929A903D7C900A307F5023E3DF0
:1076D000130900322A84B387E70237460F001306E6
:1076E000062481468145B3D727032326F5081305D1
:1076F000C0123305A702EFC050162312A40822853A
:10770000EFE00FF903D7C9003E3C9306204E2285D7
:10771000B387E702B3F72703B387D702B3C7E702FC
:107720001EB08357440886072311F408EFE08FAF9B
:107730002285EFE08FCA6E3C22859205F915B3C50C
:107740000508EFE06FAA2285EFF0DFF0E147A30A1A
:10775000F41283A7C1A523A0840A898B85C397F45B
:10776000FE1F9384249A9C5891CB83258409354528
:1077700082979C588325C4093945829722856244A3
:10778000F240D2444249B24997F7FE1F239707CEF1
:1077900097F7FE1F23A407CE05616FE01FAE4111CE
:1077A00026C206C622C4AA84EFF03FBE19C52A84A9
:1077B0002685EFE05FC82322A41AB24022449244F7
:1077C00041018280411126C206C622C44AC0EFF0A0
:1077D0003FCDAA8431C9EFF05FBB2A846300051650
:1077E000C1473EA5930700FB7CA585471CA917F957
:1077F000FE1F1309299183570901130740109305B0
:10780000D024950713050004B3C70708B3D7E70AC8
:1078100033F5A70A97B0FE1FE78000C42328A41001
:1078200019E90A24EFF07FD5B240224402492685A7
:1078300092444101828097F7FE1F83A7E7E9232A3C
:10784000F41097F7FE1F938767C283A6470D03A71F
:10785000070D232ED40E9433232CE40E89E61377E0
:10786000F7F3232CE40EBA3F8326C40F0326840FBC
:107870002312E4142326D41003C7A7048346E4028A
:107880002324C410A304E41693E616FC0327440A39
:107890002307D40283A6870C136607042322C40A95
:1078A0003706000223130414F18E89C613670705F7
:1078B0002322E40A83C7270599C78327440A93979D
:1078C00067292322F40AFD572310F4047EB0230411
:1078D000F4028567938787BB2315F4042285EFE0C4
:1078E0002FB5034549012301A414EF40F02FD147E0
:1078F000A303F41893078002A302F4189307C04E61
:10790000231CF4169307F007230DF416F5779387DD
:10791000A7EB231EF4168327C40FA301A41423008E
:10792000A418A300A41893F7070881C78547230765
:10793000F41897F7FE1F239F07B2FDB58544EDB5F8
:10794000782989476304F70005458280832745111C
:1079500013070004BC33A305F5021C2993F6B70FE7
:107960006396E600930750041CA90DA01307500569
:107970006390E7028327050A93E707202320F50A8F
:1079800085471CA91C3993E707F81CB9014582807B
:10799000130750066395E7009307A006F1B7130796
:1079A0005008639BE70085471CA98347A50293E71E
:1079B00017002305F502F9B7383559F71307000208
:1079C0006386E700130730026395E70093076002C0
:1079D00061BF1307A007E399E7F6930710F869B7AB
:1079E00078298D46832745116311D706D423A30533
:1079F000D502BC336392E7023C35A1EB1C29130787
:107A000000026386E700130730026395E7009307DF
:107A100060021CA9014582807D476364F7023547F7
:107A20006375F702C91793F7F70F4547636FF700C0
:107A300017E700001307C72EB3C7E7209C43BA9788
:107A4000828713073002638BE706054582801C2975
:107A50001307000493F7B70FE39EE7FA9307500468
:107A60004DBF182993070003E311F7FE854755B76B
:107A7000182993070005CDBF182993075005E31671
:107A8000F7FC8327050A93E707202320F50A85479B
:107A90001CA91C3993E707F81CB9ADBF1829930737
:107AA0005006E314F7FA9307A006A5B71829930721
:107AB000A007E31CF7F8930710F8A1BF1829930754
:107AC0005008E314F7F885471CA98347A50293E7FC
:107AD00017002305F50275BF782989476304F7006D
:107AE000054582808327451117F7FE1F1307079866
:107AF0000346A704BC330347970493F6F701998321
:107B0000636AD70003478516218B09C73357F640B0
:107B1000058B0DE76947B317F028F18F2306E502BF
:107B20008D8B1307000291E379478327850AA3050C
:107B3000E50293E727002324F50A5DB718292307F8
:107B4000F516A306D51685476317F7009307600659
:107B50001CA9014582808327850A93E707402324D7
:107B6000F50AC5BF83270511094758B999CFB8A3AE
:107B700003474505B8B38347A50293E7870023056C
:107B8000F502F1471CA9014582801D458280854789
:107B90005CB98327051181CB1547B8A39307B002C1
:107BA0001CA9014582800545828085475CB98327F1
:107BB000051181CB1947B8A39307D0021CA9014531
:107BC00082800545828089475CB98327051191CB66
:107BD0001D47B8A3832705110347D5020145B8B354
:107BE00082800545828085475CB98327051181CB5A
:107BF0002D47B8A3930770031CA901458280054552
:107C0000828099475CB9832705113147B8A317F7DC
:107C1000FE1F1307A785562BB4B3742BD4A3762B62
:107C2000A182D4B3142FF4A3183FF8B38347E5021D
:107C300013F7070401CF9307A0031CA98347E502AC
:107C400093F7F7072307F50201458280858BFDD75F
:107C50008327050AA30505022307050293E7070406
:107C60002320F50AE1BF89475CB98327051191CB31
:107C70003547B8A3832705110347B5020145B8B3BB
:107C80008280054582808D475CB98327051199CB99
:107C90004547B8A30347C502B8B30347B50201453A
:107CA000D8A382800545828085475CB9832705116A
:107CB00091CF4947B8A39307A0041CA98347A50205
:107CC00093E747002305F502014582800545828040
:107CD00085475CB98327051189C74D47B8A301457E
:107CE00082800545828083270511C5C7254758B97D
:107CF0005147B8A30347051D8356251DB8B3034755
:107D0000151DD4B3D8A313D78600F8A30347451D88
:107D1000F8B30347551D98A70357651D13568700F1
:107D2000B0A798B78345751409466383C502032637
:107D300005109315B0286D8E01EE05661306868436
:107D4000B3D6C60AD4B333C6060893568600F4A346
:107D50000346651489466303D6028326051013166D
:107D6000B028F18E81EE8566938686843357D70AD4
:107D700098B7B346070813D78600B8A78347A5026C
:107D800093E747002305F502930700051CA9014569
:107D900082800545828083270511C9C3254758B9CC
:107DA0005547B8A30347051D0356251D8566B8B37F
:107DB0000347151D938686843356D60AD8A30347F6
:107DC000451DB3450608F8B30347551D98A703574B
:107DD000651DD0B313D685003357D70A98B7B3467D
:107DE000070813D78600F0A3B8A78347C507A305E4
:107DF000050299C78327050A93E707102320F50A90
:107E00008327450A1317B0287D8F09C79397B74872
:107E10002322F50A85471CA90145828005458280F9
:107E2000032705118D475CB9D9473CA38346451408
:107E300034B383475514918A5CA30357651EA1C6CA
:107E40009306F034814763FDE600930787E8035704
:107E5000851405CB8587938757FD8D87B3C70708A2
:107E60000357451EB357F70A2307F5048347A502B6
:107E700093E747002305F502930750051CA9014528
:107E800082808D87C9BF858B89CB130707FBA147EC
:107E90003347F702B3470708E1B71307C7FB91471A
:107EA000C5BF032705118D475CB9DD473CA3834758
:107EB00045143CB38346551454A30347B514F98FB6
:107EC00093F647000357651EA1C69306F034814719
:107ED00063FDE600930787E80357851405CB858784
:107EE000938757FD8D87B3C707080357451EB357C0
:107EF000F70A2307F504930780051CA98347A50209
:107F000093E747002305F502014582808D87C9BFAD
:107F1000858B89CB130707FBA1473347F702B3478C
:107F20000708E1B71307C7FB9147C5BF0327051132
:107F30008D475CB9E5473CA38346751483476514B8
:107F4000B317F028B397D7283CB3834715145CA325
:107F50008347A50293E747002305F5029307000630
:107F60001CA90145828089475CB9832705117547A3
:107F7000B8A317E7FE1F0347974FB8B393075007FF
:107F80001CA90145828089475CB98327051179477F
:107F9000B8A30347F502B8B38327050A9397F728D8
:107FA0002320F50A85471CA90145828017E7FE1F9B
:107FB000032707515C2393068005B387D702145724
:107FC00003270511BE96A5475CB9930700023CA3A1
:107FD0000356651E8357251EB297D05A9387C71242
:107FE000B3F7C70A3CB313D68700C18350A35CB371
:107FF0009C5E7CA313D68700C18370B31CA7DC2EC4
:108000001CB7DC3E3CA79307C0071CA90145828032
:1080100091475CB98327051113073002B8A30347C2
:108020002517118B1DC7034745177D173317E02808
:10803000B8B30147D8A303473514D8B38347A50283
:1080400093E747002305F502930750F81CA9014563
:108050008280034775143317E028B8B30307F51778
:10806000D1BF0327051195475CB9930740023CA394
:108070008306351483079517958F93B717008607E6
:108080003CB3030685176315D60093E717003CB38E
:108090000306751750A38347651754B37CA3834722
:1080A0002517858B81CB19C68327050A9397072946
:1080B0002320F50A01458280411126C2832405113F
:1080C00006C622C4B5475CB99DCC91472A84BCA0A2
:1080D0009305451C2146138534009790FE1FE780C9
:1080E00060A11385B40011469305C41C9790FE1F30
:1080F000E78040A0930720021CA80145B24022441B
:108100009244410182800545D5BF83270511A9C34B
:10811000411122C406C6254758B9B8A32A840325AD
:1081200005119305840F21460D059790FE1FE780EA
:10813000609C8327040AA3050402014593E7070214
:108140002320F40A85471CA8B240224441018280C2
:1081500005458280A5475CB9832705119DCF411154
:1081600022C406C63947B8A32A84032505119305FE
:10817000840F21460D059790FE1FE780A097834747
:10818000A402014593E747002305F4029307000387
:108190001CA8B240224441018280054582804111E1
:1081A00022C406C6E1472A845CB90325051141C9EA
:1081B000BD473CA18347440739053146A30AF5FE74
:1081C0008347540793058406230BF5FE8347640712
:1081D000A30BF5FE83576407A183230CF5FE8347A9
:1081E000A405A30CF5FE8357A405A183230DF5FE7A
:1081F0008347C405A30DF5FE8347D405230EF5FE82
:1082000083574406A30EF5FE83476406230FF5FE4D
:1082100083576406A183A30FF5FE9790FE1FE780A6
:10822000608D8347A402014593E747002305F402CC
:10823000930700041CA8B2402244410182800545F6
:10824000DDBF411122C406C6E1472A845CB903257B
:10825000051151C1C1473CA1834744073905314647
:10826000A30AF5FE8347540793058406230BF5FE06
:1082700083476407A30BF5FE83576407A183230C90
:10828000F5FE8347A405A30CF5FE8357A405A1833F
:10829000230DF5FE8347C405A30DF5FE8347D405E2
:1082A000230EF5FE83574406A30EF5FE83476406AE
:1082B000230FF5FE83576406A183A30FF5FE979065
:1082C000FE1FE7802083930740041CA80145B240AD
:1082D0002244410182800545DDBF011122CC26CA1E
:1082E0004EC606CE4AC8930730025CB99307051004
:1082F000804B7147AA8438A00347051583A9070658
:1083000038B00347151558A06389091C8327050950
:108310000325C50817E7FE1F1307C7E363E1A71A84
:108320003385A74083A7090A63EEA7183385A740C2
:10833000B7470F0093870724B335F50252278146CC
:108340003305F502EFB07051B7C703000967938793
:1083500047FC7D1763FBA7169307C012B357F502BE
:10836000F98F0547B3C707085CB01607A183D98FFB
:10837000138909087CA08327C90519469385690DCF
:10838000A1837CB033C70708935787001CA4834799
:1083900009031305D4011CB4834719033CA4834784
:1083A00029033CB4834739035CA4032749035C34A5
:1083B0007D8B819BD98F5CB403C7F90D93F7F70FC1
:1083C000FD8B1607D98F5CB4834749017CA4834792
:1083D00059017CB4834769011CA8834779011CB803
:1083E000834789013CA8834799013CB88347A90189
:1083F0005CA883D789089386170033C706082183B2
:1084000054B878A803C7040478B803C714041CBC84
:10841000A18318AC3CAC83C7F40203C7490D96078F
:10842000D98F03C7590D1207D98F3CBC83C7C90D1B
:10843000FD17B317F0285CAC9780FE1FE780806BB8
:1084400083C7090EA9C71307B002D8B81307A00243
:1084500038A003470904A302E402034719042303D5
:10846000E40203472904A303E40203473904A304F5
:10847000F4022304E40283C7190E2305F40283C720
:10848000290EA305F40283C7390E2306F40223A0A4
:108490000416138704081C5301459397F7291CD32E
:1084A00083C70404A301F40283C714042302F40263
:1084B000F2406244D2444249B24905618280144785
:1084C000B697B9BD1447B69795B5F947B357F502B6
:1084D000F98FB3C70708014741BD03294516054574
:1084E000E30809FC83A7040903A5C40817E7FE1FD6
:1084F000130747C663EEA7143385A740832789096E
:1085000063EBA7143385A740B7470F009387072471
:10851000B335F502522781463305F502EFB0F0334B
:10852000B7C703000967938747FC7D1763F8A71255
:108530009307C012B357F502F98F0547B3C7070871
:108540005CB01607A183D98F7CA0834769081946C0
:10855000930569037CB0835769081305D401A1838F
:108560001CA48347090A1CB48347190A3CA4834707
:10857000290A3CB48347390A5CA40327490A5C34BE
:108580007D8B819BD98F5CB483C7F40258349607E6
:108590007D8B5D8F58B40347C90878A40347D90879
:1085A00078B40347E90818A80347F90818B803473F
:1085B000090938A80347190938B80347290958A8F1
:1085C000035789089356870058B874A883C60404D3
:1085D0007D1774B883C6140418BC14ACB3460708DE
:1085E00013D7860038AC0347F907D98F03475903DF
:1085F0001207D98F3CBC83470908B317F0285CAC3D
:108600009780FE1FE780004F8327C90A9DCF13077D
:10861000B002D8B81307A00238A09823A302E4023E
:1086200098332303E402B823A303E402B8332304FA
:10863000E402D823A304E402D8332305E402F82398
:10864000A305E402FC332306F40223A2041691B529
:108650001447B69755B51447B6976DB5F947B35754
:10866000F502F98FB3C707080147D9BD411106C606
:10867000AD475CB98327051113079002930575195F
:10868000B8A31385370029469780FE1FE7808046F0
:10869000B24001454101828083254511411122C428
:1086A00026C206C6DC21B8312A84A207D98F056507
:1086B0001387A7FF9306A5C7F9443347070863E468
:1086C000E60AF821D431130505C82207558FF9446D
:1086D000636BE5086369F7089025F4312206558E2F
:1086E0009306301F63E1C608B42503C89500A206AF
:1086F000B3E606016369D506130516003345050880
:108700003305F50213983600635F0505A83519C1D6
:10871000636BA7040358A4038144639C0701631A95
:10872000F7000358C4036316C800663C958C93B4E5
:108730001400231DC4042312A406231AF406231BC9
:10874000E406231ED404DC35D8253146A207D98F90
:108750002313F406B905130584069780FE1FE780EE
:10876000603991475CBCB240224426859244410165
:108770008280411122C406C685475CB98345D5165F
:108780002A84032705110345E516854693176500DE
:10879000CD8F3CA3ED473CB35C240346C41693E75E
:1087A00007025CA4EF30B050930770061CA8B240DB
:1087B0002244014541018280832745111303000EA5
:1087C000CC23B433A205D58D938655FEB3C60608D7
:1087D0006361D306F023D43311682206558E9306C5
:1087E00086EB13088814B3C606086364D80494277C
:1087F00083C87700A206B3E61601938856FEB3C875
:1088000008086368130383C89700BC27A207B3E76F
:108810001701938887EBB3C80808636C1801231C01
:10882000B51C231DC51C231ED51C231FF51C6FD092
:108830002FA805458280AA87283505476310E50AD9
:10884000F42B3147639DE60803A747113433A38A0D
:10885000D70454335023A206D18E239BD7046C3304
:108860007423A205D58D239CB70410371427220644
:10887000558E239DC70434372827A206C98E239E10
:10888000D704482758372207498FAA3F239FE70478
:1088900001476319B500CE3F6396C500FA3F158FB7
:1088A000133717002391E706982B93060004630003
:1088B000D702930640046314D700054798AB983B52
:1088C0009546D4BF136717F898BB0145828003C74C
:1088D000A702136717002385E702C5B70545828005
:1088E00078298947631BF70083274511BC33230A86
:1088F000F504F5471CA9014582801D4582802A8721
:1089000028353DE5742BB5476394F606142B930781
:108910000002639FF6048327471193050708D433A9
:10892000D023A2064206B296F023B296B033620676
:10893000B296B4C194379027A2064206B296B027E9
:10894000B296F0336206B296D4DDD027B437220651
:10895000558ED437FC27C206D18EE207D58FBCD105
:108960001C3B93E787001CBB930730021CAB828043
:10897000054582803835AA8719EF68290547631CA9
:10898000E500942B130730026398E6001307C0023A
:1089900098AB0145828005458280AA8768290547F2
:1089A0006318E502982B9306B0026319D7001307EA
:1089B000E00298ABA3850702014582809306D002AE
:1089C0006319D7001307E002A385070298ABEDB740
:1089D00005458280782989476315F706E947A3058D
:1089E000F502832745113947BC336390E702182904
:1089F000930700036317F7048327050A93E7070229
:108A00002320F50A85471CA979A0C51793F7F70F0E
:108A100051476368F70217D700001307E734B3C75D
:108A2000E7209C43BA978287832785101829F59BF6
:108A30002324F510930700046315F70093076004DF
:108A40001CA90145828018299307A004E31BF7FEA7
:108A500085471CA98347A50293E717002305F50264
:108A60001C3993E707F81CB983270510C18BF1FB6C
:108A700083278510BD9B2324F510E1B718299307A0
:108A80000005E310F7FC85471CA98327050A93E737
:108A900007102320F50A1C3993E707F81CB955B7CE
:108AA000182993075005E31EF7F88327050A93E773
:108AB0000720B9B7182993075006E314F7F883275E
:108AC000050A9397B7282DBF182993075007E31A73
:108AD000F7F68327050A9397F7281DB718299307F8
:108AE0005008E310F7F685471CA98347A50293E7D2
:108AF00017002305F50245B7AA8728350547631DEA
:108B0000E500F82B631BA700982B6318A700130739
:108B1000600398AB0145828005458280AA87682959
:108B20000547631EE504982B930670036314D70270
:108B300003C7A702238607049376070499C6137711
:108B4000F7FB136707012385E7021307800398AB40
:108B500001458280930650036314D70213078003F4
:108B600098AB03C7A7022386070493760704EDD2C8
:108B70001377F7FB136707012385E702D1BF05458C
:108B80008280782999476315F70883274511B83300
:108B9000A307E504D833D4232207558F2318E5040F
:108BA000F823FC331429A207D98F2319F5041307DE
:108BB000A0038347E5026392E604858B99CB832764
:108BC000050AA30505022307050293E707042320EE
:108BD000F50A8347A50293E717002305F5028547A9
:108BE0001CA91C3993E707F81CB98347E50293F7E2
:108BF000F7FB2307F5020145828093974760E3D294
:108C000007FE8327450A93E707042322F50AD1BF0D
:108C100005458280AA87682905476310E50403A7F4
:108C20008710418B05CF982B6317A7001307B0045B
:108C300098AB014582809306A0046319D70003C74F
:108C4000A70288AB136717002385E70203A7870AEB
:108C50001367070423A4E70AE9BF05458280AA87B2
:108C6000682905476310E502942B1307A004639C51
:108C7000E60003C7A70288AB0145136717002385E9
:108C8000E70282800545828078298D476315F71AAF
:108C90001C39832645118D8B89EB0C29214793873D
:108CA00005FC93F7F70F6361F702D9472306F50236
:108CB0009307A002A305F5028327850A93E72700FF
:108CC0002324F50A014582803C35639A07149307F3
:108CD00050056398F500D9472306F5029307300243
:108CE000D1BF97D7FE1F93876778D02203C7A7030A
:108CF00083C7B703718F2305E514B432F58F83461C
:108D00006514A305F514B318D028631417012305BF
:108D10000514034675143318C02863940701A3058E
:108D200005148347A5140347B514E9CF45CB93F643
:108D300027009DCA1376270039C6930720202315E4
:108D4000F5148347A5146394F8002305051483479D
:108D5000B5146314F800A30505148547639CF50A50
:108D6000930760051CA9B9BF13F647001DE6858B64
:108D7000B9E785472305F51493772700B9CB8947D1
:108D8000A305F5147DBF13F6470015C213764700FF
:108D900001EE858B8DEB8947F1BF1376470009E61D
:108DA000858B95E39147F9B79307404049BF858B81
:108DB000FDD393771700E5D39307101049B7937647
:108DC0001700FDFA45BF93771700FDF79147E1F6CD
:108DD00055B7118B85474DD791475DB733D6C740FF
:108DE000058A01C623050515A9BF13F7270009C782
:108DF00089472305F514B1B7918B99C39147D5BF26
:108E00008547C5BF1DDFB356D740858AB5D6A305B4
:108E1000151505BF8327850A93E7071055B58547C4
:108E20006396F500DC22A305F5141DBF8327850A90
:108E300093E7072071B50545828074290D47AA87FD
:108E4000639CE61414291307500505456397E6143F
:108E5000A8376313051483C6471403C7571403A622
:108E6000471133F8E6004C22631E08006396B600F3
:108E7000034836006308E8002395071413077005BC
:108E800098AB8280ED8E2385D7143032718F03C664
:108E90006714A385E714B318C028639416012385CB
:108EA000071483C577143318B02863140701A3850A
:108EB000071403C7A71483C6B71479C7D5C213769E
:108EC00027000DC693F52600A9C11307202023957E
:108ED000E71403C7A7146394E8002385071403C7A6
:108EE000B714E31DE8F8A385071449BF937547003D
:108EF0009DE5058B39E705472385E71413F7260021
:108F000039CB0947A385E714E9B79375470095C1A5
:108F100093F5460081ED058B0DEB0947F1BF93F505
:108F2000460089E5058B15E31147F9B71307404063
:108F300079BF058B7DD313F7160065D31307101087
:108F400079B713F616007DFA45BF13F716007DF7C3
:108F5000114761F655B7918A0547CDD611475DB7E0
:108F6000B355B740858981C5238507159DB793768D
:108F7000270089C609472385E714A1BF118B19C3B0
:108F80001147D5BF0547C5BFA9D633D6C640058A08
:108F900035D6A385171535BF05458280AA872835A4
:108FA00005476317E506F42B15476394E606982BEF
:108FB000930650056306D70093068005631BD7040C
:108FC00003C7A70283A54711136717002385E7028C
:108FD000D0211147636BC702B4316368D70213070E
:108FE000F6FF1388F6FF718F3378D80033670701D7
:108FF00009EFF821C8312385C7142207498F23962A
:10900000E714A385D7141305A00588AB014582801A
:1090100005458280AA87283509EDF42B0D47639A10
:10902000E600942B05476396E6001307100698ABFD
:10903000828005458280782989476317F702832754
:1090400045111829BC332308F50285476317F7003B
:10905000930760071CA9014582808327850A93979F
:10906000B7282324F50AC5BF05458280782989479A
:10907000631AF7021829930750076313F70283272F
:109080004511BC332308F5028327050A9397F72877
:109090002320F50A85471CA91C3993E707F81CB95A
:1090A000014582800545828074291547AA870545B8
:1090B0006390E60C942B130750080545639AE60A63
:1090C00003A747113433A38AD71683064700A38F1B
:1090D000D71603065700238DC7167823238FE7166C
:1090E00003C7271793754700A5C98946A389D716D3
:1090F00083A6070A6D9B2389E7169396062923A06A
:10910000D70A03C747189376170099CE9306F0073E
:109110006306D600136727002382E71803A7070A10
:109120001317172923A0E70A17D7FE1F0347373461
:10913000A387E70203C747030145A38DE716054749
:1091400098AB03C7A702136717002385E702983B74
:10915000136707F898BB8280098B45D7DDD203A738
:10916000070AA389A7161317072923A0E70A51BFE7
:109170008280782995476311F70A03274511BD4678
:109180003C3363E0F60697D6FE1F83C6F631FD8EAC
:10919000A9CA742313F61700230DD51683065700AA
:1091A000A30FD51639C2814711A085478507230A29
:1091B000F5165C23A30AF5168347251713F7470016
:1091C0001DCF0947A309E5160327050AED9B2309CF
:1091D000F516131707292320E50A83474503A30D36
:1091E000F516014582808947D1B713D6174855FE39
:1091F00013D627486DFA8D87CDDF8D4745BF898B04
:10920000E9DFE1DE8547A309F5168327050A939771
:1092100007292320F50AD1B7054582807429114713
:10922000AA870545639EE608B037054705456319DB
:10923000E60883A64711A8326364A602D822130861
:1092400010099305B7FF93F5F50F636BB800CC32A7
:109250009386B5FF93F6F60F6364D80063F1E502D9
:109260007947A385E702130780022386E70203A755
:10927000870A1367270023A4E70A0145828083A693
:10928000C71093F60608F5DA83C6E7186316C50219
:1092900093E616002387D7189306000AA387E718DA
:1092A0003307D702B63F3347D70283D60704850674
:1092B00036972398E718D1B7D99A2387D71875BF5F
:1092C000828078299307B0026319F71C8357051E23
:1092D000411126C206C622C44AC09306A002AA842F
:1092E00063F3F61A17D9FE1F0329C91F0545630D3D
:1092F00009188327C901B98B6398071803A444117F
:1093000019465C2C1387F7FF9375F70F636DB6163C
:109310007D8F631A071603C7E414630607169028A7
:10932000130700046313E60203A7040AA385D4020B
:109330001367470023A0E40A1307200798A803C770
:10934000A402136717002385E40293D71748850703
:10935000230EF90C3C3C19469305D40113F7F70092
:10936000230AE90C93D747481305690DA30AF90CA2
:109370009770FE1FE78000785C349583A30FF90C8B
:1093800078301C243438A30EE90C7834230FF90C00
:109390007C242207A2065D8F1C28C207D98F1838AB
:1093A00062075D8F93070908D8CB3828D98E5828D3
:1093B0004207558F98CF382414342207558F343400
:1093C000C206D98E58246207558F543498DBFD8A23
:1093D000D4DB03476402834654022207558F834639
:1093E0007402C206D98E034784026207558FB8C340
:1093F000834794022300F90E8347A402A300F90EC9
:109400008347B4022301F90E8347C402A301F90E76
:109410005C203830A207D98F2399F4147C2058306F
:10942000FD8BA207D98F7820239AF4149376070234
:1094300081CA1377070439EF9397E728239AF41426
:109440007C285838A207D98F239BF4141C2C783819
:10945000A207D98F239CF4143C2C183CA207D98F67
:10946000239DF4148347440203473402A207D98F93
:10947000239EF41483A7040A9397E72823A0F40AF1
:10948000930710079CA80145B24022449244024928
:10949000410182807177D98F55B70545828078293F
:1094A000AD476318F702411106C68347E5188325C7
:1094B0004511294693E707012307F5188D05130584
:1094C00075199770FE1FE780E062B24001454101C7
:1094D000828005458280782993073002631EF71841
:1094E0000357051E411126C206C622C44AC093076F
:1094F0002002AA8463F8E71617D9FE1F032989FE04
:109500000545630209168327C901B98B639D0714BA
:1095100003A4441199465C2C1387F7FF1376F70FC9
:1095200063E2C6147D8F631F071203C7E414630B45
:1095300007129428130700046395E6021307A0029C
:10954000A385E40203A7040A1367470023A0E40AE3
:109550001307200798A803C7A402136717002385E1
:10956000E40293D717488507230EF90C3C3C1946B3
:109570009305D40113F7F700230AE90C93D7474862
:109580001305690DA30AF90C9770FE1FE78080563A
:109590005C349583A30FF90C1C247830230FF90C4D
:1095A0007C34A30EE90C7824A207D98F182842072F
:1095B0005D8F1C38E207D98F3838232AF9083C28F8
:1095C00022075D8F5C28C207D98F232CF9083C2421
:1095D0001834A207D98F383442075D8F5C24E20724
:1095E000D98F58342328F90A7D8B232AE90A5C2075
:1095F0003830A207D98F2399F4147C205830FD8B82
:10960000A207D98F7820239AF4149376070281CA8F
:109610001377070439EF9397E728239AF4147C28EB
:109620005838A207D98F239BF4141C2C7838A20732
:10963000D98F239CF4143C2C183CA207D98F239D6E
:10964000F4148347440203473402A207D98F239EB0
:10965000F41483A7040A9397E72823A0F40A930736
:1096600010079CA80145B24022449244024941019E
:1096700082807177D98F55B7054582807829E14777
:109680006319F70C03278510411122C406C626C2B0
:10969000098B2A84854719CF2435639CF404EFE0B5
:1096A000BFFF1C28A305A402639C97009307100426
:1096B0001CA88147B240224492443E8541018280E9
:1096C00013070004639CE700930710041CA883475A
:1096D000A40293E717002305F402E1BF8327040ADD
:1096E00093E727002320F40A1C3893E707F81CB8F7
:1096F000C9B718390D8B19CF9307A002A305F4023F
:10970000BD472306F4028327840A93E72700232416
:10971000F40A45B718296317F700EFE0FFF7A30530
:10972000A40269B793060002631ED700EFE0DFF6DC
:10973000A305A4023DFD8327440A9397F72923221A
:10974000F40A85BF93060004E316D7F693073002A8
:1097500075B785473E858280411106C622C426C260
:109760004AC00349B500631B09067829A5472A8426
:109770006316F7068327850FA18BADC393040510ED
:10978000CC48214626858D059770FE1FE7808036E0
:109790009C40373778081307070D13060408D98F44
:1097A000385ED4407D8F7C5E93E6060198C4F58FC9
:1097B000DCC418288547631CF700930710031CA816
:1097C000B240224492444A85024941018280832763
:1097D000840A93E707012324F40ADDB70549CDB7CE
:1097E00041114AC006C622C426C27829A5470549A8
:1097F0006311F7061829930700032A840549631AA1
:10980000F70493040510CC48214626858D059770F2
:10981000FE1FE780202E9840B73778089387070D02
:109820005D8F93070408B45FD040F98EF85F13662C
:10983000060194C4718FD8C4A3050402985313671A
:10984000070298D31C3823082401014993E707F83D
:109850001CB8B240224492444A85024941018280A8
:10986000411122C406C626C22A84283585476318BA
:10987000F5067828A5476318F7041C28639AA704FF
:1098800093040410CC48214626858D059770FE1F51
:10989000E78040269C40373778081307070D1306EA
:1098A0000408D98F385ED4407D8F7C5E93E6060134
:1098B00098C4F58FDCC4930710031CA81C3801451D
:1098C00093E707F81CB8B2402244924441018280D9
:1098D0008327840A93E707012324F40AC5B70545C3
:1098E000DDB7411122C406C626C22A842835854721
:1098F0006311F5047828A1476318F7028324441103
:10990000130584121546938534009770FE1FE78077
:10991000601E9C3498240145A207D98F2317F412A6
:109920001C3893E727F81CB8B24022449244410106
:1099300082800545D5BF011122CC06CE26CA4AC871
:109940002A8428358547631CF5107828DD47631283
:10995000F7108324441121461305B41A938534006B
:109960009770FE1FE7800019B834DC24A309E41ABD
:10997000230AF41AEFD04EB22AC4EFD0EEB12AC6B1
:1099800021462C001305441C9770FE1FE7808016AB
:10999000FC34F8241305C41CA2074207BA97982880
:1099A00011462C00BA97D8346207BA972324F40CD6
:1099B000BC38B828A2074207BA97D828BA9798386F
:1099C0006207BA972322F40C0347541C8347641C94
:1099D0004207A207BA970347741CBA970347441C6F
:1099E0006207BA972320F40C0347941C8347A41CF6
:1099F0004207A207BA970347B41CBA970347841CCF
:109A00006207BA97232EF40AA247374703001307C9
:109A1000D73FB387E70237A72600130737ECBA977B
:109A20003EC49770FE1FE780E00CFC28D838014543
:109A3000A207D98FF83842075D8F9C2CE207D98F97
:109A4000232EF40C8327C41C2320F40E930710024A
:109A50001CA8F2406244D244424905618280054517
:109A6000CDBF78299147631DF712411126C2832487
:109A7000451122C406C6BC302A8481CB1387F7FF68
:109A80007D8F01E73D476376F70293070002A30548
:109A9000F402930730022306F4028327840A93E733
:109AA00027002324F40AB240224492440145410194
:109AB0008280D4301307E0076387E60013F71700AE
:109AC00021C3814721A0F947D9B785478507230AD4
:109AD000F41683874400C9C303053414A30BF4169A
:109AE0003307F5001375F50F6356F00283079417DB
:109AF00063D6E702898FA30BF4160DA08947F9B747
:109B000013D7174879F313D727486DFB8D87F1D307
:109B10008D476DBF83078417E34EF7FC83477417A7
:109B20003E9513154560EF2090122301A414EF20F9
:109B3000B00B03473414A301A4143307E540A30B6F
:109B4000E416EF20D0108347441703473414230151
:109B5000A414A297A38FE716830744038306C417B0
:109B6000014763D5F600958F13F7F70F230BE41623
:109B7000DC300547230DF4161C286396E700930795
:109B800060F81CA80DB7130750086396E700FD574F
:109B9000230BF416EDB78327840A9397D72811B7C0
:109BA000054582807829A547631AF704411122C42C
:109BB00006C61429130700052A8485476394E60224
:109BC000EFE09FBF0DE58327040AA305040293E796
:109BD00007102320F40A1C3893E707F81CB88547C0
:109BE0001CA88147B24022443E85410182808347C0
:109BF000A40293E717002305F402F1BF85473E85D1
:109C000082807829A5476309F700054582800545CC
:109C1000B24022444101828083278510411122C431
:109C200006C693F707022A84FDD3EFE0FFB8854705
:109C3000E30FF5FC18286317F700930710051CA81D
:109C40000145F9B78327840A93E707082324F40A18
:109C5000C5BF05458280411106C622C426C22435EF
:109C6000F9E07829E1472A84631FF70A1829930746
:109C70000004631AF70A8325451105659306A5C7F5
:109C8000D821BC3122075D8F9307A7FFB3C7070810
:109C900063E2F608FC21D431130505C8A207D58F6D
:109CA000636AF50663E8E7069025F4312206558ECF
:109CB0009306301F63E0C606B42503C89500A206CC
:109CC000B3E606016368D50413051600334505089D
:109CD0003305E50213983600634EA802A83519C172
:109CE00063EAA702231DC4042312A406231AE40670
:109CF000231BF406231ED404DC35D8253146A207E5
:109D0000D98F2313F406B905130584069770FE1F37
:109D1000E78040DE930770041CA8B24022442685E9
:109D20009244410182808544CDBF0545828005452E
:109D300082800545828005458280054582800545F3
:109D400082805C25A30A0500F19B93E717005CA5C0
:109D500003250511133515008280014582804111CC
:109D600006C6EFD08FE2B24013351500060541015B
:109D700082806FF0DFFE411106C6EFD00FE105C112
:109D80000357C5058356A505035665078355450743
:109D90000A25EF5080480145B240410182800945C3
:109DA000E5BF01111375F50F06CEEFB0EFEC29C931
:109DB00097C7FE1F83A7077993F707209DC302C4A7
:109DC00002C202C0814801488147014781460546D9
:109DD00081451305C003EF50C0440145F2400561C1
:109DE00082808346D5031307E50302C081480148FA
:109DF0008147054681451305C003EF506040F1BF20
:109E00000945E9BF97C7FE1F9387476603A7C708A1
:109E1000094529CB83A7870D011106CE93F70720AB
:109E20008DC302C402C202C0814801488147014774
:109E3000814601468145EF50C03EF2400145056133
:109E40008280835807020358A7018357070583467A
:109E50005707014602C01307670781450945EF50C0
:109E6000203AE1BF8280011106CE22CCEFD0EFD1A3
:109E700025CD303505472A8497C7FE1F9387075F96
:109E80006312E604F853094515CB034604038346E1
:109E900057048358E4030358C4033E3C0E2403458F
:109EA000B4021307670432C00546EF5060357C34B6
:109EB000A3050402014593E717007CB4F240624415
:109EC0000561828003A7C70809456DDB83465707F4
:109ED0008358E4030358C4033E3C0E240345B402F4
:109EE0001307670702C0D1B70945C9BF397106DE3C
:109EF00022DC26DAEFD06FC971C938352A8497C7BA
:109F0000FE1F9387A7562DEBE4530945ADC01946B4
:109F1000814508109770FE1FE78040C419468145AF
:109F200028109770FE1FE78060C3C167FD17835834
:109F3000A40383C6540430340E240345B4023EC83F
:109F40009C2413088102138764043EC683470403DC
:109F50003EC47E3C3EC25E3C3EC01C10EF50E02E34
:109F60007C34A3050402014593E717007CB4F2504A
:109F70006254D25421618280A45F0945EDD819460C
:109F8000814508109770FE1FE78040BD1946814546
:109F900028109770FE1FE78060BC83D7240D83587C
:109FA000A40383C6540530340E240345B4023EC8CE
:109FB0009307F00F3EC602C47E3C1308810213874C
:109FC00064053EC25E3C3EC01C1049BF094545B712
:109FD000397106DE22DC26DA4AD8EFD00FBB630FD8
:109FE0000514343505472A8497C7FE1F9387074811
:109FF000639AE60AE4530945C1C083C7440419467D
:10A00000898BC9C38C58BC25B5CFB105280897707A
:10A01000FE1FE78020AE83C75404138964041946E9
:10A02000898BA5CBCA8508109770FE1FE78080AC8E
:10A030008C581946910528109770FE1FE78080AB59
:10A04000834704038358A40383C6540430340E2486
:10A050000345B4023EC47E3C1308010238103EC2E0
:10A060005E3C3EC03C08EF50C01B7C34A30504029C
:10A07000014593E717007CB4F2506254D254425920
:10A0800021618280814528089770FE1FE78000AD1E
:10A0900059B7814508109770FE1FE78020AC19461C
:10A0A000CA8551BF83A4C7080945F9D483C74406AC
:10A0B0001946898BB9CF9385640628089770FE1FCF
:10A0C000E78040A383C74407138964071946898B37
:10A0D000A1CBCA8508109770FE1FE780A0A183A5B9
:10A0E00044081946281091059770FE1FE78080A04C
:10A0F00083A74408BC3393E72700A38AF406835858
:10A10000A40383C6540730340E240345B40202C4AA
:10A1100099B7814528089770FE1FE78020A45DB796
:10A12000081081459770FE1FE78040A31946CA8535
:10A1300028109770FE1FE780E09BD1B709452DBF1F
:10A14000797122D426D206D6AA84EFD00FA417C4E0
:10A15000FE1F0324243939C5AA8709451DCC83D79E
:10A16000271519469305640D7C8685477C878357A0
:10A17000440D13052101A3040100FC806485977040
:10A18000FE1FE78020978327C40D28003ECC83273D
:10A19000040E3ECEEF50C00F0145B25022549254EF
:10A1A000456182800945D5BF011122CC06CE2A84A3
:10A1B000EFD0AF9D3DC18347B5020347451760838C
:10A1C000DC8283473517D8845C8495EF8347751705
:10A1D000030795175C86830735145C85631CF700BD
:10A1E0008947DC854800EF50800A0145F24062440F
:10A1F00005618280030785176314F7008547D5B78B
:10A20000A3050100C5B78347A5175C85834755178C
:10A21000DC858347F5175C86F1B70945C1BF01119D
:10A2200022CC06CE2A84EFD04F9629C58307A517E6
:10A23000C084218040851307F0076389E702034744
:10A240004503998FDC858347451813F707010DE314
:10A2500093F7070293B71700850728005C86EF5035
:10A26000E0020145F240624405618280FD57DC85D1
:10A270008147E5B70945FDB7797122D426D206D6C4
:10A28000AA84EFD08F9017C4FE1F0324A42521C5F4
:10A29000AA87094505CC83D7271519469305640D70
:10A2A000FC808547FC818357440D13056101A3069B
:10A2B0000100FC8264879770FE1FE780A0838327DC
:10A2C000C40D68003ECEEF40307C0145B2502254B0
:10A2D0009254456182800945D5BF411106C6EFD031
:10A2E000CF8A11C9834505140A25EF40B07901458D
:10A2F000B240410182800945E5BF9375F50F011118
:10A300002E8506CE22CC2EC6EFB00F9705C1834610
:10A3100005072A84B245082D0546EF4030760145F1
:10A32000230C0400F2406244056182800945DDBFD0
:10A33000411106C6EF405074B24001454101828090
:10A34000411122C406C617C4FE1F0324A4190945DF
:10A3500009CC0355240DEF40F0710325C40C93077D
:10A36000F00F2319F40C11E50145B24022444101DC
:10A3700082809780FE1FE780801AA304040CEDB74B
:10A3800097C7FE1F83A7071699CB41111385070DA9
:10A3900006C6EF40F06DB24001454101828009459B
:10A3A0008280411106C622C4EFC03FFE05C9834624
:10A3B0007514034665140E252A840345B5028506E7
:10A3C000050693F6F60F1376F60FEF40306A014557
:10A3D000A3050402B2402244410182800945DDBF49
:10A3E000411106C6EFC07FFA05C10357251E8356EB
:10A3F000051E0356651E8355451E0A25EF40306233
:10A400000145B240410182800945E5BF411106C6C0
:10A4100022C4EFC09FF715C52A840357C50583568C
:10A42000A50503566507835545070A25EF40B05E2D
:10A430001C38014593E747001CB8B2402244410153
:10A4400082800945DDBF411106C6EFC01FF405C17A
:10A450008347451B0346351B9305B51A0A25A207FA
:10A460005D8EEF40105B0145B2404101828009459D
:10A47000E5BF411106C622C4EFC03FF105C10E255C
:10A480002A84130605100345B502EF4050580145D4
:10A49000A3050402B2402244410182800945DDBF88
:10A4A000411106C622C4EFC05FEE05C50357C505BE
:10A4B0008356A505035685050E252A840345B50256
:10A4C000EF40B0540145A3050402B24022444101CB
:10A4D00082800945DDBF01458280014582800145BA
:10A4E000828001458280014582800145828001454C
:10A4F000828001458280014582800145828001453C
:10A50000828001458280014582800145828001452B
:10A51000828001458280014582800145828001451B
:10A52000828001458280411106C622C4182193060B
:10A530000008AA876313D70218319306C0020545A5
:10A5400063E3E60497C60000938606923347D7205C
:10A55000AA231843029701453DA09306100805451C
:10A560006313D7029833E9466309D71063E5E6041D
:10A57000B1466303D70E63ECE60095466304D70645
:10A58000A146630AD70AB240224441018280CD46E7
:10A59000E31BD7FEAA23EFC05FDF2A8429C9035635
:10A5A000450419C60E250545EF40704423120404E6
:10A5B000A30804024DB7930670056309D70C9306F0
:10A5C000F00FE30AD7F893060003E31ED7FAAA2395
:10A5D000EFC0BFDB2A8401CD0E250345B502EF4055
:10A5E000904185A8AA23EFC05FDA2A8419E10945C2
:10A5F00059BF032785110DC7835745048507B3C786
:10A60000070818433E868507B3C707087DFB23125A
:10A61000C40419C60E240545EF40703D23120404FE
:10A620000345B402034644050E24EF40103B228547
:10A63000EFC0DFC50DB7AA23EFC03FD52A8445D9A7
:10A640000346C5040E250345B5023336C000EF406E
:10A650001039A305040201B7AA23EFC01FD32A842F
:10A6600059D503572505835605050346F5040E25E0
:10A670000345B502EF40F036E9BFAA23EFC0FFD093
:10A680003DD50345B502EF40D036F1B5AA23EF40E2
:10A69000D036D1B5011122CC37E400E026CA0440FF
:10A6A0004AC84EC652C406CEB70720002A892E8A51
:10A6B000B289FD8C2320F4180F100000114597601B
:10A6C000FE1FE78000341DC523004501A3003501AE
:10A6D00023112501232094106244F240D2444249C0
:10A6E000B249224AAA8517C5FE1F0345559F056139
:10A6F0006FC08ED023209410F2406244D24442496D
:10A70000B249224A11450561828041114AC037E9A8
:10A7100000E026C28324090006C622C4B707200031
:10A72000FD8C2320F9180F100000EFC01FC611E99F
:10A73000232099100945B240224492440249410124
:10A74000828083270512230D05002A84A9CF78343F
:10A750000A25058B11EF0A24014693050008EFF046
:10A760007FF329C5B7E700E023A097100145E1B7C3
:10A77000D443D0278C278906EF40502815E1832742
:10A780000412BA27A3840700136707F0BAA79C43F3
:10A790002320F4128357240481C7FD172311F404E6
:10A7A00083270412CDFB231104046DBF85473CAC05
:10A7B00055BF411122C406C62A8497C7FE1F83A72E
:10A7C00027D789E7B2402244410182806384870011
:10A7D000DC5FC5BF3C2499C79305C4001305A401E1
:10A7E000EF7090633C28F9DF930544011305A40240
:10A7F0002244B24041016F703062AA862E86AA853B
:10A80000170500001305C5006FC08EF5411126C263
:10A8100097C4FE1F938484C583A7440C22C406C634
:10A820002A8491E7B24022449244410182806384A9
:10A830008700DC5FFDB73C2499C79305C40013056E
:10A84000A401EF70705D3C2899C79305440113057E
:10A85000A402EF70705C22852244CC58B24092442E
:10A8600041016FF09FF901114AC817C9FE1F130972
:10A87000E9BF22CC0324490C26CA4EC652C456C294
:10A8800006CEAA84014A93094500854A65E09305EE
:10A890002025130500049780FE1FE780E0BB2A8473
:10A8A0001D4545CCBC301946938544001305440032
:10A8B0003CB09760FE1FE780E023938AA4014146E5
:10A8C000814556859760FE1FE780803C79E19309BA
:10A8D000A401D68541464E859760FE1FE780E0378C
:10A8E00085473CA43C309305C4004E8593E7270080
:10A8F0003CB4EF7070529384A40241468145268592
:10A900009760FE1FE780C03841E99307A402A6853F
:10A910003E854146BE849760FE1FE7800034854730
:10A920003CA83C3093054401268593E727003CB8BA
:10A93000EF70904EA3000400832549032285EFF0B9
:10A94000DFEB631E0A042322890C232E04028347B3
:10A95000090C014585072300F90CF2406244D244FA
:10A960004249B249224A924A056182803830BC305D
:10A970006305F700228A405C11BF4146CE8513056E
:10A9800044009760FE1FE7808028E31555FF494586
:10A99000E9B72305040085B72309040061BF232E0E
:10A9A0008A0265B7411122C426C206C64AC017C42E
:10A9B000FE1F0324E4B7FD5419ECB240224497C7AC
:10A9C000FE1F23A707B697C7FE1F238107B6924431
:10A9D0000249410182800820EFC08EF50329C4039B
:10A9E00004A022859780FE1FE78060B34A84E9B700
:10A9F00097C7FE1F938787A72380070C23A2070C06
:10AA00006F70504B011122CC17C4FE1F130404C9F0
:10AA1000584C26CA06CE4AC84EC6954797C4FE1F54
:10AA200083A444AC6306F700584C8D47631FF700BE
:10AA30008347140281E7930760101EB0F24062441E
:10AA4000D2444249B249056182805C4C138941A8D5
:10AA50008327090037070200194523A2070698C774
:10AA600097C7FE1F23A407C4938941A79790FE1F91
:10AA7000E780A03203A70900B7C7898E938767EDE7
:10AA80001CC7B7575500938757555CC383C724022B
:10AA90001307F00F6387E700A380F402FD572381BB
:10AAA000F4020327090001469305F00F5C430145BA
:10AAB00093E717005CC3930710FABCA499475CCCDA
:10AAC00097C7FE1F23AC07BC138441A99780FE1FC4
:10AAD000E780E08B18405C57F59B5CD783A60900A4
:10AAE00098349C421377F70793F707F8D98F9CC2E5
:10AAF00097B7FE1F83C7076799C703A541A697604D
:10AB0000FE1FE780404703A70900B70633001C4338
:10AB100093F7F7CF1CC31C4393F7F7CF93E70720B6
:10AB20001CC318401C47D58F1CC703270900B70753
:10AB30000300938787153CCB97C7FE1F23AA07B650
:10AB400097C7FE1F23AE07B485471CC3C5BD41117F
:10AB5000B7E700E026C284433707200006C622C4B8
:10AB60004AC0F98C23A0E7180F10000097C7FE1FFA
:10AB70009387C7B203C7170211CB83C607020947E1
:10AB80006396E60017C7FE1FA30A07B2D44F2147FA
:10AB90006386E600D44F1D476398E600D84F2380B4
:10ABA000E7020547A380E7029790FE1FE780401762
:10ABB00017C4FE1F032404936840231504002304D4
:10ABC00004009780FE1FE780809517B9FE1F1309C8
:10ABD000E95003453900914523100404232204045D
:10ABE00023240404EFC0AECB03453900A145EFC0D8
:10ABF0000ECB034514039307F00F6307F500EFC076
:10AC00002ED3FD57A308F402034504039307F00F66
:10AC10006307F500EFC0CED1FD572308F40297B7C4
:10AC2000FE1F83C7275491C701459760FE1FE78029
:10AC30008034B2402244B7E700E023A097100249D5
:10AC4000924441018280411126C206C622C44AC0F4
:10AC5000EFC01F85AA8439C9EFC02FF32A8463058A
:10AC60000510930710113EA5930700FB7CA58547AF
:10AC70001CA917B9FE1F1309E948835709011307D7
:10AC8000401093053025A50713050004B3C7070836
:10AC9000B3D7E70A33F5A70A9770FE1FE780C07B9A
:10ACA0002328A41019E90A24EFC03F8DB2402244A2
:10ACB0000249268592444101828097C7FE1F83A7DF
:10ACC000A7A1232AF41097B7FE1F9387277A03A61C
:10ACD000070D83A6470DBA3F83C7A704232CC40ED4
:10ACE000232ED40EA304F416FD572310F4047EB0D3
:10ACF0001EB48347E4022324C4102326D41093E710
:10AD000007FC2307F4028567938787BB2315F404A8
:10AD10002312E414228523130414EFA07FF10345CA
:10AD200049012301A414EF10206CD147A303F418A8
:10AD300093078002A302F4189307C04E231CF41655
:10AD40009307F007230DF416F5779387A7EB231EDF
:10AD5000F416A301A4142300A418A300A41897B701
:10AD6000FE1F2399077099B7854489B7411122C402
:10AD700026C24AC006C697B4FE1F9384246F2A8455
:10AD8000A8308345040317B9FE1F1309A937A30789
:10AD9000A402EFC0CEF597B5FE1F9385A53BD22543
:10ADA0003E3C93060032232AA4083387C7028C4511
:10ADB0003358D7023377D702232604091308204ECD
:10ADC00033070703B38707033347C702B3D7A70285
:10ADD0001AB003478901BA971A3C93878716B3C7FD
:10ADE000070805073307C7022312F40813070719DA
:10ADF0003357D70283268408BA9663E5E600368681
:10AE000063E4B6003386B640034774039306204ECE
:10AE10002313F4083307D7022328C40822852311FB
:10AE2000E408EFA03FC02285EFA03FDB6E3C228507
:10AE30009205F915B3C50508EFA01FBB2285EFC029
:10AE40007F8183A7C1A523A0840A898B91CF832703
:10AE5000090399CB83258409354582978327090304
:10AE60008325C4093945829722852244B240924401
:10AE7000024997B7FE1F2392076097B7FE1F23AFC3
:10AE8000075E41016FB06FBF835745080357050840
:10AE900089463357D70AB397E7002313F5086FC0E5
:10AEA0008EF4011122CC26CA4AC806CE4EC683476C
:10AEB000650338392A848507230BF502138941A8D5
:10AEC0005C25938441A7631A07501439BD9B93E70F
:10AED0003700130700045CA5A30D050038B993974C
:10AEE000466063D8070093F6F60714B9EFE07FE5F4
:10AEF00039A88327850A13F7270025C3F59B232448
:10AF0000F50A83270510918BB1C7EFC0DFD7343C1A
:10AF1000854758246399F60483278411DC4398A35A
:10AF2000832784115838DC4398B30327841183277F
:10AF300009005843B8DF9C4098431317772998C3FA
:10AF4000D857719BD8D7F2406244D2444249B249A3
:10AF500005618280EFC03FD15DBF13F717000DC3BD
:10AF6000F99B2324F50A83270411582498A38327E7
:10AF70000411583898B383270900032704115DBFD3
:10AF8000182985496310371DE1C313F7070119C755
:10AF9000BD9B2324F50AEFD04F9795BF13F7070207
:10AFA00001CB93F7F7FD2324F50AEFD08FA985B7DE
:10AFB00013F7070401CB93F7F7FB2324F50AEFC03F
:10AFC0003FD1B1B713F7070809CB93F7F7F723245D
:10AFD000F50A2285EFC03FDC1DBF13F7072009CB20
:10AFE00093F7F7DF2324F50A2285EFC09FEB05B71F
:10AFF00013F7074001CB93F7F7BF2324F50AEFD0EF
:10B000004FF731B71317B0287D8F01CB9397B7480F
:10B010002324F50AEFC03FF7DDBD05677D8F01CB27
:10B020009397C7482324F50AEFC05FF8CDB50967A9
:10B030007D8F01CB9397D7482324F50AEFD06F82F9
:10B04000F9B52324050A05B78327450A6384073029
:10B0500013F7070401CB93F7F7FB2322F50AEFC0A0
:10B060005FBA75B513F7071001CB93F7F7EF2322FB
:10B07000F50AEFD02F8E61BD13F7072019CBCD8ACB
:10B080006391060E93F7F7DF2322F50AEFD02F9195
:10B09000BDBD13F7074001CB93F7F7BF2322F50A95
:10B0A000EFC09FC0ADB51317B0287D8F01CB93972C
:10B0B000B7482322F50AEFC01FC391BD05677D8FF6
:10B0C00011CBCD8AD9EE9397C7482322F50AEFC05A
:10B0D0003FD535BD11677D8F01CB9397E74823227C
:10B0E000F50AEFC0BFE425B541677D8F01CB93978B
:10B0F00007492322F50AEFD04F9E11BD3707020002
:10B100007D8F01CB939717492322F50AEFC0BFE546
:10B11000FDBB370710007D8F01CB93974749232252
:10B12000F50AEFC0FFEEE5B3370780007D8F01CB56
:10B13000939777492322F50AEFD04FD3C9BB232237
:10B14000050A15B519CF1306A0056367E6041306B3
:10B15000F003636AE60015171377F70FF54763F4FA
:10B16000E702228561B3130707FC1377F70F6946DF
:10B17000E369E6FE17B60000130646DA3347C72038
:10B1800018433297028797B600009386E6DF33476D
:10B19000D7201C43B69782879307200763ECE7020A
:10B1A0009307000763E8E722930760066301F7222D
:10B1B000130767F91377F70F8549E3E4E9FAEFE03E
:10B1C0005FB88327040A9397B7282320F40A23083B
:10B1D000340135BB93076007E30EF7E2930760087D
:10B1E000E311F7F8EFC0FFE73DA01317B0287D8FFC
:10B1F0002DDB9397B7482324F50AEFC0DFD89307D8
:10B2000000041CA829B38347B5029DC30547639674
:10B21000E700EFD00F838547EDB783270510918BAB
:10B22000C5C7BD472306F4022285EFC0DFA5E5B7F9
:10B23000EFE03FB18327040A93E727002320F40AB5
:10B24000D9BFEFE01FB085471CA88327040A23114C
:10B25000040693E747002320F40A55B9EFC09F90F6
:10B26000D947230AF40465B1EFE0BFAD8327040A90
:10B2700093E717002320F40A2308040049B99760D4
:10B28000FE1FE7808012E30405C88547A306F40487
:10B290002285EFC05F958347C404F99B2306F4041D
:10B2A000BDB1EFE01FAAC9BF83278510858B81C779
:10B2B000EFC09FE0A9B9E947A305F5028327051070
:10B2C000918B99C38D47B9BF2285EFC0DF99A1B794
:10B2D000EFC0FF8B8347D40491CB41469305C40A4A
:10B2E0001305C40C9760FE1FE780C0808347C40429
:10B2F0002326040E2328040E93E717002306F404E4
:10B3000039B183270510918B91CB8D472306F50228
:10B31000EFC07F971C38DD9B1CB8F5BDEFC0BF9414
:10B32000D5BF8347C5042322050E2324050E93E7CA
:10B3300027002306F504EFC05F871C38A30504022D
:10B34000DD9B1CB88327040A93E70701C5BDEFC046
:10B350003F98D1B59760FE1FE7802005E30905BA45
:10B3600009B50347A51411CB83476514B317F0281B
:10B370006385E70093E6060114B90347B41419CBBB
:10B3800083477414B317F0286386E7001C3893E7EB
:10B3900007011CB87C2C91CF1C38C18B99EB8327FB
:10B3A000040A93E707202320F40A2285EFE07F991F
:10B3B0009DB58307B417F5DB83274410898BF5D738
:10B3C0008327440A939747292322F40AF9BFEFD031
:10B3D0004FBA91B5EFE0FF96DDBB17B7FE1F13071D
:10B3E000E7081E2B85071EAB1DB68347E518858B26
:10B3F000638C070E397122DC06DE26DA4AD84ED677
:10B4000052D456D25AD05ECE62CC834765132A847A
:10B4100013D737002A97834607139D8B33D6F64000
:10B42000058A55CE034545037D57FD4759152C0028
:10B430003AC43EC613154560EF104014032684132A
:10B4400022478326C413B247718FF58F6314E60039
:10B450006386F6062800EFC02F9B894763F0A70696
:10B4600029468145130574199750FE1FE780006F28
:10B470002249B249814A0D4C930B500256864A85A7
:10B48000CE85139A4A60EF80E07A135B2A40229BB4
:10B49000137A3A00058983447B19060A05CDB394D3
:10B4A000442993F4F40FA30B9B18850AE3987AFDC3
:10B4B0008347E41893E787002307F418F250625497
:10B4C000D2544259B259225A925A025BF24B624C00
:10B4D00021618280331A4C01B3E44401D9B7B39699
:10B4E000F6282308D712D9BF8280397126DA97B49B
:10B4F000FE1F9384A4F722DC03A4C4094AD84ED6C5
:10B5000056D237090300B74A0F00B709008252D458
:10B510005AD006DE5ECE62CC66CA6AC86EC6130A10
:10B520008915138BFA23FD197C241307000D639BE7
:10B53000E71E938B41A883A70B0098430D8B1DC377
:10B54000238A0196B84B1377F78FB8CB98431367CC
:10B55000870098C39C4393D7374889C701000100EF
:10B560000100010097B7FE1F83C7C7BF89E7976037
:10B57000FE1FE780200C8347C404858B89C7A28502
:10B580000545EF00D053138C41A703270C008347D8
:10B590002414938C41A954579395476093F7F7036C
:10B5A000B3F63601E607D58F5CD79306A00383A7D1
:10B5B0000C0063D8B610F44F37060007D18EF4CFD5
:10B5C0008327840983A60B0017BDFE1F130D0D0DE5
:10B5D0001CC78327C4095CC3DC4293E71700DCC2A5
:10B5E0005C57F19B93E717005CD78355041E035605
:10B5F000241E03457414930710FD7CA49105930742
:10B60000000C2320FD00B3C505089770FE1FE780DE
:10B6100000D883457414054683A60B0003572408FD
:10B6200083576408639BC50C13071703D046B3A761
:10B63000E72013171649D8C60F10000003A70B0008
:10B64000B7060200860714C7930600082328DD000A
:10B650007CD350C797B7FE1F23AC070403A60B008B
:10B6600097B7FE1F23AE070285471CC28346C4045A
:10B6700083270C0003A70C00858AD9C29443B70521
:10B68000330093F6F6CF94C3944393F6F6CF93E644
:10B69000062094C31447CD8E14C79306891734CA65
:10B6A0005457F59A54D783466413984393F6F60794
:10B6B000137707F8558F98C39770FE1FE780E09CBB
:10B6C000A5B59306200263DAB600F44F370600F9F9
:10B6D0007D16F18E37060005D5B5370600F9E94627
:10B6E0007D1663D7B600F44FF18E37060003F9B527
:10B6F000F44FF18E93968629D9B5130717043DB7F9
:10B700009443B705330093F6F6CF94C3944393F66E
:10B71000F6CF93E6062094C31447CD8E14C7232892
:10B720004605BDBF1307100D6390E75297BBFE1F80
:10B73000938BCBF683A70B00858B638C074483A781
:10B740000B0093F70708CDCF7C3417BCFE1F034CCA
:10B75000EC9C93F7070299CF3E3C1307204EB3872A
:10B76000E70203274409B3D7E7021307CC03BA97CC
:10B770002312F40897BDFE1F938DCD9D03554408F9
:10B7800003DDCD0037460F0013051504B325A503CF
:10B7900013060624814683AC4B033305AD02EF80CC
:10B7A000D00B8327C40803A68D003385A740B307B9
:10B7B0009501BE8563E4A70063E4C700B385C74075
:10B7C00003270409636FB71283566408835724085C
:10B7D00013850A240D8FB3A7F620B387A703DA9742
:10B7E000B3D7A7026365F7001D8E6374E6002328B4
:10B7F000B4088582B3F6860B231004082313D408FB
:10B800000325441113062403930544039770FE1F78
:10B81000E780008A03D764048347440323ACAB006A
:10B82000998F230AF402832744111307F0039C2302
:10B830006364F7008D8B81E7854723ACFB0083A70A
:10B840008B01858B639907268347A40293E7270022
:10B850002305F40283A70B0093F7070889CF03475A
:10B86000641393573700A29783C607131D8B339732
:10B87000E6482388E7127C34898BD5C32285EFA064
:10B88000AFBB51ED7C34A309040093E747007CB4BF
:10B89000832784118DCB383C1DC79837058B05E76E
:10B8A000BA27C843136707F0BAA79770FE1FE7804F
:10B8B00000C78357440485072312F40483278411A7
:10B8C0009C43232CF4105C3881CB8347C404898BC0
:10B8D00081C72285EFA08FBA1C281307200263942A
:10B8E000E7028327040AA305040293E787002320C5
:10B8F000F40A1C3893E787001CB8930740021CA881
:10B9000039A83297D1B513070006639CE70A85472B
:10B910001CA88347A40293E717002305F40283A71A
:10B920008B01898BF5C38347C404858BF1CF1C3C05
:10B9300085071CBC7C3413F7270031E393E727000D
:10B940007CB4930700F85CAC3E3C1307204EB387F1
:10B95000E70203274409B3D7E70217A7FE1F0347EF
:10B96000E77B1307C703BA97B3C707082312F40886
:10B9700086072311F40897B7FE1F23A907B822856D
:10B9800097B7FE1F23AC07D0EFF0AFD14C3803457B
:10B99000641491059760FE1FE780607B5C386381CB
:10B9A000071C8347C404898B638C071AA285014551
:10B9B000EF00F00A630805109780FE1FE78040360D
:10B9C0009DA4130770066397E70203A741A73C579E
:10B9D000ED9B3CD797B7FE1F238307CE3717004058
:10B9E0001E2FC607C5831EAF5C2493F7F7FD5CA42A
:10B9F000854731B77147E394E7F28327040A93E759
:10BA000017002320F40A21BF2285EFA00FA51DF106
:10BA1000A30C04002285EFA06F9F1C38A18B8DCB57
:10BA20007C289DC77C38094793F7B70F6382E702EC
:10BA30009307D003230AF404930770021CA88347DA
:10BA4000C404858BE38807EE2285EFA02FA8DDB51F
:10BA50005C340D476394E7047C381307A0026372DB
:10BA6000F7027C381D476388E702A306F4028327A8
:10BA7000840A228593E717002324F40AEFC0AF94C9
:10BA800019A817A7000013076733B3C7E7209C4323
:10BA90002285829779F57C28DDF369BDE38C07E880
:10BAA0007C28E38907E822859760FE1FE780609F76
:10BAB000E31205E8CDB71C2C85071CACFE248507D6
:10BAC000FEA48DBD03A741A71C43B706330093F71F
:10BAD000F7CF1CC31C4393F7F7CF93E707201CC392
:10BAE00003A741A91C47D58F1CC7B707030003A7AD
:10BAF00041A8938787273CCB83A741A79843131777
:10BB0000772998C3D857719BD8D7930720FD7CA479
:10BB100097A7FE1F83C70765E39007BA8327041220
:10BB2000E38C07B87834058BE30807B8D443D027F3
:10BB30008C270A248906EF30606CE31F05B6832743
:10BB40000412BA27136707F0BAA79C432320F41204
:10BB500083572404E38207B6FD172311F404A9BE1A
:10BB600003A741A71C43B706330093F7F7CF1CC3C5
:10BB70001C4393F7F7CF93E707201CC303A741A902
:10BB80001C47D58F1CC783A741A813078925B8CBAD
:10BB9000A5B783A741A8FC53E39807989780FE1F99
:10BBA000E780001883A70B00228593F707086381BD
:10BBB000071EEFF06FADBE2822858507BEA8EFF007
:10BBC000DF8283570404A5C313074006B3F7E702D7
:10BBD000B9EB83A7C1A5898B9DCF17A9FE1F1309B8
:10BBE00069520327090305CB9E28AE282545C207C5
:10BBF000DD8D029783270903EE2429458297832749
:10BC00000903831524032D458297832709038305A0
:10BC100044033145829797B7FE1F2390078697B755
:10BC2000FE1F23AD078422856254F250D25442593C
:10BC3000B259225A925A025BF24B624CD24C424D9C
:10BC4000B24D21616FA04FEE1307200DE396E7D6AA
:10BC500097BBFE1F938B8BA483A74B00858B638CB4
:10BC600007120327040A97B7FE1F23AB07A28967B1
:10BC7000F98FEDE722859760FE1FE780808F85476B
:10BC8000631EF50C8355041E0356241E03457414CD
:10BC90009105B3C505089760FE1FE780406F834795
:10BCA000C404138C41A8938C41A7858B138D41A9A3
:10BCB000BDCBA2850545212503A70C00B70633009F
:10BCC0001C4393F7F7CF1CC31C4393F7F7CF93E7BD
:10BCD00007201CC303270D001C47D58F1CC78327D3
:10BCE0000C0013078917B8CB930710FD7CA483279A
:10BCF0000C00D44713971649D8C70F1000008327AC
:10BD00000C003707020098C71307000823A8EB00B0
:10BD100003A70C0018431357774815CF1307E018F3
:10BD2000F8D3D4C751BA03A70C00B70633001C439D
:10BD300093F7F7CF1CC31C4393F7F7CF93E7072084
:10BD40001CC303270D001C47D58F1CC783270C007D
:10BD500023A8470551BF1307E01AD9B79780FE1FE4
:10BD6000E78000FC1C3C85C73D476379F7009305DD
:10BD7000D0032285EFA04FEEA305A40297A7FE1FD4
:10BD800083A7473B89C795451305500882972285AD
:10BD9000EFA0FFAC49BD83A741A8FC53639607F809
:10BDA0009780FE1FE780C0F7DDB7411106C6EF9010
:10BDB0003FB197A7FE1F9387676B17F7FFFF130726
:10BDC000C7E823A8E70AB24017F7FFFF130747FAAF
:10BDD00023AAE70A97F7FFFF9387677123A4F1A6C9
:10BDE00041018280797122D42A841305050B06D67D
:10BDF00026D24AD05AC84ECE52CC56CA5EC662C46B
:10BE00001389C197EFB05F80832709008324040A58
:10BE1000A307A408829717ABFE1F130BAB3363EA8B
:10BE2000A416B74B0F00938B0B243385A440B33576
:10BE300075030356CB008146130C204E3305750362
:10BE4000EF80A0218327090023000408AA89829794
:10BE500023A6A1A68357EB008324C40D17AAFE1FB7
:10BE6000034ADA2B9387471FB3C7FB02A180B3C4F1
:10BE700004080359CB00814681454A86B38A84036E
:10BE800033057A03B3DAFA02EF80201D130700327C
:10BE90004A8681468145B307990293541A00AA9AAB
:10BEA000B3F7E702B3878703B3C727033385740368
:10BEB000B3C70708BE9AEF80401A5695636E3501E6
:10BEC00037153D004A868146130505908145EF8070
:10BED000C018B38AA9408D44B33559038329040A95
:10BEE00037460F002326540B1306062481463305DC
:10BEF0005903EF80801663E2A90A3385A940232203
:10BF0000A40A0345D4079307F00F6304F500EFB0CC
:10BF10002EA28327440A17A5FE1F0325A55D63E211
:10BF20009708338697408327C40D0357CB009306A9
:10BF3000D407A183B3C70708B387E702130700320A
:10BF4000A2859387071933D7E7029770FE1FE78012
:10BF500040B00347D4079307F00F630FF7005C4C22
:10BF600005472300040893E76700A308040C23197E
:10BF7000E40C5CCC230EE406B250225492540259D5
:10BF8000F249624AD24A424BB24B224C01454561CA
:10BF9000828083278B00BE9469B583278B00BE996E
:10BFA000A9BF03278B00BA97ADBF01114AC817A9D3
:10BFB000FE1F1309A94B22CC0324C90B26CA4EC667
:10BFC00052C456C206CEAA848149130A2500854A66
:10BFD00039E09305702531459760FE1FE780C04723
:10BFE0002A84014539C89C301946938524001CB029
:10BFF000130524009750FE1FE780C0AF8327C90BAD
:10C00000B1E7232E890A232404008347890B85077F
:10C01000230CF90A15A018309C306305F700A2899B
:10C0200000447DB71946D285130524009750FE1FA2
:10C03000E780E0BDE31555FF0545F2406244D24478
:10C040004249B249224A924A05618280E38D09FA47
:10C0500023A489004DBF17A5FE1F0325E54C11E958
:10C0600097A7FE1F23A2074C97A7FE1F238C074A02
:10C070008280411106C622C400459760FE1FE780FA
:10C08000004A228575F8B240224497A7FE1F23ADCF
:10C09000074897A7FE1F238707484101828097A77B
:10C0A000FE1F9387A73C23AE070A238C070A8280D2
:10C0B000138701A71C439306001094C301000100DD
:10C0C000010001001C4323A00700143103480500B0
:10C0D000A206B3E606010348250042083368D800EB
:10C0E0003431E206B3E6060194D7543103484500E3
:10C0F000A206B3E606010348650042083368D8008B
:10C100007431E206B3E60601D4D71435034885003E
:10C11000A206B3E606010348A50042083368D8002A
:10C120003435E206B3E6060194DB54350348C50016
:10C13000A206B3E606010348E50042083368D800CA
:10C140007435E206B3E60601D4DB94318821A206F9
:10C15000C98EA8214205558DB431E206C98E94CF0F
:10C16000D431C821A206C98EE8214205558DF4318B
:10C17000E206C98ED4CF88259435A206C98EA8259B
:10C180004205558DB435E206C98E94D3D435C82501
:10C19000A206C98EE8254205558DF435E206C98E02
:10C1A000D4D3D443F59AD4C3D44393E61600D4C36E
:10C1B000944393E6160094C31443DC42858BBDE39D
:10C1C0009C4E01451CA21C439C4FA1831CB21C43E6
:10C1D0009C4FC1833CA21C439C4FE1833CB21C4357
:10C1E000D84F58A2D84F218358B2D84F418378A254
:10C1F000D84F618378B2985318A69853218318B604
:10C200009853418338A69853618338B6D85358A6BB
:10C21000D853218358B6D853418378A6DC53E183A1
:10C220007CB68280010049BF011122CC2A843545A9
:10C2300006CE2EC632C49780FE1FE78000B603A745
:10C2400041A83C4B228593E707083CCB2246B245E8
:10C25000EFF01FE6F240624401450561828003A7CA
:10C2600041A83C4B93E707083CCB010001000100CB
:10C27000010093850508F851160583A701A71365EA
:10C28000050888C398CBB8550145D8CBD85D98CF61
:10C29000B841D8CFF84198D3B845D8D3F84598D706
:10C2A000B849D8D7F84998DBB84DD8DBF84D98C7CE
:10C2B000B851D8C798431367070498C3828003A76F
:10C2C00041A83C4B93E707083CCB0100010001006B
:10C2D000010093850508F855160583A701A7136586
:10C2E000050888C398CBB8590145D8CBD85D98CFFD
:10C2F000B841D8CFF84198D3B845D8D3F84598D7A6
:10C30000B849D8D7F84998DBB84DD8DBF84D98C76D
:10C31000B851D8C798431367070498C39307000818
:10C3200017A7FE1F2328F738828083A741A79843C9
:10C33000370600827D161317772998C31307F03F3D
:10C3400098DF13070005D8DBD8571317F729D8D77C
:10C35000D45717A7FE1F034727DC931547601377B1
:10C36000F703F18E6607558FD8D79306A00303A76E
:10C3700041A963DFB602744F37060007D18E74CF30
:10C38000370702001307C720D8DF984B137707FC45
:10C390001367E70098CB37E700E0D147A309F7041C
:10C3A0009767FE1F938727BB93E717007CD7828090
:10C3B0009306200263DAB600744F370600F97D1643
:10C3C000F18E370600055DBF370600F9E9467D1698
:10C3D00063D7B600744FF18E3706000345B7744F2C
:10C3E000F18E9396862961BF1307A003AA87636E17
:10C3F000A7041307A0020D45636AF7041307200280
:10C4000009456365F704694705456361F7045147CA
:10C410000145636DF70249477D556369F702394766
:10C4200075556365F70229476D556361F702194732
:10C430006155636DF700114759556369F700094766
:10C4400045556365F7003155828011458280355727
:10C45000AA87634CE50449570D4563C9E7045D5756
:10C46000154563C5E70465571D4563C1E70471576A
:10C470002D4563CDE70279573D4563C9E7024D4538
:10C4800063C6070255459DC305476D456380E702B6
:10C49000094713053002638BE7000D471305B0020F
:10C4A0006386E7001305B00382800545828019C5C5
:10C4B000371700401E2F9397F7281EAF8E052206D0
:10C4C00097A7FE1F238DB71E498E83A741A74D8EC8
:10C4D00013164629B0D7B85713674700B8D7B857CF
:10C4E00089C613172729B8D7828013172749E5BFB4
:10C4F000411122C406C617A4FE1F1304241A0347C1
:10C500000402A1476318F70217A7FE1F0347C7F1EC
:10C5100097A7FE1F938747F3058BB033B42321CB36
:10C52000C84331C50C310905EF70AF9601C5854789
:10C53000A300F402034704029947631AF70097A780
:10C54000FE1F83A727FABC3795C7EFE0AFCB0347A1
:10C5500004029D476310F70297A7FE1F83A7C7F940
:10C56000FC3389CB2244B24041016F6040258145B4
:10C5700001455DBFB2402244410182805D71B7E751
:10C5800000E0CAC003A90700A6C24EDE370720009C
:10C5900086C6A2C452DC56DA5AD8AA84AE89337948
:10C5A000E90023A0E7180F100000138441A71840EA
:10C5B000138A41A9938A41A81C43370B0300130631
:10C5C000800293F7F7CF93E707101CC383260A0076
:10C5D0003707CEFF7D179C46930510082800F98F7A
:10C5E0009CC683A70A0023A867059740FE1FE78023
:10C5F000E05635459770FE1FE780207A1C4093F681
:10C60000F41F3706330023A40700984B130B8B1538
:10C61000130510F81367F70398CBF84F130E401F5C
:10C62000914E137707E0558FF8CF9843130380029C
:10C630001367070898C317A7FE1F232B070683A6B7
:10C640000A0017A7FE1F232D0704054798C2984329
:10C650001377F7CF98C398431377F7CF1367072063
:10C6600098C303270A001C47D18F1CC723A866055F
:10C670003800814613F8F60F135638004E961C22E8
:10C6800013787800B3D70741858BD1CB1C40832822
:10C690000A0023AC070423A0070683A5C802F59966
:10C6A00023A6B80283A8070093F5F60793F808F8C5
:10C6B000B3E8B80023A01701CC539395F528CCD349
:10C6C00003AF0A0081452322CF0783A807066382B0
:10C6D000150383A807038305070093D8F8009398F0
:10C6E000486063D515018C5BBD810CA3AC5393F5F9
:10C6F000F50F83284F066386080083A88705E3F4B7
:10C700001EFDCC539395F548CCD38305070063D623
:10C71000B4001C22B39707491CA233E5A50A85067D
:10C720000507E39966F418401C4B93F707FC93E761
:10C73000E7001CCBB6402644B7E700E023A0271152
:10C7400096440649F259625AD25A425B616182802C
:10C75000011122CC2A84114526CA4AC832C62E8924
:10C76000B68406CE9770FE1FE7802063938641A7AC
:10C770009C42138541A8938541A9D85737033300BC
:10C78000719B13671700D8D783280500130780070C
:10C7900023A2E80698431377F7CF98C398431377FB
:10C7A000F7CF1367072098C303A805003246032775
:10C7B0008800336767002324E80037070300130766
:10C7C000872523A8E8040327C802759B2326E802CF
:10C7D0006305090A9843136404041374F407137778
:10C7E00007F8418F98C3374776711307971298C798
:10C7F0008327480093F7F7EF2322F8000100010098
:10C80000984117A4FE1F130464E9A6855C4393E7CF
:10C8100007105CC39842B7575500938757555CC3C0
:10C820001C41185C0145B8DF17A7FE1F232C07E643
:10C8300017A7FE1F232A07E6D843799BD8C3914741
:10C840005CCC9760FE1FE780209B03A7C1A711C7A0
:10C85000544318479C42D98F9CC25C44858B81CB42
:10C8600017A7FE1F130787C01E2785071EA7F240C4
:10C870006244D24442490561828098431374F407AC
:10C88000137707F8598C37C7898E80C3130767ED74
:10C89000B9BF011126CA4AC84EC6C1643709006A29
:10C8A000B70900AC22CC52C456C206CE1304F00F16
:10C8B000FD141309690E9389E90C614A930A000279
:10C8C000A6850145EFA09ECD9317850013F70710AD
:10C8D00033E5270119C333E5370181470147B356D3
:10C8E000F54885073356F5486307D60005071377E3
:10C8F000F70F6364EA04E39457FF81471306F003DC
:10C90000ED463357F5001377F70305CB6307C702EE
:10C910008507E398D7FE135785009377F50F1377B4
:10C92000F70F639BE702135705011377F70F639522
:10C93000E702135785016391E7027D141374F40F26
:10C9400041F09305000F4145EFA0DEC2B7B7006A82
:10C950004205938767CE5D8DF2406244D2444249DE
:10C96000B249224A924A0561828097A7FE1F9387A7
:10C97000E7D2D44F11476385E60E83C73702639130
:10C98000070EB7C7004003A701A7938707306319B5
:10C99000F70C011122CC37E400E026CA044006CE91
:10C9A0004AC84EC652C456C2B7072000FD8C232089
:10C9B000F4180F10000035459770FE1FE780E03D2A
:10C9C000938A41A71522A522EFF03F9683A70A007C
:10C9D000138A41A9B70633009843938941A83709C0
:10C9E00003001367070898C398431377F7CF98C3DA
:10C9F00098431377F7CF1367072098C303270A00DC
:10CA00001C47D58F1CC783A7090013078955B8CBCE
:10CA1000AD24EF00B01D7522352403A70A001C4386
:10CA200093F7F7CF93E707101CC383260A00370755
:10CA3000CEFF7D179C46F240224AF98F9CC683A701
:10CA40000900924AB24923A8270597A7FE1F23A5EC
:10CA500007C6232094106244D24442490561828073
:10CA60008280B7C700401387073023A8E1A6138749
:10CA70000720411123A2E1A89387071037D7004070
:10CA800022C406C617A4FE1F130444C123AAE1A8AA
:10CA900023AAF1A685475CCC97A7FE1F938707AF13
:10CAA0005CDC9797FE1F83A7E7651CDC9757FE1F8A
:10CAB0009387C74A23A0F1A8EFF03FEBB7E700E068
:10CAC000A301040203C7574113670708A38AE7407D
:10CAD000B24022443707100023A0E7103707200098
:10CAE00023A0E7104101828083A741A81307C00853
:10CAF000D8CB93066007D4CFD8D31306E006D0D79F
:10CB0000D8DBD0DFF8C3F4C7D843059BD8C30547AB
:10CB1000FAA323AA070417A7FE1F0327E7BBF8DF22
:10CB20007D5798C737071F003D07D8C7828083A766
:10CB300041A91307004898D7D85FB70600F9FD163A
:10CB4000758F13179729D8DFD85F9D663706FDFFCD
:10CB50000E070D831317E729D8DF985B7D1613673F
:10CB6000077098DB985B558F98DB985BB7060700DA
:10CB7000558F98DB985BB7060090FD16758F1317DD
:10CB8000C72998DBB4473707F9FF7D17F98EB4C77B
:10CB9000F447E19AF4C7F44793F6F6F8F4C7F4477C
:10CBA000F18EF4C7F44F758FF8CFF84FB70690FFAA
:10CBB000FD16758FF8CF930740060100FD17F5FFAE
:10CBC0008280138741A91C43B44B93960649B4CB8A
:10CBD00094479396562994C7D44793E60601D4C741
:10CBE000D447BD9AD4C701000100010001001C43D5
:10CBF000D44793E60601D4C7D4439396C628D4C33A
:10CC000003A641A89306400674D2745291C683A627
:10CC1000C70993D68648F5DA01000100010001003A
:10CC20001C4313870708544FB84BFD8A1317072975
:10CC3000B8CBB84B019B558FB8CB984713175749C2
:10CC400098C7828083A741A9B44F41777D17F98E99
:10CC5000B4CF94479396062994C7D44793F6F6EF3A
:10CC6000D4C7D443758FD8C3D84713670710D8C724
:10CC7000D84313170729D8C38280397122DC4ED6D6
:10CC800052D406DE26DA4AD856D25AD05ECE62CCCC
:10CC900066CA6AC86EC603A441A95C40938931A9DB
:10CCA000138A11A993F7F7EF5CC01C549397C748F8
:10CCB0001CD45C54BD9B5CD41C44939717291CC4A2
:10CCC0005C4093E707015CC0B757341203A781A803
:10CCD000938787676309F7705C4001791309F90F3F
:10CCE000F99B5CC01C5C3167130707F0B3F72701A1
:10CCF000D98F1CDC5C409304040893E717005CC0E8
:10CD00009750FE1FE780A0729C4893F7F70323809B
:10CD1000F900DC48A98393F7F7072389F1A85C4061
:10CD20003D6713070780F99B5CC01C5CB3F72701C4
:10CD3000D98F1CDC5C4093E717005CC09750FE1F46
:10CD4000E780E06E9C4893F7F703A387F1A8DC48DF
:10CD5000A98393F7F7072387F1A85C40356713078A
:10CD60000740F99B5CC01C5CB3F72701D98F1CDC22
:10CD70005C4093E717005CC09750FE1FE780206B74
:10CD80009C4893F7F7032300FA00DC48A98393F744
:10CD9000F7072388F1A85C404167130707C0F99B98
:10CDA0005CC01C5CB3F72701D98F1CDC5C4093E7A7
:10CDB00017005CC09750FE1FE78060679C4893F7A0
:10CDC000F703A386F1A8DC48A98393F7F707238626
:10CDD000F1A8834C0A0003C70900930760021306F9
:10CDE000500233079741B307F70293067002930589
:10CDF00040021305300213082002130E1002F94EF0
:10CE0000754FFD4FF14A3306C7026D4BE94B654C38
:10CE1000D942D543DD48D14DCD444949B3C7D702A6
:10CE20003D43B949294D354A3346D6029207220679
:10CE3000D18F3306B702D98F95453346D6023206D5
:10CE4000D18F3306A702130504083346D6024206E3
:10CE5000D18F330607033346D6025206D18F3306ED
:10CE6000C703254E3346D6026206D18F13165700EC
:10CE70003346D6027206D18F1CD13306E703194F11
:10CE8000B307D7039D4EB3C7D7023346D6029207E6
:10CE90002206D18F3306F7038D4F3346D602D18F4A
:10CEA00033065703B14A3346D6023206D18F3306D2
:10CEB00067032D4B3346D6024206D18F33067703E4
:10CEC000E14B3346D6025206D18F33068703454CD9
:10CED0003346D6026206D18F330677033346D60235
:10CEE0007206D18F5CD133067702B30757023346FF
:10CEF000D602B3C7D70222069207D18F3306170393
:10CF00003346D602D18F3306B7033346D6023206F4
:10CF1000D18F330697023346D6024206D18F3306AD
:10CF200027033346D6025206D18F33068703334692
:10CF3000D6026206D18F131647003346D602720618
:10CF4000D18F1CD5B30767023346F703B3C7D702A7
:10CF50002206D18F330637033346D6021206D18F0D
:10CF6000330657033346D6023206D18F33066703A2
:10CF70003346D6024206D18F3306A7033346D60284
:10CF80005206D18F3306C7033346D6026206D18FCD
:10CF9000131637003346D6027206D18F5CD5B3071D
:10CFA000D70333464703B3C7D7024206D18F334670
:10CFB000D7026206D18F3306E7033346D602120644
:10CFC000D18F3306B7023346D6022206D18F13160D
:10CFD00027003346D6023206D18F13161700334688
:10CFE000D6025206D18F1CD983C7F1A8B387FC4063
:10CFF00033C6A70393FCFC03B3CDB7033206920DEF
:10D00000B3EDCD001306800233C8C702B3ED0D01A6
:10D01000214833C80703420833E80D01B3CDB702F6
:10D02000F20D3368B801B38DF703B3CDCD02A20D75
:10D030003368B801B38DE703B3CDCD02D20D3368A9
:10D04000B801B38DD703B3CDCD02E20D3368B8017B
:10D05000338B6703232A05031148B38DC703B38AB3
:10D060005703338A4703B389370333C80703B3CD64
:10D07000CD021208334BCB0233E80D01B3CACA020A
:10D08000220B336B6801334ACA02B20AB36A5B01EE
:10D090006D4BB3C9C902420A33EA4A01F14AD209C7
:10D0A00033683A01B3896702754A13034002B3C972
:10D0B000C902E209B3693801139847003348C8022E
:10D0C000338C87037208B3E909010948232C35031F
:10D0D000F94933892703B3849702B3837702B38274
:10D0E0005702B3881703B38B770333C80703334C56
:10D0F000CC0232083349C90233680C01654CB3C411
:10D10000C402120933692801B3C3C302A204B36481
:10D11000990013091002B3C2C202C203B3E3740040
:10D1200093046002B3C8C802D202B3E2530093036F
:10D130002002B3CBCB02E208B3E812019302300223
:10D14000F20BB3E87801E94B232E150333887703FC
:10D15000B38867033348C802B3C8C8021208A208DC
:10D1600033681801B3888703B3C8C802336818014D
:10D17000B3885703B3C8C802B20833681801B3882C
:10D180004703B3C8C802C20833681801B38837031D
:10D19000FD49B3C8C802D20833681801B388370301
:10D1A000B3C8C802E2083368180193985700B3C89F
:10D1B000C802F208336818012320050533882703C5
:10D1C0009398C7013348C80233681801B3887702BF
:10D1D000B3C8C802920833681801B3885702B3C8AD
:10D1E000C802A20833681801B3886702B3C8C8022E
:10D1F000B2083368180193085002B3881703B3C804
:10D20000C802C20833681801B3889702B386D702F0
:10D21000B3C8C802B3C6C602D20833681801E20612
:10D22000B366D80074C193069002B386D702032870
:10D230008504137808FFB3C6C602BD8AB366D8005A
:10D2400034C59306A002B386D702B3C6C6023045E2
:10D250001376F6F0BD8A9206D18E34C503C601A9B5
:10D2600003C8E1A833080641B306A80303238504D5
:10D27000B308B802B3C6F602B3C8F802A206F208B1
:10D28000B3E61601B308C803B3C8F802B208B3E6A0
:10D29000160193183800B3C8F802C208B3E61601A5
:10D2A000B308D803B3C8F802D208B3E61601B3082E
:10D2B000E803B3C8F802E208B3E61601B798888815
:10D2C00093880880B3E61601B3E666009318280039
:10D2D0003343F80234C583C621A9918E1376F6072D
:10D2E0006206B3C8F8023203B3E868003383F6037A
:10D2F0003343E302B30FF8037203B3E86800060890
:10D3000033C3E602B3CFFF025203B3E868003348E9
:10D31000F802920FB3E8F8012208B3E70801139866
:10D3200016003348E8026208B3E7070125681308CE
:10D330008888B3E707017CC5338FE603B387B6025D
:10D3400093952600B3C7E702334FEF029207B3C5A8
:10D35000E502220FB3E7E701B38ED603CD8F939595
:10D360003600338EC603B386A603B3CEEE02B3C532
:10D37000E502B20EB3E7D701334EEE02C205CD8F00
:10D38000B3C6E602520EB3E7C701370700817D1727
:10D39000E206D58F3CC95C40BD9B5CC05C40F99BFC
:10D3A0005CC01C549397C7281CD45C5493E70701B6
:10D3B0005CD41C5C93F707FCB3EC9701232C94031B
:10D3C0001C5CF98FD18F1CDCF2506254D25442594C
:10D3D000B259225A925A025BF24B624CD24C424DE5
:10D3E000B24D2161828023A401A8E5B203A741A91F
:10D3F0005C4393E707105CC38280411106C6B925E0
:10D4000093056040EF10705EB2400145410182809B
:10D4100071A511C589C501C61E2201458DE3011103
:10D420000565C9471306F100130555C3854506CEAA
:10D43000DC87EF10505BF240888705618280828034
:10D4400001119797FE1F238CA70605651306F100AF
:10D45000130595C4854506CEA3070100EF10B0580B
:10D46000F24088870561828001111305910006CE84
:10D47000912D48840565300025059D45EF10B05677
:10D48000F24008840561828001111305D10006CEA7
:10D49000992D48860965700009059145EF10B05433
:10D4A000F240088605618280011106CE912DC88761
:10D4B00009651306F10015058545EF10D052F240BD
:10D4C000888705618280011106CED92DC88709653C
:10D4D0001306F10029058545EF10F050F2408887CA
:10D4E00005618280011106CEEF00A079C887096529
:10D4F0001306F10039058545EF10F04EF240014565
:10D5000005618280011106CEEF005030C8870965A1
:10D510001306F10041058545EF10F04CF240888775
:10D5200005618280011106CEEF00F00FC887096502
:10D530001306F10045058545EF10F04AF240888753
:10D5400005618280411106C622C4EF00101589656D
:10D55000CD052A84EF107049B24022852244410152
:10D56000828001111305510006CEEF00B02E4882D3
:10D57000096550006105A545EF10F046F2400145F0
:10D5800005618280411106C6EF0010308965E5050E
:10D59000EF10B045B240014541018280011106CE35
:10D5A00022CC2A84EF00503F48860965C08670006F
:10D5B000218069058D454087EF10F042F2406244BA
:10D5C000014505618280011106CE22CC2A84EF003C
:10D5D000F04A48860965C086700021806D058D453A
:10D5E0004087EF105040F24062440145056182805F
:10D5F000011106CE22CC2A84752548860965C0868D
:10D6000070002180130505028D454087EF10B03D65
:10D61000F2406244014505618280011106CE22CCB0
:10D620002A84EF00607C48860965C08670002180EE
:10D63000130515028D454087EF10F03AF240624421
:10D64000014505618280011106CEEF00D047C887F1
:10D6500009651306F100130575028545EF10B03812
:10D66000F240888705618280011106CEEF00D04E1E
:10D67000C88709651306F100130595028545EF106B
:10D680009036F240888705618280011106CEEF0056
:10D690009050C88709651306F1001305D50285452A
:10D6A000EF107034F240888705618280011106CE48
:10D6B000EF005053C88709651306F1001305E50212
:10D6C0008545EF105032F240888705618280011154
:10D6D00006CEEF007055C88709651306F1001305E3
:10D6E00015038545EF103030F24088870561828050
:10D6F000011106CEEF10C000C88709651306F100BE
:10D70000130575038545EF10102EF24088870561DB
:10D710008280011106CEEF10E014C8870965130658
:10D72000F100130585038545EF10F02BF240888743
:10D7300005618280011106CEEF10E02BC8870965D4
:10D740001306F100130595038545EF10D029F2402B
:10D75000888705618280797102C0814801488147CC
:10D76000014706D6EF100044A30FA1000965130678
:10D77000F1011305E5038545EF10F026B25003458E
:10D78000F10145618280011106CEEF10405BC88730
:10D7900009651306F1001305F5038545EF10B02464
:10D7A000F240888705618280011106CEEF10606E1D
:10D7B000C88709651306F100130505048545EF10B8
:10D7C0009022F240888705618280011106CEEF1019
:10D7D000207DC88709651306F100130525048545DA
:10D7E000EF107020F2408887056182809797FE1FB6
:10D7F000239EA7CA01458280011106CEEF10D003F7
:10D80000C88709651306F100130515058545EF1056
:10D81000901DF240888705618280011106CEEF10CD
:10D82000700AC88709651306F100130525058545AB
:10D83000EF10701BF2408887056182805D711303D1
:10D84000D1031AD20343010786C61AD00343C10687
:10D850001ACE034381061ACC034341061ACA034376
:10D8600001061AC80343C1051AC6034381051AC439
:10D87000030341051AC2034301051AC0EF00903E9D
:10D88000230EA10209657018130565038945EF1081
:10D890009015B6400345C103616182809796FE1FD3
:10D8A0009386C6BCBE2681E79307F01FBEA6BE26A0
:10D8B0002146014513F707103357C7408607B3C702
:10D8C0000708598D93D5574013D797402D8F058B57
:10D8D0007D161375F50FD98F71FEBEA6828017973E
:10D8E000FE1F1307A7B85E2789E7E17793C7F7FF05
:10D8F0005EA75E27B94601459168994533F6170141
:10D900003356D6408607518D33C8070813D6E748EB
:10D91000FD1693D7F748B18F1375F50FB367F8006D
:10D92000E39EB6FC5EA78280797126D24AD04ECEA5
:10D9300052CC06D622D456CA5AC85EC6AE84B28924
:10D94000368A1799FE1F0329E9D82DC5AD472A84C9
:10D9500063E8A7021304F5FF1374F40F138B91A966
:10D9600083470B00C9E39D47494563EA370317879F
:10D9700000001307676AB3C7E9209C43BA97828700
:10D98000B147630CF5029307600263E5A700130437
:10D99000E5FFD9B7930770024945E301F4FCB250A3
:10D9A000225492540259F249624AD24A424BB24B33
:10D9B000456182801304500255B71304600279BF99
:10D9C000CA8AB38B2401638D5B01EFF05FF1238181
:10D9D000AA00850ACDBFCA8AB38B240163965B0374
:10D9E00085472300FB0093F9F9009306FAFF22858F
:10D9F00023003901A300990093F6F60F268685458A
:10DA0000EFE01FD5014561BFEFF05FE92381AA0078
:10DA1000850AE9B726869305000F1305290097307C
:10DA2000FE1FE780A0136DBF26869305A00AF5B7F9
:10DA300026869305F00FD5B726868145F9BF268641
:10DA4000BD45E1BF268693055005C1BF411193171F
:10DA5000B02806C622C4E98F95C3EF701FEEAA87CF
:10DA6000094589CB9423114731456395E600154755
:10DA700098A34945B2402244410182802E84EF9010
:10DA8000DF9065D93C25C18BEDD73C35230A850451
:10DA9000B337F000E9071CA90145E9BF011106CE23
:10DAA00022CC2EC6EF907F8E01CDB2452A84EF8026
:10DAB000BF9AA305A4020145F24062440561828039
:10DAC0004945DDBF1797FE1F1307479A81479946BF
:10DAD0008345070E3306F50085070CA20507E39979
:10DAE000D7FE014582809787FE1F9387A7619A2BF7
:10DAF00018A19A2B218318B1FC373CA101458280E3
:10DB000019E1494582809797FE1F93872796B84F62
:10DB1000AA8501C75827314575F7B85F01C738375F
:10DB200031456DF303A7C70801C77833314579FB49
:10DB30000111054706CE19461795FE1F130565A16D
:10DB4000B8A32EC69730FE1FE780C0FAB2459306F1
:10DB5000000CD8319377070C639FD70019461795AF
:10DB6000FE1F1305659F9730FE1FE780A0F8014553
:10DB7000F240056182809306F00363E8E6001946EF
:10DB80001795FE1F1305A59DF9BF1307000449450E
:10DB9000E390E7FE19461795FE1F1305A59CE1B714
:10DBA000411126C29794FE1F9384448C22C4A04C3A
:10DBB00006C639E4BC5499E74945B2402244924430
:10DBC0004101828035CD0547E318E5FE0145829786
:10DBD0002A8455C59317B0281EB1930700707EA5FF
:10DBE0008D471CBDA30A050219469795FE1F938514
:10DBF000E595130565039730FE1FE780A0EF21A888
:10DC00007848B7070008F98FADEBBC54D5D70DC9DC
:10DC10008547E313F5FA58248547E30FF7F87C248A
:10DC2000B98B95CB742405478947639FE6021EB0E4
:10DC30002244FC54B24092441305000F41018287F4
:10DC40001305000FEF705F8325D95C25B5D7EF7002
:10DC50009FA201459DB7EF804F8B9787FE1F83C71B
:10DC6000C74BE311F5FC89BF1E3013070002B3F761
:10DC7000E70A1167B3D7E70A5DBF31453DBF1D45D0
:10DC80002DBF9797FE1F83A72787314599CBFC337C
:10DC900089CB411106C6EF405049B24001454101D0
:10DCA00082808280011126CA4AC84EC652C456C21A
:10DCB0005AC02E89368ABA893E8B06CE22CCB284CF
:10DCC000C28AEF908FEC85671307A9FF9386A7C7D9
:10DCD0003347070863E8E610938707C82A84494555
:10DCE00063E4970A63E2240B1307301F636E47094E
:10DCF00063EC370993071A00B3C70708B387970285
:10DD00001397390063D2E70841C01C3813F7470066
:10DD10003DC3ED9B1CB83C34231A2407231B9406F7
:10DD2000D5EB03578406C167FD176309F706631730
:10DD300099063E3C231BE404231CF4049787FE1F32
:10DD400083D7877D8D46114763E5F600850713F776
:10DD5000F70FA30AE4042285EF70FFFC8357040445
:10DD6000A907231FF4048327440A93E717002322FB
:10DD7000F40AC5475CBC231C6407231D5407231DFC
:10DD80004405231E34050145F2406244D244424911
:10DD9000B249224A924A024B0561828003564406E8
:10DDA00001CEB3D4C4023306960233460608337656
:10DDB000260B231CC40459B7B305990085814A85F5
:10DDC000EF90CEFD231CA404930584052685EF6007
:10DDD000AF8CADB78327840A93E707022324F40AA4
:10DDE000C14749BF49454DB7411122C406C62E84DB
:10DDF000EF90AFD911E54945B240224441018280FC
:10DE00001C39A305850213F7470075D7ED9B1CB994
:10DE1000BD472306F5028327850A93E727002324BD
:10DE2000F50A0145D1BF9787FE1F93872764B44F3A
:10DE30002A8791C6D02601C6D436494585EAB45F03
:10DE400099C6B03609C6942A4945858A85E283A6D3
:10DE5000C70891C6F03201C6D436494581EA83C667
:10DE6000870B83C7970B63E8F6001D4582801D452D
:10DE7000F24005618280011119461305A10006CE0A
:10DE8000D8849730FE1FE780E0C62800EFE0EF91CE
:10DE90008547E31EF5FC0145E1BF797126D24AD0E2
:10DEA0004ECE52CC56CA5AC85EC606D622D42E8949
:10DEB000B289B68A3A8ABE8B428BEF900FCDC944A5
:10DEC00055C105679307A9FF9306A7C7C944B3C700
:10DED000070863E9F608130707C86365370963E3B2
:10DEE00029099307301F63EF5707636D47071387AF
:10DEF0001A00334707083307270393173A00635381
:10DF0000F70604392A848588639E040E8327450A10
:10DF100093F71720E5EB3835231A2507231B350720
:10DF2000231C7507231D6507231D5505231E450565
:10DF30005C3D4DE385EB83270510898BA1C33146FA
:10DF40009305F00F130585069730FE1FE78000C18B
:10DF50008327440A2314040693E707202322F40AA4
:10DF6000C9475CBCB25022540259F249624AD24AB3
:10DF7000424BB24B26859254456182806309390534
:10DF8000B385290185814A85EF904EE1231CA404C5
:10DF9000930584054E85EF503FF09787FE1F83D78A
:10DFA000A7578D46114763E5F600850713F7F70F6E
:10DFB000A30AE4042285EF701FD783570404A9073E
:10DFC000231FF4048327440A93E7170041BF231C4F
:10DFD0002505E1B7C1FB83278510898B95C731469D
:10DFE0009305F00F130585069730FE1FE78000B7F5
:10DFF0008327440A2314040693E707202322F40A04
:10E00000CD4785B7B144B9BFE944A9BF9787FE1F83
:10E010009387C745B84F11C7542781C6583749451C
:10E020000DEBB85F19C7343789C6182B4945058BE6
:10E030000DE383A7C70891C7F83301C7DC3749450B
:10E0400089EB411106C6EFE00F81B2400145410165
:10E0500082808280411122C426C24AC006C6AA8498
:10E06000014421499305F00F0545EF90AED0B387E9
:10E07000840088A30504E31724FFB240224492449D
:10E080000249014541018280797122D44ECE06D6E3
:10E0900026D24AD02EC6B2893684EF900FAF7DC902
:10E0A0000349B500B245AA846316090E214613053B
:10E0B000B51A9730FE1FE780E0A3A389341B93D9DC
:10E0C0008900238A341B7C2450346C345424A207E6
:10E0D000420603C5C404B297E206AE97B69703A7FB
:10E0E000440A9386040835C1DCD63C2410341367F7
:10E0F0000702A2074206B2973034B2971024620694
:10E10000B2979CDA7C205030A2074206B29770305A
:10E11000B29750206206B297DCDA3C201030A2079A
:10E120004206B2973030B29710206206B2979CDE5A
:10E130008547A386F40423A2E40AB25022549254E1
:10E14000F2494A85025945618280FCC63C2410345C
:10E1500013678700A2074206B2973034B2971024A3
:10E160006206B297BCCA7C205030A2074206B29722
:10E170007030B29750206206B297FCCA3C20103033
:10E18000A2074206B2973030B29710206206B297CB
:10E19000BCCE55B7094955B7411122C406C62E84D5
:10E1A000EF90AF9E71C9343585472A870545639C3A
:10E1B000F606142B930740026396F6067C2454342B
:10E1C000A207C206B6977434B6975424E206B697EF
:10E1D0008346D704A9CE93060708DCD63C24103426
:10E1E000A2074206B2973034B29710246206B29763
:10E1F0009CDA7C205030A2074206B2977030B2976A
:10E2000050206206B297DCDA3C201030A2074206AA
:10E21000B2973030B29710206206B2979CDE930717
:10E22000A0021CAB0145B24022444101828093060A
:10E230000708FCC63C241034A2074206B2973034CB
:10E24000B29710246206B297BCCA7C205030A20755
:10E250004206B2977030B29750206206B297FCCA5D
:10E260003C201030A2074206B2973030B2971020FF
:10E270006206B297BCCE65B7054575B7411106C6B3
:10E28000EF90AF901DCD34350547AA8709456397B8
:10E29000E602942B130740026392E6020D472386A1
:10E2A000E7021947A385E7021307500298AB03C79B
:10E2B000A7020145136717002385E702B240410119
:10E2C00082800945E5BF5D71A2C4A6C286C6978754
:10E2D000FE1F9387A719368494332A87B2848DC290
:10E2E000B44F81C6D4263145BDE2B45F81C6B43691
:10E2F0003145B1EE83A6C70881C6F4323145A1EAA3
:10E3000003C6070C83C6170C1D456372D60483A78A
:10E31000070D494593F707049DCB19462800D8837C
:10E320009720FE1FE780007D4146A6851305E10288
:10E330009720FE1FE780007C1305E1014146A2857E
:10E340009720FE1FE780007B4800EFC0CFD1B6408A
:10E3500026449644616182809787FE1F9387071148
:10E3600098330DC3B84F01C75827494505E7B85F33
:10E3700001C73837494519EF83A7C70881C7FC3360
:10E38000494589EB411106C6EFC0CFE1B2400145D6
:10E390004101828082809787FE1F9387270D9433E7
:10E3A0002A878DC2B44F81C6D42649459DEAB45F01
:10E3B00081C6B436494595E683A6C70881C6F432BE
:10E3C000494585E203A6870D98B383A5C70D9376CB
:10E3D000F69F19C39366066023ACD70C23AEB70C27
:10E3E00001458280930700643305F502411126C27E
:10E3F0009784FE1F9384840722C403A4440C4AC05C
:10E4000006C61309F00FC8D801E8B240224492446E
:10E410000249014541018280082063052501CC584D
:10E42000EF80FE91405CCDB79787FE1F938707046E
:10E43000A38CA7021377150011EB03C7C7036D8FD9
:10E440006304B70049458280238DE702098919C119
:10E450000145828003C7D703718FE315C7FEA38DE3
:10E46000C702FDB75D716ECE978DFE1F938D0D00B7
:10E4700052DC3E8A83A78D05A6C2CAC04EDE56DA9C
:10E480005AD85ED662D46AD086C6A2C466D246C6C0
:10E49000B684830B410583468105834901062A8D95
:10E4A0002E89B28A3A8C428B99C7EC4BB70700048D
:10E4B0003145ED8F85EF8D4763E94701937C090175
:10E4C00063870C0085476389F604494505A0937569
:10E4D0003900E38CF5FE93758900E5F96397F60240
:10E4E00083C7CD033145918B63930720B640264403
:10E4F00096440649F259625AD25A425BB25B225C98
:10E50000925C025DF24D616182806394F91E83C763
:10E51000CD03918B3145F9DB6A85EF60FFF52A84E5
:10E5200011E983A78D06054582972A841D455DDC88
:10E530002304A40193070002639FF4008D476399AD
:10E54000F904562C9307900F13055004E3E0D7FA13
:10E55000762CE3EDD7F89376F90F2300D406638E7B
:10E560000C101379F9009547631BF902930710F813
:10E570007CA44545E3EC54F7FD474545E3F857F7E0
:10E580009167E3E597F6D6948580B3C4040831A873
:10E590008547E392F9FC562C9307D02E75B7B54703
:10E5A0006313F90C85477CA4894406B0A307840152
:10E5B00063160C1085471CBC93F6060299E2A30A69
:10E5C00044033245194681459720FE1FE780406C81
:10E5D00063140510B2458547230EF402A30E6403AD
:10E5E00019461305E4039720FE1FE780A0508347D8
:10E5F00001055CB49307F0076393FB0E56579787AA
:10E60000FE1F83C767B11CA303055401EFD03FE48D
:10E610002304A406EFD05FDDD65748B888A383470C
:10E62000C1052305040623020406A302F40683475A
:10E630000406C18B99EBFD1993F9F90F8947E3E6BD
:10E6400037E9A3050406A3013407834741060145C2
:10E65000A300F40683478106A303F4067C4893973E
:10E66000B7297CC861B589476314F900994709B790
:10E67000E30009F023070400EDBD9D477CA493F55A
:10E68000160093F7460089C991E39145A30FB4049E
:10E690008547230FF404F1BD93F5260081C9894510
:10E6A00091C39545A30FB4048947E5B78D4591C340
:10E6B0009945A30FB404230F040465BDA30C040003
:10E6C00081478D453356FC4801C6103C050610BCF9
:10E6D0008507E399B7FECDB5230E040209BF914724
:10E6E00063C57701A30A740105B75CB831BFE38540
:10E6F000D9E28947E392F9E283C7CD03898B19BD3B
:10E7000001114EC69789FE1F938949D683A78905B3
:10E7100026CA4AC852C406CE22CC2E89B6843A8A6A
:10E7200099CFF84BB7070004F98F91CB3145F240F0
:10E730006244D2444249B249224A05618280EF6074
:10E74000BFD32A8419E583A7890513052004F9FF9F
:10E75000F9BF782585473D8B630EF70E0347050605
:10E76000418B41CF8D476304F9004945C9B7FD4747
:10E77000E3ED97FE231E0400F1C85E2C03D7690762
:10E780001D45B3869700E344D7FA582405C71630D1
:10E79000130700026390E602034734068D46631DAB
:10E7A000D70A1307900F13055004E362F7F87E2C85
:10E7B000E36FF7F68D471D45E31BF9F637E900E0F7
:10E7C00083290900B70720002320F918B3F9F900BD
:10E7D0000F1000009305800C0545EF80BED98357CC
:10E7E000C4061205232444038507BD8BC98F231655
:10E7F000F40646AC23203911B1A8631AF900231E90
:10E800000500A5D458248547E319F7F605B70D4749
:10E81000E302E9F61147E316E9FE74493707000100
:10E82000758F21F75825E312F7F45E2D9DDF95FCD7
:10E830009305800C0545EF80FED38357C40612056F
:10E840008507BD8BC98F2316F40629A07C489397B2
:10E8500087497CC80145E1BD8546E31DD7F4130710
:10E86000D02E91B701114EC69789FE1F938909C01A
:10E8700083A7890526CA4AC852C406CE22CC2E894F
:10E88000B6843A8A99CFF84BB7070004F98F91CB39
:10E890003145F2406244D2444249B249224A0561BC
:10E8A0008280EF607FBD2A8419E583A7890513055F
:10E8B0002004F9FFF9BF782585473D8B6304F712E3
:10E8C00003470506418B71C38D476304F900494531
:10E8D000C9B7FD47E3ED97FE231F040063800410D2
:10E8E0007E2C03D769071D45B3869700E343D7FA0B
:10E8F000582405C71630130700026390E602034749
:10E9000034068D466312D70E562C1307900F13054D
:10E910005004E360D7F8E36EF7F68D471D45E31A20
:10E92000F9F65C5485C783476406898B85C308580C
:10E9300011CD3C2581CFEFB07FED0C581946130562
:10E940006403B1059720FE1FE780C01A37E900E095
:10E9500083290900B70720002320F918B3F9F9002B
:10E960000F1000009305800C0545EF80BEC0835753
:10E97000C4061205232644038507BD8BC98F2316C1
:10E98000F40666AC23203911B1A8631AF900231FDD
:10E99000050095DC58248547E314F7F4D5BD0D47F1
:10E9A000E30CE9F21147E316E9FE74493707000268
:10E9B000758F11FF5825E31CF7F07E2D89DB81F858
:10E9C0009305800C0545EF80FEBA8357C4061205F7
:10E9D0008507BD8BC98F2316F40629A07C48939721
:10E9E00097497CC8014575B58546E318D7F2562C82
:10E9F0001307D02E29BF5D71CAC01789FE1F1309E6
:10EA0000E9A6AA8703258905A6C286C6A2C44EDE4A
:10EA100052DC56DA5AD85ED662D466D26AD06ECE4E
:10EA200032C23AC4B68405E5858B95EFA9C101458C
:10EA3000B640264496440649F259625AD25A425B7D
:10EA4000B25B225C925C025DF24D6161828074492E
:10EA500037070004758F63120714858B89E781C916
:10EA6000EF607FC1E9B7639D050E4945D1B7032427
:10EA7000C90555DC2285EF601FC00040DDBF784925
:10EA80003377EC00631B07100347F5056304970118
:10EA90006316A70103D7EA016301071003C75A03EE
:10EAA000630E370703C7EA00631737013327942043
:10EAB0001A23E3ECEDFA0327C9067D141374F40F4F
:10EAC00079CFA247B3249A209A203E9A9305800CCE
:10EAD0002397EA0603470A00054523980A06A384FC
:10EAE000EA06EF803EA903D7CA06120526440507A9
:10EAF0003D8B498F2396EA068327C90603C50B0081
:10EB0000B64096440649F259625AD25A425BB25B09
:10EB1000225C925C025DF24D6161828793878A0577
:10EB2000194681453E853EC69720FE1FE780401668
:10EB3000631D350119469785FE1F938585A11385B1
:10EB40008A059720FE1FE780E0FA19468145138564
:10EB50008A059720FE1FE780A013E31535F531B72E
:10EB6000FD1513F4F50F370C0003894C154D85493D
:10EB7000930D0008130BF00F9247228AB38B870086
:10EB800003C50B00EF605F8FAA8AE31A05EE8327A7
:10EB9000890513052004E38D07E8314551BDE31DC8
:10EBA00064FDE1B539714AD84ED656D25AD05ECE00
:10EBB00062CC66CA6AC83E8B06DE22DC26DA52D4F4
:10EBC0009787FE1F83A70790834B0104AE8A328983
:10EBD000368CBA89C28C468D95C7F84BB7070004AE
:10EBE000F98F8DC3314AF2506254D2544259B2590E
:10EBF000925A025BF24B624CD24C424D5285225AE1
:10EC000021618280EF605F87AA84130A200461DD9E
:10EC100063745901494AC1BF9547E3FD57FF8347D4
:10EC2000050693F73703FDF7034AE505E31C0AFAE7
:10EC30007C49918BC5FBEF20D050F94763E4A700D6
:10EC40001D4A55B783C7340691EB03D74408930791
:10EC5000D02E63F5E700994763F0270F6384090C12
:10EC6000B3C73A03E3C867FB639B0B0203A4C40A60
:10EC70002DC42302340123047401A3026401FC485F
:10EC800056991359194093E72700FCC883C7040617
:10EC900023932409B3E787012380F406A9B7E3FB94
:10ECA0006CF785476383FB02B3079B412947B38712
:10ECB000E702B3C77703E3CFA7F503A4C40A11CCD7
:10ECC00023023401A303A40131A003A4C40A11C484
:10ECD000230234012303940179BF1386190012061D
:10ECE0009305E010328532C69730FE1FE780C0766C
:10ECF0002A8439D5324681459720FE1FE78000E6F9
:10ED0000B7C7898E23A6840A938767ED1CC0930733
:10ED100004015CC423023401E38F0BF48547E393C1
:10ED2000FBFA4DBF03A5C40A39D99730FE1FE7800F
:10ED3000007F23A6040AA1B7130A50046DB5011180
:10ED400026CA4AC84EC606CE22CC52C49777FE1FAA
:10ED500083A74777AE843289B68991C7F84BB70746
:10ED60000004F98FA9E3EF602FF12A841305200432
:10ED700059C07C48898B8DC38347340691EF035774
:10ED800044089307D02E63F9E700035764089947B6
:10ED90001305500463F1E70693F7D40F0547638624
:10EDA000E700630209063145B9A0B7E700E003AA0E
:10EDB00007003707200023A0E718337AEA000F1076
:10EDC00000000325840A19C59730FE1FE7802075CF
:10EDD0002324040A23120408B7E700E023A0471104
:10EDE0006312090A8D476393F4027C4823120408D6
:10EDF000F99B7CC80145F2406244D2444249B24981
:10EE0000224A056182809147E38FF4F84945E5B7CE
:10EE1000F51493F4F40F8547E3E797F89305501042
:10EE20004A859730FE1FE78020632324A40A25DD4E
:10EE3000B7E700E084433707200023A0E718F98CE8
:10EE40000F1000007C4893F7074091CF9305800C8A
:10EE50000545EF802EF28357A40812058507BD8B68
:10EE6000C98F2315F4080325840A4A86CE85972086
:10EE7000FE1FE78020C8B7E700E02312240923A083
:10EE800097108DBF7C48918BC1F78D47E388F4F8CC
:10EE900019BF41114AC01779FE1F1309295D832745
:10EEA000890526C206C622C4AA842E8589CFF84BBE
:10EEB000B7070004F98F81CB3145B2402244924418
:10EEC000024941018280EF602FDB2A841305200470
:10EED0006DD413F714007C484DCB13F7170069FF6E
:10EEE000034704061377370361FB8988C1CC0327E6
:10EEF000490D454593E70740418B61D3C1657CC807
:10EF0000FD150145EF808EE92314A408EFD07F980A
:10EF100093040408B7050001C8C4FD150145EF803E
:10EF20006EEA88C89304040A15469775FE1F9385F8
:10EF3000C56326859720FE1FE780C0BBA685130505
:10EF400000FBEFD0AFE32685EF800FEC7C48582420
:10EF5000A300A408DD9B93E747007CC88547631F97
:10EF6000F7009305800C0545EF80CEE08357C4067B
:10EF700012058507BD8BC98F2316F406EF40704A32
:10EF8000014525BF93F7F7BF95BF0345D407CD9B38
:10EF90007CC89307F00FE303F5FEEF806E99F9BF8D
:10EFA0001777FE1F1307874C3C5F011122CC26CA3E
:10EFB0004AC806CE2E89B284368489E77C5F8DEB01
:10EFC000314521A8D04F9166F18EFDFA785F6DDB57
:10EFD00019C905476309E5024945F2406244D24434
:10EFE0004249056182802AC6EFB07FB63245F5B747
:10EFF0000547E313E5FE8297AA870DCD1147A306C7
:10F0000005047AA91AADB4370547E387E6FC85C045
:10F0100086BFA2BF01C41E04E3D084FC238927015C
:10F020006244F240D2444249BC570561828723AC16
:10F030000702EDB70D4555B7011122CC26CA4AC8C3
:10F040004EC606CE2E893284B689BA84EF60CFC20E
:10F050003DC503284505AA8731451377082029EBCC
:10F060001777FE1F1307874083469704454563E1E2
:10F07000260503C6470B33568640058A15CA8326E4
:10F08000070D37060800F18E85C6034787046361C4
:10F090009702238B870AA38A270BA38B370B11C0F8
:10F0A000268413680810238C870A23AA07050145C4
:10F0B000F2406244D2444249B2490561828013055C
:10F0C0002004FDB7411122C406C62E84EF60CFBADA
:10F0D00015C17849AA8731459376270081CA93766E
:10F0E000F7DF19C093660720F4CB0145B2402244F4
:10F0F0004101828013052004D5BF011126CA4AC8E8
:10F1000052C406CE22CC4EC62E8A3289B684EF80F7
:10F11000CFA771C1938781A9631D0900054798A3F3
:10F120000145F2406244D2444249B249224A056153
:10F130008280982385472A846315F700238C01A8D1
:10F14000094AB7E700E083A907003707200023A09A
:10F15000E718B3F9E9000F1000004165130545F504
:10F16000EF802FA429C93C253EA583278411A1E364
:10F17000232CA410232EA410930710F8F9141CB507
:10F1800023200500231625012304450144C183459E
:10F1900094020145B315B028B3C505089740FE1F7A
:10F1A000E780209BB7E700E023A0371195BF8327B6
:10F1B000C41188C3C1B79777FE1F83A7A7F791C76C
:10F1C00095659385555505458297B7E700E023A0DF
:10F1D00037111D45B9B70945A9B76F305FE16F30E9
:10F1E000FFE56F30FFEA6F303FF16F301FF76F4080
:10F1F000AF836F301FFB6F309FFE82806F400F87A1
:10F20000034301001AC06F302FD36F302FDF6F30F0
:10F21000AFE56F300FEC6F30EFF16F306FF86F309C
:10F22000EFFC79711303F00F1AC81AC60343810368
:10F2300006D61AC4035341031AC2035301031AC06A
:10F24000EF309F81B2504561828003530100035E1D
:10F250004100834E8100034FC100835F010176C4EA
:10F260007AC67EC872C21AC06F300FFF6F309F928D
:10F270006F305F986F305FA16F30FFA46F303FA891
:10F280006F30FFAD6F309FB46F30DFB88280828007
:10F290006F303FCB130705031E21110593C7F7FFFE
:10F2A000231EF5FE8347E5FF93C7F7FF230FF5FE07
:10F2B000E314E5FE828099473305F50201110A86C1
:10F2C000C14506CE1305052033450508EF80CECF96
:10F2D00009E50886F240056182800145E5BF01111C
:10F2E00022CC26CA4AC84EC606CE814401441389A0
:10F2F000D1AB938941AC83470900636AF400F240C3
:10F3000062444249B2492685D2440561828083A77E
:10F3100009001315440019469305F00F3E959720F8
:10F32000FE1FE780E09601E5850493F4F40F0504E1
:10F330001374F40FC9B703A581AB11CD411106C6F3
:10F34000EF707E86B24023AC01AA83C7D1AB238E77
:10F35000F1AA4101828083C7D1AB238EF1AA8280BA
:10F360005971A6D286D6A2D4CAD083C7C1ABAA840B
:10F37000639EA700138441AE08208545EF703E9838
:10F3800008208945EF70BE97EFF0FFFA19493389DD
:10F3900024035000C145130409202285EF80CEC20A
:10F3A00009C90144B6502285265496540659656110
:10F3B000828019469305F00F48009720FE1FE780D2
:10F3C000208D65F1480041469305F00F9710FE1F10
:10F3D000E780C078480871469305F00F9710FE1F2C
:10F3E000E780C0770818130600039305F00F971005
:10F3F000FE1FE780A0765000C1452285EF80EEE237
:10F4000050082A84F14513051920EF800EE25008B8
:10F41000498CF14513052920EF802EE11374F40F78
:10F420005008498CC14513053920EF800EE0137454
:10F43000F40F5008498CC14513054920EF80EEDEDA
:10F440001374F40F5008498C914513055920EF802F
:10F45000CEDD1374F40F498C1D651018930500035D
:10F460002695EF808EDC1374F40F498C03C541861A
:10F470001374F40FEF802ED635B7011122CC26CAB3
:10F480004EC606CE4AC80144EF40AF839389D1AB44
:10F49000938441AC83C709006369F400F24062447D
:10F4A000D2444249B2490561828088401319440020
:10F4B00019469305F00F4A959710FE1FE780407D8F
:10F4C00011E58C40CA95E835EF30FFFF0504137451
:10F4D000F40FC9B7397122DC26DA4ED652D406DED3
:10F4E0004AD80144EF400F819389D1AB938441AC5A
:10F4F000194A83C70900636AF400F2506254D25477
:10F500004259B259225A216182808840131944001D
:10F5100019469305F00F4A959710FE1FE780407734
:10F520001DE5330544030A86C145130535203345DF
:10F530000508EF806EA91008C1450945EF80CEA8E7
:10F540008C4014080A86CA95E835EF307FFA050426
:10F550001374F40F79BF011106CEEFF05FD80547A1
:10F5600089476363A700A9471306F1008545130582
:10F570002004DC87EFC04E89F240056182800111D2
:10F5800022CC26CA4EC652C406CE4AC8014493892C
:10F59000D1AB938441AC194A83C709006367F40275
:10F5A000EFF0FFD383C701AC99C3EFF01FED83C722
:10F5B000F1AB99C3EFF01FF26244F240D2444249EA
:10F5C000B249224A05616FF01FF9330544039040A8
:10F5D00013194400C1454A96130505203345050813
:10F5E000EF808E9E05C9884019469305F00F4A9515
:10F5F0009710FE1FE7808056884019469305F00F4C
:10F600004A9519059710FE1FE78040559C40CA9700
:10F610002396070005041374F40FBDBF2A2183C588
:10F6200041AE6FC0CEFD9947B385F502397122DC3A
:10F6300026DA4AD84ED606DEA1472A84B2843A8911
:10F64000938925206384F6009389152071468145AE
:10F6500048009710FE1FE78060505000F1454E852E
:10F66000EF808E9605E18347E1012547E51793F783
:10F67000F70F6369F700CA86500093F514002285DE
:10F68000EF90CEA8F2506254D2544259B25921613F
:10F690008280797122D426D24AD0AE842A893284DB
:10F6A0008145130600020A8506D69710FE1FE780E3
:10F6B000E04A83C7618623102101230EF100B48440
:10F6C0003DCC83C731AE03C701AE5C8283C721AE98
:10F6D000DC8213564748937777002206D18F135662
:10F6E00057482606D18F135767482A07D98F93F6B4
:10F6F000868FD58F41469775FE1F938525FF13058D
:10F700006100FC849710FE1FE780C03E83C711AEE6
:10F7100013F7170011C789C4B88413672700F8844A
:10F7200003476101A2850A85D98F230BF100EF9071
:10F73000EE8FB2502254925402594561828083C7A1
:10F74000B1AD03C781AD5C8283C791ADDC82135636
:10F750004748937777002206D18F135657482606DD
:10F76000D18F135767482A07D98F93F6868FD58F85
:10F7700041469775FE1F938565F613056100FC846D
:10F780009710FE1FE780003783C7A1AD51B7011165
:10F7900022CC06CE2A842EC632C49730FE1FE780C4
:10F7A000E04D05C55825A1472246B245631CF70028
:10F7B00083A781AC99CBDC4389CB22856244F2409C
:10F7C0000561828783A7C1ACF5B7F2406244056149
:10F7D0008280011122CC26CA4AC84EC606CEAA840F
:10F7E00001441389D1AB938941AC83470900636B12
:10F7F000F4003E84F24022856244D2444249B24938
:10F800000561828083A70900131544001946A68567
:10F810003E959710FE1FE780803F69FD0504137435
:10F82000F40FE1B75D71A2C4138481AB1C40CAC060
:10F830004EDE86C6A6C252DC56DA5AD82A89AE896E
:10F84000A1EF6300051A638E0518EFF09FF8938A05
:10F85000D1AB83C70A00138AC1AB2300AA00636D32
:10F86000F5028144138B41AC0DA083270B00139547
:10F87000440019469305F00F3E959710FE1FE78050
:10F88000204109E9850493F4F40F83C70A00E3EEED
:10F89000F4FCBE8423009A009384C1AB9C2003C770
:10F8A000D1AB63F0E71418403DEB1947B387E7028B
:10F8B0004A86C1459387072033C50708EF80EE9637
:10F8C000130600039305F00F0A859710FE1FE780CB
:10F8D000E02888209D670A863E95930500033345FE
:10F8E0000508EF808E949C2003A541AC4146920709
:10F8F000CA853E959710FE1FE780C01F2320340164
:10F9000003C54186EF802E8D0145B64026449644BE
:10F910000649F259625AD25A425B616182801047AD
:10F92000014719CE19473385E702F1451305152024
:10F9300033450508EF806E8F1C40054723A4070060
:10F940001C40904B39CE88209947F1453305F5028C
:10F950001305252033450508EF802E8D1C40D04B24
:10F9600023A8070029E2D04741DE88201949C14574
:10F97000330525031305452033450508EF80EE8A3E
:10F9800088201C40914533052503D04741061305C7
:10F99000552033450508EF804E891C4023A60700FB
:10F9A00085B7D04B05C288209947C1453305F5027C
:10F9B0001305352033450508EF802E871C4023AA08
:10F9C000070055B7D04755F205FF83C701AC99C36F
:10F9D000EFF0BFAA83C7F1AB99C3EFF0BFAFEFF071
:10F9E0009FB705451DB70111994722CC3304F50295
:10F9F00026CA0A86AE84C14506CE130404203344C9
:10FA000004082285EF705EDC19C50145F2406244AE
:10FA1000D2440561828019469305F00F0A8597103C
:10FA2000FE1FE780E02675F138869377D70F89C4EB
:10FA30009377F70F93E72700630CF7000A86C14519
:10FA400022857C86EF707EFE03C54186EF70BEF88E
:10FA500005456DBF411122C426C206C601450144B9
:10FA60009384D1AB9C206373F40011C5B24022444F
:10FA700092444101828022850504EFF07F8E137449
:10FA8000F40FCDB783C7D1AB637EF502011122CC51
:10FA900006CE2E8485C599473305F5020A86C145F1
:10FAA0001305052033450508EF701ED201E91946FC
:10FAB0008A8522859710FE1FE780C003F2406244CA
:10FAC0000561828082809947B307F5021D71A2CC3F
:10FAD000CEC63284AE890A86C145A6CA86CE938731
:10FAE0000720CAC8AA8433C50708EF70FECD11C924
:10FAF0000149F6406644D644B6494A8546492561DF
:10FB0000828019469305F00F0A859710FE1FE78043
:10FB1000201879FD9D67BE94100893050003268583
:10FB2000EF709ECA2A8919C10549E1B70808EFF0AC
:10FB30006FF66394090413060003814508089710C3
:10FB4000FE1FE780E0146DF11306000381450808ED
:10FB50009710FE1FE7808000854708082388F1ACD6
:10FB6000EFF04FF31008930500032685EF70FEEBCE
:10FB700003C54186EF703EE645BF1C083E8716234D
:10FB80006385360311079400E31BD7FE3DD09A230B
:10FB900011C791079800E39CE7FEA1BFB82323900B
:10FBA0003701E30387F8A0A345BF3C23E38E87F624
:10FBB00020A35DF02310070045B7011126CA4AC8EB
:10FBC0004EC606CE22CC52C49769FE1F9389895334
:10FBD00003C5E900FD579305200412052382F1AE09
:10FBE000938441ACA38E01AA23A201AC9730FE1FDF
:10FBF000E780808688C01389D1AB05C183C7E9003F
:10FC000001442300F900834709006360F40C83A7D3
:10FC10008900638B070E238A01AA834709000544E4
:10FC2000414681451775FE1F130545AC238EF1AA89
:10FC3000A384818623AC01AAA38101AE238101AEF6
:10FC40009710FE1FE78080F19304700741468145BD
:10FC50001775FE1F130585A8238091AE2384818626
:10FC6000A38001AE23AE01AC238D01ACA38D01AC0A
:10FC7000A38C01AC9710FE1FE78040EE238C91AC63
:10FC800023AA01ACA38801AC9547A383F186C147A1
:10FC90002383F186238801AC8947A382F186F24051
:10FCA00023828186A381818623818186624423A663
:10FCB00001AC23A401AC238001AC238F01AAD24460
:10FCC0004249B249224A056182808840131A4400A1
:10FCD00019469305F00F52959710FE1FE78000E834
:10FCE000884019469305F00F529519059710FE1F8D
:10FCF000E780C0E69C4005041374F40FD297239666
:10FD000007002387070001B7930700F8238AF1AAA9
:10FD100029B71971A6DACAD8CED6D2D4D6D286DE01
:10FD2000A2DC81449389D1AB138941AC194A9D6A05
:10FD300083C7090063E3F40203C54186EF70BEC9BF
:10FD400083C70900F6506654238EF1AAD65446594B
:10FD5000B659265A965A09618280032509001394E0
:10FD60004400194622959305F00F9710FE1FE78077
:10FD7000E0DE0325090019469305F00F22951905C9
:10FD80009710FE1FE78080DD832709004146930519
:10FD9000F00FA297338444032396070023870700BC
:10FDA00048009710FE1FE78060DB71469305F00F57
:10FDB00048089710FE1FE78060DA130600039305DA
:10FDC000F00F08189710FE1FE78040D9334404084D
:10FDD0005000C1451305042033450508EF70FEC4EB
:10FDE0005008F1451305142033450508EF70FEC394
:10FDF0005008F1451305242033450508EF70FEC275
:10FE00005008C1451305342033450508EF70FEC185
:10FE10005008C1451305442033450508EF70FEC066
:10FE2000500891451305542033450508EF70FEBF77
:10FE300033855401101893050003850433450508E4
:10FE400093F4F40FEF707EBEE5B5411122C4930721
:10FE500005C006C6130720022E84B3C70708636EC9
:10FE6000F70C176700001307271DB3C7E7209C4353
:10FE7000BA97828783C791861CA08147B2402244EB
:10FE80003E854101828083C711AE93D72748EDB7E5
:10FE900083C731AED5B783C721AEF9BF4146977549
:10FEA000FE1F9385A58422859710FE1FE78080C4DE
:10FEB000E9B783C711AE858BC1B783C701AE6DBFEC
:10FEC00083A7C1AD1CC055BF83C7818675B783C7E3
:10FED000A1AD65BF83C7B1AD45B783C791AD69BF5C
:10FEE00041469765FE1F9385657F75BF83C7A1ADAA
:10FEF000D9B783C781AD49B783A741ADE1B783C700
:10FF000011AD9DBF83C7718685BF83C76186ADB7BD
:10FF100083C701AC95B783C7F1ABB9BFEFF02FBC76
:10FF200008A0A1BF83C7218681BF83C711AE93D725
:10FF3000374899B783C7A1ADDDBF130700048947D0
:10FF4000E36EA7F2EF80DEA60AA005BF011106CE80
:10FF500022CC26CA4AC84EC652C4EF809EF63DED5A
:10FF600003C7E1AB85472A849384D1AB630CF702C6
:10FF7000138941AC054A9C206370F404832709006F
:10FF800093194400CE97FC27639A47012285EFF02E
:10FF90002FBD83270900CE9723870700050413741C
:10FFA000F40FD1BFEFF01FAB9820238F01AA83A7D6
:10FFB00041ACB907631DE400EF701ECD6244F2400E
:10FFC000D2444249B249224A05616FF04FDB050431
:10FFD000238007001374F40FC107E9BFF2406244A5
:10FFE000D2444249B249224A0561828079714AD09D
:10FFF0004ECE52CC06D622D426D256CA9389D1AB45
:020000022000DC
:10000000894703C409002E8A3289630AF50663F121
:10001000A7028D478144994A630AF506B2502285AA
:10002000225492540259F249624AD24A456182806E
:100030002E85EFF00FFA83C709002A84E370F5FEDE
:10004000E30E09FC1946D2854A859710FE1FE7800A
:1000500060AAE9B703A50A009397440019463E95A4
:10006000D28519059710FE1FE78060BA29ED850437
:1000700093F4F40F03C40900E3EE84FC45B7814414
:10008000938A41ACC5BF850493F4F40F03C40900FF
:10009000E3F684F8338554030A86C14513053520F9
:1000A00033450508EF704EF279FD41469305F00F98
:1000B0000A859710FE1FE780A0BD71F5D2850A85DD
:1000C000EF80DE9669F183C7090063E4F4002684BB
:1000D000B1B7E30E09FECA852685EFF0BF9AC5BF0A
:1000E000797126D206D622D44AD0AA8402CC231E05
:1000F00001009730FE1FE78060B80DCD138981861F
:100100000347090089476307F702930565002A84BE
:1001100048313008EFF09FED83C7D1AB6372F50231
:100120002AC6EFF04F99B2452A860547A146268593
:10013000EFF06FCFB2502254925402594561828041
:100140008347090091E795452685EF80BED4DDB74A
:100150000547E391E7FE4C3001462685EFF06FD36B
:10016000D1BF0111C16726CA06CE22CC4AC84EC6ED
:10017000FD17AE846309F5069730FE1FE78000B0D7
:100180002A84514929C993056500483101465549DA
:10019000EFF0DFE583C7D1AB6376F500A685EFF01E
:1001A0009F8401498DC82285EFF04FC72DA0A685F9
:1001B0002285EFF05F8311C1014905041374F40F28
:1001C00083C70900E365F4FE99C417F5FFFF130523
:1001D0002545EFF06EC7F2406244D244B2494A85E9
:1001E000424905618280014455499389D1ABC9BF19
:1001F0000111C1674AC84EC606CE22CC26CA52C4D7
:10020000FD172E89B2896300F5069730FE1FE7803F
:10021000E0A6D14421C19305650048310146D5448B
:10022000EFF0DFDC83C7D1AB6376F5024E86CA857B
:10023000EFF07F89814439A84E86CA852285EFF088
:100240009F8811C1814405041374F40F83470A0089
:10025000E364F4FEF24062444249B249224A2685F0
:10026000D244056182800144D544138AD1ABF9BFE1
:10027000411122C406C6138441AE0C2023A6A1ACB2
:100280006145EF80DECC08202244B24041016FD0AE
:100290006EC0138791861C2383C511AE93E707F8C0
:1002A0001CA36F80FEB35971A2D432845000CAD00F
:1002B000D2CC86D6A6D2CECE2A89368A02C22314C2
:1002C0000100EFF0BFD283C7D1AB6374F50EAA84EF
:1002D000EFE07FFE9147AA896316FA0C03C7918667
:1002E00079171337170091461949338924034E862D
:1002F000A6852285EFF02FB35146814568009710FF
:10030000FE1FE780A085700033490908C145130529
:10031000492033450508EF702ECB05E9414693058A
:10032000F00F68009710FE1FE780809619ED7008A7
:1003300091451309592033450908EF70EEC8700044
:1003400093F519002285EF805EAE9D67BE94101074
:100350009305000333C50408EF700EC719ED0810AC
:10036000EFE05FF304108E2089C5B0202285EFC036
:10037000EE8B91049C08E398F4FE93F929006387BF
:10038000090083C541AE2285EFB07EA79147631473
:10039000FA0403C791868947631FF7022285EFF0AD
:1003A0005FEF15A803C78186791713371700D28628
:1003B00025BFA147E31CFAFC03C781868947631C5C
:1003C000F7000146CA852285EFF0AFAC01468145B2
:1003D0002285EFF0CFBBB650265496540659F64905
:1003E000664A014565618280411122C42A8406C69D
:1003F000EFF0AFFC238281AE2244B24041016FF0A6
:100400000F981D7186CEA2CCA6CACAC8CEC6D2C4C9
:10041000D6C2EF302F8E83C7318699CB0144138A21
:10042000D1AB138941AC994A83470A00636BF4004E
:10043000F6406644D6444649B649264A964A25615E
:100440008280032509009319440019469305F00F93
:100450004E959710FE1FE780A08329E9B30454034B
:100460005010F145B3C40408138514203345050822
:10047000EF708EB505ED0347F1039307F00F631797
:10048000F7025000C1451385342033450508EF704D
:10049000AEB35008C1450945EF700EB3832509007E
:1004A00054085000CE95E835EF308F84050413745E
:1004B000F40F9DBF5D71A6C2CAC0930705C086C672
:1004C000A2C44EDE52DC56DA5AD8130720022A891B
:1004D000B284B3C707086368F74E176700001307B5
:1004E00067BEB3C7E7209C43BA97828785476144BC
:1004F0006393F5021C220947636FF700A384F1861A
:10050000014411A8854761446397F50014221387BD
:1005100011AE63FAD50CB6402285264496440649AE
:10052000F259625AD25A425B6161828085476144C6
:10053000E393F5FE1C221147E36FF7FCA381F1AEB4
:10054000C1B785476144E398F5FC1C22E3E5F5FC5F
:100550002381F1AE75B7C1476144E39EF5FA414688
:10056000A6851765FE1F130565189700FE1FE78017
:10057000605879B785476144E39FF5F814221387E3
:1005800011AEE3EAD5F81C236381062093E7170038
:10059000B9A885476144E390F5F81C222380F1AEA9
:1005A00085B791476144E398F5F61842B7470F00C5
:1005B0009387F723E3E1E7F623AEE1AC91B78547F4
:1005C0006144E39AF5F41C220947E366F7F42384B7
:1005D000F1863DB785476144E39FF5F21422E3ECD1
:1005E000D5F21387A1AD1C2389C693E747001CA34E
:1005F00001BFED9BEDBF85476144E39EF5F01C22F2
:100600001147E36AF7F0A38DF1ACDDBD8547614486
:10061000E393F5F01C22E3E0F5F0A38CF1ACCDB54B
:10062000C1476144E399F5EE4146A6851765FE1F73
:100630001305C50A1DBF85476144E39EF5EC1422EE
:10064000E3EBD5EC1387A1AD3DBF85476144E3944F
:10065000F5EC1C22238CF1AC65B591476144E39C19
:10066000F5EA1842B7470F009387F723E3E5E7EA77
:1006700023AAE1AC71B56144E39F05E8EF807E8475
:1006800001E9EFF02FBDEF702EE0EFE05FEF8DBDE1
:100690008547238FF1AAADB59D476144E39DF5E6FB
:1006A00093851400194668009700FE1FE780804478
:1006B000882050086C00EFF07F9383C7D1ABAA84E9
:1006C0000944E37AF5E44808EFE07ED82A8409E992
:1006D0002685EFE0FFC8EF702EDBEFE05FEA25BD77
:1006E00083A741AC9204A6970547F8A7594425B5BE
:1006F0009D47639EF508194693851400680097008E
:10070000FE1FE780203F882001466C00EFF01F8E1F
:1007100083C7D1AB6377F5049947B304F50250085A
:10072000F14593841420B3C404082685EF70CE8964
:100730002A8415E51307A0419307F00F6313E9001E
:1007400085475008F1452685A307F102EF70EEAD0D
:1007500003C54186EF702EA8EFF0BFCA6DBB0944F8
:10076000E5BF83C741AB0944E38707DA138731ABA1
:100770009306A0411C23631AD90093E717001CA31A
:100780001D46A6851385C1AACDB3F99B8DB58547B6
:100790006144E392F5D8138731AB9306A0411C2343
:1007A0006315D50093E7270099B5F59B89B5A3811B
:1007B0000186EFF01FC5A9B38547A381F1860144E7
:1007C0001389D1AB9949130AF00FFD5A138B418657
:1007D00083470900E37FF4FCB30434035008F14578
:1007E00093841420B3C404082685EF60FEFD05E160
:1007F0008347F102638D47015008F1452685A30721
:100800005103EF708EA203450B00EF70CE9C0504E0
:100810001374F40F75BF85476144E39EF5CE1C2227
:10082000E3EBF5CEA388F1ACE1B985476144E394ED
:10083000F5CE1C222547E360F7CEA383F186C9B12C
:1008400085476144E399F5CC1822A546930797FFA5
:1008500093F7F70FE3E1F6CC2383E18655B18547A3
:100860006144E39AF5CA138701AC1C2214231CA32C
:10087000E39806C8E396B7C809BD85476144E39C81
:10088000F5C81384F1AB1C2218201CA009E763945F
:10089000B700EFE0DFCE0820EF201FC695B18547F7
:1008A0006144E39AF5C61C220D47E366F7C6A382AE
:1008B000F186B9B185476144E39FF5C41C222382C8
:1008C000F1863DB90545EF700E911DB9854761442C
:1008D000E393F5C41C222381F1861DB193074002E6
:1008E0006144E39AF5C28830014693852400EFF015
:1008F000EFEF83C7D1AB6364F500094429B9994789
:100900003305F5029820A14733490508631FF70214
:10091000130929205008F145334909084A85EF6039
:10092000BEEA2A8415E59385840048086D46970041
:10093000FE1FE780201C5008F1454A85EF70EE8EBF
:1009400003C54186EF702E89F9B613091920D9B76E
:100950000544D1B61757FE1F0357C77B93074004C2
:100960006D44E3FAE7BA85476144E396F5BA1C2281
:10097000E3E3F5BA81CF83A781AA5544E38D07B895
:10098000138711AE1C2393E7870095B1138711AE2F
:100990001C23DD9BA9B91757FE1F0357A7779307A1
:1009A00040046D44E3F9E7B685476144E395F5B645
:1009B0001C22E3E2F5B6F9DB83A781AA554413872D
:1009C000A1ADE9F389BE93070004E3E827F3894763
:1009D000E395F5F226448E20B6409644F259625AC9
:1009E000D25A425B4A85064961616F804ED6797161
:1009F00006D622D426D23C215147E91793F7F70FA8
:100A00006367F7041757000013078774B3C7E7201D
:100A10009C432A84BA9782872625502554352685FB
:100A200032C636C49720FE1FE7804025AA8705C13D
:100A3000D827A147A246324613053400631EF702A9
:100A400083A781ACA68599CB9C4389CB82978544AB
:100A5000B2502254268592544561828003A541AD4F
:100A6000EF70FEF66DD59307E00FE302F5FE8545C6
:100A70002685EF802EC2E1BF83A7C1ACA68599C3AE
:100A80009C43E9F703A5C1ADE1BF2E252E852EC4F9
:100A90009720FE1FE780801EAA8755D9D827A14737
:100AA000A245130534001306C4009306C40163195C
:100AB000F70083A781ACC1DF9C47D1DB829741BFA0
:100AC00083A7C1ACCDBF10314DEE7C21858BCDCB42
:100AD00083A781ABD5E78145414608089700FE1FF3
:100AE000E780C0074C48A5C5FC291946C105A30FDE
:100AF000F10008089700FE1FE780C0FFB8867C2041
:100B000093D72748D98FFC86EFE06FFD83C7D1AB21
:100B1000639FA70083C7218699C3EFF08F9F9757E4
:100B2000FE1F83A7276181C7854521458297EFE096
:100B30000FFBA2850808EFE0FFCEAA841DE58945DA
:100B400003C541AE9720FE1FE780A00011B74A20E1
:100B50009720FE1FE7808012E30B05EE5C311946FB
:100B600093056500A30FF10069B710304A20854551
:100B7000EFE0FFC155468D454A20EFE05FC1C1BDA2
:100B800001468545D5BF183099474A216318F702B9
:100B90009720FE1FE780800EAA840DC183C751866F
:100BA00009476386E7020D47638DE70005476397B2
:100BB000E7004C314A200146EFE0BFAD10308945D7
:100BC00065BF0146814513050041EFF0BF8E4E2001
:100BD00088201546EF802EAFD5B793054500283104
:100BE0000146EFF0AFC083C7D1ABE372F5E699479A
:100BF0003305F5021306C40091451305552033450E
:100C00000508EF609EE203C54186EF60DEDC81B53A
:100C100083C711AD4A2181C783C5718699BD83C73A
:100C2000918699E39545B1B59720FE1FE7800005B1
:100C3000AA84E30E05E03C244831858B85C78547AF
:100C400063F2A7025E2493F7072089EF10089385CB
:100C50006400EFF0AFB983C7D1AB6395A7004A201A
:100C60008D4501BDCC304A2013068400EFE07FA201
:100C70000146814511B74A21EFF08FC6C9BB4A2111
:100C8000EFF0CFAC138791861C2393F7F7071CA3D3
:100C90007DBB797126D206D622D44AD04ECE52CC14
:100CA000AE849397556063D9070803C541AE97009A
:100CB000FE1FE78020DB2A8431C11C211307100BA3
:100CC0006389E7041307000D6384E7021307000B31
:100CD0006393E7025821F9476316F7002A218145FB
:100CE000EFF02FC84C2013058400EF10C07621A030
:100CF000EFF0FFCF01C52285EF50FEEA1394F468B0
:100D0000B2502285225492540259F249624A4561F6
:100D100082805C21EDF312256E212A21238801AC0B
:100D2000EFF00FCD83C701ADF9D703C54186238806
:100D300001ACEF605ECAC1B793F7250095C381454A
:100D40000145EFE03FAE938741AE894511C185452E
:100D5000882313C424009720FE1FE78080DF4DB74F
:100D600093F71500DDCB138981AB8327090013842A
:100D700041AA03DA47001C4081EFC165138701AA2D
:100D8000894613860190FD150545EFB07E8F08C09A
:100D90000C4093C4140085E983270900014685456A
:100DA000CA2333C40408EFE09F9E8327090001464D
:100DB0008D45CA23EFE0BF9D03C54186EF60BEC1EC
:100DC000EFE06FD735BF938901AA03D609009308D6
:100DD000F00F094881471307E10074005285EFB016
:100DE0005ED301E9308611C61C405285AE27EFF074
:100DF0002FC0084003D60900C1658146FD15EFB03C
:100E0000DEC608C033C4040841D9854503C541AED8
:100E10009720FE1FE780E0D3E5B513F44500E3011A
:100E200004EE13C44500E9BD3421F14763EFD72632
:100E30001757000013070737B3C7E6209C4341113B
:100E400022C4BA9706C626C22A8482871C3193849C
:100E500041B1D1E741469765FE1F9385258B176504
:100E6000FE1F1305A58C9700FE1FE78040DA29E9D5
:100E70001766FE1F1306868BC1450945EF60FEBA53
:100E80001766FE1F13068689C1450D45EF60FEB942
:100E900003C54186EF603EB493053400138501B06D
:100EA00019469700FE1FE780E0C48547854503C5C6
:100EB00081B19CC09720FE1FE780A0C98840D9A0BF
:100EC00041469765FE1F938565831765FE1F1305D1
:100ED000E5849700FE1FE78080D359D975BF9947F5
:100EE0009CC0E9BF18313C3129E309476394E7020C
:100EF000138741B11C438145014593F7F7F093E710
:100F000007021CC3EF907EDA08B0B240224492443C
:100F1000410182800547814501456395E700EF90D7
:100F20007ECCDDB7EF90BEBFC5B70947E38FE7FCC6
:100F3000138741B11C43C19B13E5670008C399A007
:100F40001C31938441B1BDEF8D47639FF604138735
:100F5000F1B01C239396476063DC060093F7F70714
:100F6000894503C581B11CA39720FE1FE78060BEA1
:100F70009C40914613F7F7006311D702C19B13E51C
:100F8000570088C083A781AEC9D39C43BDDFA2852B
:100F90002244B2409244410182878946E307D7F652
:100FA000C19B13E52700F1BF238801B09C40954603
:100FB00013F707FFBD8B13653700E394D7FC136568
:100FC0004700C1B79C40C19B13E567005DBF938498
:100FD00041B19C401831C19B11EF93E747009CC081
:100FE00032259305450028319146EFF0CFAB238899
:100FF00001B0E9B5930610036317D700238801B049
:1010000093E73700F1BD93E76700D9BDEFF03F9E4E
:10101000138741B11C43954613F6F700C19B13E5B6
:101020003700E31DD6F013E5270009BF938441B1D3
:101030009C40183193F7F7F021E34D47639AE6029D
:1010400093E707011387E1B09CC01C239396476088
:1010500063DC060093F7F707914503C581B11CA334
:101060009720FE1FE780E0AE9C401395872919BFAB
:1010700093E707029CC0CDBF93E70703E5BF138644
:1010800041B11842FD770C319387F70F7D8F93673D
:10109000073081E9ED45936707206394B6009367B5
:1010A00007101CC213959729F1BD82801821930661
:1010B00010096307D7009307000D630EF7028280C3
:1010C00014313947639BE6025621056713075740E1
:1010D0006395E6021C451307F00783853700638E8E
:1010E000E50003A781AE11CB584301CB8833BC2365
:1010F000A2075D8D02876FF03FD38280011126CA5F
:1011000006CE22CCAE849397556063DF070A03C5F1
:1011100081B19700FE1FE780E0942A8409C983C744
:1011200011AF89EFEFF09FF82285EF50DEA71395FE
:10113000F468F2406244D244056182801C211307A6
:10114000000D639BE7043C2181E7EFF03FF601A827
:101150001547639CE7005825A147E395E7FCA28566
:1011600003C501AFEF505EA9D9B72147E38FE7FC74
:1011700099466394D7007C31CDB71D47E394E7FAD5
:101180004A219720FE1FE78060AF59DD5825A1470F
:101190002285E319F7F8E1B71307200AE384E7F89B
:1011A00013071009E393E7FA1831B947E31FF7F87B
:1011B0005A21856793875740E319F7F81C45883310
:1011C000BC23A2075D8D75BF9167ED8F91CF13860C
:1011D00081B091451145EF605E8503C54186EF60A2
:1011E0008EFF1395E468B1B793F71500BDCB83C7A5
:1011F00001B1A9C7EFE00ECB9757FE1F83C7E7F1F8
:101200006361F5048D475C8283C741AF5C864C0007
:1012100083C731AF03C581B1DC86EF90AEDE19CD57
:10122000938741B1884341991365650088C383A7BB
:1012300081AE89C79C4399C38145829713C5140029
:10124000CDBD83C7F1AF5C82194683C7E1AF9385FB
:1012500081AF13056100DC829700FE1FE780808963
:1012600065B793F7250095CB83C7F1B0858B9DC3F8
:1012700003C581B1EF905E8511CD938741B188435D
:101280001375F5F088C383A781AE89C79C4399C3C2
:101290008145829713C5240069BD13F54500E30A13
:1012A00005E883C7E1B08DC703C581B1EF90DE8447
:1012B00005C1138741B10843FD779387F70F7D8DF3
:1012C00008C383A781AE89C79C4399C38145829790
:1012D00013C54400B9BD397122DC26DA4AD84ED68E
:1012E00052D406DE2A8AAE893289B6843A843EC652
:1012F0009720FE1FE780809829C17E25324663EB48
:1013000037016369F9001E29639697003E296145FC
:10131000638D87002C085285231C3101231D210178
:10132000E486E087EFD05EFC0145F2506254D2546F
:101330004259B259225A216182805145FDB741116B
:1013400022C406C69757FE1FA38CA70C328481C502
:101350002E85EFE0FFF183A741B18DEB19C023A4E7
:1013600081AE2244B24003C621AF83C511B103C58B
:1013700081B1938781B01757FE1F1307273A9756FD
:10138000FE1F9386A63A41016FA04EF5B24022445B
:101390004545410182809757FE1F83C707D889EBD7
:1013A000614582806145B24022449244410182807D
:1013B000411126C206C622C4938481B180209307BE
:1013C000F00FE311F4FE17050000130565D3EF508D
:1013D0003EF888A0E30885FC23A401AE23AA01B04F
:1013E0009147A388F1B0EF70CEE341468145175590
:1013F000FE1F1305A53397F0FD1FE78020764146B9
:1014000081451755FE1F1305653197F0FD1FE780D5
:10141000E07423A401B0A38F01AE238F01AE9D47DA
:101420001756FE1F13068630C1450945238AF1AEC3
:10143000A38901AEEF604EB91756FE1F1306062EA4
:10144000C1450D45EF604EB841469755FE1F938547
:10145000E52D1755FE1F1305652B97F0FD1FE7803F
:10146000606941469755FE1F9385452B1755FE1F12
:101470001305C52897F0FD1FE780C067138681B06C
:1014800091451145EF604EB4014531BF1757FE1F1E
:101490001307C7F8FD575CB37CA3A38801B00547C9
:1014A0002388E1B023A401B019472397E1AE056773
:1014B000130707C82396E1AE2388F1AE8D47238931
:1014C00001AEA38801AEA386F1B02386F1B0194620
:1014D0008145138581AF17F3FD1F67002368411114
:1014E00022C4930705D006C65D472E84B3C70708FC
:1014F0006367F70C17570000130707D2B3C7E7203D
:101500009C43BA97828783C711B11CA019A8414692
:101510009755FE1F93858521228597F0FD1FE78053
:10152000605D8147B24022443E8541018280414650
:101530009755FE1F9385851EC5B783A781B09CC1B3
:10154000CDB71946938501B0C1BF83C701B175BF3F
:101550002E85EF909E81F1B72E85EF903E83D1B717
:1015600083C7F1AF5DB783C7E1AF45B71946938530
:1015700081AF5DB783C741AF49BF83C731AF71B793
:1015800083A741B159B783C721AF41B783D7E1AE34
:101590001EA041BF83D7C1AEE5BF83C7D1B0B5B7E9
:1015A00083C7C1B09DB72E85EF903E819DBF83C795
:1015B000F1B093F7F70791BF83C7E1B0B9B713074D
:1015C00000048947E360A7F6EF708EBE0AA091BFC2
:1015D0002A879307F7CFD9462E85B3C70708B28568
:1015E00063EDF62497560000938606C9B3C7D7204B
:1015F0009C43411106C6B69782874147E147631E67
:10160000E50241461755FE1F1305451297F0FD1FD1
:10161000E780404E15A04147E1476310E50241468F
:101620001755FE1F1305850FD5B71147E147631600
:10163000E5001C4223A4F1B08147B2403E85410140
:1016400082800547E147E31AE5FE138701B11C22BA
:1016500014231CA385C2EDF303A741B13D8B93076F
:101660004002B3D7E700858BE1DB03C581B1EF9082
:10167000CEADD9B7F1D383A741B16386A700BD8BA7
:10168000F517E36BF5FA854503C581B19710FE1F89
:10169000E780204C55B79307C01C63ECA718630A7A
:1016A0000618B24041016F908EC79307C01C63E2D9
:1016B000A71863000618B24041016F90AED20547EB
:1016C000E147E31CE5F61822A946E3E8E6F6A38F16
:1016D000E1AE9DB70547E147E311E5F618228D46D7
:1016E000E3EDE6F4238FE1AE81BF1947E147E3164E
:1016F000E5F41946138581AF11BF0547E147E31EA5
:10170000E5F218229D46E3EAE6F2238AE1AE2DB720
:101710000547E147E313E5F218228D46E3EFE6F0D3
:10172000A389E1AE11BF0547E147E318E5F01C22AC
:101730002389F1AE11B70947E147E310E5F0122222
:1017400005671307A7C79306A6FFB3C60608E36697
:10175000D7EE2397C1AECDB50947E147E31FE5ECCE
:10176000122205671307A7C79306A6FFB3C606088C
:10177000E365D7EC2396C1AEC1B50C2203C6C1B058
:10178000A386B1B00145EF10BFD77DB5102283C548
:10179000D1B02386C1B0FDB79307C01C63EBA70887
:1017A00049CAB24041016F904ED00547E147E31668
:1017B000E5E81387F1B014231C22858A1CA313F6D5
:1017C000170091C6E31A06E6EF904EB2B5B5E305F1
:1017D00006E683A641B1B98A8945E39706EA93E70D
:1017E00007F81CA391BD0547E147E318E5E413871B
:1017F000E1B01C2214231CA391C6E39F07E2EF90E3
:101800004EB11DBDE38A07E283A641B193F6060FF0
:10181000F9D6914595BD9307000463EEE70089462C
:101820008947E31CD5E0B2400E223A8541016F7032
:101830000EF2E14719B5894709B59307000463E93A
:10184000E700894689476316D5000E223A85C5B759
:1018500089473E858280411106C6EFA00FD517D576
:10186000FEFF1305A596EF50BEAEEFC0BE82177502
:10187000FEFF1305C578EF50BEADEF70EEF3171500
:1018800000001305E5C1EF50BEACEF00903E17F528
:10189000FEFF130525DDEF50BEABEFE07EF017F540
:1018A000FFFF1305453FEF50BEAAEFE0FFB317C59A
:1018B000FEFF130525FAEF50BEA9EFB05EF6B24069
:1018C00041016FF05FAD83A741B203A7C1B10145EC
:1018D0006313F7008280F62399E2D62336959C4362
:1018E000C5BF1757FE1F1307E7811C435A23411139
:1018F00093860711E117BA97856523A2D1B223AE6B
:10190000F1B006C69D051356370063F4E5001306D3
:1019100000203387C60023A0E1B2611698C2D2A28C
:10192000239306001CC3998FE1175EA323130700BE
:10193000EFF07FF9B2409747FE1F2394A77A410149
:10194000828083A741B203A7C1B101456313F700A9
:101950008280F62381E6D6233375D50A9C43FDB7F2
:101960009C211CA1BE211CB1BE21A1833CA1DC2174
:101970003CB11145828023A601B223A401B282802A
:101980000DCD411122C426C206C6AA842E8401456B
:1019900085C122854146975500009385A59397F010
:1019A000FD1FE78020159C2005455CA49C305CB49D
:1019B000B24022449244410182800145828001115B
:1019C00022CC26CA06CE8947AA843284639FF500BA
:1019D0006384B602414781476397E6048A85EFF046
:1019E0003FFA41468A85228515A841476393E5045D
:1019F000638FF600639FB6022E86A2856244F24092
:101A00002685D244056117F3FD1F670043208A85B0
:101A10003285EFF0FFF641468A85268597F0FD1F57
:101A2000E780E01EAA87F2406244D2443E85056109
:101A300082808147CDBF23A6A1B28280011122CC32
:101A4000622106CE26CA4AC84EC63DC883298500F3
:101A50002A88AE8403C9090081471317496063557A
:101A60000702B147054563F6870403552800511462
:101A7000334404084E8633878900A2868545EFE00B
:101A80005EA9B337A0008507135569487D14137903
:101A9000F903334404089CA088B023812401C2A028
:101AA000014719C01387190098C409476383E700E9
:101AB0000145F2406244D2444249B2490561828004
:101AC0000545C5BFC167F917630AF502D94763F732
:101AD000B702011122CC2EC606CE2A84EFC0CECB8F
:101AE000B2456368B50022856244F24005616FD05B
:101AF000FEB2F24062440545056182800545828060
:101B0000C167F9176314F5006FC00EC9411106C60D
:101B1000EFD0BE9F11E15D45B24041018280397135
:101B20004ED652D45AD05ECE06DE22DC26DA4AD811
:101B300056D22A8A2E8BB289B68B15E7EFF05FFC5E
:101B40009145EFC04ED22A844D49854A19EDF25095
:101B50006254D254B259225A925A025BF24B4A85CD
:101B60004259216182803A84814A230034018544AC
:101B7000630A0B00DE8513051400029B9304150015
:101B8000B3C404089399496063D30902C1455285DF
:101B9000EFD0BEA5654915E533069400A6852285DC
:101BA000EFE08EE82A8911EDB104B3C4040891472F
:101BB0002C0052857C8422C66485EFD04EBD2A89D4
:101BC00059D5E3860AF822859710FE1FE7802095F5
:101BD000BDBF011122CC26CA4AC84EC606CE2A89EC
:101BE0003284B689EFF0BFF3AA8419ED83A7C1B29E
:101BF00081CF05476317E40003C40900050413748B
:101C0000F40FA2854A858297F24062444249B24964
:101C10002685D24405618280AE8601470546970538
:101C20000000938525D46FF0DFFA9E211CA19E2130
:101C3000A1831CB109458280BC2105471CA18A21D2
:101C40006397E7000A050505334505088280C94703
:101C50003305F502CDBF8A210A0533450508828088
:101C6000BE211CA18A21BE213305F502050533459D
:101C7000050882808A2182808A2182808A2182804E
:101C8000BE211CA18A21BE213305F502050533457D
:101C9000050882809E211CA19E21A1831CB1BE212A
:101CA0003CA1BE21A1833CB1CA21110533450508E1
:101CB00082809E211CA19E21A1831CB1AA2109051D
:101CC000334505088280894711456398F6001C3228
:101CD00014220145A207D58F1EA382809A21D947DD
:101CE000AE8663FAE70001470D469705000093852D
:101CF00005F46FF01FEE094582801145639DA60033
:101D00001C3214220145A207D58F1EA33C32342277
:101D1000A207D58F3EA38280BC210547FD1793F70C
:101D2000F70F6362F7049E219DCF011122CC2A8414
:101D3000C84106CE2EC61DC189459710FE1FE780FB
:101D4000408A2A8722856244B246F24015469705AA
:101D500000009385A5EE05616FF0BFE7F240624495
:101D600009450561828009458280954763F0D70661
:101D7000411122C426C24AC006C61C323A84182227
:101D8000A207B284D98F1EA03C323822938544002A
:101D9000A207D98F3EA089475CA0094613055400CD
:101DA000368997F0FD1FE780E0D419478147630427
:101DB000E90093876400691923142401B2405CC4CC
:101DC00022449244024901454101828011458280AA
:101DD0009E219DCF011122CC2A84C84106CE2EC659
:101DE0001DC185459700FE1FE780A07F2A872285B9
:101DF0006244B246F2401D46970500009385E5E532
:101E000005616FF01FDDF240624409450561828083
:101E1000094582809947B2856388F600D14711450C
:101E200041466384F60082800946411106C650A3EC
:101E30009C31942113055700A207D58F1EA3BC31F6
:101E4000B4219105A207D58F3EA397F0FD1FE7802F
:101E500060CAB2400145410182809E219DCF01119F
:101E600022CC2A84C84106CE2EC61DC189459700C2
:101E7000FE1FE78000772A8722856244B246F2403F
:101E80002546970500009385E5DD05616FF07FD459
:101E9000F240624409450561828009458280894794
:101EA00011456398F6001C3214220145A207D58F14
:101EB0001EA38280011122CC2A84C84106CEAE86A0
:101EC00001C92EC685459700FE1FE7808071B24686
:101ED0002A8722856244F2402D46970500009385AB
:101EE000A5D905616FF0FFCE6FF03FE1011122CC63
:101EF0002A84C84106CEAE8601C92EC68545970004
:101F0000FE1FE780006EB2462A8722856244F240B7
:101F1000354697050000938565D605616FF07FCB48
:101F200093F71600114581EB89476386F600858299
:101F300056A310C301458280011122CC2A84C841D6
:101F400006CE2EC61DC185459700FE1FE78060693D
:101F50002A8722856244B246F2403D46970500003A
:101F6000938505D205616FF0DFC6F24062440945F2
:101F7000056182809E219DCF011122CC2A84C84117
:101F800006CE2EC61DC189459700FE1FE7806065FD
:101F90002A8722856244B246F240454697050000F2
:101FA000938545CE05616FF0DFC2F240624409457A
:101FB0000561828009458280854763F4D70208A7BE
:101FC0000CB71C320C220945A207CD8F81456384D2
:101FD000A60093052600F9161EA336A34CC301459F
:101FE000828011458280014781464D4681456FF0D0
:101FF0005FBE8D47114563F5D7021C320C22A20744
:10200000CD8F1EA33C322C22A207CD8F8145638445
:10201000A60093054600F1163EA356A30CC7014542
:102020008280011122CC2A84884506CEAE8601C961
:102030002EC695459700FE1FE780A05AB2462A8714
:1020400022856244F2405D46970500009385C5C431
:1020500005616FF01FB8854711456395F6001C2296
:1020600001451CA3828001478146654681456FF08A
:102070005FB6011122CC2A84C84106CEAE8601C9C2
:102080002EC68D459700FE1FE780A055B2462A87D1
:1020900022856244F2407546970500009385A5C1EC
:1020A00005616FF0DFA77547AA876365B70211471F
:1020B00001456378B702ED1593F5F50F614763614C
:1020C000B702974600009386E621B3C5D520984114
:1020D0003697028793F5F50713072005638AE50015
:1020E00001458280C84782808843828088478280F9
:1020F000C84382809307F00F630FF506011126CACB
:10210000AA841305000222CC4AC84EC652C456C245
:1021100006CE2E8AB28AB6893A8997F0FD1FE780EB
:10212000408E2A844D450DC8930700FB1CA0A300D8
:102130005401231144012302340113058400614634
:1021400063050902CA8597F0FD1FE780A09AA28562
:102150002685EF407EAA0145F2406244D2444249BE
:10216000B249224A924A05618280814597F0FD1F5B
:10217000E780C09EE9BF09458280011122CC06CECE
:102180002A844C86D0869710FE1FE78020AF0DC1B1
:10219000542521479747FE1F93874728639EE600F3
:1021A000E82378009306E0070146A285EFF09FF44C
:1021B000F240624405618280C83378009306E007EC
:1021C0000146A285E5B7930700643306F6026F4027
:1021D0003ED915C1411122C406C62A84082193079D
:1021E000D00F63E6A700EF40BEF4FD571CA0B2403D
:1021F00022444101828082801A219307000B6310E0
:10220000F7025C214947639AE700183985476398CC
:10221000E7002A2185456FB09ED86D47CDBF8280EB
:10222000011122CC26CA4AC806CE2A84AE8432893D
:1022300036C69710FE1FE78060A415C95025A14639
:1022400032479747FE1F9387671D631DD600E8231B
:10225000CA862686A2856244F240D244424905617C
:102260006FF05FE9C833CA862686A285EDB7F240D3
:102270006244D244424905450561828023A8A1B247
:102280008280011122CC26CA06CE2A84AE84971001
:10229000FE1FE780A09EA6852285EFF0BF8205E99C
:1022A000228564869710FE1FE780409D0DC154254E
:1022B00021479747FE1F93876716639FE600E82331
:1022C00078009306F0070146A285EFF0BFE2F240E6
:1022D0006244D24405618280C833DDB7797122D46B
:1022E0004AD0AE8706D6BA8526D24ECE75473284FE
:1022F00036896364F7042147636CF70015476388E8
:10230000E7021947638DE708C167FD1785441DA0E3
:1023100037061400DD1713060620B317F0287D8E4C
:1023200049EE19677D8F25EB93F71710F1DFC16731
:10233000FD1789446316F40221A813F7F7079306E3
:102340002005E313D7FC41677D17631EE6048D4427
:102350002EC6EFF0EFFAB24533049540334404083B
:102360003385840033450508EFB0FECFAA87B3C993
:10237000040821C963040900231089002254B250C3
:1023800092540259B3053041F2493E854561170325
:10239000FE1F67000325C167FD17954461BFC16734
:1023A000FD179D4441BF1307200D8D44E39AE7FAC2
:1023B0001304C6003344040865B7C167FD178D4494
:1023C00095BFB250225492540259F249456182801D
:1023D00079714ECEAE89C16526D20147AA8489465D
:1023E0001386C18DFD15054522D406D64AD0EFA02F
:1023F0002EA9054429C92A891307300281461146AE
:10240000F5452685EFF09FED2AC655440DCD0357BF
:10241000A900CE860146788411477885054718A122
:10242000B2472C002685A38007003247FD573CA306
:1024300032473CB3EFA00E9A2A8411C5324597006B
:10244000FE1FE780C00DB2502285225492540259DB
:10245000F24945618280411106C6EFF0DFC419C51B
:10246000B24041011703FE1F6700630BB2404101F8
:102470008280011106CE2AC6EFF0EFCF324591459A
:1024800023AA01B223A801B29747FE1FA388A7F889
:10249000EFB05EB9F24005616FB06EA979714AD0B4
:1024A00006D622D426D201499397556063D80704F3
:1024B0001745FE1F034595F62E8997E0FD1FE7801F
:1024C000605A2A844DC518219307000A631EF70835
:1024D00085474C08DC85EFF06FD6AA841DC59C8526
:1024E00099C7084409C59700FE1FE78040032A20CA
:1024F0008545EFB0DEAACD476398F406B25022546A
:1025000092544A850259456182808347610191CF87
:1025100071476361F7064D476376F7069386C7FEFA
:10252000130730143357D74831CF03A701B301C77E
:10253000034751013DC79C8599C7084409C59700C9
:10254000FE1FE780C0FD5247B7070001938707F0E1
:102550007D8FB7071200938707106307F7000347C3
:102560006101ED47630EF7082285EF40CEE31319B2
:10257000F96869B7138717FE1377F70F9306000200
:10258000E3F5E6FA858B8DCB83A741B3B5C32A204B
:102590001306B1004C0882979C85AA84BDE7C5D478
:1025A000B9B75C8699472308F1002A206C002317ED
:1025B0000100EFF06FE641B783A701B385CB2A2076
:1025C0001306B1004C088297AA8435D58347510180
:1025D000E39707F023089100834761012A206C00EC
:1025E0005C8623170100EFF02FE3D5BD9944F9BFB6
:1025F0009C8599C7084409C59700FE1FE78020F213
:102600002A208545EFB0BE9985B7084449D997007F
:10261000FE1FE780C0F061B7397126DAAE84B705D6
:1026200040004ED6F915AA89054506DE22DC4AD8B7
:10263000EF405EF9131465299735000093858509ED
:1026400041460A85EF207E874146973500009385F5
:1026500065080808EF207E8693178400135904014B
:10266000334704082183D98F1379F90F10088A851D
:102670004E857C87A3062101EF901FBB8347E101B4
:102680000347D101A0B0A2074207BA970347F1015F
:102690002180C0A0BA979CA013D78700C18398B0AF
:1026A000BCA0A3822401F2506254D2544259B259C0
:1026B00021618280011119469745FE1F938525A649
:1026C0001745FE1F130585E806CE22CC26CA4AC848
:1026D00091644EC697E0FD1FE780C0419385F4FFEB
:1026E0000145EF40BEEB2A84FD550145EF409EEDCC
:1026F000A287FD147D5933F79700B366E500CDC678
:10270000631425016302970A1744FE1F130404D6BD
:102710002308F40EA18393E707FC1169C1692326FE
:10272000A40EA308F40E7D19FD19CA850145EF40DA
:10273000FEE6AA84FD550145EF40DEE8B36795004B
:10274000EDD7FD576314F500E38124FF0357040E12
:1027500093570501230AF40E93578501A30AF40E3B
:102760008356240EB3470508B98F0357440F230B34
:10277000940EA18093F4F403358FA30B940ED98F9C
:102780008356440E0357640F2319A40E358FD98F37
:1027900093975760B3F73701C9DBF2406244D244E4
:1027A0004249B24905618280A6850145EF401EDF9E
:1027B0002A84FD550145EF40FEE0A2872DBF01119F
:1027C00026CA9744FE1F938464EDD84C22CC06CED3
:1027D0004AC84EC695471744FE1F0324E4D163063A
:1027E000F700D84C8D47631FF70083C7140281E7B9
:1027F000930770109EB0F2406244D2444249B249FD
:10280000056182800D459710FE1FE780005993896E
:1028100041A703A70900B7C7898E938767ED1CC737
:10282000B7575500938757555CC30347A4039307D5
:10283000F00F6305F700FD57230DF402138941A83B
:10284000032709008547A30CF4025C4301450146B8
:1028500093E717005CC3930720FB7CA09D47DCCC6B
:10286000930550029747FE1F23AA07E2938441A9CC
:102870009700FE1FE780A0B1984001455C57F59B8B
:102880005CD783A6090058309C421377F70793F76B
:1028900007F8D98F9CC29747FE1F83C7A78C99C39F
:1028A00003A581B397E0FD1FE780E06C03A7090053
:1028B000B70633001C4393F7F7CF1CC31C4393F7B1
:1028C000F7CF93E707201CC398401C47D58F1CC740
:1028D00003270900B7070300938787153CCB974769
:1028E000FE1F23A707DC9747FE1F23AB07DA8547A8
:1028F0001CC311B7411106C622C426C29734FE1F5D
:102900009384C47D2A84A830C145EF404EF9A83095
:1029100093050002EF40AEF82302040023130400E5
:10292000B2402244924441018280411122C406C631
:102930009747FE1F938787D603C717021744FE1FCA
:10294000032484BB11CB83C607020D476396E600C0
:102950001747FE1FA30407D6D44F21476386E6001E
:10296000D44F19476398E600D84F2380E702054704
:10297000A380E7029710FE1FE780803A2285EFF0E0
:102980007FF71306A002930500080145EF709FD062
:10299000034504049307F00F6307F500EF404EF979
:1029A000FD572300F404B2402244410182804111CA
:1029B00026C2AA8428490146814506C622C44AC0C7
:1029C00097F0FD1FE780C06E89470DEDA0482146B6
:1029D000A14718203D8BB8B81430B4A86314C702BF
:1029E0000349240099471357690009EF1307190099
:1029F0001377F70FE5476397E60038308D47630A92
:102A0000F700C547B2402244924402493E85410145
:102A1000828003A5040B194693054400110597E035
:102A2000FD1FE780C01E71DD19469305A4001385C4
:102A3000640397E0FD1FE780801DC94761D53547D6
:102A4000E147E311E9FCEF40FFD7EF401F942A84F0
:102A500071C183A6040BD850FC4401482324E50827
:102A6000984E9745FE1F938545B013058513232087
:102A7000E5F6D84A1749FE1F1309499F2322E5F6B8
:102A8000D83BA30FE5EEF83BF02B2207518F231024
:102A9000E5F0983F902F2207518F2311E5F0B83FC2
:102AA000B02F2207518F2312E5F0D82FDC3F1546B7
:102AB000A207D98F2313F5F0DC2E23220501A30EE4
:102AC000F5EE81471CC197E0FD1FE780A002854716
:102AD0002300F41483C7040822852303F414A303FA
:102AE000F414EF407FBC8327890D93F7072081CB37
:102AF0000A241306900293050008EF70BFB98327DC
:102B0000090D1167F98F99C70A24514693050008EA
:102B1000EF705FB883A7C40A0D47B8B78547DDB526
:102B2000397152D4174AFE1F130A4AB783270A0382
:102B3000B706080022DC4ED666CA938941A8974C96
:102B4000FE1F938CAC9206DE26DA4AD856D25AD0B3
:102B50005ECE62CCF58F03A48C0503A709009DE32C
:102B60007C5781C78547238AF196F2506254D2542C
:102B70004259B259225A925A025BF24B624CD24CE1
:102B800021618280930780070329C40A7CD3238AAA
:102B9000019683479900032CC90092073E9C834706
:102BA0002C0095CB834769009306204E03461C00FA
:102BB000B387D702938787FD11CA83467900B3860E
:102BC000C6021306D007B386C602B697B70608003A
:102BD00014C786077CD71C438D8B91C70945971076
:102BE000FE1FE780801B138B41A783270B00938A6E
:102BF00041A937063300D857370800827D18719BEA
:102C000013671700D8D798431377F7CF98C3984323
:102C10001377F7CF1367072098C303A70A00144759
:102C2000D18E14C783A60900370603001306862534
:102C3000B0CA5057759A50D790438345E40713762E
:102C400006F893F5F5074D8E90C303058406D0571B
:102C50009375F503E605337606014D8ED0D713063E
:102C6000A003635CA628704FB70500074D8E70CF98
:102C700003270409D8C30327C40898C78327C40AB5
:102C8000B83785476313F72E832B040B034799004E
:102C900083C71B00631BF72C23A60606B707080093
:102CA0009CC69747FE1F23A107A2DC42154793E766
:102CB0001700DCC26444930720021CB898A09CB0A3
:102CC00083475403858B91E7034744038947631582
:102CD000F700930750049CA01946930564031385DD
:102CE000240097E0FD1FE780E0E083C73B0089C731
:102CF0009C2093E707F89CA0194693854B00138509
:102D0000840097E0FD1FE780E0DE83C78B01FCA411
:102D100083C79B01FCB483C7AB019CA883C7BB01DD
:102D20009CB883A74B0113D78700BCA8C183DCA83C
:102D3000B8B80347040889476313F7008D47DCB828
:102D400003D7CB0083D7AB00BA97858313D787000F
:102D500098BC03C7EB009CAC8D83B8AC03D7EB00E9
:102D60008D072183B8BC03C70B01D8AC03C71B0177
:102D7000D8BC1947B3D7E70AFCA8A183FCB883C71E
:102D8000EC0FFCAC83C7FC0FFCBC83C70C1023808A
:102D9000F40283C71C10A380F40283C72C10238184
:102DA000F40283C7CB01FD8BA381F402784483C76F
:102DB0003C00834637029607D58FA301F702973769
:102DC000FE1F83C7673583250B00B7060082FD16FB
:102DD000D8551396476093F7F703758FE607D98F99
:102DE000DCD51307A00383A70A006354C714F84F68
:102DF000B7060007558FF8CF103883450408014502
:102E00009747FE1F23A2078A97F0FD1FE780C03E69
:102E100083278A00858BC9C7973AFE1F938A8A3316
:102E200003D5CA009747FE1F23AE07869307800F7E
:102E30003305F50237460F00814613060624814507
:102E4000EF10A02183A70A00AA842E8B8297B307D4
:102E5000950033B5A700B305650183A68A003E87B8
:102E600099E163E4D7003387D7400345040858D07D
:102E70000146B94597F0FD1FE78060510146814545
:102E8000054597F0FD1FE78020379710FE1FE7806C
:102E900020E98327CA00858B81C72285EFF03FB1E7
:102EA0008347990003474900850793F7F70FA30469
:102EB000F90063F3E7329734FE1F9384A4299C281A
:102EC000638E07268327C40A130770FA17F5FD1FC0
:102ED00013052574B8A797E0FD1FE780802A625488
:102EE000DC40F250D2544259B259225A925A025BF3
:102EF000F24B624CD24C2161828713062002635A46
:102F0000A600704FB70500F9FD156D8EB7050005D9
:102F1000B1BBB70500F96946FD156357A600704FB0
:102F20006D8EB705000399B3704F6D8E1316862909
:102F30003DBB13072002635AC700F84FB70600F9DC
:102F4000FD16758FB706000575B5B70600F9694718
:102F5000FD166357C700F84F758FB706000359BDBC
:102F6000F84F758F1317872979B5DC42F99BDCC2BE
:102F700064449D47832B8C00834A3C001CA89CA082
:102F80008547A3810400BCA07C4893F707209DC718
:102F90009147BCB08347640B8346540B78449A072F
:102FA000D58F5CA3BC2081468507BCA00346840B5B
:102FB0008345540B0345640BEF906FCF7C4893F728
:102FC000074095CBB8307C44B42013678700B8B075
:102FD0000357A408B697B8B3BC2078448346F407D7
:102FE0003E978357A4089206A183BD8BD58F5CA31F
:102FF000BC208907BCA08347040693F7070489CF48
:10300000B8307C44B42013670704B8B05838B6977A
:10301000B8B3BC208507BCA08347C4070547C117C8
:1030200093F7F70F6362F706BC20032BC404154621
:103030008D073E9BA1472300FB0093078002A3005E
:10304000FB009735FE1F9385455213052B0097E033
:10305000FD1FE78020AA8346C407414783578408A1
:103060006395E60CA1072311F408C547230EF40667
:1030700083472408A303FB0083572408A183230468
:10308000FB00BC20A507BCA0638C0B00BC206844DF
:1030900056868D07DE853E9597E0FD1FE78080A56B
:1030A000B82001459377F7038507BE9A93FAFA0F84
:1030B000A3085401B8A07C44A380570183A709004A
:1030C0007844B8DF1038834504089737FE1F23ADD6
:1030D000075C97F0FD1FE78020129710FE1FE78026
:1030E00020C483A709003707020023A2070698C758
:1030F0001737FE1F232C075A03472C00E30207DA79
:10310000FC57E38F07D817F5FD1F1305456297E0BD
:10311000FD1FE78040E603A709007C57FDFF01453E
:1031200097E0FD1FE78020E5A5BB03572408B30700
:10313000F7400947E34EF7F2C9470DBF938AC1979D
:1031400083A70A0082972A8B83A70A008297E30D40
:1031500065FF03475900834799009444B387E7020A
:10316000DA24B387E7021307003293870719B3D72E
:10317000E702032744093E973A846364F7006364D7
:10318000D7003304D74083A70A008297B307A4402F
:103190006374A4009844BA9737450F0013050524BB
:1031A000B3B5A702D22481463385A702EF00F06AA7
:1031B000AD472A84170500001305C596232EFA0093
:1031C00097E0FD1FE78020DB83A709003707080091
:1031D000060498C7E0D751BA8327C900884719ED7C
:1031E0001C24680023070100DC868327C40ADC2333
:1031F000DC87EFF07ECC2305090085BA97F0FD1F30
:10320000E780E0310327C90083464900814763C551
:10321000D7001C47EDF3E9B7232407008507C5BF96
:103220005D714EDE938941A803A60900A2C452DC59
:103230005ED686C6A6C2CAC056DA5AD862D466D24C
:103240006AD06ECE930780077CD2238A0196138AB8
:1032500041A783270A00938B41A9B7053300D857AC
:103260002A84719B13671700D8D798431377F7CF39
:1032700098C398431377F7CF1367072098C303A722
:103280000B001447CD8E14C7B7060300938686251E
:1032900034CA5457F59A54D78345E507944393F5B8
:1032A000F50793F606F8CD8E94C35442F99A54C2AA
:1032B00083058506D4573705008213F6F5037D157F
:1032C0006606E98ED18ED4D79306A00363D0B62AC2
:1032D000744F37060007D18E74CF13070408544784
:1032E000184B9305300294C7D8C305459737FE1F86
:1032F00023AC073AEF400EA864449D471CA8230F57
:10330000A4069CA08547A3810400BCA07C4893F739
:1033100007209DC79147BCB08347640B8346540B7D
:1033200078449A07D58F5CA3BC2081468507BCA052
:103330000346840B8345540B0345640BEF902F9792
:103340007C4893F7074095CBB8307C44B420136792
:103350008700B8B00357A408B697B8B3BC20784428
:103360008346F4073E978357A4089206A183BD8B3A
:10337000D58F5CA3BC208907BCA0B02003574408AC
:103380009307D00F918F1739FE1F1309290E63DFA2
:10339000E7200347040885476316F7209307804218
:1033A00079479387371AB3C7E70283464907C16550
:1033B00093E60601230AD90683A609008CC6338743
:1033C000E7020607B8D2B83013670701B8B07844EF
:1033D0008346E407329734B3B420784436975CA32D
:1033E000B8207C44BA97034704081607D8B3BC201A
:1033F0008D07BCA08347040693F7070489CFB83034
:103400007C44B42013670704B8B05838B697B8B3F3
:10341000BC208507BCA08347C4070547C11793F7A5
:10342000F70F6362F706BC20832AC40415468D0794
:10343000BE9AA1472380FA0093078002A380FA0076
:103440009735FE1F9385651213852A0097D0FD1FBF
:10345000E780406A8346C407414783578408639ED8
:10346000E614A1072311F408C547230EF406834789
:103470002408A383FA0083572408A1832384FA0035
:10348000BC20A507BCA003564408814A21C2B8202D
:1034900068448325840A930737003E95BC30C18B6E
:1034A00063860712F95AB38AEA4093FAFA0F5686EE
:1034B00097D0FD1FE78000648327840AD6973CDC01
:1034C00083574408B38757412319F406B8200145B0
:1034D000056B9377F7038507BE9A93FAFA0FA30853
:1034E0005401B8A07C44130D8007B70D3300A380AE
:1034F000570183A709007844B70A0300938A8A25F5
:10350000B8DF1038834504081D4C854C97F0FD1F2B
:10351000E78080CE9710FE1FE780808003270A0097
:10352000130B8B843C57ED9B3CD79737FE1F2388AA
:103530000718371700401E2FC607C5831EAF8347E5
:103540004907C18BD9EB22852644B64096440649EB
:10355000F259625AD25A425BB25B225C925C025DC3
:10356000F24D616117F3FD1F67002374930620027B
:1035700063DAB600744F370600F97D16F18E370610
:10358000000591BB370600F9E9467D1663D7B60002
:10359000744FF18E370600033DBB744FF18E939646
:1035A00086291DBB856793878784DDBB83474907D1
:1035B00093F7F70E230AF90635BD03572408B3071E
:1035C000F7400947E345F7EAC94745B597D0FD1FDE
:1035D000E7804052834A4408D5BD8347490793F7A3
:1035E0000702E5DF8347490703A6090093F7F70CB5
:1035F000230AF9062322A607238A019683270A00B5
:10360000D857719B13671700D8D798431377F7CF14
:1036100098C398431377F7CF1367072098C303A77E
:103620000B001447B3E6B60114C7232856055457B8
:10363000F59A54D798438346E407137707F893F62F
:10364000F607558F98C364442308840123808401BE
:10365000A3810400238194017C4893F7074095C718
:10366000A147BCB07C440357A408D8A3BC2078442D
:103670008346F4073E978357A4089206A183BD8B27
:10368000D58F5CA3BC208907BCA0B02003572407BA
:103690009307E00F918F63D3E70603470408DA87A7
:1036A000631497019307804279479387371AB3C70A
:1036B000E70283464907C16593E60601230AD90656
:1036C00083A609008CC63387E7020607B8D2B83054
:1036D00013670701B8B078448346E407329734B3E0
:1036E000B420784436975CA3B8207C44BA9703474B
:1036F00004081607D8B3BC208D07BCA003562407C6
:1037000081470DCEB82068442C5C930737003E9566
:10371000BC30C18BA5C3F957998F93F7F70F3E863D
:103720003EC697D0FD1FE780E03C385CB2473E972D
:1037300038DC035724071D8F2319E406B420014504
:1037400013F7F6030507BA9793F7F70F1CB8B4A061
:1037500078441CB31038834504089737FE1F23A50F
:1037600007F497F0FD1FE78020A99700FE1FE78070
:10377000205BF1B397D0FD1FE780C0378347240754
:103780002319040665BF8347C507638B073E79711C
:1037900022D406D626D24AD04ECE52CC49472A84CD
:1037A000639CE70203572508835785086316F702D1
:1037B0001305050A15469735FE1F938505DB2AC6B6
:1037C00097D0FD1FE78000333245EF30FFE391478C
:1037D000A300A408230EF406228597E0FD1FE780CE
:1037E000E02909459700FE1FE780205B0327C40AF4
:1037F0001389C1978347C40783260900630E071EF8
:103800000D476398E70C9147230EF4067C4893E735
:1038100087007CC89737FE1F938747C503C75707A4
:10382000098B6DDF03C757071377C70FA38AE70616
:1038300082969737FE1F9387E791D6270357640830
:10384000232AA4089C473307D702930600321307A4
:1038500007193357D702B306E500368663E4A6009E
:1038600063E4F6003386F640232CC4089736FE1F27
:1038700083C6D68A636CD604158E9306D407A285B8
:1038800017050000130565F097F0FD1FE780601C29
:10389000AD4717F5FFFF1305E5281737FE1F232D4A
:1038A000F7E097D0FD1FE780006D83A741A8094787
:1038B000F8D783578408B250925485072314F4082C
:1038C00022540259F249624A45618280958F3E96A0
:1038D0006DB78329840982969734FE1F9384848769
:1038E00063E6A9043385A9409737FE1F83C7178372
:1038F00063E5A700854763EEA702DA2483576408CF
:103900009044B387E7021307003293870719B3D7B0
:10391000E702032784093E97BA866364F70063646D
:10392000C700B306C740232CD40861B79C44BE9996
:1039300055BF8326C40AA3840600D2248357640893
:10394000032784098C44B387C70213060032232A55
:10395000E40893870719B3D7C7023E973A86636492
:10396000F7006364B7003306B7409C28232CC408D3
:1039700099CF930770FABCA617F5FD1F130565C90B
:1039800097D0FD1FE780E07FDC4082971DB783273B
:1039900009008297AA89832709008297E38DA9FEEF
:1039A0008327090083294409829763E4A904AD476A
:1039B0001737FE1F2322F7D0B7470F00938707243E
:1039C0003385A940B335F502D22481463305F5028B
:1039D000692583A741A83707080098C70605E8D7D7
:1039E00017F5FFFF1305051497D0FD1FE780A058BA
:1039F000C9B59C44BE9965BF0D47639EE7089147D2
:103A0000230EF4067C4893E787007CC89737FE1F97
:103A10009387C7A503C75707098B6DDF03C75707F0
:103A20001377C70FA38AE70682969727FE1F93870F
:103A30006772D62703576408232AA4089C473307D4
:103A4000D70293060032130707193357D702B3067C
:103A5000E500368663E4A60063E4F6003386F640AC
:103A6000232CC4089726FE1F83C6566B6362D602BA
:103A7000158E9306D407A285170500001305E5D01F
:103A800097F0FD1FE780E0FC2285EFF06FF915B598
:103A9000958F3E96F9BF8296AA8483270900829764
:103AA000E38DA4FE83270900832484091729FE1FC0
:103AB0001309496A829763EEA4023385A4409727CD
:103AC000FE1F83C7B7658359C90063E3A70015E5E7
:103AD000835764081307003203268900B38737032E
:103AE00093870719B3D7E702032784093E97BA865D
:103AF0002DB583278900BE94C9B79737FE1F83C7AA
:103B0000379E93E717009734FE1F93842496A38A69
:103B1000F40603AA41A8B70708002324FA00B74710
:103B20000F0093870724B335F5024E86814633058F
:103B3000F502252306052326AA0683C75407898B89
:103B4000EDDF83C75407130700320326890093F77C
:103B5000C70FA38AF40683576408B3873703938794
:103B60000719B3D7E702032784093E97BA8663642F
:103B7000F7006364C700B306C740232CD40829B7F5
:103B80008280411126C2AA84284922C401462E847B
:103B9000850506C697E0FD1FE78080513DEDBC48D6
:103BA0001D4621459423BD8AB4B89833B8A8639DB7
:103BB000C604B423114513D6660093F6F60363F5E5
:103BC000E604194531E27D17158F58B0B8334545E5
:103BD0009376270095EA9376470085EE9107930642
:103BE000F00F34A093768700514599EE9376070144
:103BF000554599EA137507021DE1137707049306EB
:103C0000F00711C3942314A0B2402244924441010E
:103C10008280D42395078D8AE9B70945F5B75945C0
:103C2000E5B797070000938747B61737FE1F23278E
:103C3000F78A828009CE93070002918F635AF000C1
:103C4000B397F5003355C500B3D5C5005D8D8280AF
:103C5000011633D5C5008145828009CE9307000245
:103C6000918F635AF000B357F500B395C500331533
:103C7000C500DD8D82800116B315C5000145828027
:103C8000014863C8050E63DB0600B337C000B30606
:103C9000D0401348F8FF9D8E3306C040B2882A8773
:103CA0002E83F9E263F2C512C167636CF61AB70797
:103CB0000001B337F600B307F040E19BE107335E44
:103CC000F6009726000093862668F2969422130E3B
:103CD0000002B697B306FE40630CFE003393D50096
:103CE000B357F500B318D60033E367003317D50098
:103CF00013D608013355C302B3C60808935707010A
:103D00003373C302B385A6024203B3E7670063FAC5
:103D1000B700C6971303F5FF63E4170163E8B732F2
:103D20001A858D8FB3D5C70233470708B3F7C7028B
:103D3000B386B602C2075D8F637BD7004697938731
:103D4000F5FF63651701F9156363D700BE8542056A
:103D50004D8D814563090800B337A000B305B0401D
:103D60009D8D3305A040828063FED50081450145CD
:103D7000D5B7B337A000B305B0409D8D3305A04043
:103D80007D5811B7C16763E4F618B7070001B3B7F0
:103D9000F600B307F040E19BE107B3D8F600172720
:103DA00000001307675A46971823130300023E9733
:103DB000B308E3406311E31863ECB6263335C5005E
:103DC00013451500814579B75DC2C167637AF62452
:103DD00013330610134313000E03B35666009727E0
:103DE000000093876756B6979423930700029A962C
:103DF000B38ED740639CD708B386C540854513531F
:103E000006013346060833D5660293570701B3F619
:103E10006602330EC502C206D58F63FAC701C69784
:103E20009306F5FF63E4170163EFC7213685B38777
:103E3000C741B3D6670233470708B3F76702338633
:103E4000C602C2075D8F637BC70046979387F6FF64
:103E500063651701F9166363C700BE864205558D79
:103E6000D5BD9337061093C717008E0789BD8146CD
:103E7000972700009387474DB697942301439307F4
:103E800000029A96B38ED740E388D7F6B318D601CE
:103E900033DED50013D30801B3576E02B356D500F5
:103EA0003317D50133C60808B395D501CD8E93D508
:103EB0000601337E6E023305F602420EB3E5C501FC
:103EC00063FBA500C695138EF7FF63EA151763F829
:103ED000A516F917C695898D33D56502B3C60608B0
:103EE000B3F56502330EA602C205CD8E63FBC60193
:103EF000C6969305F5FF63E0161563FEC6137915A4
:103F0000C69693950701B386C641C98DEDBD93B79B
:103F1000061093C717008E07B3D8F60017270000C6
:103F20001307874246971823130300023E97B308EE
:103F3000E340E303E3E8B35EE600B3961601B3EEB5
:103F4000DE0033D3E50013DF0E01B357E303B3956F
:103F500015013357E5004D8F33CE0E0893560701F8
:103F6000331616013373E303B305FE024203B3E6CF
:103F7000660063FBB600F6961383F7FF63E3D60D86
:103F800063F1B60CF917F6968D8EB3D5E603334779
:103F90000708B3F6E6033303BE02C206558F637B00
:103FA000670076979386F5FF6369D709637767089B
:103FB000F9157697C207416FCD8F9306FFFFB3F5D2
:103FC000D70013DE0701F18E4182B38ED50233078D
:103FD0006740B306DE0213D30E01B385C502B69562
:103FE0009A95330ECE0263F3D5007A9E93D60501DF
:103FF000F2966363D7026305D7003E85814599BB7E
:10400000C166FD1633F7D5004207B3FEDE00331557
:1040100015017697E373E5FE1385F7FF81451DBB18
:10402000B70700016377F60293560601414345BB8B
:104030008145054505B32E85E9B5B685A5BFF2874F
:1040400059BD9A8791B77915C697D5B37915C69793
:10405000C9B993568601614359B33288AA882E871D
:10406000CDEA63FFC50EC167636AF618B7070001A2
:10407000B337F600B307F040E19BE1073353F60096
:10408000972600009386462C9A96942213030002EA
:10409000B697B306F340630BF3003397D500B357DD
:1040A000F5003318D6005D8FB318D50013560801FC
:1040B0003355C702B346080893D708013377C702C0
:1040C000B385A6024207D98F63FAB700C2971307D8
:1040D000F5FF63E4070163E8B7303A858D8F33D786
:1040E000C702B3C80808B3F7C702B386E602C2071F
:1040F000B3E8F80063FBD800C2989307F7FF63E5C5
:104100000801791763E3D8003E874205598D814540
:10411000828063F5D500814501458280C16763E5F2
:10412000F618B7070001B3B7F600B307F040E19BFC
:10413000E10733D8F600172700001307E72042975E
:104140001823930800023E973388E8406392E818EA
:1041500063EDB6263335C5001345150081458280D1
:1041600045C6C167637BF624133706101347170053
:104170000E07B356E600972700009387E71CB69713
:104180009C2393060002BA97B38EF640639DF6080F
:10419000B387C5408545935606013346060833D597
:1041A000D70213D70801B3F7D7023303C502C207FA
:1041B000D98F63FA6700C2971307F5FF63E407011D
:1041C00063E067223A85B387674033D7D702B3C825
:1041D0000808B3F7D7023306C702C207B3E8F800EE
:1041E00063FBC800C2989307F7FF63E508017917DE
:1041F00063E3C8003E874205598D828093370610DD
:1042000093C717008E079DBD8146972700009387AF
:10421000A713B6979C23014793060002BA97B38E63
:10422000F640E387F6F63318D60133D3F5009356FC
:104230000801335ED302B395D501B357F500CD8F96
:104240003346080813D70701B318D5013373D302D7
:10425000B305C603420333676700637BB700429729
:104260001305FEFF636A07176378B716791E429736
:104270000D8F3355D702B3C707083377D7023303FF
:10428000A6024207D98F63FB6700C2971307F5FFA9
:1042900063E0071563FE67127915C29793150E0147
:1042A000B3876740C98DE5BD93B7061093C7170064
:1042B0008E0733D8F600172700001307E708429748
:1042C0001823930800023E973388E840E382E8E829
:1042D000335EE600B3960601336EDE00B3D8E50028
:1042E000935E0E01B3D7D803B39505013357E500AC
:1042F0004D8F33430E089356070133160601B3F86A
:10430000D803B305F302C208B3E6160163FBB60097
:10431000F2969388F7FF63E3C60D63F1B60CF917C5
:10432000F2968D8EB3D5D60333470708B3F6D6037E
:10433000B308B302C206558F637B17017297938649
:10434000F5FF6369C70963771709F9157297C20703
:10435000C16ECD8F9386FEFFB3F5D70013D307014F
:10436000F18E4182338ED50233071741B306D30253
:1043700093580E01B385C502B695C6953303C302A3
:1043800063F3D500769393D605019A966363D702BB
:104390006305D7003E8581458280C166FD1633F7EF
:1043A000D5004207337EDE00331505017297E373B3
:1043B000E5FE1385F7FF81458280B707000163772B
:1043C000F6029356060141477DB38145054582803B
:1043D0003A85E9B5B685A5BF2A8E59BDC68791B77E
:1043E0007915C297CDB37915C297CDB99356860189
:1043F000614751B35D7122D406D62A842EDA32DCAD
:1044000036DEBAC0BEC2C2C4C6C603A5C18611C5C7
:104410001C4D81E72AC6A12B32450C455418228633
:1044200036CEEF00B022B250225461618280011179
:1044300026CA06CE22CC4AC84EC652C4AA8419E166
:104440001C4502901C4D2E89ADE315239C4C8044E5
:10445000B9CF9727000093872703631DF404C0405A
:104460007C50858B99E75E2493F7072099E3284CCD
:1044700069255E24A18B99C31C48D5E3A2852685B6
:10448000A52A51CDFD547C50858B99E75E2493F786
:10449000072099E3284C9D25F24062444249B249E5
:1044A000224A2685D2440561828000455DB7268573
:1044B0007D2945B797270000938707FB6314F40015
:1044C000804479BF97270000938707F8E31AF4F830
:1044D000C04479B71CC4050963C807021C40138790
:1044E000170018C08CA31C4483450900FD17FDF17B
:1044F0001CC463D907022286A94526858120FD5761
:10450000E302F5F8A94441B7184C63C4E700E39708
:1045100045FD228626851D20E31735FDA5B7FD59EB
:10452000294AD1B71C401387170018C0294798A300
:10453000D1BFAA8503A5C1866FF07FEF011122CC00
:1045400026CA4AC806CE4EC6AA842E89328401C520
:104550001C4D91E32929972700009387E7F2631701
:10456000F402C0401C4C1CC45E24A18B99C31C489F
:1045700095EFA2852685492015C97D59F2406244F0
:10458000D244B2494A85424905618280972700009A
:10459000938787ED6314F4008044E9B79727000000
:1045A000938787EAE310F4FCC0446DBF1C480840C1
:1045B0009379F90F1379F90F1D8D5C486346F50067
:1045C000A2852685912C55F91C440505FD171CC4B0
:1045D0001C401387170018C0238037015C4863888C
:1045E000A7005E24858BD9DBA947E319F9F8A285DA
:1045F00026851D2441D551B7411122C426C24AC087
:1046000006C683A4C1862A892E8489C49C4C99E35A
:104610002685B12E97270000938707E76313F402DE
:10462000C0408317C40013F7870025E713F707017D
:104630000DEB25472320E90093E707045EA47D5591
:1046400071A097270000938727E26314F400804449
:10465000C9BF97270000938727DFE314F4FCC04409
:10466000C9B7918B9DC34C5889C99307440463848F
:10467000F5004A859D2B232A04025E242322040090
:1046800093F7B7FD5EA41C481CC05E2493E7870027
:104690005EA41C4899EB5E241307002093F70728BB
:1046A0006385E700A2854A857D218317C40013F73F
:1046B00017001DC35848232404003307E04018CCDA
:1046C0001848014501E713F707083DF7B2402244B7
:1046D000924402494101828013F72700814611E389
:1046E000544814C4F1BF8397C500011122CC26CAD7
:1046F00006CE4AC84EC613F78700AA842E8479E3F3
:10470000D8416345E000B8416356E008585459C3A6
:1047100003A9040023A004000C5093D7C748A9CBD9
:1047200070485E24918B99C75C401D8E5C5899C37C
:104730003C401D8E5C540C50814626858297FD5767
:10474000630CF5041C480567232204001CC05E248A
:10475000F98F91C368C84C5823A0240185CD9307D5
:1047600044046384F50026854921232A04021DA000
:104770000146854626850297FD572A86E313F5FAFA
:104780009C40C5D375476385E70059476395E706A5
:1047900023A024010145B5A098408317C40001CF90
:1047A000F5466305D700D9466319D7041C48232270
:1047B00004001CC04DB718482322040093D7C748F3
:1047C00018C041BF83A90501E38609FC03A90500C0
:1047D0008D8B23A0350133093941014791E3D84935
:1047E00018C4E35920FB1C540C50CA864E862685FB
:1047F0008297634FA0008317C40093E707045EA469
:104800007D55F2406244D2444249B24905618280FA
:10481000AA993309A940F1B79C49411106C622C49F
:1048200026C281EB8144B240224426859244410154
:104830008280AA842E8401C51C4D91E30D2A9727FE
:104840000000938767C4631DF402C0408317C4004F
:10485000F1DB7850058B11E793F7072099E3284C9B
:10486000692C2685A285EFF01FE87C50AA84858BF1
:10487000DDFB5E2493F70720DDF7284C412465B764
:1048800097270000938747BE6314F40080447DBFE0
:1048900097270000938747BBE31AF4FAC0447DB71B
:1048A000411122C406C62A844EA572A52320050004
:1048B00023220500232405002322050623280500C2
:1048C000232A0500232C0500214681451305C50533
:1048D000EF000EE097170000938787855CD097174D
:1048E0000000938787871CD4971700009387478B16
:1048F0005CD4971700009387878DB24000D01CD8F6
:1049000022444101828097050000938525F149A248
:10491000411126C2930780069384F5FFB384F40205
:104920004AC02E8922C406C693854407452E2A8490
:1049300001CD2320050023222501310508C413865B
:1049400084068145EF00CED8B240228522449244AD
:10495000024941018280138501B445A2138501B447
:1049600071AA138541B451AA138541B441AA4111DA
:1049700022C406C62A84EFF0DFFE1C4C91C72244F5
:10498000B24041016FF05FFE970700009387E7F7A1
:104990001CD423240404232604042328040483A70A
:1049A000C1916394870085471CCC2285152848C097
:1049B00022853D2008C42285252048C44840014660
:1049C0009145EFF0FFED08440546A545EFF05FED9A
:1049D00048440946C945EFF0BFEC85471CCC45B7B4
:1049E000411126C24AC006C622C42A89EFF0BFF68A
:1049F00083A4C1919C4C81E72685EFF05FF79384F7
:104A000084048044DC40FD1763D607009C40A5C7A2
:104A10008440C5BF0317C40021EFC17785075CC47C
:104A20001305840523220406C128EFF03FF3214635
:104A3000232004002324040023220400232804004C
:104A4000232A0400232C040081451305C405EF002C
:104A50002EC8232A0402232C040223240404232620
:104A60000404B240228522449244024941018280DA
:104A70001304840649BF91454A85EFF07FE988C059
:104A80002A8459F5EFF09FEDB1472320F900D1BFFB
:104A9000797122D44AD04ECE52CC5AC85EC606D6C0
:104AA00026D256CA2A892E8A130485048149054BC9
:104AB000FD5B0444832A4400FD1A63D00A020040CF
:104AC0006DF8B250225492540259624AD24A424B73
:104AD000B24B4E85F24945618280DE24637BFB0048
:104AE0008397E40063877701A6854A85029AB3E934
:104AF000A90093848406C9B782808280828059711C
:104B0000A2D42E848395E500A6D2CAD086D6B284DC
:104B1000368963D205025E2493F707088DEB1307ED
:104B20000040B65026542320F90098C006599654E8
:104B30000145656182803000ED25E34E05FC32477A
:104B4000BD67F98F7977BA9793B71700C9BF8147C7
:104B500013070004F9B7DE25797122D406D626D2D0
:104B60004AD04ECE898B2E8491CF930774041CC0FB
:104B70001CC885475CC8B250225492540259F2496D
:104B80004561828074003000AA84EFF05FF7A2498B
:104B90002A892685CE85992219E98317C40013F73F
:104BA000072071FBF19B93E727005EA47DBF970769
:104BB0000000938787D59CD45E2408C008C893E77B
:104BC00007085EA4B247232A340199CB8315E40079
:104BD0002685A52D11C55E24F19B93E717005EA4E1
:104BE0005E2433E527014AA479B7D1CD83A7C5FF59
:104BF000011122CC06CE1384C5FF63D307003E9477
:104C00002AC6452D1387C1B41C43324581EB2322AC
:104C1000040000C36244F240056145A5637DF400D1
:104C20001040B306C4006396D7009443DC43B296A9
:104C300014C05CC0F9BF3E87DC4399C3E37DF4FE3A
:104C400014433306D700631F86001040B29614C386
:104C50003306D700E390C7FC9043DC43B29614C3FD
:104C60005CC34DBF6375C400B1471CC165B710403C
:104C7000B306C4006396D7009443DC43B29614C0D5
:104C80005CC040C341BF828041114AC0138981B4D6
:104C90008327090022C426C206C6AA842E8489E777
:104CA00081458D212320A900A2852685A1297D5932
:104CB000631A25017D54B240228522449244024960
:104CC00041018280130435007198E30685FEB30527
:104CD000A44026850529E31025FFE9BF011126CA56
:104CE00093843500F1984AC8A104B14706CE22CC7E
:104CF0004EC62A89B3F4F40A63C4040063FDB40009
:104D0000B1472320F9000145F2406244D2444249B0
:104D1000B24905618280712B9389C1B483A70900D0
:104D20003E8421E8A6854A85EFF01FF6FD572A84C8
:104D30006317F50A03A40900A287C9EB83290400BD
:104D400081454A85A2997D2E6395A9081C408D0452
:104D50004A859D8CF198B147A104B3F4F40AA68565
:104D6000EFF09FF2FD576306F5061C40A6971CC0A6
:104D700015A01440858E63C806042D47637DD702B5
:104D800004C0330794006396870223A0E9005C40C7
:104D900014C35CC34A8515231305B400930744006C
:104DA00061993307F540E301F5F63A94898F1CC009
:104DB000A1BFD8C3E9BF58406395870023A0E9008D
:104DC000D1BFD8C3C1BFA2874040A1BF3E84DC434E
:104DD000ADB7B1472320F9004A85C5212DB704C1DD
:104DE00055BF1C46FD171CC663DA0700184E63C585
:104DF000E700A9476394F5006FF04FF41C422E853D
:104E00001387170018C28CA38280011122CC26CAF6
:104E10004AC84EC652C406CE2A89AE893284B3042B
:104E2000D6007D5A63149400014509A80C204E86D3
:104E30004A85EFF01FFB0504E31645FFF24062448C
:104E4000D2444249B249224A05618280357122CD5D
:104E500026CB4AC94EC706CF52C556C35AC1DEDE5D
:104E6000E2DCAA892E843289B68409C51C4D99E3F7
:104E7000EFF0FFAF97170000938707616318F40402
:104E800003A449007C50858B81EB5E2493F70720B7
:104E900081E7284CEFF07FC65E24A18B99C31C48A4
:104EA000A5E3A2854E85EFF02FF539C97C50858B9F
:104EB000A1C37D55FA406A44DA444A49BA492A4AAC
:104EC0009A4A0A4BF65B665C0D6182809717000078
:104ED000938787596315F40003A4890065B7971772
:104EE000000093876756E31FF4F803A4C90059BF75
:104EF0005E2493F70720D5FF284CEFF03FC055BF45
:104F000093070002A304F1029307000302D22305D2
:104F1000F10226C6930B5002971A0000938ACA58D2
:104F2000294BCA849C2099C3639A7709338C244106
:104F3000638E2401E2864A86A2854E85EFF0FFEC5F
:104F4000FD576306F5189257E2973ED29C20638086
:104F50000718FD571389140002C802CE3ECA02CCBE
:104F6000A309010482D483450900154656853526D8
:104F7000C2479304190029E513F7070109C713076E
:104F80000002A309E10413F7870009C71307B00261
:104F9000A309E104834609001307A0026389E6021E
:104FA000F247CA848146254698209385140013074A
:104FB00007FD6372E60685C63ECE15A085049DB743
:104FC00033055541B397A72826893EC869BF3247A4
:104FD00093064700184336C6634807023ACE982026
:104FE0009307E002631CF70498309307A002631A4A
:104FF000F702B2478904138747009C433AC67D579E
:10500000B3E7E70A3ECA1DA83307E04093E727004D
:105010003ACE3EC8E9B7B3876703AE848546BA97F0
:1050200061B7850402CA8146814725469820938549
:105030001400130707FD6372E606E9F68C200D469F
:10504000171500001305C546892C11CD97170000D0
:10505000938707461D8DC247130700043317A70027
:10506000D98F85043EC88C201946171500001305FA
:105070006544138914002304B102052435C993073C
:10508000000095E74247B2471377071009CF910711
:105090003EC69257D2973ED269B5B3876703AE84B6
:1050A0008546BA9761B79D07E19BA107D5B7780000
:1050B000970600009386A6D522860C084E85970099
:1050C0000000E7000000FD572A8AE314F5FC7C503D
:1050D000858B81EB5E2493F7072081E7284CEFF066
:1050E000FFA15E2493F70704E39507DC1255D9B3BB
:1050F000780097060000938686D122860C084E859C
:10510000F124D1B7411122C42A842E8523A801B4E9
:1051100006C6EF00BEA7FD576316F50083A701B5CD
:1051200091C31CC0B240224441018280411122C47B
:105130002E848395E50006C6012B634905007C4853
:10514000AA977CC8B2402244410182805E24939792
:10515000C7485EA4C5BFDE25011122CC26CA4AC8B5
:105160004EC606CE93F70710AA842E843289B689DC
:1051700091C78395E50089460146DD285E248315A5
:10518000E400F2409397C7485EA46244CE864A8604
:10519000B24942492685D24405611DA8411122C465
:1051A0002E848395E50006C6E1207D575E246319B1
:1051B000E5009397C7485EA4B24022444101828033
:1051C0009397C72868C85EA4C5BF8395E5003DA036
:1051D000411122C42A842E85B285368623A801B4C3
:1051E00006C6EF009E98FD576316F50083A701B52C
:1051F00091C31CC0B240224441018280411122C4AB
:105200002A842E8523A801B406C6A521FD5763165E
:10521000F50083A701B591C31CC0B24022444101EF
:105220008280411122C42A842E85B28523A801B42C
:1052300006C6B121FD576316F50083A701B591C3DA
:105240001CC0B240224441018280411122C42A8400
:105250002E8523A801B406C60D29FD576316F50057
:1052600083A701B591C31CC0B24022444101828092
:10527000411122C42A842E85B285368623A801B422
:1052800006C61129FD576316F50083A701B591C322
:105290001CC0B24022444101828093F5F50F2A964A
:1052A0006314C500014582801C21E38EB7FE05050D
:1052B000C5BF1385C1B36FF05F841385C1B36FF0B1
:1052C000FF83797156CA9C49BA8A984522D44AD03C
:1052D0004ECE52CC06D626D25AC85EC6B3E7E70AEF
:1052E0001CC203C73504AA892E843289368A19C3A1
:1052F00085071CC21C4093F7070291C7832709004A
:1053000089072320F9000440998891E8130B940140
:10531000FD5B5C4403270900998F63CCF404834749
:105320003404B336F0001C4093F70702A5EB1306D4
:105330003404D2854E85829AFD576303F5041C40E0
:1053400011478144998B6399E700832709004444FE
:105350009D8C8147B3E4F40A1C4418486354F70059
:10536000998FBE94014969047D5B639824050145CA
:1053700009A885465A86D2854E85829A631E750194
:105380007D55B250225492540259F249624AD24A8F
:10539000424BB24B456182808504A5BF3307D400E0
:1053A00013060003A301C7040347540493871600A0
:1053B000A2978906A381E7049DBF85462286D285F0
:1053C0004E85829AE30E65FB050945B7797122D4B3
:1053D0004AD04ECE52CC06D626D256CA5AC803C898
:1053E0008501930780072A892E84B289368A63E271
:1053F0000703930720069386350463E10703630CD4
:10540000081C93078005171600001306260B630877
:10541000F814930424042301040515A89307D8F96C
:1054200093F7F70F5546E366F6FE171600001306CE
:10543000660BB3C7C7209C43B29782871C439384F3
:105440002504938647009C4314C32381F5048547B4
:1054500075A290411C43137506089385470029C126
:105460009C430CC3584063DF07129305D002A3018D
:10547000B40418C4635E0702B307F04017160000B7
:105480001306C6032948B68433F70703FD14329781
:10549000182398A03E87B3D70703E37707FF85A0BB
:1054A0009C43137506040CC355DD939757605DBF8D
:1054B0006D9A10C0D1B790411C43137506089385AF
:1054C000470001C50CC39C4331A0137606040CC3EE
:1054D0007DDA9E231307F00617160000130606FE5A
:1054E0006310E80C2148A3010404584018C4E34C9D
:1054F00007F80C40ED990CC0D9F7B68449F7A147DD
:10550000631EF8001C40858B91CB58401C4863C734
:10551000E70093070003A38FF4FEFD14858E14C8E3
:105520005287CE867000A2854A85EFF09FD9FD5A3A
:10553000631A550D7D55B250225492540259F249C6
:10554000624AD24A424B456182809C4193E70702FE
:105550009CC11308800717160000130666F7A30204
:1055600004050C401C4313F8050813854700630528
:10557000080008C39C4339A013F8050408C3E30BD3
:1055800008FE9E2313F7150001C793E505020CC022
:1055900099C3414889BF18401377F7FD18C0D5BF9C
:1055A000294891B717160000130646F1294835BF60
:1055B00090411C43CC4913780608138547006306C5
:1055C000080008C39C438CC339A008C313760604A3
:1055D0009C4375DA8EA323280400B68491B71C433C
:1055E000D04181459386470014C384432685EFF05C
:1055F000DFCA01C5B30795405CC05C401CC8A3016D
:10560000040439BF14482686CE854A85029AE303EE
:1056100055F31C40898B85E74844B2473365F50A4A
:1056200019BF85465686CE854A85029AE30465F100
:1056300085045C443247998FE3C5F4FEF1BF814491
:10564000930A94017D5BF5B7411122C42A842E850B
:10565000B285368623A801B406C6A120FD5763167D
:10566000F50083A701B591C31CC0B240224441019B
:1056700082809307800523A8F1B47D55828093072B
:10568000800523A8F1B47D5582809307800523A867
:10569000F1B4014582809307800523A8F1B47D55BC
:1056A00082809307800523A8F1B47D558280000095
:1056B000F401FA00960064004B0032001E00140052
:1056C00000000000000000000000000000000000DA
:1056D00000000000000000000000000000000000CA
:1056E0009003FEFFA803FEFFCC03FEFFD603FEFFE0
:1056F000EC03FEFFDA06FEFFF606FEFF1207FEFFD2
:105700002E07FEFF4A07FEFF6607FEFF8207FEFF29
:10571000FE006578706572696D656E74616C00007D
:105720004D616E756661637475726572204E616D50
:1057300065000000536F667477617265205265766C
:105740006973696F6E000000486172647761726509
:10575000205265766973696F6E0000004669726D4C
:1057600077617265205265766973696F6E0000001B
:1057700053657269616C204E756D62657200000040
:105780004D6F64656C204E756D626572000000009F
:10579000F008FEFF0209FEFF1209FEFF2209FEFFCC
:1057A0003209FEFF6009FEFF6A09FEFF7009FEFF75
:1057B0007609FEFF7C09FEFF2A20000043483538A9
:1057C000355F424C455F4C49425F56312E340000F4
:1057D000686561642066696C65206572726F722EFF
:1057E0002E2E00004C494220696E69742065727249
:1057F0006F7220636F64653A202578202E2E2E0A62
:10580000000000004F54412053656E6420436F6DCB
:1058100070200D00496E697469616C697A65642E47
:105820002E0000004164766572746973696E672E9C
:105830002E000000436F6E6E65637465642E2E202B
:105840000000000053656E64205570646174650D3E
:1058500000000000436F6E6E6563746564204164F0
:10586000766572746973696E672E2E00446973637E
:105870006F6E6E65637465642E2E00004572726FE4
:10588000722E2E00060DFEFF1A0DFEFF6C0DFEFFA0
:10589000240DFEFF620DFEFF940DFEFF70726F6619
:1058A000696C65204368616E6765434220434841E7
:1058B00052312E2E0000000070726F66696C6520F8
:1058C0004368616E676543422043484152332E2E40
:1058D0000000000045524153453A25303878206E8B
:1058E000756D3A25640D0A00455241534520436FBA
:1058F0006D706C6574650D004941505F50524F4D9D
:105900003A2025303878206C656E3A2564200D0ADF
:10591000000000004941505F50524F4D20657272A7
:10592000200D00004941505F45524153452073749A
:105930006172743A25303878206E756D3A25640DA1
:105940000A0000004941505F5645524946593A20E5
:1059500025303878206C656E3A2564200D0A0000E9
:105960004941505F56455249465920657272200D93
:10597000000000004941505F454E44200D000000EA
:105980004941505F494E464F200D0000EA0FFEFF8F
:105990003E10FEFFA410FEFFFA10FEFF2611FEFFD0
:1059A0000438FEFF8438FEFF8438FEFF5838FEFFBF
:1059B000A237FEFFA237FEFFA237FEFFA237FEFF8F
:1059C000A237FEFF6238FEFF7A38FEFF9E3AFEFFE6
:1059D000BE3AFEFF5A37FEFF5A37FEFFC63AFEFFB9
:1059E0005A37FEFF5A37FEFF5A37FEFF5A37FEFF7F
:1059F000B23AFEFF1A3BFEFF203BFEFF5A37FEFF86
:105A00005A37FEFF403BFEFF483BFEFF503BFEFF88
:105A1000663BFEFF5A37FEFF5A37FEFF5A37FEFF3E
:105A20005A37FEFF5A37FEFF5A37FEFF5A37FEFF3E
:105A30005A37FEFF5A37FEFF5A37FEFF5A37FEFF2E
:105A40005A37FEFF5A37FEFF5A37FEFF5A37FEFF1E
:105A50005A37FEFF2C3BFEFF343BFEFF7A3BFEFF36
:105A60005A37FEFF5A37FEFF183AFEFF3848FEFF4E
:105A7000B247FEFF3048FEFFAE47FEFFB247FEFFD3
:105A80002448FEFFB247FEFFB247FEFFB247FEFFCB
:105A9000B247FEFFB247FEFF3C48FEFFB247FEFFA3
:105AA0002448FEFF604EFEFF564EFEFF5C4EFEFF9A
:105AB0007C4EFEFF804EFEFF844EFEFF8E55FEFFA5
:105AC0002256FEFF5256FEFFD856FEFFBC55FEFF83
:105AD000BC55FEFFBC55FEFFBC55FEFFE856FEFF61
:105AE000F056FEFF2257FEFF7658FEFFA658FEFF37
:105AF0009258FEFFB058FEFF8E5BFEFF2A5CFEFF51
:105B0000385CFEFF465CFEFF5E5CFEFF6E5CFEFFE7
:105B1000565BFEFF7C5CFEFF905CFEFFF25FFEFFCB
:105B20000C60FEFF8660FEFF1C60FEFF8660FEFFCD
:105B30008660FEFF8660FEFF3E60FEFF8660FEFF21
:105B40008660FEFF8660FEFF6260FEFFF271FEFF70
:105B50002A72FEFF4672FEFF5472FEFF0A7EFEFFAF
:105B6000927DFEFF3C7EFEFF927DFEFF487EFEFFA3
:105B7000927DFEFF027FFEFF927DFEFF9C7FFEFF77
:105B8000927DFEFFA87FFEFF927DFEFFB47FFEFFA9
:105B9000927DFEFF927DFEFF927DFEFFC47FFEFFA1
:105BA000927DFEFFDA7FFEFFC61C0200A6BB00004E
:105BB000FA1C0200AEC700006A1D020080C7000088
:105BC000141E020052C700009E1E0200B0D1000049
:105BD000E81E0200B0D10000201F020012D1000018
:105BE000141E020008C70000B81F020092C900007E
:105BF0000000000000000000F21F020034CA000094
:105C0000562002001EBC0000FCA3FEFFFCA3FEFF0A
:105C10007EA4FEFF7EA4FEFF1EA4FEFF7EA4FEFF68
:105C200052A4FEFF7EA4FEFF66A4FEFF7EA4FEFF3C
:105C30006EA4FEFF76A4FEFF7EA4FEFF26A4FEFF58
:105C40000101020102010102010104040601040133
:105C50000101010104010201010000000101020132
:105C60000201010201020404060104010101010113
:105C70000404020104000000BCB0FEFFD0B0FEFF2F
:105C80000EB1FEFF28B2FEFF30B2FEFF70B2FEFF83
:105C9000A8B2FEFFE2B2FEFF14B3FEFFCAB1FEFFE0
:105CA00048B3FEFFB8B3FEFF1CBFFEFF1CC5FEFFDE
:105CB000C6C1FEFF26C2FEFFFCC4FEFF36C3FEFFC8
:105CC00076C3FEFFB0C3FEFFE6C3FEFF20C4FEFFA7
:105CD0001CC5FEFF62C4FEFFD4C4FEFF000000002E
:105CE000000000000000000000000087070B0D11FD
:105CF00013171D1F25292B2F353B3D4347494F5374
:105D00005961FF0036F5FEFFBCF3FEFF42EFFEFFD8
:105D1000BCF3FEFF36F5FEFFC8EFFEFF461DFFFF9A
:105D2000321DFFFF2E1DFFFF2E1DFFFF2E1DFFFF4B
:105D30002E1DFFFF541DFFFF2E1DFFFF5C1DFFFFEB
:105D40002E1DFFFF2E1DFFFF2E1DFFFF801DFFFFDD
:105D50002E1DFFFF2E1DFFFF2E1DFFFF2E1DFFFF1F
:105D6000901DFFFFC42CFFFFDE2CFFFFDE2CFFFF8A
:105D7000E22CFFFFDE2CFFFF182DFFFFDE2CFFFFC4
:105D80003C2DFFFFDE2CFFFFDE2CFFFFDE2CFFFF94
:105D9000502DFFFFDE2CFFFFDE2CFFFF642DFFFFE9
:105DA000DE2CFFFFDE2CFFFFDE2CFFFFDE2CFFFFD3
:105DB000DE2CFFFF782DFFFF36880100E2980100FE
:105DC000E088010036990100FE8801007489010015
:105DD0009A890100D489010060980100E0970100D0
:105DE000F88A01001C8B0100828B010040790100C0
:105DF000589701007C960100569C0100E079010053
:105E0000148C01005E8C0100029C0100A49B010027
:105E1000888C01003A8E01009C8F010014900100D3
:105E2000D87A01002A9D0100D69401003690010025
:105E30006C9001002E9D0100329D0100369D0100F5
:105E40003A9D0100629A0100A89001007291010040
:105E50003E9D0100529C01001C9201009E94010095
:105E6000C29201000AA70100669E01005A9D01002E
:105E7000A0A4010072A4010046A401000CA401002A
:105E8000E0A30100DEA40100E2A40100D09F010014
:105E9000E6A40100A2A30100EAA4010080A301007E
:105EA000EEA4010040A3010030A30100FAA201000A
:105EB000F2A40100DAA20100F6A40100FAA4010094
:105EC000FEA4010078A201005E9D0100729D010008
:105ED00002A5010006A501000AA501000EA501000A
:105EE00012A501001EA20100A8A1010016A5010033
:105EF0001AA501001EA5010022A5010040A1010074
:105F0000D6A40100DAA40100EC9E0100049E010069
:105F1000A29D0100769D0100D252FFFFEE52FFFFCD
:105F20004A52FFFF4A52FFFF4A52FFFF2A53FFFF28
:105F30002A53FFFF4A52FFFF4A52FFFF4A52FFFF18
:105F40004A52FFFF3654FFFF4A52FFFF4A52FFFFFB
:105F50004A52FFFF4A52FFFF4A52FFFFBA50FFFF6B
:105F60004A52FFFF4A52FFFF4A52FFFF3C54FFFFD5
:105F7000D050FFFF4A52FFFF3C54FFFF4A52FFFF41
:105F80004A54FFFFD852FFFFDE51FFFFE452FFFFEC
:105F9000DE51FFFFDE51FFFFDE51FFFF2453FFFF05
:105FA000DE51FFFFDE51FFFFDE51FFFF7E53FFFF9B
:105FB000DE51FFFFE452FFFFDE51FFFFDE51FFFF26
:105FC0004C53FFFFDE51FFFFDE51FFFFDE51FFFFAD
:105FD0009E53FFFFDE51FFFFDE51FFFF1250FFFF18
:105FE000DE51FFFFDE51FFFFDE51FFFFDE51FFFFFD
:105FF000FA52FFFFDE51FFFF1E53FFFF43483538C3
:10600000355F424C455F4C49425F56312E342E3449
:1060100000000000C279FFFF007AFFFF147AFFFF43
:10602000AC79FFFF1C7AFFFF247AFFFF2A7AFFFF7B
:10603000307AFFFF409EFFFF529EFFFF5C9EFFFFF6
:10604000629EFFFF689EFFFF7E9EFFFF869EFFFF12
:106050008C9EFFFF949EFFFF9A9EFFFFA09EFFFF76
:10606000A69EFFFFAC9EFFFFB89EFFFFBE9EFFFFF8
:10607000C49EFFFF069FFFFFCA9EFFFFD09EFFFF4B
:10608000D69EFFFFDC9EFFFFE89EFFFF069FFFFFFF
:10609000069FFFFF069FFFFF069FFFFF069FFFFF74
:1060A000069FFFFF069FFFFF069FFFFFF09EFFFF7B
:1060B000E29EFFFF069FFFFFF69EFFFF009FFFFF90
:1060C0002CA4FFFF44A4FFFF6CA4FFFF82A4FFFFEA
:1060D00096A4FFFFB4A4FFFFD2A4FFFFE2A4FFFF3A
:1060E000FEA4FFFF14A5FFFF36A5FFFF4CA5FFFF91
:1060F00060A5FFFF76A5FFFF8AA5FFFF9AA5FFFF1A
:10610000B6A5FFFF56A7FFFF6AA7FFFF80A7FFFF07
:106110009EA7FFFF06A9FFFFDEA7FFFFD8A5FFFF91
:10612000F4A7FFFF04A8FFFF30A6FFFF30A6FFFF84
:10613000EEA6FFFFF8A6FFFF0CA8FFFFBAA7FFFF20
:106140001CA8FFFF94A8FFFFD6A8FFFF32ABFFFFFC
:1061500002A9FFFF02A9FFFF8EAAFFFF7AA9FFFF96
:10616000CCA8FFFF2AABFFFF02A9FFFF3AAAFFFF5F
:10617000C4AAFFFF02A9FFFF02A9FFFF02A9FFFFB8
:1061800002A9FFFF02A9FFFF02A9FFFF02A9FFFF6B
:1061900002A9FFFF02A9FFFF02A9FFFF3EA9FFFF1F
:1061A000ACACFFFF6AADFFFF44ADFFFFA0ADFFFF4A
:1061B000A0ADFFFF2EAEFFFF6CAEFFFF6AADFFFF8D
:1061C0006AADFFFF6AADFFFF6AADFFFF6AADFFFF7B
:1061D0006AADFFFF6AADFFFF6AADFFFF6AADFFFF6B
:1061E0006AADFFFF6AADFFFF6AADFFFF8CAEFFFF38
:1061F0008CAEFFFF6AADFFFF6AADFFFF6AADFFFF28
:106200006AADFFFF6AADFFFF6AADFFFFDEAEFFFFC5
:10621000DEAEFFFFF2B2FFFFFAB2FFFF1AB3FFFFDD
:1062200026B3FFFF2EB3FFFF36B3FFFF3CB3FFFFE4
:1062300044B3FFFF4CB3FFFF52B3FFFF58B3FFFF60
:1062400060B3FFFF66B3FFFF6CB3FFFF72B3FFFFE6
:10625000AAB3FFFFAAB3FFFF78B3FFFF80B3FFFF2E
:1062600086B3FFFF8CB3FFFF92B3FFFF9AB3FFFF2C
:10627000A4B3FFFF86B3FFFFA2B3FFFFB6B3FFFFD8
:10628000A2B5FFFFCEB3FFFF22B4FFFF36B4FFFF7E
:106290004AB4FFFF60B4FFFF76B4FFFF86B4FFFF90
:1062A0009CB4FFFFA2B5FFFFB2B4FFFFA2B5FFFF92
:1062B000A2B5FFFFC2B4FFFFE4B4FFFF06B5FFFFC6
:1062C00018B5FFFF24B5FFFF36B5FFFF72B5FFFF1E
:1062D000FB349B5F80000080001000000000000085
:1062E00010BEFFFF04BEFFFF10BEFFFF00BEFFFF9A
:1062F00010BEFFFF00BEFFFF10BEFFFF00BEFFFF8E
:1063000010BEFFFF08BEFFFF10BEFFFF00BEFFFF75
:1063100010BEFFFF10BEFFFF00BEFFFF00BEFFFF6D
:1063200000BEFFFF0CBEFFFF0CBEFFFF00BEFFFF65
:1063300000BEFFFF00BEFFFF10BEFFFF00BEFFFF5D
:1063400010BEFFFF00010202030303030404040460
:1063500004040404050505050505050505050505F1
:1063600005050505060606060606060606060606D1
:1063700006060606060606060606060606060606BD
:1063800006060606070707070707070707070707A1
:10639000070707070707070707070707070707078D
:1063A000070707070707070707070707070707077D
:1063B000070707070707070707070707070707076D
:1063C0000707070708080808080808080808080851
:1063D000080808080808080808080808080808083D
:1063E000080808080808080808080808080808082D
:1063F000080808080808080808080808080808081D
:10640000080808080808080808080808080808080C
:1064100008080808080808080808080808080808FC
:1064200008080808080808080808080808080808EC
:1064300008080808080808080808080808080808DC
:10644000080808080000000000000000000000002C
:10645000000000000000000000000000000000003C
:10646000000000000000000000000000000000002C
:10647000000000000000000000000000000000001C
:10648000000000000000000000000000000000000C
:1064900000000000000000000000000000000000FC
:1064A00000000000232D302B20000000686C4C0001
:1064B000656667454647000030313233343536373C
:1064C0003839414243444546000000003031323300
:1064D0003435363738396162636465660000000020
:1064E0005CEFFFFF72EFFFFF32EFFFFF32EFFFFFC6
:1064F00032EFFFFF32EFFFFF72EFFFFF32EFFFFFE0
:1065000032EFFFFF32EFFFFF32EFFFFFD0F0FFFF70
:10651000D6EFFFFF6AF0FFFF32EFFFFF32EFFFFF22
:10652000FEF0FFFF32EFFFFFD6EFFFFF32EFFFFF7E
:0865300032EFFFFF72F0FFFFE4
:10653800885C0000105C0000000000000200000001
:106548009043002001000000F042002002000000FB
:10655800884300200100000084420020020000005F
:10656800F842002003000000A643002002000000BB
:106578008443002001000000B83E00204F54412011
:106588004368616E6E656C00465D000000000000A7
:1065980000000000020000009043002001000000FD
:1065A8000043002002000000884300200100000092
:1065B800974200200200000028430020010000004C
:1065C800AC430020020000008843002001000000C6
:1065D8009642002002000000244300200100000031
:1065E80080570200020000008843002001000000DC
:1065F8009542002002000000204300200100000016
:1066080070570200020000008843002001000000CB
:1066180094420020020000001C43002001000000FA
:106628005C570200020000008843002001000000BF
:1066380093420020020000001843002001000000DF
:1066480048570200020000008843002001000000B3
:1066580092420020020000001443002001000000C4
:1066680034570200020000008843002001000000A7
:1066780091420020020000001043002001000000A9
:10668800205702000200000088430020010000009B
:1066980090420020020000000C430020010000008E
:1066A800105702000200000088430020010000008B
:1066B8008F42002002000000084300200100000073
:1066C80088420020565F0000C45E00000000000001
:1066D8000200000090430020010000003043002029
:1066E8000200000088430020010000009C420020B6
:1066F800020000004843002003000000C3430020BC
:106708000200000084430020010000006C410020CA
:106718000200000088430020010000009B42002086
:10672800020000004443002001000000C243002092
:1067380002000000844300200100000058410020AE
:106748000200000088430020010000009A42002057
:10675800020000004043002002000000C143002066
:106768000200000084430020010000004441002092
:106778000200000088430020010000009942002028
:10678800020000003C43002000000000C04300203D
:10679800020000008043002003000000BC430020EA
:1067A8000200000084430020010000003041002066
:1067B80002000000884300200100000098420020E9
:1067C800020000003843002004000000B443002009
:1067D8000200000084430020010000001C4100204A
:1067E80043686172616374657269737469632035A3
:1067F80000000000436861726163746572697374B4
:106808006963203400000000436861726163746545
:106818007269737469632033000000004368617211
:1068280061637465726973746963203200000000E3
:106838004368617261637465726973746963203156
:106848000000000068650000000000000000000073
:1068580053696D706C652050657269706865726106
:106868006C00000000000000120973696D706C650F
:10687800205065726970686572616C051206000CBB
:1068880000020A0000000000C6B20000E2B30000E7
:10689800000000000000000070BD000000000000C3
:1068A800020000009043002001000000D4420020B4
:1068B800020000008843002001000000E14200209F
:1068C800020000005C4300200000000000000000FF
:1068D80002000000804300200300000000000000C8
:1068E8000000000084640200646402004464020042
:1068F8000000000000000000000000000000000090
:10690800000000000000000000000000000000007F
:10691800000000000000000000000000000000006F
:10692800000000000000000000000000000000005F
:10693800000000000000000000000000000000004F
:1069480000000000386700200E00000001D7070093
:1069580000100102020202020202020202100802F0
:106968000A0000005C650000E26A0000246600007E
:106978000201060302E0FFFFFF000000C3812F01B0
:1069880002020201020000005000A0000000E8031B
:1069980002080202020200000200000094430020E4
:1069A8000100FFFFFF2001010102100501010000A5
:1069B8001C42002002000000FC420020E1FE000012
:1069C800E0FE0000020000002C430020502A0000D6
:1069D8002A2A0000292A0000282A0000272A000065
:1069E800262A0000252A0000242A0000232A000065
:1069F8000A180000020000004C430020E5FF0000D8
:106A0800E4FF0000E3FF0000E2FF0000E1FF0000F8
:106A1800E0FF0000FFFFFFFF020000009843002096
:106A2800052A0000882B0000A62A0000C92A0000B9
:106A3800042A0000032A0000022A0000012A00009C
:106A4800002A000002290000012900000328000094
:106A580001280000002800000118000000180000AC
:046A68001C420020AC
:0400000300001000E9
:00000001FF
