:040000006F20801BD2
:100004000000000000000000A00000208007002085
:10001400A9BDF9F3FC01002000000000000000006D
:10002400FC010020A00000200000000000000000EF
:10003400A000002000000000A0000020000000003C
:10004400A0000020A0000020A0000020A0000020AC
:10005400A000002000080020A000002000000000F4
:10006400A0000020A0000020A0000020A00000208C
:10007400AC080020A0000020A0000020A000002068
:10008400A0000020A0000020A0000020A00000206C
:10009400A0000020A0000020A0000020A00000205C
:1000A40001A0B7170040984B41111367070198CB83
:1000B400982B1377E70F98AB1307800873370780E3
:1000C400137787083AC60F100000130770052380C2
:1000D400E704130780FA2380E7040F100000B847F1
:1000E400B70600069506558FB8C703C7B70413773C
:1000F400F70DA385E704B82713672701B8A71307EB
:1001040050149AA7372700408346578093F6F60E7B
:10011400A302D7808946A303D78003C7E7041377D4
:10012400C70F136717002387E70403C7F702136792
:100134002700A387E702982B1367170098AB238047
:100144000704B247F3A707800F1000004101828023
:10015400EFF03FF513050020970500009385450A4D
:10016400172600001306460563FAC500832205001E
:1001740023A0550011059105E3EAC5FE17D501E05A
:100184001305057B9725000093854503138601839A
:1001940063FAC5008322050023A0550011059105CB
:1001A400E3EAC5FE1385018397550000938505C3D3
:1001B4006377B500232005001105E36DB5FE9302B6
:1001C4005002739002BC8D427390428085427390BA
:1001D40012BC93028008739002309702000093824D
:1001E40062E293E2320073905230974200E09382CD
:0C01F40062B773901234730020300000DA
:100200009305000273A04580824573901534924097
:100210002242B2424243D2436244F24402559255D2
:100220002256B2564257D2576258F258064996495A
:10023000264AB64A464BD64B664CF64C065D965D52
:10024000265EB65E465FD65F096173002030BD66EC
:1002500001471746000013062632938606A68545F9
:100260008347060093F7F70F91C382800507E3F9F0
:10027000E6FE974700002381B730DDB77D166206A2
:10028000618693178601E18763D407000145828068
:10029000931726003307F500AE9718439C4363E796
:1002A000E7007D16E37FF7FC7D558280054582805F
:1002B000FD15E205E18513978501618793F7F50F39
:1002C00063480700FD15139725002A97584365D703
:1002D000138517006205618582803308B5021C42D0
:1002E00083A80600B335B502C29733B50701AE98AF
:1002F000469585486367B5006394A50063E30701ED
:1003000081480C43C6950CC388C21CC282808147B9
:100310001397870161876343B70082801397270093
:100320002A97232007008507E5B781470147939661
:100330008701E18663C5B600133517008280939666
:100340002700AA9694428507558FD5B793D7554075
:100350008A07AA979C4305453315B5007D8D828099
:10036000172300E0E702E3EC2A84993705C59317C9
:1003700025003E940327C4FF814711EB7D15160528
:100380003E9542054185172300E06700C3EC0583D5
:100390008507E5B70145C5BF814713978701618789
:1003A0006343C700828013972700B386E500944219
:1003B0002A97850714C3D5B77D1662066186014763
:1003C00093178601E18763D50700133517008280F4
:1003D00093172600B306F500AE9794429C437D1612
:1003E000B58F5D8FF1BF8A05AA9501476363B5009C
:1003F000828083A6C5FFF11593D71600D98F9CC1C3
:100400001397F601E5B72A83014801470145634385
:10041000D7008280B387050183A80700B3070601D0
:100420009C43C697AA976384F80033B51701050764
:10043000B3080301620723A0F80061871108C1BF58
:100440002A8301478147014563C3D70082803388EF
:10045000E50083280800330EE600032E0E003388E3
:10046000A8403308C8416384080133B508018507F3
:10047000B308E300E20723A00801E1871107E9B709
:10048000172300E0E702E3DA0111B286B2842E8678
:10049000AA850A8575372A84A6850A857935333475
:1004A0008000060413351500018D0561172300E057
:1004B000670063DA172300E0E70223D54111AA8918
:1004C000AE8A328BB68402C202C402C60144131C37
:1004D0008401135C8C4163499C02939B1400FD1BB7
:1004E0000549138CF4FFF15C3304890162046184D3
:1004F000634D740592478E04CE9423AEF4FE410101
:10050000172300E06700E3D313192400B30B2B017A
:10051000014A93172A00D69783A50B0088437800D9
:10052000340050005D3B050A93178A01E187F11BF7
:10053000E351FCFE92474E9905042320F900A2479F
:100540003EC2B24702C63EC459B7131A8901135AB4
:100550008A41131D240093178A01E18763CF970016
:1005600092470A044E941CC0A24705091379F90F5B
:100570003EC2B24702C63EC485BFB3079A031315F5
:100580002A0056950841780034005000050AEA9781
:10059000DA978C439933C1B74111B7170040985F80
:1005A0003AC6945F3247E39CE6FE324541018280C1
:1005B000B7F70700DC53411123A8F182B7170040B9
:1005C000984B1367070198CB982B1377E70F98ABDD
:1005D0001307800873370780137787083AC60F1010
:1005E0000000130770052380E704130780FA2380B7
:1005F000E7040F1000001307000C6315E5029A27AB
:100600001367070C9AA7B7170040982B13671700BA
:1006100098AB23800704B247F3A707800F100000B0
:1006200041018280B82793760520ADCA118B29E35A
:1006300003C7E70403C6E7041377F70F1366360012
:100640002387C704B02713664600B0A792278E27DA
:100650003346060893E5050C8EA7A5470100FD1754
:1006600093F7F70FE5FFB717004092A72387E7043A
:1006700093770510DDC3371700403C2793E7070148
:100680003CA79377F50199EFB727004003C7578040
:1006900013670701A382E7801D470DA0136727009A
:1006A000B8A7F9B725476366F704B727004003C723
:1006B00057801377F70EA382E7800547A383E7806F
:1006C00033450508B71700401367050C9AA78AA79A
:1006D000B5CE03C7570483C65704418B858A558F0F
:1006E0001DF3B82B418B05D3B8271377D70FB8A7C5
:1006F00019BF9377050199EBB727004003C75780CF
:100700001377F70EA382E78009474DBFB727004054
:1007100003C757801377F70EB5BF9377850181EF35
:10072000B727004003C757801377F70EA382E780EF
:100730001307100561B7B727004003C75780137729
:10074000F70EA382E780130770058DBFB8271377D4
:10075000B70F71BF37E700E01C435443A183E206A3
:10076000D58F1CC1FD572320F7182322F71882804C
:1007700013178500B7E700E023A0E710618123A2EB
:10078000A710828041118146014681451145FD2A0D
:1007900013078008F337078093F787083EC40F10CC
:1007A0000000B7170040130670052380C7049306A6
:1007B00080FA2380D7040F100000FD55CEB72380A8
:1007C0000704A245F3A505800F10000073370780CA
:1007D000137787083AC60F1000002380C7042380D0
:1007E000D7040F10000003C76704136717002383A3
:1007F000E70423800704B247F3A707800F10000027
:1008000001A00000197106C212C416C61AC81ECA79
:1008100022CC26CE2AD02ED232D436D63AD83EDAC0
:1008200042DC46DECAC0CEC2D2C4D6C6DAC8DECAF0
:10083000E2CCE6CEEAD0EED2F2D4F6D6FAD8FEDAA0
:100840009385C1838841E700050092402242B2426D
:100850004243D2436244F244025592552256B25664
:100860004257D2576258F25806499649264AB64A24
:10087000464BD64B664CF64C065D965D265EB65EE4
:10088000465FD65F0961730020304111B717004001
:10089000985F3AC6945F3247E39CE6FE32454101D9
:1008A0008280B7E700E03707001023A0E7208280AE
:1008B000B7170040130700032388E702854723A2E8
:1008C000F18473002030411106C6EF00B010F5BF6F
:1008D0002303048015472303E48001002302A4803E
:1008E000828083076480E3CE07FE23030480828036
:1008F00083076480E3CE07FE03454480828083073C
:100900006480E3CE07FE2302A4808280411126C4C6
:100910004AC24EC006C61377F50BAD47AA892E8989
:1009200095446306F70019456537653F8D444E854C
:100930004537FD59FD1463983401B240A244124971
:10094000824941018280135509011375F50F453F16
:100950002209CDB7011126CC06CEB70408005137C5
:100960001545BD37713769372AC6A53F324593779C
:10097000150089EB136515001375F50FF240E2447D
:1009800005618280FD14E9FC0145CDBF3971B7F7DF
:10099000070006DE26DC4ADA4ED852D656D45AD2A2
:1009A0005ED062CE03AB47027D57B7E700E083AA73
:1009B000070022C603AA470023A0E71823A2E718CE
:1009C000B71B0040930770052380FB04930780FA50
:1009D0002380FB0483C74B041147AA8993E7070EC2
:1009E0002382FB04372400401305F00F2303E48027
:1009F0002E8C3289B684E93DED35938779FF93F7E4
:100A0000F70F0947137BFB006362F712A147370713
:100A100008006307FB00B70707003E9C3787070005
:100A20007955637EEC02B3878401636AF702A947B4
:100A30006398F90689E481446D3526850DA0E28529
:100A40000945E93505090345F9FFFD14050C453D48
:100A500081C49377FC0FFDF7F53D69FD7D55B71710
:100A60000040130770052380E704130780FA2380F2
:100A7000E70403C74704418B2382E704F250B7E73A
:100A800000E023A0571123A24711E25432445259E7
:100A9000C259325AA25A125B825B724C2161828027
:100AA000A547639AF906A1478569631DFB029387F1
:100AB000F9FFB3869700B374FC00B69493C7F7FFB1
:100AC000FD8C33FC8701416B856B9387F9FFB3F78E
:100AD000870199E363FF340193D94900C147E3E6F5
:100AE00037FF91BF9307F00FE9B78567C169FD171D
:100AF000C9B71305800D638869011305000263847B
:100B0000790113051008E2851135A93521D94E9CCC
:100B1000B3843441C1B7E2852D45CD3BCA94E30C83
:100B200099F00509F133A30FA9FED5BF9387F9FF0B
:100B300093F7F70F636FF70AA1476319FB06B7072F
:100B400008003E9C83C75B043707070093F7070242
:100B500099E337870700B70708003E977955E37098
:100B6000ECF0B3079C00E36CF7EE8947639AF90455
:100B70008980D549E38104ECE2850945413B1109AF
:100B80000327C9FF91472320E48003076480E34ED5
:100B900007FE23033481FD17EDFBFD14110C81C406
:100BA0009377FC0FE9FF7D3371F54DBD83C75B047F
:100BB0003707070093F70702D5F33787070079BF98
:100BC0008547E384F9F2E2852D4589339389F4FF63
:100BD000E38304E6313B93F7390091EB83260480ED
:100BE0000327090093074900E398E6E43E89CE8491
:100BF000F1BFB5476396F9001305900BD13925BDB8
:100C0000B1471305B00AE38BF9FE99476394F904E1
:100C1000A1476315FB00B70708003E9CE2852D4500
:100C2000F53181440D4BA149E1316396640183277D
:100C300004802320F9008504E39834FF832704808F
:100C400013172C01635507002312F900EDB323227B
:100C5000F900D5B39D476399F90281451305B004A6
:100C60007531BD442320090023220900FD59493173
:100C700093F77400CA9703C70700FD14398D2380CA
:100C8000A700E39634FF45BB91476399F90013052C
:100C900060063D39B931130590098DB7E38D09D848
:100CA000F15459BB23AC05FE1C4199E30CC1828071
:100CB0003E8783A787FFEDFF232CB7FE828041117B
:100CC00026C2B7E400E04AC003A90400B707200029
:100CD00006C622C43379F90023A0F4180F100000CF
:100CE00009E523A02411014535A09565938505D01C
:100CF000C98D2A842105B3C5050833450508EF00D1
:100D0000305965D1FD572320050042A17CA123A0C5
:100D100024112105B24022449244024941018280BB
:100D20004111B7E700E04AC003A9070026C2370710
:100D3000200006C622C4AA843379E90023A0E7185C
:100D40000F10000083A7C1850144014685E301C857
:100D5000A2851385C185976001E0E780E00CA1655D
:100D60002685976001E0E780E03E0DA003C7E7FF1E
:100D70006319970205CCA2851385C185976001E0B0
:100D8000E780800AA1652685EF10A00BB24022857E
:100D90002244B7E700E023A0271192440249410111
:100DA000828011E03E8683A787FF4DB73E84E5BF72
:100DB00037E700E01C43B70620002320D718F58F43
:100DC0000F10000019C191C111E637E700E02320A0
:100DD000F71082802E960F70B650D5BF37E700E02F
:100DE0001C43B70620002320D718F58F0F100000F2
:100DF00001C53307C50011E637E700E02320F710EF
:100E000082800505A30FB5FEE31DE5FEF5B737E7C4
:100E100000E01C43B70620002320D718F58F0F10E1
:100E2000000001C599C1014711EA37E700E023201E
:100E3000F710054582800507E309E6FE3308E50063
:100E4000B386E500034808009422E306D8FE37E79E
:100E500000E02320F7100145828037E700E01C43C3
:100E6000B70620002320D718F58F0F1000001307B6
:100E7000F6FFBA952A966317C50037E700E02320EE
:100E8000F71082809821FD150505A30FE5FEE5B753
:100E900037E700E01C43B70620002320D718F58F62
:100EA0000F10000001C53307C50019E637E700E061
:100EB0002320F7100145828014210505E398B6FE32
:100EC000E31CE5FE37E700E02320F71005458280AC
:100ED000797126D29384418722D4804006D64AD0A5
:100EE0004ECE52CC56CA5AC85EC662C44DC437C92B
:100EF000C901814B138BC1861309F937174A0000CA
:100F0000130ACAB5974A0000938ACAB297490000EB
:100F10009389C9B93E2099EF5C44639A0B009CC049
:100F2000032CC4002285EF001043628489A823A605
:100F3000FB00FDB783270B0082971C443307F54065
:100F40006376F50003A789001D8F2A976368E90679
:100F50002E200820EF00F06E5C405844A9CB0C44D2
:100F600017460000032606B5AE97BE8663E4B700B9
:100F700063E4C700B386C74014C4A28B3A8459F80F
:100F800017470000032707AC894763E6E700974748
:100F9000000023A907AAB250225492540259F249E0
:100FA000624AD24A424BB24B224C456182806394E2
:100FB0000B0098C0B5B723A6EB009DB703274A02E4
:100FC0001DCB63EDA7023385A7401C2099EF034793
:100FD0009A0183A689006117B307A7003E8563E4E1
:100FE000E70063E4D7003385D74083A70A01637421
:100FF000F50023A8AA00A28B404451B703A789009B
:10100000BA97D1B7011126CA06CE9744000093843F
:10101000E4A922CC4AC84EC652C49C288844D9CFE1
:10102000B7E700E003A907003707200023A0E7186F
:101030003379E9000F10000003C7418619CB23A0C4
:101040002711F2406244D2444249B249224A056122
:101050008280174700001307A7B18357C70AA1CBA7
:101060009C440324870A6304F4049749000093898D
:10107000699C03A709012285630BF702138AC186C5
:1010800083270A0082976368A40C83270A00098CCF
:10109000829783A7090198443354F40AB307A40044
:1010A0003E8563E4870063E4E7003385E740B7E704
:1010B00000E023A027119C44639BA7021744000073
:1010C00013044497184883A7C1866319A708829719
:1010D0009444374736FE130707C83697B307A7006F
:1010E0003E8563E4E70063E4D7003385D7401744C7
:1010F00000001304E4CA5C5C89CB83A6C18C9C46C7
:101100003707CDFF7D17F98F9CC611E188448547CD
:101110005CD09747000083A7A796829715E15C5C97
:1011200099CF5C5089CF979001E0E780A0DF97903E
:1011300001E0E780A0B29747000023A507C8493B1C
:101140005C5CE38007F003A7C18C1C47B706330043
:10115000D58F1CC7FDB59C443E9405BF82971448AB
:101160009844B387A6003E8563E4D700E3E1E7F83F
:101170003385E740ADBF23A0A18601C58547238203
:10118000F1868280AA8799E51747000003470793F5
:1011900009C7D5B711476369B700174700001307A0
:1011A000A78FB3C5E5209CC1828083A7018681CF2C
:1011B000411106C6829783C7418699E323A0018621
:1011C000B2404101828083C7418681E723A0018626
:1011D00082808280411122C426C206C64AC097443A
:1011E00000009384E4BB83C7340217440000130457
:1011F000A48AB9C3174400001304C48313898187E8
:10120000032709001C2014300146B3A5E7208E21D6
:10121000A5C911C21CA00820636BD5069747000022
:10122000238A078083A7C186C5E7B240224492443F
:1012300002494101828082971C40F5FF97470000D8
:1012400083C7C78799EFDC48858B81CFD84C9947F6
:10125000631DF7009747000023AE07B49D215C444F
:1012600082971C44C1DB829771B7D84C9D47E31A23
:10127000F7FE9747000023AF07B2A1211C48CDB766
:10128000850793F7F70F0546E3E1D7F861B73327F2
:10129000E5200E23231007002393018683A70187EF
:1012A000B347F5209C4382971C208326090003D76F
:1012B00061863377E540B3A6D7209222518F9AA258
:1012C00099C385071CA018201C30E360F7F6B9B756
:1012D0009737000083A7077E1CC8DD3E83C7340212
:1012E000A9F783C7140299CBDC4C89EB9747000020
:1012F000A38807AC979001E0E78020A29737000011
:1013000083A707789DD31C488DD318308326090006
:10131000814763C7E702D84C9147E3E8E7F0974776
:10132000000083C76783918BE39107F083C74186F1
:10133000E39D07EE2244B240924402494101D9B1F3
:1013400033A6D7201222E31206EE8507D9B7B7C716
:1013500000401387C72014431396264910C3010089
:10136000010093878726173500000325656E9C438F
:101370006A0514C393C7F7FF99835D8D8280173682
:1013800000001306A67A973600009386267CDC368A
:10139000383E4C4ABA97FD8B33D7F5001CB2DCB609
:1013A000058B0DE7943A13050002B3F7D702814687
:1013B00033D8E548630908006394D70018B28280E7
:1013C000850693F6F60F0507E314A7FE8280011148
:1013D00026CA83A7C18606CE22CC4AC84EC652C4AE
:1013E000829797340000938464769844AA870145D5
:1013F000630DF70463E3E706998F173900001309BB
:10140000E97293F9F70113D457008347A901636A7E
:10141000F402173A0000130A6A6995370347A901D5
:101420008C4403268A0093175700AE97198CBE860A
:1014300063E4B70063E4C700B386C74094C4E37EA7
:10144000E4FC1315540033653501F2406244D24484
:101450004249B249224A056182809736000083A63C
:1014600066653387E640BA9749BF0000EFF0FFD3C7
:101470007300000000000000938241860383020095
:1014800023800200630F0300F32510342EC097055C
:1014900000009385E5FD73901534EF00405B730009
:1014A000203086DCEF00A05AE65082800000411117
:1014B0004AC01389C18A0327090026C206C61C5FD9
:1014C00022C49384818A93D76748B5CF93070006D7
:1014D0001CDF174400001304A48C184C9307000869
:1014E0006317F7009C409C4393F707041CCC1C40F7
:1014F00093F7070489CB83A7C186829748D81C40FD
:1015000093F7F7FB1CC01C4093F7070289CF1C40E0
:1015100003A7C18BB706080093F7F7FD1CC05C5406
:1015200014C786077CD71C4893F7070489EF8547C3
:101530005CC83707020083A7C18B98C71307000C4C
:1015400018C81854F8D383270900985F13574748E1
:1015500011CF985F1367070198DF83A7C18B23A280
:1015600007068547174700002324F7849C40D8438B
:101570001357174819C7D843759BD8C3D843799BCD
:10158000D8C3B240224492440249410182800537C7
:101590007300203097470000938787803707040047
:1015A00088DB698F01CF03A7C18BFD5634D79736EF
:1015B000000093862648D84E0507D8CE13778500BD
:1015C00019CF984783A6C18A1367170098C71307D6
:1015D000000898CBD856719B13671700D8D613779D
:1015E000150001CFD84383A6C18A13671700D8C35B
:1015F000D856719B13671700D8D61377650019CF9B
:101600001377450059C398431367170098C383A6FF
:10161000C18AD856719B13671700D8D64167698F66
:101620000DC39736000083C6E65BC18A17370000FA
:1016300013070754A5C28346470793E60602230A09
:10164000D70637070200698F01CF984B1377070839
:1016500019C3054798CB83A7C18B3707020098C7EA
:10166000B70708007D8D0DC1173700000347975756
:10167000058B973700009387A74F1DCB03C75707EC
:1016800013672700A38AE7068280D84713671700ED
:10169000D8C7B5BF834647070946BD8A6388C600D9
:1016A000834647070D46BD8AE39DC6F8914641BF74
:1016B00003C75707118B69DB03C7570713678700F9
:1016C000D1B783A6C18B173700001307676D1C4382
:1016D000858B91E75C43858B99E3FC52EDFB973753
:1016E000000023A9076C82809386C18A2A878842DA
:1016F0001C5D93D75748D1E781C51C59BD839CA178
:1017000015C69C42945BC60693D7660163D6060055
:1017100093E707C0B3C7070883160600939757607F
:10172000B9C6BE968947B3C6F60216A283A7C18B77
:10173000BC4B083393D757488DCF29C59736000047
:1017400083A6866793F606049307950009459DCA0C
:10175000BA979C230547194593F6F7066394E6026A
:1017600001459397476063DF0700394582801EA2D9
:1017700075BF2A9748331375F5077D153335A000DB
:1017800082800545828083A7418B99CB944BD04BB7
:101790009842518F98C294439C479842D98F9CC2DB
:1017A0001386C18B0548184283A6C18A973700006B
:1017B0009387075F6312050503A8060013680808EE
:1017C00023A0060183C62702B3C5D52054479385BD
:1017D000A50C13981649232607010F100000184284
:1017E00037060200860510C71306000890CB6CD39D
:1017F00054C72388A18A828088421375F5F788C26E
:1018000083C62702B3E5D52054479385E50E13958B
:10181000164948C70F100000184237060200860517
:1018200010C71306000890CB6CD354C70945D1B735
:10183000411122C4AA8706C626C22E851384C18BF5
:10184000B285DDE71C40F8537DFF3707020098C7DB
:101850009737000023AA075497340000938404208C
:10186000DC5085C7B7E700E03707200023A0E72852
:10187000B7F700E0938707D0984B6D9B98CB984BB8
:101880001367870398CB73005010F53D83A7C18A77
:1018900098431317772998C3D857719BD8D7973790
:1018A000000023A907509737000023AD074E1C40C6
:1018B000094798C3DC5099CB37F700E0832707D15D
:1018C00093E787002328F7D0730050101440173790
:1018D00000001307E74C1C47858B91E75C47858B1D
:1018E00099E3FC52EDFBB2402244924441018280D4
:1018F0000D47639EE7049737000023A7074A9737F1
:10190000000023A5074A9734000093842415DC5077
:1019100085C7B7E700E03707200023A0E728B7F71F
:1019200000E0938707D0984B6D9B98CB984B13673B
:10193000870398CB73005010B93583A7C18A9843A9
:101940001317772998C3D857719BD8D7A5B70547E0
:10195000E39EE7F69736000093864610DC5285C773
:10196000B7E700E03707200023A0E728B7F700E03B
:10197000938707D0984B6D9B98CB984B1367870341
:1019800098CB730050101C40D04713171649D8C786
:101990000F1000001C403707020098C7130700080B
:1019A0009735000023A6E54003A7C18A18431357C3
:1019B000774819C71307E018F8D3D0C7DC52E5BD44
:1019C0001307E01AD5BF83A7418B89CFD44303A85F
:1019D000870098423367070198C2D447DC4B98428E
:1019E000D98F9CC2054783A7C18A9505631EE5026E
:1019F00098431367070898C3984F137707C0136776
:101A0000A71398CF13078007B8BB93973500938728
:101A1000C703173700001307A7381CD72388A18AEC
:101A200019C2060610D78280984309451377F7F745
:101A300098C3984F137707C01367271398CF1307DE
:101A4000F007B8BB939745009387C703D9B783A71F
:101A5000C18B8847D847798D11C588C783A7818BEB
:101A600091C382878280896703A7C18B938707F41C
:101A70007CD383A6C18C83A7060993D7A74991C7B6
:101A800083A7060993D7974999E37C53EDF78280A2
:101A90004111B7E700E022C480433707200006C6A3
:101AA000798C23A0E7180F10000011C199E5B7E762
:101AB00000E023A08710014549A80D05334505081E
:101AC000130740037199B34705086362A70203A592
:101AD000C18D83A6418D639FA600173700000327A1
:101AE000E7FA71D7C207DD8D05450297C9B703A58F
:101AF000818DC5B77A2131EF5A21636CF704B306A3
:101B0000F7402148173600001306C6F26375D80265
:101B10008328050003586600938687001D8FAA96C8
:101B20006117DAA223A016012393060014C15EA157
:101B3000130788FF7AA27A226EA12105B307F74026
:101B40007EA2B7E700E023A08710B2402244410103
:101B50008280084149B7B7E700E08C43370720008F
:101B600023A0E718F98D0F10000001E523A0B7109E
:101B7000828003A3C18D83A8418D9A87814663F833
:101B8000170903A807006367F5086365A8081387AA
:101B90008700636EE506F223216705076317E600F9
:101BA0001386A1891822050718A21735000013050E
:101BB00065E8D2237A212393070032973347070839
:101BC0007AA16383670203A3818D630FF30003D3BC
:101BD0006600631B0300DE2223A0060121073E9658
:101BE0002106D2A27AA1B68798436302170383A67F
:101BF000818D630ED700762399EAD62352231843AA
:101C0000A106B296D6A398C37E21A1077EA1B7E70D
:101C100000E0A9BFBE86C2879DB7AA8703A7C18D72
:101C200003A6418DB305B5406314E6003E8529A89F
:101C3000930687001843E3E9D7FEE3F7E7FE2E8516
:101C4000E3E4D5FEE3F2E5FE8280411122C406C63C
:101C500026C24AC02E848DCD13F915008147414715
:101C600063020904131745003E97B1463307D702B4
:101C700083A4C187B317F02833C90708BA949C40DE
:101C8000C840829723A0040023A2040033448900A3
:101C9000B240228522449244024941018280B356D7
:101CA000F448E9F28507E39CE7FECDB7011126CAA7
:101CB00006CE22CC4AC84EC6AE84A1C593F7150005
:101CC00001444147B1CB93174500A2973147B387F1
:101CD000E7029389C18703A909003E998327090078
:101CE00081C703254900829731473307E40283A760
:101CF0000900BA979C478DC733148028B34704085E
:101D0000BD8CF24062444249B2492685D244056105
:101D10008280B3D68448C5FA0504E31CE4FECDB73F
:101D20002320090023220900C1BFAA8703A54187F8
:101D300011E182803A216315B7001821E30BF7FE09
:101D40004845FDB77971B7E700E022D4804352CC13
:101D500006D626D24AD04ECE56CA5AC85EC662C4ED
:101D60003A8A37072000798C23A0E7180F1000006B
:101D700005E123A087100945B2502254925402591C
:101D8000F249624AD24A424BB24B224C45618280B0
:101D900083A7C186B6892A89AE8A328B938BC18785
:101DA000829703A70B008144B146C147338CD4020C
:101DB0003306870110422DEEC165938505F041453C
:101DC000C13919ED9737000083A747CC81C78145FA
:101DD00011458297B7E700E023A087102D4569BF22
:101DE000138741871C43A1E308C323000500B317F1
:101DF00090283EA183A70B0023260500232465011C
:101E000023224501E29723A0270123A2570123A4FF
:101E100047016384090023809900B7E700E023A00D
:101E20008710014591BF3E87DC47F5FF48C775BF66
:101E30008504E39DF4F6B7E700E023A08710214571
:101E400025BFB7E700E09843B706200023A0D718C6
:101E5000758F0F1000009736000083C6B6BD637102
:101E6000D50283A681873325D5201621D58D0EA1D5
:101E70009736000023A806BC23A0E7100145828006
:101E800023A0E7100D4582800111B7E700E022CCC6
:101E900080433707200006CE26CA4AC8798C23A083
:101EA000E7180F100000BD4763E7A7043147330769
:101EB000E50283A7C187BA979C4395CF3315A02825
:101EC0002E89B345050801452EC68535AA8409C962
:101ED000B2450145975001E0E780000F23A424019B
:101EE000B7E700E023A087100145F2406244D244E6
:101EF000424905618280B7E700E023A087100945C9
:101F0000EDB79737000083C737C2AA86850703A5B8
:101F1000C188014712216307D60005071905E36B45
:101F2000F7FE014582802A8703A5018911E182809D
:101F30001C45B227636BC70003584500B306C800B1
:101F40006355D7008146639406010841C5B703D3A2
:101F5000A700938807016316E30091C192A13E8513
:101F600082808506C687B3C60608F1BF9736000093
:101F700083C686BB83A7018A01476394E6000145B7
:101F80008280AE231386C7036394A5003E858280BA
:101F900005071377F70FB287CDB783A7C18A984398
:101FA0003706CEFF7D161377F7CF1367071098C358
:101FB00003A7C18C1447370803001375F51FF18E72
:101FC00014C783A6C18B23A8060523A40700904B42
:101FD00093F5F507130888151366F60390CB904325
:101FE0001366060890C3F04F137606E0498EF0CFD3
:101FF00023AC070423A007065057759A50D7904387
:10200000137606F84D8E90C31306401FF0D2173694
:102010000000232106DA17360000232506D80546DE
:1020200090C29043B70533001376F6CF90C3904328
:102030001376F6CF1366062090C310474D8E10C757
:1020400023A80605D8531317F728D8D32547F052ED
:1020500001C6B04FE37DC7FED8531317F748D8D356
:10206000A8531335450082801387C18B1443BC4AA3
:10207000BD9BBCCA01000100010001001C43B44B20
:1020800093F6F68FB4CB944393E6860094C3010095
:1020900001000100010083A6C18A9C4293F7F7CF9B
:1020A00093E707109CC203A6C18C1C46B706CEFF5F
:1020B000FD16F58F1CC61C4337070300B8CB83A75A
:1020C000418B99CBD44390479842518F98C2944BFF
:1020D000DC4B9842D98F9CC29737000023A007CED3
:1020E000828083A7C18B9C438D8BE9C74111B7E7E1
:1020F00000E04AC003A9070026C23707200006C631
:1021000022C4AA843379E90023A0E7180F10000045
:10211000173400001304C4C8584C8D47631AF700E5
:102120009737000083A787A10146814545458297DF
:1021300019476391E4048347140289CB834704025F
:102140006396970097370000A38C07C6584CA147A9
:102150006315F700930780101EB02382018629378C
:10216000B2402244B7E700E023A02711924402497D
:10217000410182809D47639BF40083471402F9D795
:10218000034704028D47E313F7FC6DBF544C63898A
:10219000E600584C6306F700584CA147E31FF7FAD6
:1021A00083471402DDFB5C4C2300F4028547A30047
:0821B000F40265B78280000013
:1021B80097110020938101BB17E10120130101E46D
:1021C8001305400097E5FF1F938545E317E6FF1FBA
:1021D8001306860263FAC5008322050023A0550072
:1021E80011059105E3EAC5FE17E5FF1F130505F67E
:1021F8000285397101436EC619A0397141536AC805
:1022080066CA62CC5ECE19A0397101535AD056D233
:1022180052D44ED64AD826DA22DC06DE3301614093
:10222800828241114AC026C222C406C68282B24DA9
:102238004101024D924C224CB24B4101024B924A51
:10224800224AB2494101024992442244B240410122
:1022580082802A8309CA83830500230073007D16C0
:10226800050385056DFA82802A8311C62300B30011
:102278007D16050365FE82801021942105058505DC
:102288006313D60075FA3305D6408280B71700402D
:1022980003C777051377E70FA38BE704130700F845
:1022A800A38DE7043D47238CE70413075003A38C51
:1022B800E70403C7A7051377D70F238DE7048280A8
:1022C800371700408347E70412054111BD8BC98FBA
:1022D80093F7F70F93068008F3B6068093F68608FF
:1022E80036C60F100000930670052300D704930626
:1022F80080FA2300D7040F1000002307F7042300F7
:102308000704B247F3A707800F100000410182803D
:10231800B717004003C7E7020D8941111377C70FAC
:10232800498F93068008F3B6068093F6860836C66A
:102338000F100000930670052380D704930680FAD7
:102348002380D7040F1000002387E70223800704A7
:10235800B247F3A707800F100000410182804111A6
:102368002A830148930E407E130F0019930F4006ED
:10237800B348030863EF1E011303001933736502A2
:102388008542FD4363F6B2088D4F214F930E4006F8
:10239800A1A07D13336EE3039308E016630E0E00CD
:1023A800336EF3039308D01663080E009378330056
:1023B80093B818009388D816C29833C808084DBF38
:1023C80093F81500138EF5FF637CBF02F908C298D5
:1023D80033C80808B3450E08E394F5FF8545630B39
:1023E8000300B378D50381456386080093753500EB
:1023F80093B51500F105C29533C805088945E9BFAD
:10240800B3881341C29833C80808B3450E089DBF66
:102418007D16329879463307C70213D61700BE07D0
:102428003348080832976146B3F6C602130680702F
:10243800B386C6023697A166F58F4207D98FB716BD
:10244800004003C7F60213770708D883908303C7B1
:10245800F60213770708E316E6FE9883B7160040DE
:102468004DCF1307800873370780137787083AC45E
:102478000F10000037170040930670052300D7049B
:10248800930680FA2300D7040F100000232A0703BD
:102498008346170393E60608A308D7022300070418
:1024A8002247732707800F10000011663717004076
:1024B8007D16545B4C5FAD8EF18EE5FE9306800869
:1024C800F3B6068093F6860836C60F10000093060A
:1024D80070052300D704930680FA2300D7040F1051
:1024E80000005CDB8347170393E70704A308F702A0
:1024F80023000704B247F3A707800F10000041012B
:10250800828003C7F60213770708D883908303C72E
:10251800F60213770708E316E6FE98837DD391B792
:1025280055714EDF86C7A2C5A6C3CAC152DD56DBA8
:102538005AD95ED762D566D36AD16ECFAA8982C0CE
:10254800EF00B01593078008F3B7078093F7870863
:10255800BEC20F100000B717004013077005238094
:10256800E704130780FA2380E7040F10000003C76D
:10257800F7021377770FA387E70203C7F7021367FA
:102588008700A387E702238007049647F3A70780FD
:102598000F100000130B80C1334B650391679387BD
:1025A80007E8130A30029546B347F502330A4B038E
:1025B8003EC8FD873ED2BD67938707A6334AFA0215
:1025C8001357FA413ACA330740413AD47D873ACC87
:1025D8001307A0FB3307EB02B347F702056713079E
:1025E80007FA3ECEFD873ED6938729003319F700B8
:1025F80063E436013319370161671307076A334506
:10260800E50213070010B317F0288D873EC49547DD
:102618003309A9023349E902130740063309E902DD
:102628001307D0073349E9021357F9413AD833174A
:1026380030290D873AC663EF374993075047B307E8
:10264800F7023D67130707A6116C814A814B1304F3
:102658008008371D0040930480FA7D1CB387670308
:10266800B307F040B3C7E7023ED0FD873EDA7337C1
:10267800048013778708BAC40F1000001307700589
:102688002300ED04930D0D0423009D040F1000009A
:1026980003473D051377870FA309ED0403473D055D
:1026A80013671700A309ED0423000D0426477327B9
:1026B80007800F100000930C7005733704801377A0
:1026C8008708BAC60F100000930770052380FD0025
:1026D80023809D000F10000003473D051367070284
:1026E800A309ED0403570D051317E7282318ED0474
:1026F80003570D051317F7282318ED0423800D0041
:102708003647732707800F10000003473D051377EE
:1027180007026305073C03473D05218B6DDF8800F1
:1027280097E0FF1FE78080027337048013778708DC
:10273800BACA0F10000023809D0123809D000F104E
:10274800000003473D051377F70DA309ED04034780
:102758003D0513670702A309ED0403570D05131779
:10276800E7282318ED0403570D051317F728231836
:10277800ED0423800D005647732707800F100000D3
:1027880003473D05137707026301073803473D05F3
:10279800218B6DFF97E0FF1FE78080DF2A873ADCF7
:1027A80097E0FF1FE780C0DE6257E30AE5FE0357A4
:1027B8000D0506451317E7282318ED0497E0FF1FBA
:1027C800E78080FA03473D05218B6DDF03570D0530
:1027D80083462D05C24733778701B386860313D610
:1027E800F641BA96B388F640925733B7E600329767
:1027F8001D8FD247B3B61601158F63C6E700631C59
:10280800F700637A1A01E2476348F7326395E700F5
:10281800A25763E3F832894663F27633733704804C
:1028280013778708BAD00F1000001307700523002C
:10283800ED0423009D040F10000003473D0593F6A7
:10284800F90F1377870FA309ED0403473D05558F4B
:10285800A309ED0423000D040657732707800F1002
:1028680000001306700503473D051D8B63103737BD
:102878007337048013778708BAD40F100000130742
:1028880070052300ED0423009D040F10000003478A
:102898003D051377F70DA309ED0403473D051367BD
:1028A8000702A309ED0403570D051317E72823189A
:1028B800ED0403570D051317F7282318ED0423001B
:1028C8000D042657732707800F1000009306700524
:1028D80003473D05137707026304073203473D05A5
:1028E800218B6DDF880097E0FF1FE78020E67337B4
:1028F800048013778708BAD80F10000013077005F3
:102908002300ED0423009D040F10000003473D053C
:102918001377F70DA309ED0403473D051367070275
:10292800A309ED0403570D051317E7282318ED0431
:1029380003570D051317F7282318ED0423000D047A
:102948004657732707800F1000009306700503474A
:102958003D05137707026300072E03473D05218BCA
:102968006DFF97E0FF1FE780A0C2AA8C97E0FF1FCA
:10297800E78000C2E30C95FF03570D0506451317C2
:10298800E7282318ED0497E0FF1FE780E0DD034701
:102998003D05218B6DDF7337048013778708BADC18
:1029A8000F100000130770052300ED0423009D0499
:1029B8000F10000003473D051377F70DA309ED0439
:1029C80023000D046657732707800F100000035774
:1029D8000D0583462D05C25733778701B3868603D5
:1029E80013D6F641BA9633B7E600329733882641B4
:1029F800B3B606011D8F158F6346E00063180726DE
:102A0800630608261305800C3307E5020256D256E2
:102A1800B335050333050503BA95EF80A11993066D
:102A2800150033B5A6002E951357F501BA9633B79E
:102A3800E6002A971316F70185820587D18E63462B
:102A4800E000631F072C638D062C0356CD02158208
:102A5800B305D60033B6C50032976348E00063106B
:102A680007361307F00F637CB7340947637157279C
:102A780093078008F3B7078093F78708BEDE0F1027
:102A88000000B7170040130770052380E7041307F9
:102A980080FA2380E7040F100000DA378966811670
:102AA800558F33470708DAB723800704F657F3A78B
:102AB80007800F100000BE402E449E440E49FA596C
:102AC8006A5ADA5A4A5BBA5B2A5C9A5C0A5DFA4D22
:102AD8006961828022479307504795B6733704800F
:102AE80013778708BAC80F10000023809D01238040
:102AF8009D000F10000003473D0513670702A30957
:102B0800ED0423800D004647EDBE7337048013772C
:102B18008708BACC0F10000023809D0123809D00F8
:102B28000F10000003473D0513670702A309ED04D2
:102B380023800D00664789B1E3920BCE7246B256E8
:102B48009315170013D3F80113951800B365B30054
:102B58003ADE46DCEF8001067257850B93FBFB0FCC
:102B68006346E00031EFE258638C080493061500D1
:102B780033B5A600AA9513D7F501BA9633B7E60080
:102B88002E9785827E07558FF336048093F6860844
:102B9800B6CE0F10000023809D0123809D000F10EA
:102BA80000008356CD023697334707082316ED02F7
:102BB80023800D007647732707800F100000F5BCAF
:102BC8009306F5FF13351500898D75B773370480A3
:102BD80013778708BAD20F1000002300CD04230012
:102BE8009D040F10000003473D05558FA309ED0410
:102BF80023000D041657732707800F100000A5B196
:102C08007337048013778708BAD60F1000002300A3
:102C1800DD0423009D040F10000003473D051367E2
:102C28000702A309ED0423000D0436577327078014
:102C38000F10000071B97337048013778708BADA68
:102C48000F1000002300DD0423009D040F10000076
:102C580003473D0513670702A309ED0423000D048C
:102C68005657732707800F100000D5B19305800CC5
:102C78003387E50233850503B3B50503BA951547D0
:102C880063733705A247130750473387E7023306B4
:102C980060413306E6023D67130707A63346E6029E
:102CA8009356F641EF7011711306F5FF13351500B1
:102CB800898D13D7F5013A963337E6002E97931688
:102CC800F70105829DBBB247130750477DBF130725
:102CD800800873370780137787083AC10F10000000
:102CE800B7160040130770052380E604130780FA1F
:102CF8002380E6040F100000DA3605660116137704
:102D0800F70F518F33470708DAB6238006040A47BE
:102D1800732707800F100000850A93FAFA0F81BA0B
:102D280033E6E60049CE0356CD02B335D00033076B
:102D3800E0400D8F3305D04015826345E00041E344
:102D4800637FA6060947637E570393078008F3B796
:102D5800078093F787083EC30F100000B71700409D
:102D6800130770052380E704130780FA2380E7041C
:102D78000F100000DA377D8BDAB7238007049A47F3
:102D88003DB373370480137787083AC50F100000E6
:102D9800130770052300ED0423009D040F100000A5
:102DA8000357CD02856681161377F70F558F334782
:102DB80007082316ED0223000D042A4791BF930745
:102DC8008008F3B7078093F787083EC70F10000005
:102DD800B7170040130770052380E704130780FA2C
:102DE8002380E7040F100000DA379606369733473A
:102DF8000708DAB723800704BA4755B9914763EC47
:102E0800B70497A7010093876792B3C5F520984147
:102E18003E97B71700409387470B028794433717AD
:102E28000040B3F6A64094C39306070B9C42B3F741
:102E3800A74019A8944337170040B3F6A64094C397
:102E48009306070B9C42C98F9CC29307070A9843B5
:102E58003377A74098C38280944337170040C98EC0
:102E6800D9B798433377A74098C3B71700409387DB
:102E7800070A9843498FF9BF9843498FF5B719C591
:102E8800371700401E2FCD8F1EAF8280B717004026
:102E98009A2FB375B7408EAF8280B71700409A2734
:102EA8009306000C1377070C630AD7049A27137745
:102EB80007100DC79A279E277D8B09EB93F70720EC
:102EC800B1C33755E80113050580828037C59812CC
:102ED800FD8B130505E03345F50282809A279E276E
:102EE80013770720FD8B11C73755E80113050580B7
:102EF800DDB73725F40013050540F1BF216513053B
:102F080005D082803725F400130505408280B7F785
:102F180000E0884782803285814737370040A146E4
:102F280063C3A70082803037E30FD6FE3386F500EF
:102F38001022850710A7EDB797F6FF1F93868662C4
:102F4800AA878842172700201307C7E8AA9763E9CA
:102F5800E7000A87130707FC6364F7009CC28280B6
:102F68007D558280411122C406C62A843D372947EF
:102F7800B307E502B2408D83B3D787022244950791
:102F8800B3D7E70237370040B3C707085EA7410148
:102F98008280716541111305052006C6E137B737F0
:102FA8000040130770F8B8A30D47B8B3130700041F
:102FB80098B30547F8A7B24041018280238C01826B
:102FC80023AA0182B71700401387070C144393877D
:102FD800070D9396664914C394439396662994C340
:102FE8001443BD9A14C398431367070198C382809A
:102FF80023AAA18213064006894503C501846F30C0
:10300800B17F371700401307470C1C43B706400031
:10301800F58F1443138781831023C18A13B51700D2
:1030280091EA13652500630DA60008A383A74183D1
:1030380081CB82876306A60008A399E30545FDB7FF
:10304800828011456FF0CFCD411193962500AA8556
:103058002D4506C697E0FF1FE780C092B2400145A4
:1030680041018280011122CC06CE3714004026CAC5
:103078004AC84EC652C483447405034AB4058349FA
:10308800840503499405EFF06FA08347A40593F4E2
:10309800F40F137AFA0F93E71700230DF40493F94A
:1030A800F90F1379F90FB717004003C7A705058B68
:1030B8006DFF03D5C705A38D4705238C3705A38C62
:1030C8002705A38B9704F2406244D2444249B2498F
:1030D800224A05618280411122C406C62E84939734
:1030E800556063DF070097E0FF1FE780E0C219C162
:1030F800EF3071541315F468B240224441018280C4
:1031080093F7150013C51500E5FB93F7250081CF4C
:10311800CD3D1306000A894503C50184EF30D16D02
:1031280013452400D1BF8967ED8F85C3EF60B14691
:10313800093F37F60200130606E0896503C50184D6
:10314800EF30916B1315D46845BF11656D8D4DD562
:10315800179501001305C55EEF80E1401306006472
:10316800916503C50184EF3031691315E46869B7C7
:103178002D71232A9110FD74E98C232C81102328AA
:103188002111232631112A84AE8932899306001031
:103198000A86A6852D45232E111097D0FF1FE7809C
:1031A800607E13154401498113962900CA850A9542
:1031B80097E0FF1FE78040BFA68585660146254545
:1031C80097D0FF1FE780007C0A86A685930600102B
:1031D800294597D0FF1FE780E07A8320C111032497
:1031E800811183244111032901118329C11015611B
:1031F8008280011183A7018306CE22CC26CABD8B0B
:1032080021476399E700AD37F2406244D244014553
:1032180005618280B7F70700DC532A84B284BD8B2E
:10322800939625006397E7008567FD17F58F91C38F
:1032380001A0A2850146254536C697D0FF1FE78025
:103248006074B2462686A285294597D0FF1FE7807D
:1032580060735DBF1D714946979501009385854E42
:1032680017A501001305854B86CEA2CC97E0FF1F5A
:10327800E78060B901E9179501001305E54DEF8076
:10328800812E01A0B7F700E023A40700795798CB57
:103298003D4798C30564B7E700E023A087180F10DF
:1032A800000017E7FF1F1307A71C23AEE1821307CF
:1032B80000F8A38AE7401306C0038145480897E051
:1032C800FF1FE78020B1970700209387A70F3ECA0A
:1032D8009D673ECEB7070105938707103ED0ED479F
:1032E8002312F10285472303F10297070000938711
:1032F800E7D5BEC4970700009387E7EFBEC69307DC
:1033080054D12314F10297070000938787C03EDA4F
:10331800B7F5070097070000938707D53EDE81467B
:1033280097070000938727D27000E1051945BEC0B2
:10333800E08497D0FF1FE780E06419466C0013050E
:10334800E102EFE01FF1D24781C7BC8463F3870035
:1033580001A04808EF404105AA8501C91795010059
:103368001305C540EF70917E01A0F64066442561C3
:103378008280411117050000130525D606C622C410
:10338800EF30F17F1384018408A01928053908203B
:103398002244B24013060032896541016F30D1459D
:1033A800397106DE13078008F337078093F787081B
:1033B8003EC20F100000B717004093057005238028
:1033C800B704130680FA2380C7040F10000083C6D1
:1033D800F70293F6A60FA387D70223800704924625
:1033E800F3A606800F10000073370780137787084D
:1033F8003AC40F1000002380B7042380C7040F10BD
:10340800000003C7F70213672700A387E70223809A
:103418000704A247F3A707800F1000000545EFE057
:103428003FEF05318147014781460546854513052C
:10343800407EEFE0DFF2680013064002814597E026
:10344800FF1FE7802099B707C0A83ECAB787E803DF
:10345800938707D03ECC97D7FF1F938787423EC6F6
:10346800680097D7FF1F938747433EC8EF40E11096
:10347800F250216182804111979501009385856EF4
:10348800179501001305853006C6EF70316C179546
:1034980001001305A530EF70716BB2402945410159
:1034A8006F70716E4111979501009385656A179544
:1034B80001001305A52D06C6EF7051691795010087
:1034C8001305052FEF709168B240294541016F70CF
:1034D800916B4111979501009385455F1795010000
:1034E8001305C52A06C6EF707166B2402945410129
:1034F8006F707169797122D426D24AD02E842A89B4
:10350800B28481457146480006D6EFE0FFD597F7AB
:10351800FF1F83A7E7CB9E23231421017C83EF00A1
:1035280050428547DC859307001948853EC62686A4
:10353800FD57A2854800230AF100EF005042B2501F
:1035480022549254025945618280411122C406C610
:1035580026C21C212A849DC3979501009385455D49
:103568001795010013058522EF70515E4C401795A1
:10357800010013052525EF70715D59A85841B7075B
:10358800CF009387777D6313F71A9795010093858A
:10359800255A179501001305651FEF70315B1C4410
:1035A80076244E2490231795010013052523938430
:1035B800C18FEF70B1592945EF70F15C52240C446A
:1035C8001385C18F97D0FF1FE780007E9C201307CB
:1035D800200A638BE7001307300A638EE710B240B6
:1035E80022449244410182805A248D4797950100D4
:1035F8009385055417950100130545196301F702D2
:10360800EF70D154179501001305451FEF70115441
:103618002244B2409244294541016F70D156EF705F
:10362800F152179501001305E51EEF703152294537
:10363800EF7071556A24930720F80546A6859CA06B
:10364800553D9377F50F2A8495C797950100938583
:10365800254E1795010013056513EF70314F9375CB
:10366800F40F179501001305A51EEF70314E29457B
:10367800EF707151979501009385854B179501005F
:103688001305C510EF70914C179501001305851DA2
:10369800EF70D14B2945EF70114F4165930730FA10
:1036A80005469385C18F7D159CA0A9359377F50FA5
:1036B8002A8495C79795010093858547179501003A
:1036C8001305C50CEF7091489375F40F1795010019
:1036D80013050518EF7091472945EF70D14A056623
:1036E800130606C889452244B240924403C5218581
:1036F80041016F3071105A2485476301F70297958D
:1037080001009385E5421795010013052508EF7020
:10371800F1431795010013052518CDBD7E240566D4
:10372800130606C82395F184914575BFB707CC00E9
:103738009387777D6317F702979501009385453F37
:103748001795010013058504EF7051401C44762439
:103758004E2490231795010013054508EF70113F7B
:1037680045BDB707CE009387777DE30AF7E69795BF
:1037780001009385E53B1795010013052501EF70BE
:10378800F13C4C40179501001305C512EDB301112A
:1037980022CC979501009385A5372A8417950100B7
:1037A8001305C5FE06CEEF70713AA2851795010084
:1037B8001305854DEF7091392945EF70D13CB70756
:1037C8000203938707103EC4B7070607938747503D
:1037D80021462C0005453EC6313B15C52A849795E0
:1037E80001009385E53217950100130525FAEF705E
:1037F800F135A285179501001305450DEF701135B8
:103808002945EF705138F2406244056182804111C8
:1038180022C406C61C212A8485CB9795010093856E
:10382800E52F17950100130565F6EF7031324C400E
:10383800179501001305850AEF7051312244B240F3
:10384800294541016F70313458411DEF97950100AA
:103858009385C52C17950100130545F3EF70112FBB
:103868001795010013050509EF70512E2945EF70D2
:1038780091312244B240116603C52185130606E83A
:10388800894541016F304177A1679386D70363115A
:10389800D7029795010093856528179501001305B0
:1038A800E5EEEF70B12A179501001305A5056DBF68
:1038B800ED07979501009385652617950100130577
:1038C800E5EC6315F702EF707128179501001305F1
:1038D800A504EF70B1272945EF70F12A2244B240C0
:1038E80003C52185894541016F30D105EF70112647
:1038F8004C40179501001305E5FB3DBF411122C45B
:1039080006C693F715002E8499CF0566130606960A
:10391800854503C52185EF30216E13451400B2405B
:1039280022444101828093F725008DCB97950100B1
:103938009385851717950100130545E5EF7011214B
:1039480017950100130545FFEF7051202945EF70C9
:103958009123EF20000B13452400D1B713F5450040
:103968005DDD854503D5A184EFF08068979501005A
:103978009385851317950100130545E1EF70111D17
:1039880017950100130585FCEF70511C2945EF7050
:10399800911F1345440061B7411122C417950100D6
:1039A8001305C5DE2E84979501009385E51206C69A
:1039B800EF70D1192945EF70111D05C897950100C1
:1039C8009385851117950100130545DCEF701118D3
:1039D800A285179501001305A5F9EF703117224448
:1039E800B240294541016F70111AB2402244410189
:1039F8008280411126C206C622C48547AA84639ADA
:103A0800F502979501009385650B1795010013053D
:103A1800E5D7EF70B113A68517950100130505F6D4
:103A2800EF70D1122244B2409244294541016F708F
:103A380091152E8489479795010093852508179538
:103A480001001305A5D4631AF400EF703110A685A0
:103A580017950100130585F5E1B7EF70310FA285C1
:103A680017950100130585F765BF011122CC2EC6F5
:103A78002A84979501009385E5061795010013059B
:103A8800E5D006CEEF70910C3246A285179501005D
:103A98001305C5F5EF70910B2945EF70D10E83C75B
:103AA800818491EB97E7FF1F83A787729A23C167E9
:103AB800FD17631DF7006244F240116603C52185B6
:103AC800130606E8894505616F300153F2406244E8
:103AD80005618280411106C6EF90707819E5EF10F4
:103AE8007013B24041016F20A04DB2404101828065
:103AF8004111979501009385E5FF1795010013057E
:103B0800E5C806C6EF7091042945EF70D107B240A9
:103B18004101C9B70111354697950100938545EED6
:103B2800179501001305C53406CE22CC97D0FF1F88
:103B3800E780602D01E9179501001305E5C1EF70D5
:103B4800912201A097F7FF1F9387C7C73EC48567D7
:103B5800938707C0970500009385E5E9178500005E
:103B6800130565083EC6EF80A006B7F50700814635
:103B78001386C184E105194597D0FF1FE78080E0CF
:103B880019469385C184138501A597D0FF1FE78047
:103B9800A02134001386C1849795010093854506BA
:103BA8001795010013054507EF10B0312A840DC998
:103BB800979501009385C5F417950100130505BD78
:103BC800EF70C178A28517950100130565E4EF70C1
:103BD800E1772945EF70217BF240624405618280DC
:103BE800EF80504317950100130585FDEF00305213
:103BF800EF409034EFF0806817E5FF1F1305856FDD
:103C0800EFF0605517950100130505F7EFF0C06850
:103C18002A84EF10C02BEFB0A006EF101107EF2099
:103C2800A041EF105006EFD0C06A97950100938528
:103C380025ED17950100130565B509C8EF700171E9
:103C4800A285179501001305E5DE51B7EF700170E5
:103C580017950100130545E0EF70416F2945EF7096
:103C68008172EFD0604D85472384F184EF90305FF7
:103C780029C5979501009385A5E8179501001305B7
:103C8800E5B0EF70A16C17950100130565DEEF70C4
:103C9800E16B2945EF70216F97950100938545E603
:103CA80017950100130585AEEF70416A179501005D
:103CB800130545DEEF70816929BF293DF1BF411128
:103CC800170500001305C5C306C622C4EF30216BD3
:103CD8001384218508A017E5FF1F1305A54EEF00E3
:103CE800C07B0D3DEFF08FAD17050000130565AAE9
:103CF800EFF00FB008202244B24013060064854557
:103D080041016F30612F4111354697950100938528
:103D180025CF179501001305A51506C622C497D00F
:103D2800FF1FE780400E01E9179501001305C5EB59
:103D3800EF70710301A0EF5071362A840545EF80BA
:103D4800D02CEF101137EF101116EF60F061B24070
:103D580022852244410182804111114506C6EFE0C7
:103D68002FD61305503497D0FF1FE780E083B7178D
:103D78000040116723ACE70AC1450545EFF02F90D5
:103D880085452165EFF08F878D451165EFF00F8729
:103D9800EFF02FA017A5010013054598EF70A17C3F
:103DA800179501001305C50CEF70E17BEFF08FCA82
:103DB800EFF02FDC893F213797D0FF1FE78020B035
:103DC80001458280B7F70700DC532147AE86BD8BDB
:103DD8006396E7009397450191C301A0AA85014620
:103DE800254517D3FF1F6700E3B94111B2862E8618
:103DF800AA852D4506C697D0FF1FE780A0B8B24018
:103E08000145410182801D7186CEA2CC9307000432
:103E180032C663E2C7022A840808EFE08FC3B246BD
:103E28001008A285294597D0FF1FE780A0B5F64066
:103E38006644256182803955DDBF184283A74185D4
:103E4800D6210823CC2752226395A500EE27638943
:103E5800D502011106CEC8A7F6A7B705CF00DC4BDF
:103E68009385757D05077D162EC2230001003AC48F
:103E78007086748799C30A858297F24005618280AB
:103E880082806D713C083EC6B707E5002322911079
:103E98003EC8AA843C083285232611103ECA232432
:103EA8008110232021112E89EF20E0382A8497954C
:103EB80001009385E5F0179501001305258DEF7036
:103EC800E148A285179501001305C5D8EF70014890
:103ED8002945EF70414BB705CB009385757D680088
:103EE800EF00901CA2856800EF20802A01478146D8
:103EF8007000CA852685EF00703B15C52A84979502
:103F080001009385E5EB1795010013052588EF70EF
:103F1800E143A28517950100130585D4EF7001438D
:103F28002945EF7041468320C11003248110832462
:103F3800411003290110516182801842797122D4FD
:103F480006D683A741850348070083C807012A844A
:103F5800D6214A226396080183D82701638AD802AA
:103F6800238807010507B6AB3708CC00DC4B1308DC
:103F7800787D3ACC1307F5FF42CA23080100F8867A
:103F8800F48799C7080832C62EC482973246A245DC
:103F98002285C53DB2502254456182806D713C082E
:103FA8003EC0B707E500232481103EC217E4FF1F77
:103FB800130404353C083EC41E2023261110232276
:103FC8009110231701002318010023190100231A57
:103FD8000100231B010099E3C167FD177C863E2081
:103FE80091E783A741859C43DC479E23584C7C87F7
:103FF8005E20484BFC8005ED97950100938505D917
:104008001785010013058578EF7041341795010075
:104018001305C5C7EF7081332945EF70C13683207A
:10402800C1100324811083244110516182807C30A7
:1040380099E7EF2051605C4C23AA0700CDB7FD1724
:10404800122B4C477CB01C280A85230BF100EF206B
:10405800401283A741858843014781460A866C0040
:10406800EF00D024AA8405C997950100938505D24D
:104078001785010013058571EF70412DA6851795E9
:104088000100130565C1EF70612C2945EF70A12F60
:104098005C4CC84B79BF7C30E5DF1044854503C5CF
:1040A8008185EF207175A5BFDC4DDC4B99C7904524
:1040B80003C5818591456F20317482805C4EDC4B4D
:1040C800A1CB411122C406C62E849DCD979501002F
:1040D800938505CB178501001305456BEF70012704
:1040E800A28517950100130565BDEF7021262945A6
:1040F800EF7061292244B24003C58185130640064A
:10410800914541016F20516FB240224441018280A4
:104118008280411122C417E4FF1F130464201C4C41
:1041280006C689C7DC4399C34C4882975C4CC84B88
:10413800EF2071505C4CB240224423AA0700410191
:1041480082809387E18088231307F00B0505137598
:10415800F50F6374A7001305000888A382805E2109
:10416800638C070C01114AC817E9FF1F1309491985
:1041780052C4032AC90122CC06CE83274A0126CA83
:104188004EC62A847155B1EB9307D00DB2847D5584
:1041980063E5C70413058600AE893345050897D043
:1041A800FF1FE78040B1232AAA000325C9015C4903
:1041B8008DEF979501009385A5BE1785010013051E
:1041C800E55CEF70A11817950100130525B1EF7094
:1041D800E1172945EF70211B5D55F2406244D24436
:1041E8004249B249224A0561828093874400B70553
:1041F800CF003EA99385757D3105EF00E06A032560
:10420800C9016C203105EF10B0780325C901268655
:10421800CE853105EF10F0757146A2854A85EFE02D
:104228004F83504401CA854503C58185EF20D15C81
:10423800014565B7A533EDBF7D558280411122C484
:1042480017E4FF1F1304C40B5C4C06C6C84BEF20D1
:10425800913E5C4C2244B24023AA070003C58185E5
:10426800854541016F20116E411126C29384418515
:104278009C4006C622C44AC0ADCFDC43BDCB5CC15E
:104288000CA12A8497950100938545B517850100EF
:104298001305C54FEF70810B2945EF70C10E9C4087
:1042A80023A4070023A2070097E7FF1F83A7070996
:1042B800DC4B99C32955B13D97E7FF1F83A7070634
:1042C800DC4B91C3A53F13898185034509008945C6
:1042D800EF205167034509009145EF20B1669C40E6
:1042E800DC4B81CB22852244B240924402494101F1
:1042F8008287B240224492440249410182800111DE
:10430800328506CE22CC26CA2E84EF10D072AA841B
:1043180097950100938505AE17850100130505479C
:10432800EF70C1020307840072204E20A6861795FD
:104338000100130525A1EF7061012945EF70A10463
:1043480097E7FF1F83C727FE639797000145D1337F
:1043580081450A85113FF2406244D244056182805A
:104368006D7123248110232611102322911093F7B5
:1043780045002E846388070E3C083EC0B707E50059
:104388003EC23C083EC497E7FF1F938767F99A230C
:10439800231701002318010023190100231A010023
:1043A800231B010019E341677D177886BA2311E7BB
:1043B80003A74185184358471A23D44F7887DA232F
:1043C800F880D84A15EF979501009385659A178567
:1043D80001001305A53BEF607177179501001305E0
:1043E800E58AEF60B1762945EF60F179134544001D
:1043F8008320C110032481108324411051618280DD
:10440800F833255531CF7D17922ACC46F8B39C2B2B
:104418000A85230BF100EF10D05583A74185884307
:1044280017E7FF1F1307C7EF938681810A866C0081
:10443800B52DAA8445DD9795010093856593178569
:1044480001001305A534EF607170A685179501006A
:1044580013058584EF60916F2945EF60D172268539
:104468004D3969B793F725008DC341468145280822
:1044780097D0FF1FE78000962555613928089305D6
:10448800F00FDD3313452400A5B713F515002DD122
:10449800EFF0DFB013451400A1BF5C4D411106C613
:1044A80088C3170500001305E5EB23AAF184EF2064
:1044B800116DB240238CA184014541018280EFD265
:1044C800BFD42A8408452E89B28909C900C1970535
:1044D80000009385C5736105EF10010E81447D5A74
:1044E800EF10A00363C3A4048144EF10000463C663
:1044F800A40497070020938767F09C43DC47B30721
:10450800F94091872302F400638109048327C900D5
:10451800B307F4409587A302F4001C4C89C79C4755
:1045280099C3228582976FD07FD15C44139714007A
:104538008504BA972390470165B71C481397140060
:104548008504BA97239007004DB78327890005474C
:10455800B307F4409587A302F40083570400638EE1
:10456800E7028DC309476384E7040D47E397E7FA39
:10457800979701009387C7E11CCC97970100938711
:1045880027E211A8979701009387C7A41CCC979797
:104598000100938727A55CC849B7979701009387BF
:1045A80067901CCC979701009387C790EDB79797B2
:1045B80001009387A7E21CCC97970100938707E334
:1045C800D9BF85E1EFD2FFC5004618448347940060
:1045D80075839D8B6315F700EF00901948C46FD061
:1045E8009FC68280EFD25FC213893500C164420939
:1045F8004111AA890144F11413590901054A2EC62B
:10460800EF00B071B2456346A400014541016FD087
:10461800FFC283A7090013171400BA9783D70700AE
:104628006388B7006394970063742A010504C1BFC7
:104638000545E9BFEFD27FBCAA892E89328BB684A3
:104648003A8ABE8AEF90A0414DC12685EF10502EC0
:104658008D4763E5A7007D556FD0BFBD83DB440060
:10466800EF00B0712A84EF00907293077400314410
:104678003305850263C5A702EF003070EF00F06FC5
:104688002A84EF00D0709307740031443305850203
:1046980063CDA702EF00706E9307450019A8EF00DD
:1046A800106F330585021307F0179307C017E357F8
:1046B800A7FC2D55E3C277FB63000B02D686528612
:1046C800A6854A85EFF0B07041BFEF00506C330506
:1046D80085029307C5FFF1BF832749001385C900E9
:1046E80083D52700013779F9BDB76955B5B797075D
:1046F80000202397A7D097070020938727D09043BF
:1047080081470C463307F500420741836393B7009E
:1047180082805446139847008507C2962390E60086
:10472800D5B797070020938767CD9C4303C58700BB
:104738008280170500200355A5CC8280EFD27FAE7A
:10474800C1671387D7FF6307E5026368A700F117FE
:10475800630EF50001456FD01FAF1387E7FF630EA7
:10476800E500FD171D8D13351500F5B7EF404035F1
:104778007D15D5BFEF40C012E5BFEF402011CDBF7A
:10478800EFD23FAA4111AA8401442EC6EF00F05986
:10479800B2456346A400014541016FD0DFAA9C4899
:1047A800131514003E9583570500E387B7FE0504EB
:1047B800E9BF03485500814693F7F60F63E5070103
:1047C80081473E858280584593975600BA9703D70C
:1047D80027006316B70003D70700E304C7FE850662
:1047E800E1BF8346450001479377F70F63E4D7009D
:1047F800814711A81C45131657000507B29703D621
:104808000700E313B6FE3E858280EFD2FF9F931721
:104818000501C187970A0020938A4ABE6353F008AE
:1048280083A70A00C0479C4703570400198D420517
:1048380041816366F500014422856FD03FA01205CF
:104848002A94DDBFDC4713944900014A3E9483470C
:1048580044006341FA02014A834754006346FA025E
:104868008509C20993D9090183A70A009847E3EB90
:10487800E9FCD1B71C4413195A00A6853E994A850C
:10488800013709ED050AE1B75C4413195A00A685FA
:104898003E994A85F53519E1050A7DBFE30209FC11
:1048A80061BFAA848149C9B7EFD2BF971C452A8442
:1048B80081E79307C5001CC51C44231204001CC0D3
:1048C8009307F00F63E9B70093F5F50F2285EF1012
:1048D800300C6FD05F9793940501C167C18063F76F
:1048E800F500A6852285EF10500EE5B7C18193F536
:1048F800F50F2285EF10D009A6852285EF10900AC2
:10490800C9BF97070020938767AF884382801C45FB
:1049180099C79707002023A3A7AE014582807D553C
:10492800828097070020938767AD984383474500A7
:10493800484792073E958280EFD2BF8E617100454D
:104948001C183EC6B70780013EC81C183ECA8357CC
:10495800440002CE02D002CC231EF100834784001B
:104968002A8902D22301F1023C083ED402D6553FDF
:10497800835705002316F102EF3010642307A102C4
:104988005C4003556400F18313F717008347F10275
:1049980052055181F99BD98FA307F102EFF09034AA
:1049A80039C5AA8403550500EF90400C83D704004D
:1049B8002AD26800231CF10083D72400231DF100AC
:1049C8001C4803D647008C43EF10A07A8347B400F5
:1049D800CA8617860100130666468117A305F400E8
:1049E8006C004810EFF0B03E5D616FD0DF85215557
:1049F800E5BF1C45B1CF03C5A7008946135765001D
:104A0800630BD7028D46630ED70285466300D70233
:104A1800130740063305E50203C7B700418B15CBE2
:104A280083C7B700BD8B3355F54082801375F503F6
:104A38001307803EC5B709671375F5031307077198
:104A4800D1BF372709001375F5031307077CD9B7BA
:104A580001458280EFD2EFFC03A9850063040904B5
:104A68008347B900AE8493F7070E91CF03459900A9
:104A7800930520030D810505B305B502884461053A
:104A8800EF00B13F05A02E85AD372A8401CDCD2199
:104A98008325C900B307B54063F887002E94B30592
:104AA800A440E9FD6FD02FFA8545C9BFEFD26FF753
:104AB8002A8403D50500011132C636C43AC22EC075
:104AC80002CA02CC02CEEF80707A82452ACA2285B9
:104AD8002ECC813D03570500231EE100EF30D04D59
:104AE800A24632469247230FA10036874C08B28669
:104AF80022850146EFF01FB405616FD0CFF4EFD2E5
:104B08004FF261711C183EC6B70780013EC81C18D9
:104B18003ECA3C0800453ED4AA8402CC02CE02D04C
:104B280002D202D6FD3B8357050035592316F10200
:104B3800EF3090482307A10209C48357440091E746
:104B480021594A855D616FD00FF003556400520505
:104B58005181EFF030192A8965D58347B40093F75E
:104B6800070E89C713058401EF00B132835744004B
:104B7800231EF100834784002301F1025C400355A2
:104B88000900D98313F7070883471102231CA100E2
:104B980093F7F707D98FA300F10283572900231D44
:104BA800F1005C40F18313F717008347F102F99B8A
:104BB800D98FA307F102EF80706B2AD251D18347B6
:104BC80094006800139757008347B400FD8BD98F72
:104BD800A305F4001C4803D647008C43EF10605926
:104BE800A6871787010013076725740005464C1030
:104BF8002685EFF03FA42A8929D58347B400A685E6
:104C0800FD8BA305F400B9352DBFEFD28FE18324C6
:104C180085FE2A8441112685E93B834734FF93F7B3
:104C2800070E9DC32AC62685EFF01FD119C98347F1
:104C380034FFB245FD8BA309F4FE81C52285EF0040
:104C4800D12341016FD02FE06DDD8327C4FF268576
:104C5800829765F9834734FF93F7070E81C722854A
:104C6800EF003123032584FE593DE1BFEFD26FD811
:104C78009C4141112A8903C7070089472E8493560E
:104C88006700638CF6020D466382C6049307F0073B
:104C98006302F7022E85EF10005AAA848149C16B7E
:104CA800130C490097F7FF1F938747759C43984754
:104CB80063ECE90241016FD08FD703D745008547E0
:104CC800E3FAE7FE2E85EF10E05AC1BF03D745008F
:104CD800E3F2E7FE2E85EF100056AA842285EF1036
:104CE800E056C204C98C5DBFDC470355A900139A7E
:104CF80049003E9A93170501C187635DF000835709
:104D08000A006395A70263E574038327CA00034D6D
:104D18005A001DA0A1672167A98F1307F7EFE37455
:104D2800F7FE63950900EFF07FA171FD85099DBF2E
:104D380083278A00034D4A00835DA9000357690051
:104D4800216A138BC7003AC6814A33CA4D01631ED4
:104D58005D0197F7FF1F9387E76A9C43E1DBA28613
:104D68006286814526858297D1B7A1679387F7EF39
:104D7800930C4BFF63F04703B2455A85EFF09F86CB
:104D880019CD03278B00104719CA10436380C4024A
:104D98003107D5BFEE856685EFF09F9E71FD93863E
:104DA8001A0093FAF60F130B0B0255B783564400FB
:104DB8005C43E3EDF6F622853AC6EF10C036A167EC
:104DC8009387D7042A8A035D4400324763E8970033
:104DD8008347D90093E707F8A306F9001C476685BF
:104DE8002286E2858297C1670844FD17337AFA0064
:104DF800529508C02312A40115BF97F7FF1F938788
:104E0800E75F9843814715C31447814763FFD5007F
:104E1800939745004C47BE9519C903C7550081476C
:104E28006375E600DC451606B2973E85828003C7A7
:104E380045008147E37BE6FE16069C45F5B7EFD2B1
:104E4800AFBCAA892E8A814497FAFF1F938A0A5B0E
:104E580083A70A00984763E4E4006FD02FBEDC47BD
:104E68001394440001493E9413BB14008347440043
:104E7800634BF900014913BB140083475400634F87
:104E8800F9008504F1B70844931759005287DA8668
:104E98000146A2853E9582990509C9BF48449317E2
:104EA80059005287DA860546A2853E9582990509FA
:104EB800E9B7EFD20FB7814517F5FFFF1305656016
:104EC80097F7FF1F239E07529D3F6FD0CFB797F7E5
:104ED800FF1F9387A7529C4399CBEFD28FB481458C
:104EE80017F5FFFF1305E55D993F6FD0CFB58280B9
:104EF800EFD28FB141112315E1002E89B284B68912
:104F08003A8681460147ED452A84EF20F11E2AC6DC
:104F18001DCD0356A100CE85EFD0AFB3CA8522853B
:104F2800EF20B132058915C1228501462C002314D2
:104F38009100EF2051402A8409C5ED452800EF2053
:104F4800D12A228541016FD06FAF4944FDB765541E
:104F5800CDBF5C41FD175CC18280EFD28FACEF20E2
:104F6800410395473305F50281450D816FD0AFADFB
:104F7800EFD22FABEF20E10195473305F5020D8104
:104F88006FD06FACEFD2EFA903550500EF20617722
:104F98006FD06FABEFD2EFA8035505003287AE860E
:104FA80017D6FF1F0356A63E97F5FF1F9385C545E5
:104FB80081376FD04FA9EFD2CFA6EF50511B6FD0DA
:104FC8008FA8EFD20FA697F5FF1F9385E543EF2033
:104FD800313E01456FD02FA7EFD2AFA4814517D539
:104FE800FF1F0355C536EF20F12F6FD0CFA5EFD2A5
:104FF8004FA397F5FF1F93852542EF20713B01458D
:105008006FD06FA4EFD2EFA1814517D5FF1F0355CD
:10501800053AEF20312D6FD00FA3EFD28FA02E8548
:10502800EF708051EF70B0076FD0EFA1EFD26F9F94
:10503800EF70D0116FD02FA15C49E1175CC95CC536
:1050480083572501A1072319F50083570501A107F7
:105058002318F5008280F1473305F50297F7FF1F03
:105068009387873D9C433E9582808D476317F6065C
:1050780003D74600854763F2E706EFD28F9A368555
:1050880036842E89EF10201B39C1835744009314AE
:105098000501C18063ED97022285EF10C019FD1448
:1050A800231294009307A002630EF5009307B00241
:1050B8006301F50293079002631BF5002285EFE078
:1050C800A01131A00146CA852285EF90E0096FD072
:1050D8008F972285EF00D056DDBF828097F6FF1F9D
:1050E8009386C6359C42014599CF9843D44217F61A
:1050F800FF1F2325E6346396D70097F6FF1F23A1E9
:10510800E6341385C7FE8280EFD2AF917D2E7144BD
:10511800330585029145EF80405D01E565556FD007
:105128008F9297F7FF1F23A7A730452633058502DF
:105138009145EF80805B7DD197F7FF1F23AEA72EA7
:10514800692697F7FF1F2391A72E412697F7FF1F80
:10515800239DA72C97870100938787D317F7FF1FF5
:105168002328F72C97070000938747ED17F7FF1FB1
:10517800232EF72A014565B7EFD2AF8AAA8517F51E
:10518800FF1F1305652AEF10E01E6FD0CF8BEFD2FB
:105198004F89DD37EF10801F97F7FF1F9387072A86
:1051A8009C4381CF1387C7FE09CB83D5C7FF17F56B
:1051B800FF1F13052529EF00414C6FD0CF88EFD290
:1051C8004F86293F11C9834785002A8493F707042E
:1051D80091E70355E500653F6FD0EF868347C5002B
:1051E8009304450117F9FF1F1309492585E3832710
:1051F80009005CC997F7FF1F23A29724832749005A
:10520800E1FF97F7FF1F23AD9722F9B7FD17230694
:10521800F5006105EF7040798307840063C90704CE
:105228008347840093E707F82304F400EF10115034
:105238004205A94741813375F5028347840093F7F6
:1052480007FCC98F2304F4008347D4003E951C4013
:105258002318A40089CF984319CB8347C400504032
:10526800814585073305F502420541810297832769
:1052780009005CC897F7FF1F23A2971C83274900E2
:1052880089E797F7FF1F23AD971A8347C400A9D76B
:105298008355040117F5FF1F1305C51AEF00E13DFB
:1052A80025BFEFC21FF897F7FF1F9387E73E9C477C
:1052B80001448583858B81EFAE84B2853A86EF10F1
:1052C80040122A8409C5EF104009829408CC22852F
:1052D8006FC07FF7EFC25FF341112E8932C6AA89EA
:1052E800692C324713060502CA8697050000938584
:1052F800C5D617F5FF1F1305251365372A8429CD51
:105308009304C5004D2E1946AA852685EF007066C0
:1053180085452685EF00506317850100130505B5FF
:105328004E95834505002685EF0090665C4831461A
:105338008145A1075CC85CC483572401E117231980
:10534800F40083570401E1172318F4001C4C3E8530
:10535800EFC09FF1A3042501228541016FC01FEE14
:10536800EFC23FEC4111AA842EC632C4EF104001AF
:10537800004DB2452246834784000CC050C093F7C5
:10538800F70393E707042304F40023180400268591
:10539800EF00B07C83479400A9462317A40013D7D5
:1053A800370005073307D7029D8B85072306F400CE
:1053B800A306E40083C70401D8488507230FF7FE36
:1053C80017F7FF1F130787075843232A040093077B
:1053D80044011DEB17F7FF1F2324F70617F7FF1FDC
:1053E800232EF70417F4FF1F1304C4052285EF00CA
:1053F800411E1C44858B5D8D09E581452285EF00A2
:10540800C12741016FC03FE41CC317F7FF1F2329C1
:10541800F702C9BFEFC2FFE097050000938525C5D5
:105428000145EFF09FBF01456FC0FFE1EFC27FDF8D
:10543800EFF0DFBF6FC03FE18347C500A1E7EFC2D0
:105448005FDE2A840355E500EFF01FD315C98347B3
:10545800840093F7F7FB2304F4001C4091C7DC4356
:1054680081C74C4001458297EFF05FC717F5FF1FD2
:10547800130545FDEF00E1210355E400EFF03FD1AE
:105488006FC07FDC8280EFC2DFD997F7FF1F938759
:10549800E7FA970500009385C5D217F5FF1F130596
:1054A80065FA23A0070023A20700EF00E1106FC0F0
:1054B8009FD91C4D91CBDC4381CBEFC29FD683454E
:1054C800070082976FC03FD8828097F7FF1F9387A6
:1054D800A7F99C4303C50700828097F7FF1F9387AE
:1054E800A7F89C4303C51700828097F7FF1F93878F
:1054F800A7F79C4303C52700828097F7FF1F938770
:10550800A7F69C4303C54700828097F7FF1F938740
:10551800A7F59C4303C53700828097F7FF1F938741
:10552800A7F49C4303C55700828097F7FF1F938712
:10553800A7F39C4303C56700828097F7FF1F9387F3
:10554800A7F29C4303C57700828097F7FF1F9387D4
:10555800A7F19C4303C58700828097F7FF1F9387B5
:10556800A7F09C4303C59700828097F7FF1F938796
:10557800A7EF9C4303C5A700828097F7FF1F938777
:10558800A7EE9C4303C5B70011E11D45828097F73C
:10559800FF1F938767ED9C4303C5C700828097F779
:1055A800FF1F938767EC9C4303C5D700828097F75A
:1055B800FF1F938767EB9C4303C5E700828097F73B
:1055C800FF1F938767EA9C4303D50701828097F7FB
:1055D800FF1F938767E99C4303C52701828097F7DC
:1055E800FF1F938767E89C4303D54701828097F79D
:1055F800FF1F938767E79C4303D56701828097F76E
:10560800FF1F938767E69C4303D58701828097F73E
:10561800FF1F938767E59C4303C5A701828097F71F
:10562800FF1F938767E49C4303C5B701828097F700
:10563800FF1F938767E39C4303C5C701828097F7E1
:10564800FF1F938767E29C4303C5D701828097F7C2
:10565800FF1F938767E19C4303D5E701828097F793
:10566800FF1F938767E09C438857828097F7FF1F47
:10567800938787DF9C4303D5C702828097F7FF1F74
:10568800938787DE9C4303D5E702828097F7FF1F45
:10569800938787DD9C4303C50703828097F7FF1F25
:1056A800938787DC9C43C85B828097F7FF1F9387AB
:1056B80027DB8843828097F7FF1F9387A7DA884301
:1056C800828019E17D558280F5DE984265DFFDD93B
:1056D80017F7FF1F130747FC1847AA877155058B53
:1056E8006316072203C507001547E37DA7FC03C718
:1056F80037001305F0057D171377F70FE364E5FC12
:1057080003C35700E30003FC83C86700E38C08FA6F
:1057180003C77700494579171377F70FE364E5FA6C
:1057280003C7A70011481305F7FF1375F50FE36BBF
:10573800A8F803CE97000D481305FEFF1375F50F63
:10574800E362A8F803C8B70063090800651813786E
:10575800F80F1305600DE36705F703C5C70079481F
:1057680079151375F50FE36FA8F403C8D7000D4535
:105778007D181378F80FE36705F503D80701930E32
:1057880040175118420813580801E3ED0EF303C8F7
:10579800E7007D181378F80FE36605F303C82701BF
:1057A8007D181378F80FE36F05F103C88700C54E1D
:1057B80075181378F80FE3E70EF103D86701856EC3
:1057C800938EBEE06D18420813580801E3EC0EEF03
:1057D80003D847016D18420813580801E3E40EEF97
:1057E80003D887017918420813580801E36C05EDBE
:1057F80003C8A7017D181378F80FE36505ED03C505
:10580800B7011D487D151375F50FE36DA8EA03C5AB
:10581800D701714879151375F50FE365A8EA03D523
:10582800E7011308E00F7D1542054181E36CA8E804
:1058380003C50702494879151375F50FE364A8E80D
:1058480083AE470237C534001308F5BFE36CD8E7C9
:1058580003A88702130555BF5918E36505E717F52F
:10586800FF1F2321C5C003C6050117F5FF1F232D00
:10587800F5BE0545E378C5E403D82501D04933765C
:105888000603E31106E403C61501E30D06E217F665
:10589800FF1F2327B6BC83C5270001466387A500E1
:1058A80003C61700F1453306B60283C707039305FD
:1058B800C00272971A071307C70516031A979608A6
:1058C8004697B387B70241553E97329742074183BF
:1058D800636EE802EFC2FF943685EF70306BEFE03D
:1058E80030352A84EF90F0292A94EFD010392A9481
:1058F800EF80A0022A94EFF03F812A94EF205061B4
:105908002A94EF50F04C22956FC0FF938280EFC22B
:105918005F914111A307A100EF90C02A9305F10000
:1059280017050000130525B9EFF06FD101454101B6
:105938006FC07F91EFC27F8C17F4FF1F1304C4D58B
:105948000328840079599368180097F4FF1F23A946
:1059580014D513781800631E0800BA84BE89368BE4
:10596800328A2E89AA8AEFE0DFDB7D15269509E5C4
:1059780031594A856FC0FF8BEFE0BFDA7D15269558
:10598800A167E357F5FE97F7FF1F9387A70798438B
:105998003E8C814B11C70145EFD03052933B150027
:1059A8004A85DA865686D285EF8050322A8911CD0B
:1059B8001C44F99B17F7FF1F2324F7CE83270C00FD
:1059C800CDDBE3880BFA82976DB7268597F7FF1F23
:1059D80023A607CCEFE0BFD14146CE8517F5FF1FC0
:1059E800130505D5EFC0FF86EFB0F01B0325040BA8
:1059F800EFB0F01D0545EFB0F0230545EFF03FF19E
:105A08008DBF97F7FF1F938727C99C47858BD5C7FD
:105A1800EFC23F8117F5FF1F1305C5CF97F7FF1F8B
:105A280023AC07C697F7FF1F23AA07C697F7FF1FE0
:105A380023A807C6EFF0F045EF400000EFF0501D37
:105A4800EFF0D02197F7FF1F938787C39C4381C747
:105A58000545EF70102F97F7FF1F938727AC9C43DE
:105A680089C741657D15EF50B07DEFD0F04DEFB09F
:105A7800701497F7FF1F9387E7D69C431397170176
:105A880063540700EFD0205997F7FF1F23A207CAD6
:105A980097F7FF1F23A007CA97F7FF1F23AE07C872
:105AA80097F7FF1F23AC07C8EFF05F989D23EFF02F
:105AB8004FC0EFD0007B6FC00FF98280EFC2CFF4E8
:105AC8002A849304140201112E85B289A6852146E1
:105AD80036C63A89EF5051051DE1B2463808268688
:105AE800CE8513059404EF40C04021462C084A8512
:105AF800EF5091031335150005616FC02FF4014570
:105B0800E5BFEFC20FF29305450617F5FF1F130512
:105B1800E595EFF090366FC00FF3EFC28FF04111AB
:105B28002EC6EFF0EFC4B24588C141016FC0AFF196
:105B3800EFC28FEDAA842E84EF707075AA8985450F
:105B48002285B92583C7E4011389940899E3138949
:105B58000403CE8522852D2D214693051902228521
:105B6800092D97F7FF1F938727B38C432285EF00F2
:105B7800A0682146938584022285E52B6FC00FEC2F
:105B8800EFC2AFE73971EFD020649305400645EDC9
:105B9800EF70F06C630E051097F7FF1F83C7C78E71
:105BA80013B7170097F6FF1F2380E68E014489CFAD
:105BB800C16417F9FF1F130929AE9309400EFD149C
:105BC800EFF0BF996348A408EFF08FBA4169B7298D
:105BD8000900096AFD7A2A8B81447D199389F97B2A
:105BE800130A0A71938A8AC7EFF03F9763D5A40412
:105BF8001304400EB387840217F7FF1F1307C7A9C2
:105C08000324070B3E948357C40163862709184071
:105C18003307EB4063EAE900834744008507B3870D
:105C28004703D6976369F706014681450945EFF0B2
:105C38006FEAAA8B29E1EF20D0598547631FF50445
:105C480089659385057117F5FF1F13052582EFF008
:105C5800D022A1A8B30734030327090BBA9703D7A7
:105C6800C7016308970003C75700A3820700238270
:105C7800E7000504B1B79305C5002285EFF05FEB97
:105C88005E852286977501009385851FEFF04FED9D
:105C98005E85EF00A06F850481BF97F7FF1F93878C
:105CA800A79F9C478D83858BC1FF21616FC06FD8EB
:105CB80001468545094502D002D202D402D6EFF04A
:105CC8006FE1AA847DD1EFD0604F1389C4002A8484
:105CD80081454A8575290C4041464A8559298329B9
:105CE8004400638809084E8502D802DA02DC02DE25
:105CF800EF5011082ACE141005462C0808184ECC6F
:105D0800EF40C0161375F50F2DE58355840093E514
:105D180025004A855D2911460C104A8599290146B6
:105D280097750100938545162685EFF06FE3268564
:105D3800EF00C0655C40B5DB014685450D45EFF0D9
:105D48006FD9AA843DD148401389C400EF5051024D
:105D58002AC64A85F12E3246636AC5004C404A85F8
:105D68000929014681452685EFF08FDF2685392DE3
:105D78002DBF8355840071BFEFC2AFCA97F7FF1FCD
:105D8800938787919C4719CD93E7870017E5FF1FF5
:105D98001305C56D17F7FF1F2324F790EFF0900C3C
:105DA8006FC06FCADD9B17F7FF1F232BF78EEF20FD
:105DB80050427DF517E5FF1F1305456BEFF0700D99
:105DC800C5B7EFC28FC34169AA892E8AB28A368BBA
:105DD800BA8B814417FCFF1F130C0C8C930C400EDC
:105DE8007D19EFF08FF763C4A40001442DA033841C
:105DF800940383270C0B3E948357C40163802705C3
:105E08005A87D6865286CE8513050403EFF01FCB3A
:105E180011C523800B0022856FC0AFC18347F401F1
:105E280091CF5A87D6865286CE8513059408EFF00F
:105E3800FFC809C585472380FB00F1BF850455B716
:105E480083574500638D0716EFC20FBC01112A84E2
:105E5800DD2619C58547630AF50405616FC00FBEC5
:105E6800EFD080367DF9835744004947ED9BE39690
:105E7800E7FEC1452285712CAA842285E52E0357A9
:105E8800440002CE91472A896317F7002285292901
:105E98003C082ACC3ECEEFD060325C55DDDF74087A
:105EA8004A86A685054582974DBF03574400D147CA
:105EB800E3F5E7FA032A0400C169014997EAFF1FDD
:105EC800938A8A7D130B400EFD19EFF00FE96344A6
:105ED800A90C2285032A0400B92EA1452A89228506
:105EE8000D2CAA842285C92614402A86AA897808F6
:105EF8002685CA85EFF0FFECAA8425D103C7F401F3
:105F080089476315F7008347C101A1DB5546D28550
:105F180013856400EFC0EFB30145EF70303501C55C
:105F280083D7C401B1EB97E7FF1F9387E7769C47B8
:105F380093551900858913D73700058B11CB8983B1
:105F4800858B6397B70001452EC6EFF0FFE2B24597
:105F58004E85EF7090390346C1012A849375190064
:105F68002685EF80102E31C92685EF70903426855E
:105F780011C00145EF70F05EEF20B0258547E31EA4
:105F8800F5EC83C754001307F00FE388E7EC8507A7
:105F9800A382F400D9B5B304690383A70A0BBE949E
:105FA80083D7C401638937015546D28513856400B8
:105FB800EF50813771D1050909BF5DDC5DBF828073
:105FC800EFC28FA4EF70B02911CDC164014417E965
:105FD800FF1F1309696C9309400EFD14EFF0EFD70A
:105FE800634AA40017E5FF1F13054548EFF08067D3
:105FF8006FC0CFA4330534038327090B3E9583571D
:10600800C5016386970023120500EF70902A0504E6
:10601800F1B797E7FF1F938727689C478D83858B88
:1060280099EBEFC20FA017E5FF1F13052544EFF00A
:1060380040666FC04FA18280EFC2AF9E97050000F7
:10604800938545B417E5FF1F13054542EFF0C05689
:106058006FC06F9F83C7F5FF2E858507A38FF5FE59
:10606800828083C7F5FFFD1793F7F70FA38FF5FE1F
:1060780089EBEFC20F9B1385F5FFEF00D15B6FC073
:106088008F9C8280EFC2EF998841050542054181C6
:1060980097B0FF1FE78020C209C585472300F50098
:1060A80005056FC04F9A1C41035745008D8FBA955F
:1060B8001CC12312B5003E85828093D78500A205B6
:1060C8001441DD8D835745001387E6FF18C1890702
:1060D8002312F50013D685004111238FB6FEA38F36
:1060E800C6FE4101828018419307F7FF1CC1835700
:1060F800450085072312F500A30FB7FE828083575A
:1061080045008D8F2312F5001C41BE950CC12E85CC
:106118008280AA8703D7470008410D8FAA9523924A
:10612800E7008CC38280184108453305A740828068
:1061380083574500035765001D8F1C41084533856B
:10614800A7403305A7408280EFC2AF8D41112EC60C
:106158002A84EFF0FFFDB2456373B50001A08357B1
:1061680044000840BE952312B4003E9541016FC01B
:106178008F8DEFC20F8B41112E84B28532C6EFF09E
:10618800BFFC3246A285EFC0CF8C41016FC0AF8BF8
:10619800EFC22F892E848545EFF01FFB2300850071
:1061A8006FC06F8AEFC2EF8741112317B10089458D
:1061B800EFF09FF98347E1002300F5008347F100E2
:1061C800A300F50041016FC00F88EFC28F8593D7F8
:1061D8008500A2054111DD8D2317B1008945EFF037
:1061E800BFF68347E1002300F5008347F100A300D1
:1061F800F50041016FC02F85EFC2AF82139785016B
:1062080093D78501C166938606F0D98F13D7850089
:10621800758FD98FA2053707FF00F98D4111DD8DE4
:106228002EC69145EFF05FF26C001146EFC06F8209
:1062380041016FC04F81EFB2DFFE1C41854503C4A9
:106248000700EFF0DFEB22856FB0FFFFEFB27FFDB5
:106258001C414111894503C7070083C7170023075D
:10626800E100A307F100EFF09FE90355E1004101C8
:106278006FB07FFDEFB2FFFA1C414111894503C79A
:10628800070083C717002307E100A307F100EFF019
:106298001FE78357E100410113D58700A2075D8DF1
:1062A800420541816FB03FFAEFB2BFF70C4141118F
:1062B8002A8411466800EFB0DFF991452285EFF096
:1062C8001FE4B247C166938606F01397870113D57A
:1062D8008701598D13D78700758F598DA207370706
:1062E800FF00F98F5D8D41016FB0FFF51C45BE952C
:1062F8000CC18280AE87944391E6584101EF0CC1EE
:106308005CC1828003C7570013671700A382E700A8
:10631800B687D5B70CC3EDB7AA87084119CD184180
:10632800D44398C36313D500D8C32A8703465700BC
:106338009376160081E6232007008280944381CA61
:106348008C4203A847008CC363930601CCC3799A97
:1063580014C3A302C7003687D1BF1C45DC471D8D77
:10636800B777DBB6938777DB09853305F5024205F6
:1063780041818280F147B385F50248452E95828098
:106388008347450085072302F5008280EFB27FE945
:106398002A8419E06FB03FEB83474400E5DFFD171F
:1063A80093F7F70F2302F400F5F71C4403D72700EF
:1063B80005072391E700DC4399C3228582974C485F
:1063C80089CD83475400898B99E71C4422859C47D3
:1063D8009C439C478297232A040000402320040002
:1063E8004DBFEFB21FE48357250041112EC691E738
:1063F8000144228541016FB01FE50357050081471D
:10640800F146E307F7FEB385D702404585072E948A
:106418008345440008C4F5F5B247AA8481E7232AD6
:10642800040009A81C456C0022859C439C43829764
:1064380048C85DDD85472312F400B24723200400D5
:10644800231804002319F4005C485CC483D7240093
:10645800FD172391F40071BFEFB2BFDC97E7FF1F70
:106468009387C70288432326050023240500410596
:10647800EFF020226FB03FDDEFB2BFDA17E4FF1F65
:106488001304C4001C40411189CF9C472300B50068
:106498002AC65CC1EFF05FFC1C40DC4399C332455F
:1064A800829741016FB03FDA034745001DEB584D15
:1064B800AA877D550DCBEFB2DFD61CC3DC4797E624
:1064C800FF1F23A5E6FCF156130507012390D7000B
:1064D8009705000093858501EFF0000E01456FB028
:1064E8009FD67D5582808280EFB2BFD3011161466D
:1064F80081452800EFB05FD797E7FF1F938707F91B
:106508009C4328009305F00FDC473EC6EFF0DFF60A
:1065180005616FB05FD397E7FF1F938727F79C4309
:10652800D847A1679387C7026312F70A397106DE55
:1065380022DC26DA80004AD84ED652D456D232858A
:10654800B284EFF05FCFAA892685EFF03FD02318F9
:10655800A4FC2685EFF09FCF2319A4FC2685EFF035
:10656800FFCE83D744000A8A231AA4FC858393F7B5
:10657800F70F230EF4FC8607BD0793F7073F330197
:10658800F1408A8A01498347C4FD6365F902CE85D3
:10659800130584FC232C54FDEFF01FEE52811301E8
:1065A80004FCF2506254D2544259B259225A925AB7
:1065B800216182802685EFF07FC993171900D6974D
:1065C80005092390A7001379F90F75BF828097E713
:1065D800FF1F9387A7EB9C43D847A1679387A70220
:1065E8006310F70A397106DE22DC26DA80004AD801
:1065F8004ED652D456D23285B284EFF0DFC3AA8980
:106608002685EFF0BFC4FD572318A4FC268523195F
:10661800F4FCEFF0BFC383D744000A8A231AA4FC12
:10662800858393F7F70F230EF4FC8607BD0793F7CE
:10663800073F3301F1408A8A01498347C4FD6365F6
:10664800F902CE85130584FC232C54FDEFF0DFE21C
:106658005281130104FCF2506254D2544259B25987
:10666800225A925A216182802685EFF03FBE931705
:106678001900D69705092390A7001379F90F75BF5C
:10668800828097E7FF1F938767E09C43D847A167FD
:1066980089076318F708397106DE22DC26DA8000DC
:1066A8004AD84ED652D456D232853289EFF0BFB886
:1066B800AA894A85EFF09FB9835749000A8A2318A7
:1066C800A4FC858393F7F70F230CF4FC8607BD071A
:1066D80093F7073F3301F1408A8A8144834784FD59
:1066E80063E5F402CE85130584FC232A54FDEFF0FC
:1066F800BFD85281130104FCF2506254D25442595B
:10670800B259225A925A216182804A85EFF01FB409
:1067180093971400D69785042390A70093F4F40F59
:1067280075BF828097E7FF1F938747D69C43D8475A
:10673800A1679387E7046312F70A397106DE22DC42
:1067480026DA80004AD84ED652D456D23285B28440
:10675800EFF07FAEAA892685EFF05FAF2318A4FC7F
:106768002685EFF0BFAE231AA4FC2685EFF01FAEF6
:1067780083D744000A8A2319A4FC858393F7F70F6B
:10678800230EF4FC8607BD0793F7073F3301F1405A
:106798008A8A01498347C4FD6365F902CE851305DA
:1067A80084FC232C54FDEFF03FCD5281130104FCEF
:1067B800F2506254D2544259B259225A925A216123
:1067C80082802685EFF09FA893171900D6970509B0
:1067D8002390A7001379F90F75BF828097E7FF1FF1
:1067E8009387C7CA9C43D847A1679387C704631098
:1067F800F70A397106DE22DC26DA80004AD84ED63E
:1068080052D456D23285B284EFF0FFA2AA892685E7
:10681800EFF0DFA3FD572318A4FC2685231AF4FC08
:10682800EFF0DFA283D744000A8A2319A4FC8583EA
:1068380093F7F70F230EF4FC8607BD0793F7073F7E
:106848003301F1408A8A01498347C4FD6365F9022F
:10685800CE85130584FC232C54FDEFF0FFC1528133
:10686800130104FCF2506254D2544259B259225ACC
:10687800925A216182802685EFF05F9D9317190057
:10688800D69705092390A7001379F90F75BF828061
:1068980097E7FF1F938787BF9C43D847A167DD070A
:1068A800631BF702EFB2FF97797132853284EFF0FC
:1068B8009F982AC62285EFF07F992311A10222858D
:1068C800EFF07F97B2452300A1022808EFF0DFBA66
:1068D80045616FB05F97828097E7FF1F938707BB7B
:1068E8009C43D847A16793878704631BF702EFB2DD
:1068F8005F93797132853284EFF0FF932AC622853F
:10690800EFF0DF942311A1022285EFF0DF92B24568
:106918002300A1022808EFF03FB645616FB0BF928F
:10692800828097E7FF1F938767B69C43D847A16784
:106938009387A704631CF700EFB2BF8E01112800EC
:106948008145EFF07FB305616FB0FF8F828097E7D5
:10695800FF1F9387A7B39C43D847A1679387570224
:106968006311F702EFB2FF8B01113285EFF0BF8C94
:106978002308A10081452800EFF01FB005616FB022
:106988009F8C828097E7FF1F938747B09C43D84727
:10699800A1679387E702631FF702EFB29F8801118F
:1069A80032853284EFF09F8AAA842285EFF01F8A0D
:1069B800854719E52285EFF01F884205B337A00007
:1069C80028008145231891003ECAEFF0FFAA05610F
:1069D8006FB07F87828097E7FF1F938727AB9C4321
:1069E800D8479947631FF704EFB2BF83797132859F
:1069F8003284EFF05F842AC62285EFF03F852310AA
:106A0800A1022285EFF03F832301A1022285EFF046
:106A18009F82A301A1022285EFF0FF812302A10238
:106A28002285EFF05F812313A1022285EFF0BF805A
:106A3800B2452314A1022808EFF01FA445616FB0E6
:106A48009F80828097E7FF1F938747A49C43D8477E
:106A5800A1679387C703631FF704EFB28FFC7971AF
:106A680032853284EFF02FFD2AC62285EFF00FFE23
:106A78002310A1022285EFF06FFD2311A1022285C8
:106A8800EFF06FFB2302A1022285EFF0CFFAA302F9
:106A9800A1022285EFF02FFA2303A1022285EFF04D
:106AA8008FF9B245A303A1022808EFF0FF9C4561C6
:106AB8006FB06FF98280EFB2CFF601112A84EFF040
:106AC8008FF7AA842285EFF06FF82285EFF00FF890
:106AD800035744008D4763F5E7002285EFF00FF771
:106AE8002285EFF0AFF62800A685EFF0FF98056144
:106AF8006FB06FF597E7FF1F938747999C43D84777
:106B0800A167FD076319F700EFB2AFF13285EFF027
:106B18009FFA6FB04FF3828097E7FF1F938707971D
:106B28009C43D847A167E5076311F706EFB26FEFFB
:106B3800797132853284EFF00FF02AC62285EFF0A2
:106B4800EFF02285EFF08FF02310A1022285EFF0FD
:106B5800EFEF520551812311A10222852302010280
:106B6800EFF06FEDA302A1022285EFF0CFEC230333
:106B7800A1022285EFF02FECB245A303A102280859
:106B8800EFF09F8F45616FB00FEC828097E7FF1F92
:106B98009387C78F9C43D847A1679387E7036319F7
:106BA800F700EFB20FE83285EFF0FFF06FB0AFE912
:106BB800828097E7FF1F9387678D9C43D847A1671B
:106BC800938747046314F702EFB2AFE57971328512
:106BD8003284EFF04FE62AC62285EFF02FE7B24560
:106BE8002808EFF07F8945616FB0EFE5828097E76D
:106BF800FF1F9387A7899C43D847A167938787027C
:106C08006316F702EFB2EFE1797132853284EFF063
:106C18008FE22AC62285EFF00FE2B2452300A102D7
:106C28002808EFF07F8545616FB0EFE18280EFB211
:106C38004FDF0111EFF02FE0AA852800EFF0DF8386
:106C480005616FB04FE097E7FF1F938727849C4348
:106C5800D847A167D1076319F700EFB28FDC3285F7
:106C6800EFF0FFFC6FB02FDE828097E7FF1F93875E
:106C7800E7819C43D847A167C5076319F700EFB2BE
:106C88004FDA3285EFF0BFFA6FB0EFDB828097D72B
:106C9800FF1F9387A77F9C43D847A167B90763194C
:106CA800F700EFB20FD83285EFF07FF86FB0AFD9A9
:106CB800828097D7FF1F9387677D9C43D847A1673A
:106CC800AD076319F700EFB2CFD53285EFF03FF685
:106CD8006FB06FD7828097D7FF1F9387277B9C431E
:106CE800D84789476310F702EFB2AFD30111328555
:106CF80032C8EFF04FD4AA852800EFF0EFF705610E
:106D08006FB06FD4828097D7FF1F938727789C43F3
:106D1800D847A1678D076317F702EFB28FD001112B
:106D280032853284EFF02FD113066100AA844C001B
:106D38002285EF20D00C2800A685EFF0EFF305613F
:106D48006FB06FD0828097D7FF1F938767749C437B
:106D580081CBDC4391C7EFB2CFCC82976FB0AFCE77
:106D68008280EFB20FCC79713C08AE843ED2A16527
:106D7800B7070A002A843ED448103C08DD053ED6F1
:106D880036C432C63AC2EFD03FB212474810BA856D
:106D9800EFF00FC032464810B285EFF0AFC0A24600
:106DA8004810B685EFF0CFBE501001478146A68542
:106DB8002285EFD0BFCF45616FB0EFC8EFB26FC685
:106DC80001117C000329C501AE843ECAA165B7073D
:106DD80007002A843ECC48087C00C5053ECEEFD08B
:106DE800BFAC8345D9004808EFF08FBA5008014777
:106DF8008146A6852285EFD07FCB05616FB0AFC4F1
:106E0800EFB22FC283C7950093F7F707A384F50065
:106E1800EFF0DFFA6FB02FC3EFB2AFC079713C0863
:106E2800AE843ED2A165B70709002A843ED4481033
:106E38003C08938545043ED632C636C4EFD0DFA65B
:106E4800A2464810B685EFF0AFB432464810B28576
:106E5800EFF04FB5501001478146A6852285EFD047
:106E6800FFC445616FB02FBEEFB2AFBB83C79500BB
:106E780041112A8493F7F707A384F50032852EC6BB
:106E8800EFF0CFBC85672AC4637CF500EF60103E45
:106E98002246B24509E9114781462285EFF07FEC89
:106EA80041016FB04FBA01478346F501FDB7EFB214
:106EB800AFB501113C003ECAB7070A003ECC3C0002
:106EC8003ECE83C79500AA89328593F7F707A38436
:106ED800F5002E84EFF08FB785676371F504A1651F
:106EE800AA84938585044808EFD01F9C2685EF6007
:106EF800F0372A891DE591454808EFF06FA9A68566
:106F08004808EFF02FAACA854808EFF06FA8014794
:106F180081465008A2854E85EFD05FB905616FB0F4
:106F2800EFB181454808EFF0AFA603490902C1BF98
:106F3800EFB28FAD79711C103ECAB7070F003ECC77
:106F4800404D1C10AA84AE894808994532C6368936
:106F58003ECEEFD07F9532464808B285EFF04FA37A
:106F680063040902A5454808EFF00F9E2546CA8527
:106F7800EFB02FAE500801478146CE852685EFD069
:106F8800FFB245616FB08FAB8355C4024808EFF07C
:106F98006FA10355E402814515C185478545630FF7
:106FA800F500C167FD179305F00F6309F5007D151E
:106FB800EF6080719305150093F5F50F4808EFF021
:106FC8002F9D834504034808EFF08F9C83451403E5
:106FD8004808EFF0EF9B835524034808EFF08F9C97
:106FE800835544034808EFF0EF9B69B7EFB26FA3EE
:106FF80083C795008146014693F7F707A384F500F8
:10700800EFF01FF36FB02FA4EFB2AFA179713E84F8
:107018001C103ECA2E89B7070F00A1653ECCFD059E
:107028001C10AA84480842C03AC23ECE36C432C6B2
:10703800EFD09F8732464808B285EFF06F95A24699
:107048004808B685EFF00F9612474808BA85EFF062
:107058006F9502486304080291454808EFF0CF8E07
:107068001146A285EFB0EF9E500801478146CA85B8
:107078002685EFD0BFA345616FB0EF9C89454808CE
:10708800EFF08F8C834704002300F500834714003A
:10709800A300F500D1BFEFB22F9783C79500011168
:1070A8002A8A93F7F707A384F5003285AE8432C69F
:1070B800EFF0CF9932462A893285EFF0CF9785676E
:1070C800637FF900AA894A85EF60501A2A8419E972
:1070D800114781464A86A6855285EFF09FC805610B
:1070E8006FB0CF959387E9FF93F7F70F0547E368EC
:1070F800F7FE8347F50195E78947E382F9FE834662
:10710800F401528501474A86A685EFF09FC5A1671D
:10711800D90748083ECC230A010002CEEFF0BFC2CF
:107128007DBF639CE7008947639CF90093071020A3
:10713800231FF500EF60F017D9B70947E391E7FC83
:107148008D47E39EF9FA2285EF60303997D7FF1F04
:10715800938707539C4399E797D7FF1F9387073C6B
:107168009C4389C703D50400EF701009231F04004E
:107178002285C9B7EFB2EF8A01113C003ECAB707B2
:107188000B003ECC3C003ECE83C795002A89328551
:1071980093F7F707A384F500AE84EFF02F8B9317CE
:1071A8000501C187635EF004A1652A849385E50221
:1071B8004808EFD06FEFA2854808EFE0BFFE97D7E9
:1071C800FF1F9387A7359C439DEF01449375F40FE8
:1071D8004808EFE0FFFB9355844093F5F50F480806
:1071E800EFE01FFB9355044193F5F50F4808EFE0D6
:1071F8003FFA014781465008A6854A85EFD01F8B84
:1072080005616FB04F84416585460546A2857D15A9
:10721800EF40607B5DD95105EFE0A03B13044006C9
:107228003344850265B7EFA2DFFF0111B7070600F7
:107238003EC683C7950021642A8993F7F707A3847C
:10724800F500AE8428009305A4040AC40AC8EFD048
:10725800AFE5300001478146A6854A85EFD01F85F6
:10726800EFE02FFA13049404480822CC230A010003
:1072780002CEEFF05FAD05616FA0FFFCEFA2DFF873
:10728800C1642A89014497D9FF1F9389E940130AE9
:107298008002FD14EFE06FAD6345A40001456FA0C7
:1072A800FFF9B307440303A7C90ABA9703D707002E
:1072B8006306970083D72700638427010504D9BF95
:1072C8000545F1BFEFA25FF42A8A2E8999C123A050
:1072D80005008149814497DAFF1F938AAA1B614BF5
:1072E800EFE0EFAE63C5A4004E856FA03FF5338491
:1072F800640383A70A003E948357040099E7630454
:107308000900232089008504E1BF4146D285130581
:107318004400EF40610165F9A289F5B7EFA2DFEEFD
:1073280039717C083ED4B7070A003ED67C083ED89F
:1073380083C795002A8A328593F7F707A384F50057
:107348002E8932C6EFE09FF085676373F5063246F3
:10735800AA843285EFE03FEE8547AA8963EAA7044D
:10736800A165938585042810EFD00FD42685EF609A
:10737800E06F2A8429E191452810EFE07FE1A68596
:107388002810EFE03FE2CE852810EFE07FE00147CC
:1073980081463010CA855285EFD04FF1A167938797
:1073A800770448183EDC230A010202DEEFF0BF9999
:1073B80021616FA0BFE881452810EFE07FDDA68539
:1073C8002810EFE03FDE97D7FF1F938767639C4342
:1073D80091C7228563870900EFC0E0218345040235
:1073E80065B7EFC0A020DDBFEFA21FE283C79500FD
:1073F8004111AA8993F7F707A384F5003285AE8473
:10740800328AEFE0BFE48567637BF5022A89EF6083
:10741800E0652A84914621C18347F50105476383C6
:10742800E70291C70D47636EF702AD462DA093059D
:10743800050303250A004146EF30116F1DE14101A4
:107448006FA0DFDF9305950803250A004146EF305A
:10745800B16D814679F94A86A6854E85EFF0DF9BA6
:10746800F9BF83250A0013059408EF60507E19C1FF
:10747800C146D5B797D7FF1F938787209C4399E7C5
:1074880097D7FF1F938787099C4389C72285EF7089
:10749800805179FD8547A30FF4002285EF90307362
:1074A8002285EF6000614E8581464A86A685EFF009
:1074B800BF96A1679387570448003EC42302010082
:1074C80002C6EFF05F88A5BFEFA23FD383C7950040
:1074D8004111AA8993F7F707A384F50032852E890D
:1074E800B28AEFE0BFD685676370F50CAA84EF60B7
:1074F800E0572A841DE9416B014A97DBFF1F938BF4
:10750800AB19130C400E7D1B19A833048A0383A7FB
:107518000B0B3E948357C401638D6703050AEFE0A4
:10752800CF83E344AAFE954639A88357C5016392E1
:1075380097029305050303A50A004146EF30D15E83
:10754800994611E181462686CA854E85EFF0DF8C83
:10755800A1A883A50A0013050403EF60506FC14674
:107568007DF12285231E9400EF9070662285EF60DE
:10757800405497D7FF1F9387A7489C438DCB230080
:1075880004022285EFB010774E8581462686CA858B
:10759800EFF09F88A1679387070448003EC4230241
:1075A800010002C6EFF02FFA41016FA09FC889477A
:1075B8002300F402D1BF397106DE22DC4AD88000EC
:1075C80052D456D25AD026DA4ED65ECE2E8A328978
:1075D8002A8BEFD09FF50605710541998A8A3301F8
:1075E800A140232224FC231404FCEFD01FF483477A
:1075F8009A000605350593F7F7072315A4FCA3049D
:10760800FA004A85232624FCEFE05FC4931705019E
:10761800C1876340F0025681130104FCF2506254A2
:10762800D2544259B259225A925A025BF24B216102
:107638008280AA844A85EFE07FC1AA894A85EFE063
:10764800FFC0A1659385C5022A89130544FCEFD0C4
:10765800AFA52685EFD06F9B854501C94A86CE85A3
:10766800EFD02F95AA8B15ED8945130544FCEFE063
:107678003FB2A685130544FCEFE0DFB2CE851305C3
:1076880044FCEFE03FB2CA85130544FCEFE09FB12C
:1076980001478146130644FCD2855A85EFD00FC1B5
:1076A8009DBF8145130544FCEFE09FAEA6851305F9
:1076B80044FCEFE03FAFCE85130544FCEFE09FAEFE
:1076C800CA85130544FCEFE0FFAD8144EFD0FFE528
:1076D800E3D0A4FC83A70B0113971400BA9783D5B2
:1076E800070089C5130544FCEFE0DFAB8504F9BF4B
:1076F800797106D622D44AD000184ECE52CC56CA3A
:1077080026D25AC8AE893289AA8AEFD01FE2060566
:10771800690541990A8A3301A140232A24FC231CC4
:1077280004FCEFD09FE083C7990006052D0593F769
:10773800F707231DA4FCA384F9004A85232E24FC03
:10774800EFE0DFB093170501C187634FF000528166
:10775800130104FDB250225492540259F249624A6C
:10776800D24A424B45618280AA844A85EFE01FAE27
:10777800A1659385A5022A89130544FDEFD0CF9210
:107788002685EFD08F88854519C5CA85EFD06F85C6
:107798002A8B0DE98945130544FDEFE07F9FA685F7
:1077A800130544FDEFE01FA0CA85130544FDEFE073
:1077B8007F9F01478146130644FDCE855685EFD04D
:1077C800EFAE71B78145130544FDEFE07F9CA685B8
:1077D800130544FDEFE01F9DCA85130544FDEFE046
:1077E8007F9C8144EFD07FD4E3D5A4FC83270B0191
:1077F80013971400BA9783D5070089C5130544FD6C
:10780800EFE05F9A8504F9BFEFA2BFA18347450067
:10781800404DD5E7FD574DC0834694000947636D39
:10782800D7080346B400854663E8C6088306E40023
:1078380063C406085C45F9562390D70097D7FF1F05
:1078480083C787C599E3A304E40097D7FF1F9387ED
:10785800E7CC9C4381E78947A306F40097D7FF1F2D
:107868009387071A9C4381E789472306F400970505
:10787800000093854505AA8413050401EFD0D05371
:10788800FD57231AF40281471CDC014897D7FF1FD4
:1078980023A087C097D7FF1F9387C7BF232E040352
:1078A80004C08043EFD0BFD261463306C50281458C
:1078B8002285EFA07F9B81473E856FA0DF98FD570B
:1078C800E5BFEFA21F962A8403554502EF60001A10
:1078D80009E5231E04006FA01F978357E401E5DF25
:1078E800930504FF176501001305C593EFC0907851
:1078F800DDB7EFA21F932E89A16541119385E5039A
:107908002A8436C432C6BE843AC2EFC0FFF9124791
:107918002285BA85EFE0DF8732462285B285EFE01F
:107928007F88A2462285B685EFE0DF87630D0900D0
:1079380091452285EFE05F811146A685EFA07F91F2
:1079480041016FA05F9089452285EFE0EFFF83C773
:1079580004002300F50083C71400A300F500CDB789
:10796800EFA23F8C83C79500444D054793F7F7076F
:10797800A384F5001C42411183C70700636DF70417
:107988002E842A8985CC03C7D4006309F70217D748
:10799800FF1F1307A7B8184301CFA386F400EF9081
:1079A800104183C7D40089E741657D15EF40400940
:1079B80083D72403918B99C3EFC030784A85A28579
:1079C800EFF0CFBFA167C10748003EC42302010002
:1079D80002C6EFF04FB741016FA0FF86EFA27F8488
:1079E80003D745008D47AA8441112E8432892E85FC
:1079F80063EDE700EFE09F85AA852300090026854F
:107A0800EFC03FDE41016FA01F84EFE03F842AC62C
:107A18002285EFE0BF83B24585472A862300F90017
:107A28002685EFC01FD9F9BF397106DE22DC26DAB8
:107A380080004ED652D456D24AD85AD05ECEAE899D
:107A4800B284AA8AEFD07FAD0605130525024199B5
:107A58000A8A3301A140232224FC231404FCEFD01A
:107A6800DFAB83C7990006054D0593F7F707231584
:107A7800A4FCA384F9002685232624FCEFE00FFD4F
:107A880093170501C1876340F0025281130104FC7A
:107A9800F2506254D2544259B259225A925A025B55
:107AA800F24B21618280AA8B03AB0400EFC0FFD5A3
:107AB80035E983D7440001498544F11793B7170086
:107AC800A301F4FC834734FCA165BDC79385E50495
:107AD800130544FCEFC05FDDA685130544FCEFE009
:107AE8002FEBDE85130544FCEFE0CFEB834734FC36
:107AF800114691E30946DA85130544FCEFE06FE788
:107B0800814463080900416B7D1BEFD01FA163C846
:107B1800A40201478146130644FCCE855685EFC072
:107B2800FFF8A5B7A685130634FCEFF03FEB9334B6
:107B380015002A89860479B79385C50451BF832720
:107B4800C90013971400BA9783D5070063866501A7
:107B5800130544FCEFE00FE5850445BFEFA2EFE90C
:107B680079711C103EC4B7070F003EC61C103EC8F2
:107B780083C79500AA8A328593F7F707A384F5008F
:107B8800AE893284EFE08FEC93170501C18763500B
:107B9800F0062A8A2285EFE06FEB2A895285032BAB
:107BA8000400EFC09FC639E583574400814405446B
:107BB800F11793B71700A303F10083457100DA8723
:107BC8002287CA8652862800EFF0BFD20147814635
:107BD8003000CE855685EFC07FEDA1679387D70328
:107BE80048083ECC230A810026CEEFF0CF954561A8
:107BF8006FA02FE4A28513067100EFF03FDEAA8480
:107C0800094445DD3544E30A55FB4A85EFF00FE7A3
:107C18000D4445D50144EFD05F90634BA400C16B80
:107C28000144FD1BEFD07F8F634EA400154471B74C
:107C3800DC4413171400BA9783D70700638127031E
:107C48000504D1BFD84493171400BA9703D7070087
:107C580063197701239027012685EF90406A014434
:107C6800A9BF0504C1B7EFA22FDA83C79500411158
:107C78002A8A93F7F707A384F50032852E89328480
:107C8800EFE0CFDC93170501C187635BF004AA8995
:107C98002285EFE0AFDB2311A1004E85832A040083
:107CA800EFC0BFB629E18357440085440144F1176A
:107CB80093B71700A300F1000348110003572100F0
:107CC800D6875285CE862686CA85EFF0EFB3A167A0
:107CD800F10748003EC42302910022C6EFF0AF86A8
:107CE80041016FA0AFD5A28513061100EFF01FCF99
:107CF8002A84894471D18357210011678544BA9732
:107D0800C2071167C1831307F7EFE367F7FA97D73D
:107D1800FF1F9387E7969C4391C78545130521006C
:107D2800EF50900B8355210022858144EFC05FA559
:107D380041D5231005002285EF90005EB5BFEFA264
:107D4800CFCB83C7950041112A8B93F7F707A384FC
:107D5800F50032852E8A3284EFE04FCF9317050164
:107D6800C1876359F004AA8A2285EFE02FCE2A89B9
:107D78005685832B0400EFC05FA921E18357440097
:107D880081440544F11793B71700A301F100034894
:107D98003100DE875A854A87D6862286D285EFF05B
:107DA800AFA6A167ED0748003EC42302810026C69E
:107DB800EFE07FF941016FA0CFC7A285130631001C
:107DC800EFF0DFC1AA84094479D19167CA97C20745
:107DD8001167C1831307F7EF0544E36AF7FACA8509
:107DE800EFC01F9A014445F58149EFD00FF463DBDA
:107DF800A900984893971900BA9703D7070015E781
:107E080023902701EFD06FF21544E382A9F8268565
:107E1800EF90805097D7FF1F938787869C43014434
:107E2800BDD74A85EF50A0739DB785097DBFEFA2E6
:107E3800AFBD79713E847C083EC82E8AB70714000E
:107E4800A1653ECAE5057C08AA89080836C44289A6
:107E580032C6BA8AC6843ECCEFC01FA5CA850808B8
:107E6800EFE00FB332460808B285EFE0AFB3A246A1
:107E7800630E09029D450808EFE00FAD1D468145D8
:107E8800EFA08FBE63870A0691450808EFE0CFABE5
:107E98001146A685EFA0EFBB100801478146D285A1
:107EA8004E85EFC0BFC045616FA04FB9B6850808C1
:107EB800EFE04FAF1C400808D8439355C7018589A8
:107EC80012075183B205D98DEFE0CFAD1C400808E9
:107ED80083C58700EFE0CFAB1C40080883C5A70027
:107EE800EFE00FAB1C40080883C59700EFE04FAAEE
:107EF80051BF89450808EFE02FA583C70400230078
:107F0800F50083C71400A300F50079B7EFA2CFAF3F
:107F180083C795004111AA8993F7F707A384F50051
:107F28003285AE843284EFE06FB293170501C187C2
:107F38006357F0042A89032A0400EFC01F8D19E94A
:107F4800835744000548F11793B71700A307F100BA
:107F5800814621A81306F100A285EFF03FA81DC1B4
:107F68001C459DC383D6470001480347F10093078A
:107F78008500D2884A86A6854E85EFF05FEB4101E1
:107F88006FA0CFAB0948E9B71D48D9B7EFA2CFA773
:107F980065715C083EC4B7077B013EC65C083EC8F5
:107FA80083C795002A8A328593F7F707A384F500DB
:107FB800AE89EFE04FA88357E100C5C38945280083
:107FC800EFC09F8E81452800EFE08F9CEFC07F9324
:107FD80097D7FF1F9387C7A29C4317C4FF1F03446B
:107FE800A44BAA843334800099C31364240097C730
:107FF800FF1F9387A7529C4399C31364440097C7F4
:10800800FF1F9387E7679C4399C31364840083D554
:10801800040028000149EFE0EF9883D524002800E8
:10802800EFE04F9883D544002800EFE0AF97EFD0FA
:10803800CFCA93150501C1812800EFE0AF96A2854C
:108048002800EFE02F969C44636CF90001478146B5
:108058003000CE855285EFC07FA559616FA00F9E75
:10806800DC441314490028003E94EFE06F8C8347EA
:1080780044000347540089070607BA978607E36E4A
:10808800F5FC835524002800814AEFE0AF91834531
:1080980044002800EFE0CF8F834554002800EFE02C
:1080A8002F8F8347440063C9FA00814A83475400ED
:1080B80063CFFA00050941BF1C4413975A002800F2
:1080C800BA9783D50700850AEFE0CF8DD9BF032B78
:1080D800C40093975A0028003E9B83552B00850ABD
:1080E800EFE04F8C83550B002800EFE0AF8B7DBF8E
:1080F800EFA22F935C4993E717005CC9EF90A04863
:108108006FA06F94EFA2EF912E848145EFF08F9BC3
:1081180005C183570500FD172310F50009C48357CF
:1081280025002310F400EFF0BFFC01456FA0AF91CC
:1081380031456DDC23100400D5BFEFA2EF8C83C757
:10814800950041112A8A93F7F707A384F500328531
:108158002E893284EFE08F8F93170501C187635E04
:10816800F004AA89C1452285EFD0BFFA2A8B4E8533
:10817800832A0400EFC06FE921E5835744002311E7
:1081880001000544F11793B71700A300F1008144DB
:108198000348110003572100D6875285CE862286D0
:1081A800CA85EFE07FE6A1679387170248003EC4BF
:1081B8002302810026C6EFE01FB941016FA00F8896
:1081C80013061100A285EFF07F81AA8409E5231127
:1081D8000100094475BF930521005A85EFF09FF20D
:1081E800835721002A84CDD797C7FF1F9387474914
:1081F8009C4391C7854513052100EF50E03D835509
:10820800210026853144EFC0AFD759D1231005008E
:108218002685EF9060100144A5BFEFA28F80411121
:108228002E896C00AA8402C6EFF0CF8909CD0357C6
:10823800050005072310E500EFF09FEB81473E8519
:1082480041016FA04F803247954775DBCA85268567
:10825800EF207006C147E34405FE32448547414696
:108268002310F40083570900A68513054400231141
:10827800F400EF901FFE2285C1B7EF92FFF883C785
:1082880095004111AA8A93F7F707A384F500328570
:10829800AE893284EFD09FFB93170501C187635ED7
:1082A800F0042A8AC1452285EFD0BFE6AA84528508
:1082B800032B0400EFC06FD521E583574400231139
:1082C80001008544F11793B71700A300F10001449A
:1082D8000348110003572100DA875685D28626867F
:1082E800CE85EFE07FD2A1679387070248003EC49E
:1082F8002302910022C6EFE01FA541016F901FF4F1
:10830800A28513061100EFF06FED2A8409E5231109
:108318000100894475BF268593052100EFF0FFEF22
:10832800AA845DF5835521002285EFC06FC54DF104
:108338000149EFD08F9F635DA90018489317190072
:10834800BA9703D707001DE7035721002390E700DA
:10835800EFD0AF9D6302250397C7FF1F938747326E
:108368009C4389C703552100EF50601F2285EF8089
:10837800B07AB9BF050975BF954499BF05C1930780
:10838800F00F630FF500C547630CF5009307F5FF81
:1083980005453315F50042054181828001458280FB
:1083A80041657D158280B9E1EF92BFE70345060379
:1083B8003284EFF0BFFC9305803EB305B502C205D9
:1083C800C18191C90357E402854763F6E7001305A5
:1083D8000401EFD0802A8357E40241677D17638543
:1083E800E700FD172317F4026F90FFE58280EF92F4
:1083F800DFE0004283C79500444D0349140093F71A
:10840800F707A384F500834704002209116733693D
:10841800F900A167B347F90041112A8BAE8A63ECD2
:10842800E70C834724001307C00EB91793F7F70F1B
:108438006371F70E03473400C14763ECE70C8347C9
:1084480044001307E00793C707086373F70A8349D3
:10845800840083477400A209B3E9F900856763F9CA
:10846800F908034A6400834754004E85220A336A98
:10847800FA00EF50A05F45C123962403834B3400D4
:10848800137AFA00239A3403238874032399440344
:1084980093890401631A090023A60402239804029D
:1084A8004E85EFD0001F1DA0034924004A85EFF038
:1084B800FFEC2397A402834744004E85A388F40267
:1084C800E3810BFEE30F09FCEFD0C019EF90000F1A
:1084D80081460146D6855A85EFE09FA5A167938717
:1084E80097033EC423020100480002C6EFE0BF859F
:1084F80041016F901FD48544A2862686D6855A8569
:10850800EFE01FA3A167938797033EC4230291005E
:10851800E1BFBD44D5B79144C5B7EF92FFCE011175
:108528001C08404D3EC2B7070F003EC41C083EC69B
:108538002A89AE89EFC07FA2585C1C5C634CB70ADD
:108548006394E50063E8A70A3385A740B3B7A7009B
:10855800B305B7401306803E81469D8DEF208165A7
:1085680093140501C180A1659385C5034800EFC038
:10857800AFB381454800EFD0BFC18355040448001C
:10858800EFD05FC2835524044800EFD0BFC18145B6
:1085980099C8C167FD179305F00F6386F400268517
:1085A800EF508012AA854800EFD09FBE03554404BF
:1085B800814511C9C167FD179305F00F6305F500E3
:1085C800EF508010AA854800EFD09FBC8345640413
:1085D8004800EFD0FFBB834574044800EFD05FBB71
:1085E800500001478146CE854A85EFC02FCC0561F2
:1085F8006F90DFC4814485BFEF92BFC283C79500E7
:1086080093F7F707A384F500EFF03FF16F90BFC32E
:10861800EF929FBF83C795004111404D93F7F7072D
:10862800A384F5002A8A3285B284AE89EFD01FC2AE
:108638002A8B2685EFD09FC12A892685EFD0BFBF18
:1086480093170B0163CA0702E177CA97C207C18370
:10865800116763E3E70293070910C207C183130791
:10866800B00F637BF70093170901C187AA8A634893
:10867800F000C54763FA570141016F903FBCEFC056
:108688004F8BE31B25FFF5B763060B026304090252
:10869800814463870A02B7077F002310640523110A
:1086A80024057CC05685EFF07FCD9304803EB3044B
:1086B800950239A0B7077F00232004047CC08144B9
:1086C80003552404EFC0902595CCEFC01F8926954B
:1086D80093D7F44133379500AE97BA9708DC5CDC42
:1086E800CE855285EFF07FE399E023220404A16749
:1086F8009387B70348003EC42302010002C6EFE097
:108708008FE49DBF814701481CDC232E0403C9BFA9
:10871800EF923FB1EFC0BFEBE1473305F50291455A
:10872800EF40B07CE55711C597C7FF1F23A4A7D614
:1087380081473E856F903FB1854717C7FF1F230DBF
:10874800F7D48280EF92FFAD97C7FF1F938747D476
:1087580080432DC083570404639EA70483572404D1
:10876800639AB7043689B284EFC02FFF5C5C63C399
:10877800B7046395B7001C5C63EEA70283476404E3
:1087880063F3F400A6872303F4048347740463F3B4
:108798009700A687A303F4048357440441677D1711
:1087A8006385E70085072312F4043C4481C7CA8522
:1087B800268582976F903FA997C7FF1F938747CD5C
:1087C8009C43014599C303C587008280EF927FA52A
:1087D8000111B70707003EC683C79500584D0AC464
:1087E80093F7F7070AC8A384F5002A89AE8401CB5A
:1087F8001C4283C707002304F700EF80505B216405
:10880800930554022800EFC02F8AEFF0FFFAAA85DB
:108818002800EFD0FF97300001478146A6854A859A
:10882800EFC0CFA813044402480822CC230A010051
:1088380002CEEFE04FD105616F90FFA0EF927F9ECF
:1088480001117C003ECAB70707003ECC7C003ECE33
:1088580083C795002E84AA8493F7F707A384F500AD
:10886800A165938555024808EFC00F84EFF0DFF447
:10887800AA854808EFD0DF91500801478146A285B4
:108888002685EFC0AFA205616F90FF9B97C7FF1FBA
:10889800938707C09C43094599C303C59700828005
:1088A80097C7FF1F9387C7BE9C43094599C303C554
:1088B800D700828097C7FF1F938787BD9C430145D8
:1088C80099C303C5A7008280EF921F940111B707CF
:1088D80008003EC683C79500404D0AC493F7F707C2
:1088E8000AC8A384F5002A89AE8429C014428547A2
:1088F80003C7060063EEE7068347940009468149EB
:10890800638EC700B307F740A304E400B339F0004F
:1089180083C716002305F400EF807049035724032A
:10892800058B09C763840900EFC020012164930502
:1089380084022800EFB05FF7EFF05FF5AA85280002
:10894800EFD01F85EFF01FF7AA852800EFD05F84CE
:10895800014781463000A6854A85EFC02F9513044C
:108968007402480822CC230A010002CEEFE0AFBD12
:1089780005616F90BF8CEF92DF8A01117C003ECABF
:10898800B70708003ECC7C003ECE83C795002E84F6
:10899800AA8493F7F707A384F500A1659385850258
:1089A8004808EFB07FF0EFF07FEEAA854808EFD0D7
:1089B8002FFEEFF03FF0AA854808EFD06FFD500872
:1089C80001478146A2852685EFC04F8E05616F90CD
:1089D8009F8797C7FF1F9387A7AB9C43014599C300
:1089E80003C5B7008280EF92DF830111B707070044
:1089F8003EC683C79500404D0AC493F7F7070AC8D7
:108A0800A384F5002A89AE8405C41C42054783C7A0
:108A18000700636AF7040347B400630BF700A30574
:108A2800F400EF80D0388347B400A9C3EFD04FD902
:108A380021649305B4002800EFB01FE7EFF07FF939
:108A4800AA852800EFD0CFF4014781463000A685DB
:108A58004A85EFC0AF852904480822CC230A0100C3
:108A680002CEEFE04FAE05616F90EFFDEFD06FDA09
:108A7800C1B7EF920FFB01117C003ECAB707070090
:108A88003ECC7C003ECE83C795002E84AA8493F703
:108A9800F707A384F500A165AD054808EFB0DFE04E
:108AA800EFF03FF3AA854808EFD08FEE5008014752
:108AB8008146A2852685EFB07FFF05616F90AFF8EC
:108AC80097C7FF1F9387C79C9C43094599C303C554
:108AD800C7008280EF92EFF401117C00AE843ECA99
:108AE800A165B70707002A843ECCD1057C00480859
:108AF8003ECEEFB07FDBEFF0BFFCAA854808EFD091
:108B08002FE9500801478146A6852285EFB01FFA54
:108B180005616F904FF3EF92CFF083C7950093F7FD
:108B2800F707A384F500EFF0FFFA6F90CFF1EF920B
:108B3800AFED83C795000329C501411193F7F707E6
:108B4800A384F5001C4283C90700854763EC3705F9
:108B580097C7FF1F9387C7EA9C432E84AA8495C7AB
:108B6800EFF01FF689476302F502630009028347A5
:108B7800C900638C370123063901EF8050238357DE
:108B88002903898B99C3EFB0505B2685A285EFF046
:108B98007FF4A167CD0748003EC42302010002C646
:108BA800EFE06F9A41016F906FE997C7FF1F9387B6
:108BB800278E9C431D4599C303C5E7008280EF9229
:108BC8004FE60111B70707003EC683C79500584D09
:108BD8000AC493F7F7070AC8A384F5002A89AE8464
:108BE80005C71C4283C7070093968701E18663C8BF
:108BF800060485466385D7048346E7006386F60046
:108C08002307F700EF80B01A21649305E4002800D9
:108C1800EFB09FC9EFF07FF9AA852800EFD04FD7B2
:108C2800014781463000A6854A85EFB03FE8350404
:108C3800480822CC230A010002CEEFE0CF9005615C
:108C48006F906FE0EF92EFDD01117C003ECAB7072D
:108C580007003ECC7C003ECE83C795002E84AA84B4
:108C680093F7F707A384F500A165B9054808EFB0A5
:108C7800BFC3EFF09FF3AA854808EFD06FD1500823
:108C880001478146A2852685EFB05FE205616F90B6
:108C98008FDBEF926FD7AA84014417B9FF1F13091E
:108CA800697FE149EFC0BF926344A400014519A858
:108CB80033053403832709003E95835725006395C0
:108CC800970011056F908FD70504E9BF032E850023
:108CD80063040E1017C3FF1F1303839A03230300B3
:108CE800631503002943639A060E03234E01631597
:108CF80003001D436393070EEF922FD0C689428A63
:108D08003E89BA8AB684328BAE8B2A84A1E9035590
:108D18004E0009E501431A856F90AFD1A167A98F6D
:108D2800116763F7E700EFF0DFF68145EFF08FBDDD
:108D38000844B70700E05841F98F18455CC1B707E8
:108D4800001FF98F1CC55C4981C76105EFC070140D
:108D5800E38209FC2285EF80F0036DBF3285EFB016
:108D680060780D434DD91C44116703D54700A167AE
:108D7800A98F63F7E700EFF0DFF18145EFF08FB8D7
:108D88000323840093164B01D1828347B300035613
:108D980063008588FD8BA305F300FD777D8E558ED6
:108DA800FD76FD16B204F18E83274301C58E23128A
:108DB80073012313D3002304530123052301A304C0
:108DC8004301D9D72285EFB0DFC2AA850844B5DDB3
:108DD8006105EFC0900AADBF1D431A858280EF92EE
:108DE800AFC20569AA84AE89328A0144FD5A7D1949
:108DF800EFC0AFF26345A40001456F902FC4D8447B
:108E080093171400BA9703D70700631B37032390FF
:108E1800570163050A002685EF80604E9C448DC388
:108E280083D76700B3F72701639C3701D2880148CD
:108E3800814701478146014681452685EFF01FE9B4
:108E480005047DB7EF924FBC79711C103EC4B7077B
:108E58000F003EC61C103EC883C79500AA8A3285FB
:108E680093F7F707A384F5002E893284EFD00FBE5D
:108E780093170501C1876350F006AA892285EFD0B0
:108E8800EFBC2A8A4E85032B0400EFB01F9839E502
:108E98008357440081440544F11793B71700A3038F
:108EA800F10083457100DA872287D2864E86280032
:108EB800EFE03FA4014781463000CA855685EFB0F0
:108EC800FFBEA1679387F70348083ECC230A8100B9
:108ED80026CEEFD05FE745616F904FB6A2851306A7
:108EE8007100EFE0BFAFAA84094445DD5285EFE089
:108EF800EFB80D445DD50546D2852685EFF03FEEE7
:108F08002A8445B7EF92EFB183550700034627003F
:108F180041112A842E8532C62EC4EFE02FB611C522
:108F28003246A2452285EFF09FEB41016F90AFB129
:108F3800EF92AFAC83C795004111AA8A93F7F70760
:108F4800A384F5003285AE893284EFD02FB0931711
:108F58000501C1876357F008C1452A8A2285EFD0E9
:108F68004F9B2A8D2285EFD06FAE2A892285EFD0BC
:108F78008FAC930705F893F7F70F1307E007AA8B51
:108F88006371F7062285EFD00FAB2A8C2285EFD0CC
:108F98008FAAAA8C5285032B0400EFB01F8729E5FE
:108FA80083574400231101008144F11793B7170038
:108FB800A300F1000544034711008356210093875D
:108FC80084005685DA8822885286CE85EFE03FE60F
:108FD800A167E90748003EC42302810026C6EFD0F6
:108FE8009FD641016F90EFA413061100A285EFE010
:108FF800FF9EAA8409E52311010009446DBF93056A
:1090080021006A85EFF06FA12A8455F58355210068
:109018009356C9001316490185486688E2875E871A
:10902800858A51822685EFF07FCA2A8469B7EF9234
:10903800CF9C83C7950041112A8B93F7F707A38428
:10904800F5003285AE893284EFD04FA09317050121
:10905800C1876352F0082A8A2285EFD02F9FAA8AF7
:109068002285EFD0AF9E2A892285EFD0CF9C930727
:1090780005F893F7F70F1307E0072A8C637DF704C9
:109088002285EFD04F9BAA8C2285EFD0CF9A2A8DCC
:109098005285832B0400EFB04FF729E18357440032
:1090A80085440144F11793B71700A301F100034762
:1090B8003100930784005A85DE882688D686528632
:1090C800CE85EFE0DFD68D4748003EC423029100ED
:1090D80022C6EFD05FC741016F90AF95A2851306F6
:1090E8003100EFE0BF8F2A84894471D19356C900BB
:1090F8001316490185486A88E6876287858A5182FE
:10910800D685EFF0BFBCAA845DB7EF92EF8F2A89AE
:1091180081440144617A916A17BBFF1F130B4B56B8
:10912800EFC0AFC063C5A40022856F902F9183273D
:10913800090093991400CE9703D50700330745011A
:10914800420741836362570311CD03270B0009C708
:1091580085453E85EF404048832709000504CE97A2
:109168002390070085046DBFEFF0BFB28327090085
:109178000504CE972390070075D58145EFE09FF849
:10918800D5B7EF926F8883C7950041112A8A93F764
:10919800F707A384F50032852E893284EFD00F8B30
:1091A80093170501C1876354F004AA89832A040030
:1091B800EFB0AFE521E18357440085440144F1173E
:1091C80093B71700A301F10003483100D6875285F1
:1091D8000147CE862686CA85EFD01FE3A167F5072B
:1091E80048003EC42302910022C6EFD0DFB54101FA
:1091F8006F90CF84A28513063100EFE02FFE2A84FA
:10920800894479D197B7FF1F938787479C4381CBC0
:109218000449EFC08FB1AA852685EF40E03B1305CE
:109228000401EFF09FEE2285EF80000F814469BFB3
:10923800EF82BFFC83C795004111AA8A93F7F7070D
:10924800A384F5003285AE89328423110100EFC072
:10925800FFFF93170501C187635CF0042A8AC145A3
:109268002285EFC01FEBAA8B5285032B0400EFB0B9
:10927800CFD931E18357440085440144F11793B7AE
:109288001700A300F1000348110003572100DA87F3
:109298005685D2862686CE85EFD01FD7A1679387BD
:1092A800270248003EC42302910022C6EFD0BFA97E
:1092B80041016F801FF8A28513061100EFE00FF23D
:1092C8002A84894469D197B7FF1F9387673B9843DE
:1092D8003E8901CB0449EFC04FA5AA852685EF40FA
:1092E800A02F13050401EFF05FE2EFC00FA495442F
:1092F80059D9930521005E85EFE03FF2AA8441F534
:109308001C480357210022852390E700EF80C00006
:1093180083270900ADDB03552100EF404024A5B7A2
:10932800EF82BFED83C795004111AA8A93F7F7072B
:10933800A384F5003285AE893284EFC03FF19317DC
:109348000501C1876359F0042A8A2285EFC01FF0FE
:109358002A895285032B0400EFB02FCB21E18357D4
:10936800440085440144F11793B71700A301F100A5
:1093780003483100DA8756854A87D2862686CE8505
:10938800EFD09FC8A167F90748003EC423029100A7
:1093980022C6EFD05F9B41016F80BFE9A28513060B
:1093A8003100EFE0AFE32A84894479D19167CA9705
:1093B800C2071167C1831307F7EF8544E36AF7FA19
:1093C80097B7FF1F9387C72B9843BE8B01CB0449E0
:1093D800EFC0AF95AA852685EF400020130504014C
:1093E800EFF0BFD2EFC06F94954459D11C48228545
:1093F800814423902701EF70307283A70B00ADDB07
:109408004A85EF40C015ADB7EF82BFE12A84410518
:10941800B284EFF09FCF01C52285EF70F06F8146CF
:109428000146A6852285EF8040211C4C89C7DC4770
:1094380099C3228582976F801FE197B7FF1F938793
:1094480027059C43014599C313850701828097B777
:10945800FF1F9387E70388438280EF829FDC93177F
:10946800C600DD8DC2054111C1812A8432C6EFC014
:109478007FD33246228511829375F60FEFC05FD1F4
:1094880041016F805FDCEF823FD879713C083ED2A2
:10949800B7070C003ED43C083ED683C79500AE847F
:1094A8002A8993F7F707A384F500A1659385350406
:1094B8004810EFB06FBFC165FD15014417BAFF1F13
:1094C800130A8A1D930A400EAE892E8B2EC6EFC052
:1094D800CF884205931704014181C183B24563E3F4
:1094E800A702C167FD176385F5004810EFC09FCB41
:1094F800501001478146A6854A85EFB02FDB4561AC
:109508006F80DFD33307540383270A0BBA9703D638
:10951800C70163083601638835014810EFF0FFF38F
:10952800DA85050465B7B285EDBFEF821FCD797185
:109538007C083EC8B70711003ECA7C083ECC83C7EA
:109548009500AA89328593F7F707A384F5002E8939
:10955800EFC0DFCF8567637EF502A165AA84890520
:109568000808EFB06FB42685EF404050133415005B
:109578000A04A2850808EFC0BFC1A6850808EFC085
:109588007FC235C0014781461008CA854E85EFB0B5
:10959800EFD145616F80FFC9B30754030327CA0A97
:1095A800BA9703D70700631A970003D62700638A80
:1095B80065030808EFF07FEADE8505042EC6EFB0E4
:1095C800DFFA4205931704014181C183B245E3E5FF
:1095D800A7FCC167FD17E387F5FA0808EFC09FBC31
:1095E80055B7B285D9BFC165FD15014417BAFF1F2C
:1095F800130A8A0A930A80022E8BAE8BC1B7EF82B8
:109608005FC218418347170083460700A207D58F1A
:10961800D207D1832390F50083472700034717001B
:109628008D45A207D98F91832310F600EFC03FAD77
:109638006F807FC1EF825FBDC164014417B9FF1F0E
:109648001309890593098002FD14EFB01FF26345E1
:10965800A40001456F809FBE330534038327C90AE0
:109668003E9583570500E38797FE0504F9BFEF820F
:10967800BFB92A8AAE89B284B68AEF40203F09E58D
:1096880091473E856F809FBB2A894E85EFA09065E4
:109698002A84638A0A048D476DD503570500C54798
:1096A800E31147FF0347F9018546AD47E31BD7FCA4
:1096B8008347450091CB4146A6855D05EF10D1460D
:1096C800814761D1AD4775BF130965012302E500E4
:1096D800CA852685EF10C02A15CDA547E3830AFA67
:1096E8002302040079BF11CD83570500E39A47F997
:1096F8004146A6851905EF103143814759D199474D
:1097080049B74E85EFF01FF32A8495473DD91309D1
:1097180055007DBF4146A68523104401231134011D
:1097280013051900EF80FFB22285EF703052814790
:1097380089BFEF821FAF79717C003ECCB7070A0062
:109748003ECE7C003ED083C79500B2842E8493F72A
:10975800F707A384F5001306A1002A892C002685A3
:10976800EFF0FFE9A16528088D05EFB0EF93904071
:109778008355A100035581008546EFF05FEFAA8469
:10978800AA852808EFC0DFA00356A10083558100F1
:109798002808EFF09FCC300801478146A2854A850A
:1097A800EFB0CFB0854748103ED42302910202D6CD
:1097B800EFD06FD945616F801FA9EF829FA679719D
:1097C8007C003ECCB7070A003ECE7C003ED083C763
:1097D8009500B2842E8493F7F707A384F500130647
:1097E800A1002A892C002685EFF07FE1A1652808D1
:1097F8008D05EFB06F8B90408355A1000355810014
:109808008146EFF0DFE6AA84AA852808EFC05F98B2
:109818000356A100835581002808EFF01FC43008C3
:1098280001478146A2854A85EFB04FA84810230218
:10983800910202D402D6EFD00FD145616F80BFA04C
:1098480097B7FF1F938707C588438280EF827F9D64
:10985800835725004111AE842A842307B10017F5E8
:10986800FFFF1305656A6C002316F100EFB02FDDCA
:1098780081C42285EF70F043FD572310F4001306CE
:109888002002814513055400EF801F9E41016F801F
:109898009F9BEF827F9779717C003ECCB7070A00C7
:1098A8003ECE7C003ED083C79500AA89AE8493F74C
:1098B800F7073285A384F5001306A1002C00EFF00A
:1098C8001FD4035581001144EF40401A15C10355B8
:1098D800A1000144EFA0104101CD035705008357B3
:1098E800810045446316F7008545EFF03FF60144D3
:1098F8002169930539002808EFA01FFBA2852808D5
:10990800EFC01F890356A100835581002808EFF096
:10991800DFB4300801478146A6854E85EFB00F9920
:1099280048104AD42302810202D6EFD0CFC1456144
:109938006F80DF90EF825F8D97B7FF1F938747B5E2
:109948002A8488432E8915C1035745038357C401C8
:10995800631DF70023260502231805024105EFB011
:10996800505363040900EF707045814497B9FF1F95
:10997800938989D2130A8002EFB03FBF63CCA40257
:1099880097B7FF1F938787B99C4389C70355C401BD
:10999800EF20000B630509002285EF70901913066C
:1099A800400E81452285EF803F8CFD57231EF40031
:1099B8006F80DF883385440383A7C90A3E95035720
:1099C80005008357C4016315F700CA85EFF01FE847
:1099D80085045DB7EF825F8383C795004111AA892B
:1099E80093F7F707A384F5003285AE84EFC01F868E
:1099F80085676370F5042A89EF404007014411C95F
:109A080083D704003144638627018545EFF09FF230
:109A180001444E85A2864A86A685EFD0EFBFA1678E
:109A28009387170448003EC42302810002C6EFD082
:109A38008FB141016F809F80EF820FFD97B7FF1FA5
:109A4800938707A580431DCC0145EFB0206D814762
:109A58000148C1641CDC232E04032320040417B925
:109A6800FF1F130969C301449309400EFD14EFB0A9
:109A7800DFAE634BA4008145170500001305059967
:109A8800EFB0EFBB6F808FFB330534038327090BDF
:109A98003E958357C501638597008545EFF09FE99B
:109AA8000504F1B79357050113D78700A380F50084
:109AB80093170501C183A1832380E5002381F50065
:109AC800A381A5008280EF82CFF52300050083C71C
:109AD8001500A300F50083C725002301F50083C7FF
:109AE8003500A301F50083C745002302F50083C7AD
:109AF8005500A302F50083C7650093059500A303ED
:109B080005002303F500230405003285EFF09FF9D3
:109B18006F806FF3EF824FEF4111E9541DC595C572
:109B280093F9C5FF2E842A89AA84338AA90063126F
:109B38009A020D88854411C8EFD0403F2AC6228674
:109B48006C0033053901EF80CFF0268541016F8025
:109B5800EFEEEFD0A03D93170501C183A183A38049
:109B6800F400935705012381F400A1832380A40006
:109B7800A381F400910465BF63E0D502EF826FEA28
:109B8800B28741113686BE8536C6EF808FECB24665
:109B9800410136856F802FEB814636858280838729
:109BA80005001387F5003D05FD8793F77708834681
:109BB80007007D158606B58FA300F5006307B7007B
:109BC8007D17834717009D83DDB78280EF826FE59D
:109BD800B2872A863E85EF000104133515006F8091
:109BE8008FE601CD814799C9EF82AFE34146EF8007
:109BF8004FE685473E856F800FE581473E85828029
:109C08001DC5EF820FE2414681452A84EF80CFE5EA
:109C18004146814513050403EF800FE50147C167FD
:109C28002322040438C87CC805456F80CFE101456C
:109C38008280814729CDA1CDEF82AFDEB2842E8903
:109C48001306800581452A84EF800FE2CA8524C463
:109C58002685EFF01FF9414681452285EF80CFE048
:109C68003044A2852285EFF07FF693040401A28593
:109C78002685EFF0DFF2A68513050402EFF03FF228
:109C88002285EFF0FFF785473E856F80CFDB3E8565
:109C98008280EF826FD74111E9541DC595C593F9AC
:109CA800C5FF2E842A89AA84338AA90063924403B3
:109CB8000D88814411C8EFD060272AC622866C001F
:109CC80033053901EF80EFD8268541016F800FD722
:109CD800EFD0C02593170501C183A183A380F400A9
:109CE800935705012381F400A1832380A400A38155
:109CF800F400910465BF71CDEF820FD1B28401E603
:109D080005456F80AFD32A842E890145FDD93C488B
:109D18007848B3E6E700F5D69386F7FFB3B7F600C1
:109D28007D17032A4404BA9734C87CC8630F0A0411
:109D3800C14913050A03B38949412295637B36015A
:109D4800B2862E86A685EFF03FE37C40BE9464C0C1
:109D580045BFCE862E86CE85EFF01FE2C114D29481
:109D68004E9923220404A2879306040103C707001F
:109D780003C607038507318FA38FE7FEE398F6FE36
:109D88003044A2852285EFF07FE42699C149330645
:109D9800994063EA9900ADD4A686A6851305040305
:109DA800EFF09FDD6DB78147B306F4003307F60087
:109DB8000347070083C5060085072D8F2380E6002B
:109DC800E39437FF3044A2852285EFF03FE0C114C9
:109DD8007DBF0145828019C9EF82AFC41306800593
:109DE8008145EF806FC805456F80EFC501458280CA
:109DF80081473DC9B5C9EF82CFC2FC4141462E8497
:109E0800AA846393C70413860501A2878146C145C6
:109E180003C7070003C507038507298F3305D60045
:109E2800034505008506298FA38FE7FEE392B6FE5A
:109E38003044A2852685EFF07FD92285EFF0BFF95F
:109E480085473E856F802FC0138507031D8E81458A
:109E58002295EF806FC17C40130700F813060402B7
:109E6800A2972388E70255B73E858280EF826FBBB1
:109E78006D712E84B284AA85901028003689EFF07F
:109E88005FDB19E9D55705A050400C402800EFF0DA
:109E98009FE66DD9FD142104E5F82C004A85EFF002
:109EA8003FF5814765D13E8551616F80CFB9EF821B
:109EB8004FB741112EC432C62C000546EFF01FFBE8
:109EC80041016F804FB8EF82CFB501112A842EC6A9
:109ED80002C802CA02CC02CEEF108169B2462A86B5
:109EE800A2850808EFF0BFFC1375F50F05616F80B8
:109EF8008FB5EF820FB37971B2872A842146230880
:109F0800B10013051101BE853AC436C6EF806FB49F
:109F1800B246930591013685EFF0DFB8228514101B
:109F280035460C08EFF0BFF82A84224711E5214690
:109F38000C103A85EF80EFB1228545616F80AFB094
:109F4800EF822FAE7171AE84AA850A853284EFF054
:109F58005FC901C90A86A6852285EFF03FC78147F8
:109F680011E1C5473E854D616F80EFADEF826FA867
:109F78001D712A8AB289BE843546854713051101A9
:109F88002E8CB68A3A8BC28C468D2308F100EF805E
:109F98004FAC10100C085285231F0100EFF05FFA38
:109FA8002A842DE9A147631BFD069307900591E0DC
:109FB800E5473546E2851305110113990A0123087F
:109FC800F10013590901EF80CFA81357890093971F
:109FD8008A00D98F90080C085285231FF100EFF0F2
:109FE8003FF62A8405E9A1E09387FA009183137963
:109FF800F9003EC6631309004149668B8144C14B91
:10A00800854DB2476397970C6A868C0033855C014F
:10A01800EF802FA4228525616F806FA1930790049C
:10A02800C9F8A54779B7834701050947C14B2308F4
:10A03800F10083471105A58FA308F1009387240039
:10A04800814463EFFB02014714083386E6008C085D
:10A05800B386E400BA95DA9683C6060083C5050080
:10A068000507AD8E2300D600E390E7FE41476398CD
:10A07800E70490080C085285EFF09FEC35D535A819
:10A08800B3069B00BA871008B305F60090083E9601
:10A0980003C506000346060085078506298E23802A
:10A0A800C500E39277FF998F90080C085285BE94FB
:10A0B800EFF01FE98947014749D52A84A1BF9008D5
:10A0C8003E96034606001408BE962380C600850700
:10A0D80079BFB2478504638B971281471808B30686
:10A0E800F70098083E973386F900034707000346B0
:10A0F80006008507318F2380E600E39177FF9008FB
:10A108000C085285EFF0DFE34DF93546E28513057B
:10A1180011012308B101EF80CF9313970401418304
:10A12800939784002183D98F10180C085285231F18
:10A13800F100EFF0FFE051F1814710183387F90083
:10A148003E960347070003460600B306FB00850753
:10A15800318F2380E600E39277FF75A01808B306D5
:10A16800F70098083E973386F9000347070003462F
:10A1780006008507318F2380E600E3E127FFCA87C1
:10A188006398770990080C085285EFF07FDB15F586
:10A1980081479800B306F700900818103E973E963E
:10A1A80003470700034606008507318F2380E60032
:10A1B800E39177FF3546E285130511012308B101C4
:10A1C800EF802F891397040141839397840021839B
:10A1D800D98F10180C085285231FF100EFF05FD6B5
:10A1E800E31D05EC814710183387F9003E960347B5
:10A1F800070003460600B306FB008507318F23805E
:10A20800E600E3E227FFC109410BE5BB8147B5B78B
:10A218009408BE9683C6060018083E972300D70008
:10A228008507B9BF638E062CEF72BFFC59712A846B
:10A23800BE89B28B85473546130511022E8B468C95
:10A248004289BA8A368A2300F102EF808F8010187B
:10A258000C10228523170102EFF09FCE631E051014
:10A26800A1476319FC069307900563930900E54726
:10A278003546DA851305110293140A012300F10209
:10A28800C180EF701FFD93178A0013D78400D98F00
:10A2980090080C1022852317F102EFF07FCA69EDB0
:10A2A800639009049307FA00BD88918391E0C14443
:10A2B800C207C183DE8C814A3EC6414DB24763EA7C
:10A2C800FA0C6286B3854B018810EF10E1054DC585
:10A2D8003D555DA093079004E39C09F8A54749BF45
:10A2E800834701050947C14C2300F1028347110543
:10A2F800B3C7F900A300F10293872900814963EFEE
:10A30800FC02814618103306D7008C083387D90021
:10A31800B69556970347070083C5050085062D8F18
:10A328002300E600E390D7FE4147639AE7049008CC
:10A338000C102285EFF0DFC035D53DA8B3863A0171
:10A34800BA871010B305F60090083E9603C50600BC
:10A358000346060085078506298E2380C500E392FB
:10A3680097FF3387EC4090080C102285BA99EFF0DC
:10A378003FBD8947014741D565616F705FEB900824
:10A388003E96034606001410BE962380C600850735
:10A3980069BFB247850A93990A01939D8A0093D9A8
:10A3A80009016399570D85473546DA85130511026A
:10A3B8002300F10293D98900EF70BFE9B3ED3D01A5
:10A3C80090000C1022852317B103EFF07FB74DF5ED
:10A3D8008147A68963E6970626860C084A85EF70AA
:10A3E8005FE781471810B306F700100898083E97F2
:10A3F8003E9603470700034606008507318F2380F2
:10A40800E600E3E197FE639DA90590080C102285FC
:10A41800EFF01FB335F181479810B306F7009008A5
:10A4280018183E973E96034707000346060085071F
:10A43800318F2380E600E391A7FF4109C10CBDBD20
:10A4480018089000B306F7003E963387FC000347D0
:10A458000700034606008507318F2380E60095BF75
:10A4680098084E97034707001C10CE972380E700F3
:10A47800850951BF85473546DA8513051102230042
:10A48800F10293D98900EF70DFDCB3ED3D01900054
:10A498000C1022852317B103EFF09FAAE31E05ECE9
:10A4A800814718089000B306F7003E963387FC00F2
:10A4B80003470700034606008507318F2380E6001F
:10A4C800E391A7FF41460C084A85EF709FD8814762
:10A4D8001810B306F700100898083E973E960347F1
:10A4E8000700034606008507318F2380E600E391C5
:10A4F800A7FF90080C102285EFF09FA41DDDADBDCD
:10A508007D558280EF72FFD101112A842E85930533
:10A518005100328902C002C202C402C69304740008
:10A52800EFF04FD81D46A68513059100EF707FD236
:10A5380010088A854A85EFF0BFA019ED930714002B
:10A54800180883C607000346070085070507B18E6C
:10A55800A38FD7FEE397F4FE05616F70DFCEEF722D
:10A56800BFCA2E848C414111AA898387150032897C
:10A57800914463D30700A14497A7FF1F93874748D7
:10A588009C43B1C3B5CE8D472310F10083C7250086
:10A598004A852301F10083C73500A301F10083C771
:10A5A80045002302F10083C75500A302F10083C7C9
:10A5B800650093059100A30301002303F100230420
:10A5C8000100EFF02FCE0C404A860A85EFF0AFCF9E
:10A5D8000328040083564400A6881D0881470147C4
:10A5E800E51642868A854E85EFF05F982A8909E547
:10A5F800A6852285EFB05FB54A8541016F701FC4FB
:10A608004A860A85EFF02FCC7DBFEF72FFBF2E84FC
:10A618008C414111AA89838715003289914463D3FB
:10A628000700A14497A7FF1F9387873D9C43B1C3A9
:10A63800A5CE8D472310F10083C725004A85230145
:10A64800F10083C73500A301F10083C74500230249
:10A65800F10083C75500A302F10083C76500930585
:10A668009100A30301002303F10023040100EFF08C
:10A678006FC30C404A860A85EFF0EFC48356440046
:10A68800032804008A85858EC2061D08C18223120C
:10A69800D400A68881470147E51642864E85EFF02B
:10A6A8007FB841016F709FB94A860A85EFF0AFC144
:10A6B800C9B7EF721FB7B335B000011185052A89F4
:10A6C8001315F601336515012308B100930511012F
:10A6D80036843AC632C03EC442C2EFF0AFBCA2478D
:10A6E8001248425593D68700230BF1009305910138
:10A6F80093578800A30AD100A30BF100230C010192
:10A70800EFF04FBA3247024603280400B337E0009F
:10A71800835644009207914411C2A1444A85A688F1
:10A7280042860C08EFF09F842A8909E5A6852285D0
:10A73800EFB09FA14A8505616F70FFB0EF72DFAC83
:10A7480001113EC68647B335B0008505AA891315A1
:10A75800F6015D8D2308B1009305110136843A890D
:10A76800B28442C446C2EFF0EFB32248924816457D
:10A7780093578800A30AF1009305910193D78800A5
:10A78800230B0101A30BF100230C1101EFF08FB192
:10A798003247104083564400B337E000920703283D
:10A7A8000900914891C0A1480C084E85EFF09FA779
:10A7B800AA8411E5835544004A85EFB0FF982685A1
:10A7C80005616F70BFA7AA959307F00F17370100AF
:10A7D8001307C7A86317B50013C5F7FF1375F50F5F
:10A7E800828005058346F5FFB58FBA9783C70700B2
:10A7F800D5B70357450014419307F00F17360100EA
:10A808001306C6A536974207418313950601418171
:10A81800631BE500AD8FB29703C50700130515F359
:10A82800133515008280850603C5F6FFA98FB297F8
:10A8380083C70700D9BFEF72DF9EB28736842E86A2
:10A84800BA86AA853E85BA84EFF06FE6634B0500A9
:10A858002285EF00F1512A86A686A2852685EFF08B
:10A868000FE56F705F9EEF723F9A5D712A8BAE8A1B
:10A87800173501001305059C2C00B284368ABA8965
:10A888003E89EFF04FE42A8459E534104146DA85D1
:10A898002800EFF0CFE12A843DED8547A303F100BE
:10A8A800A6C2930771002408BEC4A68685470D4634
:10A8B8002C18281002DC02DED6C0BEC6EFF00FDB73
:10A8C8002A8431E983477102A6860D4693F7F70774
:10A8D8002300FA00C1473EDE2C188947281026DCE1
:10A8E800A303F100EFF08FD82A8415E54146A68529
:10A8F8004E85EF701F968D47A6860D462C1828109A
:10A90800A303F100EFF08FD62A8411E54146A6850E
:10A918004A85EF701F94228561616F703F92EF72D4
:10A928005F90972701009387A7DF984383C7470065
:10A9380079712A89AE8417350100130525900C0812
:10A948003AC42306F100EFF00FD82A8415E5141055
:10A958004146CA850808EFF08FD52A8411ED1408FE
:10A9680015462C000810EFF08FD42A8411E52146F3
:10A978002C082685EF70FF8D228545616F70BF8C8E
:10A98800EF723F8A97270100938787D99C4779718F
:10A99800AA842E84173501001305C58A0C083EC603
:10A9A800EFF06FD20DE514104146A6850808EFF0C8
:10A9B8000FD011ED140811466C000810EFF02FCFDE
:10A9C80019E58347F10193F7F7032300F400456184
:10A9D8006F707F87EF72FF843688A14881470147EF
:10A9E800E546EFF0AFD86F701F86EF729F83368809
:10A9F800A14881470147E546EFF0DF826F70BF84C9
:10AA0800EF723F8201112A842E850C0832C6EFF0BE
:10AA18008FCB19E9324797360100938626811008B3
:10AA2800C1452285EFF03FE105616F70DF81EF726C
:10AA38004FFF4111C1472EC032C48A8509463EC224
:10AA48003EC6EFF0AFC241016F70EFFFEF726FFDCE
:10AA58004111AE8613061009AA850A8502C002C2F2
:10AA680002C402C6EFF0AFC441016F70CFFDEF72B0
:10AA78004FFB3287972601009386467D2E869305E5
:10AA88000002EFF05FDB6F700FFCEF728FF97971E6
:10AA9800C1472ACC2ED032D42C080D4628003ECEF1
:10AAA8003ED23ED602C402C602C802CAEFF00FBCAC
:10AAB80045616F704FF9EF72CFF60111AA842E84A9
:10AAC80017250100130505798A85EFF0CFBF05E545
:10AAD80014084146A6850A85EFF06FBD09ED834746
:10AAE800E1010347F101A207D98FCA07C98361773A
:10AAF800D98F2310F40005616F70EFF405C9EF7268
:10AB08004FF297A7FF1F9387679D904397A5FF1F55
:10AB18009385059D17A5FF1F13054598EFC0201FB6
:10AB280017A5FF1F130585976F70EFF117A5FF1F76
:10AB38001305C59682809DC5EF72AFEE97A7FF1FDC
:10AB48009387C799944301112E840A8697A5FF1FFE
:10AB580093850599EFC020200A8502940145056177
:10AB68006F706FEE7D558280EF72AFEBEFC0202AD9
:10AB780097A7FF1F23A4A79617F5FFFF1305C5F98D
:10AB8800EFA070566F702FEC17A7FF1F130747979A
:10AB98009317150008433E95FD572310F500828052
:10ABA800EF722FE82A84084019E16F70CFE91C4141
:10ABB80058401CC06313E5005CC083475500232040
:10ABC8000500F99BA302F500EFB04FFCE9BFEF7257
:10ABD800CFE2005D416989692A8DAE8A328B814452
:10ABE800C14B7D19FD1925C8835704016391770D61
:10ABF800930CC4006685EFB00FD385452A8A668515
:10AC0800035C0401EFB0AFCF6685EFB0CFE2620519
:10AC180061856344050481475848337A2A0123181B
:10AC280084013A9A23264401D9C31C400327CD0343
:10AC3800ADE8232CFD026314E400232EFD028327D4
:10AC48000D042285FD172320FD0423200400A30200
:10AC58000400EFB0AFF36F70CFDD8D456685EFB0C0
:10AC68000FCA6685EFB00FE1E317ABFA8945668531
:10AC7800EFB0EFC885456685EFB0AFC983470500DB
:10AC880093F7F707C9FB6685EFB0CFDE098183A785
:10AC98000A0042054181A98FB3F7370193B717001E
:10ACA800A5BF9CC0E31DE4F8232E9D0249BFA284E2
:10ACB800004015BFEF724FD597A7FF1F93874786B0
:10ACC80098432A8411CB8347350093F7070289C735
:10ACD800035505008945029713054401EFA0701B31
:10ACE800835504000355E400EF30500C485809C55B
:10ACF800EFB0CFE9232A040213058403EFF05FEADB
:10AD08008144B149EFA0BF9063C5A40283473400D2
:10AD18002320040493F727FCA301F4000048EFA0C4
:10AD28001F901316150081452285EF70EFD36F70C1
:10AD3800EFD0B38734030329040385043E994A8579
:10AD4800EFF01FE62304090075BFEF728FCD03579C
:10AD5800E500797123110102231CE1007D57231DB1
:10AD6800E1002301E10217A7FF1F1307E79203275A
:10AD7800070B83568504231F01003AD23808231E87
:10AD8800D1003AD4231001022AC602D6EF907F9A46
:10AD98002316A102EFD05FA2B2472307A1025008F1
:10ADA80003D7070095454810935687002207558F0B
:10ADB800231AE10003D7A700935687002207558F6F
:10ADC800231BE1009146172701001307A75BEF90AB
:10ADD800101245616F702FC78357C5FF9DC7EF726B
:10ADE8004FC42A84EFA0CF98032784FB832784FFCE
:10ADF80006071D8D6376A700231E04FE6F70AFC47F
:10AE0800130544FBEFF07FF4D5BF8280EF726FC16A
:10AE18002E8483D5A5049307803E1305C404B38507
:10AE2800F502EFA090058357A40486072315F404C0
:10AE38006F706FC18347350093F7070299E30145A7
:10AE480082808357E500E39CB7FEC167FD17631650
:10AE5800F600054582800545B9A0EF728FBC9317AF
:10AE68000601C187B2842A8401496359F0028357D5
:10AE780005008DCB01456367F600034584003E95C8
:10AE88003325A6001375F50F39A81C4813171900A8
:10AE9800BA9783D70700E38097FC0509EFA02FF83E
:10AEA800E345A9FE01456F700FBA8347360013F7D3
:10AEB80077FFA301E60093F7070281EF485A11C90B
:10AEC800EF722FB63284EFB06FCC232A04026F7072
:10AED8008FB78280EF724FB3AE89AA84EFA0EFE9F3
:10AEE8002A84EFD07F8DAA8601471306840197052F
:10AEF80000009385A5C91795FF1F1305A560EFA04E
:10AF08004FBA2A8921CD8C441304C50022859E0599
:10AF180093F50508EFB0CFA7CC4083877400E18193
:10AF280063D1070493E505082285EFB06FA60D46A7
:10AF3800938544002285EFB0CFA383D504002285F2
:10AF4800EFB0AFA883D524002285EFB00FA803D6B1
:10AF5800490083A509002285EFB0AFA14A856F702B
:10AF6800EFAD93F5F507C9B7EF72AFAB01112A84BE
:10AF7800328532C6EFB02F97EF90AFFB83570400AE
:10AF88001797FF1F130747713246231BF1009307DA
:10AF980000F8A30DF1001C471843231AA100898368
:10AFA800858BB307F740B28548083ECE231C0100C5
:10AFB800230D0100EFF01FF205616F70CFA883C762
:10AFC800350013F7470005E3EF72AFA593F70702C3
:10AFD8001385450191C7CC41EFA0206A6F70AFA6D9
:10AFE8009305803ED5BF8280EF720FA2AA890355D0
:10AFF800E500597132CE2E84EF205027724663093E
:10B00800061C0347E501930690053307D70293060C
:10B018001704B307E500AA9683C7070436D4930636
:10B028009706AA9636D6A303F10258441309C4001A
:10B038008347570003456700A2075D8DEF90EFFC3B
:10B048006309051A1C4C83D40700C167FD17638A7E
:10B05800F41003D5E900EF20702193873400C2076C
:10B06800C18393B72700AAD2AC004A852304F1060E
:10B07800EF30502D035621051655130791069410ED
:10B08800A685EF90604AAA87631F0514035521051A
:10B09800A1671167A98F63FCE714EFD09FBFAAD6F9
:10B0A800E157630205149794FF1F9384E45E664793
:10B0B800DC406308F70A3146CA850818EF706F99B3
:10B0C8003146CA856818EF70CF98A9450818EFB0BF
:10B0D8000F8383574103A9456818F117231AF10212
:10B0E800EFB0EF819C449840835821058983858B74
:10B0F800B307F7403EC2E64703580105834581067A
:10B108003EC00655B6577818141801462310010496
:10B11800EFF0CFE2AA8761E93146CA856818EF7077
:10B128004F93A9456818EFA09FFD835701049840E5
:10B1380003582105F1172310F1049C448345810627
:10B1480006558983858BB307F7403EC083A8440022
:10B1580083570105365774180146EFF08FD5AA8733
:10B1680059E1EF2030445C44135705012381E7007F
:10B178005C4413578500A381E7005C441797FF1FC1
:10B18800130787512382A7000447898093F7140087
:10B1980004437D579D8C1C4C2390E7008346710225
:10B1A800584493977400D58F2300F70022558146A1
:10B1B8002686CA85EFF0AFBAFD5715E532564844E2
:10B1C800A685EFF02FB43335A000B307A04021A81F
:10B1D80083D509007810341013067102EF30004C43
:10B1E800E157E30405E43E8565616F702F8582D6DB
:10B1F8005DBD9797FF1F9387274A84435C4413F7E5
:10B20800140083C707009D83B98F9D8C41BFEF72DF
:10B218004F814111B70702002A84AE844800854552
:10B228003EC40AC20AC6EFB06F8C85454800EFA03D
:10B23800BFF1230095005000A5452285EFF0DFD22D
:10B248001DC1AA84AA8501462285EFF0FFD901ED28
:10B25800485819C1EFB08F938347340044D893E717
:10B268002700A301F40041016F60FFFDEF627FFB3F
:10B278008347F5FE2A849304C5FE13F7270029C3E4
:10B2880018511DCFF59BA307F5FE8347F4FE03294C
:10B298000402ED9B93E78700A307F4FEEFD0CFD11C
:10B2A800AA8501460545EFA0EF822A842DE526866A
:10B2B8008145EFF09FBFA6850145EFF05FD029A833
:10B2C8000327C4FEB7070024F98F370700206397C8
:10B2D800E7002685EFF01F9E6F60FFF64C5081E572
:10B2E80023200402FDB79C4118545CD06393E50009
:10B2F8001CD40CD001462685EFF01FCF71FD1C50E1
:10B3080003C7570023A00700799BA382E7005C547A
:10B31800FD175CD49DBF035609018325C90031057B
:10B32800EFA03FE522852686972501009385050530
:10B33800EFA00F832285EFB06F8579BFEF62DFEC56
:10B348000041014529CC9304C40026853289AE8981
:10B35800EFA07FDD95452A8A2685035B0401EFA0CF
:10B368001FDA2685EFA01FF18D45AA8A2685EFA052
:10B378001FD92685EFA01FF05C48420A135A0A011C
:10B38800D2975CC423186401814763983A01460543
:10B398004D81330625419337160013F5F70F6F607B
:10B3A800FFE9EF629FE589692A8BAE8B328AB68AFC
:10B3B80081440144314CFD19EFA06FA563C9A40075
:10B3C800EFA0EFA7018D33B5AA006F609FE6338920
:10B3D800840383270B003E9963170A00834789007B
:10B3E80085043E94D1BF03560A00DE854A8533F6AC
:10B3F800C900EFF0BFF47DD10545C1BFEF62FFDFA3
:10B40800BA895847B68BAA848347B7008346A700F2
:10B41800AE8AA207D58F13998700A183B367F90075
:10B4280013991701328B13593901014C014AB14C58
:10B43800EFA0EF9D6349AC0063180A024E85EFA0A8
:10B44800FFF46F601FDF33049C039C584A86DA853B
:10B458003E942285EFF09FEE21E563150A001C401B
:10B4680091E3228A050CE9B723047A015284CE8538
:10B478002285EFA03FE889476398FA02D85C144018
:10B488005C400DE394DCDCDC03478400BC402320F3
:10B49800040023220400BA97BCC02304040055B753
:10B4A80079F469BF14C3C5B783C7590093E7170078
:10B4B800A382F90079B7EF62DFD601112A847C00F4
:10B4C8000355E5003ECAB70707003ECC7C003ECED8
:10B4D800EF20C0592A8985454808EFA03FE19945E2
:10B4E8004808EFA07FC6AA844A85EF20405A2380E7
:10B4F800A4009797FF1F9387271A9C43416613065A
:10B5080006F09396870113D78701558F93D6870046
:10B51800F18E558FA207B706FF00F58FD98F114618
:10B528002C00138514003EC4EF60BFD25008A382DC
:10B53800040089452285EFF03FA309C9AA851305B0
:10B548008403EFA03FDB3C4085073CC005616F608A
:10B558009FCFEF627FCB41112EC632C4AA843689B1
:10B56800EFA0EF8D2246B2456376250101454101E2
:10B578006F60DFCCCA8613850403EFF09FE27DD5A8
:10B58800EFA0EF8BA0408149330485401374F40F7A
:10B5980063960900636424010545D1BF885C79D5A9
:10B5A8001C41D85C9CDC6313E500DCDCBC40050472
:10B5B8001374F40FFD17BCC0834755002320050002
:10B5C80093F91700F99BA302F500EFA03FDCC9B778
:10B5D800EF623FC5EFA0AF862A840504EFA02F8550
:10B5E8003305A402F14791453305F502EF20E00F3A
:10B5F80001E565556F603FC59797FF1F23AAA7F020
:10B60800EFA0EF832A840504EFA06F823305A4021C
:10B6180089450605EF20600D69DD9797FF1F23A177
:10B62800A7EEEFA0CF812A840504EFA04F80330452
:10B63800A4029797FF1F239787ECEFA04F802A84D7
:10B64800EF90FFFE930714003385A7029797FF1F1B
:10B65800239BA7EA97270100938787831797FF1FE4
:10B668002326F7EA014579B7EF621FBAAA842E8923
:10B6780001449799FF1F93892902130A8006EF90C6
:10B688001FFB6345A40001456F605FBB330544039E
:10B6980083A709024A86A6853E95EFF0AFF919E11E
:10B6A8000504F1BF0545CDB7EF623FB5AA8A2E8BD9
:10B6B800B28B368C3A8A814401448149979CFF1F9A
:10B6C800938C8CFD130D8006EF907FF663C7A40062
:10B6D80011E085494E856F60DFB53389A40383A7E0
:10B6E8000C025E86D6853E994A85EFF0AFF419CDF7
:10B6F800EF90FFF40544636B4501D2866286DA85D4
:10B7080013050903EFF0FFC911C1854985046DBF11
:10B71800EF62BFAE3A8C1C415841AA842E8A03D5E9
:10B72800C701835547004111B28AB68BEFF0DFF3AA
:10B7380011E5014D6A8541016F60BFAFEFD04F96AB
:10B748008547E318F5FE417B0149014D9799FF1F95
:10B75800938989F4930C8006050BEF905FEDE35B0A
:10B76800A9FC3304990383A70902D840035647006C
:10B778003E949C40228583D5C701EFF0AFEB51CDB5
:10B7880083D58400DE8656862285EFF09FDC51C57E
:10B79800631A0A0063880A0003D68400D6852285C6
:10B7A800EFF0EFC2D84083D78400E2854800231227
:10B7B800F100835747002313F1008347A70093F64E
:10B7C800F7078347B10093F707F8D58FA305F10072
:10B7D8000357270093F7F7075A97133717001E07E1
:10B7E800D98FA305F10083A7490013D707012304C4
:10B7F800E1002305F10013D7870083A78900A3047C
:10B80800E10003A709008983858BB307F7403EC68B
:10B81800EFF04FEC2A8701E5054D05093DBF63159B
:10B828000A028307B10063C80700D4401C4D83D6C1
:10B8380026002390D700BA8513058403EFA09FAB99
:10B848003C4085073CC0C9BF03564100DE86D2850F
:10B858002285EFF0BFBAC9B703484501931788019D
:10B86800E18763DA07125C458548A18393F7F707F8
:10B8780063E7F80013780803C147631EF810EF6206
:10B88800DF9741113A8BB68AB2892E892A84EFD084
:10B898002F818547631EF500014A979BFF1F938BF5
:10B8A800ABDF130C8006C14CEF907FD86345AA002C
:10B8B80041016F601F980355840083A40B02EF8039
:10B8C800DFF461E1B3078A030356A400BE941C4069
:10B8D800268583D5C701EFF0EFD545C5835584008C
:10B8E80083D70400638FB708D6864E862685EFF087
:10B8F8005FC641C903558400EF803FF159E1631ADF
:10B9080009006388090003568400CE852685EFF078
:10B918000FAC1C44034744013EC25C441377070341
:10B92800A18393F7F70763059701FD1793F7F707C7
:10B938005848DA8548009316470093F60608D58FCD
:10B94800A305F1001C48058B93D607012304D100F9
:10B958002305F10093D6870083A70B00A304D10029
:10B968003387E7403AC6EFF0EFD62A8719C9631C38
:10B978000900AA8513858403EFA0DF97BC408507DB
:10B98800BCC0050A15B703564100D686CA85268568
:10B99800EFF0DFA6FDB78280EF62BF88AE88411165
:10B9A800B2853686BA863E8763090800EFF05FD60F
:10B9B8002A88428541016F601F89468542C6EFF09B
:10B9C800BFE93248FDB7EF623F84C16441112A895B
:10B9D80001449799FF1F938929CC130A8006FD1407
:10B9E80036C632C42EC2EF909FC492452246B24654
:10B9F8006346A400014541016F605F843305440339
:10BA080083A709023E9509C683473500C18B9DC7A8
:10BA180091C68347350093F707028DC363069900E3
:10BA28008357E500639C27010357050001CB63E7B3
:10BA3800E50083478500BA97E3CFF5FA05044DB7CB
:10BA4800EF628FFCC1642A8901449799FF1F93898B
:10BA5800A9C4130A8006FD14EF907FBD6344A400B7
:10BA68006F60CFFD3305440383A709023E958357D2
:10BA7800E500638897006304990063942701EFF059
:10BA88006FA30504D1BFEF62CFF689692A8AAE8A0F
:10BA9800328BB68B8144179CFF1F130CECBF930CA1
:10BAA8008006314DFD19EF909FB863C4A4006F6004
:10BAB8000FF83389940383270C028355CA015A86E9
:10BAC8003E994A85EFF00FB705CD814D05A0338427
:10BAD800AD038327090303D60B00D68533F6C900C7
:10BAE8003E942285EFF09F8519E5850DEF903FB2D2
:10BAF800E3CFADFC31A02285EFF08F8A2304040048
:10BB0800850455B7EF626FEF4169AA8A014A179B0E
:10BB1800FF1F130B6BB87D19C14B054CEF903FB15C
:10BB28006344AA006F60EFF093098006B3073A03F5
:10BB380083290B02BE9983D7E900638C27016384AC
:10BB48002A016398570103A4890311E44E85EFF095
:10BB58009F96050AE1B78357040163997707930411
:10BB6800C4002685EFA02FDC85452A8D2685835CB9
:10BB78000401EFA0CFD82685EFA0EFEB6205618521
:10BB8800635F05028D452685EFA06FD78945268519
:10BB9800EFA0EFD689452685EFA06FD68545268587
:10BBA800EFA02FD783470500094793F7F707639856
:10BBB800E70099452685EFA0CFD5A302850148481F
:10BBC800337D2D01231894016A9548C40040B5BF00
:10BBD8009797FF1F23A4A7949797FF1F23A2B794B3
:10BBE8008280EF628FE1970700009387C7661797F7
:10BBF800FF1F2321F79297070000938727DA1797EB
:10BC0800FF1F232BF79081449799FF1F9389C9A899
:10BC1800130A8006FD5A17FBFFFF130B6B6597FB92
:10BC2800FFFF938BAB1B314CEF907FA063C5A40043
:10BC380001456F600FE03384440383A70902DA8566
:10BC480001493E941305440123175401232C04028F
:10BC5800232E0402EF905016DE851305C404EF90DE
:10BC6800B015EF90DF9A6344A900850475BF3307C8
:10BC780089031C580509BA9723A0070023A20700C7
:10BC8800CDB7EF620FDA83D7450003A9050089E72E
:10BC9800FD5426856F602FDB1C4183558500814646
:10BCA80003D5C7010546EFF01FD22A8419E1814464
:10BCB800CDB783440900F998E1FC8347350013F7B1
:10BCC800870075F78345250093E74700A301F50032
:10BCD8005105EF90901A8347340093F70702A1E7C4
:10BCE8009797FF1F9387C7839C4389C70355040011
:10BCF80085458297834734000355840493E70702F8
:10BD0800A301F40093170501C187635EF000EF807B
:10BD1800DFAF11E9EF90CFA5854768C02315F4047C
:10BD28002285EFF08F828347340003470900485883
:10BD3800858B631AF70009CD8347340093E7270002
:10BD4800A301F400B9B709C5EFA04FE4232A040200
:10BD58008347090013F7170083473400F99BD98FED
:10BD6800A301F4001C5CA1F72285EFF0CFF415B70E
:10BD7800EF628FC92A8A03558500797184412EC6DE
:10BD8800EF80BFA87D5945E1B245A5477D5903D746
:10BD9800450063FAE70803C7140063F6E70883C998
:10BDA800240083C73400C209A207B3E9F90083C796
:10BDB8004400B3E9F900B7C73400138769FF9387D4
:10BDC80057BF63E2E70603C7740031CF83578A0081
:10BDD800BA9705476389E70421676346F70483C771
:10BDE80004009D8BA9C3EF909F8583C70400014978
:10BDF8009D8B3355F50005C983270A0083558A00B2
:10BE0800814603D5C7010546EFF0FFBB2A8405E14B
:10BE1800979AFF1F938A4A88130B8006EF903F81F9
:10BE28006349A9165D594A8545616F602FC1EFE0E6
:10BE38007FE883578A00930A44012310F40083C7DC
:10BE480074002304F40083270A0083D7C70123174B
:10BE5800F40083C714002301F40093074006B38954
:10BE6800F9022322340183C7940003C78400971979
:10BE780001009389A951A207D98F13D78700A20778
:10BE8800D98F2315F40083C7640003C75400A207A1
:10BE9800D98F13D78700A207D98F2314F40403C9B5
:10BEA8000400030BCA00935739008D8B13595900AE
:10BEB800CE971379390083C407004E99EF902FF974
:10BEC8008347090033059502A945B38767031D8D8C
:10BED8009307703EB345B50263C4A70093054006B7
:10BEE8005685EF9080798356C4000356A400835585
:10BEF800040003250A00EF20903B7C083ED2B707D8
:10BF080007003ED485457C0848103ED60309CA0080
:10BF1800EFA0CFBD99454810EFA00FA3AA84EF90DA
:10BF28000FF32380A400EF908FF1A380A400EF907B
:10BF38000FEF2381A400A38124010357C4005010EC
:10BF48009145935787002207D98FC207C18323825F
:10BF5800F400A183A382F4002285EFF0EF80AA8485
:10BF680031C9AA8505462285EFF00F882A8939E16B
:10BF78008357C400485885072316F40019C1EFA059
:10BF8800EFC08347340044D893E72700A301F400A7
:10BF980059BD3304690383A70A023E9483473400DA
:10BFA80013F7070111E793E70701A301F40051B55F
:10BFB8000509ADB5014985BDEF620FA51C41011109
:10BFC80080413ECA930745002EC63ECC2A8902CE40
:10BFD800EF802FF6231EA100EFC00FFEB245230FFE
:10BFE800A1008D4703D7450063F1E70A03473400F2
:10BFF80083462400834714002207558F8345040095
:10C00800935487002207458F93140701A20703273B
:10C018000900CD8F93D58700A207DD8D0355C70191
:10C02800C20581460146C181EFF0FF99C180AA8906
:10C03800014921C90357A5009307F00F998C63C2E2
:10C048009704E2471307F00791462385E7008347E3
:10C058001400034704001008A207D98F2318F10021
:10C0680083473400034724009945A207D98F231931
:10C07800F100014781474808EF8060674E85EFE08F
:10C088007FC34A8505616F606F9B7D59DDBFEF6295
:10C09800AF9703D745008D4784417D5963F0E70288
:10C0A800835985000149178AFF1F130AEA5E930A1C
:10C0B8008006EF90CFD76346A90001494A856F6093
:10C0C800EF973304590383270A023E948357840465
:10C0D800638437010509F1BF83C7140003C704004F
:10C0E8000149A207D98F13D78700A207D98F035711
:10C0F8000400C207C183E313F7FC83C7340003C7F6
:10C108002400A207D98F13D78700A207D98F035716
:10C11800A400C207C183E313F7FA1305C404EF9020
:10C1280040572314040459BF03D74500894763F5D2
:10C13800E708EF626F8D1C41AE848355850003D5F7
:10C14800C70185460546EFF01F882A84014515CCAE
:10C158008347340013F787000DEB8345240093E7EA
:10C168004700A301F40013054401EF900051268510
:10C17800EFA06F8CAA89054A83D744006369FA0047
:10C188002285CE85EFF0AF8801456F602F8B26851D
:10C19800EFA04F8EAA8A0149EF906FC8E35EA9FC11
:10C1A800184893171900BA9703D7070001E7239097
:10C1B8005701D9B70509CDB77D55828003D745000A
:10C1C800894763F6E708EF622F841C41AE848355E4
:10C1D800850003D5C70185460546EFF0CFFE2A84C2
:10C1E800014515CC8347340013F787000DEB8345D1
:10C1F800240093E74700A301F40013054401EF90DE
:10C20800C0472685EFA02F83AA89054A83D7440013
:10C218006369FA002285CE85EFE07FFF01456F60F4
:10C22800EF812685EFA00F85AA8A0149EF902FBFDD
:10C23800E35EA9FC184893171900BA9703D70700BB
:10C248006315570123900700D1B70509C5B77D5578
:10C2580082807D151377F50F9D4663E5E604EF525E
:10C268005FFC971601009386660F0A07AE8736971C
:10C278003E851C43B285B6978287EFF09FA06F502A
:10C288009FFCEFF0FFAEE5BFEFF01FD3CDBFEFF09F
:10C298001FE0F5B7EFF05FE9DDB7EFF03FF2C5B7A4
:10C2A8007D55F1BF7D558280EF52BFF7EFD0400E2C
:10C2B8009787FF1F83C7472B1765FF1F1305851433
:10C2C800A300F500EFC0205481461306F00F814506
:10C2D8000145EFC0900B6F501FF71787FF1F13071B
:10C2E800A71818439785FF1F83C505289787FF1F41
:10C2F8009387072683468703034697036397D500EA
:10C308009787FF1F2382C726828083C5870103473B
:10C31800A7036317B6009787FF1F2387E724828048
:10C3280003C687016317C7009787FF1F238ED7228D
:10C33800828083C68701130750026319D7009307C9
:10C3480060021787FF1F2301F722828083C68701B7
:10C35800130660026315D60093077002DDB783C722
:10C36800870155BF9787FF1F9387871ED44B0947BF
:10C37800638EE606EF52FFEA9784FF1F9384841AC0
:10C388003E8483C70400918B95CBEFD0600017855E
:10C39800FF1F1305A519EFC0004781461786FF1F29
:10C3A8000346C61A81450145EFC0207E15CD83C7D7
:10C3B8000400ED9B1787FF1F2306F7168347040029
:10C3C80093F7F70F95C391471787FF1F232CF7188B
:10C3D800EFF09FEDEFF07FF0414691451785FF1F85
:10C3E80003458517EFA050416F50FFE58280EF525B
:10C3F8005FE38D4741116301F504C5476306F50204
:10C4080085476310F5029787FF1F2381A7169305B9
:10C4180000101785FF1F034525149760FF1FE7804D
:10C42800C0A141016F503FE285471787FF1F230FC7
:10C43800F71293050020F1BF9787FF1F93874711D5
:10C44800D44B11476387E600EFC09074930500044E
:10C45800C9B785441787FF1F2326971083C707008E
:10C4680032C62E8493F7F70FCDDF7D141374F40FC3
:10C47800EFC01072E3FC84FCB245994703C615006F
:10C48800E3F6C7FC09061785FF1F1305650E9750CD
:10C49800FF1FE7806091930500081785FF1F03457C
:10C4A800A50B9760FF1FE78040994DB7EF527FD7E4
:10C4B8001787FF1F1307C7094047184B1C4097866B
:10C4C800FF1F23ADF6086316E4001787FF1F232913
:10C4D800F708130584FEEF803FF6035564FFEF80ED
:10C4E800BFC9EF90BFEA6F501FD6EF529FD397870F
:10C4F800FF1F9387E705D84BDC4799C3EFF01FFB75
:10C5080085471787FF1F232FF7049787FF1F9387F8
:10C51800A7F59C43930500021785FF1F0345C50334
:10C5280083C787031787FF1F2300F7049760FF1F40
:10C53800E780A0906F503FD19787FF1F23ACA700DB
:10C548008280EF521FCEA1451785FF1F0345C50006
:10C55800EFA0503FA1451785FF1F0345E5FF9784CE
:10C56800FF1F9384E4FEEFA03025DC4489E7EFF059
:10C578007FDF6F505FCD03D567FFEF80FFBF2A8451
:10C588007DD5D84891476310F70291451785FF1F5D
:10C59800034585FCEFA0103B91451785FF1F034518
:10C5A800A5FBEFA070218947032944010354040126
:10C5B8001787FF1F2328F7FAEFC0905D83C7840110
:10C5C800210442041765FF1F1305C5E31767FF1F02
:10C5D800A30AF7E26119EFC00023418081460946AA
:10C5E8009375F40F4A859787FF1F238107F8EFC0DB
:10C5F800403511E99787FF1F83C7870789C7974089
:10C60800FF1FE78040C42146A1451785FF1F03454A
:10C61800A5F4EFA0701EB1BFEF52BFC093F705207D
:10C6280001112E8481CBEFF05FEC134504200561E6
:10C638006F507FC193F70510A9CB9784FF1F938490
:10C6480024F1DC48EFF07FC91787FF1F1307C7E104
:10C65800184383C78401034787036316F700DC4444
:10C6680099C3EFF0BFE48547930500021785FF1FC4
:10C67800034585EE1787FF1F2326F7EE9750FF1F08
:10C68800E780A07B134504105DB793F70508ADC795
:10C698009787FF1F83C7D7EDE91719469785FF1FAF
:10C6A800938525ED1305D10093F4F70F1789FF1F24
:10C6B800034909ECEF50FFB993970401C183178729
:10C6C800FF1F130767EB231DF100231CF100978759
:10C6D800FF1F9387E7E73ACE3ACAD84323060100FB
:10C6E80009CBDC439315890154080D46E1856800A0
:10C6F80082971345040825BF93F72500A1CF978794
:10C70800FF1F9387E7E4D84B89476304F7029787AD
:10C71800FF1F83C727E113F7270001EF918B89CF0C
:10C728001306000A89451785FF1F0345E5E2EFA0B8
:10C73800B00C13452400E5BD9787FF1F9387C7D228
:10C748009C4383C787031787FF1F230FF7E0EFF08A
:10C758005FDFC5B793F7050291C7EFF09FDE13457A
:10C768000402F1B593F7850091C7EFF01FD8134580
:10C77800840075BD93F7150091C7EFF0BFBE134550
:10C78800140075B593F7450091C7EFF0BFBD134589
:10C79800440071BD93F7050485C39787FF1F83C7BE
:10C7A80027DB81CBEFF05FB091471787FF1F232B63
:10C7B800F7DA13450404A5BD93F705010145E3889D
:10C7C80007E69787FF1F9387A7D8D84B9147631B26
:10C7D800F7029787FF1F9387E7D49C4313D7270057
:10C7E8008583D98F858B99E3EFC0903A914517855A
:10C7F800FF1F034565D6EFA0F01485471787FF1F75
:10C808002322F7D6134504011DB59787FF1F2381FF
:10C81800A7E68280EF52FFA09787FF1F23A007D4C7
:10C828009787FF1F23AE07D285471784FF1F13047E
:10C83800A4C31787FF1F2327F7D21C4083C787038A
:10C848001787FF1F2302F7D2EF805FE521C19767A3
:10C85800FF1F23ADA7BA1C4017050000130505DC10
:10C8680083C787031787FF1F2300F7D01767FF1FAA
:10C87800A30AF7B89787FF1FA38C07CCEFA0303027
:10C888009787FF1F238AA7CC6F50FF9BB7C7898E56
:10C89800938767ED1767FF1F232AF7B66DBFEF521F
:10C8A8005F981787FF1F0347A7CA795451E39787F3
:10C8B800FF1F9387E7C903C7170005079786FF1F60
:10C8C800A388E6C803C717008D463377D702978633
:10C8D800FF1FA38FE6C683C617001787FF1F13071E
:10C8E800A7B8184393F6F60FB9E683478703178767
:10C8F800FF1F230BF7C685471787FF1F230AF7C4B7
:10C908009787FF1F938707C29C430144998B8DE348
:10C91800C1451785FF1F034525C4EFA0E06985457C
:10C928001785FF1F034545C39750FF1FE780E05059
:10C9380022856F505F9183C7170085466395F6007F
:10C94800834797036DB78347A70355B79787FF1F9B
:10C9580083C707C0A1CBEF52DF8C85451785FF1F22
:10C96800034585BF9787FF1F238407BEEFA0C064D8
:10C9780091451785FF1F034525BEEFA0A07C914573
:10C988001785FF1F034545BDEFA00063C145178507
:10C99800FF1F034565BC9750FF1FE780004A01450C
:10C9A8006F507F8A79558280EF52BF872A8403555A
:10C9B80065FFEF806FFC9787FF1F938767B9D8479C
:10C9C800BE841DEBEF90DF9B9C48232004008DEB79
:10C9D8009787FF1F23A687B89787FF1F23A087B8CD
:10C9E80089451785FF1F034525B79750FF1FE78027
:10C9F800C04401456F503F85630A87001843D1B78B
:10CA080080C39787FF1F23AD87B4D9BF7955DDB79A
:10CA1800EF523F819787FF1F9387C7C58843232617
:10CA28000500232405005105EF80B0466F50BF81F3
:10CA3800EF522FFF1784FF1F1304C4C31C4041117A
:10CA480089CF9C472302B5002AC61CC1EFF05FFCC2
:10CA58001C409C4B99C33245829741016F50AFFEF1
:10CA6800EF522FFC4111444D328532842EC6EF908F
:10CA78008FFC2AC42285EF906FFD03A84400630C45
:10CA88000800B245835744001840224683D5450024
:10CA9800AA862685029841016F50EFFAEF526FF887
:10CAA800404D1DC408C0970500009385E502130595
:10CAB8004401EF8070309787FF1F9387A7BB9C4383
:10CAC800014589E79787FF1F23A687BA6F50AFF7FD
:10CAD8007D55EDBFEF52EFF4011168009305F00F9B
:10CAE80002C602C802CA02CC02CEEFF07FF405618A
:10CAF8006F506FF59787FF1F9387C7B79C43D84739
:10CB0800A1679D076311F702EF52AFF1011132855A
:10CB1800EF906FF2230AA10081456800EFF05FF102
:10CB280005616F504FF282809787FF1F938787B404
:10CB38009C43D847A167938777036311F702EF52A5
:10CB48004FEE01113285EF900FEF230AA1008145C6
:10CB58006800EFF0FFED05616F50EFEE8280978778
:10CB6800FF1F938727B19C43D8479547631CF7025B
:10CB7800EF522FEB011132853284EF90CFEB230A6D
:10CB8800A1002285EF908FEC83574400231BA1005E
:10CB980081453ECC1C4068003ECEEFF07FE9056140
:10CBA8006F506FEA8280930785FF89CF8327C5FF7F
:10CBB80091CBDC4B81CBEF52CFE6032585FF8297E3
:10CBC8006F506FE88280EF52CFE52A843285EF906C
:10CBD8008FE6BD4763EBA70018449377F50003453C
:10CBE800B70041995D8DA305A7006F50CFE5EF52BF
:10CBF8004FE301117C003ECAB70707003ECC7C001A
:10CC08003ECE5C4D8DCF2A8413858700AE84EF809D
:10CC1800501CA1652A899D054808EF70FFC8930537
:10CC2800803EB345B902480893F5F50FEF904FD60B
:10CC3800014781465008A6852285EF703FE70561C8
:10CC48006F506FE0EF52EFDDEFF07FFA6F50AFDF1C
:10CC5800EF522FDD01117C00AE843ECAA165B707F3
:10CC680007002A843ECC48087C00938575033ECE95
:10CC7800EF709FC31C44480883C5B700BD89EF9077
:10CC88002FD1500801478146A6852285EF701FE203
:10CC980005616F504FDBEF52CFD82A84AE84EFF096
:10CCA8009FF2A6852285EFF0BFFA6F50CFD9EF52D9
:10CCB8004FD7EFF0FFF96F500FD9EF528FD60329F6
:10CCC800C5014111630409022A843285B284EF90B8
:10CCD8008FD62AC62685EF906FD7832749002A86E4
:10CCE80091C7DC4781C7B2452285829741016F50C1
:10CCF8008FD5EF520FD3444D81CC2A843285EF90E3
:10CD0800EFD4DC40AA8589C79C4799C322858297BE
:10CD18006F506FD3EF524FCF032AC5014111630300
:10CD28000A062E89AA84954532853284EF70DFB7CA
:10CD380085452285EF904FC1AA89CA852285EF9043
:10CD48006FC683274A009DC7DC438DC72285EF90B5
:10CD58002FBE83274A00104083564400DC437115D8
:10CD6800A307A100B2961307F1004E86CA8526854F
:10CD7800829701C52380090031A08345F1002285EF
:10CD8800EF908FBC41016F506FCBEF528FC9657127
:10CD98001C083EC2B70780013EC41C0832893EC643
:10CDA8002A84AE84EFF07FF14A85EF902FCA83572B
:10CDB800A10089CFAA8550002285EFF0BFF5014771
:10CDC80081465000A6852285EF705FCE59616F506D
:10CDD8008FC7EF526FC365711C088329C5013EC216
:10CDE800B70780013EC41C082A84AE8432893EC637
:10CDF800EFF03FF0638409024A85EF902FC583570F
:10CE0800A100AA8581CF50002285EFF0BFF001472D
:10CE180081465000A6852285EF705FC959616F5021
:10CE2800EFC1EF520FC065711C083EC2B707800101
:10CE38003EC42A841C0832853EC6AE84EF900FC1DA
:10CE48008357A10089CFAA8550002285EFF09FEC77
:10CE5800014781465000A6852285EF703FC559617C
:10CE68006F506FBEEF52EFBB444D91E883474500CA
:10CE780093B71700B307F0403E856F50CFBC1845F5
:10CE8800FD577DDB97070000938707032A845CCB57
:10CE980097050000938565D113858400EF80C071E4
:10CEA80080C003474400814761FB1777FF1F232594
:10CEB800977CD9B7EF524FB58329C5014111032992
:10CEC80085008147638B09080324090191452A8A53
:10CED8002285EF707F9D85452285EF90EFA68945D5
:10CEE800AA8A2285EF904FA6AA84EF709FA183A7F4
:10CEF80049002A8B9DC79C438DC72285EF904FA37D
:10CF080083A74900A306A1001040835644009C4310
:10CF18001307D100B296D6851306E1005285829791
:10CF280009CD83570B002380F400A183A380F4006C
:10CF380023800A00A306010029A88357E10022855F
:10CF48002380F4008345D100A183A380F400EF90EF
:10CF5800AF9F8347D100B337F0000347B90092076A
:10CF680001453D9BD98FA305F90041016F500FADD5
:10CF7800EF522FAB41111DE99777FF1F9387C76FBA
:10CF8800804305C80440130984009DC55C4099C7C7
:10CF98009C4B89C726852EC68297B2459307803E4B
:10CFA800B385F5024A85EF80406D21A0404DAA84E3
:10CFB80079F841016F502FA94A85EF80806D5C4058
:10CFC800EDDBDC4BFDD726858297E5B7EF526FA5E1
:10CFD8002A843285EF902FA6AA852285EFF05FF983
:10CFE8006F506FA6EF52EFA32A84AE84EFF01FFEB6
:10CFF800A6852285EFF0BFBF6F50EFA408413355D7
:10D00800B50005898280EF52CFA11774FF1F130462
:10D01800A4681C5C0111231701008D83858BA30371
:10D02800F1008327040B231801002319010003D7FB
:10D03800C7013ECA3C002314E1007D572315E100D7
:10D048000357C4023ECC02CE2316E100EF706FEE08
:10D058008357E101231EA10093F707E093E7171018
:10D06800231FF1009777FF1F83C7A76585C305476F
:10D078000145638AE7008347840393E7270017770E
:10D08800FF1F2307F76405616F50EF9B8147170760
:10D0980001001307273F8546130671008545480898
:10D0A800EF70E0646DF183478403F59B1777FF1FEA
:10D0B8002300F76285471777FF1F2304F760E1B75E
:10D0C800EF522F93977DFF1F938D0D5D03A6CD061D
:10D0D80039712A8981478144930600023357F60043
:10D0E800058B01C7850493F4F40F8507E398D7FEF1
:10D0F80083A70D0B231701022318010203D7C701C9
:10D108003EDA3C102314E1027D572315E10203D7D0
:10D11800CD023EDC231901022316E10202DEEF7084
:10D128004FE18357E103231EA102014593F707E06E
:10D1380093E71710231FF1029777FF1F83C76758DC
:10D14800A9EF9777FF1F83C7B7583EC69779FF1F88
:10D15800938989540144014D9D4A054B954B177C91
:10D16800FF1F130CAC5A977CFF1F938CAC5903DA42
:10D17800C90563090A00EA85631459036685EFF057
:10D18800FFE71DC1050DA1478909E312FDFE2DE04A
:10D198009777FF1F23AA0756014521616F502F89F2
:10D1A8006285EFF0BFE579DD3247B3878400E3F0AD
:10D1B800E7FE9C001306140006043E9413178A0029
:10D1C80093578A00D98FC207C183A30EF4FCA183A9
:10D1D800230FF4FC03A70D07B317AB01D98F1777FB
:10D1E800FF1F2323F75263047601328461BF15447D
:10D1F8009777FF1F83C7C74C138717009776FF1FC2
:10D208002380E64C93161400230EF1001707010043
:10D2180013074727814785067008CA854818EF70A5
:10D22800004DE34705F68347C10105451777FF1F02
:10D23800A308F7489777FF1F23852749B9BFEF420F
:10D24800BFFC0111AA892E84EFC06FA02A899774A8
:10D25800FF1F938464446399090A9C5C414793F7D0
:10D2680007036393E70A1777FF1F0347D7458947E3
:10D2780063ECE70883A7040B2317010023180100B8
:10D2880003D7C7013ECA3C002314E1007D5723158C
:10D29800E10003D7C4023ECC231901002316E100A4
:10D2A80002CEEF700FC9231EA100EFB0EFD0835755
:10D2B800C101230FA100914613D78700A207D98F78
:10D2C8002312F1009777FF1F83D7A74013D7870052
:10D2D800A207D98F2313F100170701001307071AB4
:10D2E8008147500095454808EF70604005889317BE
:10D2F800240003C484036D985D8C9777FF1F2389EE
:10D30800873C05616F409FF3EF8080101775FF1F02
:10D318001305853CEF80E03783A7040B9775FF1F43
:10D3280083D5453A03D5C701EF1040289777FF1FEB
:10D3380083C7073A93F60702014789E61777FF1F65
:10D34800035747389776FF1F2396E6381777FF1F4E
:10D3580013074733184309CBC18B99C789451775FC
:10D36800FF1F0355253602979777FF1F23AC073415
:10D378009777FF1F238707349777FF1F23A4073862
:10D388009777FF1F23A207389777FF1F23A0073837
:10D3980083D7840393F7270C93E717001777FF1FAA
:10D3A8002318F73283572903A18B99C3EF70E058EC
:10D3B80011C49777FF1F23A30730A1B78D471777AD
:10D3C800FF1F232DF72E1304803EEF802FAB33056C
:10D3D80085029305400609C5EF804FAAB30585026B
:10D3E8001775FF1F1305452FEF80202919BF977761
:10D3F800FF1F9387672AD85325C791C99777FF1FBF
:10D408002381072C9777FF1F23A007308280EF42E4
:10D418005FE183C7F70241112EC685071777FF1F03
:10D42800A303F72A9777FF1F2397A72A9D47177704
:10D43800FF1F2325F728EF806FA32A84EF800FA30F
:10D44800B24501E5EF808FA2AA85B305B4401775F0
:10D45800FF1F13056528EF80402241016F40BFDEA2
:10D4680082809777FF1F93872723D85331C7EF42CE
:10D478005FDB03C7F70205079776FF1FA385E6243E
:10D4880011CD8C5F0D470145898185899776FF1FEE
:10D4980023A6E622EFF0BFDA6F40FFDA854793054F
:10D4A800C0441775FF1F130525231777FF1F232770
:10D4B800F720EF80801CCDB78280EF429FD6177788
:10D4C800FF1F034707208547631EF7009777FF1F55
:10D4D8009387871C83C7870393C787001777FF1F26
:10D4E8002308F71E1775FF1F1305051FEF80601A25
:10D4F800EF70DFF399471777FF1F2321F71C977702
:10D50800FF1FA382071C9777FF1F238C071AEF8042
:10D518000F95930740063305F5029777FF1F23A55C
:10D52800A71A6F405FD29777FF1F83C7671AC18B0F
:10D5380099C7EF421FCFEFF01FAD6F40DFD069559D
:10D5480082809777FF1F93872715DC5381CBEF42A3
:10D558005FCD8545EFF0BFCE6F40FFCE8280177755
:10D56800FF1F1307671301468146BA852148631ECA
:10D5780006019DCA2390A60083C7850393E7170079
:10D588001777FF1F2306F71405A08357C705631DE8
:10D59800F502F8598547B397C70093C7F7FFF98F86
:10D5A8001777FF1F2324F7169C5D9183858B85C70A
:10D5B8009777FF1F83C7E71099EFEF429FC61D4576
:10D5C800EFF01FB06F403FC881E699E39306C705A7
:10D5D8000506090769BF8280EF423FC28605AA8413
:10D5E800B309B500977AFF1F938ACA11054B977B39
:10D5F800FF1F938B6B11214C639434039777FF1FA4
:10D60800938787099C5F9183858B89CB9777FF1FC9
:10D6180083C7270B81E72145EFF09FAA6F407FC1A1
:10D6280003DA0400630B0A041779FF1F1309C906FC
:10D638000144CA8C8357C905639D4703A285568553
:10D64800EFF0DF9B11E5A2855E85EFF03F9B05C9F2
:10D6580003A74C07B3178B00D98F1777FF1F232712
:10D66800F70A83C78C0393E717001777FF1F230177
:10D67800F70605040909E31F84FB8904B5BF231EC7
:10D688000904C5BF1777FF1F0347A7038547631A18
:10D69800F700EF421FB9EFF05FE2EFF0DF966F405F
:10D6A8009FBA82808147854513060002938617003A
:10D6B800B397F500E98F13F7F60F89E7B687E39775
:10D6C800C6FE01473A858280FD4785457D56B3965B
:10D6D800F50013871700E98E1377F70F89E6FD1712
:10D6E800E397C7FE01473A85828089E901473A8571
:10D6F800828001473A8541016F40FFB4EF427FB213
:10D7080041112AC62E852EC4EFF0DFF9A2457D15FA
:10D718008547B397A700E39EF5FC3246937736001A
:10D7280099C3719A11069777FF1F9387A7F69443B9
:10D738003E871778FF1F130828F589EA8327080012
:10D748009107F19B9776FF1F23A6F6F4032588001F
:10D758001843B307A700B3F7B702B387F540FD1521
:10D76800FD8D83274800AA95B306B600E3F3F6F8C3
:10D77800E371D5F82E979777FF1F23ABD7F03DDBE2
:10D788003A858145EF405FAE2A87ADB71841977754
:10D79800FF1F938767EF23A4070098C35841D8C396
:10D7A8009777FF1F23A807EE8280EF42FFA5AA8480
:10D7B80001441779FF1F130929EE9309400EEF70F2
:10D7C800DFD96345A40001456F405FA733053403E3
:10D7D8008327090B3E958357C501E38797FE050408
:10D7E800F9BFEF429FA19779FF1F9389E9EA3E8429
:10D7F800BA848347060003A7090041119D83058B5E
:10D808003D8F83C74401AE8A2A89F99BD98F238A21
:10D81800F4001C44B685231204001CC02285328AF9
:10D8280036C6EF807F92B246D2853686EF407FA219
:10D83800DC4883A509000840858B56869D8DEFC07E
:10D848007FCC61E918407D5583475700034767003F
:10D85800A207D98FC207C1872394F4006358F00A3E
:10D8680083C7440193F70703B5CBD04893771600D5
:10D8780003A609001D8E9777FF1F938767189C439F
:10D88800ADEB814641A003A70B0093172A00BA9776
:10D8980018409443834757008345670033F6560181
:10D8A800A207CD8F6311F60283473700034647006E
:10D8B80003472700A207D18F4207D98FBD82B3F74C
:10D8C8006701638AF604050AEF703FC8420593179B
:10D8D8000A014181C183E3E8A7FA41BFA16A370B76
:10D8E8000200014A977BFF1F938BCBE8FD1A7D1B33
:10D8F800E1BF83C7440113070003854693F7070375
:10D90800E391E7F8A2854A85EFC03FD041016F4017
:10D918005F926155E5BF7955D5BFEF42FF8E977489
:10D92800FF1F9384A4BF9C40D9EF9777FF1F93876D
:10D9380027D59C436399070CEF703FC39307800278
:10D948003305F5028945EFF05FDA41C99777FF1F84
:10D9580023AAA7DEEF707FC09307400E3305F502B8
:10D968009145EFF09FD835C99777FF1F23AEA7DC05
:10D97800EF70BFB601CDEF705FB691450E05EFF0C1
:10D98800DFD621CD9777FF1F23A2A7DCEF701FD02A
:10D9980011CDEF70BFCFD9473305F5028945EFF0B8
:10D9A800DFD405CD9777FF1F23ACA7D8EF70FFB959
:10D9B80091450A05EFF07FD30DC19777FF1F23AB81
:10D9C800A7DA014521A8EF709FC6930780063305A3
:10D9D800F5029145EFF07FD101E565556F401F864F
:10D9E8009777FF1F23AAA7CC0144130A800617794B
:10D9F800FF1F130969CAB14AEF707FC36364A402A9
:10DA08009C40E38407F2EF709FC29307A00433059C
:10DA1800F5028945EFF07FCD69D19777FF1F23AFD6
:10DA2800A7D419BFEF70BFBF89450605EFF0FFCB3C
:10DA38004DD5B3094403032709024E9708CBEF706D
:10DA48001FBD330555039145EFF03FCA59D58327CC
:10DA5800090205041374F40FCE9788DB71BF97771A
:10DA6800FF1F938767C3884705898280C167FD17B1
:10DA78006319F5009777FF1F938707C203A5070B64
:10DA88008280EF420FFAEFF05FD26F40CFFB814701
:10DA980009C58347E501B337F0001777FF1F130760
:10DAA800A7BF18470983058B19C393E727003E854D
:10DAB8008280EF420FF72A84EFF07FFD8347E4016D
:10DAC800AA851305940899E3130504039776FF1FA5
:10DAD800938686BC94421306150213078402130525
:10DAE8009504EFC00FC16F400FF6EF42EFF1977446
:10DAF800FF1F938464BA98442A892E840983058B6E
:10DB08009C4019C76314F5006380050E014401A207
:10DB1800E3FEA7FE1387A702E36AA7FE850763FC57
:10DB2800A70883A9440BEF705F9B13163500814546
:10DB38004E85EF406FF39777FF1F23AF27B5977791
:10DB4800FF1F23AD07B449CC9C4493E747001777E0
:10DB5800FF1F2327F7B49777FF1F238B07BA630F9D
:10DB6800040C9777FF1F23A927B301440549EF70D9
:10DB7800DF966341A40AEF705F9993050006B3C569
:10DB8800A502B7F73600938707E81775FF1F130537
:10DB980065B8416901449309400E7D19B385F502C2
:10DBA800EF70B02DEF707F9B634FA4080145EF30F5
:10DBB80070080544A9A86398A7029DE583A9440BAA
:10DBC800EF70BF911316350081454E85EF40CFE9C0
:10DBD8009777FF1F23A227AD9777FF1F23A007ACD6
:10DBE8009C44ED9BADB785C51777FF1F034747B228
:10DBF8009307F005E3FCE7F021F8EF6010556DD1CD
:10DC08009C4493E707021777FF1F232BF7A8228569
:10DC18006F40CFE283A7440B131534003E9583571A
:10DC2800050081CB8347250099C721468145EF40F0
:10DC3800AFE305042DBF23012501E5BF9777FF1F3B
:10DC480023AE07A40DBF3305340383A7040B3E9509
:10DC58008357C50163842701EFF0BFE5050499B731
:10DC6800EF422FDCEF707F8A130400063345A402CD
:10DC78009774FF1F938444A283C784073E95137546
:10DC8800F50F9777FF1F2385A7A89307F00563E78C
:10DC9800A7020545EF30007AEF703F873345A402AD
:10DCA800B7F53600938505E8B305B5021775FF1F6C
:10DCB800130545A6EF70701C6F40EFD89C440545CE
:10DCC8008983858B81CBEF802F8B88408145EFF04E
:10DCD800DFE1DDB7EF300076C5B7EF42EFD21304CE
:10DCE80095082A8913069005A28513050503EF40B8
:10DCF8004FD61306900581452285EF40EFD64A8519
:10DD0800EF30E06C8144177AFF1F130AEA98930AF0
:10DD18008002EF709F8563C4A4006F402FD23384C4
:10DD280054038327CA0A3E94035704008357C90142
:10DD38006317F702834744009DC39309640145466E
:10DD4800CE8513055400EF40CFD0454681454E851A
:10DD5800EF408FD1228523020400EF30206F850425
:10DD68004DBFEF420FCC9767FF1F9387277B9C43DC
:10DD78002A8491C70DC50355C501EFD0BFD8977741
:10DD8800FF1F9387E7C79C4389CBEFA07FD38547C5
:10DD98006315F5002285EF50E0756F40CFCA4165E5
:10DDA8007D15E1BFEF42EFC71774FF1F1304C48E40
:10DDB8004440938714001777FF1F2321F78EEF3015
:10DDC80080761C448983858B9DE75840B7E7B0006F
:10DDD8009387075063F1E7020145EFF01F9D01CDDE
:10DDE8000545EF707FF9084085450505EFF0FFCF41
:10DDF8000145EFF01FF726856F40EFC4EF42CFC013
:10DE0800A1642A8901449779FF1F9389A996FD1473
:10DE1800338AA500EF706FF36344A4006F400FC20C
:10DE280003A7090093172400BA979843658F420700
:10DE38004183634C2701635A470123800700A3806D
:10DE4800070023810700A38107000504E1B7EF421B
:10DE58004FBA83594500C547411163F5373104412D
:10DE6800C1E533853401834785FF034795FF0348A0
:10DE7800B5FFA207D98F0347A5FFC207220733675B
:10DE88000701D98F0347C5FF0348D5FF220733672A
:10DE980007010348E5FF0345F5FF420722083365FC
:10DEA800A800498FB98F1777FF1F1307678A17785C
:10DEB800FF1F1308E88B3A85832807006384172B14
:10DEC8001107E31B07FF1777FF1F1307678A18431C
:10DED8001318270042951CC10507A1473367F702AD
:10DEE8009777FF1F23A6E78893F735001397470016
:10DEF80083474601C16B368993F7F7FCD98F328483
:10DF08002E8A230AF600814A176CFF1F130CCC785F
:10DF1800FD1B976CFF1F938C6C60177DFF1F130D03
:10DF2800ED85EF708FE363C7AA00E15426854101B0
:10DF38006F40EFAF1308400EB3870A0303280C0B9A
:10DF4800B30DF800638E0D2083D7CD01638A772146
:10DF580083A70C00014B639707169767FF1F9387EA
:10DF680027729C436390071683C7040003C70D04F8
:10DF780093F7F707631BF71ACA872287CE86268688
:10DF880093859D0613851D04EFF0BF85631F051853
:10DF980083D7CD01032709002320B4012312F400FD
:10DFA800FD572313F4008347170093F6F7078347B9
:10DFB800D40093F707F8D58FA306F40093F7F70773
:10DFC800B337F000B307F0402307F4008347170086
:10DFD8009D839396370083474401DD9BD58F230AA1
:10DFE800F4008347370083464700A207D58F83464E
:10DFF8002700C206D58F1CC88347770003478700D0
:10E00800A207D98F2315F4000D476304EA00BD5415
:10E0180091DF93870710C207C1831307B00FBD5460
:10E02800E376F7F0EF706FCD8144E31105F0976662
:10E03800FF1F83C66674938716001767FF1F230D9B
:10E04800F7721767FF1F1307E772231BD400939714
:10E058002600144303578400E175BE96A167138612
:10E06800F7FFB377C70098426D8FD98F9CC21848C5
:10E07800F18F3E07D98F9CC2EF702FCD9767FF1F96
:10E0880083C7876F33F5A7029767FF1F2386A76E9D
:10E0980071BD9307A004B308FB0283270D00BE9847
:10E0A80003D7080083D7CD01631DF70083C7040099
:10E0B80003C7880093F7F707630BF70083C7FD01D1
:10E0C8009DEB050BEF70AFD6E345ABFC71BD9385B7
:10E0D800980113859800CA872287CE86268646C669
:10E0E800EFF02FF0B24879F98347440193E74700EE
:10E0F800230AF40071BD83C7040003C7980293F78D
:10E10800F707E310F7FCCA872287CE862686938511
:10E11800A8031385A802EFF0CFEC45F58347440127
:10E1280093E72700230AF400C1B783C7FD018DCB0D
:10E1380083C7040003C79D0993F7F7076312F70223
:10E14800CA872287CE86268693852D0C1385AD092E
:10E15800EFF02FE911E58347440193E7270049BF12
:10E16800850AC1B3FD54D9B3EF422F89797183541D
:10E178004500AA8B2E84B28AEF702FC059056348D8
:10E188009504EF708FBF5905420541819730FF1FF5
:10E19800E78060B22A8905CD2AC623180100EF70EE
:10E1A800CFBD59052319A100614681452808976903
:10E1B800FF1F9389694E4ACAEF400F8B23028102E1
:10E1C80003A48900058819E44A85EF80D046456193
:10E1D8006F402F8674003008D6855E85EFF03FC704
:10E1E80065F56800EF703FF4177AFF1F130A4A813C
:10E1F80083270A00AA84035B010189CB89476397B7
:10E20800FA00835501025E85EF50604803552102EC
:10E21800EF60CFD219E503552102EF600FDF3334E9
:10E22800A0008347C1021A042C0893F7F7FB5D8C02
:10E23800680023068102EF60106FE9576314F50246
:10E248008356E1029767FF1F9387C7529C43139732
:10E2580026006176BA979843718F98C39767FF1F16
:10E26800238CD750831721026345F00085476396B6
:10E27800FA00B25793F7070CA1FBD247C204034731
:10E28800C102C180BE9426C6231861011377070313
:10E29800C147631CF70083475102054793F7F70707
:10E2A800E384E7F2EFA04FD135A892570544A18344
:10E2B80093F7F707E37AF4F0630507108347C10281
:10E2C8001307000293F707036397E700EFA04FFFD8
:10E2D8008547E31BF5EE8347C10293F70703F9F37C
:10E2E800EFA04FDDAA8501460545EF60BFFE2A84F1
:10E2F800E30C05EC8347C102414793F707036384A6
:10E30800E70232478347170093F707F8A300F7009F
:10E318003247925783461700A18393F7F707FD17F3
:10E32800D58FA300F70003560101B245130BC400B3
:10E338005A85EF701FE4E24A130690058347C1022D
:10E3480083C4EA01918BB384C402138514045695DF
:10E3580095C35444B3879A0083C7070403C70600CC
:10E36800137707F82380E600584483460700D58FC3
:10E378002300F700B25703A609008146858B1D8E3E
:10E38800DA85EFC0CF9D15E9B25783A50900484447
:10E3980013869406858B56969D8DEFC0AF9611ED2A
:10E3A80083270A0085EBB257054791838D8B6380DD
:10E3B800E706A1CB09476382E7062285EF701FFDB8
:10E3C80021B5EFA0AFCCE30B85EEEFA06FEFE31D17
:10E3D80085DEEDB5EFA0CFEE85476309F5008347ED
:10E3E800C102414793F70703E39FE7FA83552102E8
:10E3F8005A85EF50201545D983172102E355F0FAC5
:10E408006DBFEFA0AFC87D15133515005DD501466A
:10E4180081452285EF60DFF44DB7EFA06FEAE5B7DD
:10E42800EF323FE09764FF1F938484282685EF70BE
:10E43800BFEE2A8419E16F301FE11305C4000546B9
:10E448008145EFF07FD22285EF705FF4C5B7EF32D8
:10E458005FDD4111AE842A849307950313071501E4
:10E468009306F10005466C00268523060100EFC0DF
:10E478008FBF1DEDA68541462285EF309FDD83477E
:10E48800F1009305140226852308F400EFC02FC974
:10E4980005E19767FF1F9387A7569C4389EF1306EB
:10E4A800940497F50000938565FE2685EFC04FD547
:10E4B80041016F305FD91306940297F500009385E8
:10E4C80065FD2685EFC0CFD379D9DDB7EF32DFD32D
:10E4D8009767FF1F9387072A8043AE84B289368ADD
:10E4E800AA8AEF708F861316250081452285EF30A2
:10E4F800BFD79767FF1F238107289767FF1F938759
:10E50800A71903A4070B13F714003E89230FE4008F
:10E51800CE8525C713059408EFF07FF301C555553F
:10E528006F30DFD18947A30FF4009767FF1F9387E8
:10E53800274D9C4303278900858093B717008607DA
:10E548002300F402231E54019767FF1F23A64715D3
:10E5580085889377B7FF99C0936747001767FF1FB0
:10E568002320F7142285930700061767FF1F23014E
:10E57800F71AEFF00FD4014565B713050403EFF060
:10E588001FED45D569BFEF32DFC9FD572310F500F0
:10E598002311050023120500231305001306200488
:10E5A80081452105EF305FCC6F30FFC9EF32DFC501
:10E5B8004111AA8401441769FF1F1309291C9309F3
:10E5C800A0042EC6EF70AF86B2456344A40061551F
:10E5D8000DA033053403832709003E958357250092
:10E5E800639CB7008357050063989700EFF0BFF965
:10E5F800014541016F309FC40504E1B7EF32DFC028
:10E608009767FF1F9387C7079C434111AA842E84ED
:10E61800B28903592500C1C39767FF1F83D7870AAB
:10E62800639B2707EF60EF902A8903D524009305A1
:10E638001002B305B40285472302F10093578900FD
:10E64800A302F10093578500A303F10083D7440088
:10E658002304A100254613D787002305F10083D79B
:10E668006400A304E1004E8513D78700A305E100E9
:10E678002306F1001387950093879501A105B386BA
:10E68800B400A6974C00269723032101EFC0AF9D45
:10E6980041016F30BFBAEF60CF8951BFEF32DFB6AB
:10E6A8004111AA8401441769FF1F1309290D930911
:10E6B800A0043AC636C432C22EC0EF605FF7824566
:10E6C8001246A24632476344A400615599A0B30795
:10E6D800340303250900AA9703D8070003D5C4010A
:10E6E8006310A80495E91DEE91CA03C6E4019305D9
:10E6F80010023306B60225063E9690C2014511CB9C
:10E7080083C6E40113061002B386C602E506B6976F
:10E718001CC341016F309FB203D52700E305B5FC48
:10E72800050441BF83C5E40113051002B385A502A2
:10E73800BE9583C585002300B6007DB7EF32DFACF8
:10E748005C4141112A8403DA2700C167FD17AE84B2
:10E758003289630CFA002685EF709F9D8D4763ED23
:10E76800A7007D5541016F307FAD2E85EF705F9C0E
:10E778009D47E3E2A7FEF5B75C40268583D54700B1
:10E78800EF70BF93835584002685EF701F938D45E6
:10E798002685EF705F91AA89EFF0CFE093570501C6
:10E7A8002380F90093578500A380F9002381A900ED
:10E7B8005840C167FD178345A7006314FA0093E525
:10E7C80005082685EF703F929767FF1F938747EBF1
:10E7D8009C430840D9CF8347B400858BD9CB7800B8
:10E7E8003400130671008145EFF05FEB1DC98347C4
:10E7F800B400184093069005F99BA305F4008347DD
:10E80800E701B387D702B306F70083C60604A3035C
:10E81800D1009386170493879706BA96BA9736C499
:10E828003EC61764FF1F130424E71C440C402685CA
:10E838008983858B9D8D834771009E05DD8D93F5BA
:10E84800F50FEF705F8A1C44104022458983858B41
:10E85800CA861D8EA685EFB09FD0E31505F01C442F
:10E868000C40324689838840858B9D8DEFB09FC9C7
:10E87800D5BD8347B40013079005F99BA305F400A1
:10E888008347E501B387E7023307F5000347070429
:10E89800A303E10013871704938797062A973E95E9
:10E8A8003AC42AC6BDBFEF323F96032A45009307F4
:10E8B800F00FAA840347AA00AE893284368963160A
:10E8C800F700EFA08FAE2305AA00938AC90001467E
:10E8D800D6852685EFF09FE62A8A21E51767FF1F70
:10E8E800130707121843DC4039C383C6A70005473E
:10E8F800638FE60283D547005685EF40B04405C9CB
:10E90800DC40839747006354F00201CC1C4089C760
:10E918004A868145014582975C4081C7CA85014581
:10E9280082974E85EF709FA652856F303F91DC40ED
:10E9380003D54700EF509FE001E9DC4003D54700CD
:10E94800EF50BFEC81471DCD19C41C4089C74A86CA
:10E958008145014582974E85EF709FA2AA8517656C
:10E96800FF1F1305E5D4EF70FF9811C45C4081C701
:10E97800CA85014582971765FF1F1305A5D2EF6069
:10E98800704E8547D84085460346A700E30BD6F866
:10E99800031747006353E000C9F74A86A2854E85EE
:10E9A800EF601F9CBDBFEF323F86AA840144176900
:10E9B800FF1F1309A9DC9309A004130A9508EF6047
:10E9C8001FC76344A400014535A0330534038327DA
:10E9D80009003E958357250099E30504CDB70357F1
:10E9E800050083D7C401E31AF7FE52868545EFF088
:10E9F800FFC065D56F309F84EF321F81AA84014420
:10EA08001769FF1F130989D79309A004EF603FC254
:10EA18006344A4006F309F823305340383270900C1
:10EA28003E958357250081CF83570500639997004A
:10EA380093059502130610022105EF309F81050406
:10EA4800F1B7EF320FFE0347E5012A848347F5014A
:10EA58006307B70089E781452E856F30CFFE230F06
:10EA6800B400054781C9E398E7FE8947A30FF4007E
:10EA78008545DDB7638BE7020947E39FE7FC2285FD
:10EA8800EFF0AFA59767FF1F938787BF9C4399E770
:10EA98009767FF1F938787A89C4389C70355C401BD
:10EAA800EFF09FF5A30F0400E1B755D6C9BFEF32C9
:10EAB800AFF54111AA8401499769FF1F938909CCD1
:10EAC800130AA00436C632C42EC2EF605FB6924560
:10EAD8002246B2466347A9000144228541016F30AE
:10EAE800EFF53304490383A709003E9483572400B4
:10EAF80099CB6398B7000357040083D7C401630414
:10EB0800F7000509C1B783D7C40122852311B400D2
:10EB18002312C4002310F4002313D4001386040323
:10EB28008145EFF0BFAD19E983C7E401DDD713864E
:10EB3800940885452285EFF07FAC45D12285EFF01A
:10EB48009FA459BF1C419766FF1F9386E6B4944261
:10EB580003C70700858A1D83B98E03C74501799BC2
:10EB6800558F238AE50083C617005D9B9D828E061C
:10EB7800558F238AE50003C717009376F70703C765
:10EB8800D500137707F8558FA386E50003C737002C
:10EB980083C647002207558F83C62700C206558FB4
:10EBA80098C903C7570083C667002207558F239467
:10EBB800E50003C7770083C787002207D98F23950D
:10EBC800F5008280EF324FE4EF90BFE08547631293
:10EBD800F508EF70EFBE1764FF1F130464E21C40D2
:10EBE80081CBEF90FFED89476304F5001C408297C5
:10EBF8009767FF1F9387C7A89C43B9CF82979767EA
:10EC0800FF1F9387A7919C4391C382971764FF1FA7
:10EC1800130484A88327040B83D4C701EF507FB162
:10EC28008327040BAA85144003C6E7011C44898383
:10EC3800858B99C31366260026854169EF400045F8
:10EC48008144D9497D19EF607FA463CAA4006F305D
:10EC5800EFDEEF700FBC41B7EF60CFFB4DB7B38766
:10EC680034030327840ABA9703D5270063082501CC
:10EC780003C6470183D50700EF40E0428504E1B7AA
:10EC8800EF328FD801449764FF1F9384E4A01309DF
:10EC9800400EFD59EF607F8C634FA40401449764D4
:10ECA800FF1F9384649F13098002FD59EF60FF8B57
:10ECB800634CA40401449764FF1F9384E49D59495D
:10ECC800FD59EF60BF9C634AA40497F5FFFF938545
:10ECD80065F91765FF1F1305E5A3EF60F00D97F5BC
:10ECE800FFFF938525741765FF1F1305A59BEF602C
:10ECF800700B6F30AFD43307240383A7040B0504CC
:10ED0800BA97239E370179B73307240383A7C40A28
:10ED18000504BA972390370151BF3307240383A70B
:10ED2800840A0504BA972391370161BFD441038748
:10ED3800350085473356F5026377E600A54899E71D
:10ED4800238006008280B387E702EDB73358F502C7
:10ED5800038735003375F502B3D7E70213070003BD
:10ED680063DA080103C6050013077003118A19E264
:10ED78001307700585064297A38FE6FEC9B71845A5
:10ED88001C416376F7005C41BA972380B7001C45A5
:10ED980085071CC58280EF32CFC84111AA872E850E
:10EDA800B285368636C6829763480500B246158D09
:10EDB8003335A0003305A04041016F30CFC8EF3292
:10EDC800AFC4056941112A8A2320060001448149FC
:10EDD800976AFF1F938A0A9D056B7D1932C62EC458
:10EDE800EF60AFF8AA84EF604FF72695A245324648
:10EDF8006346A4004E8541016F304FC403A70A0043
:10EE080093171400BA9703D707003377670101E710
:10EE18001CC20504E1B703D707009356D700858ABB
:10EE2800E39946FF33772701E315B7FEBE89D5B7C7
:10EE3800EF322FBF01112EC6B2843689EFA0EFDF63
:10EE48002A84615501C8B24589E9232E040023208C
:10EE58000402014505616F300FBFA1463008CA851D
:10EE68002685EFF05FF37DF5835781010357A101F4
:10EE7800231EF4008357C1012310E4022311F40276
:10EE88008357E101D207D1832312F4028357E101AA
:10EE98001397370163560700FD57231FF4005DBF22
:10EEA800231F040045BFEF322FB61754FF1F13046A
:10EEB800A47E8327040B03D7C701C167FD17630E20
:10EEC800F7109767FF1F9387E7B39C4381C70545F2
:10EED800EF40A07EC1690149930A400EFD19176BE6
:10EEE800FF1F130BEBB1EF604FE7634BA90E1767DA
:10EEF800FF1F0347E7819307F00563E4E702EF602C
:10EF0800CFE093050006B3C5A502B7F7360093878F
:10EF180007E81755FF1F1305E57FB385F502EF6076
:10EF2800C07581451705000013058520EF503FF196
:10EF3800EFA0AFD001CD0357C50109CB0357E501B9
:10EF480011C78347050299C3EF60C071EFA02FD0A6
:10EF580031C51767FF1F034767889767FF1F9387A8
:10EF6800E7870DCF03C717002304E50003C7270071
:10EF7800A304E50003C737002305E50003C74700DE
:10EF8800A305E50003C757002306E50003C767008C
:10EF980083C77700A306E5002307F5001C4493E721
:10EFA80017001757FF1F232DF76E5C4085E7EF60AA
:10EFB8000FE30DC1EF60AFE244402A89EF602FE212
:10EFC80033F5A4025C40FD17CA97898F1757FF1FB6
:10EFD8002326F76C0145EF609F9301456F300FA61C
:10EFE800B30459038327040BBE9483D7C4016388F1
:10EFF8003703138A0403D2855285EFF04FC505E124
:10F0080083C7F40199CF938594082E85EFF02FC418
:10F0180009C91306900581455285EF30EFA405090B
:10F02800D9B583270B00268593B717008607238059
:10F03800F402EFE01FA8E5B7854763F8A700930738
:10F04800F5FFBE953305A040E98D2E858280984155
:10F05800C167BA9713D707016304A7009CC18280D0
:10F068004207998FE5BFEF32CF9B41112EC63284FC
:10F07800B684EFA0CFBDE15701C9B24591E99757D2
:10F08800FF1F238D077481473E8541016F30AF9B79
:10F098009D461756FF1F13067674A6852285EFF046
:10F0A8009FCFAA8775F105479756FF1F2388E672F9
:10F0B800E1BFEF326F95411191E99757FF1F23AFD9
:10F0C800075C0144228541016F304F97B685328530
:10F0D8008D467000EFF03FCC2A846DF58347D10050
:10F0E8000347E1001759FF1F1309095BA2074207ED
:10F0F800D98F0347C100D98F1757FF1F2320F75A0D
:10F10800EF60EFCD61D1EF608FCD83244900AA89EC
:10F11800EF60EFCC33F5A40283274900FD17CE97A3
:10F12800898F1757FF1F232BF75669BFEF326F8F51
:10F138001C45AA8491CFD84B01CF83D7470089CBF0
:10F14800EF503F8BAA8509C588446105EF60E052FE
:10F158009757FF1F9387C7529C43014489EF6F302D
:10F168008F8E9C4813171400BA9703D5070019C14E
:10F17800EFE0EFBE0504EF604FBBE344A4FEC5B764
:10F18800EF322F8A011185E9EF50BFD2014497571A
:10F19800FF1F23AF07589757FF1F23AD07589757EF
:10F1A800FF1F23AB07589757FF1F23A9075822852E
:10F1B80005616F304F89B6873285C9467000BE85B4
:10F1C800EFF07FBD2A8465F541469305E1001755A8
:10F1D800FF1F1305E555EF30CF870355C100EF50EA
:10F1E8000FD1F1B78DE19757FF1F23A7074A97570C
:10F1F800FF1F9387674A9C470145ED9B1757FF1FE1
:10F208002320F74A8280EF32CF814111B6853285BB
:10F2180095463000EFF03FB815EDA2471757FF1F8E
:10F22800232CF7469757FF1F938707479447B24702
:10F2380013F7B6FF13F6170019C213E746008583C4
:10F2480093F7F7079756FF1F23ACE6441757FF1F9E
:10F258002300F74C41016F201FFFEF22FFFA0384C0
:10F268001500DC412A89AE8485070387F7FF19C397
:10F278006340800C8387240091C7635580007D1408
:10F28800620461849C40370700FF0907F98F37073C
:10F29800001009076392E70A635580007914620435
:10F2A800618483C70400858B95E39379F40F4E8AB4
:10F2B80093178A01E187634AF008A2876353040021
:10F2C80081473384F9407D14620461848385240076
:10F2D80081C54A85EFF0BFAA9C40370700FF0907A0
:10F2E800F98F370700100907639AE70693050003AB
:10F2F8004A85EFF0DFA883C7040093058005918B4A
:10F3080099E3930580074A85EFF07FA783C7040038
:10F31800858B81CB1374F40F93178401E1876347BE
:10F32800F004C04005048305F4FFA1E96F201FF134
:10F338007D14620461840DBF370700080907E39252
:10F34800E7F6E35080F67D1499BF930500024A85DD
:10F358007D1AEFF0DFA2137AFA0F99BF370700087A
:10F368000907E395E7FA9305000371BF93050003C6
:10F378004A85EFF0DFA07D1471BF4A85EFF03FA00A
:10F3880055B7EF221FEAEF604F9E2A84EF60EF9C8B
:10F39800229589450605EFE04FB5E55711C5975702
:10F3A800FF1F23A1A74081473E856F20DFE9930710
:10F3B80000026306F5005D1513355500828005458A
:10F3C8008280EF227FE44111AA892A891304190057
:10F3D8008304F4FF32C62EC42685EFF05FFDA245F4
:10F3E800324659E19307D0026392F408830404007B
:10F3F8000548130429009377F6FEC9E7930700032D
:10F40800639FF40E830704001307800593F7F7FD45
:10F418006399E7068304140041460904B70600808F
:10F428006314080093C6F6FFB3FEC6028147254F52
:10F43800654EFD5F33D3C602138704FD6368EF068C
:10F44800BA8463D5C408630DF5017D55636AF3007A
:10F458006394670063C69E000545B307F602A69746
:10F4680005048304F4FFC9BF22898DB79307B0024E
:10F478000148E392F4F8830404002A88130429005D
:10F488009DBF01CA8947E31BF6F893070003E3977A
:10F49800F4F8830704001307200493F7F7FD639B30
:10F4A800E70483041400094609048DBF13E7040226
:10F4B8001307F7F9636CEE009388F4FB13077003E6
:10F4C80063741E0113077005998CA5BF7D576300EF
:10F4D800E50263040800B307F04091C519C1930918
:10F4E800F4FF23A035013E8541016F203FD5B68743
:10F4F800FDF5D5BF9304000315F2214605B719FEA3
:10F50800294629BFEF225FD0011161540DC532840D
:10F51800AE89414681453689EFF0BFEA931405016B
:10F52800C180639E09002685EF305032014401C531
:10F538008145EF20901D228505616F203FD02285EF
:10F54800CD467000CA85EFF01F852A846DF52685A3
:10F55800EF30D02F09E90356C1008345E101268524
:10F56800EF20901201C941469305E1001105EF20F3
:10F578005FCED1B75D54C1B7EF221FC90111E15465
:10F5880001CDB284AE89414681453689EFF07FE3EB
:10F598002A84639709008144268505616F201FCA64
:10F5A8002685D1467000CA85EFF0EFFEAA846DF576
:10F5B8008357C100EDD3EF608F8142059317040193
:10F5C8004181C18363F9A702EFA08FA74204E147F5
:10F5D80041803304F40241460C082A941305440080
:10F5E800EF203FC78357E1002311F4008357C10080
:10F5F8002310F40055B7E55445B7EF22FFC07971E1
:10F60800E15415C53284AE8941468145B684EFF090
:10F618005FDB1319050113590901639E09004A8527
:10F62800EF40506C814401C58145EFA02FA226858B
:10F6380045616F20BFC0A685930630027000228501
:10F64800EFF06FF5AA8465F54A85EF40B0692A8422
:10F6580011E54A85EF901FFE2A8431C58357C10002
:10F6680023112401930964002310F4008347E10067
:10F678009305F10041462302F4004E85EF207FBD3B
:10F688001309740141469305F1014A85EF207FBCB7
:10F69800930554004E85EFB0AFAE930564014A85DB
:10F6A800EFB00FAE69B7DD5459B7EF22FFB57971E6
:10F6B80011E5E154268545616F205FB8B284AE89B3
:10F6C800414681453689EFF0DFCF131A0501135AF9
:10F6D8000A015285EFE08FB92A846398090071D92D
:10F6E8008145EFA02FA58144F1B726859306100226
:10F6F8007000CA85EFF02FEAAA844DFD31C8B247E1
:10F708009305D1004146858B230FF400B2471305BA
:10F718000403858393F7F707A30FF400EF207FB363
:10F7280041469305D10113059408EF209FB259B7BC
:10F738003304690383A70A0B3E948357C401638388
:10F7480037030509EF507FE1E344A9FEDD549DB777
:10F75800C1690149975AFF1F938A0AF4130B400E97
:10F76800FD19CDB7231E440159BF49CDEF22DFA9AA
:10F778004111B289AE8441468145368AEFF07FC493
:10F78800931A050193DA0A010149175BFF1F130B4E
:10F79800ABF0EF509FD4634AA9000145ADCC81443A
:10F7A8001759FF1F130949EF81A883274B0B13141F
:10F7B80039003E9483570400638857050509D1BF73
:10F7C8008327490B139434003E948357040085E73C
:10F7D8002310540191467000D2854E85EFF0AFDBBF
:10F7E8001DE9B24713978700E1832183858B58C0B1
:10F7F8002301F4000DA08504EF503FCEE3C2A4FC22
:10F808005D5511A861558280F1F421468145228514
:10F81800EF209FA5014541016F205FA21971D2C455
:10F82800130AC10686CEA2CCA6CACAC8CEC6D6C2FC
:10F83800B6D6BAD8BEDAC2DCC6DE52C463810524A5
:10F84800FD151C102ACC2ECA02CE3EC89304B00265
:10F858001549A94983050600130416009DE1F246DF
:10F868005247E24763FBE620B697238007007245BC
:10F87800F6406644D6444649B649264A964A09613E
:10F888008280930750026386F5004808EFF02FCF77
:10F89800F5A88357C10023070100014593F7C70F57
:10F8A8002316F10081450148014701468146930826
:10F8B800D00213030003130E300205048307F4FF7C
:10F8C80099C7638C970463C3F404638BC70501CAA3
:10F8D8000346C100858A799AD18E2306D10063092F
:10F8E80008008346C100098BF59A558F2306E1006D
:10F8F80019C12307B100138707FD1377F70FA54632
:10F9080063E2E6068146A545294535A0E38717FB4E
:10F91800E39F67FA0546FD564DB70545854571BF16
:10F9280005487D5759BFB386A60205048307F4FF2F
:10F93800BA96E206E18613F7F70F130607FD13766A
:10F94800F60F63E5C500138707FDF1BF1306F7F946
:10F958001376F60F636EC902138797FAE30537FD2E
:10F96800A306D100130790066385E704634BF706E7
:10F97800130780056384E70A6345F702E38107EE0E
:10F988001307500293055002E381E7F02286D9B5A8
:10F998001307F7FB1377F70FE364E9FC138797FC6A
:10F9A80075BF130730066386E70A13074006E39F0F
:10F9B800E7FC03250A00A947A307F100930A4A00B8
:10F9C800635805009307D0023305A0402307F100D0
:10F9D8006C00EFF0AFB56C004808EFF01F88568A4E
:10F9E80075B713073007638EE7066341F7021307FD
:10F9F800F006638EE70413070007E399E7F8034767
:10FA0800C100136727002306E10009A81307500760
:10FA1800638BE70213078007E39AE7F6938787FA71
:10FA2800414793B71700A307E100139727008347BF
:10FA3800C100ED9BD98F2306F100930A4A006C00A0
:10FA480003250A0079B7A947A307F100FDB7A14725
:10FA5800E5BF83050A004808930A4A00EFF02FB271
:10FA6800BDBF83270A006C0048083EC8EFF0EFFED0
:10FA78001C10930A4A003EC89DB7BA97FDB30145CA
:10FA8800C5BBEF220FFA2A88368583464800BA8715
:10FA980003475800A206D98E328717E600001306DE
:10FAA800A6A189E517E600001306C6A1BE85EFF0FA
:10FAB800FFD66F204FF99757FF1F9387A7D19C4315
:10FAC80081CFEF220FF6D843B2862E861847AA8533
:10FAD8003E8502976F202FF761558280EF226FF4E1
:10FAE8008357050039712A84231EF1008347450096
:10FAF8009305650041461305F101230FF100EF203E
:10FB08004FF59305740141461305F102EF206FF498
:10FB18008356240017E60000130606A3E5450A8568
:10FB2800EFF0DFCF6C08130630020A85EFF0BFF85C
:10FB380021616F204FF1EF22CFEE39712A849305AE
:10FB4800050341461305D101EF20AFF09305940852
:10FB580041461305D102EF20CFEF8347E401034765
:10FB6800F4018356C401858B0607D98F17E6000078
:10FB78001306469EE5450A85230EF100EFF01FCADD
:10FB88006C08130610020A85EFF0FFF221616F205E
:10FB98008FEBEF226FE737040001B70400FF011174
:10FBA800814A1759FF1F130929AF7D149389F4FF60
:10FBB80017EA0000130A8A9EEF503F9263C5AA0015
:10FBC80005616F20AFE78327490B13973A003E97EB
:10FBD8008347370095CF5C43A30107005286B3F6ED
:10FBE80087008247E5454800E58FD58F3EC08346AC
:10FBF8002700B3F73701858AE206D58F83560700B9
:10FC08003EC0EFF0BFC111468A854800EFF0BFEA59
:10FC1800850A5DB7EF22EFE001468145EFF0BFE9C5
:10FC28006F206FE283576500638E071A1D71A2CC9F
:10FC3800A6CACAC886CECEC6D2C4D6C2DAC05EDECE
:10FC4800801013F717003289AA8431CBF99B23134C
:10FC5800F500EF509F8C06053D0541990A8BC16A56
:10FC68003301A1408A8B8149014AFD1AEF50FF8A6E
:10FC7800634CAA0C7947930604FB17E600001306A9
:10FC8800E690CA852685EFF0DFDF638F090C1396AF
:10FC98001900DE85130504FBEFF0FFE15A8183D7D5
:10FCA800640013F7270021CBF59B2393F400EF5052
:10FCB800DF8706053D0541998A8A3301A1400A8BF1
:10FCC8008149014AEF507F866345AA0A6547930632
:10FCD80004FB17E600001306E68BCA852685EFF0BD
:10FCE8005FDA6387090A13961900DA85130504FB9E
:10FCF800EFF07FDC568183D7640013F7470005CB0C
:10FD0800ED9B2393F4006547930604FB17E6000078
:10FD180013068688CA852685EFF0BFD69C4481C71E
:10FD280003D747003DEB130504FBEFF0BFEE1301CB
:10FD380004FAF6406644D6444649B649264A964AE5
:10FD4800064BF25B25618280DC4413171A00BA97D0
:10FD580003D707006308570193971900DE9723908C
:10FD6800E7008509050A19B7130504FBEFF09FEAB8
:10FD780035B79C4813171A00BA9703D7070019C755
:10FD880093971900DA972390E7008509050A1DBFA4
:10FD9800130504FBEFF01FE8B1BF2314E4FA03D7FF
:10FDA80067008326C4FA2146520751832315E4FAD3
:10FDB800370700F0758F9447930584FA130504FB01
:10FDC80092069182558F2326E4FA83C7770013F7AA
:10FDD80007018347F4FABD9BD98FA307F4FAEFF024
:10FDE8009FCDB1B78280EF224FC11754FF1F130474
:10FDF800A48A0444797193F7F4FB1757FF1F232152
:10FE0800F78A93F70404A1C78588A1E097D9000071
:10FE18009389C978EF506FEC63DBA4028327440B06
:10FE2800139934003E998356090091CE4E86E545D4
:10FE38004808EFF0BF9E4808EFF0DFDD2146814516
:10FE48004A85EF206FC28504F1B7EFF09FD41C44B8
:10FE580013F7F7F79756FF1F23A4E68493F70708CD
:10FE68006397071E1C4413F7F7EF9756FF1F23A944
:10FE7800E68213F707106318071E18449377F7DF15
:10FE88009756FF1F23AEF6809376072095C6058BFD
:10FE9800630A072018408983858B3ACA0347840779
:10FEA80015464C080607D98F17D500001305C56BF2
:10FEB800230CF100EFF03FC01C4413F7F7BF97463F
:10FEC800FF1F23AFE67C93F707408DC38357440099
:10FED8000D464C08231AF1008357640017D500001B
:10FEE8001305C568230BF100EFF0FFBC1844FD743F
:10FEF8009387F47FF98F9746FF1F23A3F67A93170A
:10FF0800470163DF0700EF904FD319C98356C50136
:10FF18006391061A17D500001305C565EFF09FCF4A
:10FF28001C447D777D177D8F9746FF1F23AAE676B1
:10FF380013973701635A0702858B6388071CEF9074
:10FF48000FD11DC118458347E5001D463ACA03571E
:10FF5800C5004C0817D5000013054562231CE100B5
:10FF6800230DF100EFF03FB51844F977FD17F98F2D
:10FF78009746FF1F23A6F6729317270163D9070038
:10FF8800814517050000130525CAEF405FEB1844AB
:10FF9800E177FD17F98F9746FF1F23A3F670931794
:10FFA800070163D30702EF90BF892A84814417D9D8
:10FFB80000001309295DEF508FE193970401420572
:10FFC800C183418163EAA71445616F208FA683A787
:10FFD8000A0093141900BE9483D7040033F767010D
:10FFE8001DCF1396170133F77701B3F63701635224
:08FFF800060417D600001306F1
:020000021000EC
:10000000265509E717D6000013064655E54548086A
:10001000EFF05F814808EFF07FC083D70400B3F7AB
:1000200047012390F4000509EF50AFD4AA84EF50A4
:100030004FD32695E341A9FA15BD368519C7EF4080
:10004000E04A61DDEFF01FAAC9BFEFD0BFA271D5B2
:10005000EFF0FFAED9B785697D7A0149974AFF1F56
:10006000938ACA74056B896BFD197D1A75BF858BE0
:100070009DC7EF408FEC231AA10041469745FF1F13
:100080009385856B13056101EF202F9D49464C0830
:1000900017D500001305454DEFF07FA2DDB317D54E
:1000A00000001305654CEFF07FB7E1BB17D50000EA
:1000B0001305054CEFF09FB621B50357E501C17755
:1000C00085073E978357A101FD14133717003207A8
:1000D000E58FD98F231DF100231AD1008356050225
:1000E000035725022146231BD100231CE10003579F
:1000F00045028566FD16758FFD76F58FD98F4C0804
:1001000017D5000013058547231DF100EFF03F9B35
:1001100021BD17D500001305E546EFF03FB089BDBE
:100120005C4813F7E7FF58C8858B89CFA6864A86B7
:10013000C9450A85EFF00FEF8357040099E70A8558
:10014000EFF0DFAD850461049DBD231AF1008357F4
:1001500024009305440041462808231BF100EF20AA
:10016000CF8F51464C080A85EFF07F95E1BFEF2213
:10017000CF8B85473395A7009747FF1F938747523B
:100180009C47411181455D8D9747FF1F23AEA750C6
:100190009377057085E393576500858BA1CBC16785
:1001A000938707887D8D05EDEF50EFC49305803E62
:1001B000B305B5021745FF1F1305855F2EC6EF5027
:1001C000C041B24519C16349B50085C51745FF1F38
:1001D0001305055EEF50E04A41016F204F87EF5055
:1001E0008FC12A84EF502FC2E360A4FCEF50AFC14F
:1001F00075BF0145EFF0BFBFC5B7EF220F8379711F
:10020000AA8601441749FF1F1309894936C6EF50D2
:100210004FADB246635CA4028327490B93143400AC
:10022000BE9483D704006396D70285C617D6000014
:1002300013064637E5454808EFF0CFDE4808EFF0F3
:10024000FF9D214681452685EF208F8245616F20E5
:100250000F80050465BF19C223200600814701C530
:100260009306D00389E53E85828085050505838751
:1002700005000307050099CF6394E700E397D7FED5
:100280008147D5B79306D0038547E30ED7FC933754
:100290001700D1BF9307F002E316F7FE854761D63A
:1002A000050508C2C9B799C123A0050081470DC142
:1002B0001308D0031306F0023307F5008306070086
:1002C00081CA638706016397C60099C1050798C173
:1002D0003E8582808507CDB731C9EF129FF241116B
:1002E0002E8A6C002A89368BB28A97D400009384B8
:1002F000241FEFF05FFB2A8C0144A689B14B884094
:100300006286CA85EFB0402801ED0E044E945C4031
:100310003245DA865686D285829741016F10FFF109
:100320000504A104E31D74FD6155C5BF7D558280A0
:1003300099E561558280615505616F10BFF0EF123C
:100340003FED2E8A2A8401118145B28452854146AF
:10035000BA893689EFF06F8793150501C18113764D
:10036000F50FA1812285EF40DFA92A8469D5528546
:100370004C08EFF05FF3524A2A8BE30E0AFA2A8602
:1003800097D50000938505215285EFB0E01FAA8A1A
:100390000DED7D5AEF50EF9863C5AA0099E801452D
:1003A00061BF5C4413971A00850ABA9723904701EE
:1003B000D5B74C442EC6EF50CF96B2451316150054
:1003C0004E850299E34DA0FC85BF5A8697D5000063
:1003D0009385C51C5285EFB0201B0DE1032A040153
:1003E000EF502F951316150081455285EF105FE8E9
:1003F000DDD40C482EC6EF50CF93C1B75A8697D59F
:1004000000009385E5195285EFB0001841E11C44C6
:10041000A5CF81ECD443370700E0758F9447D8C34C
:100420003707001F758F98C701BFA1463008CE85DA
:100430004A85EFE0DF96E31105F018448357810108
:100440007D762312F7008357A101939647018357C6
:100450006700D182F18FD58FF2467D767D16F182CD
:10046000858AB206F18FD58F2313F7008347E10108
:100470008356C1012305F7008347B7002314D70033
:10048000FD8BA305F7004DBD7D557DB55A8697D5EB
:100490000000938565045285EFB0000FE31D05E869
:1004A0001C4CE38A07E89C43E38707E8CE864A862C
:1004B000A6852285829749B5EF123FD73687B28647
:1004C0002E86AA850545EFF0BFE66F105FD8EF12C4
:1004D000DFD53687B2862E86AA850145EFF05FE527
:1004E0006F10FFD6EF12DFD2411199C123A0050092
:1004F0009747FF1F9387872D804381441DC82E890E
:10050000AA8931141DC40C4070004E85EFF0BFD491
:1005100019CD81E8A284630C0900B2472320F900B9
:1005200039A08C4008400146EFF0FFD265F5404805
:1005300069F8268541016F10FFD0184111CBEF12E9
:10054000DFCEAE873E85B285368602976F103FD0EC
:1005500035558280EF127FCD8357C50013D7050133
:10056000C205B387E7021841C1814849BA95BE95D3
:10057000EFF0BFFC6F10BFCD584111CBEF12FFCA97
:10058000AE873E85B285368602976F105FCC3555B3
:100590008280184509CBEF125FC9AE873E85B285D0
:1005A00002976F10DFCA355582805C4599C7EF12FC
:1005B000DFC72E8582976F109FC935558280EF1255
:1005C0003FC583290500035AC5002A844849AE84E3
:1005D0008145EFF09FFD2A890DE193D50401B38594
:1005E00045030356C4004848CE95EFF09FFA2A8988
:1005F00009E548488545EFF05FFB4A856F109FC4C9
:10060000EF121FC12A890441035BC5004849797173
:100610002E848145B28A368AEFF03FF941E1935941
:100620000401B3896903420441802694A2990344DA
:100630000901330480403374440111CC032549017E
:10064000A2865686CE85EFF03FF3AA8431E1330AC5
:100650008A40A299A29A8144630C0A025286D685E6
:10066000080803244901EF105FBF834609011C08F5
:100670009305F00F338646413385470136C6EF10A8
:100680003FBFB2461008CE852285EFF0FFEEAA8468
:10069000032549018545EFF05FF1268545616F101F
:1006A0007FBAEF129FB82E864C41A1462A84EFF004
:1006B0003FF5AA8403450401A145EFE07F985C4023
:1006C0003385A74048C026856F107FB8814797D6ED
:1006D00000009386E6DD6393C70082803387F500D0
:1006E000034707008507398D1357450036970347A1
:1006F00007001205398D1375F50F1357450036970E
:10070000034707001205398D1375F50FE9B7EF128E
:10071000DFB12A84AA851D461305F00FEFF01FFBF9
:10072000834774003385A7403335A0006F103FB274
:10073000EF12BFAF4111A1463000EFF0BFE109ED6C
:1007400003578100C167FD1705456317F7002800AF
:10075000EFF0FFFB3335A00041016F105FAFEF12E8
:100760003FABAE848C4141113684A1462A89034AAD
:100770000501EFF03FDEAA8921ED5285A145EFE0AA
:100780003F8C9C400357C9002A8AAA979396070179
:100790009CC0C182098F639DE602C16513D7070122
:1007A000B385B74011E78355E900FD15C205BE9535
:1007B0008CC01DC05C404177AD8FF98F91EFF98DF2
:1007C0008CC05C403E9A420A135A0A01D2958CC0F2
:1007D0004E8541016F101FA7A1460A864A85EFF09A
:1007E0007FD7AA8975F50A85EFF07FF209C58327BF
:1007F00049009CC0F1BF0357C900835721008040C6
:100800003307474163DBE70033FA470363170A0006
:100810004177798C3E9480C065BF03450901A145AD
:10082000417AEFE0FF81098CAA8A80C0337A4401C3
:10083000417B63648A00814961BFA1463000A28583
:100840004A85EFF03FD1AA8941F52800EFF03FEC4F
:1008500011E98357A1000357C100337A6A0180C0B0
:10086000BA973E9A33045441E9B7EF121F9C2A8489
:10087000AA851D461305F00FEFF05FE5A303A40062
:100880006F10FF9CEF12FF972A84034505015D71ED
:100890002E8AA145EFE0CFFA5C402A8B0355E40095
:1008A0004179B3F727016C003EC6EFE0CFFA8355DC
:1008B000C400B247A1463008BE95B3856541228584
:1008C0002EC8EFF03FC9AA84634B05002808EFF05B
:1008D0001FE411C9B2452285EFF07FCEAA84268598
:1008E00061616F109F95C2470357A101C17C338B93
:1008F0006741B3F72701BA973EC8814610100C082C
:100900002285424CEFF0BFE5AA8471F90810EFF0A0
:100910001FE025ED5C403ECAD28630104C0822858F
:100920005249EFF0DFE3AA845DF94440638C24016F
:1009300003578102835701026316F7002810EFF076
:100940001FDD01C5D247E399F4FC63102C058357E2
:10095000410285CF83572102B37B9C010810BE9BC7
:100960001C442311F102EFF05FF083490401835A24
:100970004102B309304193F90902639B0A000C104C
:100980002285EFF01FD2AA8439F9E3188BF799B7C3
:100990004E8963F33A015689CA861018DE8522858E
:1009A000EFF05FBBAA8405FD630909000C44CA8609
:1009B00010182285EFF0DFC4AA8403450401CA851C
:1009C000EFE00FE81C443E9508C4E39A04F0B38AB4
:1009D0002A41CA9B5DB7EF12BF83411191E5FD54D7
:1009E000268541016F101F86C44983D725014CC954
:1009F00004C12316F50003C705012A842317E50067
:100A000003C5150193160701130700022308A4006C
:100A1000C182E366A7FCE1D7B3E4F402E9F08547BD
:100A2000E3FFD7FAA145EFE0AFE1AA89014A014906
:100A30008357C400931509012285BE95B3853541BE
:100A40002EC2EFF0FFCE19ED0355E4004C00050A6D
:100A5000EFE06FE09245420A2285135A0A01EFF057
:100A60003FCD09E905098357E400420913590901FB
:100A7000E360F9FC8357E40063944701D1548DB7D8
:100A8000639427039245A1463000B3853541228502
:100A9000EFF05FAC35E12800EFF07FC711C50355DB
:100AA000E4004C00EFE02FDB9247C17A33873741F7
:100AB00058C04177F98F1CC44C401C4463EEF500CC
:100AC000A14630002285EFF0FFA81DE52800EFF0D9
:100AD0001FC4032A44001DC15C400355E400417952
:100AE000B3F727014C003EC2EFE0EFD692452285D6
:100AF000EFF01FC4635C0502AA84DDB512450359FB
:100B0000A100035BC10033F5AA002A990345040143
:100B1000DA85EFE0EFD24A9508C463144501631407
:100B20000B04330A3A412322440179B709C58547AA
:100B3000A308F40075B54C402285EFF05FA84DFD89
:100B400048408357C40086093375A9003E95330594
:100B5000354148C03375250108C481452285EFF031
:100B60007FD271D551BF4D5541BF83471501D1CFBC
:100B7000EF122FE92A840345050141112E8AA14570
:100B8000BA893689328BEFE0AFCB8357C4000605B4
:100B9000898F7D5563E827075C4081443EC28146CA
:100BA00030004C002285924AEFF07FBB21ED835B41
:100BB000810063994B012800EFF07FB501E58504C2
:100BC000C204C18058409247630BF702E3F999FCD5
:100BD0008356C10061559DC663E63403C175B3FAFF
:100BE000BA006373D900CA868355A1005A8622854C
:100BF000D695EFF03F9619E50355C10021A0615548
:100C0000E3884BFD41016F104FE349558280EF129D
:100C1000CFE10147EFF07FF56F106FE3EF12EFE0E8
:100C20003284B2862E86835545000841EFF03FFEA0
:100C3000635385002A8422856F106FE1EF12EFDB8A
:100C4000834715015D71C954A5CB834D05012EC69F
:100C50002A84A1456E853689328AEFE06FBE0D4742
:100C60003307E5028357C400AA8BFD54998F63E5CF
:100C700027056304090063010A045C403ECE8146F7
:100C800010106C082285724DEFF07FADAA8945EDFA
:100C90008357010232476397E7000810EFF03FA740
:100CA000630705145840F247E31BF7FC8144631BBC
:100CB000090019A0814499E7268561616F10AFD7BB
:100CC000E35CA0FECA856E85EFE08FB7014C11C5CD
:100CD0005E95131C0501135C0C01814D417B130DC6
:100CE0004400FD5C8357E4006381B7111C44544009
:100CF0003307FC0063EBE60432472315F1022810AA
:100D0000FD572314E102231621032307F102EFF01C
:100D1000DFB5630909000C44CA8652862285EFF0CC
:100D20003F8EAA8903450401CA85EFE06FB11C44D8
:100D30003E9508C4639909002C102285EFF07F9638
:100D4000AA89CA8435D9CE8485BF6146A285081890
:100D50009700FF1FE780C00544400355C400A1452C
:100D6000B3749B00AA9403450401B3847441EFE07B
:100D70002FAD3385A44048C00355E400EA85EFE079
:100D80008FAD5C400C182285B3F767011CC4EFF0EF
:100D90007FAFAA8415F103450104A145850DEFE05D
:100DA0002FAAD25723149103231601023387A700D9
:100DB0002315E1020357C103B3F76701BA97898F7F
:100DC00028103EDAEFF07FAA2C100818EFF07F8D84
:100DD000AA840355E1034C18EFE0EFA7D257B3F70D
:100DE00067013EDCE38004F0C1BDC154F1B5835717
:100DF0004102E30109ECE39727EDC177034C0401BD
:100E0000B377FD00035D2102330C8041137C0C029B
:100E10003E9DD28ACA8C628B63F38C01668BDA8624
:100E20001018EA852285EFF0EFF2AA84E31A05E8AC
:100E30005A860C185685EFA0A04FAA84E31405E843
:100E4000B38C6C415A9DDA9AE3970CFCB5B5EF125E
:100E5000CFBD81460146EFF07FDE6F104FBF638C40
:100E6000050EEF120FBA5D71054D19C213BD1600C4
:100E700003590502B68B328B050942091359090142
:100E80002E8A2A84CA89216C930A8500E15C930426
:100E9000F9FFC204C180638F84059306A00450004B
:100EA000A6855685EFF0BFD66357050063139501FD
:100EB000A6892689E9BF9C083E95230A05FA4C00BD
:100EC0005285EF10EFBB75F563040D0883570402DC
:100ED000639597089387F4FF2310F402894613065D
:100EE0000402A1655685EFF07FD563580506616160
:100EF0006F10AFB40145E31C0DFE0549B1675D55A8
:100F0000E387F9FE9165CE9593048400C205DE86E1
:100F10005A86C1812685EFF07FD2630D0900528584
:100F2000EFA08065AA865286CE852685EFF01FD178
:100F3000E34F05FA8357040263FF3703231034039A
:100F4000894613060402A1652685EFF03FCF25A050
:100F5000A689014965B77D558280A6855685EFF043
:100F60001FEFE34605F89165FD15CA95C205C181DD
:100F70005685EFF0DFEDE35CA0F601458DBFEF1283
:100F80004FA803540502916A1D71050442042A8981
:100F9000AE894180A16B130A8500FD1A130B05026F
:100FA0009304F4FFC204C180639D7405916B2164B6
:100FB000130A8900850B170C0000130C6CC68357AD
:100FC000090293041400C204C18085076383F40EF0
:100FD0005E949306A0045008A68552854204EFF063
:100FE0001FC34180AA8A854613067100A2855285D7
:100FF000EFF0FFC12A8B634750076347A0062684A2
:101000007DBF56949306A0045008A68552854204DD
:10101000EFF0FFBF41802A8C854613067100A28540
:101020005285EFF0DFBE634C8003E351A0F8835795
:101030000902E39D97F69387F4FF2310F90289468E
:101040005A86A1655285EFF07FBFA6855285EFF0E5
:101050001FE0A2855285EFF09FDF268491B7E35809
:10106000A0FCA9B7634BA000A6855285EFF03FDE38
:10107000A2855285EFF0BFDD59B79C10BE9A238A36
:101080000AFA639109022C004808EFF0AFC525D990
:101090001C45224552C62318810074006286DA85F9
:1010A0008297B1BF0146CE854808EFF0CF9A61FD27
:1010B000B9B7014525616F104F98EF120F97973719
:1010C000FF1F9387A7708043814409C42A89311484
:1010D000814401E426856F108F97631809005C44F2
:1010E00081EF404865D83114EDB708400146CA8504
:1010F000EFF06F966DF5F5B78297E5F4AA84D5B752
:10110000EF12AF929737FF1F9387C76C8043AA8473
:1011100009EC2685EFF07FFAAA840144EF406FBC0A
:10112000636CA40026856F108F925C402285A68593
:101130009C4382970040E9BF05041374F40FF9BF84
:10114000EF12AF8E0145EFF0BFFB6F104F90973756
:10115000FF1F9387276823A0070023A20700828030
:10116000EF12AF8C9737FF1F9387476623A00700C6
:1011700023A20700EFF0BFFD6F106F8DEF12EF8A13
:101180004111130985002A84EF40AFD2AA854A8510
:10119000EFF07F84AA8419ED89461306E100A1656A
:1011A0004A85EFF0DFA6E177634405008357E1004D
:1011B0002310F402268541016F106F899737FF1FB6
:1011C0009387476190430147B28691EE05E3DC4384
:1011D00010C11737FF1F232FA75E85EF9737FF1F1B
:1011E00023ACA75E828036879442C5B7144385E25C
:1011F000DC432320050091EB9737FF1F23AEA75C4C
:101200009737FF1F23A8A75C828088C3C1BF14C182
:1012100008C38280EF126F811734FF1F1304C45676
:101220002285EFF0BFF5AA8405E517C90000130970
:10123000293122859737FF1F23AA2755EFF01FF882
:101240009737FF1F23A427559737FF1F23A88758D9
:1012500026856F00DFFF9737FF1F83C767587955D3
:1012600099EFEF029FFCEFF0BFEFEFF0BFFA11E54F
:1012700085471737FF1F2305F7566F005FFD8280F4
:10128000EF02BFFA9737FF1F9387475480432A899D
:10129000BE8419C0311415E0D840232A09009307F1
:1012A000490105E71737FF1F2324F7521737FF1FA0
:1012B000232EF75001456F009FF90C4003250900CC
:1012C000EF001FFC09C94048E9B71CC31737FF1FCF
:1012D0002320F750C5B75955F9BFEF021FF597F511
:1012E000FFFF938505B11735FF1F1305654CEF40D0
:1012F000202DEFF05FF61715FF1F13052513EFF0F4
:101300003FF86F00DFF4EF025FF28357650093E769
:1013100017002313F5003545EFE07FE56F003FF33D
:10132000EF02BFF08357650093E727002313F50012
:101330003545EFE0DFE36F009FF1EF021FEF8355CC
:10134000C50101112A840A860145EFD0DFA719C91A
:10135000835705001167D98F2310F5001D45EFE075
:101360001FE105A002478356C40119EF17C600000C
:101370001306C61EE5454800EFE0CFCA4800EFE07F
:10138000FF8905616F00BFEC939746018356070004
:101390007D76D183F18EDD8E93D7860093F7F708A3
:1013A0002310D70093E70705A300F70045BFEF021E
:1013B000DFE72145EFE0BFDB6F007FE9EF02FFE6EB
:1013C0002145EFE0DFDA2545EFE07FDA3145EFE058
:1013D0001FDA6F00DFE7EF025FE58355C5014111BA
:1013E0002A8470000145EFD01F9E01CD8357050070
:1013F00071777D17F98F2310F5001D45EFE03FD77A
:1014000031A0B24699E62285EFE06FF341016F000B
:101410001FE48357C4017D761397470183D70600E5
:101420005183F18FD98F13D787002390F6009377DC
:10143000F70893E70701A380F600C1B7EF02FFDECC
:101440002A842545EFE0BFD201E42945EFE03FD2F1
:101450006F00FFDFEF027FDD8355250041112A84F5
:1014600070000545EFD03F9601CD83570500717799
:101470007D17F98F2310F5001D45EFE05FCF31A0F8
:10148000B24699E62285EFE0EFE541016F003FDCCF
:10149000835724007D761397470183D70600518335
:1014A000F18FD98F13D787002390F6009377F70831
:1014B00093E70703A380F600C1B7EF021FD7835558
:1014C000250001112A840A860545EFD0DF8F19C94E
:1014D000835705001167D98F2310F5001D45EFE0F4
:1014E0001FC905A002478356240019EF17C6000044
:1014F00013060606E5454800EFE0CFB24800EFE0EE
:10150000EFF105616F00BFD4939746018356070042
:101510007D76D183F18EDD8E93D7860093F7F70821
:101520002310D70093E70707A300F70045BFEF029A
:10153000DFCFEF404F8B11E52945EFE05FC36F0030
:101540001FD19737FF1F9387A715C043EF40AF897F
:101550003375A40275D1E5B7EF023FCD2A84EF3091
:101560005FF985476307F500A301F4001945EFE033
:101570001FC06F00DFCDEF025FCBEF309FF78547D5
:101580006305F5001945EFE09FBE6F005FCCEF02E9
:10159000DFC93D45EFE0BFBD6F007FCBEF02FFC865
:1015A0008357650093E747002313F5003545EFE0C7
:1015B0001FBC6F00DFC9EF025FC73145EFE03FBBE3
:1015C0006F00FFC8EF027FC62D45EFE05FBA6F00E6
:1015D0001FC8EF029FC58357250079712A84231401
:1015E000F100834745019305450041461305A100DD
:1015F000230DF100EF007FC68356040017C60000DC
:10160000130646EAD1456808EFE0CFA12C004D460D
:101610006808EFE0CFCA45616F007FC3EF02FFC0EB
:1016200083560500011117C600001306A6E7D14531
:101630006800EFE02F9F6800EFE04FDE05616F006C
:101640001FC1EF029FBE01113684B28479478A869A
:1016500017C60000130646E8EFE02FC309C822862C
:10166000A6850A85EFE0AFC505616F005FBE0A85FC
:10167000EFE0CFDAD5BFFD571717FF1F2308F7DCC0
:101680008280EF02FFB841112A892EC6B289EF305D
:10169000CFA7B2451304F9FF2E944DC59317090146
:1016A000C187AA847D55635CF00242044180931790
:1016B0000401C1876355F0029DC1EF300F88636A52
:1016C000A4069C4481443E95420541819307F5FF61
:1016D000C207C18363E0270763960900695541018A
:1016E0006F005FB62390A900D5BF3387640383A73B
:1016F0008A0A3E978357270063864703835707006C
:101700006362F40203474701BA97C207C183138794
:10171000F7FF4207418363672701E38109FC2390B8
:10172000F9006DBF8504EF30FFF6E3C0A4FC01456E
:101730007DB78144416A973AFF1F938A6AF6594BF5
:101740007D1AD5B77D5561BFEF023FAE1734FF1F3D
:101750001304C4099734FF1F9384040A0325C41497
:1017600019CD184D2326041411048347870093F7DD
:10177000F7FB2304F700EF40FFC1E31194FE6F0075
:101780001FADEF029FAA1735FF1F1305A51BEF30F2
:10179000D070EFF07FFB6F009FABEF021FA99305A6
:1017A00040061735FF1F1305E519EF30906D6F00E8
:1017B0001FAAEF029FA77D56B5450145EF301FB226
:1017C0006F00FFA8EF02DFA4EF30AFF91734FF1F5F
:1017D0001304C4012320A4142322B41481440D490A
:1017E0009719FF1F938909C60325C41419CD8504D1
:1017F00001466386240183270415814591E3CE8544
:10180000EF309FB61104E39124FF6F00BFA3EF02F6
:101810003FA041112A84AE8932C6EFF09FF6EFF067
:101820005FF929C99737FF1F938747FC83A5C71224
:101830009304C5002A892685EF409F9C8145268513
:10184000EF409F959315240093E5350093F5F50F30
:101850002685EF407F943246CE852685EF40FF9166
:101860009737FF1F23AA270DEFF0DFF50145410150
:101870006F005F9D6555E5BFEF023F9BAE849545C8
:101880002A84EF403FA7A6852285EF40FF906F0096
:101890001F9CEF021F97BD652A84938505A6173507
:1018A000FF1F1305250CEF30D05D9737FF1F93877F
:1018B000E7159C439734FF1F938444F3268989CB13
:1018C000C84019C522868D45EF10903F6F00FF96E6
:1018D000EFF03FEBEFF0FFEDAA846555E5D8032765
:1018E00009009737FF1F83C7E7049316170163D7D3
:1018F000060C1307F0076388E70085071737FF1FFB
:10190000230AF70229A09737FF1F238507028325A3
:10191000C9129389C4004E85173AFF1F034A8A01F2
:10192000EF401F8ED2854E85EF401F8783474400CE
:1019300051478145637CF7009385C7FE93F5F50F0A
:10194000DD47B3D5F502850593F5F50F8A0593F5C7
:10195000C50F4E85EF405F84835544004E85EF40B0
:101960005F87834544000840EF807FE6AA854E8567
:10197000EF409F82835544009737FF1F23AE97FAAD
:10198000D14763F3B700D145939405010C40C18062
:1019900026864E85EF406FFEA6852285EF40AFF686
:1019A000173BFF1F130B8BE4814AA14B5D4C835700
:1019B000440085E3EFF01FE1014509BF1387F7FFFE
:1019C0001377F70F9306D00FE3F9E6F2930700F8C9
:1019D00035B763967A01EFF03FD73955C5BDEFF0C3
:1019E0005FDD110B910A09E5EFF01FD66555F9BDD2
:1019F000835544002326AB146373BC00DD459399E3
:101A000005018325C9129304C5002685EF404FFFC9
:101A1000D2852685EF404FF893E52A0093F5F50F20
:101A20002685EF406FF70C4093D909014E86268535
:101A3000EF40AFF4CE852285EF40EFEC8DBFEF0293
:101A4000CFFE01117C003ECAB70707003ECC81459E
:101A50007C0048083ECEEFF03FE29735FF1F83C57C
:101A6000E5D94808EF404FF3D247480883C717002D
:101A70001737FF1F2300F7E0EFF0BFE111E58547BF
:101A80001737FF1F230EF7D805616F004FFCEF02D9
:101A9000CFF901117C003ECAB70706003ECC914544
:101AA0007C0048083ECEEFF03FDD4808EFF07FDED7
:101AB00095471737FF1F2305F7D605616F002FF9EC
:101AC000EF02AFF601117C003EC083450500B70769
:101AD00011003EC27C003EC42A8481C50145EFB09E
:101AE000AFC98347040085450A851737FF1F2303C5
:101AF000F7D8EFF07FD8EF205FC3AA850A85EF40C3
:101B0000AFE985450A851734FF1F1304E4E7EF406A
:101B10004FEC1C400A8583C5C700EF40EFE71C402F
:101B20000A85CC4BB335B000EF400FE71C400A8567
:101B300083C59701EF404FE61C400A8583D5A70176
:101B4000EF402FE91C400A8583C5C701EF40CFE471
:101B50001C400A8583D5E701EF40AFE782452D465B
:101B60001735FF1F130515D18505EF000FEF0A8507
:101B7000EFF03FD211E589471737FF1F2302F7CA5D
:101B800005616F00CFEC9717FF1F83C7278C638712
:101B9000A706EF02EFE72A84EFF0BFC1AA8429CDA0
:101BA0001717FF1F0347878A9307F00F8149631AAE
:101BB000F7009717FF1F238B878897C90000938929
:101BC000A9A39737FF1F938767C283A5C7121389FD
:101BD000C4004A85EF40CFE2A2854A85EF40CFDBC3
:101BE00085454A85EF404FDB26850146CE85EF309F
:101BF000AFF72685EF400FFA6F00CFE48280EF0247
:101C0000CFE279713C083EC6B70716003EC8994539
:101C10003C0868003ECAEFF03FC641469735FF1FBB
:101C2000938545C16800EF404FD56800EFF07FC64F
:101C300005E19737FF1F938767BB9C4313971701F5
:101C40009947634307009D471737FF1F230AF7BCD7
:101C500045616F00CFDF9387F501FD15FD1703C7C1
:101C600017000505A30FE5FEE39AB7FE8280EF0299
:101C7000CFDB0547411132846304E504AA8719C903
:101C80000947630EE5060D477D556385E71A410157
:101C90006F00EFDB33E4C5007D5575F89737FF1F04
:101CA00023A207BA9737FF1F23A007BA9737FF1F52
:101CB00023AE07B89737FF1F23AC07B80145C1BF54
:101CC00033E4C5007D5561F49737FF1F9387C7CB79
:101CD000804341499734FF1F9384C4B6034684016F
:101CE0004C483305C9402695EF002FD703468401A1
:101CF000814526853306C940EF008FD7C1B791478C
:101D00007D55E3E6B7F897C700009387278EBE9509
:101D100083C40500ADDC1739FF1F1309E9C603278B
:101D200009008357A701E58FBDD383479701E3E0FF
:101D3000C7F69737FF1F938767AB9C43139717012D
:101D40006358070093E707081737FF1F2320F7AAF8
:101D5000C1476397F406A2854800EF701FF458004E
:101D6000814413064002A545639B84021C08A69784
:101D7000238A07FE9737FF1F9387C7AC26864C0040
:101D80003E85EF008FCD4146058E81452695EF00BB
:101D90002FCE832709004800DC538297CDBD8347AF
:101DA0000700B3F7C7029386770363E4F5009386D1
:101DB000070385042300D70093F4F40F05076DB7DC
:101DC00091454800EF707FED7D141316240017C471
:101DD00000001304E48232941C4092452685B3F53A
:101DE000F50293D7050113D787009736FF1F23818C
:101DF000E6A61737FF1FA30DF7A41397050141832C
:101E0000218393978500D98F1737FF1F2313F7A4DA
:101E10009737FF1F23A807A29737FF1F23A607A204
:101E20009737FF1F23A407A2832709002EC29C53C4
:101E30008297B1BDE3EDB7E497B700009387877B46
:101E4000BE9583C70500E38407E41737FF1F130718
:101E5000A7B318438356E701FD8EE38A06E2834663
:101E6000C701E3E6C6E29736FF1F938626989042A5
:101E7000A145936606026394B7009366060418575B
:101E80001736FF1F2324D696A2853E85029701B5FB
:101E9000EF020FB841112E89B28935C501462A8457
:101EA000EFF02FFE634F05048144172AFF1F130A2A
:101EB0002A7FD94AEF300FFE63D5A404338554033B
:101EC00083278A0A3E9583570500B1E323108500D6
:101ED000230A25012311350141016F00AFB66312BA
:101EE00045030354E1008504EF30CFFA050563494B
:101EF00095001306E100CA852285EFF08FF865F1A1
:101F000045F40145D1BF81440544695AF1BF8504B8
:101F100055B7EF02EFAF2A84AE89834545010355DB
:101F200005000149EFB01FEE834744016341F90208
:101F3000638509002285EFF06FEE2310040041460F
:101F4000814513054400EF00AFB26F00AFAF0355FA
:101F5000040093140901C180269542054181EFE0F8
:101F6000CFA9035504000509269542054181EF30AC
:101F7000604A03550400269542054181EF30A0498F
:101F800065B7EF028FAA1735FF1F1305A59DEF3028
:101F9000C0709737FF1F83C7E78D89C7814501450B
:101FA000EFA09FFD1734FF1F130444841C401397B8
:101FB000170163570700084401C58145EFF07FF51D
:101FC0009737FF1F938787A49C4389C7484019C14F
:101FD000EF20BFF8EFF0EFFA1306801581451735B3
:101FE000FF1F1305A580EF00AFA8FD571737FF1F90
:101FF000A306F7929737FF1F9387C7989C4395C313
:1020000098472392070098C31737FF1F232CF79098
:102010000545EF803FAF814711E1C9573E856F000D
:102020000FA3EF1040489737FF1F23ADA78ECDB702
:10203000EF02AF9F41112AC6EFF0BFF49737FF1FA1
:10204000938787949C439C5F81C7B24505458297DF
:1020500041016F00CF9FEF024F9D8347550085469A
:102060002E8789836382D70C91C789466389D710ED
:102070006F00EF9D9726FF1F938646779C42B6849C
:1020800013961701E34606FE83D545003D46E371EE
:10209000B6FE8983858B2A848DC303A7C6121C4193
:1020A000E318F7FC9727FF1F83C78777F1F30146F3
:1020B00081450545EFF0AFF565BF9737FF1F938763
:1020C000A78C03A907000843414683250900EF9028
:1020D000202659FD8327490399C3054582971C4053
:1020E000BD65938505A61737FF1F2327F7829C4000
:1020F0001735FF1F1305058793E747001727FF1FB5
:102100002326F76E83A7841398472392070098C36A
:10211000EF302057014681450545EFF04FEF9727F7
:10212000FF1F238F076EA9B79727FF1F9387076CA1
:102130009C4393961701E3DD06F203D745000DFBA0
:1021400013F7870001CB93E787001727FF1F232F83
:10215000F76839BFBD9B93E787001727FF1F232729
:10216000F768EFF00FE29737FF1F9387E7819C43F3
:10217000DC5B99C305458297EFF07F8CD5BD97272F
:10218000FF1F9387A7669C438983858BE38207EEB5
:1021900083D74500E38E07EC9C4103C50700EFF0B1
:1021A0003FE9F9B5EF02CF861724FF1F130404643B
:1021B0001C4013D72700058B35CF9183858B930463
:1021C000007D81E79D6493840453EF209FD903270A
:1021D0000414832744143307E5409D8D3335E5000F
:1021E000898D93D7F44163C9B7046394F50063E51F
:1021F000E4049724FF1F9384645F01440D49970909
:10220000FF1F9389292403A5C4140DC51C4D050483
:1022100083C7870093F7070499EB014663062401FF
:1022200083A70415814591E3CE85EF30EF939104A8
:10223000E31B24FD6F000F811C409183858B91CBA4
:102240008327C4140145DC4703C757008D47631338
:10225000F7002545EFF0DFDDF1BFEFF21EFD972718
:10226000FF1F9387A7589C434111A307A10013E7C1
:1022700007019726FF1F23ABE656C18B99E705465A
:102280009305F1000945EFF08FD80347F100A5470A
:102290006314F700EFF0FFCE8345F10091C9972753
:1022A000FF1F9387676E9C439C5F99C30545829788
:1022B00041016FF0DEF9EFF25EF71724FF1F130400
:1022C000E4521C4001111397170163570700EFF008
:1022D000DFF805616FF0BEF77C003ECAB707070064
:1022E000AA843ECCA5457C0048083ECEEFF0CFD86E
:1022F000A6854808EF305FEA4808EFF08FD91C4008
:1023000093E707101727FF1F2322F74ED9B7EFF2E5
:10231000DEF11724FF1F1304644D83278413BD656A
:10232000938505A69C431725FF1F1305A56383C44A
:102330000700EF300035032584139725FF1F83C561
:10234000255EEF808FCB05C91725FF1F0345055D6F
:10235000EFF07F83834704131727FF1FA300F75C69
:102360009727FF1F238C075A1C40A183858B91C799
:102370000D45EFF05FF46FF09EEDA54763F4970015
:102380000945C5BF6388F4009727FF1F83C74749E6
:10239000E39097FE97B700009387072C03278413D9
:1023A0008E04BE9483D74400835647008507E39983
:1023B000D7FC08439C400505829775BFEFF2FEE607
:1023C000834645001727FF1F03475755834755008E
:1023D0006317D7003A85EFF00FFB6FF05EE7172623
:1023E000FF1F0346A6539724FF1F938424406304D2
:1023F000D6020507E393E6FE1727FF1F2300D752F7
:1024000003A7841314472312070014C37D5797268C
:10241000FF1F2396E65013D427009727FF1F83C77B
:10242000175063F687000945EFF0FFE87DB7639129
:102430008702A557B307F40203A784130347470095
:102440008D07BA9703D7450093F7F70FE39DE7FC95
:102450009727FF1F83C7A74CB3D78700858BB5DFAE
:102460005D459307F4FFB387A70203A7841303D640
:1024700045008C410843D1073E95EFF01EDE03C7AF
:1024800024138547B397870093C7F7FFF98F172762
:10249000FF1F2306F748B1F3EFF07FE73DBFEFF2F0
:1024A0005ED659711C083ECCB70706002A843ECE82
:1024B00058181C0897B60000938686181726FF1F29
:1024C00013065644930500021725FF1F13054533D5
:1024D0003ED0EF80CFB619C11D4589A0D80897B668
:1024E0000000938666161726FF1F1306B641930554
:1024F00000021725FF1F1305A530EF804FB469FDBB
:102500003546930571054810EFF03ED5D408228674
:102510004C104818EF80EFCD09C51945EFF0BFD931
:10252000D9A8D80097B60000938686121726FF1FF9
:102530001306563D930500021725FF1F1305452C72
:10254000EF80EFAF51F9034661062808A1458349A2
:102550004106034B510632C603447106834C810683
:1025600003499106034CA106034AB106834BC106F9
:10257000EFF08FB02808EFF0CFB135EDFD571727FA
:10258000FF1F230FF7289727FF1F9387E7479843DD
:10259000BE8A8144324611CF9727FF1F9387074792
:1025A0009C4381CB9727FF1F93874724C443B334B1
:1025B00090002204336494012209220A4204B36683
:1025C000890193958900DC0033677A01C18EB3E5F8
:1025D0006501C808EF308FB619ED83A70A0081C7DF
:1025E00099C0EF1020069305007D1725FF1F1305E6
:1025F0006537EF30000965616FF03EC4EFF2FEC24F
:102600001971AA84AA8534101726FF1F1306862382
:102610001725FF1F13050525EF80EFC119C11D45C3
:1026200019A841469725FF1F9385C51F2810EF80E5
:10263000305009C51145EFF01FC8A5A21724FF1F90
:102640001304C41A1C409725FF1F9385A51E1397DA
:10265000170163470700A6859724FF1F9384841DF5
:102660009726FF1F9386162A26861725FF1F130518
:10267000651EEF800FC245F51C4013971701635587
:102680000712BC083EC6B70727003EC83818BC086A
:1026900097B600009386C6FA1726FF1F13069626E4
:1026A000930500021725FF1F130585153ECAEF800D
:1026B0000F9935F5B80097B600009386E6F817260F
:1026C000FF1F13063624930500021725FF1F13056D
:1026D0002513EF80CF9621F535469305B1042808E0
:1026E000EFF0BEB7184497B60000938666F617263B
:1026F000FF1F130636211107930500021725FF1F40
:1027000013050510EF80AF93E31B05F01C4403D5C0
:102710002700EFB02FB6AA84E30305F09D456800BB
:10272000EFF08F9583C5E401930790054146B3858B
:10273000F502680093850503A695EF301FA41C449D
:10274000680083D52700EF30DFA82685EFB0AFB44F
:10275000AA856800EF305FA49727FF1F938747F48F
:102760008C436800EF30DFA91C44680083D5070064
:10277000EF303FA6A1456800EF309F9DB2462C0880
:10278000281885063686EF806FA519C1194565B5ED
:102790006800EFF00F9011E5A1471727FF1F2301F5
:1027A000F70809616FF0BEAAEFF06FC5DDBFEFF269
:1027B000DEA779713C083EC6B70716003EC89725CC
:1027C000FF1F938525093C081725FF1F1305850A60
:1027D0003ECAEF802FA819C51D45EFF0DFAD45615A
:1027E0006FF0FEA61726FF1F1306C6079725FF1FCB
:1027F000938545061725FF1F13058500EF80AFA7BA
:1028000061FDC1451725FF1F1305C502EF70EFC815
:1028100061F595456800EFF02F86C1456800EF30FF
:102820003F93AA861726FF1F1306C6019725FF1F91
:10283000938545001725FF1F1305C502EF80AF9F45
:1028400041FD6800EFF0EF8459F99727FF1F938748
:10285000E7F99C43B983858B93B717009507172732
:10286000FF1F230FF7FAA5BFEFF23E9CAA85414652
:102870001725FF1F130505FBEFF03E9E9727FF1F4F
:102880009387C7F69C431397170163560700EFF031
:102890000FB76FF0DE9BEFF09FF1E5BF9727FF1FAB
:1028A0009387C7F49C4313F7F7F79726FF1F23AFCF
:1028B000E6F213F7070809CB858B99C7EFF2FE966E
:1028C000EFF0FFEE6FF0BE988280EFF21E96972435
:1028D000FF1F9384A4F180403971AA8593171401D6
:1028E00063D4070613641400130600041725FF1FA2
:1028F000130555FD9727FF1F23AA87EEEFF0FE95DE
:10290000EFE03FE89C401724FF1F1304B4FB13972C
:102910001701634607001724FF1F1304B4F6A285AE
:102920000A85EFF04FB3930504020810EFF0AFB241
:1029300097050000938505140A85EF804FA01DC9F7
:102940001D45EFF05F973DA0130600041725FF1FFC
:10295000130555F3EFF07E9093579400858BC5DFF8
:1029600093571400858BC5FB136414009727FF1F32
:1029700023AE87E621616FF09E8DEFF21E8B1D71F5
:102980003C083EC6B70746003EC801453C083ECA63
:10299000EF804F9719E51D45EFF0FF9125616FF02E
:1029A0001E8B2A848D456800EFE01FED9305000221
:1029B0006800EF30EFF9A285EFF0EFA99305000270
:1029C0006800EF30EFF893050402EFF0CFA817246A
:1029D000FF1F1304A4E11C40B24513060004139723
:1029E000170185051725FF1F1305D5E96346070065
:1029F0001725FF1F130515EDEFF03E866800EFE089
:102A00005FE949FD1C408566138706805D8F1726A8
:102A1000FF1F232DE6DC1727FF1F130727FF18438F
:102A200001CF584011CB7D771307F77FF98FD58FF2
:102A30001727FF1F232CF7DA1C4013971701635B3E
:102A40000700A583858BB9FB8D471727FF1F230937
:102A5000F7DCA9B713D757009983D98F858B130754
:102A6000F00F91E315479727FF1F238BE7DA3DB758
:102A7000EFF2AEFBAA851725FF1F130565D8EFF00F
:102A80008F9D9727FF1F938767D69C431397170146
:102A90006352070413D7670093D65700558F058BF1
:102AA00011EB13D77700058B01CB91471727FF1F39
:102AB0002308F7D66FF0AEF9139737016355070077
:102AC000EFF0FFCEC5BF0967D98F1727FF1F232F50
:102AD000F7D0CDB713D79700058B05C715479726B5
:102AE000FF1F238FE6D2856613F7F7F7558F9726DA
:102AF000FF1F23ADE6CE93F70708CDDFEFE03FF9E8
:102B000055BFEFF09FE77DB7EFF22EF21724FF1FBE
:102B10001304C4CD8327C4149DCF034745009727D2
:102B2000FF1F83C727E16318F7021C409183858B41
:102B300099E3EFE01FC51C4013971701635F07007F
:102B400013F7F7BF9726FF1F23A2E6CA93F70740A4
:102B500089C7EFF09FE26FF08EEF1840FD77938703
:102B6000F77F13164701F98F85666347060017271D
:102B7000FF1F232DF7C6C5B7D58F139617016347DF
:102B800006021727FF1F2323F7C61C4013971701C0
:102B9000E34307FC13F7F7F79726FF1F23A8E6C4C4
:102BA00093F70708CDDBEFE09FEE75B7F5779387D6
:102BB000F77FF98FD58F9726FF1F23A9F6C29317AA
:102BC0002701E3D407FCEFF09FBEC1B7EFF2EEE5BB
:102BD0008347050091C70945EFF0EFED6FF02EE751
:102BE000834715002A8413F7E70F75F71727FF1F90
:102BF000130787D918430346C700E31EF6FC97273F
:102C0000FF1F9387A7BE944393F7F6DF19C293E79C
:102C100006209726FF1F23ABF6BCA583858B81C7B3
:102C20001C4B91C382971546A2851725FF1F1305DC
:102C300025C5EFF08EE28D471727FF1F2302F7BE51
:102C4000034644008345340003452400EFF02F82FF
:102C5000E35605F849B7EFF2CEDA172BFF1F130B37
:102C6000EBB803270B0001119317170163D007027C
:102C70003C003ECAB7070B003ECC3C003ECE83472B
:102C800005002A8499E70945EFF0EFE205616FF04E
:102C9000CEDA8347150083462500A207D58FC207E9
:102CA000C1878546E391D7FE83463500E3EDD7FC27
:102CB000972AFF1F938A4ACD83A70A0001499C5B8C
:102CC000ADCFA5CE13670720834444009727FF1F8D
:102CD00023AEE7B08547E3E897FA034C5400A147D9
:102CE000E3E387FB8349640003457400A209B3E969
:102CF000A90013F709FE41FB834B8400E3E577F954
:102D0000034A94000345A400220A336AAA00937779
:102D10000AFFB5FB834504001726FF1F0356E6ADE7
:102D20001725FF1F035545ADEFF08F969727FF1F1F
:102D300023A2A7AC11E5154581BF1377F7DF69B76B
:102D400083A70A0091C403C7870119C3D84B61EF59
:102D500083C4970163F39B00DE8483D7A70193F4B8
:102D6000F40F13F7070101C713778A0059EBBD8BE6
:102D7000D1CF13757A0059C9EFA09F9583A70A0098
:102D80007D15937BF50F03D5A701A94C3D89EFA0D5
:102D90003F947D15137AF50F03A70A008347C701F7
:102DA0006373FC00E28713FCF70F8357E70113F707
:102DB000870001C713F7090131EF9D8BADC313F5F0
:102DC000F90031CDEFA0DF9083A70A007D1593793C
:102DD000F50F03D5E7011D89EFA09F8F7D151379AE
:102DE000F50FA947B307FC0233879403636AF70C16
:102DF000638C0C0C639C040C81490149814B014A92
:102E00003DA0930C4002114A8D4B79B7814C014A89
:102E1000814B59B7930740020D499149E1B781476A
:102E200001498149C1B781448149854B054A2D46F5
:102E3000A2851725FF1F1305F5A3EFF00EC28945E4
:102E40004808EFE07FA381454808EF30EFB48325C1
:102E50000B004808A5818589EF300FB4DE8548084E
:102E6000EF308FB3CE854808EF300FB3A685480802
:102E7000EF308FB2D24515461725FF1F130545A029
:102E80008505EFF08EBD4808EFE0BFA0E31005E038
:102E90002686CA855285EFE09FDD01C50945EFF022
:102EA0008FC183270B00A583858B89C783A70A0061
:102EB0009C5B829783274B0099CFEFF01FACF9B34F
:102EC000E284894B0D4AA5B781443DB7DE8952891A
:102ED0008D4B094AA9BF83270B0093E707401727AB
:102EE000FF1F2325F7905DB3EFF28EB283474500B5
:102EF0002A891725FF1F034575A26316F500EFE029
:102F00009FC86FF02EB41724FF1F1304248E83294B
:102F100084132E85AE84EF306FB62392A9008347C9
:102F2000490026851727FF1F230AF79EEF302FB190
:102F30009727FF1F2386A79E8327841303D7470065
:102F400009E70945EFF02FB76DBF83D76700E3EAC4
:102F5000E7FE83475900898381C7D146E3F3E6FE44
:102F60001727FF1FA30DF79A1725FF1F0345259B62
:102F7000137715009307F00F05C31345F5FF13757D
:102F8000F50FEFA0EFF47D159377F50F1727FF1FCF
:102F90000347F798E367F7FA1727FF1F03472798B8
:102FA00011C3BA8703455900098113071500054568
:102FB0003315E5007D157D8D9727FF1F2381A7968B
:102FC0008327841303D644008C408843EFF0EEA897
:102FD0008347241393F7E70F1727FF1F2301F79465
:102FE0008DF3EFF0CFB231BFEFF22EA40345050011
:102FF000EFF0AFA66FF0AEA5EFF22EA32A89AE8454
:103000000144EFA03FE0634494006FF04EA4330509
:10301000890042054181EFD04F9E0504EDB7EFF2E4
:10302000CEA001449714FF1F938484675949EF2071
:103030006FE66344A4006FF08EA13305240383A7D9
:10304000840A3E958357050081C78545EFE07FECF4
:103050000504F1BFEFF2CE9BAA8401441719FF1FAC
:1030600013090964D949EF20EFE26345A400014543
:103070006FF04E9D330534038327890A3E9503572D
:10308000050063E7E40083474501BA97E3C2F4FE15
:103090000504D1BF9727FF1F9387078F9C43DC5FF1
:1030A00091C7EFF28E9882976FF06E9A8280972781
:1030B000FF1F9387678D9C43BC4391C7EFF2EE9649
:1030C00082976FF0CE9882809717FF1F93870772C1
:1030D00098439316170163D30608EFF20E958047C5
:1030E00001498345440103550400EFA0BFD1834744
:1030F0004401634BF9022285EFE0AFCD9717FF1F24
:1031000023AA076EFD5701451717FF1F230AF77003
:10311000EFF0AF94034644018355040003552400A7
:10312000EFF0FFF86FF0AE9203550400931409011D
:10313000C180269542054181EFD02F8C03550400B4
:103140000509269542054181EF20C02C0355040056
:10315000269542054181EF20002C51BF82809727A0
:10316000FF1F23A1A7828280EFF22E8C9717FF1FEB
:103170009387C767DC436D54639FA700EFE07FE050
:103180009727FF1F938747809C432A849C5F81C7B2
:1031900081450945829722856FF06E8BEFF2EE88AC
:1031A0009717FF1F93878764C84309C5EFF0DFFBBC
:1031B0006FF0EE8925459717FF1F23820776EFF002
:1031C000CF89FDB79717FF1F9387077C88438280BD
:1031D0009717FF1F9387876188430981058982803C
:1031E000EFF2AE8441112A84EFF09FFE2DC9035700
:1031F0004400954763F8E7062285EF306F8B2AC4B9
:103200002285EF30CF832306A1002285EF302F8364
:103210009717FF1F9387875D9843A306A100098333
:10322000058B11C783A6C712A247639DF6020D89BD
:1032300097A700009387C73E0E05B386A700835566
:10324000440003C6560063EFC50001E703C746000C
:1032500011EBAA979C43A2852800829721A0EFA09A
:103260009F8051D541016FE09EFE9717FF1F938706
:10327000A7719C43FC4391C7EFE23EFB82976FE04E
:103280001EFD8280EFE27EFA97F5FFFF9385C5F180
:103290001715FF1F1305056BEF2080326FE03EFB13
:1032A00015C5EFE29EF82A8497050000938545EF47
:1032B0001715FF1F1305056BEF2080309717FF1FB1
:1032C00023A4876CEFE0FFCB6FE07EF87D55828012
:1032D000A9E182808327090013171400BA9783D7C6
:1032E0000700638697020504EF20AFA5E344A4FE20
:1032F0000144EF200FA5635CA40003270900931786
:103300001400BA9703D7070019EB239097006FE0DA
:103310001EF4EFE29EF12A89AE840144F1B7050460
:10332000C9BFEFE29EF04111AA8401442EC6EF20EE
:103330004FA1B245635CA400984093171400BA975C
:1033400003D707006317B7002390070041016FE020
:103350001EF00504E1BFEFE25EED9717FF1F9387B4
:10336000276A9C432A87AE86328889CF9718FF1F29
:103370009388C86803A308008948631513018297DE
:103380006FE0FEEC9717FF1F938747689C4301454A
:10339000E5DB9717FF1F9387676690438547E31127
:1033A000F6FE4286B6853A85EF105FBFD1BFEFE2E9
:1033B0003EE62E8A3284AA89EF105FBD75158357C9
:1033C000440093140501C1801379FA0363FE97004A
:1033D000CA852285EF20BFD1035644000C404E859C
:1033E000EFF07FF76FE01EE6936509042285EF207A
:1033F0001FD00C4026864E85EFF0FFF5A68522856E
:10340000EF207FD0136909088357440099CF8507BF
:1034100063DF970093650A0C2285EF205FCD03568A
:1034200044000C404E85EFF01FF3014565BFCA858F
:103430002285EF20DFCB0C4026864E85EFF0BFF1D2
:10344000A6852285EF203FCCC1B7EFE21EDE797161
:103450003C083EC6B70717002A84AE843EC8680001
:103460003C0885453ECAEF20FFE86C002685EF202A
:10347000AFEC700085452285EFF07FF345616FE08A
:103480001EDDEFE29EDAEF20CF8B89450605EFA027
:103490004FA6E55711C59717FF1F23A9A7508147CE
:1034A0003E856FE0DEDA9717FF1F9387E74F985B43
:1034B000239607021715FF1F1305855198D78280A1
:1034C0001717FF1F1307474E18436316A702171756
:1034D000FF1F0347E74D75179387D5FF1337170075
:1034E00093B71700FD566319F700EFE21ED4EFF013
:1034F0001FEC6FE0DED5ED5636858280EFE25ED1BF
:1035000005EDC16401441719FF1F130969199309D7
:10351000400EFD1421A8330534038327090B3E9583
:103520008357C50163839700D13F0504EF206F8364
:10353000E343A4FE6FE01ED19717FF1F9387C74692
:10354000AA85884365D9EFF05FF0EDB7EFE25ECC76
:1035500079711C083EC2B70720003EC41714FF1F34
:10356000130484441C083EC61C40D9C31717FF1F10
:10357000034707448947AE842A896315F7048149C4
:1035800011A85C4013971900BA9783D7070063818D
:1035900097068509EF10FFFAE3C5A9FE85454800A7
:1035A000EF205FD503564900832509004800EF202E
:1035B000DFBC084050008145EFF09FF005454561B4
:1035C0006FE05EC8C167FD17E38AF5FC85476311AC
:1035D000F702814911A85C4013971900BA9783D765
:1035E0000700E38D97FA8509EF10BFF5E3C5A9FE43
:1035F0000145F1B723000502232205028280EFE294
:10360000DEC285472300F5022A84EF10FF96971744
:10361000FF1F9387E70883A7070B48D01715FF1FE5
:103620001305C5361D8CB7F723B8938797E0098437
:103630003304F4029717FF1F23A6873CEF200003F3
:103640006FE0FEC0EFE2DEBCEFA0EFC1E95705C1BD
:10365000C16401441719FF1F130989049309400E1F
:10366000FD14094AEF10FFEF6346A40081473E8531
:103670006FE05EBD330534038327090B3E95835706
:10368000C501638897008347050263844701EFF013
:103690001FF70504C1BFEFE25EB9834705FE85460B
:1036A0006398D7001305C5FDEFF09FC26FE03EBAE7
:1036B0008946E39DD7FEFDD91305C5FDEFF07FC612
:1036C000F5B79717FF1F9387673398433DCF85461C
:1036D000F157631DD706EFE25EB59717FF1F93877B
:1036E000A72C2A8788433E8405C99716FF1F83C6E7
:1036F000262C8D476392F60239E39717FF1F9387B5
:10370000E7309C4395EB9717FF1F2383072A1C4044
:1037100003D50700EF107F8BEF109F8C1715FF1F4D
:103720001305C5269717FF1F23AA072CEF10F07665
:1037300081473E856FE0BEB1EFF01FA3E9B70355A7
:103740000500CD45EF10BF87D9B7F9573E85828078
:103750009717FF1F9387872A9C437955BDC3094755
:1037600071556383E7008280EFE23EAC1714FF1FC0
:1037700013048423184015C3834784008546FD172E
:1037800093F7F70F63EBF60003550700CD45971746
:10379000FF1F238F0720EF109F821C4003D50700D7
:1037A000EF107F85EF109F861715FF1F1305051E6D
:1037B0009717FF1F23A40724EF10306E01456FE019
:1037C0001EA9828015C1EFE25EA61C41AE842A8448
:1037D00089C72E860145814582975C4081C7A685B1
:1037E000014582976FE0BEA68280EFE21EA4979704
:1037F00000009387676A9C43AA8501459C4782978E
:103800006FE0FEA4EFE27EA22A84034585019307C0
:10381000F00F6314F500EF50CFB993072003330581
:10382000F5020328C401814601479305000293076E
:103830006509034574017D8905053356D800058A5D
:1038400001C605071377F70F8506E398B6FE198DB5
:10385000130740063305E5023E959307C0126354F3
:10386000F5001305C0126FE09E9EEFE27E9A1C4D9C
:1038700003548500B28995834E04858B4111AA8437
:103880002E894D80314691C321463307260383D7C5
:103890004401998F6344F60013F6F70F83C5640162
:1038A0004E8532C6EF205F8F9C4C935564004E8549
:1038B000860793F70708DD8DEF201F8E0A049355C6
:1038C0003900C18D93F5F50F4E85EF20FF8C9C4C90
:1038D000931559004E85FD8BDD8D93F5F50FEF2087
:1038E000BF8BDC40931529003246BE958C414E8536
:1038F000EF20BF8841016FE0FE94EFE27E91AE8A37
:103900008345A5002A84B28905450146368A3A8B4B
:10391000EF10DF9C3DC19304C5002A89A54526858B
:10392000EF205F9D630D0B0483450B0093F5F507B6
:103930002685EF207F8603D64A0083A50A002685C8
:10394000EF20BF839717FF1F9387C7BD9C43C9C74D
:1039500050401C40835584000356460003D5C701E0
:1039600005478146EF70DFD415E95C408397470037
:103970006354F0064A85EF20FFA16555A1A85C407D
:103980000547814583D727008D07C207C183E371AF
:10399000F7FA0C44E98193E5050459BF9717FF1F17
:1039A000938707B883A807000548A687054781467F
:1039B000014681452285829805C15C408397470076
:1039C000635CF0004A85EF20FF9C4E85D285EFF0C6
:1039D0007FDF01456FE01E87D2864E86CA8522852D
:1039E000EFA0FFECC5BFEFE2BE822A8413054502BB
:1039F0002E89EF10904A9717FF1F9387A7B29C4319
:103A000095CB8307740163D707020346740105450C
:103A100081457D8A0506EF7000185C4C7D15638B2F
:103A2000A70003562401835504010840930684002F
:103A3000EF80EF8581445840939924004E970843C6
:103A400019C5EFF09FDA5C40CE9723A007008347AB
:103A500074018504FD8BE3D097FE8347740193F7CF
:103A6000F7FBA30BF400630B0900814701482320F7
:103A700004001CC423260401232804006FE08EFCEC
:103A8000EFE20EF99C45AA842E84B28923920500A8
:103A90009CC10149DC4013172900BA97D8488C43D0
:103AA000A1479316270063C30600B1473387270356
:103AB00003D64401198E63D3C7003E862285EF20CA
:103AC000CFEB83C774010509FD8BE3D527FD83C7C1
:103AD000740193F7070291EB8357440021476393E6
:103AE00009001147998F2312F4006FE0AEF5EFE261
:103AF000CEF32A83084103DE050041110355C501B9
:103B00006313AE0603454301098911C503C545008A
:103B1000138E650119E1138E550083450E0013774E
:103B2000F7037D55639EE502BE85B6878326430174
:103B30004285468713F816009716FF1F938646B6F0
:103B400094428358A30032C0B386064103588300D1
:103B500036C22E86AA86814513051E00EF609FBEE1
:103B600041016FE0CEEE7D55E5BFEFE26EEA2A84BB
:103B7000035585004111BE89AE8A328AB6843A89DE
:103B8000EF003FC9E15739E103558400EFF08FCCD6
:103B9000FD570DCD5C488358A4004E8713F81700DD
:103BA0009717FF1F9387C7AF9C43CA8656C0B3873A
:103BB0000741035884003EC22686D28785451105F9
:103BC000EF605FB83335A000B307A0403E854101E8
:103BD0006FE04EE7EFE26EE52A8413058502EF10F1
:103BE000D02B81471CC48357840101482320040241
:103BF000C607C583232204022320040023260401D0
:103C000023280400231CF40081448347A4019DC79A
:103C10005840139924004A97084301CDEFF0FFBCA8
:103C20005C40CA9723A007008347A401FD17230D1A
:103C3000F4001C4C8504FD8BE3D997FC1717FF1F7C
:103C4000130707A61C47230D040093F6F7FD17166C
:103C5000FF1F232BD6A493F7070289CB0843814586
:103C6000EF903FE901C50145EFA02F906FE02EDEF8
:103C7000EFE22ED9832A0502032A4502AA84AE89DF
:103C800001490144171BFF1F130B0BD9930B800431
:103C9000EF107F91634BA90201CC835784018145CA
:103CA00013058402C607C583231CF400EF10701DA2
:103CB0002685EFF03FF263880A0083A74A0081C798
:103CC000D2854E8582976FE04ED7B30779030327DD
:103CD0000B00BA97638DF4020397870163590702BB
:103CE00083D6070103D704016393E60283D6270135
:103CF00003D72401639DE60009CC5444D847636A86
:103D0000D7006396E600144498476364D70005091A
:103D100041B73E84EDBFEFE2AECF18417971231079
:103D200001028357C701231101023AD2231CF1007B
:103D30008357850103476501231F0100EA07FD87BB
:103D4000231DF100835725010A07231EF100930765
:103D500000F8A300F1028347B5012301F1023C08FA
:103D60003ED4835705012316F102834775012307CB
:103D7000F1021C4D9D83858BD98FA307F1028347E8
:103D8000D50195CBF1742A8417A900001309C991B4
:103D90009384F40F184C9357870093F7F7037D8BA8
:103DA0006371F7028357840171771307F70FF98F57
:103DB000231CF400A5A0A555EFF09FEB45616FE033
:103DC0006EC858408A07BA979C43D1C38345740193
:103DD00001460545EF108FD0AA8929C11306C500F9
:103DE0003285A54532C6EF20EFD00C4C32462285F5
:103DF000A18193F5F503EFF05FA78347C401A28685
:103E00004A868507230EF400CE854810EFA03FAA0E
:103E10001DCD8347C401FD17230EF4008347C40161
:103E20008DE383172401130584029305200363584F
:103E3000F0008347B401B385B70293850519EF10ED
:103E400050048347D401FD17A30EF40085BF1C4C1A
:103E500003578401A183850793F7F703A207658FB2
:103E6000D98F231CF4003DB7EFE22EBC130585FD6E
:103E7000EFF07FEA6FE0AEBD0347A50139CF0347FE
:103E8000C501AA877D171377F70F230EE50031E7E9
:103E9000EFE2AEB983162501634AD0000347D5018E
:103EA00011E78145EFF0DFDC6FE06EBA03D68701E2
:103EB0001167130707F0718F13858702814519EB8E
:103EC000930520036358D00083C7B701B385B702B9
:103ED00093850519EF10E07AC1BF8280EFE2EEB45E
:103EE0002E85EFF07FF96FE08EB6EFE20EB48357C8
:103EF0008601AE84328413971701634E07001C526B
:103F000099CB9C4389CB5052829783578401116788
:103F1000D98F231CF40081C42285EFF0FFF56FE0F8
:103F20000EB3EFE20EAEAA8413F5F507328915CD74
:103F3000A947630BF51883C74401014493F70704AD
:103F40009DCB9707FF1F9387675D98436306071C08
:103F50009707FF1F9387C7749C5F9183858B639D31
:103F6000071AA68502972A8439A003574600954769
:103F700063E6E7007D5422856FE02EAC3285368AF9
:103F8000EF20CFAF9317150193D937019707FF1F84
:103F9000938747599C43935AF500C20A93DA0A0162
:103FA0008DCB8387440163D60702DC4813F71700E3
:103FB0009707FF1F9387C76E9C43998F13D787007E
:103FC000E207B3E737012320FA002322EA00014485
:103FD0005DB74A85EF20CFAD096B83DB84002A896A
:103FE0008144171CFF1F130C2CA3930C80047D1B12
:103FF000EF106FDBE3D0A4F83384940383270C0025
:104000003E9418445444B37767016390370583574F
:104010002401638D7701638A0A021C4C0346A401C4
:10402000FD8B85076313F60223197401831724019E
:10403000E352F0F42320EA002322DA006319090096
:10404000A9552285EFF0DFC259B7850455B74A85D7
:10405000EF900FE81C4C7D15FD8BE3CDA7F0130509
:104060008402370A0040EF1040637D1A854A4A8572
:10407000EF90CFE301E98347A401A9C72285EFF0C0
:104080009FC9B1B75840B30745018A07BA979C4307
:104090009304F5FF8DC393F9F40F8A094E970843F3
:1040A000EFF0AFF45C40BE9923A009008347A40160
:1040B000FD17230DF40033959A001345F5FF33796E
:1040C000A90075B78145B5BF035746008947E3F39B
:1040D000E7EA03D7A4009717FF1F83D7679301442C
:1040E000E31BF7E83285EF208F95AA894A85EF20F8
:1040F000EF98D04493F9F907AA8621829377F607BF
:1041000005461D8E83D5A40003D584004E961376F4
:10411000F60FEF40AFE385B59707FF1F93878756EC
:104120009C436154E38907E44A86A685829725BDAE
:10413000EFE2AE8C7971AA8A2E8A32C0368B3A842D
:104140008144014D01499719FF1F9389E98C930B15
:104150008004EF104FC563CCA414F15463050D1413
:1041600003A64A00630504188347040093E707F891
:10417000230BFD0083D78A0003574A00B335800024
:104180002318FD0083574600A1492319FD0093071A
:10419000F7FF11E0B149B3C7370383568D01170507
:1041A000FF1F1305E54F231AED00819A9605FD8B3D
:1041B000DD8E231CDD008507230DFD001C45032833
:1041C0004500898313F717001C41998F13D7870087
:1041D000E207B3E707012324FD0083A70A00232693
:1041E000ED0023226D032320FD0082472320FD02E2
:1041F00093070040231EFD0083C7AA00A30BFD0008
:1042000003A78A004D839377070413F7F6FB5D8FAE
:10421000231CED0083C7BA001377F7F79316F90054
:10422000858B9E075D8F93171701C583D58F13D795
:104230008700231CFD0093770708A30CFD0083571C
:104240008D011307F00F93F7F7FDCD8F231CFD00B1
:104250008347A6002AC2639DE70AEF409F95A30DFE
:10426000AD009704FF1F9384E42B9C40130C8D003A
:104270006388071683270D0003278D0103562D0140
:1042800083D58A0003D5C7017D8B0507E286EF70D1
:104290002FC26317051483172D016353F0146A8529
:1042A000EFF05F93E554268545616FD0DEF8B38764
:1042B000740303A70900BA9703C7A7010DC703D664
:1042C0008A0083D607010147631BD60003A74A0073
:1042D00083D72701035747001D8F13371700336912
:1042E000E9008504BDB5E31E0DFE3E8DDDBF83579D
:1042F000260005478D07C207C1836365F700930752
:1043000000F8BDB583A78A00E98393E707FC8DB564
:10431000A30DFD00B9B73247035CA10063F3E700CA
:104320003E8C83A70C00420C135C0C019C4362D0B2
:1043300001460C1001458297AA8935D1E285528544
:10434000EF10BFDD6286AA854E85EFD01EF1832770
:104350004D00131C2400E29723A037019C40A1CFFD
:104360001C103ECAB70710003ECC50081C10A28596
:104370006A853ECEEFF06FCF03278D0109467D8B16
:104380006303E400054603AE0D0005485C0805071D
:10439000DE8681455685029E19CD83A74A00839704
:1043A0004700635AF0004E85EFF02FC483274D007D
:1043B0003E9C23200C0005041374F40F83574A001D
:1043C000B9FB9C40A9C383274D009C438DEF6A85B0
:1043D000EFF05F800245DA85EFF0CFBE8144E1B5B2
:1043E000814B11E0E28B93970901C18301442315AE
:1043F00031013EC6979C0000938C0CAA970DFF1FBD
:10440000938D0D1265BF63050900EF903F9AF9B7D0
:104410006A85EFF05F909707FF1F9387E7269C431D
:104420008144E38207E892479C5F9183858BE38C0C
:1044300007E6EF90CF8F85BDEFD23EDFEF10AF964E
:10444000930780043305F502A145EF908FAA01E59B
:1044500065556FD0DEDF9707FF1F23AFA75A0144D2
:104460009704FF1F9384445B13098004EF10AF93FC
:104470006369A402EF102F94A1451A05EF906FA76E
:1044800061D99707FF1F23A7A7580144B144170913
:10449000FF1F13092958EF100F926364A40201450E
:1044A0004DBFEF104F8F91450A05EF908FA44DD16E
:1044B000330724039C4005041374F40FBA97C8C350
:1044C00075B7EF104F9033559502914542054181E4
:1044D0000A05EF900FA22DDD832709001317640052
:1044E0000504BA97C8C31374F40F75B7EFD25ED240
:1044F000C1642A8901449709FF1F9389691A130A25
:104500008002FD14EF10EF866345A40001456FD0D3
:104510007ED33305440383A7C90A3E95835705001C
:104520006386970083572500E38327FF0504D9BFDF
:10453000EFD2BECFC167BA841387E7FF411136843B
:10454000639BE500238004009707FF1F9387C71E26
:104550001CC081471DA8F5172A896391F50432858F
:104560002EC632C4EF00EFAA71FD9707FF1F938795
:10457000E7279C432246B245139717016350070271
:104580003285EFE03FAD11E5FD573E8541016FD02B
:104590001ECC110508C02380040065BFE30609FE98
:1045A0002E85EFF0BFF4E1576DD10347F90189473C
:1045B000631DF7008347450089CB930775011CC035
:1045C000834765012380F40069B7930765001CC029
:1045D00083475500C5BF83D7450099E77D55828045
:1045E0007D5505616FD01EC6EFD29EC2130700181D
:1045F0002A8401112D55E366F7FE2E85B68932898E
:10460000AE84EF107FB38D47E3FCA7FC03DA4400D0
:10461000EF003FF711055C406358450103C7970061
:10462000136707F8A384E70003D6470083D5270064
:1046300008401307B1017408EFF09FEF5DF1834765
:10464000B101139727008347B4008D8BD98FA30541
:10465000F4005C408387970063D907002685EF103C
:10466000BFAD13358500134515008347B40006051B
:104670009166F59B5D8D5C40A305A400014703D5C1
:104680004700A167A98F63F5D700EF400FE12A87A4
:104690005C409706FF1F9386A60083A8060083D57B
:1046A000270003D847009C4610448D058983858BDD
:1046B000B387F8403EC0C20583A8460083578400F4
:1046C00072456582C181A686058A93B52500EF50A3
:1046D000DFFEE31805F05C400147CE868387970034
:1046E0004A86A685228563D50700EFF07FA4D5BD55
:1046F000EFF0AFA0FDB5EFD25EB332883A861397E4
:10470000060101114183A307B100231CE100231D11
:10471000E10042CA42CEAD45584163F8D500834519
:10472000970093E505F8A304B700FD562311D700C1
:1047300003079700635B07001307F100BE864C0870
:10474000EFF01F9F05616FD09EB01307F100BE868A
:104750004C08EFF08F9AFDB7EFD29EAB3E848357A3
:10476000C5010111231901002314F100FD57231580
:10477000F1003C002ACA2317010023180100231668
:10478000C1002309D10002CE3ECC2E89BA89C28451
:104790002E8563040800EFF05EFA231EA100EF40AF
:1047A0002F829707FF1F9387A7EF9C5F230FA1001E
:1047B00001459183858BADE3420913590941635D3E
:1047C000200503D709001398F40099464E07458346
:1047D00033680701931788004208135808011358DB
:1047E000880033E807019357040113D78700A3011A
:1047F000F100931784004204418021805D8C2301E5
:10480000E100814701470A868145480823100101DC
:1048100023128100EFF03FEE05616FD0BEA2EFD210
:10482000DEA02A849304C5FDEF000FF58327C4FFA3
:104830001D8DBD67938707A663F8A7008145268570
:10484000EFF06F9A6FD0BEA0032804FF8355E4FEFB
:10485000832784FF834644FF0356C4FE0325C4FD1B
:104860001358F801130744FEEFF01FEF2685EFE021
:104870007FF9AA852285EF00D060E9B7EFD2FE9AD2
:1048800001112E89AA84EF401FBD2A84FD572315EC
:10489000F1008357C4020355450323190100231671
:1048A000F100834714032317010023180100230993
:1048B000F1002314A10002CA02CC02CEEF908F9B1C
:1048C0002ACA08403C003ECCEF002F8683570500E3
:1048D000231EF100EF30DFEE8357C402230FA10047
:1048E000B1CF834714032302F100EF30BFFA7D15E7
:1048F00013341500EF404F9D85476314F500136492
:104900002400EF307FFA85476314F50013644400F8
:104910009707FF1F9387C7D89C5F9183858B99C3A7
:1049200013648400CA8726878D465000A94548082D
:10493000A302010023038100EFF0FFDB05616FD0CC
:104940001E91EFD29E8E81450145EFF03FF36FD06F
:104950001E90EFD29E8D01449704FF1F9384C40BD9
:1049600013098004EF003FC46345A40001456FD0E4
:104970001E8E330724039C40BA9783C7A70199E38F
:104980000504CDB70545E5B7EFD23E8AAA840144B8
:104990001709FF1F1309C9D0EF00BFB46353A40266
:1049A0008327490B131534003E9583570500639CFC
:1049B0009700231005002322050023010500EFC006
:1049C000BFB96FD0DE880504C1BFEFD27E842A84D0
:1049D0002E89EF001FB319C1014565A0834744012B
:1049E000414793F60703E389E6FE93F70704EDD703
:1049F000EF003FAF75D181448149170AFF1F130AA9
:104A00002ACAEF001FAE63CCA900EF009FAD639BE5
:104A1000A90E81449709FF1F938989C889A8832714
:104A20004A0B93943900BE9403D704008357840043
:104A3000E30DF7FC8509F1B783A7490B1395340003
:104A40003E95835705009DE3630509002320A900D7
:104A500061B7835784002310F5001C485CC15C4893
:104A6000858B2301F500EFC03FAFBDB78504EF0094
:104A70005FA7E3C3A4FCEF00DFA785476305F5004C
:104A800005456FD02EFC9704FF1F83D484F81707C9
:104A9000FF1F1307E7C0939734008324470BBE948E
:104AA00003D50400EFB06FF503D50400EFF0DFEDA0
:104AB000630C0902232099009707FF1F83D767F52E
:104AC00085071707FF1F2316F7F4EF009FA1420584
:104AD0009707FF1F83D7E7F34181E3EFA7EE97071F
:104AE000FF1F239807F2CDBD8357840026852390AE
:104AF000F4001C48DCC05C48858B2381F400EFC0C7
:104B0000BFA55DBF8347440103C72400858B99C7B8
:104B100025DBD8401C48E375F7F611A07DDB630563
:104B20000900232099004DBD8357840026852390DA
:104B3000F4001C48DCC05C48858B2381F40025B759
:104B4000EFD2AEEB03584500217102D29147832B7F
:104B5000050063E707017D594A8539616FD0AEEDE5
:104B60002E842A8A4C102285BA8DB689328CEFF0B9
:104B7000DFE575F185455285EF10EFD85285EF10CE
:104B8000EFEF131935000981896442054181938C47
:104B9000F4FFB37495015285EF106FEA1379890120
:104BA000935755003369F900137DF5011379F90F17
:104BB000137BFD0FE3612BFB5C481848970AFF1F2E
:104BC000938A0AAE93F6170083A70A00B3049740AE
:104BD000B3F49401958F93D68700B3049740E2070E
:104BE000DD8C23A2D90023A09900930C1B00238005
:104BF0009D01814636CEEF001F9CF2461708FF1F2D
:104C0000130848E163D0A604832708009394660044
:104C1000BE9498481C446316F706D84483A74900FD
:104C20008C4403A609006366F7006390E74863FEBF
:104C3000C54683C7740193F70704A1C78545268538
:104C4000EFE07FDA5C4821478D83858B91E3314724
:104C5000B3046703EF003F9763C4A404032844012F
:104C60008346E400035684008355A400084013588B
:104C700078001378180081474E87EFF0FFAD2D596B
:104C8000E1BD850685BF835784002310F5001C48CD
:104C90005CC15C48858B2301F500EFC0FF8B49A107
:104CA0009707FF1F938707889C4381EF814DEF0093
:104CB0009F909707FF1F9387E7D563CBAD045D599E
:104CC00061BD5C481307000893F7070CE390E7FE0B
:104CD0001C4003C70D000356A4008355840003D570
:104CE000C701CE86EF60DF9C71F103284401834643
:104CF000E400035684008355A4000840135878004C
:104D00001378180081474E87EFF01FA56559A9B5A4
:104D1000984393946D00BA9403C774019376070483
:104D200099C2850D69B713670704A38BE4001C4083
:104D30009CC05C488A0793F607029377F7FDD58FEE
:104D4000A38BF40003A6090083A64900819BB3E767
:104D5000A701A38BF40090C4D4C403C70B0093F73E
:104D6000F707238BE4000347E400238CE400035798
:104D700084002398E4000357A40023AE0400239981
:104D8000E400584813770708D98FA38BF400DC4C54
:104D9000B3D72701858B63950738DC4803574A0052
:104DA000F583858B6317690B93160901C182214630
:104DB00091E33146B387C6023E97239AE400EF00A1
:104DC000AF9B138D440288D06A85EF00100109ED76
:104DD00083A78A039183858B81EB2685EFE09FA2D1
:104DE000AA856A85EF00F0095C4821478D83858B91
:104DF00091E33147DC40BAC0178700001307C709A9
:104E00001843931D2900130B01041843EE97014624
:104E1000DA8501453ECE0297F24788C3DC40BE9D4D
:104E200003A50D000DED032844018355A40083461E
:104E3000E4000356840008401358780013781800E3
:104E400081474E87EFF05F9185452685EFE0BFB93A
:104E500075BDA14691E3B146E383E6F6EDB903568D
:104E60004A0083250A00054A33192A01EFD0EEBE15
:104E7000DC4C668605453369F90023AE2401814583
:104E8000EF5070517D156306A90023204C010149A4
:104E9000E1B1125509CD835784002310F5001C4859
:104EA0005CC15C48858B2301F500EFC0EFEA8947C0
:104EB0002320FC006A85EF00407E03A84401DC4CFF
:104EC0008346E400035684008355A40008404E87BF
:104ED0001358F801EFF05F888347440113F7870008
:104EE00005CBB707000101464C1826853EDC5ADA8F
:104EF0005ADEEFE0FFB883C50B00CE86501822853E
:104F0000EFF02F822A8981452685EFE0DFADA9B138
:104F100083C91B0003AA84003707800183CC0B00E0
:104F2000220A3AD693D979005AD45AD8135A8A0009
:104F300083D6440125476393090015477D59E3C48F
:104F4000E6FC17F7FE1F1307E75D184311C793F739
:104F5000070499E3014945BF0355A400A167116700
:104F6000A98F814B63F5E700EF303FD3AA8B93D72E
:104F70006C00858BBDCF114C63830900214C420C22
:104F8000135C0C01014B130D8002EF008FDE9317B1
:104F90000B014205C1834181E3FEA7FA03A3CA0ABC
:104FA000B30DAB034E862C1026851ACEEFE05FAD15
:104FB000A25783A5CA0A930841033EDE3EDA83D78F
:104FC0004401130881026687B3878741231DF102DC
:104FD000DE86CE875286EE952285231C0102EFE005
:104FE0001FB12A89050B55F172439A9D83D72D0075
:104FF00075A097F7FE1F9387677F9C431397170150
:10500000635007044E862C102685EFE07FA7A25739
:1050100021473EDE3EDA83D74401639309001147FE
:10502000998F231DF10238105C18CE865E86D285DA
:105030002285231C0102EFE05FB32A89F55739CDA1
:105040004E862C102685EFE0BFA3A25721473EDEF7
:105050003EDA83D74401639309001147998F231DDA
:10506000F1025C4852C0341013F7170083A70A00FE
:105070004E868545998F3EC28358A400035884000C
:10508000DE87581817F5FE1F1305056B231C010258
:10509000EF504FEB2A89F957E31705E62313F40085
:1050A0004C182285EFF01EBDB9BDE3E6E7AA6314F4
:1050B000F700E362B6AA03C70B0083C76401E31CD1
:1050C000F7A803AD440193578D01FD8BE39567A9C4
:1050D0005C481357DD01058B8D83858BE31DF7A697
:1050E00083C7740193F70704E39307CADC4C668611
:1050F000054581453ECEEF50102AF2477D15E39CD1
:10510000A7A48346E400035684008355A400084006
:105110001358FD014E87EFF02FE41255E31505B645
:1051200079591DBC9707FF1F2394A78E8280EFD269
:10513000CE8C3971FD5717FAFE1F130AAA3E3ED6D0
:1051400083270A007D573AD402D2A3010102AA8420
:105150002E84638707109C4183D5A50003D5C70122
:10516000EF600FD1834744011E0593F7F707C98FFE
:10517000230AF400A5452685EF00FFF897FAFE1FE5
:10518000938A8A5083A70A008DC717F7FE1F13075B
:1051900027511C5F9183858B89CF8347440193F608
:1051A000070381EA5453214769596397E60A918BB3
:1051B000C5C72685EF00BFF79C40AA8B03DC4400DF
:1051C0008387070063D3070A5C48014993F7070CFC
:1051D000C1C71307310234105010A2852685EFF0A5
:1051E0003F962A8983A70A0085C317F7FE1F130776
:1051F000274B1C5F9183858B81CB5853A147631547
:10520000F7002285EF808FC89C44C20B93DB0B0113
:10521000BE9B83270A0023A07401239284018DCFB3
:105220008307440163DA07026318090297F7FE1F38
:105230009387072F83A80700A257FD5612560347EE
:10524000310201486395D71CB2566392F61CA687BB
:105250008146A285014582984A8521616FC0BEFDC5
:1052600083C7450193F7F70721B78547A301F102EB
:1052700063140C007D59BDB781452285EFF0EFF432
:1052800075F92685EF00BFFB83474401AA8CA18BEB
:1052900081CBAA85341026862285EFE09FC891B77E
:1052A0005C48014993F7070C95DFEF008FAD1105BE
:1052B0004205418197C0FE1FE78060A0AA8963066E
:1052C00005142ADA231C0102EF00AFAB03D7440018
:1052D0001105231DA1024EDE914763E6E7004E85CE
:1052E000EF10F03541BF83270A0091CB834744017B
:1052F00093F7070489E74E85EF107034E5B5035541
:10530000A400A1671167A98F014B63F5E700EF3097
:10531000DF982A8B83D74400F1172392F40093D7A8
:105320006C00858BE1E397F7FE1F9387274C9C4326
:105330001397170163510702F2570C4826873EDA8C
:1053400081465C185A862285231C0102EFE0FF810A
:105350002A89F55739C1F2578358A40003588400AD
:105360003EDA5C48A686014613F7170097F7FE1F42
:10537000938707339C43854517F5FE1F1305C53BEF
:10538000998F3EC21C485818231C01023EC0DA8780
:10539000EF504FBB2A8925F1F9572313F4004C181D
:1053A0002285EFF03E8D81BF93078002B387FD0217
:1053B000032ECD0A10489308410326886687DA86B3
:1053C0002285231C0102850D3E9EF257F28572CE86
:1053D0003EDA8147EFE0AFF12A8911E9724E835737
:1053E0002E0065BF814D17FDFE1F130D6D2BEF00C5
:1053F0004F98420593970D014181C183E3E6A7FAD7
:105400004E85EF10D0230149F1BB5D59E1BBA68762
:10541000341081B582808280EFC23EE1014497F46E
:10542000FE1F9384245FEF000F996344A40297F753
:10543000FE1F9387E72603A4470BEF008F8A1316FE
:10544000350081452285EFC0BEE2EFC0CF926FC02C
:105450001EE088409317640085453E95EFE0AFD885
:105460000504D1B7EFC27EDC014497F4FE1F93849C
:10547000A45A13098004EF000F936344A4006FC083
:105480001EDDB3072403884005043E95EFE08FF44A
:10549000DDB7EFC2FED7014497F4FE1F9384C457D3
:1054A0001309800497F9FFFF9389499CEF00AF8FA0
:1054B0006341A402014497F4FE1F9384A45517F995
:1054C000FFFF13090936EF000F8F634EA4006FC072
:1054D0007ED7B30724038840CE8505043E95130587
:1054E0008502F928E1B7884093176400CA853E9584
:1054F00013054502F1200504F9B7EFC21ED31C4580
:105500002A84858BA1CF97F6FE1F938626519C4255
:10551000014795C36311F4041C40D4420DE717F70B
:10552000FE1F232DF74E6316D40017F7FE1F232905
:10553000F74E232004001C44232C04000145F99B52
:105540001CC46FC0DED01CC3E315D4FE97F7FE1F4A
:1055500023A8E74CF9BF3E879C4365BF3105092668
:10556000D9BF8589B1C1EFC25ECC17F4FE1F130409
:10557000E44A08401DC51C4117F7FE1F2320F74AC7
:1055800058406316E50017F7FE1F232BF7481C450C
:10559000584193F6E7FF14C5858BE1DF79DB02976D
:1055A000C9BF01456FC0BECA01458280EFC2FEC7B8
:1055B0002E8431468145EFC0BECB40C16FC03EC98D
:1055C000EFC2BEC62A84EFF07FFE23260400232804
:1055D0000400232C04006FC09EC7EFC21EC5310516
:1055E000D92A95473305F502A1473345F5026FC027
:1055F0001EC69C4513E7170098C5858B8DE7EFC243
:10560000DEC25C4123A0050081EF4CC10CC1034503
:105610008500854597D0FE1FE780A0826FC03EC3FE
:105620008CC34CC1EDB78280EFC29EBE3559634A30
:1056300006009C4DB2842E84AA8999C7315963878C
:10564000A7004A856FC01EC0014919E52285EFF009
:10565000DFEA2A89E34705FE8E049545B3C5B40207
:10566000232C34011305C4007122E1BFEFC2FEBB3D
:10567000AA8517F5FE1F1305653AEFF09FF76FC077
:105680001EBDEFC29EBA2E86AA8517F5FE1F130512
:10569000E538EFF07FF96FC09EBB1C4D99C7EFC294
:1056A000DEB8EFF09FE56FC09EBA7D558280EFC2F5
:1056B000DEB717050000130505EBEF10D04C97F788
:1056C000FE1F9387A7352384A70023A0070023A2EA
:1056D00007006FC0DEB797D7FE1F938767D7884351
:1056E0006313F50001458280EFC23EB4EFF0BFFEC8
:1056F000FD5711C11C453E856FC07EB5EFC2FEB29D
:10570000EFF07FFDAA87014599CB8047854517F5C6
:10571000FE1F03456531EF10D02C3305A4406FC048
:105720001EB3EFC29EB041112AC6854517F5FE1F74
:105730000345852FEF109021854517F5FE1F034582
:10574000A52EEF10F0073246634C060017F5FE1F3A
:105750000345852D854501EA97C0FE1FE780606EF1
:1057600041016FC0DEAEEF10B009DDBFEFC2FEAB8E
:10577000930545FF4845EFF0DFE76FC05EAD8589D3
:105780008DC9EFC29EAAEFF01FF509CD5441184113
:105790002324050098C254C32320050023220500BA
:1057A000EFF0DFFCEFF05FF4EFF0BFF701456FC003
:1057B0001EAA014582801C4185CFEFC21EA7AA8484
:1057C000EFF07FF197D7FE1F938787C8DC43014432
:1057D00019E5EFF0BFF23305A4406FC05EA718458E
:1057E0003A94E30895FE75D5E305F5FE0841CDB77B
:1057F00001458280EFC27EA30CC52A84EFF01FF022
:10580000AA84EFF05FED01C51C45858F1CC5EFF044
:105810009FEC97D7FE1F9387A7C3D04311E950C0D1
:105820001CC0DC4380C397D7FE1F23A587C229A8CD
:10583000144518446350D7025C413387E64018C5CD
:105840005CC008C080C340C1EFF01FEAEFF07FEDFD
:105850006FC0FE9F158F18C4E303A6FC08417DBFEF
:10586000EFC2BE9C1C41FD54B1C72A84EFF0BFE6D5
:105870002A89014563142401EFF05FE817D7FE1F62
:10588000130707BD58431C406308E40091C7184440
:10589000098F88473A9588C7584081441CC3D8C3AC
:1058A000232004002322040063162401EFF0DFE329
:1058B000EFF03FE726856FC09E99EFC21E97170550
:1058C0000000130505ECEF10102C97F7FE1F238D39
:1058D000A7146FC0DE9711E282807D16B387C500E2
:1058E00003C70700B307C5002380E700EDB797F7AC
:1058F000FE1F23ADA7128280EFC23E931C412A8473
:10590000B284858B014989CBB2862E86AA8597B051
:10591000FE1FE78040AF2A89A685228597B0FE1F2B
:10592000E78060AC630A09008A04F11426941C40E5
:1059300037070080D98F1CC06FC07E91EFC25E8D8B
:10594000039A260093070002AE891304FA01334438
:10595000F40293844602AA85B28A4E8526860549BA
:1059600062046184A28697B0FE1FE780C0A911ED92
:10597000931754000149635AFA00D2854E8597B0B7
:10598000FE1FE780A09C3339A000A2862686CE8524
:10599000568597B0FE1FE78000A74A856FC09E8A94
:1059A000EFC21E87011121462E842A8997B0FE1F5F
:1059B000E780809E5C54A1460A863EC61C588A85B4
:1059C0000A853EC85C5802C402C23ECA1C5C02C0C2
:1059D0003ECC5C5C3ECE97B0FE1FE780C0A2AA849E
:1059E000A1460A86CA854A8597B0FE1FE780A0A116
:1059F0001C58AA94A1463EC65C580A868A853EC8B1
:105A00001C5C0A8502CE3ECA5C5C3ECC97B0FE1F91
:105A1000E780609FAA94A1460A86CA854A8597B006
:105A2000FE1FE780409E1C50AA94A1463EC05C50D9
:105A30000A86CA853EC21C544A8502CA3EC41C5C02
:105A400002C802C63ECC5C5C3ECE97B0FE1FE7802B
:105A5000809B5C50185CAA943EC01C543AC8585CA9
:105A60003EC25C54A1460A863EC45C58CA854A853B
:105A70003EC63ECC1C503ACA3ECE97B0FE1FE780D1
:105A800080985C54AA94A1463EC01C580A86CA85D8
:105A90003EC25C584A8502CA3EC41C5002C802C6B7
:105AA0003ECC1C543ECE97B0FE1FE78060991C5838
:105AB000898CA1463EC05C580A86CA853EC21C5CE1
:105AC0004A8502CA3EC45C5C02C83EC65C503ECCFD
:105AD0005C543ECE97B0FE1FE78080965C58898C60
:105AE000A1463EC01C5C0A86CA853EC25C5C4A85F3
:105AF00002CC3EC41C503EC65C503EC81C543ECA3C
:105B00001C583ECE97B0FE1FE78080931C5C898CAA
:105B1000A1463EC05C5C0A86CA853EC25C504A858E
:105B200002C43EC61C5402CC3EC85C543ECA5C58FB
:105B30003ECE97B0FE1FE780A0903384A44097D458
:105B4000FE1F9384A49163470402854911E821460E
:105B5000CA85268597A0FE1FE7804072630735033C
:105B6000A1462686CA854A8597B0FE1FE780408DEC
:105B7000098CE9BFA1462686CA854A8597B0FE1FD3
:105B8000E78060882A94E34704FE05616FC08EEBCE
:105B9000EFC20EE81D712A8432892E8A7146814532
:105BA0004800EFC0EEEC830409008D475286A686BC
:105BB000D28508103EC097B0FE1FE780A08F8327D4
:105BC000C90A0C1022858297A6860A86A28522859C
:105BD0009309490097B0FE1FE780808609C9A68611
:105BE0004E86A285228597B0FE1FE780C08183067E
:105BF00009005286A285081097B0FE1FE780808BAF
:105C00008327C90A0C1022858297A68613064908A5
:105C1000A285228597A0FE1FE780E07E19E92686EF
:105C2000A2854E8597A0FE1FE78040658547630AE1
:105C3000F500A6864E86A285228597B0FE1FE780D6
:105C4000208025616FC00EE0EFC28EDC83840600E9
:105C500019712A89AE8A3285A6853284B68997A0C1
:105C6000FE1FE780806C6319052CA6865686D685B4
:105C7000880097B0FE1FE780E08383A7C90A8C00E5
:105C80000A858297838609000A86CA85880097B0AC
:105C9000FE1FE780208283A7C90A8C000810829724
:105CA000838609000A868A85880097B0FE1FE780F0
:105CB000608083A7C90A8C000A85829783860900C1
:105CC0002286D685880097A0FE1FE780A07E83A746
:105CD000C90A8C0056858297838609002286A28590
:105CE000880097A0FE1FE780E07C83A7C90A8C008C
:105CF00022858297A6862286CA854A85138A49000C
:105D000097A0FE1FE780207019E92686CA85528574
:105D100097A0FE1FE78080568547630AF500A68698
:105D20005286CA854A8597A0FE1FE7806071A686C5
:105D30002286A285228597A0FE1FE780C06C19E904
:105D40002686A285528597A0FE1FE78020538547AF
:105D5000630AF500A6865286A285228597A0FE1FBB
:105D6000E780006EA6862286CA85228597A0FE1F40
:105D7000E780006D09C9A6865286A285228597A074
:105D8000FE1FE7804068838609002286CA85880056
:105D900097A0FE1FE780007283A7C90A8C004A857E
:105DA0008297A6864A86CA85228597A0FE1FE7802D
:105DB000806519E92686A285528597A0FE1FE78097
:105DC000E04B8547630AF500A6865286A2852285A8
:105DD00097A0FE1FE780C066A6862286CA854A85F0
:105DE00097A0FE1FE780206219E92686CA855285A2
:105DF00097A0FE1FE78080488547630AF500A686C6
:105E00005286CA854A8597A0FE1FE7806063814558
:105E10004A8597A0FE1FE780605363020512A6869D
:105E20005286CA854A8597A0FE1FE780C05D2A8BEF
:105E3000A6854A8597A0FE1FE780E05A9397240025
:105E4000F117CA9788437E0B3365650188C3838643
:105E500009004A86CA85880097A0FE1FE7808065F2
:105E600083A7C90A8C0022858297A6861010A28576
:105E7000228597A0FE1FE780A05C09C9A6865286EE
:105E8000A285228597A0FE1FE780E057A686101006
:105E9000A285228597A0FE1FE780805A09C9A686A1
:105EA0005286A285228597A0FE1FE780C0550C1060
:105EB000A68622862E8597A0FE1FE780605809C916
:105EC0000C10A68652862E8597A0FE1FE780A05351
:105ED000838609001010CA85880097A0FE1FE780FE
:105EE000605D83A7C90A8C004A858297A6860A86C8
:105EF000CA850A8597A0FE1FE780805409C9A68637
:105F000052868A850A8597A0FE1FE780C04F2686A5
:105F1000A2854A8597A0FE1FE78000482686D68581
:105F2000228597A0FE1FE780204726868A85568512
:105F300097A0FE1FE780404609616FC0AEB0A685FE
:105F40004A8597A0FE1FE780004A11B7EFC24EAC0A
:105F5000AE8919712A89B6854E85B284368497A098
:105F6000FE1FE780803C11C9A2854A8597A0FE1FCD
:105F7000E780E03909616FC0EEAC2286CE850A85E4
:105F800097A0FE1FE78040412286A685081097A0B3
:105F9000FE1FE7806040A285880097A0FE1FE78073
:105FA00000378547A2858810BEC097A0FE1FE780F6
:105FB000003622860C100A8597A0FE1FE780002C71
:105FC00009E922868C004A8597A0FE1FE780C03C25
:105FD00055B78247858B89EFA2850A8597A0FE1F5A
:105FE000E78060402286A6858800EFF0FF90D1B759
:105FF0008257858B99EBA285081097A0FE1FE7803A
:10600000803E2286A6858810CDB7A2866359A0045B
:1060100010108A850A8597A0FE1FE7806042A2853E
:106020000A8597A0FE1FE780003C22868C1088001E
:1060300097A0FE1FE7808024635A05008C00A2868B
:1060400026862E8597A0FE1FE780E03B8C00A28667
:1060500090102E8597A0FE1FE780803E61B70C1040
:106060000A862E8597A0FE1FE780803DA285081036
:1060700097A0FE1FE780203722868C00881097A00B
:10608000FE1FE780A01F635A05008C10A28626869B
:106090002E8597A0FE1FE78000378C10A286900007
:1060A0002E8597A0FE1FE780A039A1BFEFC2EE9416
:1060B000038C070069712AC2B28D080962862E8D91
:1060C00036C63E84BA8B97A0FE1FE780E02C93175C
:1060D0002C003EC4EA976286BE8588093EC097A020
:1060E000FE1FE780602BB246830404006384066CC5
:1060F0002686B685081897A0FE1FE780E029268629
:106100000C09881897A0FE1FE780002926868C09B5
:10611000081997A0FE1FE7802028830604001018A6
:10612000B285881997A0FE1FE780C0388327C40A6C
:106130008C19880882978306040090080C09881936
:1061400097A0FE1FE78000378327C40A8C1908092F
:1061500082978306040010188C08881997A0FE1FE8
:10616000E78040358327C40A8C1988088297830604
:10617000040090088C09881997A0FE1FE7808033DF
:106180008327C40A8C19880982978327440AA28628
:1061900010188C0908098297830604001018B2852C
:1061A000881997A0FE1FE780E0308327C40A8C1966
:1061B000880882978306040090088C18881997A095
:1061C000FE1FE780202F8327C40A8C198818829726
:1061D0008306040010188C08881997A0FE1FE7801A
:1061E000602D8327C40A8C198808829783060400CF
:1061F00090080C19881997A0FE1FE780A02B832711
:10620000C40AF91B8C190819C20B829793DB0B4146
:1062100013094400854C830404006346705B814588
:106220006E8597A0FE1FE7806012B339A000960923
:106230009C18338A3701933A15001C19960ABE99A7
:106240009C18338B5701A6861C195286DA850808DC
:10625000BE9A97A0FE1FE780A01E09C90C08A6865B
:106260004A862E8597A0FE1FE780E019830604006A
:106270001008B285881997A0FE1FE780A023832706
:10628000C40A8C1908088297830604001008D28576
:10629000881997A0FE1FE780E0218327C40A8C1984
:1062A00052858297830604001008DA85881997A022
:1062B000FE1FE78020208327C40A8C195A85829705
:1062C000A6864E86D685080897A0FE1FE780A013F5
:1062D00019E926860C084A8597A0FE1FE78000FA78
:1062E0008547630AF5000C08A6864A862E8597A086
:1062F000FE1FE780E014A6864E86D685568597A0B9
:10630000FE1FE780E01309C9A6864A86D685568512
:1063100097A0FE1FE780200FA6865286DA85081810
:1063200097A0FE1FE780C01109C90C18A6864A86EF
:106330002E8597A0FE1FE780000D8306040010182D
:10634000CE85881997A0FE1FE780C0168327C40A50
:106350008C194E858297A6865A86D285081897A0F2
:10636000FE1FE780400A19E926860C184A8597A087
:10637000FE1FE780A0F08547630AF5000C18A6868B
:106380004A862E8597A0FE1FE780800B83060400B7
:106390005686D685881997A0FE1FE780A01183270F
:1063A000C40A8C195A858297A6861018DA855A85F0
:1063B00097A0FE1FE780C00809C9A6864A86DA852D
:1063C0005A8597A0FE1FE7800004A6865A86D285CC
:1063D000880897A0FE1FE780A00609C98C08A6863A
:1063E0004A862E8597A0FE1FE780E0018306040001
:1063F0009008D685881997A0FE1FE780A00B8327F9
:10640000C40A8C1956858297A6864E86D6855685EF
:1064100097A0FE1FE780C00209C9A6864A86D685D6
:10642000568597A0FE1FE78000FE83060400100833
:10643000B285881997A0FE1FE780C0078327C40A8A
:106440008C19880882978C08A68610182E8597A02C
:10645000FE1FE780E0FE09C98C08A6864A862E85C5
:1064600097A0FE1FE78020FAA68652868C0808189F
:1064700097A0FE1FE780C0FC09C90C18A6864A86B3
:106480002E8597A0FE1FE78000F883060400100801
:106490000C18881997A0FE1FE780C0018327C40A43
:1064A0008C1908188297A6864E860C184E8597A0E0
:1064B000FE1FE780E0F809C9A6864A86CE854E858C
:1064C00097A0FE1FE78020F426868C08528597A0AF
:1064D000FE1FE78060ECE28690180C09081897A070
:1064E000FE1FE780E0F509C90C18E2864A862E8572
:1064F00097A0FE1FE78020F1830604004E860C184B
:10650000881997A0FE1FE780E0FA8327C40A8C1938
:1065100008188297830604006A860C18881997A0C9
:10652000FE1FE78020F98327C40A8C190818829778
:106530000C182E85E2864A86EFF05FA183060400E0
:1065400002460C18881997A0FE1FE780A0F6832743
:10655000C40A8C19081882978306040052860C1806
:10656000881997A0FE1FE780E0F48327C40A8C19DE
:1065700008188297830404005A86D285A686880864
:1065800097A0FE1FE780C0EB09C98C08A6864A8643
:106590002E8597A0FE1FE78000E783060400900881
:1065A000B285881997A0FE1FE780C0F08327C40A30
:1065B0008C1988088297830604009008DA85881968
:1065C00097A0FE1FE78000EF8327C40A8C195A8525
:1065D0008297830604009008D285881997A0FE1F31
:1065E000E78040ED8327C40A8C1952858297A686DE
:1065F0005686CE854E8597A0FE1FE78060E409C9C8
:10660000A6864A86CE854E8597A0FE1FE780A0DF2E
:10661000830604004E86CE85881997A0FE1FE7806A
:1066200060E98327C40A8C19880882978C08A6869B
:106630005A862E8597A0FE1FE78080E009C98C0846
:10664000A6864A862E8597A0FE1FE780C0DB8C08B1
:10665000A68652862E8597A0FE1FE78060DE09C9B8
:106660008C08A6864A862E8597A0FE1FE780A0D9B3
:10667000A6865A86D285528597A0FE1FE78040DC09
:1066800009C9A6864A86D285528597A0FE1FE78053
:1066900080D7830604005286D685881997A0FE1FEE
:1066A000E78040E18327C40A8C1956858297A68625
:1066B0009008DA85528597A0FE1FE78060D809C947
:1066C000A6864A86D285528597A0FE1FE780A0D372
:1066D000830604005286CE85881997A0FE1FE780A6
:1066E00060DD8327C40A8C194E858297A68656865C
:1066F000CE854E8597A0FE1FE78080D409C9A68667
:106700004A86CE854E8597A0FE1FE780C0CF26869D
:106710008C08528597A0FE1FE78000C883060400FE
:106720001018B285881997A0FE1FE780A0D883278C
:10673000C40A8C19880882978306040090088C1874
:10674000881997A0FE1FE780E0D68327C40A8C191A
:10675000881882978306040010188C08881997A05F
:10676000FE1FE78020D58327C40A8C1988088297EA
:106770008306040090080C19881997A0FE1FE78073
:1067800060D38327C40A8C19081982971245628640
:106790008C1897A0FE1FE78020C0924722470C1953
:1067A00062863385E70097A0FE1FE780E0BE556153
:1067B0006FB07EA8A685081897A0FE1FE78020B5B9
:1067C00085473ED82DBADE856E8597A0FE1FE780EF
:1067D000E0B7133A1500B3894C4196099C18B38A67
:1067E00037011C19160ABE999C18338B4701A686DF
:1067F0001C195686DA8508083E9A97A0FE1FE78086
:1068000020C409C90C08A6864A862E8597A0FE1FBB
:10681000E78060BF830604001008B285881997A03E
:10682000FE1FE78020C98327C40A8C1908088297B5
:10683000830604001008D685881997A0FE1FE780FC
:1068400060C78327C40A8C19568582978306040083
:106850001008DA85881997A0FE1FE780A0C5832756
:10686000C40A8C195A858297A6864E86D285080856
:1068700097A0FE1FE78020B911E926860C084A85FB
:1068800097A0FE1FE780809F630A95010C08A686EB
:106890004A862E8597A0FE1FE78080BAA6864E8680
:1068A000D285528597A0FE1FE78080B909C9A686C8
:1068B0004A86D285528597A0FE1FE780C0B4A6867F
:1068C0005686DA85081897A0FE1FE78060B709C9C9
:1068D0000C18A6864A862E8597A0FE1FE780A0B2D8
:1068E000830604001018CE85881997A0FE1FE78044
:1068F00060BC8327C40A8C194E858297A6865A8667
:10690000D685081897A0FE1FE780E0AF11E926861C
:106910000C184A8597A0FE1FE7804096630A9501F0
:106920000C18A6864A862E8597A0FE1FE78040B1E8
:10693000830604005286D285881997A0FE1FE7803F
:1069400060B78327C40A8C195A858297A6861018C7
:10695000DA855A8597A0FE1FE78080AE09C9A68612
:106960004A86DA855A8597A0FE1FE780C0A9A686C9
:106970005A86D685880897A0FE1FE78060AC09C9B3
:106980008C08A6864A862E8597A0FE1FE780A0A7C2
:10699000830604009008D285881997A0FE1FE7801F
:1069A00060B18327C40A8C1952858297A6864E86C9
:1069B000D285528597A0FE1FE78080A809C9A686C8
:1069C0004A86D285528597A0FE1FE780C0A3830622
:1069D00004001008B285881997A0FE1FE78080ADDB
:1069E0008327C40A8C19880882978C08A6861018F9
:1069F0002E8597A0FE1FE780A0A409C98C08A68653
:106A00004A862E8597A0FE1FE780E09FA6865686C1
:106A10008C08081897A0FE1FE78080A209C90C18EF
:106A2000A6864A862E8597A0FE1FE780C09D830616
:106A3000040010080C18881997A0FE1FE78080A793
:106A40008327C40A8C1908188297A6864E860C18CC
:106A50004E8597A0FE1FE780A09E09C9A6864A869C
:106A6000CE854E8597A0FE1FE780E09926868C088C
:106A7000568597A0FE1FE7802092830404005A8663
:106A8000D685A686880897A0FE1FE780609B09C967
:106A90008C08A6864A862E8597A0FE1FE780A096C2
:106AA000830604009008B285881997A0FE1FE7802E
:106AB00060A08327C40A8C19880882978306040083
:106AC0009008DA85881997A0FE1FE780A09E83278B
:106AD000C40A8C195A858297830604009008D685CB
:106AE000881997A0FE1FE780E09C8327C40A8C19B1
:106AF00056858297A6865286CE854E8597A0FE1F24
:106B0000E780009409C9A6864A86CE854E8597A05F
:106B1000FE1FE780408F830604004E86CE858819CD
:106B200097A0FE1FE78000998327C40A8C19880864
:106B300082978C08A6865A862E8597A0FE1FE7802E
:106B4000209009C98C08A6864A862E8597A0FE1F2C
:106B5000E780608B8C08A68656862E8597A0FE1F40
:106B6000E780008E09C98C08A6864A862E8597A0E4
:106B7000FE1FE7804089A6865A86D685568597A04F
:106B8000FE1FE780E08B09C9A6864A86D685568512
:106B900097A0FE1FE7802087830604005686D285D3
:106BA000881997A0FE1FE780E0908327C40A8C19FC
:106BB00052858297A6869008DA85568597A0FE1F93
:106BC000E780008809C9A6864A86D685568597A09B
:106BD000FE1FE7804083830604005686CE85881911
:106BE00097A0FE1FE780008D8327C40A8C194E856D
:106BF0008297A6865286CE854E8597A0FE1FE78097
:106C0000208409C9A6864A86CE854E859790FE1FA8
:106C1000E780607FFD1B26868C085685C20B979007
:106C2000FE1FE780607793DB0B416FF0CFDEEFB2A2
:106C3000CEDF5D713284AA841018A2862E850C08DE
:106C40002EC432C6EFE09FCF035724001335150042
:106C50009C080A053E95032685FB05074207A28787
:106C600041878146930544042685EFF02FC4834570
:106C7000040026858605E205E1859790FE1FE780E2
:106C8000C06A1335150061616FB06EDCEFB26ED76C
:106C90002E8BAA84B2855A85328497E9FE1F938988
:106CA000E9D89790FE1FE780A06B83A70900B1C7C2
:106CB000131A5400931B24003305AA401389CBFFF9
:106CC0007D5A2699335AAA00930A0004054C83A7DB
:106CD0000900DE85268582970DC183270900A285DC
:106CE0002685B3F747012320F9009790FE1FE78020
:106CF000C06319C5FD1AE39C0AFC01456FB0EED3D1
:106D00002286A6855A859790FE1FE7806077E31359
:106D100085FF0545E5B7EFB2AECFAA892E89B284CB
:106D200013040004130A0002930A46020396240087
:106D3000D6854A857D063346460362066186EFF0B6
:106D4000FFF409C92686CA854E85EFF05FEE11E58E
:106D50007D1469FC01456FB0EECE0545EDBFEFB285
:106D60002ECB03891600357100102A8B130A0104FB
:106D70002285B2894A86B684838A060022CC52CE06
:106D8000EFE07FB513161900DA858810EFE0BFB485
:106D9000A2852285A6865286EFE05FBA97E7FE1F9E
:106DA0009387C7C89C432A849DC393172500181155
:106DB000BA9783A687F7568693854400368536C6EC
:106DC000EFF0DFECB24609E50D616FB0AEC781466A
:106DD00003D72400133414001C110A043E94032624
:106DE00084F705078C104207A68741872E85EFF0B0
:106DF000EFAB4A868C104E85EFE0FFAD83C50400F3
:106E000088108605E205E1859790FE1FE780E05136
:106E10001335150055BF17B5FE1F1305E5638280B6
:106E2000184183A785FF6319B7001CC1FD5723AC28
:106E300005FE238FF5FE8280232CF6FEC5BF41118F
:106E400022C437E400E026C204403707200006C60B
:106E5000F98C2320E4180F10000009E92320941076
:106E60001545B24022449244410182800347E5FF28
:106E70009307F00F6306F700232094101145D5B750
:106E800097B0FE1FE78020CD014523209410D1BF8D
:106E900041114AC037E900E022C403240900B707C2
:106EA000200006C626C27D8C2320F9180F10000092
:106EB00089E52320891015451DA0AA8497E7FE1FA8
:106EC00083C717B72E8563F5F400894763EF9700F2
:106ED000EFF0FFF6B7E700E023A087100D45B240C2
:106EE0002244924402494101828083A785FF99E7A9
:106EF00003C7E5FF9307F00F6309F700EFF03FF4D6
:106F0000B7E700E023A087107DB7238F95FE138598
:106F1000C18597A0FE1FE780E0D8A165268597B0C0
:106F2000FE1FE78000F20145232089104DBF23AEEC
:106F3000018482804111B7E700E026C2844337070D
:106F4000200006C622C4F98C23A0E7180F10000009
:106F500097E7FE1F83A747B21384018191C78297E9
:106F60001C40AA971CC021A083A7C186EDFB084046
:106F7000B74703009387D73F3305F502B7A726002D
:106F8000938737ECB2403E9508C02244B7E700E053
:106F900023A09710924441018280411122C406C669
:106FA00083A7818617E4FE1F130484A889C78297EC
:106FB0005C48AA975CC84848B2402244410182809C
:106FC000B7E700E09843B706200023A0D718758FD5
:106FD0000F10000097E6FE1F83C696A5637ED500BE
:106FE00083A681873325D5201621B3F5B6400EA19F
:106FF00023A0E7100145828023A0E7100D45828081
:10700000797122D437E400E04AD003290400B7079D
:10701000200006D626D24ECE52CC56CA5AC85EC6DC
:107020003379F9002320F4180F10000097E7FE1FB2
:1070300083C717A06376F50083ABC18663970B0007
:10704000B7E700E023A0271199A097EAFE1F938AD3
:10705000AAA503AB8A00B74736FE938707C83E9BB5
:1070600083D7CA002E8AAA84B385C702B289814613
:10707000B3B7C70213850532B335B50013060064F4
:10708000BE95EF3050716370AB022320241101458F
:10709000B250225492540259F249624AD24A424BA7
:1070A000B24B45618280829B83D7CA002A84130633
:1070B0000064B38537038146B3B7370313850532C0
:1070C000B335B500BE95EF30106DB307850003A74B
:1070D0008A003E8463E4A70063E4E7003384E7406A
:1070E000D285268597B0FE1FE78020C401C900C560
:1070F000B7E700E023A02711054559BF93E504F049
:107100004145B3C5050897B0FE1FE780609811E9B7
:1071100097E7FE1F83A7479785D7A68511458297D6
:1071200005B7138741871C4389EF08C3854723268A
:10713000050000C52311450104A11CB1232205004F
:1071400045BF3E87DC47F5FF48C7CDB7011126CACA
:10715000B7E400E04AC803A9040022CC4EC6B70732
:10716000200006CE52C4AA892E843379F90023A0C8
:10717000F4180F10000097B0FE1FE78000BB17EA5D
:10718000FE1F130AEA8A05E5A2854E85EFF05FE34C
:1071900083470A006381370523A024111945F24073
:1071A0006244D2444249B249224A05618280231195
:1071B0000500A2854E85EFF0BFE083470A00638695
:1071C000370123A024110145D9BF138761861E23EF
:1071D000C18F1EA3FDB7938761869A23598C82A322
:1071E00065BF4111B7E700E026C2844306C622C44A
:1071F00037072000F98C23A0E7180F10000097B084
:10720000FE1FE78080B219E90145B2402244B7E78A
:1072100000E023A09710924441018280004583A79B
:10722000C186829797E7FE1F938707886367A4024A
:107230009847B74636FE938606C83305A44036976E
:10724000E374E5FC13070064B335E502D2278146F9
:107250003305E502EF3030544DBF98473A94C9BF2B
:10726000411106C623A4A1860295B24097D7FE1FFE
:1072700023ACA77C014541018280411151468145E3
:1072800017E5FE1F1305058106C622C426C223AAE0
:10729000018623A4018623A601862382018623A0DA
:1072A000018697A0FE1FE78060B313068002814528
:1072B00017D5FE1F1305C57797A0FE1FE78000B204
:1072C000EF30806F97D7FE1F93870779E82BFC3B41
:1072D00017D4FE1F1304C47585453E958D473305AD
:1072E000F502930700049384C18739051375F50FE0
:1072F0003375F50A994728A03305F50213050524CF
:107300003345050897A0FE1FE780807888C03DC5FB
:107310003020994781453306F6021306062497A0CC
:10732000FE1FE780A0AB9C403820938401879387A1
:1073300007249CC0B347F72023ACF186EFF03FBF92
:1073400015261C30944017B6FE1F1306269633C729
:10735000D72010C3138717001377F70F17B6FE1F38
:107360001306A68E3347D72010C31387370089072B
:1073700018B093F7F70FB3C7D72090C3B240224499
:1073800092444101828097D6FE1F9386666A2A87BF
:10739000BC228832637BF5001306150083A70187A2
:1073A00090B2B347F52098C382801305F00F828016
:1073B0001C41FDC7370700F07D8FB70600208947C5
:1073C0006311D70E5A21411122C406C62A8461C70F
:1073D00019469305F00F690597A0FE1FE78040ABA3
:1073E00005478D476309E50A1C4491C758589947DA
:1073F0005DC3185C4DC31306C003814517D5FE1F3E
:107400001305856597A0FE1FE780409D1306C00306
:10741000A28517D5FE1F1305256497A0FE1FE780E0
:10742000209997D7FE1F93872763DA2701E7130771
:107430000010DAA7F82719E30547F8A79A2B19E3F4
:107440006D479AABF83719E31547F8B7B82B19E32E
:107450000547B8ABB83B19E3F837B8BBD83B11C701
:10746000937637000983F4ABF8BBD82B19E3554763
:10747000D8AB182C01E71307C00398AF9C5791C7EE
:10748000829797D7FE1F2399A75AFD57A388F18C9F
:10749000EFF0BFDE8147B24022443E854101828049
:1074A00089473E85828079714ECE97D9FE1F938998
:1074B000A95F83A7090006D622D426D24AD052CC8F
:1074C000829713090064B335250303D6C9008146AA
:1074D00017DAFE1F130ACA5532C633052503EF30EB
:1074E000902B83248A012A840145638684023246D4
:1074F0003305944063EF840003A589008146B335CA
:10750000A9023305A902EF301029B307954033854E
:107510008700232C8A00B250225492540259F24917
:10752000624A4561828041114AC017D9FE1F130982
:10753000A9528327890206C622C426C28DCF82970C
:1075400097D4FE1F9384C44E9E242A848DC733F79C
:10755000A70A33470708B3D7A70AB3C70708B30773
:10756000F74051476359F7008327C90291C38297B7
:10757000EF20F00282A4B240224492440249410129
:107580008280011122CC23A0018817D4FE1F13048E
:10759000A44C5C5406CEAA8581C72AC68297B24500
:1075A000C9C59C410545B5CF9C45A5CFDE25B5CBCA
:1075B000FE25A5CB9C2981CB7C287838BA976342DD
:1075C000F506DC41B9CF1306400217D5FE1F13059F
:1075D000A54D9790FE1FE780A07D97D7FE1F93874C
:1075E000A74C984323A6E186183C19EFCA279307B6
:1075F000805737460F003305F502130606248146EF
:107600008145EF30501908BC183C9D4763E4E70002
:10761000A1471CBC17050000130525E9EFF05FC466
:107620000145F24062440561828097D7FE1F23AF77
:10763000074097D7FE1F9387274717A7FE1F1307FB
:1076400007D198C337873200FD56130727A194C787
:10765000D8C797D7FE1F23810746B7C7004023A48A
:10766000D726A5BF011122CC17D4FE1F1304C43E98
:10767000084406CE26CA4AC801E90545F2406244DC
:10768000D2444249056182805C58E5DB185C75D7BD
:107690007000854582971844B247E300F7FE4A24FC
:1076A0009305E00417D9FE1F1309893897A0FE1F20
:1076B000E780003E2320A90269D152249305F00FF0
:1076C00081449790FE1FE78060717C2403260902A5
:1076D00063C1F402328597A0FE1FE780C0470145D1
:1076E00097D7FE1F23A6073697D7FE1F23A407367A
:1076F00071B74E241844B387950289818504338578
:10770000E7001C5C08C28297C9B7C167F917631309
:10771000F500F1A1411106C6312711E15D45B240E6
:107720004101828039714ED652D45AD05ECE06DEE7
:1077300022DC26DA4AD856D22A8A2E8BB289B68B18
:107740000DE7EFF09FFC914571292A844D49854A48
:1077500019EDF2506254D254B259225A925A025B35
:10776000F24B4A854259216182803A84814A230042
:1077700034018544630A0B00DE8513051400029B67
:1077800093041500B3C404089399496063D10902B6
:10779000C14552856D25654905E533069400A685EA
:1077A0002285F9252A8909EDB104B3C4040891475B
:1077B0002C0052857C8422C66485B1232A8951D944
:1077C000E3890AF8228597A0FE1FE780C03851B7E9
:1077D000011106CE2EC6112D19C5B245F2402A213F
:1077E00005616F00F029F24049450561828017D597
:1077F000FE1F0325A52E828097D7FE1F83A7472E45
:107800008843828017D7FE1F1307472C544B9C4296
:1078100085079CC228339307F00F6307F500916535
:1078200017A3FE1F6700E3618280C1671387E7FF2C
:107830006391E50283A7418891EB494582804945E0
:10784000B240224492440249410182809C43F5D7D0
:107850008287411122C426C24AC006C6FD172A8962
:107860002E84B2846394F50283A7418889C79C4320
:1078700099C3829711C5A6854A85EFF07FF569F116
:1078800023842189A384918801455DBF2E8597A01B
:10789000FE1FE780A06D45D51C210D45E39227FB17
:1078A00022852244B2400249A685924441016F00DC
:1078B000301D7547AA876365B70211470145637894
:1078C000B702ED1593F5F50F61476361B70297664F
:1078D00000009386E6DDB3C5D52098413697028730
:1078E00093F5F50713072005638AE50001458280BB
:1078F000C84782808843828088478280C8438280CC
:10790000797122D44AD0AE8706D6BA8526D24ECE19
:107910007547328436896364F7042147636CF70046
:1079200015476388E7021947638CE708C167FD17AD
:1079300085441DA037061400DD1713060620B31773
:10794000F0287D8E41EE19677D8F3DE793F7171084
:10795000F1DFC167FD1789446316F40221A813F70C
:10796000F70793062005E313D7FC41677D17631DD6
:10797000E6048D442EC6EFF05FD9B245330495403E
:10798000334404083385840033450508A12CAA87B5
:10799000B3C9040821C963040900231089002254D3
:1079A000B25092540259B3053041F2493E854561C7
:1079B00017A3FE1F67006326C167FD17954469BFC3
:1079C000C167FD179D4449BF1307200D8D44E39BFC
:1079D000E7FA1304C600334404086DB7C167FD1706
:1079E0008D449DBFB250225492540259F2494561D0
:1079F0008280411106C6EFF0DFEB19C5B2404101AC
:107A000017A3FE1F67002315B2404101828017D7DC
:107A1000FE1F03473711814763E4E7000145828079
:107A20009221938645006314A6002E8582808507E7
:107A3000B685DDB717D7FE1F0347D70E8147FD5622
:107A400063E3E700828016A1230105008507110585
:107A5000C5BF411106C6EFF09FFB09C52821B24002
:107A6000410182800145E5BFAA8703A5018911E193
:107A7000828018453A276314F70011058280084177
:107A8000FDB7411106C6EFF03FFE09C52821B240FF
:107A9000410182804145E5BF41111386018922C41D
:107AA0000042AA8606C62E8501471DCC1C44AE277F
:107AB0001C406396D5021DC71CC301C9214693050E
:107AC00044009790FE1FE780A02E228597A0FE1FFE
:107AD000E78060080145B24022444101828022874C
:107AE0003E84E1B71CC2D1BF0545F5B701119386AD
:107AF000418926CAAA84884222CC06CE2E84014718
:107B00000DCD52211C416315960215C71CC397A0C9
:107B1000FE1FE78040042C002685EFF0FFF701E50B
:107B200019C0B2471CC0F2406244D2440561828051
:107B30002A873E85F1B79CC2D9BF0545EDB703C77B
:107B4000B189854763F6E706011122CC26CA4AC8E7
:107B500006CE2A84AE84328997A0FE1FE780603A61
:107B600011C538219307E00F6306F704631B090072
:107B700022856244F2404249A685D24405616F20C5
:107B8000F06A8A209305E1002317010097A0FE1FE9
:107B9000E78060392887EFF0DFEEAA850546228569
:107BA000DD2279D5F2406244D244424905618280A7
:107BB000594582805D45FDB741677D176315E50036
:107BC0002E856FF03FE7411106C6EFF05FE409C56F
:107BD000FD571EA123010500B2404101828003D55B
:107BE00081898280956541111905938535C006C646
:107BF0003345050897A0FE1FE78080E901C9B24020
:107C0000E955410117A3FE1F67002301B24041015E
:107C100082809A21B14771173307F70297D7FE1F69
:107C20009387C7ECBA97D84301EBD841AAA701457F
:107C3000D8C3BA219AA7828059458280BE21C5CF78
:107C4000011126CA06CE22CC03D78189AA846D45AC
:107C5000636EF7082E844840914597A0FE1FE78089
:107C6000C0FB3E20AA861CA13E20A1831CB11E2081
:107C70003CA11E20A1833CB13220C167F917110637
:107C800033460608639DF4022AC4314532C69790F4
:107C9000FE1FE780C002AA854D45A9C9930700F9D8
:107CA0003246A2469CA1F957BEA18947DCA1F2A1A8
:107CB00094C503C5C189EFF0AF9D014505A8814575
:107CC0002685C92301E91387B1891C23FDD7FD1738
:107CD0001CA3E5B789476302F5029D476301F502DE
:107CE000C9476300F502FD47E30FF5FCF24062442B
:107CF000D244056182806D4582805145C5BF1145E2
:107D0000F5B70945E5B79E210D47F117B3C7070839
:107D1000636FF704DC41411122C406C626C22E84DB
:107D2000A9CB8545AA84212A39C92685E528C167BA
:107D3000F917638DF40019E93E2089CB1620194705
:107D40006391E60403D7818963FDE70283C7B189A4
:107D5000A285268599C72244B240924441016FF022
:107D6000FFED2244B240924441016FF09FEA094581
:107D700082800945B24022449244410182805145AB
:107D8000D5BF6D45C5BF411122C426C24AC006C633
:107D90002A892E84B28497A0FE1FE780201D09ED5A
:107DA000C167F91751456313F9000145B2402244F8
:107DB000924402494101828054555C2195C213F7D7
:107DC00027014146630BC700C18B3D45E5D3BC2E5F
:107DD0000145E3FD87FC3145D1BF1545F5D4F9B721
:107DE000C18B0145E1F71545D1B74166AA8697D504
:107DF000FE1F83C525D303A7018A81477D1663949F
:107E0000F50001458280035827003A856306C800C3
:107E100003480700E308D8FE850793F7F70F130719
:107E2000C703F1BF411106C697A0FE1FE7800014EB
:107E300009C54A29B240410182800145E5BFC167B9
:107E4000F9176305F502411122C406C62E8497A0D6
:107E5000FE1FE780A011AA87014589C7DC237D8C1E
:107E600033358000B2402244410182800545828042
:107E70005D714EDE86C6A2C4A6C2CAC052DC56DA06
:107E80005AD85ED689494DC93289894955C6138B5E
:107E900045002A8AAE8A334B0B08930530055A8574
:107EA00097A0FE1FE780C0BE2A84CD4951C5EFF0E0
:107EB000BF94AA845686D28593DA840013DA04012B
:107EC00093FBF40F1305440093FAFA0F137AFA0F99
:107ED000E1809790FE1FE78040F8A3017401230121
:107EE0005401A300440104A0EFF07F90AA8541460D
:107EF00008089790FE1FE78040F6214734005A8615
:107F0000A28508084D22AA891DE121462C002300E4
:107F10007901A300590123014901A3019900130527
:107F200049009790FE1FE78040F3EFF0BF8D228558
:107F300097A0FE1FE78020C2B6402644964406491B
:107F4000625AD25A425BB25B4E85F25961618280BD
:107F50008147C1463307F500B388F500182383C86D
:107F600008003308F6008507334717012300E800AF
:107F7000E392D7FE82803D4781477D583306E50076
:107F80001422B388E5007D178606D58F2380F8007C
:107F90001C229D83E31407FF82800147C14693772B
:107FA000F70F63FDC700B307E5009C233388E500A6
:107FB0002300F8000507E314D7FE8280918F93B762
:107FC00017009E07E5B701114AC84EC62E89AA8937
:107FD00093053005414506CE22CC26CA52C4328ACA
:107FE00097A0FE1FE780C0AA2A849305300541456B
:107FF00097A0FE1FE780C0A9AA845DC059C1414671
:1080000081459790FE1FE78060DD4E852286A6851C
:10801000EF10F040AA8929E18307040063D907041F
:10802000A6852285EFF03FF54A8697550000938597
:10803000656E2685EFF0DFF18307090063DE070236
:10804000A6854A85EFF03FF3528697550000938549
:10805000656C2685EFF0DFEF228597A0FE1FE78095
:1080600080AF268597A0FE1FE780E0AE0DA0CA85F1
:108070002285EFF05FF0C9B7D2854A85EFF0BFEFF8
:10808000E1BF228597A0FE1FE780E0ACCD49F2401A
:108090006244D2444249224A4E85B24905618280F7
:1080A00075D5CD497DBF39715ECE62CCAA8B2E8C41
:1080B00041459305300506DE4ED652D45AD066CAE5
:1080C0006AC8B289B68C3A8D22DC26DA4AD856D2F2
:1080D00097A0FE1FE780C09B2A8A93053005414583
:1080E00097A0FE1FE780C09A2A8B63040A1415E547
:1080F000528597A0FE1FE78000A64D44F2502285CE
:108100006254D2544259B259225A925A025BF24BEB
:10811000624CD24C424D216182802A86D2855E8596
:10812000EFF07FEA2A8401CD528597A0FE1FE780F9
:1081300080A25A8597A0FE1FE780E0A1C1B79305F2
:108140003005414597A0FE1FE7808094AA849305DF
:108150003005414597A0FE1FE7808093AA8AF9C4A5
:1081600009ED268597A0FE1FE780E09E528597A027
:10817000FE1FE780409E4D446DBF1389F9001359DF
:10818000494013F6F900630509047D1933490908CC
:1081900029E2131549005686D2856295EFF05FDB20
:1081A0004146814526859790FE1FE78020C381497F
:1081B000B3C7090863F827051DC4268597A0FE1FCD
:1081C000E7806099568597A0FE1FE780C098A9BFF9
:1081D0000149131549008A856295EFF01FDC568628
:1081E000DA850A8565BF939549000A86E29526855A
:1081F000EFF01FD626868A855E85EF1050222A84EE
:1082000085097DB75DF80A86D6852685EFF05FD4AF
:1082100026868A855E85EF1090202A846A86A68548
:1082200066859790FE1FE780A0B841BF21D14D44DD
:1082300051BFE30405EC81B7411126C2AA84194558
:1082400022C406C62E849790FE1FE78040A705C56E
:108250008567938717F91EA1854724A13CB142A1E8
:108260002244B2409244AA8517D5FE1F0345058BD0
:1082700041016FE0FFC1B24022449244410182803B
:108280006F20E05A6F20E06017D8FE1F1308C889DE
:108290000345180003A7C18C83A6C18A1375F5078F
:1082A000D1C5904283274800137606F8498E90C2C4
:1082B00013F6150001CA93F5050341466385C5060B
:1082C000938787C14165130505A0B3D5A702505711
:1082D000B70810FEFD181366260050D7704333769A
:1082E0001601B3F7A702FD89D2054D8E70C31306A0
:1082F000A00FB705FCFFAA07B3D7C70270436D8E66
:10830000BA07B983D18F7CC383470800898B99CB87
:1083100098429C421377F7071367070493F707F80F
:10832000D98F9CC282809387078369BF5C57F59B76
:108330005CD79C4293F707F8C98F9CC2F1B74111F3
:1083400006C697D7FE1F2388078097A0FE1FE780E9
:10835000A0D1B24001454101828017D7FE1F13070B
:10836000E7A35C47411106C6858B8DC7EFF03FFD43
:1083700097D7FE1F23AA07A297D7FE1F23A807A2FD
:1083800097C7FE1F83A7477B014681450545B2403D
:108390004101828783A7C18BFC5399EFEFF03FFA2D
:1083A00097D7FE1F23A407A097C7FE1F83A7C778F0
:1083B000014681454545E1BF584F8D476315F7009C
:1083C00085472382F186B24041018280411126C255
:1083D00097D4FE1F9384849C9C444AC006C622C442
:1083E000858B1389C18BF9CF97D7FE1F23AC079AD2
:1083F00003A7C18C5C5717C4FE1F1304E472082046
:1084000093D71748A9CB504093760503C1459307EE
:1084100086C16394B60093070683C165938505A062
:1084200033D6B7027443370810FE7D18B3F6060141
:10843000B3F7B7027D8A5206D18E74C39306A00F9C
:108440003706FCFFAA07B3D7D7027443F18EBA07E9
:10845000B983D58F7CC34C2C118501460D8997902B
:10846000FE1FE7804056170500001305C5099790C9
:10847000FE1FE78040D083270900D4471397164991
:10848000D8C70F100000832709003707020098C7DC
:108490001307000898C803A7C18A184313577748E1
:1084A00019CF1307E018F8D3D4C71C4801468145FB
:1084B00005452244B2409244024941018287130794
:1084C000E01AD5B783270900FC5399EFEFF03FE797
:1084D00097D7FE1F23AC078C97C7FE1F83A7C765DE
:1084E000014681454545F1B7D84C8D476315F700E6
:1084F00085472382F186B2402244924402494101D9
:108500008280011122CC17D4FE1F130424895C44FD
:1085100006CE26CA858BD9C7EFF07FE2485C97D795
:10852000FE1F23A307889305F100014697D7FE1F7E
:1085300023AE07869790FE1FE780001B97C4FE1F9F
:10854000938484609315456099ED5C5C9306F00F0D
:108550009823630AD7009C306387D700998FB3377D
:10856000F0009395170097C7FE1F9387E75B03877B
:10857000070063450700585C948714A39C4B505C2C
:1085800093F5F50F09458297DC24898B99C78828D4
:10859000854597A0FE1FE780C08AF2406244D2441E
:1085A0000561828083A7C18BFC539DE3EFF03FD927
:1085B0006244F240D24497C7FE1F23A9077E97C7A3
:1085C000FE1F83A76757014681454945056182879C
:1085D000584C8D47E313F7FC85472382F18675BF1E
:1085E000797126D24AD05AC806D622D44ECE52CC61
:1085F00056CA5EC6930700082A8BAE843289631779
:10860000F602BD4917C4FE1F130404529790FE1FC3
:10861000E780E0DBE3FCA9FE3C2C9607C117E3E70B
:10862000A7FE83A7C18B13078007F8D3938AC18A5B
:1086300003A40A0017CAFE1F130A0A4F81455C549F
:108640009389C18BF19B93E717005CD403451A0013
:10865000EFF09FC31C409386C18C3706330093F71D
:10866000F7CF1CC01C4093F7F7CF93E707201CC03F
:108670009C429847518F03A6090098C7370703000B
:108680001307872538CA03278A0018C40327CA009E
:1086900058C0D8431377F7EFD8C3010001009842C0
:1086A00017C4FE1F1304444A97CBFE1F938B0B6F16
:1086B0005C4393E707105CC303A709005C4393E79F
:1086C00017005CC37C24054793E727007CA493072D
:1086D000F9FF93F7F70F6362F70C03A58B03268668
:1086E000DA852300250104B109059780FE1FE78084
:1086F000206C03A78B0383A70900B8DF17C7FE1FF1
:108700002322076A17C7FE1F2320076A17C7FE1F09
:10871000232E07680D4723AEEB0013070008631BE9
:10872000E908F8537DFF83A7C18682971844636CDC
:10873000E506198D03A78B030D81B707800093878A
:10874000F72F62055D8D08C303450A00A6851185D4
:108750000D899790FE1FE780000383A70A009843C6
:108760001317772998C3D857719BD8D797C7FE1F7F
:1087700023A0076497C7FE1F23A4076283A70900ED
:10878000094798C3B250225492540259F249624A9E
:10879000D24A424BB24B4561828093070008E31AEC
:1087A000F9F48944B9B797C7FE1F83A76730998F3B
:1087B0003E9549B703450A00A68511850D89979016
:1087C000FE1FE78040FC83A70A0017150000130571
:1087D000C5F198431317772998C3D857719BD8D7F9
:1087E0009790FE1FE780209997C7FE1F23840736C6
:1087F00097C7FE1F23AE075A97C7FE1F23A2075A2B
:1088000083A70900094798C35C24FDDFA5BF1C4965
:10881000638B0712411126C206C622C41C21AA84FA
:1088200093F7070481C75C410945CDCF13060002C9
:10883000814517C5FE1F1305252F9780FE1FE78072
:10884000E05913060002A68517C5FE1F1305C52DA6
:108850009780FE1FE780C05517C4FE1F1304C42C69
:108860001C3C81E7930780021CBC3C2C99E3A14788
:108870003CAC3C3C99E3C5473CBC5C2C99E3ED57D0
:108880005CAC5C3C99E3ED575CBC9C2093F707041F
:1088900099CB5C4037B724001307F7E96369F70405
:1088A000930750021CB097C4FE1F9384E429C8406C
:1088B00009C59790FE1FE780002A97C7FE1F23A7D0
:1088C00007281C20858B91CB483C93059004090513
:1088D0009790FE1FE780C01BC8C01C300145FCB448
:1088E0001C44DCC8B24022449244410182803707D4
:1088F00025009306F74863EDF6003767DBFF1307A3
:108900000793BA971307007DB3D7E702FD1759BF46
:10891000130707496395E7009307600261B737D7EC
:1089200025001307F777636DF7003767DBFF130741
:108930000793BA971307007DB3D7E702F9179DB7DE
:108940009307700285B705458280797126D297C456
:10895000FE1F9384641D9C4406D622D44AD04ECE7A
:1089600052CC56CA5AC85EC662C466C26AC0638028
:10897000072217CAFE1F130A6A420327CA01954736
:108980002A8C09456307F71C0D452E84B28BB68CE3
:108990009790FE1FE780E07497C7FE1F83C7871B71
:1089A000898B97C9FE1F9389291A95C33D499790D2
:1089B000FE1FE780C0A1E37CA9FEBC2C9607C1176F
:1089C000E3E7A7FE83A7C18B13078007F8D3138BB8
:1089D000C18A03290B008327C902F19B93E7170083
:1089E0002326F90283C7C90003CD0400898B89E7D8
:1089F00093770D04639D071688308145EFF0DF887B
:108A0000832709001386C18CB706330093F7F7CF8D
:108A10002320F90083270900938AC18B137D1D0051
:108A200093F7F7CF93E707202320F90018421C475C
:108A3000D58F83A60A001CC7B70703009387872535
:108A4000BCCA9C442324F900DC442322F900DC4204
:108A5000F99BB3E7A701DCC25C4393F7F7EF5CC374
:108A60000100010018425C4393E707105CC383C711
:108A7000E90023807901A380990193E727002387E8
:108A8000F90063090C0E03258A032286E285230080
:108A9000750100B109059780FE1FE78060318327CB
:108AA0008A0303A70A003CDF97C7FE1F23AC072EEB
:108AB00097C7FE1F23AA072E97C7FE1F23A8072EBE
:108AC0008D47232EFA0083C7C900898B95C77C5335
:108AD000FDFF83A7C186829703A789006362E50A29
:108AE000198D83278A0309041374F40F80B30D8151
:108AF000A2972380070088B38820A28511850D895D
:108B00009790FE1FE78020C89C20170500001305E2
:108B1000258C858B89E71705000013054584978010
:108B2000FE1FE780406583270B000145984313171C
:108B3000772998C3D857719BD8D797C7FE1F23A909
:108B4000072697C7FE1F23AD072483A70A000947FE
:108B500098C3B250225492540259F249624AD24AFE
:108B6000424BB24B224C924C024D45618280C84030
:108B7000894569B583278A03014423A0770105B796
:108B800097C7FE1F83A7C7F2998F3E9599BF0545EA
:108B9000C9B77971B7E700E026D2844337072000D0
:108BA00006D622D44AD04ECE52CC56CA5AC85EC639
:108BB00062C466C26AC0F98C23A0E7180F100000D7
:108BC00017C4FE1F130444F6184415E323A097109E
:108BD0000545B250225492540259F249624AD24A8F
:108BE000424BB24B224C924C024D4561828017C7DA
:108BF000FE1F0327A70109C723A097100945D1BF6E
:108C00001C20328BB68A858BADC317C9FE1F130992
:108C1000A9F3832749002A8AAE8999EB483C93053A
:108C2000900409059790FE1FE78080E62322A900A3
:108C30008327490099E7B7E700E023A097100D4587
:108C400049BF0347290098A383274900630D0A04FD
:108C5000638B0904A3803701032549004E86D28522
:108C600009059780FE1FE780A01497C9FE1F93890E
:108C7000E91203A7C9019547630AF70083C70902F0
:108C800019476385E7000D476392E70283C719021E
:108C900089E7930780102390F902B7E700E023A04B
:108CA000971001453DB7A3800700C1B7138AC18B58
:108CB00083270A0098430D8B1DC323820186B84B7E
:108CC0001377F78FB8CB98431367870098C39C43FB
:108CD00093D7374889C70100010001000100832CA8
:108CE0000A00B7070200834B040023A20C0623A44A
:108CF000FC0097C7FE1F23AB070A97C7FE1F83C759
:108D000067E5918B17C9FE1F130909E489E793F7FB
:108D10000B04639A071008308145EFF0EFD6138DEE
:108D2000C18A03270D00138CC18CB70633001C4386
:108D300013D54B40014693F7F7CF1CC31C430D8955
:108D400093F7F7CF93E707201CC303270C001C47BA
:108D5000D58F1CC74C2CB70703009387871523A812
:108D6000FC049790FE1FE78000C683270D0018447F
:108D7000142098C75844858AD8C303270A005C4347
:108D8000F99BD58F5CC3832749003CDF03270C0088
:108D90005C4393F7F7EF5CC30100010003270C006D
:108DA0005C4393E707105CC38347E900A3016901B3
:108DB0002301590193E747002307F90093070004B3
:108DC00023A0F90097C7FE1F23A207FEA14723AEE9
:108DD000F90097C7FE1F83A7A7CA81CB03450901E6
:108DE00013060064C145EFE0AFA183270A00170511
:108DF000000013058529DC43858B89E717050000F2
:108E0000130565039780FE1FE780E03697C7FE1FB6
:108E100023A007FA97C7FE1F23A407F883270A0099
:108E2000054798C39DBD93F50B03484093E5150096
:108E3000EDB5797122D417C4FE1F130424F65C40EB
:108E400006D626D24AD04ECE858B6387071E97C79B
:108E5000FE1F23A707F48329C403A3070100EFF033
:108E60000FCE97C7FE1F83C7E7CE918B97C4FE1F17
:108E7000938484CD17C9FE1F130909CB6384071699
:108E800083C71900CE979823930700086318F7004B
:108E90008347090093E787002300F9005C580D47DA
:108EA0006377F70EF1175CD85C58984463E7E70ED8
:108EB0003387E74083C71900D424CE979C33939619
:108EC00046608E0763DA060E63FFE70C1D8F93067C
:108ED000000263E8E6005858636AF70CB307F740EE
:108EE0009CC4882889459790FE1FE78080F58345BC
:108EF000090093F78500F5C383A6C18B9307800C07
:108F0000FCD21C5C1307F00F3706330098C397C7D9
:108F1000FE1F23A907E897C7FE1F23A707E897C7E7
:108F2000FE1F23A507E897C7FE1F23A307E803A793
:108F3000C18A1C4391858D8993F7F7CF1CC31C43CD
:108F4000014593F7F7CF93E707201CC303A7C18C14
:108F50001C47D18F1CC7B707030093878725BCCA5E
:108F600005469790FE1FE780A08C83470900B42038
:108F7000B030DD9B814501452300F900EFF07FC152
:108F8000B250225492540259F2494561828017C767
:108F9000FE1F0327E7B1BA9731B797C6FE1F83A616
:108FA00026B1B69731B73387E74015B797C6FE1F8E
:108FB00083A606B036971DB75858636AF700B30703
:108FC000F7409CC4DC2493E70708DCA419BF97C6CC
:108FD000FE1F83A6E6AD3697DDB783C71900F917E4
:108FE000A380F900485C01469305F1009780FE1FBD
:108FF000E780806F5C5C9306F00F98236303D702D1
:10900000BC306380D702630EF7009365250093950B
:10901000456083270901505C93F5F50F0D45829754
:1090200085B78307090093154560E3C407FEF5F192
:109030009C872380F900F1BF83A7C18BFC5385EF88
:10904000EFF0EFAF97C7FE1F83A707A489C7854539
:10905000130510088297225497C7FE1F9387C7AE47
:10906000B25092540259F249B423B03381450145BC
:1090700045616FF01FB2584CA147E313F7F08547E5
:109080002382F186F5BD797126D297C4FE1F9384A1
:10909000E4D09C4006D622D44AD04ECE52CC858B0A
:1090A0006383072083A9C40301469305F1004E851D
:1090B000A307010097C7FE1F23A207CE9780FE1FBC
:1090C000E780806217C4FE1F130404A817C9FE1F9F
:1090D000130989A5131A4560631F0A123C309306D1
:1090E000F00F6389D700D85C18236305D700094ABD
:1090F0006313F7128307090063C507009C87238069
:10910000F9005C24918BADCFDC580D476373F714E5
:10911000F117DCD8DC58184463E3E7143387E740E1
:1091200083C719005424CE979C33939646608E07CC
:1091300063D6061463FBE7121D8F9306000263E8F3
:10914000E600D8586366F712B307F7401CC4082836
:1091500089459790FE1FE780C0CE83C719003387EB
:10916000F900142313070008639BE6129C5C1307A5
:10917000F00F98C38347090093E787002300F900A5
:1091800003A7C18C5C5793D71748A1C38327490015
:10919000C165938505A033D6B7027443370510FE29
:1091A0007D15E98EB3F7B7027D8A5206D18E74C35E
:1091B0009306A00F3706FCFFAA07B3D7D702744364
:1091C000F18EBA07B983D58F7CC35C400345090093
:1091D0008C3311850D899780FE1FE780C05A1705D3
:1091E0000000130525129780FE1FE780C0F883A7B3
:1091F000C18A98431317772998C3D857719BD8D73A
:1092000083470900A18B9DEB83270901D05C814531
:109210000D45829725A09790FE1FE780E0E4D05C83
:10922000832709010D459375FA0F82974840342032
:10923000303009CD0C310905EFF0BF95B250225402
:1092400092540259F249624A456182808145014542
:10925000E5B717C7FE1F0327A785BA9755BD97C661
:10926000FE1F83A6E684B69755BD3387E740F1B568
:1092700097C6FE1F83A6C6833697F9B5D858636A8A
:10928000F700B307F7401CC45C2493E707085CA40D
:109290007DBD97C6FE1F83A6A6813697DDB7F91759
:1092A000A380F900F1BD83A7C18BFC53B1E3EFF0BC
:1092B0000F8997B7FE1F83A7277D89C789451305A7
:1092C0001008829797C7FE1F93870788C843B0335B
:1092D000B42301CD0C3109052254B25092540259E5
:1092E000F249624A45616FF0DF8A81450145EDB779
:1092F000D84CA147E314F7F485472382F1863DBF9C
:10930000411197C7FE1F83A7A7A906C622C4858B54
:1093100095C797C7FE1F23A507A817C4FE1F1304F0
:10932000A480EFF0CF811C20A18B8DEF1C4801465B
:10933000814511452244B2404101828783A7C18BF8
:10934000FC53B9E797C7FE1F23A207A617B4FE1F59
:109350001304847D1C20A18B91E71C4801468145A4
:109360005145C9BF97B7FE1F9387077EC843B033E7
:10937000B42301CD0C310905EFF0BF811C20DD9B2A
:109380001CA0B24022444101828081450145EDB7D5
:1093900085472382F186F5B74111B7E700E022C483
:1093A00080433707200006C626C2798C23A0E71821
:1093B0000F10000097B4FE1F93840479C84097B73C
:1093C000FE1F238A077809C59780FE1FE780A078D3
:1093D00097B7FE1F23AC077697C7FE1F9387079C9E
:1093E00003C7170211CB83C6070221476396E60025
:1093F00017C7FE1FA304079CD44F19476386E600D6
:10940000D44F1D476398E600D84F2380E7020547F5
:10941000A380E7029790FE1FE78000C58828C1451A
:1094200023820186EFD09FD2B7E700E0B24023A0AD
:10943000871022449244014541018280411106C6B1
:1094400022C426C217B4FE1F13040470EFF0DFF429
:109450007C3497B4FE1F9384246D08289CB05C482C
:10946000A1459CC4EFD09FCE08289145EFD01FCED8
:109470005C24898B8DC79C480146814513052002D9
:1094800082972244B240924497B7FE1F2384076C10
:109490008945014541011783FE1F6700A3CE5C2467
:1094A000918BE5D39C480146814513054002C9BF15
:1094B00097B7FE1F83C7076A898B63880712797184
:1094C00026D297C4FE1F9384648DD84C22D406D62E
:1094D0004AD04ECE52CC56CA5AC85EC68D4717B433
:1094E000FE1F1304646691456309F70A3545056A52
:1094F0009790FE1FE780E0BEA14997BAFE1F938AAE
:10950000AA62130A2AF91306000881450145EFF003
:109510002F8D1389C18B370B0200930B00089C44DD
:10952000858B85E783270900FC53F5FBFD19E39C38
:1095300009FC2254B25092540259F249624AD24A6A
:10954000424BB24B45616FF07FEF03C50A00014605
:109550009305F00F11850D8997C7FE1F23A407847B
:109560009780FE1FE780204683C50A001306F00F90
:10957000054591858D899780FE1FE780602BDC442F
:10958000858B9DCB97C7FE1F23A00782EFE03FDBB3
:109590005C24854593E707085CA408282254B25050
:1095A00092540259F249624AD24A424BB24B456147
:1095B0001793FE1F6700E388EFE07FD88327090039
:1095C000D84793161749D4C70F1000008327090006
:1095D00023A4670123A8740123A24707D8C78327C0
:1095E0000900FC53A1D30100DDBF8280411122C4D8
:1095F00006C693F715002E84A1C797B7FE1F83C731
:109600006755898B17B7FE1F1307075485C75C275B
:10961000082B130600059397476063DA070017B617
:10962000FE1F0346F6519307000A3306F6029145E2
:10963000EFD01F9D13451400B240224441018280A7
:1096400093F72500B9C397B7FE1F83C7A750918B27
:1096500017B7FE1F1307474F95C75C27082B130644
:10966000000A9397476063DC070017B6FE1F0346A6
:10967000364D9307000A3306F60213068602A1450B
:10968000EFD01F981345240045BF93F7450091C7BD
:10969000EFF01FE21345440045B793F7850081CFF3
:1096A00097B7FE1F83C7074B918B99C3EFF01FD964
:1096B0001345840051B713F505013DDDEFD0BFE63A
:1096C00017B7FE1F0327476FA147631BF700130659
:1096D0000064C14517B5FE1F03450548EFD05F92F2
:1096E0001345040191BF01114EC697B9FE1F93891E
:1096F000E96A83A7890052C406CE22CC26CA4AC88A
:10970000858B17BAFE1F130A2A44638E071697B477
:10971000FE1F938464418820014693050002118551
:109720000D8997B7FE1F23AF07669780FE1FE7805E
:1097300080298C201306F00F054591858D8997802F
:10974000FE1FE780E00E83A7C900858B638D07129B
:1097500003A5C90397B7FE1F23A8076401468145E7
:1097600097B7FE1F23A007649780FE1FE780C0F70E
:109770002A89631A051003A4C90395473820631486
:10978000F710194697B5FE1F9385A52E1305940073
:109790009770FE1FE780A06785476316F50E83A7C5
:1097A00089031947014698C38C200D4591858D8901
:1097B0009780FE1FE780C00783A78900858BE1C7DC
:1097C00097B7FE1F23A0075E83A7C1868297232435
:1097D000AA00EFF07FBC97B7FE1FA387073497B7A7
:1097E000FE1FA38907363C388146130600029CBC45
:1097F0005C28BCAC5C38BCBC1C287834A207D98F70
:10980000183842075D8F3C28E207D98F9CC47C380A
:109810007828A207D98F182C42075D8F1C3CE207DD
:10982000D98FDCC80147B3D5E74889C50509137945
:10983000F90F85460507E318C7FEB9E297B7FE1F83
:10984000A38C07303C2C9305340019469CAC17B50B
:10985000FE1F1305253189472306FA009770FE1F66
:10986000E7800055624403450A01F240D244424970
:10987000B249224A13068002914505616FD04FF824
:10988000A3082A01C1B79780FE1FE780E07DFD573E
:109890002306FA00F2406244D2444249B249224AC5
:1098A00005618280411106C622C4F52313064002D9
:1098B000814517B5FE1F130525299770FE1FE78008
:1098C000E05117B4FE1F13042428FD5717050000AC
:1098D000130505D21CC0EFD01FAB08A8B24022442C
:1098E00001454101828017B7FE1F0327672DAA8714
:1098F000085719C51A2D6305F70013058505DDBF47
:109900008280AA8717B5FE1F0325852F11E182806B
:109910001A25E30EF7FE0841D5BF97B6FE1F83C692
:10992000961417B6FE1F034626192A87938716003A
:1099300017B5FE1F0325C52D19C293971600920770
:10994000C166AA97FD166394A7000145828032255F
:10995000E30EE6FEE30CD6FE4105F5B7011122CC7D
:1099600017B4FE1F13048443584C26CA06CE4AC8B7
:109970004EC6954797B4FE1F83A4C4266306F7001E
:10998000584C8D47631FF7008347140281E7930704
:1099900060101EB0F2406244D2444249B2490561AF
:1099A00082805C4C1389C18B832709003707020032
:1099B000194523A2070698C797B7FE1F23A8073E9D
:1099C0009389C18A9780FE1FE780A07103A70900D1
:1099D000B7C7898E938767ED1CC7B7575500938724
:1099E00057555CC383C724021307F00F6387E70052
:1099F000A380F402FD572381F402032709000146E6
:109A00009305F00F5C43014593E717005CC3930790
:109A100010FABCA499475CCC97B7FE1F23A0073867
:109A20001384C18C9780FE1FE780E0F918405C57D3
:109A3000F59B5CD783A6090098349C421377F707FF
:109A400093F707F8D98F9CC297B7FE1F83C7C70645
:109A500099C703A5418A9770FE1FE780C07103A7CD
:109A60000900B70633001C4393F7F7CF1CC31C4310
:109A700093F7F7CF93E707201CC318401C47D58FF7
:109A80001CC703270900B7070300938787153CCB42
:109A900097B7FE1F23AE073097B7FE1F23A20730EC
:109AA00085471CC3C5BD1387818A1C4393060010DC
:109AB00094C301000100010001001C4323A0070022
:109AC000143103480500A206B3E606010348250049
:109AD00042083368D8003431E206B3E6060194D771
:109AE000543103484500A206B3E606010348650069
:109AF00042083368D8007431E206B3E60601D4D7D1
:109B0000143503488500A206B3E606010348A50004
:109B100042083368D8003435E206B3E6060194DB28
:109B200054350348C500A206B3E606010348E50024
:109B300042083368D8007435E206B3E60601D4DB88
:109B400094318821A206C98EA8214205558DB431D1
:109B5000E206C98E94CFD431C821A206C98EE8216D
:109B60004205558DF431E206C98ED4CF882594354F
:109B7000A206C98EA8254205558DB435E206C98EC8
:109B800094D3D435C825A206C98EE8254205558D43
:109B9000F435E206C98ED4D3D443F59AD4C3D44362
:109BA00093E61600D4C3944393E6160094C314437B
:109BB000DC42858BBDE39C4E01451CA21C439C4F9F
:109BC000A1831CB21C439C4FC1833CA21C439C4FED
:109BD000E1833CB21C43D84F58A2D84F218358B2DE
:109BE000D84F418378A2D84F618378B2985318A692
:109BF0009853218318B69853418338A698536183AC
:109C000038B6D85358A6D853218358B6D853418371
:109C100078A6DC53E1837CB68280010049BF011144
:109C200022CC2A84354506CE2EC632C49780FE1F2C
:109C3000E780204B03A7C18B3C4B228593E70708A5
:109C40003CCB2246B245EFF01FE6F24062440145AC
:109C50000561828083A7C18A9843370600827D16FA
:109C60001317772998C31307F03F98DF13070005F0
:109C7000D8DBD8571317F729D8D7D45717B7FE1FF3
:109C80000347C7DE931547601377F703F18E660726
:109C9000558FD8D79306A00303A7C18C63DFB60204
:109CA000744F37060007D18E74CF370702001307B1
:109CB000C720D8DF984B137707FC1367E70098CBD2
:109CC00037E700E0D147A309F7049787FE1F938782
:109CD000078C93E717007CD782809306200263DA13
:109CE000B600744F370600F97D16F18E3706000571
:109CF0005DBF370600F9E9467D1663D7B600744F9D
:109D0000F18E3706000345B7744FF18E939686297E
:109D100061BF411122C406C617B4FE1F1304040814
:109D200003470402A1476318F70217B7FE1F034752
:109D3000A7DF97B7FE1F938727E1058BB033B423C6
:109D400021CBC84331C50C310905EFE09FE401C5C3
:109D50008547A300F402034704029947631AF700FA
:109D600097B7FE1F83A707E8BC3795C7EFF01FBF63
:109D7000034704029D476310F70297B7FE1F83A7AE
:109D8000A7E7FC3389CB2244B24041016F00504D1C
:109D9000814501455DBFB24022444101828097B7B1
:109DA000FE1F9387A7FFD44F11476385E60E83C735
:109DB00037026391070EB7C7004003A7818A9387D4
:109DC00007306319F70C011122CC37E400E026CAF2
:109DD000044006CE4AC84EC652C456C2B707200039
:109DE000FD8C2320F4180F10000035459780FE1FCE
:109DF000E780202F938AC18A1522A522EFF09FE5E4
:109E000083A70A00138AC18CB7063300984393894D
:109E1000C18B370903001367070898C3984313776A
:109E2000F7CF98C398431377F7CF1367072098C3EA
:109E300003270A001C47D58F1CC783A709001307F7
:109E40008955B8CBAD24EF00B01D7522352403A78A
:109E50000A001C4393F7F7CF93E707101CC3832630
:109E60000A003707CEFF7D179C46F240224AF98F41
:109E70009CC683A70900924AB24923A8270597B731
:109E8000FE1F23AB07F2232094106244D2444249C0
:109E9000056182808280B7C700401387073023A402
:109EA000E18A13870720411123AEE18A93870710C7
:109EB00037D7004022C406C617B4FE1F130404EEB1
:109EC00023A6E18C23A6F18A85475CCC97B7FE1FB9
:109ED0009387C7DB5CDC97B7FE1F83A7E7B71CDC63
:109EE0009777FE1F9387076B23ACF18AEFF03FEB68
:109EF000B7E700E0A301040203C75741136707084F
:109F0000A38AE740B24022443707100023A0E7109D
:109F10003707200023A0E7104101828083A7C18B6F
:109F20001307C008D8CB93066007D4CFD8D3130645
:109F3000E006D0D7D8DBD0DFF8C3F4C7D843059B01
:109F4000D8C30547FAA323AA070417B7FE1F0327A0
:109F5000A7E8F8DF7D5798C737071F003D07D8C728
:109F6000828083A7C18C1307004898D7D85FB706B3
:109F700000F9FD16758F13179729D8DFD85F9D66F6
:109F80003706FDFF0E070D831317E729D8DF985B0F
:109F90007D161367077098DB985B558F98DB985B8D
:109FA000B7060700558F98DB985BB7060090FD1643
:109FB000758F1317C72998DBB4473707F9FF7D174B
:109FC000F98EB4C7F447E19AF4C7F44793F6F6F86C
:109FD000F4C7F447F18EF4C7F44F758FF8CFF84FFC
:109FE000B70690FFFD16758FF8CF93074006010066
:109FF000FD17F5FF82801387C18C1C43B44B9396E9
:10A000000649B4CB94479396562994C7D44793E610
:10A010000601D4C7D447BD9AD4C70100010001008E
:10A0200001001C43D44793E60601D4C7D44393965A
:10A03000C628D4C303A6C18B9306400674D27452BB
:10A0400091C683A6C70993D68648F5DA01000100B8
:10A05000010001001C4313870708544FB84BFD8AC9
:10A0600013170729B8CBB84B019B558FB8CB98472E
:10A070001317574998C7828083A7C18CB44F417783
:10A080007D17F98EB4CF94479396062994C7D44789
:10A0900093F6F6EFD4C7D443758FD8C3D847136768
:10A0A0000710D8C7D84313170729D8C3828039713E
:10A0B00022DC4ED652D406DE26DA4AD856D25AD000
:10A0C0005ECE62CC66CA6AC86EC603A4C18C5C4010
:10A0D0009389B18C138A918C93F7F7EF5CC01C5471
:10A0E0009397C7481CD45C54BD9B5CD41C44939785
:10A0F00017291CC45C4093E707015CC0B7573412B2
:10A1000003A7018C938787676309F7705C40017927
:10A110001309F90FF99B5CC01C5C3167130707F04A
:10A12000B3F72701D98F1CDC5C409304040893E744
:10A1300017005CC09780FE1FE780E0929C4893F771
:10A14000F7032380F900DC48A98393F7F7072385F9
:10A15000F18C5C403D6713070780F99B5CC01C5C79
:10A16000B3F72701D98F1CDC5C4093E717005CC074
:10A170009780FE1FE780208F9C4893F7F703A38307
:10A18000F18CDC48A98393F7F7072383F18C5C40BB
:10A19000356713070740F99B5CC01C5CB3F72701C8
:10A1A000D98F1CDC5C4093E717005CC09780FE1FD2
:10A1B000E780608B9C4893F7F7032300FA00DC48A4
:10A1C000A98393F7F7072384F18C5C404167130759
:10A1D00007C0F99B5CC01C5CB3F72701D98F1CDC5E
:10A1E0005C4093E717005CC09780FE1FE780A08764
:10A1F0009C4893F7F703A382F18CDC48A98393F77B
:10A20000F7072382F18C834C0A0003C709009307E8
:10A2100060021306500233079741B307F702930613
:10A220007002930540021305300213082002130E3A
:10A230001002F94E754FFD4FF14A3306C7026D4BC0
:10A24000E94B654CD942D543DD48D14DCD44494910
:10A25000B3C7D7023D43B949294D354A3346D602E3
:10A2600092072206D18F3306B702D98F9545334620
:10A27000D6023206D18F3306A702130504083346EF
:10A28000D6024206D18F330607033346D602520662
:10A29000D18F3306C703254E3346D6026206D18FCF
:10A2A000131657003346D6027206D18F1CD13306DF
:10A2B000E703194FB307D7039D4EB3C7D702334601
:10A2C000D60292072206D18F3306F7038D4F33460D
:10A2D000D602D18F33065703B14A3346D60232062F
:10A2E000D18F330667032D4B3346D6024206D18FFA
:10A2F00033067703E14B3346D6025206D18F33063D
:10A300008703454C3346D6026206D18F3306770366
:10A310003346D6027206D18F5CD133067702B3077B
:10A3200057023346D602B3C7D70222069207D18F0F
:10A33000330617033346D602D18F3306B7033346AD
:10A34000D6023206D18F330697023346D602420632
:10A35000D18F330627033346D6025206D18F3306F8
:10A3600087033346D6026206D18F13164700334661
:10A37000D6027206D18F1CD5B30767023346F703A6
:10A38000B3C7D7022206D18F330637033346D6022E
:10A390001206D18F330657033346D6023206D18FC9
:10A3A000330667033346D6024206D18F3306A7032E
:10A3B0003346D6025206D18F3306C7033346D60240
:10A3C0006206D18F131637003346D6027206D18F3C
:10A3D0005CD5B307D70333464703B3C7D70242065A
:10A3E000D18F3346D7026206D18F3306E703334657
:10A3F000D6021206D18F3306B7023346D6022206A2
:10A40000D18F131627003346D6023206D18F13168A
:10A4100017003346D6025206D18F1CD983C7718CE0
:10A42000B387FC4033C6A70393FCFC03B3CDB7034B
:10A430003206920DB3EDCD001306800233C8C70279
:10A44000B3ED0D01214833C80703420833E80D017D
:10A45000B3CDB702F20D3368B801B38DF703B3CDB6
:10A46000CD02A20D3368B801B38DE703B3CDCD02A1
:10A47000D20D3368B801B38DD703B3CDCD02E20D51
:10A480003368B801338B6703232A05031148B38D62
:10A49000C703B38A5703338A4703B389370333C8E3
:10A4A0000703B3CDCD021208334BCB0233E80D01C5
:10A4B000B3CACA02220B336B6801334ACA02B20A1A
:10A4C000B36A5B016D4BB3C9C902420A33EA4A0160
:10A4D000F14AD20933683A01B3896702754A130316
:10A4E0004002B3C9C902E209B369380113984700B1
:10A4F0003348C802338C87037208B3E9090109485D
:10A50000232C3503F94933892703B3849702B38396
:10A510007702B3825702B3881703B38B770333C82C
:10A520000703334CCC0232083349C90233680C01AB
:10A53000654CB3C4C402120933692801B3C3C30212
:10A54000A204B364990013091002B3C2C202C20389
:10A55000B3E3740093046002B3C8C802D202B3E24A
:10A56000530093032002B3CBCB02E208B3E81201FD
:10A5700093023002F20BB3E87801E94B232E150366
:10A5800033887703B38867033348C802B3C8C80267
:10A590001208A20833681801B3888703B3C8C80239
:10A5A00033681801B3885703B3C8C802B2083368C8
:10A5B0001801B3884703B3C8C802C208336818013A
:10A5C000B3883703FD49B3C8C802D20833681801FD
:10A5D000B3883703B3C8C802E208336818019398F8
:10A5E0005700B3C8C802F2083368180123200505D4
:10A5F000338827039398C7013348C802336818018A
:10A60000B3887702B3C8C802920833681801B388C8
:10A610005702B3C8C802A20833681801B38867029A
:10A62000B3C8C802B2083368180193085002B3884F
:10A630001703B3C8C802C20833681801B388970269
:10A64000B386D702B3C8C802B3C6C602D2083368FD
:10A650001801E206B366D80074C193069002B3866F
:10A66000D70203288504137808FFB3C6C602BD8A43
:10A67000B366D80034C59306A002B386D702B3C62A
:10A68000C60230451376F6F0BD8A9206D18E34C5E7
:10A6900003C6818C03C8618C33080641B306A80346
:10A6A00003238504B308B802B3C6F602B3C8F802A0
:10A6B000A206F208B3E61601B308C803B3C8F8024D
:10A6C000B208B3E6160193183800B3C8F802C208FE
:10A6D000B3E61601B308D803B3C8F802D208B3E64C
:10A6E0001601B308E803B3C8F802E208B3E616019E
:10A6F000B798888893880880B3E61601B3E66600A9
:10A70000931828003343F80234C583C6A18C918E78
:10A710001376F6076206B3C8F8023203B3E868009E
:10A720003383F6033343E302B30FF8037203B3E852
:10A730006800060833C3E602B3CFFF025203B3E852
:10A7400068003348F802920FB3E8F8012208B3E733
:10A750000801139816003348E8026208B3E70701BE
:10A76000256813088888B3E707017CC5338FE603A3
:10A77000B387B60293952600B3C7E702334FEF02C3
:10A780009207B3C5E502220FB3E7E701B38ED60304
:10A79000CD8F93953600338EC603B386A603B3CE12
:10A7A000EE02B3C5E502B20EB3E7D701334EEE02B7
:10A7B000C205CD8FB3C6E602520EB3E7C701370715
:10A7C00000817D17E206D58F3CC95C40BD9B5CC013
:10A7D0005C40F99B5CC01C549397C7281CD45C5404
:10A7E00093E707015CD41C5C93F707FCB3EC97017B
:10A7F000232C94031C5CF98FD18F1CDCF250625423
:10A80000D2544259B259225A925A025BF24B624CCC
:10A81000D24C424DB24D2161828023A0018CE5B221
:10A8200003A7C18C5C4393E707105CC3828041118E
:10A8300006C60128930560402D2AB240014541011A
:10A84000828041119317B02806C622C4E98F95C3B0
:10A85000EFF06F89AA87094589CB942311473145C9
:10A860006395E600154798A34945B240224441014B
:10A8700082802E84EFF0EF8865D93C25C18BEDD71F
:10A880003C35230A8504B337F000E9071CA90145CC
:10A89000E9BF011126CA4AC852C406CE22CC4EC610
:10A8A0002E8A3289B684EFF0CF8571C19387018DEE
:10A8B000631D0900054798A30145F2406244D24454
:10A8C0004249B249224A05618280982385472A84F9
:10A8D0006315F7002388018C094AB7E700E083A9D4
:10A8E00007003707200023A0E718B3F9E9000F108D
:10A8F00000004165130545F5EFF02F8229C93C257D
:10A900003EA583278411A1E3232CA410232EA41099
:10A91000930710F8F9141CB5232005002316250110
:10A920002304450144C1834594020145B315B02871
:10A93000B3C505089770FE1FE780A050B7E700E099
:10A9400023A0371195BF8327C41188C3C1B797A728
:10A95000FE1F83A7671391C79565938555550545D8
:10A960008297B7E700E023A037111D45B9B7094525
:10A97000A9B76FD07F8C011106CE2AC69770FE1F33
:10A98000E780C05E01C9B245F24008214D4605612D
:10A990006FC0BFE9F24049450561828083A7C18D40
:10A9A00003A7418D01456313F7008280F62399E2E6
:10A9B000D62336959C43C5BF17A7FE1F1307C709AB
:10A9C0001C435A23411193860711E117BA978565F5
:10A9D00023AED18C23AAF18C06C69D0513563700F1
:10A9E00063F4E500130600203387C60023ACE18C36
:10A9F000611698C2D2A2239306001CC3998FE11757
:10AA00005EA323130700EFF07FF9B24097A7FE1F64
:10AA10002393A702410182809E211CA19E21A18334
:10AA20001CB1AA210905334505088280011122CCF9
:10AA30002A84C84106CEAE8601C92EC68D459770C0
:10AA4000FE1FE780801DB2462A8722856244F240BD
:10AA50006D4697050000938565FC05616FC09FCC2E
:10AA6000011126CA97A4FE1F93844433D84C22CCEC
:10AA700006CE4AC84EC6954717A4FE1F0324C41726
:10AA80006306F700D84C8D47631FF70083C7140295
:10AA900081E7930770109EB0F2406244D24442496D
:10AAA000B249056182800D459770FE1FE7806063A3
:10AAB0009389C18A03A70900B7C7898E938767ED79
:10AAC0001CC7B7575500938757555CC30347A4036A
:10AAD0009307F00F6305F700FD57230DF402138968
:10AAE000C18B032709008547A30CF4025C43014591
:10AAF000014693E717005CC3930720FB7CA09D47AA
:10AB0000DCCC9305500297A7FE1F23A90728938446
:10AB1000C18C9770FE1FE78000EB984001455C57A1
:10AB2000F59B5CD783A6090058309C421377F70742
:10AB300093F707F8D98F9CC297A7FE1F83C7C7F763
:10AB400099C303A5018E9760FE1FE780C06203A72B
:10AB50000900B70633001C4393F7F7CF1CC31C430F
:10AB600093F7F7CF93E707201CC398401C47D58F76
:10AB70001CC703270900B7070300938787153CCB41
:10AB800097A7FE1F23A6072297A7FE1F23AA072029
:10AB900085471CC311B709CE93070002918F635AF2
:10ABA000F000B357F500B395C5003315C500DD8D32
:10ABB00082800116B315C50001458280014863C833
:10ABC000050E63DB0600B337C000B306D040134860
:10ABD000F8FF9D8E3306C040B2882A872E83F9E2A3
:10ABE00063F2C512C167636CF61AB7070001B33789
:10ABF000F600B307F040E19BE107335EF6009736BD
:10AC000000009386A6B3F2969422130E0002B69724
:10AC1000B306FE40630CFE003393D500B357F50036
:10AC2000B318D60033E367003317D50013D60801F5
:10AC30003355C302B3C60808935707013373C302E1
:10AC4000B385A6024203B3E7670063FAB700C6976D
:10AC50001303F5FF63E4170163E8B7321A858D8F9C
:10AC6000B3D5C70233470708B3F7C702B386B602A6
:10AC7000C2075D8F637BD70046979387F5FF6365B7
:10AC80001701F9156363D700BE8542054D8D8145D7
:10AC900063090800B337A000B305B0409D8D3305AC
:10ACA000A040828063FED50081450145D5B7B3370A
:10ACB000A000B305B0409D8D3305A0407D5811B76D
:10ACC000C16763E4F618B7070001B3B7F600B3072E
:10ACD000F040E19BE107B3D8F600173700001307F7
:10ACE000E7A546971823130300023E97B308E340F5
:10ACF0006311E31863ECB6263335C5001345150020
:10AD0000814579B75DC2C167637AF62413330610B3
:10AD1000134313000E03B356660097370000938762
:10AD2000E7A1B6979423930700029A96B38ED74073
:10AD3000639CD708B386C540854513530601334647
:10AD4000060833D5660293570701B3F66602330E41
:10AD5000C502C206D58F63FAC701C6979306F5FFF1
:10AD600063E4170163EFC7213685B387C741B3D6C4
:10AD7000670233470708B3F767023386C602C20784
:10AD80005D8F637BC70046979387F6FF6365170166
:10AD9000F9166363C700BE864205558DD5BD93374E
:10ADA000061093C717008E0789BD814697370000AC
:10ADB0009387C798B69794230143930700029A9606
:10ADC000B38ED740E388D7F6B318D60133DED5006B
:10ADD00013D30801B3576E02B356D5003317D5010C
:10ADE00033C60808B395D501CD8E93D50601337EC1
:10ADF0006E023305F602420EB3E5C50163FBA50002
:10AE0000C695138EF7FF63EA151763F8A516F917B1
:10AE1000C695898D33D56502B3C60608B3F56502BC
:10AE2000330EA602C205CD8E63FBC601C6969305FE
:10AE3000F5FF63E0161563FEC6137915C696939564
:10AE40000701B386C641C98DEDBD93B7061093C700
:10AE500017008E07B3D8F600173700001307078EC8
:10AE600046971823130300023E97B308E340E30319
:10AE7000E3E8B35EE600B3961601B3EEDE0033D32B
:10AE8000E50013DF0E01B357E303B3951501335704
:10AE9000E5004D8F33CE0E08935607013316160189
:10AEA0003373E303B305FE024203B3E6660063FBBC
:10AEB000B600F6961383F7FF63E3D60D63F1B60C85
:10AEC000F917F6968D8EB3D5E60333470708B3F628
:10AED000E6033303BE02C206558F637B6700769795
:10AEE0009386F5FF6369D70963776708F915769745
:10AEF000C207416FCD8F9306FFFFB3F5D70013DE76
:10AF00000701F18E4182B38ED50233076740B30645
:10AF1000DE0213D30E01B385C502B6959A95330EA2
:10AF2000CE0263F3D5007A9E93D60501F296636351
:10AF3000D7026305D7003E85814599BBC166FD16E2
:10AF400033F7D5004207B3FEDE00331515017697BF
:10AF5000E373E5FE1385F7FF81451DBBB7070001CD
:10AF60006377F60293560601414345BB814505458B
:10AF700005B32E85E9B5B685A5BFF28759BD9A8779
:10AF800091B77915C697D5B37915C697C9B99356B0
:10AF90008601614359B33288AA882E87CDEA63FFC0
:10AFA000C50EC167636AF618B7070001B337F6002C
:10AFB000B307F040E19BE1073353F600972600000A
:10AFC0009386C6779A96942213030002B697B30627
:10AFD000F340630BF3003397D500B357F5003318F4
:10AFE000D6005D8FB318D500135608013355C7023C
:10AFF000B346080893D708013377C702B385A60282
:10B000004207D98F63FAB700C2971307F5FF63E4CD
:10B01000070163E8B7303A858D8F33D7C702B3C8CD
:10B020000808B3F7C702B386E602C207B3E8F80020
:10B0300063FBD800C2989307F7FF63E5080179170F
:10B0400063E3D8003E874205598D8145828063F5D0
:10B05000D500814501458280C16763E5F618B707D1
:10B060000001B3B7F600B307F040E19BE10733D826
:10B07000F600172700001307676C42971823930800
:10B0800000023E973388E8406392E81863EDB626E5
:10B090003335C500134515008145828045C6C1671B
:10B0A000637BF62413370610134717000E07B356B9
:10B0B000E6009727000093876768B6979C2393065E
:10B0C0000002BA97B38EF640639DF608B387C54079
:10B0D0008545935606013346060833D5D70213D764
:10B0E0000801B3F7D7023303C502C207D98F63FA49
:10B0F0006700C2971307F5FF63E4070163E0672267
:10B100003A85B387674033D7D702B3C80808B3F787
:10B11000D7023306C702C207B3E8F80063FBC800D2
:10B12000C2989307F7FF63E50801791763E3C80046
:10B130003E874205598D82809337061093C71700CA
:10B140008E079DBD8146972700009387275FB6979E
:10B150009C23014793060002BA97B38EF640E3871B
:10B16000F6F63318D60133D3F50093560801335E53
:10B17000D302B395D501B357F500CD8F33460808F8
:10B1800013D70701B318D5013373D302B305C60330
:10B19000420333676700637BB70042971305FEFFE6
:10B1A000636A07176378B716791E42970D8F335578
:10B1B000D702B3C707083377D7023303A602420783
:10B1C000D98F63FB6700C2971307F5FF63E007158C
:10B1D00063FE67127915C29793150E01B387674016
:10B1E000C98DE5BD93B7061093C717008E0733D8F6
:10B1F000F600172700001307675442971823930897
:10B2000000023E973388E840E382E8E8335EE600D8
:10B21000B3960601336EDE00B3D8E500935E0E01EF
:10B22000B3D7D803B39505013357E5004D8F3343AA
:10B230000E089356070133160601B3F8D803B30579
:10B24000F302C208B3E6160163FBB600F2969388D8
:10B25000F7FF63E3C60D63F1B60CF917F2968D8E16
:10B26000B3D5D60333470708B3F6D603B308B30202
:10B27000C206558F637B170172979386F5FF63694A
:10B28000C70963771709F9157297C207C16ECD8F89
:10B290009386FEFFB3F5D70013D30701F18E4182E9
:10B2A000338ED50233071741B306D30293580E01EC
:10B2B000B385C502B695C6953303C30263F3D500C3
:10B2C000769393D605019A966363D7026305D700F8
:10B2D0003E8581458280C166FD1633F7D500420761
:10B2E000337EDE00331505017297E373E5FE1385A7
:10B2F000F7FF81458280B70700016377F602935616
:10B30000060141477DB38145054582803A85E9B50F
:10B31000B685A5BF2A8E59BDC68791B77915C29744
:10B32000CDB37915C297CDB993568601614751B314
:10B3300001476314E60001458280B307E500050775
:10B34000B386E5009C2383C6F6FFE384D7FE3385EE
:10B35000D74082805D7122D406D62A842EDA32DC70
:10B3600036DEBAC0BEC2C2C4C6C603A5418111C57D
:10B370001C4D81E72AC6B52532450C455418228656
:10B3800036CEEF00F033B250225461618280AA853C
:10B3900003A5418111CD1C4D81EF011106CE2EC6B2
:10B3A0002AC481252245B245F2401045056119A005
:10B3B0001045F5BF411122C426C24AC006C62A89DB
:10B3C000AE84328401C51C4D91E3212D97270000E6
:10B3D0009387C74A6313F406032449007C50858B86
:10B3E00081EB5E2493F7072081E7284CEF0020785B
:10B3F0001C44FD171CC463DA0700184C63C1E70640
:10B4000093F7F40F2947638CE7041C401387170058
:10B4100018C084A393F4F40F7C50858B81EB5E24D9
:10B4200093F7072081E7284CEF008074B240224454
:10B430000249268592444101828097270000938724
:10B44000E7416315F4000324890049BF97270000F2
:10B450009387C73EE314F4F80324C90041B7A685D7
:10B4600022864A85B122AA8445BF011126CA06CE8A
:10B4700022CC4AC84EC652C4AA8419E11C45029087
:10B480001C4D2E89ADE3B12B9C4C8044B9CF97273E
:10B4900000009387A73E631DF404C0407C50858B59
:10B4A00099E75E2493F7072099E3284CC9255E2489
:10B4B000A18B99C31C48D5E3A2852685452A51CD89
:10B4C000FD547C50858B99E75E2493F7072099E320
:10B4D000284C792DF24062444249B249224A2685DD
:10B4E000D2440561828000455DB72685DD2945B7D8
:10B4F00097270000938787366314F400804479BF50
:10B500009727000093878733E31AF4F8C04479B78C
:10B510001CC4050963C807021C401387170018C024
:10B520008CA31C4483450900FD17FDF11CC463D99D
:10B5300007022286A9452685A528FD57E302F5F8CE
:10B54000A94441B7184C63C4E700E39745FD228640
:10B550002685B928E31735FDA5B7FD59294AD1B786
:10B560001C401387170018C0294798A3D1BFAA858C
:10B5700003A541816FF07FEFAA879823850775FFA8
:10B580003385A7407D15828015C27D160147B3071C
:10B59000E500B386E5009C2394226396D7006304FC
:10B5A000C7000507EDF73385D740828001458280CB
:10B5B000011122CC26CA4AC806CE4EC6AA842E89BC
:10B5C000328401C51C4D91E32929972700009387F8
:10B5D000E72A6317F402C0401C4C1CC45E24A18BF4
:10B5E00099C31C4895EFA2852685492015C97D5928
:10B5F000F2406244D244B2494A85424905618280A0
:10B6000097270000938787256314F4008044E9B7E7
:10B610009727000093878722E310F4FCC0446DBF96
:10B620001C4808409379F90F1379F90F1D8D5C4878
:10B630006346F500A2852685912C55F91C44050525
:10B64000FD171CC41C401387170018C02380370146
:10B650005C486388A7005E24858BD9DBA947E31982
:10B66000F9F8A28526851D2441D551B7411122C480
:10B6700026C24AC006C683A441812A892E8489C471
:10B680009C4C99E32685B12E972700009387071FCE
:10B690006313F402C0408317C40013F7870025E743
:10B6A00013F707010DEB25472320E90093E7070473
:10B6B0005EA47D5571A0972700009387271A631415
:10B6C000F4008044C9BF9727000093872717E3142D
:10B6D000F4FCC044C9B7918B9DC34C5889C99307EA
:10B6E00044046384F5004A859D2B232A04025E24CA
:10B6F0002322040093F7B7FD5EA41C481CC05E24FF
:10B7000093E787005EA41C4899EB5E241307002092
:10B7100093F707286385E700A2854A857D21831773
:10B72000C40013F717001DC358482324040033072F
:10B73000E04018CC1848014501E713F707083DF72A
:10B74000B2402244924402494101828013F727000B
:10B75000814611E3544814C4F1BF8397C500011119
:10B7600022CC26CA06CE4AC84EC613F78700AA8442
:10B770002E8479E3D8416345E000B8416356E00880
:10B78000585459C303A9040023A004000C5093D7B4
:10B79000C748A9CB70485E24918B99C75C401D8E29
:10B7A0005C5899C33C401D8E5C540C5081462685E4
:10B7B0008297FD57630CF5041C480567232204009B
:10B7C0001CC05E24F98F91C368C84C5823A0240183
:10B7D00085CD930744046384F50026854921232AF7
:10B7E00004021DA00146854626850297FD572A863C
:10B7F000E313F5FA9C40C5D375476385E7005947C5
:10B800006395E70623A024010145B5A0984083175E
:10B81000C40001CFF5466305D700D9466319D704A4
:10B820001C48232204001CC04DB7184823220400E2
:10B8300093D7C74818C041BF83A90501E38609FC17
:10B8400003A905008D8B23A0350133093941014738
:10B8500091E3D84918C4E35920FB1C540C50CA8604
:10B860004E8626858297634FA0008317C40093E716
:10B8700007045EA47D55F2406244D2444249B24975
:10B8800005618280AA993309A940F1B79C49411109
:10B8900006C622C426C281EB8144B24022442685DA
:10B8A000924441018280AA842E8401C51C4D91E3FB
:10B8B0000D2A97270000938767FC631DF402C040A0
:10B8C0008317C400F1DB7850058B11E793F707204D
:10B8D00099E3284C692C2685A285EFF01FE87C505F
:10B8E000AA84858BDDFB5E2493F70720DDF7284CC7
:10B8F000412465B797270000938747F66314F40047
:10B9000080447DBF97270000938747F3E31AF4FA3A
:10B91000C0447DB7411122C406C62A844EA572A533
:10B9200023200500232205002324050023220506E9
:10B9300023280500232A0500232C050021468145E4
:10B940001305C505EF60DE92971700009387878582
:10B950005CD097170000938787871CD49717000047
:10B960009387478B5CD4971700009387878DB240ED
:10B9700000D01CD8224441018280970500009385A5
:10B9800025F149A2411126C2930780069384F5FF51
:10B99000B384F4024AC02E8922C406C693854407A4
:10B9A000452E2A8401CD23200500232225013105BF
:10B9B00008C4138684068145EF609E8BB2402285C1
:10B9C000224492440249410182801385818E45A21E
:10B9D0001385818E71AA1385C18E51AA1385C18EDC
:10B9E00041AA411122C406C62A84EFF0DFFE1C4C96
:10B9F00091C72244B24041016FF05FFE97070000FB
:10BA00009387E7F71CD42324040423260404232863
:10BA1000040483A7C1826394870085471CCC2285D8
:10BA2000152848C022853D2008C42285252048C409
:10BA3000484001469145EFF0FFED08440546A54515
:10BA4000EFF05FED48440946C945EFF0BFEC85478C
:10BA50001CCC45B7411126C24AC006C622C42A8959
:10BA6000EFF0BFF683A4C1829C4C81E72685EFF0FE
:10BA70005FF7938484048044DC40FD1763D607009D
:10BA80009C40A5C78440C5BF0317C40021EFC17700
:10BA900085075CC41305840523220406C128EFF042
:10BAA0003FF3214623200400232404002322040022
:10BAB00023280400232A0400232C040081451305B5
:10BAC000C405EF60EEFA232A0402232C0402232487
:10BAD000040423260404B2402285224492440249ED
:10BAE000410182801304840649BF91454A85EFF0E5
:10BAF0007FE988C02A8459F5EFF09FEDB1472320F4
:10BB0000F900D1BF797122D44AD04ECE52CC5AC856
:10BB10005EC606D626D256CA2A892E8A1304850402
:10BB20008149054BFD5B0444832A4400FD1A63D020
:10BB30000A0200406DF8B250225492540259624AEF
:10BB4000D24A424BB24B4E85F24945618280DE2497
:10BB5000637BFB008397E40063877701A6854A85B2
:10BB6000029AB3E9A90093848406C9B782808280CF
:10BB700082805971A2D42E848395E500A6D2CAD0C2
:10BB800086D6B284368963D205025E2493F707080D
:10BB90008DEB13070040B65026542320F90098C0BF
:10BBA000065996540145656182803000ED25E34ECB
:10BBB00005FC3247BD67F98F7977BA9793B71700BD
:10BBC000C9BF814713070004F9B7DE25797122D474
:10BBD00006D626D24AD04ECE898B2E8491CF93079B
:10BBE00074041CC01CC885475CC8B25022549254CF
:10BBF0000259F2494561828074003000AA84EFF056
:10BC00005FF7A2492A892685CE85992219E98317EB
:10BC1000C40013F7072071FBF19B93E727005EA494
:10BC20007DBF97070000938787D59CD45E2408C00A
:10BC300008C893E707085EA4B247232A340199CBCA
:10BC40008315E4002685A52D11C55E24F19B93E79D
:10BC500017005EA45E2433E527014AA479B7D1CD4D
:10BC600083A7C5FF011122CC06CE1384C5FF63D381
:10BC700007003E942AC6452D1387418F1C43324549
:10BC800081EB2322040000C36244F240056145A514
:10BC9000637DF4001040B306C4006396D70094435C
:10BCA000DC43B29614C05CC0F9BF3E87DC4399C345
:10BCB000E37DF4FE14433306D700631F8600104073
:10BCC000B29614C33306D700E390C7FC9043DC431D
:10BCD000B29614C35CC34DBF6375C400B1471CC1A9
:10BCE00065B71040B306C4006396D7009443DC43A5
:10BCF000B29614C05CC040C341BF828041114AC0AB
:10BD00001389018F8327090022C426C206C6AA848C
:10BD10002E8489E781458D212320A900A2852685CF
:10BD2000A1297D59631A25017D54B2402285224400
:10BD30009244024941018280130435007198E30660
:10BD400085FEB305A44026850529E31025FFE9BF3C
:10BD5000011126CA93843500F1984AC8A104B1475D
:10BD600006CE22CC4EC62A89B3F4F40A63C404007A
:10BD700063FDB400B1472320F9000145F24062445D
:10BD8000D2444249B24905618280712B9389418F27
:10BD900083A709003E8421E8A6854A85EFF01FF6B7
:10BDA000FD572A846317F50A03A40900A287C9EB8B
:10BDB0008329040081454A85A2997D2E6395A908AF
:10BDC0001C408D044A859D8CF198B147A104B3F4C1
:10BDD000F40AA685EFF09FF2FD576306F5061C40B6
:10BDE000A6971CC015A01440858E63C806042D4775
:10BDF000637DD70204C0330794006396870223A0B3
:10BE0000E9005C4014C35CC34A8515231305B400E4
:10BE10009307440061993307F540E301F5F63A943E
:10BE2000898F1CC0A1BFD8C3E9BF58406395870064
:10BE300023A0E900D1BFD8C3C1BFA2874040A1BFA2
:10BE40003E84DC43ADB7B1472320F9004A85C521C4
:10BE50002DB704C155BF1C46FD171CC663DA070089
:10BE6000184E63C5E700A9476394F5006FF04FF4DF
:10BE70001C422E851387170018C28CA382800111E3
:10BE800022CC26CA4AC84EC652C406CE2A89AE89DA
:10BE90003284B304D6007D5A63149400014509A886
:10BEA0000C204E864A85EFF01FFB0504E31645FF84
:10BEB000F2406244D2444249B249224A056182803A
:10BEC000357122CD26CB4AC94EC706CF52C556C3BF
:10BED0005AC1DEDEE2DCAA892E843289B68409C525
:10BEE0001C4D99E3EFF0FFAF972700009387079968
:10BEF0006318F40403A449007C50858B81EB5E2415
:10BF000093F7072081E7284CEFF07FC65E24A18BD2
:10BF100099C31C48A5E3A2854E85EFF02FF539C9DA
:10BF20007C50858BA1C37D55FA406A44DA444A4966
:10BF3000BA492A4A9A4A0A4BF65B665C0D618280CE
:10BF400097270000938787916315F40003A4890065
:10BF500065B7972700009387678EE31FF4F803A463
:10BF6000C90059BF5E2493F70720D5FF284CEFF096
:10BF70003FC055BF93070002A304F10293070003DB
:10BF800002D22305F10226C6930B5002972A000025
:10BF9000938ACA90294BCA849C2099C3639A7709D3
:10BFA000338C2441638E2401E2864A86A2854E8525
:10BFB000EFF0FFECFD576306F5189257E2973ED27B
:10BFC0009C2063800718FD571389140002C802CE15
:10BFD0003ECA02CCA309010482D483450900154658
:10BFE00056853526C2479304190029E513F7070142
:10BFF00009C713070002A309E10413F7870009C763
:10C000001307B002A309E104834609001307A00245
:10C010006389E602F247CA848146254698209385C3
:10C020001400130707FD6372E60685C63ECE15A011
:10C0300085049DB733055541B397A72826893EC887
:10C0400069BF324793064700184336C66348070264
:10C050003ACE98209307E002631CF70498309307C8
:10C06000A002631AF702B2478904138747009C4372
:10C070003AC67D57B3E7E70A3ECA1DA83307E0403A
:10C0800093E727003ACE3EC8E9B7B3876703AE848B
:10C090008546BA9761B7850402CA8146814725461D
:10C0A000982093851400130707FD6372E606E9F6EE
:10C0B0008C200D46171500001305C57E892C11CD67
:10C0C000971700009387077E1D8DC2471307000452
:10C0D0003317A700D98F85043EC88C201946171541
:10C0E00000001305657C138914002304B1020524A4
:10C0F00035C99307000095E74247B2471377071009
:10C1000009CF91073EC69257D2973ED269B5B38701
:10C110006703AE848546BA9761B79D07E19BA10787
:10C12000D5B77800970600009386A6D522860C081E
:10C130004E8597000000E7000000FD572A8AE314AF
:10C14000F5FC7C50858B81EB5E2493F7072081E71B
:10C15000284CEFF0FFA15E2493F70704E39507DC7A
:10C160001255D9B3780097060000938686D12286AF
:10C170000C084E85F124D1B7411122C42A842E85A2
:10C1800023AC018E06C6EF60BEDBFD576316F500DB
:10C1900083A7818F91C31CC0B24022444101828099
:10C1A000411122C42E848395E50006C6012B634904
:10C1B00005007C48AA977CC8B24022444101828095
:10C1C0005E249397C7485EA4C5BFDE25011122CC2B
:10C1D00026CA4AC84EC606CE93F70710AA842E84F4
:10C1E0003289B68991C78395E50089460146DD28E5
:10C1F0005E248315E400F2409397C7485EA462442E
:10C20000CE864A86B24942492685D24405611DA898
:10C21000411122C42E848395E50006C6E1207D5796
:10C220005E246319E5009397C7485EA4B240224498
:10C23000410182809397C72868C85EA4C5BF8395D3
:10C24000E5003DA0411122C42A842E85B2853686A0
:10C2500023AC018E06C6EF609ECCFD576316F50039
:10C2600083A7818F91C31CC0B240224441018280C8
:10C27000411122C42A842E8523AC018E06C6A52135
:10C28000FD576316F50083A7818F91C31CC0B24090
:10C29000224441018280411122C42A842E85B28524
:10C2A00023AC018E06C6B121FD576316F50083A7A6
:10C2B000818F91C31CC0B240224441018280411150
:10C2C00022C42A842E8523AC018E06C60D29FD5773
:10C2D0006316F50083A7818F91C31CC0B24022442E
:10C2E00041018280411122C42A842E85B28536867E
:10C2F00023AC018E06C61129FD576316F50083A7EE
:10C30000818F91C31CC0B24022444101828093F5C9
:10C31000F50F2A966314C500014582801C21E38E27
:10C32000B7FE0505C5BF1385418E6FF05F84138589
:10C33000418E6FF0FF83797156CA9C49BA8A98453D
:10C3400022D44AD04ECE52CC06D626D25AC85EC689
:10C35000B3E7E70A1CC203C73504AA892E843289D1
:10C36000368A19C385071CC21C4093F7070291C780
:10C370008327090089072320F9000440998891E860
:10C38000130B9401FD5B5C4403270900998F63CC78
:10C39000F40483473404B336F0001C4093F70702DB
:10C3A000A5EB13063404D2854E85829AFD576303AC
:10C3B000F5041C4011478144998B6399E70083275A
:10C3C000090044449D8C8147B3E4F40A1C44184896
:10C3D0006354F700998FBE94014969047D5B6398AB
:10C3E0002405014509A885465A86D2854E85829A3C
:10C3F000631E75017D55B250225492540259F24980
:10C40000624AD24A424BB24B456182808504A5BF45
:10C410003307D40013060003A301C70403475404E1
:10C4200093871600A2978906A381E7049DBF8546DE
:10C430002286D2854E85829AE30E65FB050945B7B3
:10C44000797122D44AD04ECE52CC06D626D256CAC4
:10C450005AC803C88501930780072A892E84B289A8
:10C46000368A63E20703930720069386350463E167
:10C470000703630C081C93078005171600001306BA
:10C4800026436308F814930424042301040515A823
:10C490009307D8F993F7F70F5546E366F6FE17169C
:10C4A000000013066643B3C7C7209C43B297828738
:10C4B0001C4393842504938647009C4314C3238123
:10C4C000F504854775A290411C43137506089385B2
:10C4D000470029C19C430CC3584063DF07129305F2
:10C4E000D002A301B40418C4635E0702B307F0408E
:10C4F000171600001306C63B2948B68433F7070316
:10C50000FD143297182398A03E87B3D70703E3772B
:10C5100007FF85A09C43137506040CC355DD939754
:10C5200057605DBF6D9A10C0D1B790411C43137521
:10C5300006089385470001C50CC39C4331A01376C0
:10C5400006040CC37DDA9E231307F00617160000BD
:10C55000130606366310E80C2148A3010404584072
:10C5600018C4E34C07F80C40ED990CC0D9F7B68419
:10C5700049F7A147631EF8001C40858B91CB5840BA
:10C580001C4863C7E70093070003A38FF4FEFD1464
:10C59000858E14C85287CE867000A2854A85EFF03A
:10C5A0009FD9FD5A631A550D7D55B25022549254AD
:10C5B0000259F249624AD24A424B456182809C410B
:10C5C00093E707029CC113088007171600001306A3
:10C5D000662FA30204050C401C4313F805081385BD
:10C5E00047006305080008C39C4339A013F80504FD
:10C5F00008C3E30B08FE9E2313F7150001C793E55C
:10C6000005020CC099C3414889BF18401377F7FD54
:10C6100018C0D5BF294891B7171600001306462940
:10C62000294835BF90411C43CC491378060813852F
:10C6300047006306080008C39C438CC339A008C3A5
:10C64000137606049C4375DA8EA323280400B6846F
:10C6500091B71C43D04181459386470014C384435E
:10C660002685EFF0DFCA01C5B30795405CC05C408A
:10C670001CC8A301040439BF14482686CE854A8508
:10C68000029AE30355F31C40898B85E74844B2477F
:10C690003365F50A19BF85465686CE854A85029AC6
:10C6A000E30465F185045C443247998FE3C5F4FEE9
:10C6B000F1BF8144930A94017D5BF5B7411122C417
:10C6C0002A842E85B285368623AC018E06C6A1202B
:10C6D000FD576316F50083A7818F91C31CC0B2403C
:10C6E0002244410182809307800523ACF18E7D5561
:10C6F00082809307800523ACF18E7D55828093075D
:10C70000800523ACF18E014582809307800523AC20
:10C71000F18E7D5582809307800523ACF18E7D5587
:10C7200082800000696436340100000069643601CB
:10C73000F466FEFF0C67FEFF3067FEFF3A67FEFF00
:10C740005067FEFF2A20000043483538355F424CD1
:10C75000455F4C49425F56312E3400006865616484
:10C760002066696C65206572726F722E2E2E000035
:10C770004C494220696E6974206572726F72206341
:10C780006F64653A202578202E2E2E0A00000000C6
:10C790004150505F4442472025733E200000000076
:10C7A0006170705F70726F765F6174746E5F6F6ED0
:10C7B000000000006170705F70726F765F6174746A
:10C7C0006E5F6F666600000054696D656F7574205A
:10C7D0006F70636F64652030782530327800000018
:10C7E0006C656E2025642C2064617461203078258E
:10C7F0003032782066726F6D2030782530347800C2
:10C8000044656C657465206E6F6465206461746155
:10C81000206572722100000072656365697665208B
:10C8200064656C65746520636D642C2073656E644B
:10C830002061636B20616E64207374617274206484
:10C84000656C657465206E6F64652064656C6179E4
:10C850000000000073656E642061636B206661698F
:10C860006C6564202564000073656E6420746F201D
:10C87000616C6C206E6F646520746F206C65742031
:10C880007468656D2064656C6574652073746F727F
:10C89000656420696E666F200000000044656C6569
:10C8A0007465206E6F646520696E666F20646174C4
:10C8B0006120657272210000556E6B6E6F77206F7C
:10C8C00070636F6465203078253032780000000096
:10C8D00073656E64206661696C6564202564000080
:10C8E0007761726E696E67206F70636F6465203068
:10C8F0007825303278000000417070204B65792037
:10C90000416464656400000056656E646F72204D7A
:10C910006F64656C2042696E6465640056656E6480
:10C920006F72204D6F64656C20537562736372691A
:10C930007074696F6E2053657400000044656C6507
:10C940007465206C6F63616C206E6F64650000001D
:10C9500044656C6574652073746F726564206E6FD6
:10C96000646520696E666F20636F6D706C657465B9
:10C9700000000000726561736F6E20257800000072
:10C98000667269656E6420667269656E6473686953
:10C99000702065737461626C69736865642C206CC7
:10C9A000706E206164647220307825303478000025
:10C9B000667269656E6420667269656E6473686923
:10C9C00070207465726D696E617465642C206C7082
:10C9D0006E20616464722030782530347800000065
:10C9E000756E6B6E6F7720737461746520257800A7
:10C9F0006E65745F6964782025782C2061646472A8
:10CA0000202578004D4553485F4C49425F56312EF2
:10CA100037000000556E61626C6520736574206399
:10CA20006F6E66696775726174696F6E20286572D2
:10CA3000723A256429000000496E697469616C6965
:10CA40007A696E67206D657368206661696C6564DC
:10CA5000202865727220256429000000426C7565EB
:10CA6000746F6F746820696E697469616C697A6546
:10CA7000640000004D657368206E6574776F726B9B
:10CA800020726573746F7265642066726F6D2066C4
:10CA90006C617368000000004D65736820696E6901
:10CAA0007469616C697A6564000000004170705FB0
:10CAB00050726F636573734576656E740000000095
:10CAC000667269656E645F7374617465000000006E
:10CAD0006C696E6B5F6F70656E0000006C696E6BE9
:10CAE0005F636C6F7365000070726F765F636F6D6C
:10CAF000706C65746500000070726F765F726573AC
:10CB000065740000626C656D6573685F6F6E5F735E
:10CB1000796E63006B657950726573730000000075
:10CB20006366675F7372765F7273705F68616E646D
:10CB30006C65720076656E646F725F6D6F64656CB4
:10CB40005F7372765F7273705F68616E646C65723A
:10CB5000000000006170705F70726F765F617474C6
:10CB60006E5F6F66660000006170705F70726F7656
:10CB70005F6174746E5F6F6E00000000B827002064
:10CB800000000000000000000000000000000000A5
:10CB90000000000000000000000000000000000095
:10CBA0000000000000000000000000000000000085
:10CBB000DA340000A0390000723A000000000000E2
:10CBC000F83A0000D7070000000000000100000054
:10CBD000B82100200000000000000000000000005C
:10CBE000000000007E340000AC3400006D65736806
:10CBF00020686561642066696C65206572726F7279
:10CC00002E2E2E00F23D00000E3E0000CC3D000016
:10CC1000C83D000003040010000000000A1400607A
:10CC200000010605140103DD08020200C000020035
:10CC30003C003C000200020401041E00020000004F
:10CC4000500000002C01000064000A0000000000F9
:10CC5000D6BE898E25262700746964203078253059
:10CC600032782000236D6573682D6F6E6F666620C5
:10CC70005354415455533A2073656E642073746164
:10CC8000747573206661696C65643A2025640000E0
:10CC90004E554C4C2062756600000000556E616276
:10CCA0006C652073656E64206D6F64656C206D65C6
:10CCB000737361676520286572723A2564290000E4
:10CCC000556E61626C652073656E6420696E64697F
:10CCD0006361746520286572723A2564290000003A
:10CCE0004E6F20656E6F7567682073706163652194
:10CCF000000000004E6F20617661696C61626C65B6
:10CD000020436F6E66696775726174696F6E204348
:10CD10006C69656E7420636F6E74657874210000B1
:10CD2000416E6F746865722073796E6368726F6E9E
:10CD30006F7573206F7065726174696F6E207065B6
:10CD40006E64696E670000007372633A2030782564
:10CD5000303478206473743A203078253034782069
:10CD60007469642030782530327820727373693AA0
:10CD7000202564006164765F696E645F73656E642C
:10CD800000000000696E645F7374617274000000DB
:10CD90006164765F7372765F7472616E735F7365E0
:10CDA0006E64000076656E646F725F6D65737361AB
:10CDB00067655F7372765F73656E645F7472616ED0
:10CDC0007300000076656E646F725F6D65737361EA
:10CDD00067655F7372765F636F6E6669726D000080
:10CDE00076656E646F725F6D6F64656C5F7372768B
:10CDF0005F7265736574000076656E646F725F6D57
:10CE00006573736167655F7372765F61636B000062
:10CE1000D707CF0000000000423E0000D707CC003B
:10CE200000000000423F0000D707CD0000000000D6
:10CE300006430000000000000000000000000000A9
:10CE4000CA4500005C4A0000DB2A0000DC2A000022
:10CE50000200000058CE010027180000DD2A000063
:10CE6000DE2A0000020000006CCE0100281800003D
:10CE7000292A2B244D4553485F4C49425F56312E99
:10CE80003739000000000000225B00000A5B000050
:10CE9000000000009CCE0100000000008C6000003B
:10CEA0005C6000006A6000000000000000000000FC
:10CEB000B064000000000000020000000F0000004D
:10CEC000DE6C00000B80000001000000BA6C000066
:10CED0000E80000001000000966C00001180000030
:10CEE00001000000726C00001480000001000000CE
:10CEF0004E6C00002880000002000000F66B00006D
:10CF00004480000003000000BA6B000003800000B2
:10CF1000040000000E6D00003E80000007000000CD
:10CF2000946B0000198000000C000000206B0000D2
:10CF30001F80000007000000FC6A00003C80000029
:10CF4000090000004C6A0000060000000A00000012
:10CF5000DE6900002E800000050000008C690000E2
:10CF60002580000001000000566900004A80000092
:10CF7000000000002A690000488000000400000052
:10CF8000E0680000178000000400000098680000BE
:10CF90004C80000005000000E46700004E800000A7
:10CFA000070000002C670000028000000300000062
:10CFB0008A6600002A80000005000000D665000097
:10CFC0002C800000070000001E650000000000002B
:10CFD0000000000000000000000000000000000051
:10CFE0001078000000000000088000000100000030
:10CFF000947F00000000000013000000C2970000B2
:10D0000001000000130000003A97000000800000BB
:10D01000030000009A980000018000000200000058
:10D020003295000009800000000000007A8A0000AC
:10D030000A80000001000000EE8900000C80000062
:10D04000000000004C8C00000D800000010000007A
:10D05000C68B000012800000000000001E8B000044
:10D060001380000001000000368B000023800000C8
:10D07000000000004488000024800000010000003F
:10D08000D487000026800000000000007E89000098
:10D090002780000002000000D088000018800000F7
:10D0A00004000000147F0000030000000B000000DB
:10D0B000369000001A80000018000000388F000031
:10D0C0001B80000006000000467D0000208000005C
:10D0D00014000000828200001C8000000600000096
:10D0E0006E7C0000218000001400000042810000DE
:10D0F0001E8000000600000028930000228000002F
:10D1000014000000389200001D80000004000000A0
:10D110008A9100002980000004000000F8760000D9
:10D120002B80000006000000BE750000408000005B
:10D1300012000000D07400004580000012000000C2
:10D14000F07300004180000002000000DC99000044
:10D1500042800000000000008E9400004680000025
:10D1600002000000B66E00004780000003000000CF
:10D17000247300003D80000006000000647B000076
:10D180003F800000060000004C8E00004B80000035
:10D1900004000000307A00004D800000060000000E
:10D1A000307A000049800000000000002E7200006C
:10D1B0000F80000000000000086E000010800000DA
:10D1C00001000000687900002D80000002000000CE
:10D1D0007C7100001580000002000000706E0000ED
:10D1E00016800000030000009E70000038800000E0
:10D1F00000000000F46F000039800000090000000A
:10D20000F68300003A800000000000000086000065
:10D210003B800000050000001886000000000000B0
:10D220000000000000000000AE83000000000000CD
:10D230006964313238010000736D6B320000000008
:10D24000736D6B3300000000736D6B3400000000E1
:10D250007072636B0000000076746164000000006F
:10D260000091E3720796E4750E9FED7C0998EA7BC6
:10D270001C8DFF6E1B8AF8691283F1601584F667B6
:10D2800038A9DB4A3FAEDC4D36A7D54431A0D243A6
:10D2900024B5C75623B2C0512ABBC9582DBCCE5F96
:10D2A00070E1930277E694057EEF9D0C79E89A0B86
:10D2B0006CFD8F1E6BFA881962F3811065F4861776
:10D2C00048D9AB3A4FDEAC3D46D7A53441D0A23366
:10D2D00054C5B72653C2B0215ACBB9285DCCBE2F56
:10D2E000E0710392E7760495EE7F0D9CE9780A9B46
:10D2F000FC6D1F8EFB6A1889F2631180F564168736
:10D30000D8493BAADF4E3CADD64735A4D14032A325
:10D31000C45527B6C35220B1CA5B29B8CD5C2EBF15
:10D32000900173E2970674E59E0F7DEC99087AEB05
:10D330008C1D6FFE8B1A68F9821361F0851466F7F5
:10D34000A8394BDAAF3E4CDDA63745D4A13042D3E5
:10D35000B42557C6B32250C1BA2B59C8BD2C5ECFD5
:10D3600022EFFEFF48EFFEFF2AEFFEFF48EFFEFF31
:10D3700030EFFEFF36EFFEFF3CEFFEFF42EFFEFF19
:10D38000B2AE0000C6AF00000000000014AE000006
:10D390000A0F14190000000000000000A4CA0000D9
:10D3A00000000000050000000300000066CB000044
:10D3B000040000000300000068CA0000378000007D
:10D3C0000100000030CB00000780000001000000D9
:10D3D000FCCA000000000000000000000000000087
:10D3E00000000000000000006CCE00000000000003
:10D3F00031800000020000002ACE00002F800000D3
:10D4000002000000DACD00003080000002000000C1
:10D41000FACC0000328000000300000092CD000032
:10D420003380000003000000C2CC00003480000004
:10D4300000000000B6CC00003580000001000000B4
:10D440009ECC00003680000001000000CECB000022
:10D4500004800000000000004CCC000005800000AB
:10D4600001000000ECCF0000068000000100000079
:10D47000D4CF000000000000000000000000000009
:10D48000000000006AD40000F6D300000000000095
:10D490006E6B626B000000006E6B696B0000000039
:10D4A0002F4E6F64652F25780000000000070E09DD
:10D4B0001C1B1215383F363124232A2D2F566E643B
:10D4C0002F25782F257300002F5369672F25782F7C
:10D4D000257300006461746100000000A8D501009C
:10D4E00088F10000ACD50100ECF10000B0D50100DE
:10D4F000BAF00000B4D5010072F70000B8D5010001
:10D50000B2F60000C0D5010002F60000C8D5010047
:10D5100038EE0000D0D501006EF00000D4D5010037
:10D52000CE040100D8D50100B8040100DCD501000B
:10D5300080F50000E0D501000CF500007E0F010031
:10D54000000000005E0E0100000000002F4170701E
:10D550004B65792F257800002F4E65744B65792F28
:10D56000257800002F4E6574000000002F495600FA
:10D570002F536571000000002F4842507562000073
:10D580002F436667000000002F56612F25780000AA
:10D5900062696E640000000073756200707562005D
:10D5A0002F52504C2F2578004E65740049560000CC
:10D5B0005365710052504C004E65744B6579000004
:10D5C0004170704B65790000484250756200000060
:10D5D0004366670053696700566E64005661000039
:10D5E0004E6F646500000000010204081000000096
:10D5F0000102040876160100000000000A00000085
:10D6000064000000E803000010270000A08601006D
:10D6100040420F008096980000E1F505E82E0100D9
:10D6200001030000082B010001000000BC230100E1
:10D630000100000056200100000000007072736BB2
:10D64000000000007072736E000000007072646B66
:10D6500000000000C01A010001000000562C01006B
:10D660000B000000CC2B010005000000CA280100BF
:10D67000400000009C280100000000006828010014
:10D6800010000000FC250100100000009E24010095
:10D6900021000000C830010000000000E82F010058
:10D6A00001000000EA3E0100DC3E010050A2FFFF45
:10D6B00044A2FFFF50A2FFFF40A2FFFF50A2FFFFC6
:10D6C00040A2FFFF50A2FFFF40A2FFFF50A2FFFFBA
:10D6D00048A2FFFF50A2FFFF40A2FFFF50A2FFFFA2
:10D6E00050A2FFFF40A2FFFF40A2FFFF40A2FFFFAA
:10D6F0004CA2FFFF4CA2FFFF40A2FFFF40A2FFFF92
:10D7000040A2FFFF50A2FFFF40A2FFFF50A2FFFF79
:10D710000000000000000000000000000000008782
:10D7200043483538355F424C455F4C49425F56317E
:10D730002E342E3400000000000102020303030314
:10D740000404040404040404050505050505050591
:10D750000505050505050505060606060606060671
:10D760000606060606060606060606060606060659
:10D770000606060606060606070707070707070741
:10D780000707070707070707070707070707070729
:10D790000707070707070707070707070707070719
:10D7A0000707070707070707070707070707070709
:10D7B00007070707070707070808080808080808F1
:10D7C00008080808080808080808080808080808D9
:10D7D00008080808080808080808080808080808C9
:10D7E00008080808080808080808080808080808B9
:10D7F00008080808080808080808080808080808A9
:10D800000808080808080808080808080808080898
:10D810000808080808080808080808080808080888
:10D820000808080808080808080808080808080878
:10D8300008080808080808080000000000000000A8
:10D8400000000000000000000000000000000000D8
:10D8500000000000000000000000000000000000C8
:10D8600000000000000000000000000000000000B8
:10D8700000000000000000000000000000000000A8
:10D880000000000000000000000000000000000098
:10D890000000000000000000232D302B20000000BD
:10D8A000686C4C006566674546470000303132338E
:10D8B000343536373839414243444546000000008C
:10D8C00030313233343536373839616263646566F6
:10D8D00000000000DCEBFFFFF2EBFFFFB2EBFFFF0D
:10D8E000B2EBFFFFB2EBFFFFB2EBFFFFF2EBFFFF8C
:10D8F000B2EBFFFFB2EBFFFFB2EBFFFFB2EBFFFFBC
:10D9000050EDFFFF56ECFFFFEAECFFFFB2EBFFFF2D
:10D91000B2EBFFFF7EEDFFFFB2EBFFFF56ECFFFF28
:0CD92000B2EBFFFFB2EBFFFFF2ECFFFFE9
:10D92C00000000000201000000220020C82100209D
:10D93C000000D70700000000000000006C2500204C
:10D94C004427002010CE010000000000E821002038
:10D95C00000000000000000000000000FF000000BC
:10D96C000000000052350000000000000000000024
:10D97C0000000000742500205C270020E8CF010087
:10D98C00D8CF0100A82200200200000000000000F7
:10D99C00402200207025002050270020F0D30100E9
:10D9AC00E0D30100802200200000000000000000F5
:10D9BC0000000000000000007422002000000000A5
:10D9CC00000000000000000000000000000000004B
:10D9DC00000000000000000000000000682700208C
:10D9EC0000000C006827002000000000D4CB0100D0
:10D9FC00000000000000000000000000000000001B
:10DA0C00000000000000000000000000000000000A
:10DA1C000000000016380000070107010001030098
:10DA2C0000000000000000000000000000000000EA
:10DA3C0000000000000000000000000000000000DA
:10DA4C0000000000000000000000000000000000CA
:10DA5C0000000000000000000000000000000000BA
:10DA6C0074270020000041007427002000000000F3
:10DA7C00000000000000000000000000000000009A
:10DA8C000000000000000000C8430020000000005F
:10DA9C00000000000000000000000000000000007A
:10DAAC000000000000000000E443002004100410FB
:10DABC0002000000902500200100000050CE010063
:10DACC00020000008C2500200100000044230020EF
:10DADC000200000048CE010002000000000000001F
:10DAEC00020000008C2500200100000045230020CE
:10DAFC00020000004CCE01000000000000000000FD
:10DB0C000200000088250020030000000C440020C7
:10DB1C0002000000902500200100000064CE0100EE
:10DB2C00020000008C25002001000000462300208C
:10DB3C00020000005CCE01000200000000000000AA
:10DB4C00020000008C25002001000000472300206B
:10DB5C000200000060CE0100000000000000000088
:10DB6C000200000088250020030000001C44002057
:10DB7C00000000000000000000000000555555009A
:10DB8C00F6C30000000000000000000000000000D0
:10DB9C008CC7010000000000D8020100AEEE0000AE
:10DBAC000000000000000000000000009A170100B7
:10DBBC00FF0000004C2400204C2400200820000111
:10DBCC00FFFFFFFFFFFFFFFFFFFFFFFF0000000055
:10DBDC00000000000000000001000000FFFFFFFF3C
:10DBEC00512563FCC2CAB9F3849E17A7ADFAE6BCF3
:10DBFC00FFFFFFFFFFFFFFFF00000000FFFFFFFF25
:10DC0C0096C298D84539A1F4A033EB2D817D0377CA
:10DC1C00F240A463E5E6BCF847422CE1F2D1176B65
:10DC2C00F551BF376840B6CBCE5E316B5733CE2B38
:10DC3C00169E0F7C4AEBE78E9B7F1AFEE242E34F67
:10DC4C004B60D2273E3CCE3BF6B053CCB0061D65A4
:10DC5C00BC86987655BDEBB3E7933AAAD835C65A2D
:10DC6C00485C0100905B0100A0590100000000001D
:10DC7C0078D8010058D8010038D801000000000005
:10DC8C000000000000000000000000000000000088
:10DC9C000000000000000000000000000000000078
:10DCAC000000000000000000000000000000000068
:10DCBC000000000000000000000000000000000058
:10DCCC000000000000000000000000000000000048
:10DCDC00D84D0020FFFF0000FFFF0000FFFF800079
:10DCEC00C3812F0104250020C4400000B040000077
:10DCFC000229000003280000002800000425002051
:00000001FF
