:040000006F20801BD2
:100004000000000000000000A00000208007002085
:10001400A9BDF9F3FC01002000000000000000006D
:10002400FC010020A00000200000000000000000EF
:10003400A000002000000000A0000020000000003C
:10004400A0000020A0000020A0000020A0000020AC
:10005400A000002000080020A000002000000000F4
:10006400A0000020A0000020A0000020A00000208C
:10007400AC080020A0000020A0000020A000002068
:10008400A0000020A0000020A0000020A00000206C
:10009400A0000020A0000020A0000020A00000205C
:1000A40001A0B7170040984B41111367070198CB83
:1000B400982B1377E70F98AB1307800873370780E3
:1000C400137787083AC60F100000130770052380C2
:1000D400E704130780FA2380E7040F100000B847F1
:1000E400B70600069506558FB8C703C7B70413773C
:1000F400F70DA385E704B82713672701B8A71307EB
:1001040050149AA7372700408346578093F6F60E7B
:10011400A302D7808946A303D78003C7E7041377D4
:10012400C70F136717002387E70403C7F702136792
:100134002700A387E702982B1367170098AB238047
:100144000704B247F3A707800F1000004101828023
:10015400EFF03FF513050020970500009385450A4D
:10016400172600001306460563FAC500832205001E
:1001740023A0550011059105E3EAC5FE17D501E05A
:100184001305C5979725000093854503138681843D
:1001940063FAC5008322050023A0550011059105CB
:1001A400E3EAC5FE13858184974500009385857B2A
:1001B4006377B500232005001105E36DB5FE9302B6
:1001C4005002739002BC8D427390428085427390BA
:1001D40012BC93028008739002309702000093824D
:1001E40062E293E2320073905230974200E09382CD
:0C01F40082BF73901234730020300000B2
:100200009305000273A04580824573901534924097
:100210002242B2424243D2436244F24402559255D2
:100220002256B2564257D2576258F258064996495A
:10023000264AB64A464BD64B664CF64C065D965D52
:10024000265EB65E465FD65F096173002030BD66EC
:10025000014717460000130666EA938606A6854501
:100260008347060093F7F70F91C382800507E3F9F0
:10027000E6FE974700002383B7E8DDB77D166206E8
:10028000618693178601E18763D407000145828068
:10029000931726003307F500AE9718439C4363E796
:1002A000E7007D16E37FF7FC7D558280054582805F
:1002B000FD15E205E18513978501618793F7F50F39
:1002C00063480700FD15139725002A97584365D703
:1002D000138517006205618582803308B5021C42D0
:1002E00083A80600B335B502C29733B50701AE98AF
:1002F000469585486367B5006394A50063E30701ED
:1003000081480C43C6950CC388C21CC282808147B9
:100310001397870161876343B70082801397270093
:100320002A97232007008507E5B781470147939661
:100330008701E18663C5B600133517008280939666
:100340002700AA9694428507558FD5B793D7554075
:100350008A07AA979C4305453315B5007D8D828099
:10036000172300E0E702E3EC2A84993705C59317C9
:1003700025003E940327C4FF814711EB7D15160528
:100380003E9542054185172300E06700C3EC0583D5
:100390008507E5B70145C5BF814713978701618789
:1003A0006343C700828013972700B386E500944219
:1003B0002A97850714C3D5B77D1662066186014763
:1003C00093178601E18763D50700133517008280F4
:1003D00093172600B306F500AE9794429C437D1612
:1003E000B58F5D8FF1BF8A05AA9501476363B5009C
:1003F000828083A6C5FFF11593D71600D98F9CC1C3
:100400001397F601E5B72A83014801470145634385
:10041000D7008280B387050183A80700B3070601D0
:100420009C43C697AA976384F80033B51701050764
:10043000B3080301620723A0F80061871108C1BF58
:100440002A8301478147014563C3D70082803388EF
:10045000E50083280800330EE600032E0E003388E3
:10046000A8403308C8416384080133B508018507F3
:10047000B308E300E20723A00801E1871107E9B709
:10048000172300E0E702E3DA0111B286B2842E8678
:10049000AA850A8575372A84A6850A857935333475
:1004A0008000060413351500018D0561172300E057
:1004B000670063DA172300E0E70223D54111AA8918
:1004C000AE8A328BB68402C202C402C60144131C37
:1004D0008401135C8C4163499C02939B1400FD1BB7
:1004E0000549138CF4FFF15C3304890162046184D3
:1004F000634D740592478E04CE9423AEF4FE410101
:10050000172300E06700E3D313192400B30B2B017A
:10051000014A93172A00D69783A50B0088437800D9
:10052000340050005D3B050A93178A01E187F11BF7
:10053000E351FCFE92474E9905042320F900A2479F
:100540003EC2B24702C63EC459B7131A8901135AB4
:100550008A41131D240093178A01E18763CF970016
:1005600092470A044E941CC0A24705091379F90F5B
:100570003EC2B24702C63EC485BFB3079A031315F5
:100580002A0056950841780034005000050AEA9781
:10059000DA978C439933C1B74111B7170040985F80
:1005A0003AC6945F3247E39CE6FE324541018280C1
:1005B000B7F70700DC53411123A4F184B7170040BB
:1005C000984B1367070198CB982B1377E70F98ABDD
:1005D0001307800873370780137787083AC60F1010
:1005E0000000130770052380E704130780FA2380B7
:1005F000E7040F1000001307000C6315E5029A27AB
:100600001367070C9AA7B7170040982B13671700BA
:1006100098AB23800704B247F3A707800F100000B0
:1006200041018280B82793760520ADCA118B29E35A
:1006300003C7E70403C6E7041377F70F1366360012
:100640002387C704B02713664600B0A792278E27DA
:100650003346060893E5050C8EA7A5470100FD1754
:1006600093F7F70FE5FFB717004092A72387E7043A
:1006700093770510DDC3371700403C2793E7070148
:100680003CA79377F50199EFB727004003C7578040
:1006900013670701A382E7801D470DA0136727009A
:1006A000B8A7F9B725476366F704B727004003C723
:1006B00057801377F70EA382E7800547A383E7806F
:1006C00033450508B71700401367050C9AA78AA79A
:1006D000B5CE03C7570483C65704418B858A558F0F
:1006E0001DF3B82B418B05D3B8271377D70FB8A7C5
:1006F00019BF9377050199EBB727004003C75780CF
:100700001377F70EA382E78009474DBFB727004054
:1007100003C757801377F70EB5BF9377850181EF35
:10072000B727004003C757801377F70EA382E780EF
:100730001307100561B7B727004003C75780137729
:10074000F70EA382E780130770058DBFB8271377D4
:10075000B70F71BF37E700E01C435443A183E206A3
:10076000D58F1CC1FD572320F7182322F71882804C
:1007700013178500B7E700E023A0E710618123A2EB
:10078000A710828041118146014681451145FD2A0D
:1007900013078008F337078093F787083EC40F10CC
:1007A0000000B7170040130670052380C7049306A6
:1007B00080FA2380D7040F100000FD55CEB72380A8
:1007C0000704A245F3A505800F10000073370780CA
:1007D000137787083AC60F1000002380C7042380D0
:1007E000D7040F10000003C76704136717002383A3
:1007F000E70423800704B247F3A707800F10000027
:1008000001A00000197106C212C416C61AC81ECA79
:1008100022CC26CE2AD02ED232D436D63AD83EDAC0
:1008200042DC46DECAC0CEC2D2C4D6C6DAC8DECAF0
:10083000E2CCE6CEEAD0EED2F2D4F6D6FAD8FEDAA0
:10084000938541858841E700050092402242B242EB
:100850004243D2436244F244025592552256B25664
:100860004257D2576258F25806499649264AB64A24
:10087000464BD64B664CF64C065D965D265EB65EE4
:10088000465FD65F0961730020304111B717004001
:10089000985F3AC6945F3247E39CE6FE32454101D9
:1008A0008280B7E700E03707001023A0E7208280AE
:1008B000B7170040130700032388E702854723AEDC
:1008C000F18473002030411106C6EF00B010F5BF6F
:1008D0002303048015472303E48001002302A4803E
:1008E000828083076480E3CE07FE23030480828036
:1008F00083076480E3CE07FE03454480828083073C
:100900006480E3CE07FE2302A4808280411126C4C6
:100910004AC24EC006C61377F50BAD47AA892E8989
:1009200095446306F70019456537653F8D444E854C
:100930004537FD59FD1463983401B240A244124971
:10094000824941018280135509011375F50F453F16
:100950002209CDB7011126CC06CEB70408005137C5
:100960001545BD37713769372AC6A53F324593779C
:10097000150089EB136515001375F50FF240E2447D
:1009800005618280FD14E9FC0145CDBF3971B7F7DF
:10099000070006DE26DC4ADA4ED852D656D45AD2A2
:1009A0005ED062CE03AB47027D57B7E700E083AA73
:1009B000070022C603AA470023A0E71823A2E718CE
:1009C000B71B0040930770052380FB04930780FA50
:1009D0002380FB0483C74B041147AA8993E7070EC2
:1009E0002382FB04372400401305F00F2303E48027
:1009F0002E8C3289B684E93DED35938779FF93F7E4
:100A0000F70F0947137BFB006362F712A147370713
:100A100008006307FB00B70707003E9C3787070005
:100A20007955637EEC02B3878401636AF702A947B4
:100A30006398F90689E481446D3526850DA0E28529
:100A40000945E93505090345F9FFFD14050C453D48
:100A500081C49377FC0FFDF7F53D69FD7D55B71710
:100A60000040130770052380E704130780FA2380F2
:100A7000E70403C74704418B2382E704F250B7E73A
:100A800000E023A0571123A24711E25432445259E7
:100A9000C259325AA25A125B825B724C2161828027
:100AA000A547639AF906A1478569631DFB029387F1
:100AB000F9FFB3869700B374FC00B69493C7F7FFB1
:100AC000FD8C33FC8701416B856B9387F9FFB3F78E
:100AD000870199E363FF340193D94900C147E3E6F5
:100AE00037FF91BF9307F00FE9B78567C169FD171D
:100AF000C9B71305800D638869011305000263847B
:100B0000790113051008E2851135A93521D94E9CCC
:100B1000B3843441C1B7E2852D45CD3BCA94E30C83
:100B200099F00509F133A30FA9FED5BF9387F9FF0B
:100B300093F7F70F636FF70AA1476319FB06B7072F
:100B400008003E9C83C75B043707070093F7070242
:100B500099E337870700B70708003E977955E37098
:100B6000ECF0B3079C00E36CF7EE8947639AF90455
:100B70008980D549E38104ECE2850945413B1109AF
:100B80000327C9FF91472320E48003076480E34ED5
:100B900007FE23033481FD17EDFBFD14110C81C406
:100BA0009377FC0FE9FF7D3371F54DBD83C75B047F
:100BB0003707070093F70702D5F33787070079BF98
:100BC0008547E384F9F2E2852D4589339389F4FF63
:100BD000E38304E6313B93F7390091EB83260480ED
:100BE0000327090093074900E398E6E43E89CE8491
:100BF000F1BFB5476396F9001305900BD13925BDB8
:100C0000B1471305B00AE38BF9FE99476394F904E1
:100C1000A1476315FB00B70708003E9CE2852D4500
:100C2000F53181440D4BA149E1316396640183277D
:100C300004802320F9008504E39834FF832704808F
:100C400013172C01635507002312F900EDB323227B
:100C5000F900D5B39D476399F90281451305B004A6
:100C60007531BD442320090023220900FD59493173
:100C700093F77400CA9703C70700FD14398D2380CA
:100C8000A700E39634FF45BB91476399F90013052C
:100C900060063D39B931130590098DB7E38D09D848
:100CA000F15459BB23AC05FE1C4199E30CC1828071
:100CB0003E8783A787FFEDFF232CB7FE828041117B
:100CC00026C2B7E400E04AC003A90400B707200029
:100CD00006C622C43379F90023A0F4180F100000CF
:100CE00009E523A02411014535A09565938505D01C
:100CF000C98D2A842105B3C5050833450508EF00D1
:100D0000305965D1FD572320050042A17CA123A0C5
:100D100024112105B24022449244024941018280BB
:100D20004111B7E700E04AC003A9070026C2370710
:100D3000200006C622C4AA843379E90023A0E7185C
:100D40000F10000083A741860144014685E301C8D6
:100D5000A28513854186975001E0E7800034A165A4
:100D60002685975001E0E78000660DA003C7E7FFE6
:100D70006319970205CCA28513854186975001E03F
:100D8000E780A031A1652685EF10A00BB240228537
:100D90002244B7E700E023A0271192440249410111
:100DA000828011E03E8683A787FF4DB73E84E5BF72
:100DB00037E700E01C43B70620002320D718F58F43
:100DC0000F10000019C191C111E637E700E02320A0
:100DD000F71082802E960F70B650D5BF37E700E02F
:100DE0001C43B70620002320D718F58F0F100000F2
:100DF00001C53307C50011E637E700E02320F710EF
:100E000082800505A30FB5FEE31DE5FEF5B737E7C4
:100E100000E01C43B70620002320D718F58F0F10E1
:100E2000000001C599C1014711EA37E700E023201E
:100E3000F710054582800507E309E6FE3308E50063
:100E4000B386E500034808009422E306D8FE37E79E
:100E500000E02320F7100145828037E700E01C43C3
:100E6000B70620002320D718F58F0F1000001307B6
:100E7000F6FFBA952A966317C50037E700E02320EE
:100E8000F71082809821FD150505A30FE5FEE5B753
:100E900037E700E01C43B70620002320D718F58F62
:100EA0000F10000001C53307C50019E637E700E061
:100EB0002320F7100145828014210505E398B6FE32
:100EC000E31CE5FE37E700E02320F71005458280AC
:100ED000797126D29384C18722D4804006D64AD025
:100EE0004ECE52CC56CA5AC85EC662C44DC437C92B
:100EF000C901814B138B41871309F937173A000059
:100F0000130A4A6E973A0000938A4A6B9739000099
:100F1000938949723E2099EF5C44639A0B009CC010
:100F2000032CC4002285EF001043628489A823A605
:100F3000FB00FDB783270B0082971C443307F54065
:100F40006376F50003A789001D8F2A976368E90679
:100F50002E200820EF00F06E5C405844A9CB0C44D2
:100F6000173600000326866DAE97BE8663E4B70091
:100F700063E4C700B386C74014C4A28B3A8459F80F
:100F80001737000003278764894763E6E700973730
:100F9000000023AD0762B250225492540259F24924
:100FA000624AD24A424BB24B224C456182806394E2
:100FB0000B0098C0B5B723A6EB009DB703274A02E4
:100FC0001DCB63EDA7023385A7401C2099EF034793
:100FD0009A0183A689006117B307A7003E8563E4E1
:100FE000E70063E4D7003385D74083A70A01637421
:100FF000F50023A8AA00A28B404451B703A789009B
:10100000BA97D1B7011126CA06CE9734000093844F
:10101000646222CC4AC84EC652C49C288844D9CFA8
:10102000B7E700E003A907003707200023A0E7186F
:101030003379E9000F10000003C7C18619CB23A044
:101040002711F2406244D2444249B249224A056122
:101050008280173700001307276A8357C70AA1CB7E
:101060009C440324870A6304F4049739000093899D
:10107000E95403A709012285630BF702138A41870C
:1010800083270A0082976368A40C83270A00098CCF
:10109000829783A7090198443354F40AB307A40044
:1010A0003E8563E4870063E4E7003385E740B7E704
:1010B00000E023A027119C44639BA7021734000083
:1010C0001304C44F184883A741876319A708829760
:1010D0009444374736FE130707C83697B307A7006F
:1010E0003E8563E4E70063E4D7003385D7401744C7
:1010F0000000130464835C5C89CB83A6418D9C460D
:101100003707CDFF7D17F98F9CC611E188448547CD
:101110005CD09737000083A7274F829715E15C5C6E
:1011200099CF5C5089CF978001E0E780C006978017
:1011300001E0E780C0D99747000023A90780493B19
:101140005C5CE38007F003A7418D1C47B7063300C2
:10115000D58F1CC7FDB59C443E9405BF82971448AB
:101160009844B387A6003E8563E4D700E3E1E7F83F
:101170003385E740ADBF23A4A18601C585472386FB
:10118000F1868280AA8799E5173700000347874BCD
:1011900009C7D5B711476369B700173700001307B0
:1011A0002748B3C5E5209CC1828083A7818681CF73
:1011B000411106C6829783C7C18699E323A401869D
:1011C000B2404101828083C7C18681E723A40186A2
:1011D00082808280411122C426C206C64AC097344A
:1011E00000009384647483C734021734000013042E
:1011F0002443B9C3173400001304443C1389018805
:10120000032709001C2014300146B3A5E7208E21D6
:10121000A5C911C21CA00820636BD5069737000032
:10122000238E073883A74187C5E7B2402244924402
:1012300002494101828082971C40F5FF97370000E8
:1012400083C7474099EFDC48858B81CFD84C9947BD
:10125000631DF7009737000023A2076E9D215C44B1
:1012600082971C44C1DB829771B7D84C9D47E31A23
:10127000F7FE9737000023A3076CA1211C48CDB7C8
:10128000850793F7F70F0546E3E1D7F861B73327F2
:10129000E5200E23231007002397018683A781876B
:1012A000B347F5209C4382971C208326090003D76F
:1012B000E1863377E540B3A6D7209222518F9AA2D8
:1012C00099C385071CA018201C30E360F7F6B9B756
:1012D0009737000083A787361CC8DD3E83C73402DA
:1012E000A9F783C7140299CBDC4C89EB9737000030
:1012F000A38C0764978001E0E78040C9973700001E
:1013000083A787309DD31C488DD3183083260900CE
:10131000814763C7E702D84C9147E3E8E7F0973786
:10132000000083C7E73B918BE39107F083C7C18639
:10133000E39D07EE2244B240924402494101D9B1F3
:1013400033A6D7201222E31206EE8507D9B7B7C716
:1013500000401387C72014431396264910C3010089
:10136000010093878726173500000325E5269C4357
:101370006A0514C393C7F7FF99835D8D8280173682
:10138000000013062633973600009386A634DC3619
:10139000383E4C4ABA97FD8B33D7F5001CB2DCB609
:1013A000058B0DE7943A13050002B3F7D702814687
:1013B00033D8E548630908006394D70018B28280E7
:1013C000850693F6F60F0507E314A7FE8280011148
:1013D00026CA83A7418706CE22CC4AC84EC652C42D
:1013E0008297973400009384E42E9844AA8701459D
:1013F000630DF70463E3E706998F173900001309BB
:10140000692B93F9F70113D457008347A901636A45
:10141000F402173A0000130AEA2195370347A9019D
:101420008C4403268A0093175700AE97198CBE860A
:1014300063E4B70063E4C700B386C74094C4E37EA7
:10144000E4FC1315540033653501F2406244D24484
:101450004249B249224A056182809736000083A63C
:10146000E61D3387E640BA9749BF0000EFF0FFD38F
:1014700073000000000000009382C1860383020015
:1014800023800200630F0300F32510342EC097055C
:1014900000009385E5FD73901534EF00405B730009
:1014A000203086DCEF00A05AE65082800000411117
:1014B0004AC01389418B0327090026C206C61C5F58
:1014C00022C49384018B93D76748B5CF9307000656
:1014D0001CDF1734000013042445184C9307000840
:1014E0006317F7009C409C4393F707041CCC1C40F7
:1014F00093F7070489CB83A74187829748D81C407C
:1015000093F7F7FB1CC01C4093F7070289CF1C40E0
:1015100003A7418CB706080093F7F7FD1CC05C5485
:1015200014C786077CD71C4893F7070489EF8547C3
:101530005CC83707020083A7418C98C71307000CCB
:1015400018C81854F8D383270900985F13574748E1
:1015500011CF985F1367070198DF83A7418C23A2FF
:1015600007068547173700002328F73C9C40D843DF
:101570001357174819C7D843759BD8C3D843799BCD
:10158000D8C3B240224492440249410182800537C7
:10159000730020309737000093870739370704001E
:1015A00088DB698F01CF03A7418CFD5634D797366E
:1015B00000009386A600D84E0507D8CE1377850085
:1015C00019CF984783A6418B1367170098C7130755
:1015D000000898CBD856719B13671700D8D613779D
:1015E000150001CFD84383A6418B13671700D8C3DA
:1015F000D856719B13671700D8D61377650019CF9B
:101600001377450059C398431367170098C383A6FF
:10161000418BD856719B13671700D8D64167698FE5
:101620000DC39736000083C66614C18A17370000C1
:101630001307870CA5C28346470793E60602230AD1
:10164000D70637070200698F01CF984B1377070839
:1016500019C3054798CB83A7418C3707020098C769
:10166000B70708007D8D0DC117370000034717101D
:10167000058B97370000938727081DCB03C75707B3
:1016800013672700A38AE7068280D84713671700ED
:10169000D8C7B5BF834647070946BD8A6388C600D9
:1016A000834647070D46BD8AE39DC6F8914641BF74
:1016B00003C75707118B69DB03C7570713678700F9
:1016C000D1B783A6418C173700001307E7251C43C9
:1016D000858B91E75C43858B99E3FC52EDFB973753
:1016E000000023AD072482809386418B2A8788429D
:1016F0001C5D93D75748D1E781C51C59BD839CA178
:1017000015C69C42945BC60693D7660163D6060055
:1017100093E707C0B3C7070883160600939757607F
:10172000B9C6BE968947B3C6F60216A283A7418CF6
:10173000BC4B083393D757488DCF29C59736000047
:1017400083A6062093F606049307950009459DCAD3
:10175000BA979C230547194593F6F7066394E6026A
:1017600001459397476063DF0700394582801EA2D9
:1017700075BF2A9748331375F5077D153335A000DB
:1017800082800545828083A7C18B99CB944BD04B37
:101790009842518F98C294439C479842D98F9CC2DB
:1017A0001386418C0548184283A6418B9737000069
:1017B000938787176312050503A8060013680808B6
:1017C00023A0060183C62702B3C5D52054479385BD
:1017D000A50C13981649232607010F100000184284
:1017E00037060200860510C71306000890CB6CD39D
:1017F00054C7238CA18A828088421375F5F788C26A
:1018000083C62702B3E5D52054479385E50E13958B
:10181000164948C70F100000184237060200860517
:1018200010C71306000890CB6CD354C70945D1B735
:10183000411122C4AA8706C626C22E851384418C74
:10184000B285DDE71C40F8537DFF3707020098C7DB
:101850009737000023AE070C97340000938484D898
:10186000DC5085C7B7E700E03707200023A0E72852
:10187000B7F700E0938707D0984B6D9B98CB984BB8
:101880001367870398CB73005010F53D83A7418BF6
:1018900098431317772998C3D857719BD8D7973790
:1018A000000023AD07089737000023A107081C405C
:1018B000094798C3DC5099CB37F700E0832707D15D
:1018C00093E787002328F7D0730050101440173790
:1018D0000000130767051C47858B91E75C47858BE4
:1018E00099E3FC52EDFBB2402244924441018280D4
:1018F0000D47639EE7049737000023AB0702973735
:10190000000023A90702973400009384A4CDDC5083
:1019100085C7B7E700E03707200023A0E728B7F71F
:1019200000E0938707D0984B6D9B98CB984B13673B
:10193000870398CB73005010B93583A7418B984328
:101940001317772998C3D857719BD8D7A5B70547E0
:10195000E39EE7F6973600009386C6C8DC5285C73B
:10196000B7E700E03707200023A0E728B7F700E03B
:10197000938707D0984B6D9B98CB984B1367870341
:1019800098CB730050101C40D04713171649D8C786
:101990000F1000001C403707020098C7130700080B
:1019A0009735000023AAE5F803A7418B1843135786
:1019B000774819C71307E018F8D3D0C7DC52E5BD44
:1019C0001307E01AD5BF83A7C18B89CFD44303A8DF
:1019D000870098423367070198C2D447DC4B98428E
:1019E000D98F9CC2054783A7418B9505631EE502ED
:1019F00098431367070898C3984F137707C0136776
:101A0000A71398CF13078007B8BB93973500938728
:101A1000C70317370000130727F11CD7238CA18AAF
:101A200019C2060610D78280984309451377F7F745
:101A300098C3984F137707C01367271398CF1307DE
:101A4000F007B8BB939745009387C703D9B783A71F
:101A5000418C8847D847798D11C588C783A7018CE9
:101A600091C382878280896703A7418C938707F49B
:101A70007CD383A6418D83A7060993D7A74991C735
:101A800083A7060993D7974999E37C53EDF78280A2
:101A90004111B7E700E022C480433707200006C6A3
:101AA000798C23A0E7180F10000011C199E5B7E762
:101AB00000E023A08710014549A80D05334505081E
:101AC000130740037199B34705086362A70203A592
:101AD000418E83A6C18D639FA600173700000327A0
:101AE00067B371D7C207DD8D05450297C9B703A556
:101AF000018EC5B77A2131EF5A21636CF704B30622
:101B0000F740214817360000130646AB6375D8022C
:101B10008328050003586600938687001D8FAA96C8
:101B20006117DAA223A016012393060014C15EA157
:101B3000130788FF7AA27A226EA12105B307F74026
:101B40007EA2B7E700E023A08710B2402244410103
:101B50008280084149B7B7E700E08C43370720008F
:101B600023A0E718F98D0F10000001E523A0B7109E
:101B7000828003A3418E83A8C18D9A87814663F832
:101B8000170903A807006367F5086365A8081387AA
:101B90008700636EE506F223216705076317E600F9
:101BA0001386218A1822050718A21735000013058D
:101BB000E5A0D2237A212393070032973347070801
:101BC0007AA16383670203A3018E630FF30003D33B
:101BD0006600631B0300DE2223A0060121073E9658
:101BE0002106D2A27AA1B68798436302170383A67F
:101BF000018E630ED700762399EAD6235223184329
:101C0000A106B296D6A398C37E21A1077EA1B7E70D
:101C100000E0A9BFBE86C2879DB7AA8703A7418EF1
:101C200003A6C18DB305B5406314E6003E8529A81F
:101C3000930687001843E3E9D7FEE3F7E7FE2E8516
:101C4000E3E4D5FEE3F2E5FE8280411122C406C63C
:101C500026C24AC02E848DCD13F915008147414715
:101C600063020904131745003E97B1463307D702B4
:101C700083A44188B317F02833C90708BA949C405D
:101C8000C840829723A0040023A2040033448900A3
:101C9000B240228522449244024941018280B356D7
:101CA000F448E9F28507E39CE7FECDB7011126CAA7
:101CB00006CE22CC4AC84EC6AE84A1C593F7150005
:101CC00001444147B1CB93174500A2973147B387F1
:101CD000E7029389418803A909003E9983270900F7
:101CE00081C703254900829731473307E40283A760
:101CF0000900BA979C478DC733148028B34704085E
:101D0000BD8CF24062444249B2492685D244056105
:101D10008280B3D68448C5FA0504E31CE4FECDB73F
:101D20002320090023220900C1BFAA8703A5C18778
:101D300011E182803A216315B7001821E30BF7FE09
:101D40004845FDB77971B7E700E022D4804352CC13
:101D500006D626D24AD04ECE56CA5AC85EC662C4ED
:101D60003A8A37072000798C23A0E7180F1000006B
:101D700005E123A087100945B2502254925402591C
:101D8000F249624AD24A424BB24B224C45618280B0
:101D900083A74187B6892A89AE8A328B938B418883
:101DA000829703A70B008144B146C147338CD4020C
:101DB0003306870110422DEEC165938505F041453C
:101DC000C13919ED9737000083A7C78481C78145C2
:101DD00011458297B7E700E023A087102D4569BF22
:101DE0001387C1871C43A1E308C323000500B31771
:101DF00090283EA183A70B0023260500232465011C
:101E000023224501E29723A0270123A2570123A4FF
:101E100047016384090023809900B7E700E023A00D
:101E20008710014591BF3E87DC47F5FF48C775BF66
:101E30008504E39DF4F6B7E700E023A08710214571
:101E400025BFB7E700E09843B706200023A0D718C6
:101E5000758F0F1000009726000083C636766371D9
:101E6000D50283A601883325D5201621D58D0EA154
:101E70009726000023AC067423A0E710014582805A
:101E800023A0E7100D4582800111B7E700E022CCC6
:101E900080433707200006CE26CA4AC8798C23A083
:101EA000E7180F100000BD4763E7A7043147330769
:101EB000E50283A74188BA979C4395CF3315A028A4
:101EC0002E89B345050801452EC68535AA8409C962
:101ED000B2450145974001E0E780203623A4240164
:101EE000B7E700E023A087100145F2406244D244E6
:101EF000424905618280B7E700E023A087100945C9
:101F0000EDB79727000083C7B77AAA86850703A590
:101F10004189014712216307D60005071905E36BC4
:101F2000F7FE014582802A8703A5818911E182801D
:101F30001C45B227636BC70003584500B306C800B1
:101F40006355D7008146639406010841C5B703D3A2
:101F5000A700938807016316E30091C192A13E8513
:101F600082808506C687B3C60608F1BF97260000A3
:101F700083C6067483A7818A01476394E6000145FE
:101F80008280AE231386C7036394A5003E858280BA
:101F900005071377F70FB287CDB783A7418B984317
:101FA0003706CEFF7D161377F7CF1367071098C358
:101FB00003A7418D1447370803001375F51FF18EF1
:101FC00014C783A6418C23A8060523A40700904BC1
:101FD00093F5F507130888151366F60390CB904325
:101FE0001366060890C3F04F137606E0498EF0CFD3
:101FF00023AC070423A007065057759A50D7904387
:10200000137606F84D8E90C31306401FF0D2173694
:102010000000232506921736000023290690054666
:1020200090C29043B70533001376F6CF90C3904328
:102030001376F6CF1366062090C310474D8E10C757
:1020400023A80605D8531317F728D8D32547F052ED
:1020500001C6B04FE37DC7FED8531317F748D8D356
:10206000A8531335450082801387418C1443BC4A22
:10207000BD9BBCCA01000100010001001C43B44B20
:1020800093F6F68FB4CB944393E6860094C3010095
:1020900001000100010083A6418B9C4293F7F7CF1A
:1020A00093E707109CC203A6418D1C46B706CEFFDE
:1020B000FD16F58F1CC61C4337070300B8CB83A75A
:1020C000C18B99CBD44390479842518F98C2944B7F
:1020D000DC4B9842D98F9CC29737000023A4078617
:1020E000828083A7418C9C438D8BE9C74111B7E760
:1020F00000E04AC003A9070026C23707200006C631
:1021000022C4AA843379E90023A0E7180F10000045
:102110001734000013044481584C8D47631AF700AC
:102120009727000083A7075A0146814545458297B6
:1021300019476391E4048347140289CB834704025F
:102140006396970097370000A3800780584CA147FB
:102150006315F700930780101EB023860186293788
:10216000B2402244B7E700E023A02711924402497D
:10217000410182809D47639BF40083471402F9D795
:10218000034704028D47E313F7FC6DBF544C63898A
:10219000E600584C6306F700584CA147E31FF7FAD6
:1021A00083471402DDFB5C4C2300F4028547A30047
:0821B000F40265B78280000013
:1021B80097110020938101B517E10120130101E473
:1021C8001305400097E5FF1F938545E317E6FF1FBA
:1021D8001306860263FAC5008322050023A0550072
:1021E80011059105E3EAC5FE17E5FF1F130505F67E
:1021F8000285397101436EC619A0397141536AC805
:1022080066CA62CC5ECE19A0397101535AD056D233
:1022180052D44ED64AD826DA22DC06DE3301614093
:10222800828241114AC026C222C406C68282B24DA9
:102238004101024D924C224CB24B4101024B924A51
:10224800224AB2494101024992442244B240410122
:1022580082802A8309CA83830500230073007D16C0
:10226800050385056DFA82802A8311C62300B30011
:102278007D16050365FE82801021942105058505DC
:102288006313D60075FA3305D6408280B71700402D
:1022980003C777051377E70FA38BE704130700F845
:1022A800A38DE7043D47238CE70413075003A38C51
:1022B800E70403C7A7051377D70F238DE7048280A8
:1022C800371700408347E70412054111BD8BC98FBA
:1022D80093F7F70F93068008F3B6068093F68608FF
:1022E80036C60F100000930670052300D704930626
:1022F80080FA2300D7040F1000002307F7042300F7
:102308000704B247F3A707800F100000410182803D
:10231800B717004003C7E7020D8941111377C70FAC
:10232800498F93068008F3B6068093F6860836C66A
:102338000F100000930670052380D704930680FAD7
:102348002380D7040F1000002387E70223800704A7
:10235800B247F3A707800F100000410182804111A6
:102368002A830148930E407E130F0019930F4006ED
:10237800B348030863EF1E011303001933736502A2
:102388008542FD4363F6B2088D4F214F930E4006F8
:10239800A1A07D13336EE3039308E016630E0E00CD
:1023A800336EF3039308D01663080E009378330056
:1023B80093B818009388D816C29833C808084DBF38
:1023C80093F81500138EF5FF637CBF02F908C298D5
:1023D80033C80808B3450E08E394F5FF8545630B39
:1023E8000300B378D50381456386080093753500EB
:1023F80093B51500F105C29533C805088945E9BFAD
:10240800B3881341C29833C80808B3450E089DBF66
:102418007D16329879463307C70213D61700BE07D0
:102428003348080832976146B3F6C602130680702F
:10243800B386C6023697A166F58F4207D98FB716BD
:10244800004003C7F60213770708D883908303C7B1
:10245800F60213770708E316E6FE9883B7160040DE
:102468004DCF1307800873370780137787083AC45E
:102478000F10000037170040930670052300D7049B
:10248800930680FA2300D7040F100000232A0703BD
:102498008346170393E60608A308D7022300070418
:1024A8002247732707800F10000011663717004076
:1024B8007D16545B4C5FAD8EF18EE5FE9306800869
:1024C800F3B6068093F6860836C60F10000093060A
:1024D80070052300D704930680FA2300D7040F1051
:1024E80000005CDB8347170393E70704A308F702A0
:1024F80023000704B247F3A707800F10000041012B
:10250800828003C7F60213770708D883908303C72E
:10251800F60213770708E316E6FE98837DD391B792
:1025280055714EDF86C7A2C5A6C3CAC152DD56DBA8
:102538005AD95ED762D566D36AD16ECFAA8982C0CE
:10254800EF00D01D93078008F3B7078093F787083B
:10255800BEC20F100000B717004013077005238094
:10256800E704130780FA2380E7040F10000003C76D
:10257800F7021377770FA387E70203C7F7021367FA
:102588008700A387E702238007049647F3A70780FD
:102598000F100000130B80C1334B650391679387BD
:1025A80007E8130A30029546B347F502330A4B038E
:1025B8003EC8FD873ED2BD67938707A6334AFA0215
:1025C8001357FA413ACA330740413AD47D873ACC87
:1025D8001307A0FB3307EB02B347F702056713079E
:1025E80007FA3ECEFD873ED6938729003319F700B8
:1025F80063E436013319370161671307076A334506
:10260800E50213070010B317F0288D873EC49547DD
:102618003309A9023349E902130740063309E902DD
:102628001307D0073349E9021357F9413AD833174A
:1026380030290D873AC663EF374993075047B307E8
:10264800F7023D67130707A6116C814A814B1304F3
:102658008008371D0040930480FA7D1CB387670308
:10266800B307F040B3C7E7023ED0FD873EDA7337C1
:10267800048013778708BAC40F1000001307700589
:102688002300ED04930D0D0423009D040F1000009A
:1026980003473D051377870FA309ED0403473D055D
:1026A80013671700A309ED0423000D0426477327B9
:1026B80007800F100000930C7005733704801377A0
:1026C8008708BAC60F100000930770052380FD0025
:1026D80023809D000F10000003473D051367070284
:1026E800A309ED0403570D051317E7282318ED0474
:1026F80003570D051317F7282318ED0423800D0041
:102708003647732707800F10000003473D051377EE
:1027180007026305073C03473D05218B6DDF8800F1
:1027280097E0FF1FE78080027337048013778708DC
:10273800BACA0F10000023809D0123809D000F104E
:10274800000003473D051377F70DA309ED04034780
:102758003D0513670702A309ED0403570D05131779
:10276800E7282318ED0403570D051317F728231836
:10277800ED0423800D005647732707800F100000D3
:1027880003473D05137707026301073803473D05F3
:10279800218B6DFF97E0FF1FE78080DF2A873ADCF7
:1027A80097E0FF1FE780C0DE6257E30AE5FE0357A4
:1027B8000D0506451317E7282318ED0497E0FF1FBA
:1027C800E78080FA03473D05218B6DDF03570D0530
:1027D80083462D05C24733778701B386860313D610
:1027E800F641BA96B388F640925733B7E600329767
:1027F8001D8FD247B3B61601158F63C6E700631C59
:10280800F700637A1A01E2476348F7326395E700F5
:10281800A25763E3F832894663F27633733704804C
:1028280013778708BAD00F1000001307700523002C
:10283800ED0423009D040F10000003473D0593F6A7
:10284800F90F1377870FA309ED0403473D05558F4B
:10285800A309ED0423000D040657732707800F1002
:1028680000001306700503473D051D8B63103737BD
:102878007337048013778708BAD40F100000130742
:1028880070052300ED0423009D040F10000003478A
:102898003D051377F70DA309ED0403473D051367BD
:1028A8000702A309ED0403570D051317E72823189A
:1028B800ED0403570D051317F7282318ED0423001B
:1028C8000D042657732707800F1000009306700524
:1028D80003473D05137707026304073203473D05A5
:1028E800218B6DDF880097E0FF1FE78020E67337B4
:1028F800048013778708BAD80F10000013077005F3
:102908002300ED0423009D040F10000003473D053C
:102918001377F70DA309ED0403473D051367070275
:10292800A309ED0403570D051317E7282318ED0431
:1029380003570D051317F7282318ED0423000D047A
:102948004657732707800F1000009306700503474A
:102958003D05137707026300072E03473D05218BCA
:102968006DFF97E0FF1FE780A0C2AA8C97E0FF1FCA
:10297800E78000C2E30C95FF03570D0506451317C2
:10298800E7282318ED0497E0FF1FE780E0DD034701
:102998003D05218B6DDF7337048013778708BADC18
:1029A8000F100000130770052300ED0423009D0499
:1029B8000F10000003473D051377F70DA309ED0439
:1029C80023000D046657732707800F100000035774
:1029D8000D0583462D05C25733778701B3868603D5
:1029E80013D6F641BA9633B7E600329733882641B4
:1029F800B3B606011D8F158F6346E00063180726DE
:102A0800630608261305800C3307E5020256D256E2
:102A1800B335050333050503BA95EF70C140930636
:102A2800150033B5A6002E951357F501BA9633B79E
:102A3800E6002A971316F70185820587D18E63462B
:102A4800E000631F072C638D062C0356CD02158208
:102A5800B305D60033B6C50032976348E00063106B
:102A680007361307F00F637CB7340947637157279C
:102A780093078008F3B7078093F78708BEDE0F1027
:102A88000000B7170040130770052380E7041307F9
:102A980080FA2380E7040F100000DA378966811670
:102AA800558F33470708DAB723800704F657F3A78B
:102AB80007800F100000BE402E449E440E49FA596C
:102AC8006A5ADA5A4A5BBA5B2A5C9A5C0A5DFA4D22
:102AD8006961828022479307504795B6733704800F
:102AE80013778708BAC80F10000023809D01238040
:102AF8009D000F10000003473D0513670702A30957
:102B0800ED0423800D004647EDBE7337048013772C
:102B18008708BACC0F10000023809D0123809D00F8
:102B28000F10000003473D0513670702A309ED04D2
:102B380023800D00664789B1E3920BCE7246B256E8
:102B48009315170013D3F80113951800B365B30054
:102B58003ADE46DCEF70212D7257850B93FBFB0F95
:102B68006346E00031EFE258638C080493061500D1
:102B780033B5A600AA9513D7F501BA9633B7E60080
:102B88002E9785827E07558FF336048093F6860844
:102B9800B6CE0F10000023809D0123809D000F10EA
:102BA80000008356CD023697334707082316ED02F7
:102BB80023800D007647732707800F100000F5BCAF
:102BC8009306F5FF13351500898D75B773370480A3
:102BD80013778708BAD20F1000002300CD04230012
:102BE8009D040F10000003473D05558FA309ED0410
:102BF80023000D041657732707800F100000A5B196
:102C08007337048013778708BAD60F1000002300A3
:102C1800DD0423009D040F10000003473D051367E2
:102C28000702A309ED0423000D0436577327078014
:102C38000F10000071B97337048013778708BADA68
:102C48000F1000002300DD0423009D040F10000076
:102C580003473D0513670702A309ED0423000D048C
:102C68005657732707800F100000D5B19305800CC5
:102C78003387E50233850503B3B50503BA951547D0
:102C880063733705A247130750473387E7023306B4
:102C980060413306E6023D67130707A63346E6029E
:102CA8009356F641EF7021181306F5FF13351500FA
:102CB800898D13D7F5013A963337E6002E97931688
:102CC800F70105829DBBB247130750477DBF130725
:102CD800800873370780137787083AC10F10000000
:102CE800B7160040130770052380E604130780FA1F
:102CF8002380E6040F100000DA3605660116137704
:102D0800F70F518F33470708DAB6238006040A47BE
:102D1800732707800F100000850A93FAFA0F81BA0B
:102D280033E6E60049CE0356CD02B335D00033076B
:102D3800E0400D8F3305D04015826345E00041E344
:102D4800637FA6060947637E570393078008F3B796
:102D5800078093F787083EC30F100000B71700409D
:102D6800130770052380E704130780FA2380E7041C
:102D78000F100000DA377D8BDAB7238007049A47F3
:102D88003DB373370480137787083AC50F100000E6
:102D9800130770052300ED0423009D040F100000A5
:102DA8000357CD02856681161377F70F558F334782
:102DB80007082316ED0223000D042A4791BF930745
:102DC8008008F3B7078093F787083EC70F10000005
:102DD800B7170040130770052380E704130780FA2C
:102DE8002380E7040F100000DA379606369733473A
:102DF8000708DAB723800704BA4755B9914763EC47
:102E0800B70497970100938767BAB3C5F52098412F
:102E18003E97B71700409387470B028794433717AD
:102E28000040B3F6A64094C39306070B9C42B3F741
:102E3800A74019A8944337170040B3F6A64094C397
:102E48009306070B9C42C98F9CC29307070A9843B5
:102E58003377A74098C38280944337170040C98EC0
:102E6800D9B798433377A74098C3B71700409387DB
:102E7800070A9843498FF9BF9843498FF5B7914797
:102E880063ECB70497970100938787B3B3C5F52020
:102E980098413E97B71700409387470D02879443A0
:102EA80037170040B3F6A64094C39306070D9C421B
:102EB800B3F7A74019A8944337170040B3F6A640C4
:102EC80094C39306070D9C42C98F9CC29307070CB5
:102ED80098433377A74098C38280944337170040BC
:102EE800C98ED9B798433377A74098C3B71700401E
:102EF8009387070C9843498FF9BF9843498FF5B7D3
:102F080019C5371700401E2FCD8F1EAF8280B71707
:102F180000409A2FB375B7408EAF8280B717004034
:102F28009A279306000C1377070C630AD7049A278D
:102F3800137707100DC79A279E277D8B09EB93F708
:102F48000720B1C33755E80113050580828037C5CE
:102F58009812FD8B130505E03345F50282809A2708
:102F68009E2713770720FD8B11C73755E8011305F6
:102F78000580DDB73725F40013050540F1BF21654D
:102F8800130505D082803725F4001305054082809B
:102F9800B7F700E08847828032858147373700409D
:102FA800A14663C3A70082803037E30FD6FE33867D
:102FB800F5001022850710A7EDB797F6FF1F938637
:102FC8006654AA8788421727002013072799AA97CB
:102FD80063E9E7000A87130707FC6364F7009CC2EC
:102FE80082807D558280411122C406C62A843D37DD
:102FF8002947B307E502B2408D83B3D7870222443D
:103008009507B3D7E70237370040B3C707085EA76D
:1030180041018280716541111305052006C6E1371B
:10302800B7370040130770F8B8A30D47B8B31307B4
:10303800000498B30547F8A7B2404101828023886D
:10304800018423A60184B71700401387070C144393
:103058009387070D9396664914C3944393966629FC
:1030680094C31443BD9A14C398431367070198C3C4
:10307800828023A6A18413064006894503C581855D
:103088006F30A11E371700401307470C1C43B706C3
:103098004000F58F1443138701851023C18A13B5A7
:1030A800170091EA13652500630DA60008A383A7FE
:1030B800C18481CB82876306A60008A399E30545EE
:1030C800FDB7828011456FF0AFC541119396250079
:1030D800AA852D4506C697E0FF1FE780A08AB24063
:1030E800014541018280011122CC06CE37140040EF
:1030F80026CA4AC84EC652C483447405034AB40556
:103108008349840503499405EFF04F988347A40544
:1031180093F4F40F137AFA0F93E71700230DF404CE
:1031280093F9F90F1379F90FB717004003C7A705EB
:10313800058B6DFF03D5C705A38D4705238C370580
:10314800A38C2705A38B9704F2406244D2444249DA
:10315800B249224A05618280411122C406C62E84E2
:103168009397556063DF070097E0FF1FE780C0BAB9
:1031780019C1EF2071731315F468B240224441015C
:10318800828093F7150013C51500E5FB93F725001A
:1031980081CFCD3D1306000A894503C58185EF30EF
:1031A800C10C13452400D1BF8967ED8F85C3EF504B
:1031B800B165093F37F60200130606E0896503C5C5
:1031C8008185EF30810A1315D46845BF11656D8D6F
:1031D8004DD5178501001305E57FEF70E15F1306F4
:1031E8000064916503C58185EF3021081315E468F3
:1031F80069B72D71232A9110FD74E98C232C811055
:1032080023282111232631112A84AE893289930675
:1032180000100A86A6852D45232E111097D0FF1F72
:10322800E780407613154401498113962900CA8521
:103238000A9597E0FF1FE78020B7A68585660146B7
:10324800254597D0FF1FE780E0730A86A685930679
:103258000010294597D0FF1FE780C0728320C11155
:103268000324811183244111032901118329C110E9
:1032780015618280011183A7818406CE22CC26CADB
:10328800BD8B21476399E700AD37F2406244D244D1
:10329800014505618280B7F70700DC532A84B284B0
:1032A800BD8B939625006397E7008567FD17F58F1B
:1032B80091C301A0A2850146254536C697D0FF1FB8
:1032C800E780406CB2462686A285294597D0FF1F25
:1032D800E780406B5DBF1D71494697850100938566
:1032E800A56F179501001305256086CEA2CC97E03F
:1032F800FF1FE78040B101E9178501001305056F3D
:10330800EF70814D01A0B7F700E023A407007957BB
:1033180098CB3D4798C30564B7E700E023A087181A
:103328000F10000017E7FF1F1307871423AAE18473
:10333800130700F8A38AE7401306C003814548082D
:1033480097E0FF1FE78000A997070020938747B5FC
:103358003ECA9D673ECEB7070105938707103ED04A
:10336800ED472312F10285472303F1029707000076
:103378009387E7D5BEC4970700009387E7EFBEC6DB
:10338800930754D12314F10297070000938787C04D
:103398003EDAB7F5070097070000938707D53EDEAA
:1033A800814697070000938727D27000E1051945E9
:1033B800BEC0E08497D0FF1FE780C05C19466C0050
:1033C8001305E102EFE0FFE8D24781C7BC8463F34D
:1033D800870001A04808EF304124AA8501C9178554
:1033E80001001305E561EF70811D01A0F6406644F8
:1033F80025618280411117050000130525D606C6F0
:1034080022C4EF30E11E1384818508A019280539EC
:1034180008202244B24013060032896541016F201A
:10342800D164397106DE13078008F337078093F7F4
:1034380087083EC20F100000B717004093057005BB
:103448002380B704130680FA2380C7040F100000F6
:1034580083C6F70293F6A60FA387D7022380070433
:103468009246F3A606800F10000073370780137783
:1034780087083AC40F1000002380B7042380C704CC
:103488000F10000003C7F70213672700A387E7029E
:1034980023800704A247F3A707800F100000054503
:1034A800EFE01FE70531814701478146054685451D
:1034B8001305407EEFE0BFEA68001306400281452D
:1034C80097E0FF1FE7800091B707C0A83ECAB787FB
:1034D800E803938707D03ECC97D7FF1F9387673AB7
:1034E8003EC6680097D7FF1F9387273B3EC8EF303B
:1034F800E12FF25021618280411197850100938567
:103508006568178501001305A55106C6EF70210BE4
:10351800178501001305C551EF70610A2945EF7041
:10352800A10DB24041016F2060464111978501000D
:103538009385C561178501001305854E06C6EF7092
:10354800010813050002EF70210B2945EF70C10A2D
:10355800EF20F1448567138707773376E502B24099
:103568009387873803C50186854541013E966F20BC
:10357800D14F4111978501009385C55B17850100DF
:103588001305054A06C6EF70810313050002EF70A4
:10359800A1062945EF704106B24003C5018685455D
:1035A80041016F205161411106C61717002013070A
:1035B800279C5C37F99B5CB7EF90403F05E1EF1023
:1035C800105FEF209018B2403726090003C5018626
:1035D8001306067C854541016F203149B2404101FF
:1035E8008280411197850100938545571785010011
:1035F8001305054306C6EF60917C2945EF60D17F2E
:10360800B24041014DB7411197850100938545535B
:10361800178501001305C54006C622C426C24AC044
:10362800EF60F1792945EF60317DEF90203819E599
:103638002244B240924402494101B5B717F9FF1F2D
:10364800130949B8832709057574F1747D1486A395
:10365800A2A317F5FF1F1305E5BAEFC0702F832744
:10366800C90417F5FF1F1305E5B923900700EFC03C
:10367800902C17F5FF1F1305A5C41C4986A3A2A308
:10368800EFC0102D17F5FF1F130585C35C452244B5
:10369800B240924402492390070041016FC0B0290B
:1036A8004111978501009385E550178501001305A1
:1036B800253706C622C426C2EF6071702945EF601F
:1036C800B173EF90A02E05E9978501009385854E8B
:1036D800178501001305C534EF60716E1785010069
:1036E80013050536EF60B16D2244B2409244294576
:1036F80041016F60717013050002EF00B02F2A843A
:1037080005E1978501009385E54A178501001305B2
:103718002531EF60D16A178501001305E533D9B764
:10372800A5471CB19307C0125CC1FD575CA5EF000B
:10373800902B08A0084CB705D4009385851A31054D
:10374800EF102010084C0C203105EF20101D084CFC
:10375800930500103105EF20901D044C0565F121FB
:10376800B104AA852685EF20501B22852244B24049
:10377800924441016F00102E13F5150021C9411123
:1037880022C4178501001305A5292E8497850100F9
:103798009385453906C6EF6091622945EF60D1658A
:1037A800EF90C02001C9ED3DB240134514002244FA
:1037B80041018280170700201307877B5C37F99B3C
:1037C80093E717005CB7EF101040F9BF828079715A
:1037D800978501009385053D17850100130545244C
:1037E80006D6EF60D15D2945EF60116161468145DC
:1037F8002800EFE07FA7EF00101FA547DC849307A0
:10380800C01248843EC60565FD57230AF100B92B4E
:10381800EF90C0191DE5978501009385A538178598
:1038280001001305E51FEF60915917850100130585
:103838002521EF60D1582945EF60115CB2504561F0
:1038480082802800EF00D021D5BF41119785010063
:1038580093850534178501001305851C06C622C407
:10386800EF60F1552945EF603159EF9020141DE5BF
:10387800978501009385C531178501001305451A01
:10388800EF60F153178501001305851BEF60315375
:103898002244B240294541016F6011564145EF006D
:1038A80070152A8405E1978501009385652E178593
:1038B80001001305E516EF60915017850100130507
:1038C800A519E9B7A5471CB19307C0125CC1938736
:1038D80001825CC9FD575CA5EF00F01008A0084CF8
:1038E800B705D4009385851A3105EF009075084C0B
:1038F8000C203105EF207002084CBD65A505310587
:10390800EF20F002084C930530023105EF20F0005B
:1039180022852244B24041016F00D013411122C4D4
:1039280097850100938545252A841785010013058D
:10393800250F06C6EF60B148A2851785010013055B
:103948002513EF60D1472945EF60114B854763097F
:10395800F4008947630AF400B2402244410182809E
:103968002244B2404101A5B52244B2404101F1BD13
:10397800011135469785010093854510178501008B
:103988001305055F06CE22CC97D0FF1FE780A0471E
:103998000DE5978501009385251D17850100130501
:1039A8002508EF60D1411785010013052504EF6054
:1039B800B1622945EF60514401A097F7FF1F938733
:1039C80027CE3EC434009317B02813860183978509
:1039D80001009385253317850100130525343EC65C
:1039E800EF10D0462A840DC9978501009385C51725
:1039F800178501001305C502EF60713CA285178584
:103A080001001305A508EF60913B2945EF60D13E01
:103A1800F240624405618280EF70B054178501005E
:103A28001305051FEF005068EF40B049EFE020662E
:103A380017F5FF1F13050588EFE0005317850100F0
:103A480013058518EFE060662A84EF10E041EFA0C7
:103A5800A006EF00B104EF20C056EF10701CEFC0B5
:103A6800C06A978501009385251017850100130505
:103A780025FB09C8EF60B134A2851785010013053D
:103A8800250351B7EF60B13317850100130585048D
:103A9800EF60F1322945EF603136EFC0604DEF80BD
:103AA800F07029C5978501009385050C17850100DD
:103AB800130505F7EF60B1301785010013050503FD
:103AC800EF60F12F2945EF60313397850100938529
:103AD800A509178501001305A5F4EF60512E178578
:103AE80001001305E502EF60912D05B76D3CF1BFAC
:103AF800411117050000130565C806C6EF20512FB0
:103B08002380A18617E5FF1F1305857BEF00E07D65
:103B18008535EFF0CFD217050000130565E0EFF00B
:103B28004FD5B24081450565410101AA39711C088C
:103B380022DC3EC22E84B7072000A16526DA3EC4E7
:103B4800AA841C0893854520480006DE3EC6EF007F
:103B5800504FB717004083A5470C48009395C56898
:103B680093D5C548EF20605B978501009385851143
:103B7800178501001305C5EAEF6071240E24722031
:103B8800178501001305C509A18193F5F507EF60B5
:103B980011232945EF6051261C340147814693F7CC
:103BA800F707D917B337F000B307F0403CA450002B
:103BB800A2852685EF00306915C52A8497850100FE
:103BC8009385450C17850100130585E5EF60311FC6
:103BD800A2851785010013052506EF60511E2945AA
:103BE800EF609121F2506254D254216182804111D8
:103BF80022C426C22A84AE8417850100130545E233
:103C0800978501009385050706C6EF60511B1305CC
:103C18000002EF60711E2945EF60111E22852244C3
:103C2800B240A6859244410111B7B717004083A757
:103C3800470C7D8D133515008280411126C2AE8454
:103C48008D4522C406C62A84EFF06FA3B71700403B
:103C580081C823A6870CB240224492444101828045
:103C680023AC870CCDBF4111978501009385C5030F
:103C7800178501001305C5DA06C622C43284EF6031
:103C8800111413050002EF6031172945EF60D116B2
:103C98001840B717004083A7470C0C239397C768B1
:103CA80093D7C7486387F5002244B24005654101B0
:103CB80069B7B240224441018280797122D426D268
:103CC8002E844AD081453289AA846146280006D6C6
:103CD800EFE08FD9092BA547DC849307C0123EC6B5
:103CE8004884EF20C14B930720033375F50297856D
:103CF8000100938565FA2AC817850100130545D286
:103D0800EF60F10B0E24830684007220A18193F5E5
:103D1800F507178501001305A5F3EF60510A29453A
:103D2800EF60910D8327090005658C2339371C3412
:103D3800294793F7F7076385E700FD57230AF10042
:103D4800831764006359F000FD57230AF1009307B5
:103D5800400602C83EC628002123A2852685F933DD
:103D6800B2502254925402594561828041118D45C6
:103D780022C406C62A84EFF08F90B71700409387B5
:103D8800870C9843B24033458700224488C34101D9
:103D980082800111354697850100938525CE1785C8
:103DA80001001305E51C06CE97D0FF1FE780A0058C
:103DB80001E917850100130565F3EF60F12101A002
:103DC800EF40F1542AC6EF00F10FEF00E16EEF600B
:103DD8001053F2403245056182804111114506C6F3
:103DE800EFE00FCE1305503497C0FF1FE780C07B6C
:103DF800B7170040116723ACE70AC1450545EFF046
:103E08002F9085452165EFE07FFF8D451165EFE037
:103E1800FFFEEFF02FA0179501001305E5ACEF604A
:103E2800B11B178501001305A514EF60F11AEFF017
:103E38008FCAEFF02FDCB13F653997D0FF1FE780BD
:103E480000A801458280B7F70700DC532147AE86FA
:103E5800BD8B6396E7009397450191C301A0AA859E
:103E68000146254517D3FF1F6700C3B14111B2862C
:103E78002E86AA852D4506C697D0FF1FE78080B0FD
:103E8800B2400145410182801D7186CEA2CC9307C4
:103E9800000432C663E2C7022A840808EFE06FBB59
:103EA800B2461008A285294597D0FF1FE78080AD4C
:103EB800F6406644256182803955DDBF2E96178706
:103EC80001001307E7F46393C50082809C2109056C
:103ED80085059183BA979C23230FF5FE83C7F5FFC9
:103EE800BD8BBA979C23A30FF5FEF1BF41119785AF
:103EF8000100938525FC17850100130565B206C6E8
:103F0800EF60E16B13050002EF60016FB2402945D5
:103F180041016F60616E411197850100938585F7B6
:103F2800178501001305C5AF06C6EF604169130583
:103F38000002EF60616CB240294541016F60C16BBE
:103F48004111978501009385A5F317850100130595
:103F580025AD06C6EF60A16613050002EF60C169D2
:103F6800B240294541016F602169411197850100DF
:103F7800938545F017850100130585AA06C6EF60ED
:103F8800016413050002EF602167B2402945410131
:103F98006F6081664111978501009385E5EC17856F
:103FA80001001305E5A706C6EF606161130500026D
:103FB800EF608164B240294541016F60E1635C496B
:103FC800411122C406C62A8491C7DC4381C72E85C5
:103FD8000C4882971C4CC84BEF20010D1C4CB2407A
:103FE800224423AA0700410182804111328506C676
:103FF80022C426C22E844AC0EF20801CAA8497853A
:104008000100938525EA17850100130565A1EF6076
:10401800015B0307840072204E20A68617850100E5
:10402800130585D3EF60A1592945EF60E15C1704BA
:1040380000201304A4E717090020130929ED1C2008
:10404800639A9700814522859D3F4C2C03C52186A4
:10405800EF20613613040402E31324FFB240224424
:1040680092440249410182801D71A2CCCAC886CE01
:10407800A6CACEC6D2C417040020130424E35C2CBD
:104088002E89ED8FC9E78347C403ED8FD9E38347B2
:10409800C4050145ED8FA5C78947139A57001C1021
:1040A8003EC4B70720003EC697E9FF1F9389492100
:1040B8001C103EC883A7C90002CA02CC02CE9E23A8
:1040C800B3044401984CFC83FD77FC845C4BA1E766
:1040D80097850100938545D61785010013054594FA
:1040E800EF60E14D178501001305C5C9EF60214D4B
:1040F8002945EF6061505294482C3345A900F64099
:104108006644D6444649B649264A25618280814795
:1041180069B7854759B79C30A555B1CBFD17122B08
:104128004C479CB0DC242800230FF100EF10107DD1
:104138004E8526879386818230004C08EF00B010A8
:10414800AA8955D997850100938505CF1785010060
:104158001305058DEF60A146CE851785010013056F
:1041680025C3EF60C1452945EF600149D55526852E
:10417800B93551B79C4DDC4B99C7D041CC2D03C5FF
:1041880021866F20810E82801C4EDC4BA1CF41110D
:1041980026C206C622C4AE84A9C1978501009385AC
:1041A800E5CB178501001305A5873284EF6021410F
:1041B800A685178501001305E5BFEF604140294535
:1041C800EF6081434C2C2244B240924403C52186BF
:1041D8001306400641016F204109B240224492442F
:1041E80041018280828093871186882313071500F6
:1041F80098A3828097070020938747CB984F411157
:1042080026C2584B06C622C44AC0AA8421C3985F56
:10421800584B1DCFB84F584B1DE309471607338439
:10422800E70026850329840197D0FF1FE780A0A80F
:104238001C4C232AA9002285A6ABDC4B91E301453F
:10424800B240224492440249410182800147F9B7B1
:104258000547E9B710454C2D03C521866F20E100BD
:10426800411126C2AA84414506C622C4613705E920
:1042780097850100938545BD177501001305457A9B
:10428800EF60E133177501001305057DEF602133F9
:104298002244B2409244294541016F60E1356146AC
:1042A800A6852A84EFD0FFFA084CB705D400938579
:1042B800851A31057923084C8C203105EF10F065FB
:1042C800084C930500103105EF107066044C056525
:1042D800EFF0BF95B104AA852685EF1010642285FA
:1042E8002244B24092444101B5B715713707B1E590
:1042F80086CF970700209387A7C7A2CD1307871AF1
:1043080098C33707003F13075702D8C3377763A707
:104318001307C7AE98C788101307802FD8C7EF00B8
:10432800E165B70725E511464C0028103EC2EFF0BD
:10433800FFB8978501009385E5A90818EF60614AE1
:104348001946978501009385A5BD13051103EFF064
:10435800FFB6978501009385E5A71305D103EF60A4
:1043680041484146978501009385E5BB1305E10364
:10437800EFF0DFB4130660032C108810EF00C1665D
:104388008547630CF508978501009385A5A91775DE
:1043980001001305E568EF60812217850100130508
:1043A800A5A3EF60C1212945EF600125EF10315F1A
:1043B800938611869C22135785002A97BA9713571C
:1043C8000501BA976181AA979CA2170700201307D5
:1043D800E7B397070020938767AD98CF0547D8AF15
:1043E80017070020130747B498DF0947238EE70211
:1043F80017070020130707B5B8CF170500001305E6
:10440800E5C61147238EE704EF20811EFE406E4467
:104418002381A18601452D6182802A848C10280081
:10442800EF00A16263018502978501009385859F4E
:10443800177501001305C55EEF6061181785010047
:104448001305059BB9BF41462C001705002013052D
:1044580025B1EFD01FE099BFEFD21FDB2A840845B2
:104468002E89B28909C900C1970500009385C573D3
:104478006105EFF0907581447D5AEF10A00363C386
:10448800A4048144EF10000463C6A4049707002025
:10449800938707AF9C43DC47B307F9409187230212
:1044A800F400638109048327C900B307F4409587A2
:1044B800A302F4001C4C89C79C4799C322858297A4
:1044C8006FD0DFD75C44139714008504BA97239004
:1044D800470165B71C48139714008504BA972390C1
:1044E80007004DB7832789000547B307F440958730
:1044F800A302F40083570400638EE7028DC30947C3
:104508006384E7040D47E397E7FA978701009387E9
:10451800E7F41CCC97870100938747F511A8978784
:104528000100938727BB1CCC97870100938787BB23
:104538005CC849B7978701009387C7A61CCC9787A3
:104548000100938727A7EDB7978701009387C7F5E1
:104558001CCC97870100938727F6D9BF85E1EFD256
:104568005FCC004618448347940075839D8B631580
:10457800F700EF00901948C46FD0FFCC8280EFD2CB
:10458800BFC813893500C16442094111AA89014491
:10459800F11413590901054A2EC6EF00B071B2454E
:1045A8006346A400014541016FD05FC983A7090094
:1045B80013171400BA9783D707006388B70063946A
:1045C800970063742A010504C1BF0545E9BFEFD20E
:1045D800DFC2AA892E89328BB6843A8ABE8AEF80D6
:1045E800E03C4DC12685EF10502D8D4763E5A700AF
:1045F8007D556FD01FC483DB4400EF00B0712A845F
:10460800EF0090729307740031443305850263C547
:10461800A702EF003070EF00F06F2A84EF00D0702F
:104628009307740031443305850263CDA702EF0078
:10463800706E9307450019A8EF00106F33058502C7
:104648001307F0179307C017E357A7FC2D55E3C2CC
:1046580077FB63000B02D6865286A6854A85EFE073
:10466800305841BFEF00506C330585029307C5FFF2
:10467800F1BF832749001385C90083D52700013777
:1046880079F9BDB76955B5B797070020239CA78E60
:10469800970700209387C78E904381470C463307BE
:1046A800F500420741836393B7008280544613980C
:1046B80047008507C2962390E600D5B797070020E4
:1046C8009387078C9C4303C58700828017050020C9
:1046D8000355458B8280EFD2DFB4C1671387D7FFBC
:1046E8006307E5026368A700F117630EF50001454B
:1046F8006FD07FB51387E7FF630EE500FD171D8DAB
:1047080013351500F5B7EF4040347D15D5BFEF40A0
:10471800C011E5BFEF402010CDBFEFD29FB04111CF
:10472800AA8401442EC6EF00F059B2456346A4009E
:10473800014541016FD03FB19C48131514003E95C7
:1047480083570500E387B7FE0504E9BF0348550012
:10475800814693F7F60F63E5070181473E8582801E
:10476800584593975600BA9703D727006316B700A2
:1047780003D70700E304C7FE8506E1BF834645006B
:1047880001479377F70F63E4D700814711A81C45C9
:10479800131657000507B29703D60700E313B6FEB2
:1047A8003E858280EFD25FA693170501C18797FAED
:1047B800FF1F938AEA7C6353F00883A70A00C04767
:1047C8009C4703570400198D420541816366F50033
:1047D800014422856FD09FA612052A94DDBFDC47CD
:1047E80013944900014A3E94834744006341FA0206
:1047F800014A834754006346FA028509C20993D9DE
:10480800090183A70A009847E3EBE9FCD1B71C44E8
:1048180013195A00A6853E994A85013709ED050AFC
:10482800E1B75C4413195A00A6853E994A85F535C7
:1048380019E1050A7DBFE30209FC61BFAA84814929
:10484800C9B7EFD21F9E1C452A8481E79307C5008C
:104858001CC51C44231204001CC09307F00F63E915
:10486800B70093F5F50F2285EF10300B6FD0BF9D81
:1048780093940501C167C18063F7F500A685228579
:10488800EF10500DE5B7C18193F5F50F2285EF10B4
:10489800D008A6852285EF109009C9BF97F7FF1F9A
:1048A8009387076E884382801C4599C797F7FF1F37
:1048B80023A8A76C014582807D55828097F7FF1F4A
:1048C8009387076C984383474500484792073E956E
:1048D8008280EFD21F95617100451C183EC6B7074C
:1048E80080013EC81C183ECA8357440002CE02D03D
:1048F80002CC231EF100834784002A8902D22301B7
:10490800F1023C083ED402D6553F835705002316D2
:10491800F102EF3010632307A1025C4003556400E5
:10492800F18313F717008347F10252055181F99B70
:10493800D98FA307F102EFE0101C39C5AA840355EB
:104948000500EF80800783D704002AD26800231C63
:10495800F10083D72400231DF1001C4803D647002B
:104968008C43EF10A0798347B400CA8617760100FC
:104978001306C65C8117A305F4006C004810EFE02D
:1049880030265D616FD03F8C2155E5BF1C45B1CF06
:1049980003C5A700894613576500630BD7028D46E8
:1049A800630ED70285466300D70213074006330516
:1049B800E50203C7B700418B15CB83C7B700BD8B92
:1049C8003355F54082801375F5031307803EC5B74C
:1049D80009671375F50313070771D1BF3727090056
:1049E8001375F5031307077CD9B701458280EFD209
:1049F8005F8303A98500630409048347B900AE8473
:104A080093F7070E91CF03459900930520030D8175
:104A18000505B305B50288446105EFF0302705A008
:104A28002E85AD372A8401CDCD218325C900B30752
:104A3800B54063F887002E94B305A440E9FD6FD014
:104A48009F808545C9BFEFD2CFFD2A8403D50500D5
:104A5800011132C636C43AC22EC002CA02CC02CEF6
:104A6800EF70B07582452ACA22852ECC813D035746
:104A78000500231EE100EF30D04CA2463246924793
:104A8800230FA10036874C08B28622850146EFF035
:104A98001FB405616FD02FFBEFD2AFF861711C18FE
:104AA8003EC6B70780013EC81C183ECA3C080045F0
:104AB8003ED4AA8402CC02CE02D002D202D6FD3B5A
:104AC8008357050035592316F102EF309047230725
:104AD800A10209C48357440091E721594A855D61C1
:104AE8006FD06FF60355640052055181EFE0B000B6
:104AF8002A8965D58347B40093F7070E89C713053C
:104B08008401EFF0301A83574400231EF1008347D5
:104B180084002301F1025C4003550900D98313F78F
:104B2800070883471102231CA10093F7F707D98FC1
:104B3800A300F10283572900231DF1005C40F18393
:104B480013F717008347F102F99BD98FA307F102E6
:104B5800EF70B0662AD251D183479400680013974A
:104B680057008347B400FD8BD98FA305F4001C4878
:104B780003D647008C43EF106058A68717770100CB
:104B88001307C73B740005464C102685EFF03FA479
:104B98002A8929D58347B400A685FD8BA305F4008F
:104BA800B9352DBFEFD2EFE7832485FE2A84411162
:104BB8002685E93B834734FF93F7070E9DC32AC632
:104BC8002685EFF01FD119C9834734FFB245FD8B05
:104BD800A309F4FE81C52285EFF0500B41016FD087
:104BE8008FE66DDD8327C4FF2685829765F98347A5
:104BF80034FF93F7070E81C72285EFF0B00A03252B
:104C080084FE593DE1BFEFD2CFDE9C4141112A8994
:104C180003C7070089472E8493566700638CF60202
:104C28000D466382C6049307F0076302F7022E85D8
:104C3800EF100059AA848149C16B130C490097F7FA
:104C4800FF1F9387E7339C43984763ECE9024101D0
:104C58006FD0EFDD03D745008547E3FAE7FE2E85E1
:104C6800EF10E059C1BF03D74500E3F2E7FE2E85F8
:104C7800EF100055AA842285EF10E055C204C98CB4
:104C88005DBFDC470355A900139A49003E9A931764
:104C98000501C187635DF00083570A006395A70289
:104CA80063E574038327CA00034D5A001DA0A1675A
:104CB8002167A98F1307F7EFE374F7FE63950900DF
:104CC800EFF07FA171FD85099DBF83278A00034D01
:104CD8004A00835DA90003576900216A138BC70046
:104CE8003AC6814A33CA4D01631E5D0197F7FF1F1B
:104CF800938787299C43E1DBA286628681452685C6
:104D08008297D1B7A1679387F7EF930C4BFF63F0B6
:104D18004703B2455A85EFF09F8619CD03278B00CC
:104D2800104719CA10436380C4023107D5BFEE8506
:104D38006685EFF09F9E71FD93861A0093FAF60F31
:104D4800130B0B0255B7835644005C43E3EDF6F6AC
:104D580022853AC6EF10C035A1679387D7042A8AFF
:104D6800035D4400324763E897008347D90093E71F
:104D780007F8A306F9001C4766852286E285829714
:104D8800C1670844FD17337AFA00529508C0231208
:104D9800A40115BF97F7FF1F9387871E9843814784
:104DA80015C31447814763FFD500939745004C47C7
:104DB800BE9519C903C7550081476375E600DC45F0
:104DC8001606B2973E85828003C745008147E37B7C
:104DD800E6FE16069C45F5B7EFD20FC3AA892E8AC0
:104DE800814497FAFF1F938AAA1983A70A00984754
:104DF80063E4E4006FD08FC4DC4713944400014996
:104E08003E9413BB140083474400634BF9000149E7
:104E180013BB140083475400634FF9008504F1B7AE
:104E28000844931759005287DA860146A2853E95B1
:104E380082990509C9BF4844931759005287DA86F1
:104E48000546A2853E9582990509E9B7EFD26FBD5F
:104E5800814517F5FFFF1305656097F7FF1F23933B
:104E680007129D3F6FD02FBE97F7FF1F93874711FB
:104E78009C4399CBEFD2EFBA814517F5FFFF130595
:104E8800E55D993F6FD02FBC8280EFD2EFB741111B
:104E98002315E1002E89B284B6893A8681460147F6
:104EA800ED452A84EF10714C2AC61DCD0356A1008A
:104EB800CE85EFD00FBACA852285EF1031600589FB
:104EC80015C1228501462C0023149100EF10D16DE5
:104ED8002A8409C5ED452800EF1051582285410163
:104EE8006FD0CFB54944FDB76554CDBF5C41FD17C0
:104EF8005CC18280EFD2EFB2EF10C1309547330525
:104F0800F50281450D816FD00FB4EFD28FB1EF104C
:104F1800612F95473305F5020D816FD0CFB2EFD2DF
:104F28004FB003550500EF10F1246FD0CFB1EFD289
:104F38004FAF035505003287AE8617D6FF1F0356BD
:104F4800063F97F5FF1F9385650481376FD0AFAF94
:104F5800EFD22FADEF40D1486FD0EFAEEFD26FACAC
:104F680097F5FF1F93858502EF10B16B01456FD050
:104F78008FADEFD20FAB814517D5FF1F03552537EE
:104F8800EF10715D6FD02FACEFD2AFA997F5FF1F6F
:104F98009385C500EF10F16801456FD0CFAAEFD215
:104FA8004FA8814517D5FF1F0355653AEF10B15A31
:104FB8006FD06FA9EFD2EFA62E85EF60604DEF603E
:104FC800F0026FD04FA8EFD2CFA5EF60100D6FD0D1
:104FD8008FA75C49E1175CC95CC583572501A10708
:104FE8002319F50083570501A1072318F5008280CE
:104FF800F1473305F50297F7FF1F938727FC9C437A
:105008003E9582808D476317F60603D7460085478D
:1050180063F2E706EFD2EFA0368536842E89EF10CB
:10502800201A39C18357440093140501C18063EDE8
:1050380097022285EF10C018FD14231294009307DD
:10504800A002630EF5009307B0026301F50293070F
:105058009002631BF5002285EFC0307931A001462C
:10506800CA852285EF8020056FD0EF9D2285EF004D
:10507800D055DDBF828097F6FF1F938666F49C4269
:10508800014599CF9843D44217F6FF1F232AE6F229
:105098006396D70097F6FF1F23A6E6F21385C7FE8F
:1050A8008280EFD20F987D2E714433058502914599
:1050B800EF70805801E565556FD0EF9897F7FF1F9F
:1050C80023ACA7EE4526330585029145EF70C056FF
:1050D8007DD197F7FF1F23A3A7EE692697F7FF1F38
:1050E8002396A7EC412697F7FF1F2392A7EC977703
:1050F80001009387E7E917F7FF1F232DF7EA9707C2
:105108000000938747ED17F7FF1F2323F7EA0145B0
:1051180065B7EFD20F91AA8517F5FF1F130505E9AB
:10512800EF10E01D6FD02F92EFD2AF8FDD37EF1069
:10513800801E97F7FF1F9387A7E89C4381CF1387AB
:10514800C7FE09CB83D5C7FF17F5FF1F1305C5E7B2
:10515800EFF0C0336FD02F8FEFD2AF8C293F11C93A
:10516800834785002A8493F7070491E70355E500F0
:10517800653F6FD04F8D8347C5009304450117F9EC
:10518800FF1F1309E9E385E3832709005CC997F743
:10519800FF1F23A797E283274900E1FF97F7FF1F27
:1051A80023A297E2F9B7FD172306F5006105EF6022
:1051B80080748307840063C907048347840093E7E6
:1051C80007F82304F400EF00917D4205A9474181C7
:1051D8003375F5028347840093F707FCC98F2304CE
:1051E800F4008347D4003E951C402318A40089CFBF
:1051F800984319CB8347C400504081458507330540
:10520800F502420541810297832709005CC897F798
:10521800FF1F23A797DA8327490089E797F7FF1F1E
:1052280023A297DA8347C400A9D78355040117F549
:10523800FF1F130565D9EFF0602525BFEFC27FFE7C
:1052480097F7FF1F938787FD9C4701448583858BCC
:1052580081EFAE84B2853A86EF1040112A8409C5E1
:10526800EF104008829408CC22856FC0DFFDEFC2A2
:10527800BFF941112E8932C6AA89692C3247130613
:105288000502CA86970500009385C5D617F5FF1F46
:105298001305C5D165372A8429CD9304C5004D2649
:1052A8001946AA852685EF00706585452685EF0095
:1052B800506217750100130565CB4E9583450500AF
:1052C8002685EF0090655C4831468145A1075CC89A
:1052D8005CC483572401E1172319F40083570401A0
:1052E800E1172318F4001C4C3E85EFC0FFF7A30418
:1052F8002501228541016FC07FF4EFC29FF2411161
:10530800AA842EC632C4EF104000004DB245224692
:10531800834784000CC050C093F7F70393E7070452
:105328002304F400231804002685EF00B07B83478C
:105338009400A9462317A40013D73700050733079D
:10534800D7029D8B85072306F400A306E40083C7D4
:105358000401D8488507230FF7FE17F7FF1F130727
:1053680027C65843232A0400930744011DEB17F767
:10537800FF1F2329F7C417F7FF1F2323F7C417F4C8
:10538800FF1F130464C42285EFF0C0051C44858BFD
:105398005D8D09E581452285EFF0400F41016FC021
:1053A8009FEA1CC317F7FF1F232EF7C0C9BFEFC220
:1053B8005FE797050000938525C50145EFF09FBF7E
:1053C80001456FC05FE8EFC2DFE5EFF0DFBF6FC0F8
:1053D8009FE78347C500A1E7EFC2BFE42A840355CE
:1053E800E500EFF01FD315C98347840093F7F7FB57
:1053F8002304F4001C4091C7DC4381C74C4001459D
:105408008297EFF05FC717F5FF1F1305E5BBEFF0B5
:1054180060090355E400EFF03FD16FC0DFE28280FE
:10542800EFC23FE097F7FF1F938787B99705000002
:105438009385C5D217F5FF1F130505B923A00700EB
:1054480023A20700EFE070786FC0FFDF1C4D91CBFF
:10545800DC4381CBEFC2FFDC8345070082976FC036
:105468009FDE828097F7FF1F938747B89C4303C549
:105478000700828097F7FF1F938747B79C4303C5B0
:105488001700828097F7FF1F938747B69C4303C591
:105498002700828097F7FF1F938747B59C4303C572
:1054A8004700828097F7FF1F938747B49C4303C543
:1054B8003700828097F7FF1F938747B39C4303C544
:1054C8005700828097F7FF1F938747B29C4303C515
:1054D8006700828097F7FF1F938747B19C4303C5F6
:1054E8007700828097F7FF1F938747B09C4303C5D7
:1054F8008700828097F7FF1F938747AF9C4303C5B8
:105508009700828097F7FF1F938747AE9C4303C598
:10551800A700828097F7FF1F938747AD9C4303C579
:10552800B70011E11D45828097F7FF1F938707ACED
:105538009C4303C5C700828097F7FF1F938707AB7B
:105548009C4303C5D700828097F7FF1F938707AA5C
:105558009C4303C5E700828097F7FF1F938707A93D
:105568009C4303D50701828097F7FF1F938707A8FD
:105578009C4303C52701828097F7FF1F938707A7DE
:105588009C4303D54701828097F7FF1F938707A69F
:105598009C4303D56701828097F7FF1F938707A570
:1055A8009C4303D58701828097F7FF1F938707A441
:1055B8009C4303C5A701828097F7FF1F938707A322
:1055C8009C4303C5B701828097F7FF1F938707A203
:1055D8009C4303C5C701828097F7FF1F938707A1E4
:1055E8009C4303C5D701828097F7FF1F938707A0C5
:1055F8009C438857828097F7FF1F9387279F9C4378
:1056080003D5C702828097F7FF1F9387279E9C4385
:1056180003D5E702828097F7FF1F9387279D9C4356
:1056280003C50703828097F7FF1F9387279C9C4336
:10563800C85B828097F7FF1F9387C79A8843828049
:1056480097F7FF1F9387479A8843828019E17D5512
:105658008280F5DE984265DFFDD917F7FF1F130733
:10566800E7BB1847AA877155058B6316072203C540
:1056780007001547E37DA7FC03C737001305F005AE
:105688007D171377F70FE364E5FC03C35700E300C6
:1056980003FC83C86700E38C08FA03C77700494511
:1056A80079171377F70FE364E5FA03C7A7001148E2
:1056B8001305F7FF1375F50FE36BA8F803CE9700F2
:1056C8000D481305FEFF1375F50FE362A8F803C82C
:1056D800B7006309080065181378F80F1305600D03
:1056E800E36705F703C5C700794879151375F50F02
:1056F800E36FA8F403C8D7000D457D181378F80F99
:10570800E36705F503D80701930E401751184208BF
:1057180013580801E3ED0EF303C8E7007D1813786A
:10572800F80FE36605F303C827017D181378F80F0F
:10573800E36F05F103C88700C54E75181378F80F95
:10574800E3E70EF103D86701856E938EBEE06D180E
:10575800420813580801E3EC0EEF03D847016D180F
:10576800420813580801E3E40EEF03D887017918BB
:10577800420813580801E36C05ED03C8A7017D181A
:105788001378F80FE36505ED03C5B7011D487D15CE
:105798001375F50FE36DA8EA03C5D70171487915AC
:1057A8001375F50FE365A8EA03D5E7011308E00FC1
:1057B8007D1542054181E36CA8E803C50702494805
:1057C80079151375F50FE364A8E883AE470237C56A
:1057D80034001308F5BFE36CD8E703A88702130564
:1057E80055BF5918E36505E717E5FF1F232EC57E4A
:1057F80003C6050117E5FF1F232AF57E0545E37853
:10580800C5E403D82501D04933760603E31106E43D
:1058180003C61501E30D06E217E6FF1F2324B67C35
:1058280083C5270001466387A50003C61700F14515
:105838003306B60283C707039305C00272971A0797
:105848001307C70516031A9796084697B387B70232
:1058580041553E97329742074183636EE802EFC293
:105868005F9C3685EF607067EFD0B01D2A84EF80AB
:10587800D0142A94EFC090212A94EF60F07E2A94E5
:10588800EFF03F822A94EF2050612A94EF50A062F3
:1058980022956FC05F9B8280EFC2BF984111A3071A
:1058A800A100EF80A0159305F1001705000013056E
:1058B80025BAEFF06FD2014541016FC0DF98EFC202
:1058C800DF9317F4FF1F13046495032884007959A4
:1058D8009368180097F4FF1F23A6149513781800EF
:1058E800631E0800BA84BE89368B328A2E89AA8A3A
:1058F800EFE0DFDC7D15269509E531594A856FC053
:105908005F93EFE0BFDB7D152695A167E357F5FEB2
:1059180097F7FF1F938787C798433E8C814B11C722
:105928000145EFC0B03A933B15004A85DA865686A2
:10593800D285EF70902E2A8911CD1C44F99B17F758
:10594800FF1F2321F78E83270C00CDDBE3880BFA9A
:1059580082976DB7268597F7FF1F23A3078CEFE083
:10596800BFD24146CE8517F5FF1F1305A594EFC09A
:105978005F8EEFA0D0060325040BEFA0D0080545E5
:10598800EFA0D00E0545EFF03FF18DBF97F7FF1F51
:105998009387C7889C47858BD5C7EFC29F8817F523
:1059A800FF1F1305658F97F7FF1F23A9078697F732
:1059B800FF1F23A7078697F7FF1F23A50786EFE09A
:1059C800702EEF400000EFE0D005EFE0500A97F7A7
:1059D800FF1F938727839C4381C70545EF60502BA2
:1059E80097E7FF1F9387C76B9C4389C741657D1560
:1059F800EF500068EFC07036EFA0407F97F7FF1FA9
:105A08009387C7969C431397170163540700EFC009
:105A1800A04197F7FF1F23AF078897F7FF1F23AD14
:105A2800078897F7FF1F23AB078897F7FF1F23A95E
:105A38000788EFF05F999D23EFF04FC1EFC08063B7
:105A48006FC07F808280EFC22FFC2A8493041402E7
:105A580001112E85B289A685214636C63A89EF40BE
:105A6800D1331DE1B24638082686CE851305940445
:105A7800EF40804121462C084A85EF40113213350A
:105A8800150005616FC08FFB0145E5BFEFC26FF9D7
:105A98009305450617E5FF1F13058555EFE0101F11
:105AA8006FC06FFAEFC2EFF741112EC6EFF0EFC5E6
:105AB800B24588C141016FC00FF9EFC2EFF4AA8463
:105AC8002E84EF60B071AA8985452285B92583C7E0
:105AD800E4011389940899E313890403CE85228588
:105AE8002D2D2146930519022285092D97E7FF1FC1
:105AF8009387C7728C432285EF00A068214693855F
:105B080084022285E52B6FC06FF3EFC20FEF397166
:105B1800EFC0A04C9305400645EDEF603069630E79
:105B2800051097E7FF1F83C7674E13B7170097E65F
:105B3800FF1F238DE64C014489CFC16417E9FF1F7D
:105B48001309C96D9309400EFD14EFF0BF9A63481D
:105B5800A408EFF08FBB4169B7290900096AFD7AEB
:105B68002A8B81447D199389F97B130A0A71938AD8
:105B78008AC7EFF03F9863D5A4041304400EB38797
:105B8800840217E7FF1F130767690324070B3E9476
:105B98008357C4016386270918403307EB4063EA3B
:105BA800E900834744008507B3874703D6976369AD
:105BB800F706014681450945EFF06FEBAA8B29E10D
:105BC800EF20D0598547631FF504896593850571D2
:105BD80017E5FF1F1305C541EFE0500BA1A8B30758
:105BE80034030327090BBA9703D7C7016308970043
:105BF80003C75700A38207002382E7000504B1B753
:105C08009305C5002285EFF05FEB5E8522869765D8
:105C180001009385E536EFF04FEE5E85EF00A06F4B
:105C2800850481BF97E7FF1F9387475F9C478D8354
:105C3800858BC1FF21616FC0CFDF014685450945CE
:105C480002D002D202D402D6EFF06FE2AA847DD14C
:105C5800EFC0E0371389C4002A8481454A85752935
:105C68000C4041464A85592983294400638809081C
:105C78004E8502D802DA02DC02DEEF4091372ACEE6
:105C8800141005462C0808184ECCEF4080171375E1
:105C9800F50F2DE58355840093E525004A855D2998
:105CA80011460C104A85992901469765010093858C
:105CB800A52D2685EFF06FE42685EF00C0655C40D2
:105CC800B5DB014685450D45EFF06FDAAA843DD175
:105CD80048401389C400EF40D1312AC64A85F12EC5
:105CE8003246636AC5004C404A8509290146814508
:105CF8002685EFF08FE02685392D2DBF835584004A
:105D080071BFEFC20FD297E7FF1F938727519C47B8
:105D180019CD93E7870017E5FF1F1305652D17E7D2
:105D2800FF1F2321F750EFE000756FC0CFD1DD9B37
:105D380017E7FF1F2328F74EEF2050427DF517E5A0
:105D4800FF1F1305E52AEFE0E075C5B7EFC2EFCAFC
:105D58004169AA892E8AB28A368BBA8B814417EC9C
:105D6800FF1F130CAC4B930C400E7D19EFF08FF80E
:105D780063C4A40001442DA03384940383270C0B2F
:105D88003E948357C401638027055A87D686528676
:105D9800CE8513050403EFF01FCB11C523800B003C
:105DA80022856FC00FC98347F40191CF5A87D686E1
:105DB8005286CE8513059408EFF0FFC809C58547BC
:105DC8002380FB00F1BF850455B783574500638DD9
:105DD8000716EFC26FC301112A84DD2619C585474E
:105DE800630AF50405616FC06FC5EFC0001F7DF938
:105DF800835744004947ED9BE396E7FEC14522855A
:105E0800712CAA842285E52E0357440002CE9147BF
:105E18002A896317F700228529293C082ACC3ECE17
:105E2800EFC0E01A5C55DDDF74084A86A685054593
:105E380082974DBF03574400D147E3F5E7FA032A99
:105E48000400C169014997EAFF1F938A2A3D130B91
:105E5800400EFD19EFF00FEA6344A90C2285032ACE
:105E68000400B92EA1452A8922850D2CAA842285F1
:105E7800C92614402A86AA8978082685CA85EFF09B
:105E8800FFECAA8425D103C7F40189476315F700FD
:105E98008347C101A1DB5546D28513856400EFC055
:105EA8004FBB0145EF60703101C583D7C401B1EB29
:105EB80097E7FF1F938787369C4793551900858975
:105EC80013D73700058B11CB8983858B6397B70070
:105ED80001452EC6EFF0FFE2B2454E85EF60D035A2
:105EE8000346C1012A84937519002685EF70502A4C
:105EF80031C92685EF60D030268511C00145EF6095
:105F0800305BEF20B0258547E31EF5EC83C75400CE
:105F18001307F00FE388E7EC8507A382F400D9B5EF
:105F2800B304690383A70A0BBE9483D7C4016389AA
:105F380037015546D28513856400EF40016671D15B
:105F4800050909BF5DDC5DBF8280EFC2EFABEF6082
:105F5800F02511CDC164014417E9FF1F1309092C6D
:105F68009309400EFD14EFF0EFD8634AA40017E53B
:105F7800FF1F1305E507EFE000506FC02FAC330596
:105F880034038327090B3E958357C5016386970021
:105F980023120500EF60D0260504F1B797E7FF1F2D
:105FA8009387C7279C478D83858B99EBEFC26FA793
:105FB80017E5FF1F1305C503EFE0C04E6FC0AFA87C
:105FC8008280EFC20FA697050000938545B417E5B8
:105FD800FF1F1305E501EFE0403F6FC0CFA683C761
:105FE800F5FF2E858507A38FF5FE828083C7F5FF11
:105FF800FD1793F7F70FA38FF5FE89EBEFC26FA29A
:106008001385F5FFEF00410A6FC0EFA38280EFC24E
:106018004FA1884105054205418197B0FF1FE780E0
:1060280080C909C585472300F50005056FC0AFA1E4
:106038001C41035745008D8FBA951CC12312B5002A
:106048003E85828093D78500A2051441DD8D835754
:1060580045001387E6FF18C189072312F50013D6F8
:1060680085004111238FB6FEA38FC6FE41018280B1
:1060780018419307F7FF1CC1835745008507231272
:10608800F500A30FB7FE8280835745008D8F23123A
:10609800F5001C41BE950CC12E858280AA8703D7C6
:1060A800470008410D8FAA952392E7008CC3828090
:1060B800184108453305A740828083574500035798
:1060C80065001D8F1C4108453385A7403305A7404F
:1060D8008280EFC20F9541112EC62A84EFF0FFFD92
:1060E800B2456373B50001A0835744000840BE95CC
:1060F8002312B4003E9541016FC0EF94EFC26F9236
:1061080041112E84B28532C6EFF0BFFC3246A2851B
:10611800EFC02F9441016FC00F93EFC28F902E8470
:106128008545EFF01FFB230085006FC0CF91EFC2BC
:106138004F8F41112317B1008945EFF09FF983472D
:10614800E1002300F5008347F100A300F5004101B9
:106158006FC06F8FEFC2EF8C93D78500A2054111F6
:10616800DD8D2317B1008945EFF0BFF68347E100C5
:106178002300F5008347F100A300F50041016FC03B
:106188008F8CEFC20F8A1397850193D78501C1665B
:10619800938606F0D98F13D78500758FD98FA205FE
:1061A8003707FF00F98D4111DD8D2EC69145EFF0BF
:1061B8005FF26C001146EFC0CF8941016FC0AF8814
:1061C800EFC22F861C41854503C40700EFF0DFEBC3
:1061D80022856FC04F87EFC2CF841C41411189458A
:1061E80003C7070083C717002307E100A307F100CF
:1061F800EFF09FE90355E10041016FC0CF84EFC282
:106208004F821C414111894503C7070083C7170006
:106218002307E100A307F100EFF01FE78357E10030
:10622800410113D58700A2075D8D420541816FC0EA
:106238008F81EFB21FFF0C4141112A84114668007B
:10624800EFC02F8191452285EFF01FE4B247C16668
:10625800938606F01397870113D58701598D13D7B5
:106268008700758F598DA2073707FF00F98F5D8D5D
:1062780041016FB05FFD1C45BE950CC18280AE87A1
:10628800944391E6584101EF0CC15CC1828003C779
:10629800570013671700A382E700B687D5B70CC36A
:1062A800EDB7AA87084119CD1841D44398C36313A1
:1062B800D500D8C32A87034657009376160081E68F
:1062C800232007008280944381CA8C4203A8470098
:1062D8008CC363930601CCC3799A14C3A302C70085
:1062E8003687D1BF1C45DC471D8DB777DBB6938752
:1062F80077DB09853305F502420541818280F14744
:10630800B385F50248452E95828083474500850769
:106318002302F5008280EFB2DFF02A8419E06FB023
:106328009FF283474400E5DFFD1793F7F70F230239
:10633800F400F5F71C4403D7270005072391E7006D
:10634800DC4399C3228582974C4889CD8347540002
:10635800898B99E71C4422859C479C439C478297DC
:10636800232A04000040232004004DBFEFB27FEB36
:106378008357250041112EC691E70144228541012A
:106388006FB07FEC035705008147F146E307F7FE3E
:10639800B385D702404585072E948345440008C439
:1063A800F5F5B247AA8481E7232A040009A81C4509
:1063B8006C0022859C439C43829748C85DDD8547D5
:1063C8002312F400B24723200400231804002319E1
:1063D800F4005C485CC483D72400FD172391F400C3
:1063E80071BFEFB21FE497E7FF1F938767C2884327
:1063F80023260500232405004105EFE0A00A6FB01D
:106408009FE4EFB21FE217E4FF1F130464C01C40AF
:10641800411189CF9C472300B5002AC65CC1EFF023
:106428005FFC1C40DC4399C33245829741016FB041
:106438009FE1034745001DEB584DAA877D550DCBBD
:10644800EFB23FDE1CC3DC4797E6FF1F23A2E6BC82
:10645800F156130507012390D7009705000093858F
:106468008501EFD0907601456FB0FFDD7D558280C4
:106478008280EFB21FDB0111614681452800EFB031
:10648800BFDE97E7FF1F9387A7B89C4328009305B3
:10649800F00FDC473EC6EFF0DFF605616FB0BFDAFC
:1064A80097E7FF1F9387C7B69C43D847A167938791
:1064B800C7026312F70A397106DE22DC26DA800089
:1064C8004AD84ED652D456D23285B284EFF05FCF36
:1064D800AA892685EFF03FD02318A4FC2685EFF083
:1064E8009FCF2319A4FC2685EFF0FFCE83D7440065
:1064F8000A8A231AA4FC858393F7F70F230EF4FC6A
:106508008607BD0793F7073F3301F1408A8A01499F
:106518008347C4FD6365F902CE85130584FC232CEB
:1065280054FDEFF01FEE5281130104FCF250625447
:10653800D2544259B259225A925A216182802685F0
:10654800EFF07FC993171900D69705092390A70084
:106558001379F90F75BF828097E7FF1F938747ABC1
:106568009C43D847A1679387A7026310F70A39713C
:1065780006DE22DC26DA80004AD84ED652D456D21D
:106588003285B284EFF0DFC3AA892685EFF0BFC455
:10659800FD572318A4FC26852319F4FCEFF0BFC38C
:1065A80083D744000A8A231AA4FC858393F7F70F3C
:1065B800230EF4FC8607BD0793F7073F3301F1402C
:1065C8008A8A01498347C4FD6365F902CE851305AC
:1065D80084FC232C54FDEFF0DFE25281130104FC0C
:1065E800F2506254D2544259B259225A925A2161F5
:1065F80082802685EFF03FBE93171900D6970509CC
:106608002390A7001379F90F75BF828097E7FF1FC2
:10661800938707A09C43D847A16789076318F708A1
:10662800397106DE22DC26DA80004AD84ED652D4EA
:1066380056D232853289EFF0BFB8AA894A85EFF081
:106648009FB9835749000A8A2318A4FC858393F7C6
:10665800F70F230CF4FC8607BD0793F7073F3301B8
:10666800F1408A8A8144834784FD63E5F402CE853C
:10667800130584FC232A54FDEFF0BFD8528113017F
:1066880004FCF2506254D2544259B259225A925AD6
:10669800216182804A85EFF01FB493971400D69742
:1066A80085042390A70093F4F40F75BF828097E7C1
:1066B800FF1F9387E7959C43D847A1679387E70413
:1066C8006312F70A397106DE22DC26DA80004AD81E
:1066D8004ED652D456D23285B284EFF07FAEAA8914
:1066E8002685EFF05FAF2318A4FC2685EFF0BFAE38
:1066F800231AA4FC2685EFF01FAE83D744000A8A2C
:106708002319A4FC858393F7F70F230EF4FC86075F
:10671800BD0793F7073F3301F1408A8A0149834750
:10672800C4FD6365F902CE85130584FC232C54FD52
:10673800EFF03FCD5281130104FCF2506254D25461
:106748004259B259225A925A216182802685EFF025
:106758009FA893171900D69705092390A7001379C6
:10676800F90F75BF828097E7FF1F9387678A9C435D
:10677800D847A1679387C7046310F70A397106DE03
:1067880022DC26DA80004AD84ED652D456D2328538
:10679800B284EFF0FFA2AA892685EFF0DFA3FD57A8
:1067A8002318A4FC2685231AF4FCEFF0DFA283D774
:1067B80044000A8A2319A4FC858393F7F70F230E54
:1067C800F4FC8607BD0793F7073F3301F1408A8A37
:1067D80001498347C4FD6365F902CE85130584FC2E
:1067E800232C54FDEFF0FFC15281130104FCF25039
:1067F8006254D2544259B259225A925A2161828023
:106808002685EFF05F9D93171900D6970509239009
:10681800A7001379F90F75BF828097D7FF1F938759
:10682800277F9C43D847A167DD07631BF702EFB2B8
:106838005F9F797132853284EFF09F982AC622854E
:10684800EFF07F992311A1022285EFF07F97B245DF
:106858002300A1022808EFF0DFBA45616FB0BF9EA0
:10686800828097D7FF1F9387A77A9C43D847A16751
:1068780093878704631BF702EFB2BF9A7971328559
:106888003284EFF0FF932AC62285EFF0DF942311BC
:10689800A1022285EFF0DF92B2452300A102280869
:1068A800EFF03FB645616FB01F9A828097D7FF1F00
:1068B800938707769C43D847A1679387A704631CEF
:1068C800F700EFB21F96011128008145EFF07FB362
:1068D80005616FB05F97828097D7FF1F93874773D3
:1068E8009C43D847A167938757026311F702EFB219
:1068F8005F9301113285EFF0BF8C2308A100814519
:106908002800EFF01FB005616FB0FF93828097D722
:10691800FF1F9387E76F9C43D847A1679387E702D8
:10692800631FF702EFB2FF8F011132853284EFF057
:106938009F8AAA842285EFF01F8A854719E5228558
:10694800EFF01F884205B337A000280081452318BF
:1069580091003ECAEFF0FFAA05616FB0DF8E82801A
:1069680097D7FF1F9387C76A9C43D8479947631FE8
:10697800F704EFB21F8B797132853284EFF05F84B0
:106988002AC62285EFF03F852310A1022285EFF069
:106998003F832301A1022285EFF09F82A301A10278
:1069A8002285EFF0FF812302A1022285EFF05F81AB
:1069B8002313A1022285EFF0BF80B2452314A10260
:1069C8002808EFF01FA445616FB0FF87828097D732
:1069D800FF1F9387E7639C43D847A1679387C70343
:1069E800631FF704EFB2FF83797132853284EFF0C9
:1069F8002FFD2AC62285EFF00FFE2310A102228563
:106A0800EFF06FFD2311A1022285EFF06FFB230247
:106A1800A1022285EFF0CFFAA302A1022285EFF0AE
:106A28002FFA2303A1022285EFF08FF9B245A303C1
:106A3800A1022808EFF0FF9C45616FB0DF808280DB
:106A4800EFB22FFE01112A84EFF08FF7AA84228576
:106A5800EFF06FF82285EFF00FF8035744008D47E9
:106A680063F5E7002285EFF00FF72285EFF0AFF628
:106A78002800A685EFF0FF9805616FB0CFFC97D787
:106A8800FF1F9387E7589C43D847A167FD07631901
:106A9800F700EFB20FF93285EFF09FFA6FB0AFFA57
:106AA800828097D7FF1F9387A7569C43D847A16733
:106AB800E5076311F706EFB2CFF6797132853284B4
:106AC800EFF00FF02AC62285EFF0EFF02285EFF005
:106AD8008FF02310A1022285EFF0EFEF52055181CC
:106AE8002311A102228523020102EFF06FEDA30218
:106AF800A1022285EFF0CFEC2303A1022285EFF05B
:106B08002FECB245A303A1022808EFF09F8F45613F
:106B18006FB06FF3828097D7FF1F9387674F9C43AF
:106B2800D847A1679387E7036319F700EFB26FEFC0
:106B38003285EFF0FFF06FB00FF1828097D7FF1F1B
:106B48009387074D9C43D847A167938747046314ED
:106B5800F702EFB20FED797132853284EFF04FE62C
:106B68002AC62285EFF02FE7B2452808EFF07F8983
:106B780045616FB04FED828097D7FF1F93874749D4
:106B88009C43D847A167938787026316F702EFB241
:106B98004FE9797132853284EFF08FE22AC6228577
:106BA800EFF00FE2B2452300A1022808EFF07F853D
:106BB80045616FB04FE98280EFB2AFE60111EFF0A7
:106BC8002FE0AA852800EFF0DF8305616FB0AFE7FB
:106BD80097D7FF1F9387C7439C43D847A167D1071F
:106BE8006319F700EFB2EFE33285EFF0FFFC6FB007
:106BF8008FE5828097D7FF1F938787419C43D847AB
:106C0800A167C5076319F700EFB2AFE13285EFF06E
:106C1800BFFA6FB04FE3828097D7FF1F9387473F34
:106C28009C43D847A167B9076319F700EFB26FDF34
:106C38003285EFF07FF86FB00FE1828097D7FF1FA2
:106C48009387073D9C43D847A167AD076319F700B1
:106C5800EFB22FDD3285EFF03FF66FB0CFDE8280E6
:106C680097D7FF1F9387C73A9C43D8478947631034
:106C7800F702EFB20FDB0111328532C8EFF04FD4C3
:106C8800AA852800EFF0EFF705616FB0CFDB8280AF
:106C980097D7FF1F9387C7379C43D847A1678D07AE
:106CA8006317F702EFB2EFD7011132853284EFF0A4
:106CB8002FD113066100AA844C002285EF20D00C46
:106CC8002800A685EFF0EFF305616FB0CFD782807B
:106CD80097D7FF1F938707349C4381CBDC4391C729
:106CE800EFB22FD482976FB00FD68280EFB26FD3F6
:106CF80079713C08AE843ED2A165B7070A002A84A0
:106D08003ED448103C08DD053ED636C432C63AC2E9
:106D1800EFD03FB312474810BA85EFF00FC03246A4
:106D28004810B285EFF0AFC0A2464810B685EFF024
:106D3800CFBE501001478146A6852285EFD0BFD02F
:106D480045616FB04FD0EFB2CFCD01117C00032960
:106D5800C501AE843ECAA165B70707002A843ECCA8
:106D680048087C00C5053ECEEFD0BFAD8345D900AD
:106D78004808EFF08FBA500801478146A68522855A
:106D8800EFD07FCC05616FB00FCCEFB28FC983C74E
:106D9800950093F7F707A384F500EFF0DFFA6FB0DB
:106DA8008FCAEFB20FC879713C08AE843ED2A16594
:106DB800B70709002A843ED448103C089385450447
:106DC8003ED632C636C4EFD0DFA7A2464810B685F5
:106DD800EFF0AFB432464810B285EFF04FB550101F
:106DE80001478146A6852285EFD0FFC545616FB072
:106DF8008FC5EFB20FC383C7950041112A8493F75B
:106E0800F707A384F50032852EC6EFF0CFBC85675F
:106E18002AC4637CF500EF50503A2246B24509E98E
:106E2800114781462285EFF07FEC41016FB0AFC179
:106E380001478346F501FDB7EFB20FBD01113C00D4
:106E48003ECAB7070A003ECC3C003ECE83C7950039
:106E5800AA89328593F7F707A384F5002E84EFF00B
:106E68008FB785676371F504A165AA849385850446
:106E78004808EFD01F9D2685EF5030342A891DE53C
:106E880091454808EFF06FA9A6854808EFF02FAAAA
:106E9800CA854808EFF06FA8014781465008A285C7
:106EA8004E85EFD05FBA05616FB04FB9814548088C
:106EB800EFF0AFA603490902C1BFEFB2EFB4797191
:106EC8001C103ECAB7070F003ECC404D1C10AA84C8
:106ED800AE894808994532C636893ECEEFD07F96AE
:106EE80032464808B285EFF04FA363040902A5456E
:106EF8004808EFF00F9E2546CA85EFB08FB55008B9
:106F080001478146CE852685EFD0FFB345616FB036
:106F1800EFB28355C4024808EFF06FA10355E402AD
:106F2800814515C185478545630FF500C167FD1784
:106F38009305F00F6309F5007D15EF50C06D9305BB
:106F4800150093F5F50F4808EFF02F9D83450403CE
:106F58004808EFF08F9C834514034808EFF0EF9B37
:106F6800835524034808EFF08F9C83554403480851
:106F7800EFF0EF9B69B7EFB2CFAA83C795008146C0
:106F8800014693F7F707A384F500EFF01FF36FB0FE
:106F98008FABEFB20FA979713E841C103ECA2E89BF
:106FA800B7070F00A1653ECCFD051C10AA84480850
:106FB80042C03AC23ECE36C432C6EFD09F8832466F
:106FC8004808B285EFF06F95A2464808B685EFF0FD
:106FD8000F9612474808BA85EFF06F950248630488
:106FE800080291454808EFF0CF8E1146A285EFB010
:106FF8004FA6500801478146CA852685EFD0BFA411
:1070080045616FB04FA489454808EFF08F8C8347DE
:1070180004002300F50083471400A300F500D1BF46
:10702800EFB28F9E83C7950001112A8A93F7F7075D
:10703800A384F5003285AE8432C6EFF0CF9932468C
:107048002A893285EFF0CF978567637FF900AA898F
:107058004A85EF5090162A8419E9114781464A86D5
:10706800A6855285EFF09FC805616FB02F9D938765
:10707800E9FF93F7F70F0547E368F7FE8347F50144
:1070880095E78947E382F9FE8346F4015285014773
:107098004A86A685EFF09FC5A167D90748083ECC68
:1070A800230A010002CEEFF0BFC27DBF639CE70058
:1070B8008947639CF90093071020231FF500EF50C0
:1070C8003014D9B70947E391E7FC8D47E39EF9FAF5
:1070D8002285EF50703597D7FF1F9387A7129C43DF
:1070E80099E797D7FF1F9387A7FB9C4389C703D5C9
:1070F8000400EF605005231F04002285C9B7EFB2D2
:107108004F9201113C003ECAB7070B003ECC3C0031
:107118003ECE83C795002A89328593F7F707A38463
:10712800F500AE84EFF02F8B93170501C187635EDE
:10713800F004A1652A849385E5024808EFD06FF032
:10714800A2854808EFE0BFFE97D7FF1F938747F552
:107158009C439DEF01449375F40F4808EFE0FFFB53
:107168009355844093F5F50F4808EFE01FFB9355BE
:10717800044193F5F50F4808EFE03FFA01478146CF
:107188005008A6854A85EFD01F8C05616FB0AF8B7C
:10719800416585460546A2857D15EF30D0655DD9E8
:1071A8005105EFD02024130440063344850265B707
:1071B800EFB22F870111B70706003EC683C79500B7
:1071C80021642A8993F7F707A384F500AE84280081
:1071D8009305A4040AC40AC8EFD0AFE630000147FB
:1071E8008146A6854A85EFD01F86EFE02FFA130463
:1071F8009404480822CC230A010002CEEFF05FADC8
:1072080005616FB04F84EFB22F80C1642A890144B1
:1072180097D9FF1F93898900130A8002FD14EFE0B4
:107228006FAE6345A40001456FB04F81B3074403B7
:1072380003A7C90ABA9703D707006306970083D73D
:107248002700638427010504D9BF0545F1BFEFA2D4
:10725800BFFB2A8A2E8999C123A005008149814450
:1072680097DAFF1F938A4ADB614BEFE0EFAF63C504
:10727800A4004E856FA09FFC3384640383A70A0093
:107288003E948357040099E763040900232089008A
:107298008504E1BF4146D28513054400EF30E12F54
:1072A80065F9A289F5B7EFA23FF639717C083ED49B
:1072B800B7070A003ED67C083ED883C795002A8ABD
:1072C800328593F7F707A384F5002E8932C6EFE0DD
:1072D8009FF085676373F5063246AA843285EFE02E
:1072E8003FEE8547AA8963EAA704A16593858504CB
:1072F8002810EFD00FD52685EF50206C2A8429E17D
:1073080091452810EFE07FE1A6852810EFE03FE2E5
:10731800CE852810EFE07FE0014781463010CA850E
:107328005285EFD04FF2A1679387770448183EDC67
:10733800230A010202DEEFF0BF9921616FA01FF05E
:1073480081452810EFE07FDDA6852810EFE03FDEBD
:1073580097D7FF1F938747239C4391C7228563874D
:107368000900EFB0600A8345040265B7EFB0200951
:10737800DDBFEFA27FE983C795004111AA8993F782
:10738800F707A384F5003285AE84328AEFE0BFE4C4
:107398008567637BF5022A89EF5020622A8491462B
:1073A80021C18347F50105476383E70291C70D476C
:1073B800636EF702AD462DA09305050303250A0069
:1073C8004146EF30811D1DE141016FA03FE7930564
:1073D800950803250A004146EF30211C814679F9BA
:1073E8004A86A6854E85EFF0DF9BF9BF83250A0004
:1073F80013059408EF50907A19C1C146D5B797D7AD
:10740800FF1F938727E09C4399E797D7FF1F938730
:1074180027C99C4389C72285EF60C04D79FD854700
:10742800A30FF4002285EF80105E2285EF50405DA7
:107438004E8581464A86A685EFF0BF96A167938759
:10744800570448003EC42302010002C6EFF05F88DB
:10745800A5BFEFA29FDA83C795004111AA8993F7C8
:10746800F707A384F50032852E89B28AEFE0BFD6EC
:1074780085676370F50CAA84EF5020542A841DE9AF
:10748800416B014A97DBFF1F938B4BD9130C400EBE
:107498007D1B19A833048A0383A70B0B3E948357DB
:1074A800C401638D6703050AEFE0CF84E344AAFEB5
:1074B800954639A88357C50163929702930505033A
:1074C80003A50A004146EF30410D994611E1814676
:1074D8002686CA854E85EFF0DF8CA1A883A50A0011
:1074E80013050403EF50906BC1467DF12285231EDE
:1074F8009400EF8050512285EF50805097D7FF1F9E
:10750800938787089C438DCB230004022285EFA034
:10751800905F4E8581462686CA85EFF09F88A167D1
:107528009387070448003EC42302010002C6EFF017
:107538002FFA41016FA0FFCF89472300F402D1BF82
:10754800397106DE22DC4AD8800052D456D25AD08D
:1075580026DA4ED65ECE2E8A32892A8BEFD09FF657
:107568000605710541998A8A3301A140232224FC2A
:10757800231404FCEFD01FF583479A000605350550
:1075880093F7F7072315A4FCA304FA004A852326DA
:1075980024FCEFE05FC493170501C1876340F00244
:1075A8005681130104FCF2506254D2544259B25924
:1075B800225A925A025BF24B21618280AA844A8540
:1075C800EFE07FC1AA894A85EFE0FFC0A1659385F6
:1075D800C5022A89130544FCEFD0AFA62685EFD053
:1075E8006F9C854501C94A86CE85EFD02F96AA8B18
:1075F80015ED8945130544FCEFE03FB2A685130558
:1076080044FCEFE0DFB2CE85130544FCEFE03FB267
:10761800CA85130544FCEFE09FB101478146130674
:1076280044FCD2855A85EFD00FC29DBF8145130512
:1076380044FCEFE09FAEA685130544FCEFE03FAFA6
:10764800CE85130544FCEFE09FAECA85130544FCC4
:10765800EFE0FFAD8144EFD0FFE6E3D0A4FC83A7C1
:107668000B0113971400BA9783D5070089C5130532
:1076780044FCEFE0DFAB8504F9BF797106D622D46C
:107688004AD000184ECE52CC56CA26D25AC8AE8915
:107698003289AA8AEFD01FE30605690541990A8A4B
:1076A8003301A140232A24FC231C04FCEFD09FE1D2
:1076B80083C7990006052D0593F7F707231DA4FC3A
:1076C800A384F9004A85232E24FCEFE0DFB093174A
:1076D8000501C187634FF0005281130104FDB250C8
:1076E800225492540259F249624AD24A424B4561A5
:1076F8008280AA844A85EFE01FAEA1659385A50222
:107708002A89130544FDEFD0CF932685EFD08F89C2
:10771800854519C5CA85EFD06F862A8B0DE989453D
:10772800130544FDEFE07F9FA685130544FDEFE0B8
:107738001FA0CA85130544FDEFE07F9F01478146DE
:10774800130644FDCE855685EFD0EFAF71B781455E
:10775800130544FDEFE07F9CA685130544FDEFE08B
:107768001F9DCA85130544FDEFE07F9C8144EFD03F
:107778007FD5E3D5A4FC83270B0113971400BA9790
:1077880083D5070089C5130544FDEFE05F9A85049A
:10779800F9BFEFA21FA983474500404DD5E7FD5724
:1077A8004DC0834694000947636DD7080346B4006B
:1077B800854663E8C6088306E40063C406085C459A
:1077C800F9562390D70097D7FF1F83C7278599E3DA
:1077D800A304E40097D7FF1F9387878C9C4381E716
:1077E8008947A306F40097D7FF1F9387E7D99C43DF
:1077F80081E789472306F40097050000938545052E
:10780800AA8413050401EFC0503CFD57231AF40263
:1078180081471CDC014897C7FF1F23AD877E97C7A8
:10782800FF1F9387677F232E040304C08043EFD094
:10783800BFD361463306C50281452285EFA0DFA28A
:1078480081473E856FA03FA0FD57E5BFEFA27F9D12
:107858002A8403554502EF50401609E5231E04000B
:107868006FA07F9E8357E401E5DF930504FF17555A
:107878000100130525ABEFB01061DDB7EFA27F9AC9
:107888002E89A16541119385E5032A8436C432C641
:10789800BE843AC2EFC0FFFA12472285BA85EFE0EC
:1078A800DF8732462285B285EFE07F88A2462285AF
:1078B800B685EFE0DF87630D090091452285EFE08B
:1078C8005F811146A685EFA0DF9841016FA0BF97A1
:1078D80089452285EFE0EFFF83C704002300F50008
:1078E80083C71400A300F500CDB7EFA29F9383C709
:1078F8009500444D054793F7F707A384F5001C420C
:10790800411183C70700636DF7042E842A8985CC4B
:1079180003C7D4006309F70217C7FF1F1307477887
:10792800184301CFA386F400EF80F02B83C7D4005F
:1079380089E741657D15EF30A07383D72403918BC8
:1079480099C3EFB0B0604A85A285EFF0CFBFA167B9
:10795800C10748003EC42302010002C6EFF04FB73A
:1079680041016FA05F8EEFA2DF8B03D745008D47E3
:10797800AA8441112E8432892E8563EDE700EFE059
:107988009F85AA85230009002685EFC03FDF4101B6
:107998006FA07F8BEFE03F842AC62285EFE0BF838C
:1079A800B24585472A862300F9002685EFC01FDAED
:1079B800F9BF397106DE22DC26DA80004ED652D4B1
:1079C80056D24AD85AD05ECEAE89B284AA8AEFD0AF
:1079D8007FAE06051305250241990A8A3301A140A5
:1079E800232224FC231404FCEFD0DFAC83C79900C6
:1079F80006054D0593F7F7072315A4FCA384F900A2
:107A08002685232624FCEFE00FFD93170501C18787
:107A18006340F0025281130104FCF2506254D254C4
:107A28004259B259225A925A025BF24B2161828022
:107A3800AA8B03AB0400EFC0FFD635E983D7440017
:107A480001498544F11793B71700A301F4FC834754
:107A580034FCA165BDC79385E504130544FCEFC05C
:107A68005FDEA685130544FCEFE02FEBDE851305EA
:107A780044FCEFE0CFEB834734FC114691E3094621
:107A8800DA85130544FCEFE06FE7814463080900D9
:107A9800416B7D1BEFD01FA263C8A402014781463A
:107AA800130644FCCE855685EFC0FFF9A5B7A68519
:107AB800130634FCEFF03FEB933415002A89860453
:107AC80079B79385C50451BF8327C900139714005C
:107AD800BA9783D5070063866501130544FCEFE078
:107AE8000FE5850445BFEFA24FF179711C103EC424
:107AF800B7070F003EC61C103EC883C79500AA8A68
:107B0800328593F7F707A384F500AE893284EFE056
:107B18008FEC93170501C1876350F0062A8A2285E6
:107B2800EFE06FEB2A895285032B0400EFC09FC753
:107B380039E58357440081440544F11793B717008A
:107B4800A303F10083457100DA872287CA8652862B
:107B58002800EFF0BFD2014781463000CE85568518
:107B6800EFC07FEEA1679387D70348083ECC230A6E
:107B7800810026CEEFF0CF9545616FA08FEBA285EF
:107B880013067100EFF03FDEAA84094445DD354451
:107B9800E30A55FB4A85EFF00FE70D4445D501444C
:107BA800EFD05F91634BA400C16B0144FD1BEFD084
:107BB8007F90634EA400154471B7DC44131714007A
:107BC800BA9783D70700638127030504D1BFD84438
:107BD80093171400BA9703D7070063197701239006
:107BE80027012685EF8020550144A9BF0504C1B7A8
:107BF800EFA28FE183C7950041112A8A93F7F7070F
:107C0800A384F50032852E893284EFE0CFDC931708
:107C18000501C187635BF004AA892285EFE0AFDB29
:107C28002311A1004E85832A0400EFC0BFB729E1C4
:107C38008357440085440144F11793B71700A30004
:107C4800F1000348110003572100D6875285CE86DC
:107C58002686CA85EFF0EFB3A167F10748003EC456
:107C68002302910022C6EFF0AF8641016FA00FDD1D
:107C7800A28513061100EFF01FCF2A84894471D121
:107C88008357210011678544BA97C2071167C183DA
:107C98001307F7EFE367F7FA97C7FF1F938787562E
:107CA8009C4391C7854513052100EF40D0078355B4
:107CB800210022858144EFC05FA641D5231005002D
:107CC8002285EF80E048B5BFEFA22FD383C7950088
:107CD80041112A8B93F7F707A384F50032852E8A82
:107CE8003284EFE04FCF93170501C1876359F00441
:107CF800AA8A2285EFE02FCE2A895685832B040095
:107D0800EFC05FAA21E18357440081440544F1177D
:107D180093B71700A301F10003483100DE875A85A5
:107D28004A87D6862286D285EFF0AFA6A167ED07EF
:107D380048003EC42302810026C6EFE07FF94101D6
:107D48006FA02FCFA28513063100EFF0DFC1AA8400
:107D5800094479D19167CA97C2071167C18313078C
:107D6800F7EF0544E36AF7FACA85EFC01F9B0144A1
:107D780045F58149EFD00FF563DBA9009848939743
:107D88001900BA9703D7070015E723902701EFD00A
:107D98006FF31544E382A9F82685EF80603B97C707
:107DA800FF1F938727469C430144BDD74A85EF4070
:107DB800E06F9DB785097DBFEFA20FC579713E843D
:107DC8007C083EC82E8AB7071400A1653ECAE5059F
:107DD8007C08AA89080836C4428932C6BA8AC68489
:107DE8003ECCEFC01FA6CA850808EFE00FB33246A5
:107DF8000808B285EFE0AFB3A246630E09029D45BD
:107E08000808EFE00FAD1D468145EFA0EFC5638779
:107E18000A0691450808EFE0CFAB1146A685EFA00A
:107E28004FC3100801478146D2854E85EFC0BFC1B8
:107E380045616FA0AFC0B6850808EFE04FAF1C40A2
:107E48000808D8439355C701858912075183B2059D
:107E5800D98DEFE0CFAD1C40080883C58700EFE05F
:107E6800CFAB1C40080883C5A700EFE00FAB1C4050
:107E7800080883C59700EFE04FAA51BF8945080855
:107E8800EFE02FA583C704002300F50083C7140083
:107E9800A300F50079B7EFA22FB783C7950041116A
:107EA800AA8993F7F707A384F5003285AE84328454
:107EB800EFE06FB293170501C1876357F0042A8971
:107EC800032A0400EFC01F8E19E9835744000548B0
:107ED800F11793B71700A307F100814621A81306ED
:107EE800F100A285EFF03FA81DC11C459DC383D6B4
:107EF800470001480347F10093078500D2884A8666
:107F0800A6854E85EFF05FEB41016FA02FB30948BE
:107F1800E9B71D48D9B7EFA22FAF65715C083EC419
:107F2800B7077B013EC65C083EC883C795002A8A0E
:107F3800328593F7F707A384F500AE89EFE04FA8E1
:107F48008357E100C5C389452800EFC09F8F81454D
:107F58002800EFE08F9CEFC07F9497C7FF1F93879F
:107F6800A7629C4317C4FF1F0344440BAA843334FD
:107F7800800099C31364240097C7FF1F9387471293
:107F88009C4399C31364440097C7FF1F93878727AF
:107F98009C4399C31364840083D5040028000149D5
:107FA800EFE0EF9883D524002800EFE04F9883D5C1
:107FB80044002800EFE0AF97EFD0CFCB9315050131
:107FC800C1812800EFE0AF96A2852800EFE02F9648
:107FD8009C44636CF900014781463000CE85528588
:107FE800EFC07FA659616FA06FA5DC441314490048
:107FF80028003E94EFE06F8C834744000347540009
:1080080089070607BA978607E36EF5FC83552400AF
:108018002800814AEFE0AF91834544002800EFE053
:10802800CF8F834554002800EFE02F8F834744000B
:1080380063C9FA00814A8347540063CFFA000509EF
:1080480041BF1C4413975A002800BA9783D50700EC
:10805800850AEFE0CF8DD9BF032BC40093975A0050
:1080680028003E9B83552B00850AEFE04F8C8355F3
:108078000B002800EFE0AF8B7DBFEFA28F9A5C4921
:1080880093E717005CC9EF8080336FA0CF9BEFA206
:108098004F992E848145EFF08F9B05C183570500CA
:1080A800FD172310F50009C4835725002310F40099
:1080B800EFF0BFFC01456FA00F9931456DDC23102F
:1080C8000400D5BFEFA24F9483C7950041112A8AB7
:1080D80093F7F707A384F50032852E893284EFE001
:1080E8008F8F93170501C187635EF004AA89C14584
:1080F8002285EFD0BFFA2A8B4E85832A0400EFC071
:108108006FEA21E583574400231101000544F11764
:1081180093B71700A300F1008144034811000357E7
:108128002100D6875285CE862286CA85EFE07FE673
:10813800A1679387170248003EC42302810026C620
:10814800EFE01FB941016FA06F8F13061100A285E0
:10815800EFF07F81AA8409E523110100094475BF66
:10816800930521005A85EFF09FF2835721002A8456
:10817800CDD797C7FF1F9387E7089C4391C78545CD
:1081880013052100EF40203A83552100268531440C
:10819800EFC0AFD859D1231005002685EF70507B6A
:1081A8000144A5BFEFA2EF8741112E896C00AA8474
:1081B80002C6EFF0CF8909CD035705000507231044
:1081C800E500EFF09FEB81473E8541016FA0AF8747
:1081D8003247954775DBCA852685EF203007C147AA
:1081E800E34405FE3244854741462310F400835793
:1081F8000900A685130544002311F400EFA06F853C
:108208002285C1B7EFA24F8083C795004111AA8A82
:1082180093F7F707A384F5003285AE893284EFD04F
:108228009FFB93170501C187635EF0042A8AC14545
:108238002285EFD0BFE6AA845285032B0400EFC045
:108248006FD621E583574400231101008544F117B7
:1082580093B71700A300F100014403481100035726
:108268002100DA875685D2862686CE85EFE07FD232
:10827800A1679387070248003EC42302910022C6E3
:10828800EFE01FA541016F907FFBA2851306110047
:10829800EFF06FED2A8409E523110100894475BFC9
:1082A800268593052100EFF0FFEFAA845DF583553D
:1082B80021002285EFC06FC64DF10149EFD08FA094
:1082C800635DA900184893171900BA9703D70700E8
:1082D8001DE7035721002390E700EFD0AF9E63020C
:1082E800250397C7FF1F9387E7F19C4389C7035569
:1082F8002100EF40A01B2285EF709065B9BF0509EA
:1083080075BF954499BF05C19307F00F630FF5003A
:10831800C547630CF5009307F5FF05453315F500D0
:108328004205418182800145828041657D158280B8
:10833800B9E1EF921FEF034506033284EFF0BFFC6B
:108348009305803EB305B502C205C18191C90357A3
:10835800E402854763F6E70013050401EFC0001344
:108368008357E40241677D176385E700FD172317EC
:10837800F4026F905FED8280EF923FE8004283C77E
:108388009500444D0349140093F7F707A384F500BB
:1083980083470400220911673369F900A167B347CD
:1083A800F90041112A8BAE8A63ECE70C834724005D
:1083B8001307C00EB91793F7F70F6371F70E03474A
:1083C8003400C14763ECE70C834744001307E00718
:1083D80093C707086373F70A8349840083477400C7
:1083E800A209B3E9F900856763F9F908034A64004B
:1083F800834754004E85220A336AFA00EF40E05B57
:1084080045C123962403834B3400137AFA00239A38
:108418003403238874032399440393890401631A5A
:10842800090023A60402239804024E85EFC08007A2
:108438001DA0034924004A85EFF0FFEC2397A4020E
:10844800834744004E85A388F402E3810BFEE30FC3
:1084580009FCEFC04002EF70F07981460146D685ED
:108468005A85EFE09FA5A167938797033EC423022F
:108478000100480002C6EFE0BF8541016F907FDB35
:108488008544A2862686D6855A85EFE01FA3A16774
:10849800938797033EC423029100E1BFBD44D5B73B
:1084A8009144C5B7EF925FD601111C08404D3EC2FA
:1084B800B7070F003EC41C083EC62A89AE89EFC024
:1084C8007FA3585C1C5C634CB70A6394E50063E8BF
:1084D800A70A3385A740B3B7A700B305B74013066B
:1084E800803E81469D8DEF10111493140501C180C3
:1084F800A1659385C5034800EFC0AFB48145480026
:10850800EFD0BFC1835504044800EFD05FC2835544
:1085180024044800EFD0BFC1814599C8C167FD1741
:108528009305F00F6386F4002685EF40C00EAA85F8
:108538004800EFD09FBE03554404814511C9C16767
:10854800FD179305F00F6305F500EF40C00CAA85F1
:108558004800EFD09FBC834564044800EFD0FFBBC0
:10856800834574044800EFD05FBB50000147814643
:10857800CE854A85EFC02FCD05616F903FCC8144F1
:1085880085BFEF921FCA83C7950093F7F707A384A7
:10859800F500EFF03FF16F901FCBEF92FFC683C756
:1085A80095004111404D93F7F707A384F5002A8AF7
:1085B8003285B284AE89EFD01FC22A8B2685EFD0D0
:1085C8009FC12A892685EFD0BFBF93170B0163CAC5
:1085D8000702E177CA97C207C183116763E3E7021D
:1085E80093070910C207C1831307B00F637BF70015
:1085F80093170901C187AA8A6348F000C54763FA3F
:10860800570141016F909FC3EFC04F8CE31B25FFBB
:10861800F5B763060B0263040902814463870A0203
:10862800B7077F0023106405231124057CC05685F5
:10863800EFF07FCD9304803EB304950239A0B707CD
:108648007F00232004047CC0814403552404EFB038
:10865800100E95CCEFC01F8A269593D7F441333777
:108668009500AE97BA9708DC5CDCCE855285EFF0B2
:108678007FE399E023220404A1679387B7034800A6
:108688003EC42302010002C6EFE08FE49DBF81478C
:1086980001481CDC232E0403C9BFEF929FB8EFC02A
:1086A800BFECE1473305F5029145EF30F078E55727
:1086B80011C597C7FF1F23A1A79681473E856F90D5
:1086C8009FB8854717C7FF1F230AF7948280EF9248
:1086D8005FB597C7FF1F9387E79380432DC08357E4
:1086E8000404639EA70483572404639AB704368955
:1086F800B284EFC03F805C5C63C3B7046395B70086
:108708001C5C63EEA7028347640463F3F400A68746
:108718002303F4048347740463F39700A687A30331
:10872800F4048357440441677D176385E700850790
:108738002312F4043C4481C7CA85268582976F902A
:108748009FB097C7FF1F9387E78C9C43014599C348
:1087580003C587008280EF92DFAC0111B7070700DD
:108768003EC683C79500584D0AC493F7F7070AC851
:10877800A384F5002A89AE8401CB1C4283C7070075
:108788002304F700EF703046216493055402280053
:10879800EFC02F8BEFF0FFFAAA852800EFD0FF97E4
:1087A800300001478146A6854A85EFC0CFA913044A
:1087B8004402480822CC230A010002CEEFE04FD140
:1087C80005616F905FA8EF92DFA501117C003ECA9A
:1087D800B70707003ECC7C003ECE83C795002E84A9
:1087E800AA8493F7F707A384F500A165938555023A
:1087F8004808EFC00F85EFF0DFF4AA854808EFD0EE
:10880800DF91500801478146A2852685EFC0AFA3B6
:1088180005616F905FA397B7FF1F9387A77F9C435E
:10882800094599C303C59700828097B7FF1F9387AF
:10883800677E9C43094599C303C5D700828097B7D3
:10884800FF1F9387277D9C43014599C303C5A70054
:108858008280EF927F9B0111B70708003EC683C74D
:108868009500404D0AC493F7F7070AC8A384F5009A
:108878002A89AE8429C01442854703C7060063EEDF
:10888800E7068347940009468149638EC700B3070A
:10889800F740A304E400B339F00083C716002305AA
:1088A800F400EF70503403572403058B09C7638421
:1088B8000900EFA0B0692164930584022800EFB095
:1088C8005FF8EFF05FF5AA852800EFD01F85EFF07D
:1088D8001FF7AA852800EFD05F8401478146300042
:1088E800A6854A85EFC02F9613047402480822CC47
:1088F800230A010002CEEFE0AFBD05616F901F941F
:10890800EF923F9201117C003ECAB70708003ECCA7
:108918007C003ECE83C795002E84AA8493F7F70780
:10892800A384F500A165938585024808EFB07FF11F
:10893800EFF07FEEAA854808EFD02FFEEFF03FF06A
:10894800AA854808EFD06FFD500801478146A285E7
:108958002685EFC04F8F05616F90FF8E97B7FF1F79
:108968009387476B9C43014599C303C5B700828031
:10897800EF923F8B0111B70707003EC683C79500EA
:10898800404D0AC493F7F7070AC8A384F5002A895B
:10899800AE8405C41C42054783C70700636AF70411
:1089A8000347B400630BF700A305F400EF70B0238E
:1089B8008347B400A9C3EFD04FD921649305B4000D
:1089C8002800EFB01FE8EFF07FF9AA852800EFD064
:1089D800CFF4014781463000A6854A85EFC0AF86AF
:1089E8002904480822CC230A010002CEEFE04FAE4A
:1089F80005616F905F85EFD06FDAC1B7EF927F8224
:108A080001117C003ECAB70707003ECC7C003ECE71
:108A180083C795002E84AA8493F7F707A384F500EB
:108A2800A165AD054808EFB0DFE1EFF03FF3AA8597
:108A38004808EFD08FEE500801478146A285268569
:108A4800EFC06F8005616F901F8097B7FF1F9387F6
:108A5800675C9C43094599C303C5C7008280EF92B0
:108A68004FFC01117C00AE843ECAA165B707070020
:108A78002A843ECCD1057C0048083ECEEFB07FDC8E
:108A8800EFF0BFFCAA854808EFD02FE9500801474E
:108A98008146A6852285EFB01FFB05616F90AFFA6E
:108AA800EF922FF883C7950093F7F707A384F50093
:108AB800EFF0FFFA6F902FF9EF920FF583C795004B
:108AC8000329C501411193F7F707A384F5001C4258
:108AD80083C90700854763EC370597C7FF1F93874E
:108AE800A7AA9C432E84AA8495C7EFF01FF689474E
:108AF8006302F502630009028347C900638C3701EA
:108B080023063901EF70300E83572903898B99C3E7
:108B1800EFA0D0432685A285EFF07FF4A167CD07AB
:108B280048003EC42302010002C6EFE06F9A4101EB
:108B38006F90CFF097B7FF1F9387C74D9C431D4594
:108B480099C303C5E7008280EF92AFED0111B70723
:108B580007003EC683C79500584D0AC493F7F70728
:108B68000AC8A384F5002A89AE8405C71C4283C7B6
:108B7800070093968701E18663C8060485466385E6
:108B8800D7048346E7006386F6002307F700EF70F3
:108B9800900521649305E4002800EFB09FCAEFF028
:108BA8007FF9AA852800EFD04FD7014781463000CA
:108BB800A6854A85EFB03FE93504480822CC230A48
:108BC800010002CEEFE0CF9005616F90CFE7EF9202
:108BD8004FE501117C003ECAB70707003ECC7C0078
:108BE8003ECE83C795002E84AA8493F7F707A38403
:108BF800F500A165B9054808EFB0BFC4EFF09FF3D1
:108C0800AA854808EFD06FD1500801478146A28550
:108C18002685EFB05FE305616F90EFE2EF92CFDE5C
:108C2800AA84014417B9FF1F1309093FE149EFC09E
:108C3800BF936344A400014519A83305340383276F
:108C480009003E95835725006395970011056F909D
:108C5800EFDE0504E9BF032E850063040E1017B389
:108C6800FF1F1303235A032303006315030029433B
:108C7800639A060E03234E01631503001D43639395
:108C8800070EEF928FD7C689428A3E89BA8AB68480
:108C9800328BAE8B2A84A1E903554E0009E50143C6
:108CA8001A856F900FD9A167A98F116763F7E7003D
:108CB800EFF0DFF68145EFF08FBD0844B70700E01D
:108CC8005841F98F18455CC1B707001FF98F1CC5BB
:108CD8005C4981C76105EFB0E07CE38209FC22852D
:108CE800EF70C06E6DBF3285EFA0E0600D434DD9C7
:108CF8001C44116703D54700A167A98F63F7E700F4
:108D0800EFF0DFF18145EFF08FB80323840093166D
:108D18004B01D1828347B300035663008588FD8BDE
:108D2800A305F300FD777D8E558EFD76FD16B20402
:108D3800F18E83274301C58E231273012313D300B9
:108D48002304530123052301A3044301D9D7228512
:108D5800EFB0DFC3AA850844B5DD6105EFB0007345
:108D6800ADBF1D431A858280EF920FCA0569AA8498
:108D7800AE89328A0144FD5A7D19EFC0AFF36345CD
:108D8800A40001456F908FCBD84493171400BA976D
:108D980003D70700631B37032390570163050A00B5
:108DA8002685EF7040399C448DC383D76700B3F79D
:108DB8002701639C3701D2880148814701478146D2
:108DC800014681452685EFF01FE905047DB7EF923E
:108DD800AFC379711C103EC4B7070F003EC61C1004
:108DE8003EC883C79500AA8A328593F7F707A384FC
:108DF800F5002E893284EFD00FBE93170501C18785
:108E08006350F006AA892285EFD0EFBC2A8A4E85E6
:108E1800032B0400EFB01F9939E5835744008144C0
:108E28000544F11793B71700A303F10083457100B8
:108E3800DA872287D2864E862800EFE03FA40147D2
:108E480081463000CA855685EFB0FFBFA16793877A
:108E5800F70348083ECC230A810026CEEFD05FE70F
:108E680045616F90AFBDA28513067100EFE0BFAFFB
:108E7800AA84094445DD5285EFE0EFB80D445DD57D
:108E88000546D2852685EFF03FEE2A8445B7EF9256
:108E98004FB9835507000346270041112A842E85C0
:108EA80032C62EC4EFE02FB611C53246A245228540
:108EB800EFF09FEB41016F900FB9EF920FB483C7AA
:108EC80095004111AA8A93F7F707A384F500328524
:108ED800AE893284EFD02FB093170501C18763574D
:108EE800F008C1452A8A2285EFD04F9B2A8D22851A
:108EF800EFD06FAE2A892285EFD08FAC930705F8A3
:108F080093F7F70F1307E007AA8B6371F70622851B
:108F1800EFD00FAB2A8C2285EFD08FAAAA8C52856E
:108F2800032B0400EFB01F8829E583574400231161
:108F380001008144F11793B71700A300F10005441D
:108F48000347110083562100938784005685DA88E9
:108F580022885286CE85EFE03FE6A167E907480000
:108F68003EC42302810026C6EFD09FD641016F90F0
:108F78004FAC13061100A285EFE0FF9EAA8409E515
:108F88002311010009446DBF930521006A85EFF0A4
:108F98006FA12A8455F5835521009356C9001316ED
:108FA800490185486688E2875E87858A51822685D9
:108FB800EFF07FCA2A8469B7EF922FA483C7950080
:108FC80041112A8B93F7F707A384F5003285AE8900
:108FD8003284EFD04FA093170501C1876352F00880
:108FE8002A8A2285EFD02F9FAA8A2285EFD0AF9EAA
:108FF8002A892285EFD0CF9C930705F893F7F70FBE
:109008001307E0072A8C637DF7042285EFD04F9B76
:10901800AA8C2285EFD0CF9A2A8D5285832B040003
:10902800EFB04FF829E18357440085440144F11714
:1090380093B71700A301F100034731009307840099
:109048005A85DE882688D6865286CE85EFE0DFD61A
:109058008D4748003EC42302910022C6EFD05FC767
:1090680041016F900F9DA28513063100EFE0BF8F7D
:109078002A84894471D19356C90013164901854839
:109088006A88E6876287858A5182D685EFF0BFBCF9
:10909800AA845DB7EF924F972A8981440144617A87
:1090A800916A17BBFF1F130BEB15EFC0AFC163C568
:1090B800A40022856F908F98832709009399140044
:1090C800CE9703D507003307450142074183636202
:1090D800570311CD03270B0009C785453E85EF309F
:1090E8008044832709000504CE9723900700850450
:1090F8006DBFEFF0BFB2832709000504CE97239018
:10910800070075D58145EFE09FF8D5B7EF92CF8F6F
:1091180083C7950041112A8A93F7F707A384F500BE
:1091280032852E893284EFD00F8B93170501C187C2
:109138006354F004AA89832A0400EFB0AFE621E162
:109148008357440085440144F11793B71700A301DE
:10915800F10003483100D68752850147CE8626861E
:10916800CA85EFD01FE3A167F50748003EC4230274
:10917800910022C6EFD0DFB541016F902F8CA285F8
:1091880013063100EFE02FFE2A84894479D197B77E
:10919800FF1F938727079C4381CB0449EFC08FB2F9
:1091A800AA852685EF30203813050401EFF09FEEDD
:1091B8002285EF60F079814469BFEF920F8483C7FD
:1091C80095004111AA8A93F7F707A384F500328521
:1091D800AE89328423110100EFC0FFFF9317050108
:1091E800C187635CF0042A8AC1452285EFC01FEB62
:1091F800AA8B5285032B0400EFB0CFDA31E18357F5
:10920800440085440144F11793B71700A300F10007
:109218000348110003572100DA875685D28626862F
:10922800CE85EFD01FD7A1679387270248003EC499
:109238002302910022C6EFD0BFA941016F807FFFB2
:10924800A28513061100EFE00FF22A84894469D140
:1092580097B7FF1F938707FB98433E8901CB0449C3
:10926800EFC04FA6AA852685EF30E02B1305040131
:10927800EFF05FE2EFC00FA5954459D9930521009F
:109288005E85EFE03FF2AA8441F51C4803572100B0
:1092980022852390E700EF60B06B83270900ADDBE0
:1092A80003552100EF308020A5B7EF821FF583C753
:1092B80095004111AA8A93F7F707A384F500328530
:1092C800AE893284EFC03FF193170501C187635916
:1092D800F0042A8A2285EFC01FF02A895285032BC1
:1092E8000400EFB02FCC21E18357440085440144AA
:1092F800F11793B71700A301F10003483100DA878B
:1093080056854A87D2862686CE85EFD09FC8A16724
:10931800F90748003EC42302910022C6EFD05F9BA4
:1093280041016F801FF1A28513063100EFE0AFE322
:109338002A84894479D19167CA97C2071167C18382
:109348001307F7EF8544E36AF7FA97B7FF1F938788
:1093580067EB9843BE8B01CB0449EFC0AF96AA8553
:109368002685EF30401C13050401EFF0BFD2EFC093
:109378006F95954459D11C48228581442390270133
:10938800EF60105D83A70B00ADDB4A85EF3000125C
:10939800ADB7EF821FE92A844105B284EFF09FCF71
:1093A80001C52285EF60D05A81460146A6852285EF
:1093B800EF70200C1C4C89C7DC4799C32285829723
:1093C8006F807FE897B7FF1F9387C7C49C43014509
:1093D80099C313850701828097B7FF1F938787C3B7
:1093E80088438280EF82FFE39317C600DD8DC205B4
:1093F8004111C1812A8432C6EFC07FD3324622850B
:1094080011829375F60FEFC05FD141016F80BFE302
:10941800EF829FDF79713C083ED2B7070C003ED43B
:109428003C083ED683C79500AE842A8993F7F70790
:10943800A384F500A165938535044810EFB06FC08B
:10944800C165FD15014417BAFF1F130A2ADD930AE7
:10945800400EAE892E8B2EC6EFC0CF8942059317DA
:1094680004014181C183B24563E3A702C167FD17C7
:109478006385F5004810EFC09FCB50100147814627
:10948800A6854A85EFB02FDC45616F803FDB330747
:10949800540383270A0BBA9703D6C701630836011A
:1094A800638835014810EFF0FFF3DA85050465B7E6
:1094B800B285EDBFEF827FD479717C083EC8B707CB
:1094C80011003ECA7C083ECC83C79500AA89328524
:1094D80093F7F707A384F5002E89EFC0DFCF8567E0
:1094E800637EF502A165AA8489050808EFB06FB507
:1094F8002685EF30804C133415000A04A28508082D
:10950800EFC0BFC1A6850808EFC07FC235C00147BC
:1095180081461008CA854E85EFB0EFD245616F804D
:109528005FD1B30754030327CA0ABA9703D70700C2
:10953800631A970003D62700638A65030808EFF0CB
:109548007FEADE8505042EC6EFB0DFFB42059317E0
:1095580004014181C183B245E3E5A7FCC167FD175A
:10956800E387F5FA0808EFC09FBC55B7B285D9BFA5
:10957800C165FD15014417BAFF1F130A2ACA930AC9
:1095880080022E8BAE8BC1B7EF82BFC918418347CB
:10959800170083460700A207D58FD207D1832390EF
:1095A800F50083472700034717008D45A207D98F89
:1095B80091832310F600EFC03FAD6F80DFC8EF82C4
:1095C800BFC4C164014417B9FF1F130929C5930912
:1095D8008002FD14EFB01FF36345A40001456F80BE
:1095E800FFC5330534038327C90A3E958357050011
:1095F800E38797FE0504F9BFEF821FC12A8AAE8967
:10960800B284B68AEF30603B09E591473E856F80AA
:10961800FFC22A894E85EF90104E2A84638A0A0475
:109628008D476DD503570500C547E31147FF03472D
:10963800F9018546AD47E31BD7FC8347450091CB2D
:109648004146A6855D05EF005175814761D1AD475B
:1096580075BF130965012302E500CA852685EF1049
:10966800802B15CDA547E3830AFA2302040079BFAE
:1096780011CD83570500E39A47F94146A685190598
:10968800EF00B171814759D1994749B74E85EFF03D
:109698001FF32A8495473DD9130955007DBF4146DC
:1096A800A685231044012311340113051900EF8006
:1096B8005FBA2285EF60103D814789BFEF827FB690
:1096C80079717C003ECCB7070A003ECE7C003ED0C4
:1096D80083C79500B2842E8493F7F707A384F50017
:1096E8001306A1002A892C002685EFF0FFE9A16561
:1096F80028088D05EFB0EF9490408355A1000355DD
:1097080081008546EFF05FEFAA84AA852808EFC09C
:10971800DFA00356A100835581002808EFF09FCCF5
:10972800300801478146A2854A85EFB0CFB1854709
:1097380048103ED42302910202D6EFD06FD945617A
:109748006F807FB0EF82FFAD79717C003ECCB707A8
:109758000A003ECE7C003ED083C79500B2842E849A
:1097680093F7F707A384F5001306A1002A892C00B4
:109778002685EFF07FE1A16528088D05EFB06F8C95
:1097880090408355A100035581008146EFF0DFE644
:10979800AA84AA852808EFC05F980356A1008355BC
:1097A80081002808EFF01FC4300801478146A285D0
:1097B8004A85EFB04FA948102302910202D402D67D
:1097C800EFD00FD145616F801FA897B7FF1F938710
:1097D800A78488438280EF82DFA483572500411144
:1097E800AE842A842307B10017F5FFFF1305656AC5
:1097F8006C002316F100EFB02FDE81C42285EF60E4
:10980800D02EFD572310F4001306200281451305BE
:109818005400EF807FA541016F80FFA2EF82DF9E99
:1098280079717C003ECCB7070A003ECE7C003ED062
:1098380083C79500AA89AE8493F7F7073285A38476
:10984800F5001306A1002C00EFF01FD4035581008A
:109858001144EF30801615C10355A1000144EF9063
:10986800902901CD035705008357810045446316AD
:10987800F7008545EFF03FF601442169930539006B
:109888002808EFA01FFCA2852808EFC01F890356EF
:10989800A100835581002808EFF0DFB430080147A4
:1098A8008146A6854E85EFB00F9A48104AD4230208
:1098B800810202D6EFD0CFC145616F803F98EF8219
:1098C800BF9497A7FF1F9387E7742A8488432E893C
:1098D80015C1035745038357C401631DF7002326A9
:1098E8000502231805024105EFA0D03B63040900D7
:1098F800EF605030814497B9FF1F93892992130A6A
:109908008002EFB03FC063CCA40297A7FF1F9387E4
:1099180027799C4389C70355C401EF106075630517
:1099280009002285EF6070041306400E81452285E8
:10993800EF809F93FD57231EF4006F803F9033857F
:10994800440383A7C90A3E95035705008357C401FA
:109958006315F700CA85EFF01FE885045DB7EF824D
:10996800BF8A83C795004111AA8993F7F707A38493
:10997800F5003285AE84EFC01F8685676370F504F5
:109988002A89EF308003014411C983D70400314488
:10999800638627018545EFF09FF201444E85A28634
:1099A8004A86A685EFD0EFBFA167938717044800C2
:1099B8003EC42302810002C6EFD08FB141016F80FF
:1099C800FF87EF827F8497A7FF1F9387A764804351
:1099D8001DCC0145EFA0A05581470148C1641CDC9E
:1099E800232E04032320040417B9FF1F1309098336
:1099F80001449309400EFD14EFB0DFAF634BA400A0
:109A080081451705000013050599EFB0EFBC6F807D
:109A1800FF82330534038327090B3E958357C5011D
:109A2800638597008545EFF09FE90504F1B79357E3
:109A3800050113D78700A380F50093170501C1839B
:109A4800A1832380E5002381F500A381A5008280FE
:109A5800EF822FFD2300050083C71500A300F50042
:109A680083C725002301F50083C73500A301F5004E
:109A780083C745002302F50083C75500A302F500FC
:109A880083C7650093059500A30305002303F5002C
:109A9800230405003285EFF09FF96F80CFFAEF823B
:109AA800AFF64111E9541DC595C593F9C5FF2E843C
:109AB8002A89AA84338AA90063129A020D888544E8
:109AC80011C8EFC0C06D2AC622866C003305390163
:109AD800EF802FF8268541016F804FF6EFC0206C8C
:109AE80093170501C183A183A380F400935705014F
:109AF8002381F400A1832380A400A381F4009104AE
:109B080065BF63E0D502EF82CFF1B2874111368697
:109B1800BE8536C6EF80EFF3B246410136856F80C9
:109B28008FF2814636858280EF82AFEFEF80CFF3E8
:109B38006F806FF1838705001387F5003D05FD876A
:109B480093F77708834607007D158606B58FA3002F
:109B5800F5006307B7007D17834717009D83DDB7BE
:109B68008280EF820FECB2872A863E85EFF0C03103
:109B7800133515006F802FED01CD814799C9EF820C
:109B88004FEA4146EF80EFEC85473E856F80AFEBAB
:109B980081473E8582801DC5EF82AFE841468145F9
:109BA8002A84EF806FEC4146814513050403EF805A
:109BB800AFEB0147C1672322040438C87CC80545B8
:109BC8006F806FE801458280814729CDA1CDEF8262
:109BD8004FE5B2842E891306800581452A84EF80DB
:109BE800AFE8CA8524C42685EFF01FF941468145B0
:109BF8002285EF806FE73044A2852285EFF07FF65B
:109C080093040401A2852685EFF0DFF2A6851305EB
:109C18000402EFF03FF22285EFF0FFF785473E851B
:109C28006F806FE23E858280EF820FDE4111E9543A
:109C38001DC595C593F9C5FF2E842A89AA84338A40
:109C4800A900639244030D88814411C8EFC02055D0
:109C58002AC622866C0033053901EF808FDF2685FE
:109C680041016F80AFDDEFC0805393170501C183B9
:109C7800A183A380F400935705012381F400A183F5
:109C88002380A400A381F400910465BF71CDEF8205
:109C9800AFD7B28401E605456F804FDA2A842E8952
:109CA8000145FDD93C487848B3E6E700F5D69386E8
:109CB800F7FFB3B7F6007D17032A4404BA9734C8F0
:109CC8007CC8630F0A04C14913050A03B3894941D3
:109CD8002295637B3601B2862E86A685EFF07FE259
:109CE8007C40BE9464C045BFCE862E86CE85EFF0FC
:109CF8005FE1C114D2944E9923220404A2879306EB
:109D0800040103C7070003C607038507318FA38F24
:109D1800E7FEE398F6FE3044A2852285EFF07FE463
:109D28002699C1493306994063EA9900ADD4A686BD
:109D3800A68513050403EFF0DFDC6DB78147B30692
:109D4800F4003307F6000347070083C506008507BC
:109D58002D8F2380E600E39437FF3044A2852285C7
:109D6800EFF03FE0C1147DBF0145828019C9EF8241
:109D78004FCB130680058145EF800FCF05456F80D7
:109D88008FCC0145828081473DC9B5C9EF826FC933
:109D9800FC4141462E84AA846393C70413860501B7
:109DA800A2878146C14503C7070003C50703850786
:109DB800298F3305D600034505008506298FA38F13
:109DC800E7FEE392B6FE3044A2852685EFF07FD900
:109DD8002285EFF0BFF985473E856F80CFC6138592
:109DE80007031D8E81452295EF800FC87C4013071D
:109DF80000F813060402A2972388E70255B73E85A8
:109E08008280EF820FC26D712E84B284AA85901071
:109E180028003689EFF05FDB19E9D55705A05040D7
:109E28000C402800EFF09FE66DD9FD142104E5F8F9
:109E38002C004A85EFF03FF5814765D13E85516199
:109E48006F806FC0EF82EFBD41112EC432C62C0067
:109E58000546EFF01FFB41016F80EFBEEF826FBC3C
:109E680001112A842EC602C802CA02CC02CEEF0013
:109E78005118B2462A86A2850808EFF0BFFC137570
:109E8800F50F05616F802FBCEF82AFB97971B2878A
:109E98002A8421462308B10013051101BE853AC45E
:109EA80036C6EF800FBBB246930591013685EFF0B9
:109EB8001FB82285141035460C08EFF0BFF82A8425
:109EC800224711E521460C103A85EF808FB822858C
:109ED80045616F804FB7EF82CFB47171AE84AA85A8
:109EE8000A853284EFF05FC901C90A86A6852285F2
:109EF800EFF03FC7814711E1C5473E854D616F804F
:109F08008FB4EF820FAF1D712A8AB289BE8435469D
:109F18008547130511012E8CB68A3A8BC28C468D63
:109F28002308F100EF80EFB210100C085285231FB0
:109F38000100EFF05FFA2A842DE9A147631BFD06B3
:109F48009307900591E0E5473546E2851305110131
:109F580013990A012308F10013590901EF806FAF23
:109F68001357890093978A00D98F90080C08528557
:109F7800231FF100EFF03FF62A8405E9A1E093875B
:109F8800FA0091831379F9003EC663130900414929
:109F9800668B8144C14B854DB2476397970C6A869F
:109FA8008C0033855C01EF80CFAA228525616F8004
:109FB8000FA893079004C9F8A54779B78347010507
:109FC8000947C14B2308F10083471105A58FA30852
:109FD800F10093872400814463EFFB0201471408D2
:109FE8003386E6008C08B386E400BA95DA9683C611
:109FF800060083C505000507AD8E2300D600E39053
:10A00800E7FE41476398E70490080C085285EFF093
:10A018009FEC35D535A8B3069B00BA871008B30561
:10A02800F60090083E9603C506000346060085071D
:10A038008506298E2380C500E39277FF998F9008C3
:10A048000C085285BE94EFF01FE98947014749D5AE
:10A058002A84A1BF90083E96034606001408BE96BF
:10A068002380C600850779BFB2478504638B9712A2
:10A0780081471808B306F70098083E973386F90019
:10A0880003470700034606008507318F2380E60053
:10A09800E39177FF90080C085285EFF0DFE34DF964
:10A0A8003546E285130511012308B101EF806F9A47
:10A0B800139704014183939784002183D98F101843
:10A0C8000C085285231FF100EFF0FFE051F18147A2
:10A0D80010183387F9003E96034707000346060029
:10A0E800B306FB008507318F2380E600E39277FFF4
:10A0F80075A01808B306F70098083E973386F9004C
:10A1080003470700034606008507318F2380E600D2
:10A11800E3E127FFCA876398770990080C085285FE
:10A12800EFF07FDB15F581479800B306F70090083C
:10A1380018103E973E96034707000346060085071A
:10A14800318F2380E600E39177FF3546E2851305DA
:10A1580011012308B101EF80CF8F139704014183C8
:10A16800939784002183D98F10180C085285231FD8
:10A17800F100EFF05FD6E31D05EC81471018338737
:10A18800F9003E960347070003460600B306FB00A6
:10A198008507318F2380E600E3E227FFC109410BE1
:10A1A800E5BB8147B5B79408BE9683C60600180874
:10A1B8003E972300D7008507B9BF638E062CEF8230
:10A1C8004F8359712A84BE89B28B8547354613055A
:10A1D80011022E8B468C4289BA8A368A2300F102F4
:10A1E800EF802F8710180C10228523170102EFF03B
:10A1F8009FCE631E0510A1476319FC0693079005BF
:10A2080063930900E5473546DA851305110293146F
:10A218000A012300F102C180EF80AF8393178A00FF
:10A2280013D78400D98F90080C1022852317F102C8
:10A23800EFF07FCA69ED639009049307FA00BD88BF
:10A24800918391E0C144C207C183DE8C814A3EC636
:10A25800414DB24763EAFA0C6286B3854B01881018
:10A26800EF00A1334DC53D555DA093079004E39CD5
:10A2780009F8A54749BF834701050947C14C230091
:10A28800F10283471105B3C7F900A300F1029387D0
:10A298002900814963EFFC02814618103306D70074
:10A2A8008C083387D900B69556970347070083C5AE
:10A2B800050085062D8F2300E600E390D7FE414771
:10A2C800639AE70490080C102285EFF0DFC035D5BB
:10A2D8003DA8B3863A01BA871010B305F600900876
:10A2E8003E9603C506000346060085078506298EA7
:10A2F8002380C500E39297FF3387EC4090080C1049
:10A308002285BA99EFF03FBD8947014741D565617C
:10A318006F70FFF190083E96034606001410BE9633
:10A328002380C600850769BFB247850A93990A0149
:10A33800939D8A0093D909016399570D854735463E
:10A34800DA85130511022300F10293D98900EF7011
:10A358005FF0B3ED3D0190000C1022852317B10387
:10A36800EFF07FB74DF58147A68963E69706268605
:10A378000C084A85EF70FFED81471810B306F70007
:10A38800100898083E973E960347070003460600C4
:10A398008507318F2380E600E3E197FE639DA905D9
:10A3A80090080C102285EFF01FB335F18147981003
:10A3B800B306F700900818183E973E960347070023
:10A3C800034606008507318F2380E600E391A7FF47
:10A3D8004109C10CBDBD18089000B306F7003E96B0
:10A3E8003387FC0003470700034606008507318FC3
:10A3F8002380E60095BF98084E97034707001C1076
:10A40800CE972380E700850951BF85473546DA8511
:10A41800130511022300F10293D98900EF707FE33D
:10A42800B3ED3D0190000C1022852317B103EFF026
:10A438009FAAE31E05EC814718089000B306F700B1
:10A448003E963387FC00034707000346060085074E
:10A45800318F2380E600E391A7FF41460C084A8527
:10A46800EF703FDF81471810B306F700100898080F
:10A478003E973E9603470700034606008507318F3F
:10A488002380E600E391A7FF90080C102285EFF0E7
:10A498009FA41DDDADBD7D558280EF729FD801114F
:10A4A8002A842E8593055100328902C002C202C453
:10A4B80002C693047400EFF08FD71D46A6851305D6
:10A4C8009100EF701FD910088A854A85EFF0BFA068
:10A4D80019ED93071400180883C607000346070000
:10A4E80085070507B18EA38FD7FEE397F4FE0561B4
:10A4F8006F707FD5EF725FD12E848C414111AA898C
:10A50800838715003289914463D30700A14497A734
:10A51800FF1F938767079C43B1C3B5CE8D472310B0
:10A52800F10083C725004A852301F10083C7350060
:10A53800A301F10083C745002302F10083C755003A
:10A54800A302F10083C7650093059100A3030100EE
:10A558002303F10023040100EFF06FCD0C404A867D
:10A568000A85EFF0EFCE0328040083564400A6883E
:10A578001D0881470147E51642868A854E85EFF01A
:10A588005F982A8909E5A6852285EFB09FB44A8598
:10A5980041016F70BFCA4A860A85EFF06FCB7DBF55
:10A5A800EF729FC62E848C414111AA8983871500BA
:10A5B8003289914463D30700A14497A7FF1F93876B
:10A5C800A7FC9C43B1C3A5CE8D472310F10083C7D8
:10A5D80025004A852301F10083C73500A301F10056
:10A5E80083C745002302F10083C75500A302F10089
:10A5F80083C7650093059100A30301002303F100BD
:10A6080023040100EFF0AFC20C404A860A85EFF040
:10A618002FC483564400032804008A85858EC20609
:10A628001D08C1822312D400A68881470147E51678
:10A6380042864E85EFF07FB841016F703FC04A8671
:10A648000A85EFF0EFC0C9B7EF72BFBDB335B000F0
:10A65800011185052A891315F601336515012308AB
:10A66800B1009305110136843AC632C03EC442C2D5
:10A67800EFF0EFBBA2471248425593D68700230B51
:10A68800F1009305910193578800A30AD100A30B09
:10A69800F100230C0101EFF08FB93247024603287D
:10A6A8000400B337E000835644009207914411C276
:10A6B800A1444A85A68842860C08EFF09F842A891F
:10A6C80009E5A6852285EFB0DFA04A8505616F7090
:10A6D8009FB7EF727FB301113EC68647B335B0000E
:10A6E8008505AA891315F6015D8D2308B100930528
:10A6F800110136843A89B28442C446C2EFF02FB3BE
:10A7080022489248164593578800A30AF1009305FA
:10A71800910193D78800230B0101A30BF100230CAF
:10A728001101EFF0CFB03247104083564400B337E1
:10A73800E000920703280900914891C0A1480C083D
:10A748004E85EFF09FA7AA8411E5835544004A85FA
:10A75800EFB03F98268505616F705FAEAA959307A5
:10A76800F00F17270100130767BF6317B50013C55C
:10A77800F7FF1375F50F828005058346F5FFB58F42
:10A78800BA9783C70700D5B7035745001441930705
:10A79800F00F17260100130666BC3697420741835F
:10A7A800139506014181631BE500AD8FB29703C580
:10A7B8000700130515F3133515008280850603C5B8
:10A7C800F6FFA98FB29783C70700D9BFEF727FA59D
:10A7D800B28736842E86BA86AA853E85BA84EFF07B
:10A7E8006FE6634B05002285EF00A1002A86A68646
:10A7F800A2852685EFF00FE56F70FFA4EF72DFA04A
:10A808005D712A8BAE8A172501001305A5B22C00AD
:10A81800B284368ABA893E89EFF04FE42A8459E532
:10A8280034104146DA852800EFF0CFE12A843DED67
:10A838008547A303F100A6C2930771002408BEC48C
:10A84800A68685470D462C18281002DC02DED6C0E5
:10A85800BEC6EFF00FDB2A8431E983477102A68672
:10A868000D4693F7F7072300FA00C1473EDE2C1880
:10A878008947281026DCA303F100EFF08FD82A843B
:10A8880015E54146A6854E85EF70BF9C8D47A68687
:10A898000D462C182810A303F100EFF08FD62A8458
:10A8A80011E54146A6854A85EF70BF9A2285616108
:10A8B8006F70DF98EF72FF96971701009387470E26
:10A8C800984383C7470079712A89AE841725010008
:10A8D8001305C5A60C083AC42306F100EFF00FD8FB
:10A8E8002A8415E514104146CA850808EFF08FD56B
:10A8F8002A8411ED140815462C000810EFF08FD4A7
:10A908002A8411E521462C082685EF709F9422851C
:10A9180045616F705F93EF72DF909717010093871F
:10A9280027089C477971AA842E84172501001305EE
:10A9380065A10C083EC6EFF06FD20DE51410414634
:10A94800A6850808EFF00FD011ED140811466C0029
:10A958000810EFF02FCF19E58347F10193F7F703BC
:10A968002300F40045616F701F8EEF729F8B36884D
:10A97800A14881470147E546EFF0AFD86F70BF8C1B
:10A98800EF723F8A3688A14881470147E546EFF0D4
:10A99800DF826F705F8BEF72DF8801112A842E854A
:10A9A8000C0832C6EFF08FCB19E932479726010021
:10A9B8009386C6971008C1452285EFF03FE10561EF
:10A9C8006F707F88EF72FF854111C1472EC032C476
:10A9D8008A8509463EC23EC6EFF0AFC241016F709C
:10A9E8009F86EF721F844111AE8613061009AA854F
:10A9F8000A8502C002C202C402C6EFF0AFC4410118
:10AA08006F707F84EF72FF813287972601009386EB
:10AA1800E6932E8693050002EFF05FDB6F70BF822E
:10AA2800EF723F807971C1472ACC2ED032D42C08DE
:10AA38000D4628003ECE3ED23ED602C402C602C80B
:10AA480002CAEFF00FBC45616F70EFFFEF726FFD48
:10AA58000111AA842E84172501001305A58F8A8564
:10AA6800EFF0CFBF05E514084146A6850A85EFF04B
:10AA78006FBD09ED8347E1010347F101A207D98FB3
:10AA8800CA07C9836177D98F2310F40005616F70F5
:10AA98008FFB05C9EF72EFF89797FF1F9387475C05
:10AAA80090439795FF1F9385E55B1795FF1F130547
:10AAB8002557EFB0E04C1795FF1F130565566F70CB
:10AAC8008FF81795FF1F1305A55582809DC5EF7256
:10AAD8004FF59797FF1F9387A758944301112E842A
:10AAE8000A869795FF1F9385E557EFB0E04D0A85D5
:10AAF8000294014505616F700FF57D558280EF72F4
:10AB08004FF2EFB0E0579797FF1F23ABA75417F505
:10AB1800FFFF130505F9EFA020046F70CFF2179718
:10AB2800FF1F130727569317150008433E95FD5737
:10AB38002310F5008280EF72CFEE2A84084019E1D5
:10AB48006F706FF01C4158401CC06313E5005CC077
:10AB58008347550023200500F99BA302F500EFB0B9
:10AB68008FFBE9BFEF724FEA9797FF1F93878753D1
:10AB780098432A8411CB8347350093F7070289C786
:10AB8800035505008945029713054401EF9090117C
:10AB9800835504000355E400EF203016485809C5D2
:10ABA800EFB06FF7232A040213058403EFF0BFF810
:10ABB8008144B149EFA05F9F63C5A4028347340075
:10ABC8002320040493F727FCA301F4000048EFA016
:10ABD800BF9E1316150081452285EF70EFE86F7050
:10ABE800EFE5B38734030329040385043E994A85B6
:10ABF800EFF07FF42304090075BF8347350093F70E
:10AC0800070299E3014582808357E500E39CB7FE7C
:10AC1800C167FD176316F600054582800545B9A092
:10AC2800EF722FE093170601C187B2842A84014985
:10AC38006359F002835705008DCB01456367F60021
:10AC4800034584003E953325A6001375F50F39A8F2
:10AC58001C4813171900BA9783D70700E38097FC9D
:10AC68000509EFA07F95E345A9FE01456F70AFDDAB
:10AC7800EF728FD9AE89AA84EFA0DF892A84EFD03A
:10AC88005FACAA86014713068401970500009385E7
:10AC980045E91795FF1F1305253FEFA02FDA2A89ED
:10ACA80021CD8C441304C50022859E0593F5050823
:10ACB800EFB0AFC6CC4083877400E18163D107044D
:10ACC80093E505082285EFB04FC50D4693854400EE
:10ACD8002285EFB0AFC283D504002285EFB08FC7BD
:10ACE80083D524002285EFB0EFC603D6490083A59B
:10ACF80009002285EFB08FC04A856F702FD493F575
:10AD0800F507C9B7EF72EFD101112A84328532C62F
:10AD1800EFB00FB6EF909F9B835704001797FF1F64
:10AD28001307C74F3246231BF100930700F8A30D02
:10AD3800F1001C471843231AA1008983858BB307A8
:10AD4800F740B28548083ECE231C0100230D0100C0
:10AD5800EFF01FF205616F700FCFEF72EFCA00417D
:10AD6800014529CC9304C40026853289AE89EFB009
:10AD78002FB495452A8A2685035B0401EFB0CFB02E
:10AD88002685EFB0CFC78D45AA8A2685EFB0CFAF0D
:10AD98002685EFB0CFC65C48420A135A0A01D297FB
:10ADA8005CC423186401814763983A0146054D81C4
:10ADB800330625419337160013F5F70F6F700FC848
:10ADC800EF72AFC389692A8BAE8B328AB68A814407
:10ADD8000144314CFD19EFA02FFD63C9A400EFA079
:10ADE800AFFF018D33B5AA006F70AFC433898403F8
:10ADF80083270B003E9963170A008347890085045F
:10AE08003E94D1BF03560A00DE854A8533F6C90051
:10AE1800EFF0BFF47DD10545C1BFEF728FC00111BE
:10AE28002A847C000355E5003ECAB70707003ECCDC
:10AE38007C003ECEEF1070382A8985454808EFB06F
:10AE48008FC399454808EFB0CFA8AA844A85EF1068
:10AE5800F0382380A4009797FF1F9387273C9C43D3
:10AE68004166130606F09396870113D78701558F1D
:10AE780093D68700F18E558FA207B706FF00F58F8E
:10AE8800D98F11462C00138514003EC4EF706FBC97
:10AE98005008A382040089452285EFF0BFE609C95E
:10AEA800AA8513058403EFB08FBD3C4085073CC0DD
:10AEB80005616F704FB9EF72CFB6EFA0EFF12A843A
:10AEC8000504EFA06FF03305A402F147914533055F
:10AED800F502EF10607601E565556F70CFB697976C
:10AEE800FF1F23A9A71AEFA02FEF2A840504EFA0BC
:10AEF800AFED3305A40289450605EF10E07369DD5F
:10AF08009797FF1F23A0A718EFA00FED2A84050429
:10AF1800EFA08FEB3304A4029797FF1F23968716A1
:10AF2800EFA08FEB2A84EFA02FEA93071400338554
:10AF3800A7029797FF1F239AA714971701009387D3
:10AF480027051797FF1F2325F714014579B7EF72D7
:10AF5800AFABAA842E8901449799FF1F9389092CC6
:10AF6800130A8006EFA04FE66345A40001456F7001
:10AF7800EFAC3305440383A709024A86A6853E95AC
:10AF8800EFF0BFC719E10504F1BF0545CDB7EF7272
:10AF9800CFA6AA8A2E8BB28B368C3A8A814401447A
:10AFA8008149979CFF1F938C6C27130D8006EFA097
:10AFB800AFE163C7A40011E085494E856F706FA7A4
:10AFC8003389A40383A70C025E86D6853E994A85F9
:10AFD800EFF0BFC219CDEFA02FE00544636B450128
:10AFE800D2866286DA8513050903EFF07FDD11C189
:10AFF800854985046DBFEF722FA1C16441112A896B
:10B0080001449799FF1F93896921130A8006FD144B
:10B0180036C632C42EC2EFA02FDB92452246B24676
:10B028006346A400014541016F704FA133054403F5
:10B0380083A709023E9509C683473500C18B9DC782
:10B0480091C68347350093F707028DC363069900BD
:10B058008357E500639C27010357050001CB63E78D
:10B06800E50083478500BA97E3CFF5FA05044DB7A5
:10B07800EF728F99C1642A8901449799FF1F9389B8
:10B08800E919130A8006FD14EFA00FD46344A40045
:10B098006F70CF9A3305440383A709023E958357FF
:10B0A800E500638897006304990063942701EFF033
:10B0B8007FAB0504D1BFEF72CF9389692A8AAE8A24
:10B0C800328BB68B8144179CFF1F130C2C15930CE5
:10B0D8008006314DFD19EFA02FCF63C4A4006F7017
:10B0E8000F953389940383270C028355CA015A8626
:10B0F8003E994A85EFF07FB005CD814D05A0338498
:10B10800AD038327090303D60B00D68533F6C900A0
:10B118003E942285EFF07FC419E5850DEFA0CFC8D6
:10B12800E3CFADFC31A02285EFF0FFA0230404009B
:10B13800850455B7EF726F8C4169AA8A014A179B3B
:10B14800FF1F130BAB0D7D19C14B054CEFA0CFC7EB
:10B158006344AA006F70EF8D93098006B3073A0322
:10B1680083290B02BE9983D7E900638C2701638486
:10B178002A016398570103A4890311E44E85EFF06F
:10B18800DFC9050AE1B78357040163997707930478
:10B19800C4002685EFA0DFF185452A8D2685835CCE
:10B1A8000401EFA07FEE2685EFB08F8162056185EF
:10B1B800635F05028D452685EFA01FED894526852D
:10B1C800EFA09FEC89452685EFA01FEC85452685D5
:10B1D800EFA0DFEC83470500094793F7F70763986B
:10B1E800E70099452685EFA07FEBA3028501484833
:10B1F800337D2D01231894016A9548C40040B5BFDA
:10B20800EF722F82EFD0E03F9797FF1F83C707EEBB
:10B218001775FF1F13050519A300F500EFC0D0052A
:10B2280081461306F00F81450145EFC0303D6F7030
:10B238008F811797FF1F130767DB18439795FF1F29
:10B2480083C5C5EA9797FF1F9387C7E88346870397
:10B25800034697036397D5009797FF1F2388C7E88E
:10B26800828083C587010347A7036317B6009797B2
:10B27800FF1F238DE7E6828003C687016317C70097
:10B288009797FF1F2384D7E6828083C68701130719
:10B2980050026319D700930760021797FF1F23070F
:10B2A800F7E4828083C68701130660026315D6001F
:10B2B80093077002DDB783C7870155BF9797FF1FB4
:10B2C800938747E1D44B0947638EE606EF627FF523
:10B2D8009794FF1F938444DD3E8483C70400918BB9
:10B2E80095CBEFD000321795FF1F130565DCEFC033
:10B2F800A07881461796FF1F034686DD81450145E4
:10B30800EFC0D02F15CD83C70400ED9B1797FF1F03
:10B31800230CF7D88347040093F7F70F95C3914799
:10B328001797FF1F2322F7DCEFF09FEDEFF07FF078
:10B33800414691451795FF1F034545DAEFA0F07286
:10B348006F607FF08280EF62DFED8D47411163010E
:10B35800F504C5476306F50285476310F50297971C
:10B36800FF1F2387A7D8930500101795FF1F0345D4
:10B37800E5D69770FF1FE78040AC41016F60BFECD6
:10B3880085471797FF1F2305F7D693050020F1BFC0
:10B398009797FF1F938707D4D44B11476387E6001D
:10B3A800EFD0202693050004C9B785441797FF1FDF
:10B3B800232C97D283C7070032C62E8493F7F70F42
:10B3C800CDDF7D141374F40FEFD0A023E3FC84FCCD
:10B3D800B245994703C61500E3F6C7FC0906179559
:10B3E800FF1F130525D19760FF1FE780E09B93059A
:10B3F80000081795FF1F034565CE9770FF1FE7806C
:10B40800C0A34DB7EF62FFE11797FF1F130787CC63
:10B418004047184B1C409796FF1F23A3F6CC631692
:10B42800E4001797FF1F232FF7CA130584FEEF9038
:10B438005FFA035564FFEF90DFCDEFA0DFED6F609B
:10B448009FE0EF621FDE9797FF1F9387A7C8D84B2F
:10B45800DC4799C3EFF01FFB85471797FF1F23258C
:10B46800F7C89797FF1F938767B89C439305000217
:10B478001795FF1F034585C683C787031797FF1FC7
:10B488002306F7C69770FF1FE780209B6F60BFDB1E
:10B498009797FF1F23A2A7C48280EF629FD8A14578
:10B4A8001795FF1F034585C3EFA0F070A1451795B9
:10B4B800FF1F0345A5C29794FF1F9384A4C1EFA063
:10B4C800D056DC4489E7EFF07FDF6F60DFD703D524
:10B4D80067FFEF901FC42A847DD5D8489147631031
:10B4E800F70291451795FF1F034545BFEFA0B06CC4
:10B4F80091451795FF1F034565BEEFA01053894777
:10B5080003294401035404011797FF1F232EF7BC96
:10B51800EFD0200F83C78401210442041775FF1F51
:10B52800130545E81777FF1FA30EF7E66119EFC06B
:10B53800A0544180814609469375F40F4A85979730
:10B54800FF1F238707BAEFC0E06611E99797FF1F2F
:10B5580083C747CA89C79750FF1FE780C0CE2146D7
:10B56800A1451795FF1F034565B7EFA01050B1BF60
:10B57800EF623FCB93F7052001112E8481CBEFF0CA
:10B588005FEC1345042005616F60FFCB93F705104E
:10B59800A9CB9794FF1F9384E4B3DC48EFF07FC9ED
:10B5A8001797FF1F130787A4184383C7840103470E
:10B5B80087036316F700DC4499C3EFF0BFE48547BF
:10B5C800930500021795FF1F034545B11797FF1F05
:10B5D800232CF7B09770FF1FE780208613450410CF
:10B5E8005DB793F70508ADC79797FF1F83C797B057
:10B5F800E91719469795FF1F9385E5AF1305D10005
:10B6080093F4F70F1799FF1F0349C9AEEF607FC482
:10B6180093970401C1831797FF1F130727AE231DB4
:10B62800F100231CF1009797FF1F9387A7AA3ACE32
:10B638003ACAD8432306010009CBDC439315890194
:10B6480054080D46E185680082971345040825BF14
:10B6580093F72500A1CF9797FF1F9387A7A7D84BEC
:10B6680089476304F7029797FF1F83C7E7A313F778
:10B67800270001EF918B89CF1306000A894517959A
:10B68800FF1F0345A5A5EFA0503E13452400E5BDC7
:10B698009797FF1F938787959C4383C787031797BF
:10B6A800FF1F2305F7A4EFF05FDFC5B793F7050287
:10B6B80091C7EFF09FDE13450402F1B593F78500BB
:10B6C80091C7EFF01FD81345840075BD93F7150097
:10B6D80091C7EFF0BFBE1345140075B593F7450049
:10B6E80091C7EFF0BFBD1345440071BD93F7050442
:10B6F80085C39797FF1F83C7E79D81CBEFF05FB0A6
:10B7080091471797FF1F2321F79E13450404A5BDF2
:10B7180093F705010145E38807E69797FF1F93878D
:10B72800679BD84B9147631BF7029797FF1F938737
:10B73800A7979C4313D727008583D98F858B99E3D7
:10B74800EFC0306C91451795FF1F03452599EFA071
:10B75800904685471797FF1F2328F798134504013C
:10B768001DB5EF621FAC9797FF1F23AB07969797FE
:10B77800FF1F23A9079685471794FF1F1304048703
:10B788001797FF1F2322F7961C4083C78703179735
:10B79800FF1F230DF794EF901FE921C19777FF1F33
:10B7A80023A6A7C01C40170500001305A5DC83C706
:10B7B80087031797FF1F230BF7921777FF1FA30322
:10B7C800F7BE9797FF1FA3870790EFA07062979720
:10B7D800FF1F2385A7906F601FA7B7C7898E938720
:10B7E80067ED1777FF1F2323F7BC6DBFEF627FA3B9
:10B7F8001797FF1F0347078E795451E39797FF1F49
:10B808009387478D03C7170005079796FF1FA383E4
:10B81800E68C03C717008D463377D7029796FF1F2C
:10B82800A38AE68A83C617001787FF1F1307077CBA
:10B83800184393F6F60FB9E6834787031797FF1F58
:10B848002306F78A85471797FF1F2305F7889797D9
:10B85800FF1F938767859C430144998B8DE3C145FE
:10B868001795FF1F03458587EFA0301C8545179561
:10B87800FF1F0345A5869760FF1FE780005C2285B0
:10B888006F607F9C83C7170085466395F6008347E2
:10B8980097036DB78347A70355B79797FF1F83C7CC
:10B8A8006783A1CBEF62FF9785451795FF1F034577
:10B8B800E5829797FF1F238F0780EFA01017914508
:10B8C8001795FF1F03458581EFA0F02E9145179529
:10B8D800FF1F0345A580EFA05015C1451785FF1F21
:10B8E8000345C57F9760FF1FE780205501456F60BE
:10B8F8009F9579558280EF62DF922A84035565FF10
:10B90800EF903F819787FF1F9387C77CD847BE84F6
:10B918001DEBEFA09F9F9C48232004008DEB978789
:10B92800FF1F23A1877C9787FF1F23AB877A894551
:10B938001785FF1F0345857A9760FF1FE780E04F53
:10B9480001456F605F90630A87001843D1B780C3D1
:10B958009787FF1F23A88778D9BF7955DDB7EF628E
:10B968005F8C9797FF1F93872789884323260500B5
:10B97800232405005105EF80F0326F60DF8CEF6201
:10B988005F8A1794FF1F130424871C40411189CF35
:10B998009C472302B5002AC61CC1EFF05FFC1C407F
:10B9A8009C4B99C33245829741016F60DF89EF62F2
:10B9B8005F874111444D328532842EC6EFA05F80E7
:10B9C8002AC42285EFA03F8103A84400630C080025
:10B9D800B245835744001840224683D54500AA86BD
:10B9E8002685029841016F601F86EF629F83404D54
:10B9F8001DC408C0970500009385E502130544019E
:10BA0800EF80B01C9787FF1F9387077F9C430145F2
:10BA180089E79787FF1F23A1877E6F60DF827D55A7
:10BA2800EDBFEF621F80011168009305F00F02C699
:10BA380002C802CA02CC02CEEFF07FF405616F6043
:10BA48009F809787FF1F9387277B9C43D847A167D1
:10BA58009D076311F702EF62CFFC01113285EFA059
:10BA68002FF6230AA10081456800EFF05FF1056118
:10BA78006F606FFD82809787FF1F9387E7779C43EE
:10BA8800D847A167938777036311F702EF626FF9CD
:10BA980001113285EFA0CFF2230AA1008145680089
:10BAA800EFF0FFED05616F600FFA82809787FF1F47
:10BAB800938787749C43D8479547631CF702EF62C6
:10BAC8004FF6011132853284EFA08FEF230AA100CF
:10BAD8002285EFA04FF083574400231BA100814526
:10BAE8003ECC1C4068003ECEEFF07FE905616F60F8
:10BAF8008FF58280930785FF89CF8327C5FF91CB78
:10BB0800DC4B81CBEF62EFF1032585FF82976F60F5
:10BB18008FF38280EF62EFF02A843285EFA04FEA3C
:10BB2800BD4763EBA70018449377F5000345B700BA
:10BB380041995D8DA305A7006F60EFF0EF626FEE8E
:10BB480001117C003ECAB70707003ECC7C003ECE00
:10BB58005C4D8DCF2A8413858700AE84EF809008D2
:10BB6800A1652A899D054808EF80BFCD9305803ED1
:10BB7800B345B902480893F5F50FEFA00FDA01476E
:10BB880081465008A6852285EF80FFEB05616F602E
:10BB98008FEBEF620FE9EFF07FFA6F60CFEAEF62A9
:10BBA8004FE801117C00AE843ECAA165B7070700C3
:10BBB8002A843ECC48087C00938575033ECEEF80EE
:10BBC8005FC81C44480883C5B700BD89EFA0EFD4FF
:10BBD800500801478146A6852285EF80DFE605618A
:10BBE8006F606FE6EF62EFE32A84AE84EFF09FF2B6
:10BBF800A6852285EFF0BFFA6F60EFE4EF626FE28F
:10BC0800EFF0FFF96F602FE4EF62AFE10329C501A0
:10BC18004111630409022A843285B284EFA04FDA05
:10BC28002AC62685EFA02FDB832749002A8691C7DD
:10BC3800DC4781C7B2452285829741016F60AFE03A
:10BC4800EF622FDE444D81CC2A843285EFA0AFD835
:10BC5800DC40AA8589C79C4799C3228582976F6073
:10BC68008FDEEF626FDA032AC501411163030A060A
:10BC78002E89AA84954532853284EF809FBC8545FC
:10BC88002285EFA00FC5AA89CA852285EFA02FCAF1
:10BC980083274A009DC7DC438DC72285EFA0EFC1EB
:10BCA80083274A00104083564400DC437115A307DC
:10BCB800A100B2961307F1004E86CA8526858297A1
:10BCC80001C52380090031A08345F1002285EFA03A
:10BCD8004FC041016F608FD6EF62AFD465711C0809
:10BCE8003EC2B70780013EC41C0832893EC62A847A
:10BCF800AE84EFF07FF14A85EFA0EFCD8357A10026
:10BD080089CFAA8550002285EFF0BFF5014781460B
:10BD18005000A6852285EF801FD359616F60AFD28E
:10BD2800EF628FCE65711C088329C5013EC2B70733
:10BD380080013EC41C082A84AE8432893EC6EFF0D6
:10BD48003FF0638409024A85EFA0EFC88357A1003A
:10BD5800AA8581CF50002285EFF0BFF001478146C8
:10BD68005000A6852285EF801FCE59616F600FCDE8
:10BD7800EF622FCB65711C083EC2B70780013EC435
:10BD88002A841C0832853EC6AE84EFA0CFC48357F0
:10BD9800A10089CFAA8550002285EFF09FEC0147CA
:10BDA80081465000A6852285EF80FFC959616F60E2
:10BDB8008FC9EF620FC7444D91E88347450093B799
:10BDC8001700B307F0403E856F60EFC71845FD5771
:10BDD8007DDB97070000938707032A845CCB9705D0
:10BDE8000000938565D113858400EF80005E80C0D4
:10BDF80003474400814761FB1787FF1F23209740B3
:10BE0800D9B7EF626FC08329C501411103298500A5
:10BE18008147638B09080324090191452A8A2285F1
:10BE2800EF803FA285452285EFA0AFAA8945AA8A5F
:10BE38002285EFA00FAAAA84EF805FA683A74900F6
:10BE48002A8B9DC79C438DC72285EFA00FA783A788
:10BE58004900A306A1001040835644009C431307E1
:10BE6800D100B296D6851306E1005285829709CD96
:10BE780083570B002380F400A183A380F400238060
:10BE88000A00A306010029A88357E1002285238020
:10BE9800F4008345D100A183A380F400EFA06FA331
:10BEA8008347D100B337F0000347B9009207014533
:10BEB8003D9BD98FA305F90041016F602FB8EF6250
:10BEC8004FB641111DE99787FF1F9387273380439A
:10BED80005C80440130984009DC55C4099C79C4B64
:10BEE80089C726852EC68297B2459307803EB385BB
:10BEF800F5024A85EF80805921A0404DAA8479F83F
:10BF080041016F604FB44A85EF80C0595C40EDDB5A
:10BF1800DC4BFDD726858297E5B7EF628FB02A8480
:10BF28003285EFA0EFA9AA852285EFF05FF96F604F
:10BF38008FB1EF620FAF2A84AE84EFF01FFEA685A3
:10BF48002285EFF0BFBF6F600FB008413355B500D1
:10BF580005898280EF62EFAC1784FF1F1304042C5D
:10BF68001C5C0111231701008D83858BA303F1004D
:10BF78008327040B231801002319010003D7C701E5
:10BF88003ECA3C002314E1007D572315E100035706
:10BF9800C4023ECC02CE2316E100EF802FF3835774
:10BFA800E101231EA10093F707E093E71710231F71
:10BFB800F1009787FF1F83C7072985C305470145F8
:10BFC800638AE7008347840393E727001787FF1FE7
:10BFD8002302F72805616F600FA781471707010043
:10BFE8001307075785461306710085454808EF7003
:10BFF80020516DF183478403F59B1787FF1F230B9F
:10C00800F72485471787FF1F230FF722E1B7EF6251
:10C018004F9E978DFF1F938D6D2003A6CD06397116
:10C028002A8981478144930600023357F600058B1D
:10C0380001C7850493F4F40F8507E398D7FE83A717
:10C048000D0B231701022318010203D7C7013EDA9B
:10C058003C102314E1027D572315E10203D7CD02DA
:10C068003EDC231901022316E10202DEEF800FE60F
:10C078008357E103231EA102014593F707E093E7E5
:10C088001710231FF1029787FF1F83C7C71BA9EF4C
:10C098009787FF1F83C7171C3EC69789FF1F938981
:10C0A800E9170144014D9D4A054B954B178CFF1F1D
:10C0B800130C0C1E978CFF1F938C0C1D03DAC905FB
:10C0C80063090A00EA85631459036685EFF0FFE700
:10C0D8001DC1050DA1478909E312FDFE2DE09787D3
:10C0E800FF1F23A5071A014521616F604F946285E0
:10C0F800EFF0BFE579DD3247B3878400E3F0E7FE70
:10C108009C001306140006043E9413178A009357E4
:10C118008A00D98FC207C183A30EF4FCA183230F21
:10C12800F4FC03A70D07B317AB01D98F1787FF1FBF
:10C13800232EF71463047601328461BF1544978770
:10C14800FF1F83C72710138717009786FF1F238BAE
:10C15800E60E93161400230EF100170701001307CB
:10C16800273F814785067008CA854818EF7040390F
:10C17800E34705F68347C10105451787FF1FA3035A
:10C18800F70C9787FF1F2380270DB9BFEF62CF8772
:10C198000111AA892E84EFD02FA42A899784FF1F22
:10C1A8009384C4076399090A9C5C414793F7070382
:10C1B8006393E70A1787FF1F03473709894763EC2B
:10C1C800E70883A7040B231701002318010003D7EE
:10C1D800C7013ECA3C002314E1007D572315E10046
:10C1E80003D7C4023ECC231901002316E10002CE76
:10C1F800EF80CFCD231EA100EFC0AFD48357C1017C
:10C20800230FA100914613D78700A207D98F2312C5
:10C21800F1009787FF1F83D7070413D78700A2076A
:10C22800D98F2313F100170701001307E73181475E
:10C23800500095454808EF70A02C058893172400F6
:10C2480003C484036D985D8C9787FF1F2384870040
:10C2580005616F50BFFEEF70D07C1785FF1F130577
:10C26800E5FFEF80202483A7040B9785FF1F83D564
:10C27800A5FD03D5C701EF1040289787FF1F83C787
:10C2880067FD93F60702014789E61787FF1F0357E3
:10C29800A7FB9786FF1F2391E6FC1787FF1F13074D
:10C2A800A7F6184309CBC18B99C789451785FF1F86
:10C2B800035585F902979787FF1F23A707F89787E4
:10C2C800FF1F238207F89787FF1F23AF07FA978777
:10C2D800FF1F23AD07FA9787FF1F23AB07FA83D702
:10C2E800840393F7270C93E717001787FF1F23137F
:10C2F800F7F683572903A18B99C3EF70204511C422
:10C308009787FF1F23AE07F2A1B78D471787FF1F37
:10C318002328F7F21304803EEF90EFAE3305850231
:10C328009305400609C5EF900FAEB3058502178542
:10C33800FF1F1305A5F2EF80601519BF9787FF1F30
:10C348009387C7EDD85325C791C99787FF1F238CBB
:10C3580007EE9787FF1F23AB07F28280EF527FEC2F
:10C3680083C7F70241112EC685071787FF1FA30E43
:10C37800F7EC9787FF1F2392A7EE9D471787FF1FAC
:10C388002320F7ECEF902FA72A84EF90CFA6B24591
:10C3980001E5EF904FA6AA85B305B4401785FF1FA6
:10C3A8001305C5EBEF80800E41016F50DFE98280F5
:10C3B8009787FF1F938787E6D85331C7EF527FE6E9
:10C3C80003C7F70205079786FF1FA380E6E811CD8C
:10C3D8008C5F0D470145898185899786FF1F23A1B9
:10C3E800E6E6EFF0BFDA6F501FE685479305C044D5
:10C3F8001785FF1F130585E61787FF1F2322F7E41C
:10C40800EF80C008CDB78280EF52BFE11787FF1FCA
:10C41800034767E38547631EF7009787FF1F9387E6
:10C42800E7DF83C7870393C787001787FF1F2303A7
:10C43800F7E21785FF1F130565E2EF80A006EF807E
:10C448009FF899471787FF1F232CF7DE9787FF1F51
:10C45800A38D07DE9787FF1F238707DEEF90CF980E
:10C46800930740063305F5029787FF1F23A0A7DE31
:10C478006F507FDD9787FF1F83C7C7DDC18B99C7C3
:10C48800EF523FDAEFF01FAD6F50FFDB6955828046
:10C498009787FF1F938787D8DC5381CBEF527FD8CC
:10C4A8008545EFF0BFCE6F501FDA82801787FF1FD8
:10C4B8001307C7D601468146BA852148631E06017F
:10C4C8009DCA2390A60083C7850393E717001787A3
:10C4D800FF1F2301F7D805A08357C705631DF50281
:10C4E800F8598547B397C70093C7F7FFF98F1787A0
:10C4F800FF1F232FF7D89C5D9183858B85C797876E
:10C50800FF1F83C747D499EFEF52BFD11D45EFF006
:10C518001FB06F505FD381E699E39306C705050600
:10C52800090769BF8280EF525FCD8605AA84B309E7
:10C53800B500978AFF1F938A2AD5054B978BFF1F53
:10C54800938BCBD4214C639434039787FF1F938735
:10C55800E7CC9C5F9183858B89CB9787FF1F83C727
:10C5680087CE81E72145EFF09FAA6F509FCC03DA71
:10C578000400630B0A041789FF1F130929CA014421
:10C58800CA8C8357C905639D4703A2855685EFF07A
:10C59800DF9B11E5A2855E85EFF03F9B05C903A7E8
:10C5A8004C07B3178B00D98F1787FF1F2322F7CEAD
:10C5B80083C78C0393E717001787FF1F230CF7C85F
:10C5C80005040909E31F84FB8904B5BF231E090478
:10C5D800C5BF1787FF1F034707C78547631AF700BB
:10C5E800EF523FC4EFF05FE2EFF0DF966F50BFC548
:10C5F8008280814785451306000293861700B3970A
:10C60800F500E98F13F7F60F89E7B687E397C6FEBB
:10C6180001473A858280FD4785457D56B396F500EA
:10C6280013871700E98E1377F70F89E6FD17E3974D
:10C63800C7FE01473A85828089E901473A858280A9
:10C6480001473A8541016F501FC0EF529FBD41110C
:10C658002AC62E852EC4EFF0DFF9A2457D15854741
:10C66800B397A700E39EF5FC32469377360099C34B
:10C67800719A11069787FF1F938707BA94433E87DD
:10C688001788FF1F130888B889EA832708009107CD
:10C69800F19B9786FF1F23A1F6B80325880018434E
:10C6A800B307A700B3F7B702B387F540FD15FD8DB3
:10C6B80083274800AA95B306B600E3F3F6F8E371BA
:10C6C800D5F82E979787FF1F23A6D7B43DDB3A8569
:10C6D8008145EF507FB92A87ADB718419787FF1F6B
:10C6E8009387C7B223A4070098C35841D8C3978734
:10C6F800FF1F23A307B28280EF521FB1AA8401440F
:10C708001789FF1F130989B19309400EEF809FDE37
:10C718006345A40001456F507FB233053403832776
:10C72800090B3E958357C501E38797FE0504F9BFBA
:10C73800EF52BFAC9789FF1F938949AE3E84BA84F4
:10C748008347060003A7090041119D83058B3D8F90
:10C7580083C74401AE8A2A89F99BD98F238AF400BA
:10C768001C44B685231204001CC02285328A36C6B2
:10C77800EF903F96B246D2853686EF509FADDC48A3
:10C7880083A509000840858B56869D8DEFD0FFD084
:10C7980061E918407D558347570003476700A207A2
:10C7A800D98FC207C1872394F4006358F00A83C75E
:10C7B800440193F70703B5CBD0489377160003A637
:10C7C80009001D8E9787FF1F938707DC9C43ADEBFD
:10C7D800814641A003A70B0093172A00BA97184077
:10C7E8009443834757008345670033F65601A207F1
:10C7F800CD8F6311F602834737000346470003478E
:10C808002700A207D18F4207D98FBD82B3F76701EE
:10C81800638AF604050AEF80FFCC420593170A01E4
:10C828004181C183E3E8A7FA41BFA16A370B02003F
:10C83800014A978BFF1F938B2BACFD1A7D1BE1BF21
:10C8480083C7440113070003854693F70703E39161
:10C85800E7F8A2854A85EFD0BFD441016F507F9D8C
:10C868006155E5BF7955D5BFEF521F9A9784FF1FD1
:10C87800938404839C40D9EF9787FF1F93878798F9
:10C888009C436399070CEF80FFC793078002330529
:10C89800F5028945EFF05FDA41C99787FF1F23A5A5
:10C8A800A7A2EF803FC59307400E3305F5029145D7
:10C8B800EFF09FD835C99787FF1F23A9A7A0EF805E
:10C8C8007FBB01CDEF801FBB91450E05EFF0DFD692
:10C8D80021CD9787FF1F23ADA79EEF80DFD311CD12
:10C8E800EF807FD3D9473305F5028945EFF0DFD4D0
:10C8F80005CD9787FF1F23A7A79CEF80BFBE914553
:10C908000A05EFF07FD30DC19787FF1F23A6A79EC7
:10C91800014521A8EF805FCB930780063305F50218
:10C928009145EFF07FD101E565556F503F919787AD
:10C93800FF1F23A5A7900144130A80061789FF1F2C
:10C948001309C98DB14AEF803FC86364A4029C40B3
:10C95800E38407F2EF805FC79307A0043305F5026D
:10C968008945EFF07FCD69D19787FF1F23AAA79844
:10C9780019BFEF807FC489450605EFF0FFCB4DD581
:10C98800B3094403032709024E9708CBEF80DFC1A0
:10C99800330555039145EFF03FCA59D5832709025E
:10C9A80005041374F40FCE9788DB71BF9787FF1FB8
:10C9B8009387C786884705898280C167FD176319F1
:10C9C800F5009787FF1F9387678503A5070B82806C
:10C9D800EF523F85EFF05FD26F50FF86814709C560
:10C9E8008347E501B337F0001787FF1F1307078355
:10C9F80018470983058B19C393E727003E85828072
:10CA0800EF523F822A84EFF07FFD8347E401AA8535
:10CA18001305940899E3130504039776FF1F93867B
:10CA2800E67F944213061502130784021305950442
:10CA3800EFD08FC56F503F81EF520FFD9774FF1FE6
:10CA48009384C47D98442A892E840983058B9C404D
:10CA580019C76314F5006380050E014401A2E3FEC3
:10CA6800A7FE1387A702E36AA7FE850763FCA7084A
:10CA780083A9440BEF801FA01316350081454E850E
:10CA8800EF508FFE9777FF1F23AA27799777FF1F0D
:10CA980023A8077849CC9C4493E747001777FF1FE2
:10CAA8002322F7789777FF1F2386077E630F040CEE
:10CAB8009777FF1F23A4277701440549EF809F9BA1
:10CAC8006341A40AEF801F9E93050006B3C5A50223
:10CAD800B7F73600938707E81775FF1F1305C57B5F
:10CAE800416901449309400E7D19B385F502EF7041
:10CAF800F019EF803FA0634FA4080145EF3000779D
:10CB08000544A9A86398A7029DE583A9440BEF8073
:10CB18007F961316350081454E85EF50EFF49777D1
:10CB2800FF1F23AD276F9777FF1F23AB076E9C442A
:10CB3800ED9BADB785C51777FF1F0347A77593070B
:10CB4800F005E3FCE7F021F8EF6050416DD19C441B
:10CB580093E707021777FF1F2326F76C22856F508C
:10CB6800EFED83A7440B131534003E95835705005A
:10CB780081CB8347250099C721468145EF50CFEEE9
:10CB880005042DBF23012501E5BF9777FF1F23A9C2
:10CB980007680DBF3305340383A7040B3E958357FD
:10CBA800C50163842701EFF0BFE5050499B7EF528B
:10CBB8004FE7EF803F8F130400063345A4029774B4
:10CBC800FF1F9384A46583C784073E951375F50FEB
:10CBD8009777FF1F2380A76C9307F00563E7A702E9
:10CBE8000545EF30A068EF80FF8B3345A402B7F509
:10CBF8003600938505E8B305B5021775FF1F1305C1
:10CC0800A569EF70B0086F500FE49C44054589830F
:10CC1800858B81CBEF90EF8E88408145EFF0DFE187
:10CC2800DDB7EF30A064C5B7EF520FDE13049508E7
:10CC38002A8913069005A28513050503EF506FE1B5
:10CC48001306900581452285EF500FE24A85EF30A3
:10CC5800805B8144177AFF1F130A4A5C930A80029B
:10CC6800EF805F8A63C4A4006F504FDD33845403A0
:10CC78008327CA0A3E94035704008357C9016317E0
:10CC8800F702834744009DC3930964014546CE8556
:10CC980013055400EF50EFDB454681454E85EF50B4
:10CCA800AFDC228523020400EF30C05D85044DBF50
:10CCB800EF522FD79777FF1F9387873E9C432A848D
:10CCC80091C70DC50355C501EFE0CFC69787FF1F74
:10CCD8009387878B9C4389CBEFB03FD785476315F4
:10CCE800F5002285EF5020626F50EFD541657D1524
:10CCF800E1BFEF520FD31774FF1F130424524440AF
:10CD0800938714001777FF1F232CF750EF30206507
:10CD18001C448983858B9DE75840B7E7B00093870B
:10CD2800075063F1E7020145EFF01F9D01CD05456E
:10CD3800EF803FFD084085450505EFF0FFCF014531
:10CD4800EFF01FF726856F500FD0EF52EFCBA1649D
:10CD58002A8901449779FF1F9389095AFD14338A58
:10CD6800A500EF802FF86344A4006F502FCD03A7D0
:10CD7800090093172400BA979843658F42074183A7
:10CD8800634C2701635A470123800700A3800700EB
:10CD980023810700A38107000504E1B7EF526FC59F
:10CDA80083594500C547411163F537310441C1E551
:10CDB80033853401834785FF034795FF0348B5FF53
:10CDC800A207D98F0347A5FFC207220733670701C8
:10CDD800D98F0347C5FF0348D5FF220733670701EB
:10CDE8000348E5FF0345F5FF420722083365A8001D
:10CDF800498FB98F1777FF1F1307C74D1778FF1F84
:10CE08001308484F3A85832807006384172B1107B6
:10CE1800E31B07FF1777FF1F1307C74D18431318A6
:10CE2800270042951CC10507A1473367F70297778A
:10CE3800FF1F23A1E74C93F735001397470083475B
:10CE48004601C16B368993F7F7FCD98F32842E8A55
:10CE5800230AF600814A177CFF1F130C2C3CFD1B8C
:10CE6800977CFF1F938CCC23177DFF1F130D4D4913
:10CE7800EF804FE863C7AA00E154268541016F504F
:10CE88000FBB1308400EB3870A0303280C0BB30D1E
:10CE9800F800638E0D2083D7CD01638A772183A79D
:10CEA8000C00014B639707169777FF1F9387873509
:10CEB8009C436390071683C7040003C70D0493F7C8
:10CEC800F707631BF71ACA872287CE8626869385BB
:10CED8009D0613851D04EFF0BF85631F051883D7D2
:10CEE800CD01032709002320B4012312F400FD57C4
:10CEF8002313F4008347170093F6F7078347D400FA
:10CF080093F707F8D58FA306F40093F7F707B3371D
:10CF1800F000B307F0402307F400834717009D8310
:10CF28009396370083474401DD9BD58F230AF4008D
:10CF38008347370083464700A207D58F83462700DB
:10CF4800C206D58F1CC88347770003478700A2070E
:10CF5800D98F2315F4000D476304EA00BD5491DF0F
:10CF680093870710C207C1831307B00FBD54E37638
:10CF7800F7F0EF802FD28144E31105F09776FF1F79
:10CF880083C6C637938716001777FF1F2308F7361F
:10CF98001777FF1F13074736231BD40093972600E4
:10CFA800144303578400E175BE96A1671386F7FF03
:10CFB800B377C70098426D8FD98F9CC21848F18FFC
:10CFC8003E07D98F9CC2EF80EFD19777FF1F83C7A9
:10CFD800E73233F5A7029777FF1F2381A73271BD88
:10CFE8009307A004B308FB0283270D00BE9803D75C
:10CFF800080083D7CD01631DF70083C7040003C76A
:10D00800880093F7F707630BF70083C7FD019DEBD3
:10D01800050BEF806FDBE345ABFC71BD9385980191
:10D0280013859800CA872287CE86268646C6EFF0E3
:10D038002FF0B24879F98347440193E74700230A60
:10D04800F40071BD83C7040003C7980293F7F7077C
:10D05800E310F7FCCA872287CE8626869385A80325
:10D068001385A802EFF0CFEC45F58347440193E719
:10D078002700230AF400C1B783C7FD018DCB83C7FE
:10D08800040003C79D0993F7F7076312F702CA87DD
:10D098002287CE86268693852D0C1385AD09EFF061
:10D0A8002FE911E58347440193E7270049BF850A23
:10D0B800C1B3FD54D9B3EF524F94797183544500ED
:10D0C800AA8B2E84B28AEF80EFC459056348950471
:10D0D800EF804FC45905420541819740FF1FE78003
:10D0E80080BD2A8905CD2AC623180100EF808FC28A
:10D0F80059052319A1006146814528089779FF1F22
:10D108009389C9114ACAEF502F962302810203A4BA
:10D118008900058819E44A85EF80107945616F50C8
:10D128004F9174003008D6855E85EFF03FC765F5EE
:10D138006800EF80FFF7177AFF1F130AEA44832776
:10D148000A00AA84035B010189CB89476397FA0027
:10D15800835501025E85EF50A03403552102EF701C
:10D168008FD719E503552102EF70CFE33334A000C0
:10D178008347C1021A042C0893F7F7FB5D8C6800FB
:10D1880023068102EF60505BE9576314F50283566A
:10D19800E1029777FF1F938727169C431397260072
:10D1A8006176BA979843718F98C39777FF1F238743
:10D1B800D714831721026345F00085476396FA0068
:10D1C800B25793F7070CA1FBD247C2040347C10229
:10D1D800C180BE9426C62318610113770703C1478F
:10D1E800631CF70083475102054793F7F707E38469
:10D1F800E7F2EFB00FD535A892570544A18393F70E
:10D20800F707E37AF4F0630507108347C1021307B1
:10D21800000293F707036397E700EFB01F83854782
:10D22800E31BF5EE8347C10293F70703F9F3EFB069
:10D238000FE1AA8501460545EF806F832A84E30C38
:10D2480005EC8347C102414793F707036384E7026C
:10D2580032478347170093F707F8A300F7003247D0
:10D26800925783461700A18393F7F707FD17D58FC9
:10D27800A300F70003560101B245130BC4005A85F9
:10D28800EF80DFE7E24A130690058347C10283C4B3
:10D29800EA01918BB384C40213851404569595C38F
:10D2A8005444B3879A0083C7070403C7060013775B
:10D2B80007F82380E600584483460700D58F2300EB
:10D2C800F700B25703A609008146858B1D8EDA85C3
:10D2D800EFD04FA215E9B25783A509004844138639
:10D2E8009406858B56969D8DEFD02F9B11ED832745
:10D2F8000A0085EBB257054791838D8B6380E7065B
:10D30800A1CB09476382E7062285EF90CF8021B53C
:10D31800EFB06FD0E30B85EEEFB02FF3E31D85DEA2
:10D32800EDB5EFB08FF285476309F5008347C10279
:10D33800414793F70703E39FE7FA835521025A858C
:10D34800EF50600145D983172102E355F0FA6DBF0C
:10D35800EFB06FCC7D15133515005DD501468145BD
:10D368002285EF709FF94DB7EFB02FEEE5B7EF428A
:10D378005FEB9774FF1F9384E4EB2685EF807FF2C1
:10D388002A8419E16F403FEC1305C4000546814526
:10D39800EFF07FD22285EF801FF8C5B7EF427FE814
:10D3A8004111AE842A849307950313071501930648
:10D3B800F10005466C00268523060100EFD00FC456
:10D3C8001DEDA68541462285EF40BFE88347F10061
:10D3D8009305140226852308F400EFD0AFCD05E1AC
:10D3E8009777FF1F9387471A9C4389EF1306940486
:10D3F80097F50000938545162685EFD0CFD94101D2
:10D408006F407FE41306940297F500009385451555
:10D418002685EFD04FD879D9DDB7EF42FFDE977771
:10D42800FF1F938767ED8043AE84B289368AAA8A44
:10D43800EF804F8B1316250081452285EF40DFE2F0
:10D448009777FF1F238C07EA9777FF1F938707DDDE
:10D4580003A4070B13F714003E89230FE400CE85BD
:10D4680025C713059408EFF07FF301C555556F40A4
:10D47800FFDC8947A30FF4009777FF1F9387C71036
:10D488009C4303278900858093B7170086072300EC
:10D49800F402231E54019777FF1F23A147D98588DB
:10D4A8009377B7FF99C0936747001777FF1F232B20
:10D4B800F7D62285930700061777FF1F230CF7DCA2
:10D4C800EFF00FD4014565B713050403EFF01FED26
:10D4D80045D569BFEF42FFD4FD572310F50023114E
:10D4E80005002312050023130500130620048145B7
:10D4F8002105EF407FD76F401FD5EF42FFD0411184
:10D50800AA8401441779FF1F130989DF9309A0042E
:10D518002EC6EF806F8BB2456344A40061550DA001
:10D5280033053403832709003E9583572500639C00
:10D53800B7008357050063989700EFF0BFF90145DE
:10D5480041016F40BFCF0504E1B7EF42FFCB9777AA
:10D55800FF1F938727CB9C434111AA842E84B2894D
:10D5680003592500C1C39777FF1F83D7E7CD639B76
:10D578002707EF70AF952A8903D524009305100279
:10D58800B305B40285472302F10093578900A3022B
:10D59800F10093578500A303F10083D744002304C7
:10D5A800A100254613D787002305F10083D764001F
:10D5B800A304E1004E8513D78700A305E1002306E5
:10D5C800F1001387950093879501A105B386B400F0
:10D5D800A6974C00269723032101EFD02FA24101E3
:10D5E8006F40DFC5EF708F8E51BFEF42FFC1411111
:10D5F800AA8401441779FF1F130989D09309A0044D
:10D608003AC636C432C22EC0EF701FFC824512469D
:10D61800A24632476344A400615599A0B307340376
:10D6280003250900AA9703D8070003D5C40163108E
:10D63800A80495E91DEE91CA03C6E40193051002FA
:10D648003306B60225063E9690C2014511CB83C625
:10D65800E40113061002B386C602E506B6971CC39A
:10D6680041016F40BFBD03D52700E305B5FC0504A4
:10D6780041BF83C5E40113051002B385A502BE9519
:10D6880083C585002300B6007DB7EF42FFB75C4134
:10D6980041112A8403DA2700C167FD17AE84328955
:10D6A800630CFA002685EF805FA18D4763EDA70024
:10D6B8007D5541016F409FB82E85EF801FA09D4783
:10D6C800E3E2A7FEF5B75C40268583D54700EF80E7
:10D6D8007F97835584002685EF80DF968D452685C4
:10D6E800EF801F95AA89EFF0CFE0935705012380BB
:10D6F800F90093578500A380F9002381A9005840B9
:10D70800C167FD178345A7006314FA0093E5050870
:10D718002685EF80FF959777FF1F9387A7AE9C43D9
:10D728000840D9CF8347B400858BD9CB7800340023
:10D73800130671008145EFF05FEB1DC98347B40004
:10D74800184093069005F99BA305F4008347E70169
:10D75800B387D702B306F70083C60604A303D10034
:10D768009386170493879706BA96BA9736C43EC627
:10D778001774FF1F130484AA1C440C402685898350
:10D78800858B9D8D834771009E05DD8D93F5F50F83
:10D79800EF801F8E1C44104022458983858BCA86E2
:10D7A8001D8EA685EFC01FD5E31505F01C440C405F
:10D7B800324689838840858B9D8DEFC01FCED5BDAD
:10D7C8008347B40013079005F99BA305F40083472A
:10D7D800E501B387E7023307F50003470704A3030E
:10D7E800E10013871704938797062A973E953AC452
:10D7F8002AC6BDBFEF425FA1032A45009307F00F79
:10D80800AA840347AA00AE89328436896316F700D2
:10D81800EFB04FB22305AA00938AC9000146D68506
:10D828002685EFF09FE62A8A21E51777FF1F130761
:10D83800A7D51843DC4039C383C6A7000547638FC3
:10D84800E60283D547005685EF40F03005C9DC4035
:10D85800839747006354F00201CC1C4089C74A866D
:10D868008145014582975C4081C7CA8501458297F9
:10D878004E85EF805FAA52856F405F9CDC4003D5E0
:10D888004700EF605FE501E9DC4003D54700EF6042
:10D898007FF181471DCD19C41C4089C74A8681453F
:10D8A800014582974E85EF805FA6AA851775FF1FF1
:10D8B80013054598EF80BF9C11C45C4081C7CA8599
:10D8C800014582971775FF1F13050596EF60B03A5B
:10D8D8008547D84085460346A700E30BD6F80317CB
:10D8E80047006353E000C9F74A86A2854E85EF706A
:10D8F800DFA0BDBFEF425F91AA8401441779FF1FE3
:10D90800130909A09309A004130A9508EF70DFCB47
:10D918006344A400014535A0330534038327090077
:10D928003E958357250099E30504CDB703570500B5
:10D9380083D7C401E31AF7FE52868545EFF0FFC08E
:10D9480065D56F40BF8FEF423F8CAA840144177999
:10D95800FF1F1309E99A9309A004EF70FFC66344F7
:10D96800A4006F40BF8D33053403832709003E951B
:10D978008357250081CF8357050063999700930546
:10D988009502130610022105EF40BF8C0504F1B77C
:10D99800EF423F890347E5012A848347F50163077E
:10D9A800B70089E781452E856F40FF89230FB400B2
:10D9B800054781C9E398E7FE8947A30FF400854529
:10D9C800DDB7638BE7020947E39FE7FC2285EFF0A9
:10D9D800AFA59777FF1F9387E7829C4399E79767DF
:10D9E800FF1F9387E76B9C4389C70355C401EFF07A
:10D9F8009FF5A30F0400E1B755D6C9BFEF42DF80FA
:10DA0800EFA0DFF585476312F508EF800FD4177490
:10DA1800FF1F130464B71C4081CBEFB00F83894705
:10DA28006304F5001C4082979767FF1F9387877DE3
:10DA38009C43B9CF82979767FF1F938767669C437C
:10DA480091C382971764FF1F1304447D8327040B37
:10DA580083D4C701EF609FC78327040BAA851440AE
:10DA680003C6E7011C448983858B99C31366260086
:10DA780026854169EF40A0428144D9497D19EF705C
:10DA88009FB963CAA4006F406FFBEF802FD141B7E5
:10DA9800EF70FF914DB7B38734030327840ABA9711
:10DAA80003D527006308250103C6470183D507006E
:10DAB800EF4080408504E1B7EF420FF501449764D9
:10DAC800FF1F9384A4751309400EFD59EF709FA2A0
:10DAD800634FA40401449764FF1F938424741309BB
:10DAE8008002FD59EF701FA2634CA404014497649F
:10DAF800FF1F9384A4725949FD59EF70DFB1634A3F
:10DB0800A40497F5FFFF9385C50A1765FF1F130542
:10DB1800A578EF60900B97050000938585851765BC
:10DB2800FF1F13056570EF6010096F402FF1330771
:10DB3800240383A7040B0504BA97239E370179B7FA
:10DB48003307240383A7C40A0504BA97239037012F
:10DB580051BF3307240383A7840A0504BA97239186
:10DB6800370161BFD4410387350085473356F50235
:10DB78006377E600A54899E7238006008280B3878B
:10DB8800E702EDB73358F502038735003375F50220
:10DB9800B3D7E7021307000363DA080103C60500D9
:10DBA80013077003118A19E2130770058506429757
:10DBB800A38FE6FEC9B718451C416376F7005C41A0
:10DBC800BA972380B7001C4585071CC58280EF42A1
:10DBD8004FE54111AA872E85B285368636C68297CB
:10DBE80063480500B246158D3335A0003305A040C3
:10DBF80041016F404FE5EF422FE1056941112A8A43
:10DC08002320060001448149976AFF1F938ACA713D
:10DC1800056B7D1932C62EC4EF70DF8EAA84EF70B3
:10DC28007F8D2695A24532466346A4004E85410164
:10DC38006F40CFE003A70A0093171400BA9703D7E1
:10DC480007003377670101E71CC20504E1B703D772
:10DC580007009356D700858AE39946FF3377270153
:10DC6800E315B7FEBE89D5B7EF42AFDB01112EC66B
:10DC7800B2843689EFB00FF52A84615501C8B245E0
:10DC880089E9232E040023200402014505616F4021
:10DC98008FDBA1463008CA852685EFF05FF37DF556
:10DCA800835781010357A101231EF4008357C10143
:10DCB8002310E4022311F4028357E101D207D18330
:10DCC8002312F4028357E1011397370163560700C3
:10DCD800FD57231FF4005DBF231F040045BFEF421B
:10DCE800AFD21764FF1F130464538327040B03D7B1
:10DCF800C701C167FD17630EF7109777FF1F93875A
:10DD0800E7889C4381C70545EF40407CC1690149CC
:10DD1800930A400EFD19177BFF1F130BEB86EF705C
:10DD28006FFD634BA90E1767FF1F0347A75693079D
:10DD3800F00563E4E702EF70EFF693050006B3C55C
:10DD4800A502B7F73600938707E81765FF1F130585
:10DD5800A554B385F502EF6060738145170500008F
:10DD680013058520EF704F87EFB0CFE501CD03573E
:10DD7800C50109CB0357E50111C78347050299C3BC
:10DD8800EF60606FEFB04FE531C51767FF1F0347BE
:10DD9800275D9767FF1F9387A75C0DCF03C7170001
:10DDA8002304E50003C72700A304E50003C73700E1
:10DDB8002305E50003C74700A305E50003C757008F
:10DDC8002306E50003C7670083C77700A306E500BD
:10DDD8002307F5001C4493E717001767FF1F232349
:10DDE800F7445C4085E7EF702FF90DC1EF70CFF86D
:10DDF80044402A89EF704FF833F5A4025C40FD17C0
:10DE0800CA97898F1767FF1F232CF7400145EF70CA
:10DE1800BFA801456F408FC2B30459038327040B81
:10DE2800BE9483D7C40163883703138A0403D28559
:10DE38005285EFF0AFD605E183C7F40199CF9385FA
:10DE480094082E85EFF08FD509C9130690058145F2
:10DE58005285EF406FC10509D9B583270B00268588
:10DE680093B7170086072380F402EFE07FB9E5B780
:10DE7800854763F8A7009307F5FFBE953305A040D3
:10DE8800E98D2E8582809841C167BA9713D707011B
:10DE98006304A7009CC182804207998FE5BFEF42C7
:10DEA8004FB841112EC63284B684EFB0EFD2E15795
:10DEB80001C9B24591E99767FF1F2383074A814744
:10DEC8003E8541016F402FB89D461766FF1F130618
:10DED8003649A6852285EFF09FCFAA8775F10547B9
:10DEE8009766FF1F238EE646E1BFEF42EFB141116F
:10DEF80091E99767FF1F23A5073201442285410155
:10DF08006F40CFB3B68532858D467000EFF03FCCB9
:10DF18002A846DF58347D1000347E1001769FF1F85
:10DF28001309C92FA2074207D98F0347C100D98F08
:10DF38001767FF1F2326F72EEF700FE461D1EF70EC
:10DF4800AFE383244900AA89EF700FE333F5A402F5
:10DF580083274900FD17CE97898F1767FF1F232155
:10DF6800F72C69BFEF42EFAB1C45AA8491CFD84B81
:10DF780001CF83D7470089CBEF605FA1AA8509C588
:10DF880088446105EF6080509767FF1F9387872754
:10DF98009C43014489EF6F400FAB9C481317140052
:10DFA800BA9703D5070019C1EFE04FD00504EF7009
:10DFB8006FD1E344A4FEC5B7EF42AFA6011185E9CE
:10DFC800EF60DFE801449767FF1F23A5072E9767D7
:10DFD800FF1F23A3072E9767FF1F23A1072E97670D
:10DFE800FF1F23AF072C228505616F40CFA5B68799
:10DFF8003285C9467000BE85EFF07FBD2A8465F57D
:10E0080041469305E1001765FF1F1305A52AEF4058
:10E018004FA40355C100EF602FE7F1B78DE1976773
:10E02800FF1F23AD071E9767FF1F9387271F9C4776
:10E038000145ED9B1767FF1F2326F71E8280EF42DD
:10E048004F9E4111B685328595463000EFF03FB8B6
:10E0580015EDA2471767FF1F2322F71C9767FF1FBD
:10E068009387C71B9447B24713F7B6FF13F61700F9
:10E0780019C213E74600858393F7F7079766FF1FD2
:10E0880023A2E61A1767FF1F2306F72041016F40F6
:10E098008F9BEF426F9703841500DC412A89AE8479
:10E0A80085070387F7FF19C36340800C8387240023
:10E0B80091C7635580007D14620461849C403707D2
:10E0C80000FF0907F98F3707001009076392E70A6D
:10E0D8006355800079146204618483C70400858BCA
:10E0E80095E39379F40F4E8A93178A01E187634A7F
:10E0F800F008A2876353040081473384F9407D14F4
:10E10800620461848385240081C54A85EFF0BFAA33
:10E118009C40370700FF0907F98F370700100907E8
:10E12800639AE706930500034A85EFF0DFA883C7E3
:10E13800040093058005918B99E3930580074A8530
:10E14800EFF07FA783C70400858B81CB1374F40F8E
:10E1580093178401E1876347F004C04005048305F1
:10E16800F4FFA1E96F408F8D7D14620461840DBFB7
:10E17800370700080907E392E7F6E35080F67D14B5
:10E1880099BF930500024A857D1AEFF0DFA2137A42
:10E19800FA0F99BF370700080907E395E7FA9305CF
:10E1A800000371BF930500034A85EFF0DFA07D14DB
:10E1B80071BF4A85EFF03FA055B7EF428F86EF70E9
:10E1C8006FB42A84EF700FB3229589450605EFE0F6
:10E1D800AFC6E55711C59767FF1F23A7A714814747
:10E1E8003E856F404F86930700026306F5005D1574
:10E1F80013355500828005458280EF42EF8041113A
:10E20800AA892A89130419008304F4FF32C62EC48C
:10E218002685EFF05FFDA245324659E19307D0020B
:10E228006392F408830404000548130429009377D3
:10E23800F6FEC9E793070003639FF40E8307040003
:10E248001307800593F7F7FD6399E7068304140025
:10E2580041460904B70600806314080093C6F6FF18
:10E26800B3FEC6028147254F654EFD5F33D3C60214
:10E27800138704FD6368EF06BA8463D5C408630D89
:10E28800F5017D55636AF3006394670063C69E00D9
:10E298000545B307F602A69705048304F4FFC9BF32
:10E2A80022898DB79307B0020148E392F4F88304FA
:10E2B80004002A88130429009DBF01CA8947E31B6B
:10E2C800F6F893070003E397F4F8830704001307AD
:10E2D800200493F7F7FD639BE704830414000946C1
:10E2E80009048DBF13E704021307F7F9636CEE0006
:10E2F8009388F4FB1307700363741E0113077005FA
:10E30800998CA5BF7D576300E50263040800B30735
:10E31800F04091C519C19309F4FF23A035013E854A
:10E3280041016F30BFF1B687FDF5D5BF93040003F7
:10E3380015F2214605B719FE294629BFEF32DFEC51
:10E34800011161540DC53284AE8941468145368933
:10E35800EFF0BFEA93140501C180639E090026858A
:10E36800EF30F02F014401C58145EF20901D228533
:10E3780005616F30BFEC2285CD467000CA85EFF08D
:10E388001F852A846DF52685EF30702D09E903561F
:10E39800C1008345E1012685EF20901201C941465D
:10E3A8009305E1001105EF30DFEAD1B75D54C1B73D
:10E3B800EF329FE50111E15401CDB284AE894146A7
:10E3C80081453689EFF07FE32A8463970900814409
:10E3D800268505616F309FE62685D1467000CA857F
:10E3E800EFF0EFFEAA846DF58357C100EDD3EF700F
:10E3F800AF974205931704014181C18363F9A702CE
:10E40800EFB0AFBC4204E14741803304F402414617
:10E418000C082A9413054400EF30BFE38357E1004A
:10E428002311F4008357C1002310F40055B7E554B5
:10E4380045B7EF327FDD7971E15415C53284AE8975
:10E4480041468145B684EFF05FDB13190501135986
:10E458000901639E09004A85EF40F069814401C5BE
:10E468008145EFB04FB7268545616F303FDDA68502
:10E478009306300270002285EFF06FF5AA8465F5E7
:10E488004A85EF4050672A8411E54A85EFB02F93FB
:10E498002A8431C58357C1002311240193096400DC
:10E4A8002310F4008347E1009305F100414623025D
:10E4B800F4004E85EF30FFD91309740141469305E6
:10E4C800F1014A85EF30FFD8930554004E85EFC01F
:10E4D8008FC4930564014A85EFC0EFC369B7DD5463
:10E4E80059B7EF327FD2797111E5E154268545613C
:10E4F8006F30DFD4B284AE89414681453689EFF06A
:10E50800DFCF131A0501135A0A015285EFE0EFCA4B
:10E518002A846398090071D98145EFB04FBA8144C4
:10E52800F1B72685930610027000CA85EFF02FEA2E
:10E53800AA844DFD31C8B2479305D1004146858B69
:10E54800230FF400B24713050403858393F7F707F5
:10E55800A30FF400EF30FFCF41469305D101130517
:10E568009408EF301FCF59B73304690383A70A0B08
:10E578003E948357C401638337030509EF609FF70F
:10E58800E344A9FEDD549DB7C1690149976AFF1F9D
:10E59800938ACAC8130B400EFD19CDB7231E440138
:10E5A80059BF49CDEF325FC64111B289AE844146A9
:10E5B8008145368AEFF07FC4931A050193DA0A0180
:10E5C8000149176BFF1F130B6BC5EF60BFEA634A66
:10E5D800A9000145ADCC81441769FF1F130909C47F
:10E5E80081A883274B0B131439003E9483570400EA
:10E5F800638857050509D1BF8327490B1394340055
:10E608003E948357040085E7231054019146700017
:10E61800D2854E85EFF0AFDB1DE9B247139787002F
:10E62800E1832183858B58C02301F4000DA0850464
:10E63800EF605FE4E3C2A4FC5D5511A861558280D8
:10E64800F1F4214681452285EF301FC20145410181
:10E658006F30DFBE1971D2C4130AC10686CEA2CCB0
:10E66800A6CACAC8CEC6D6C2B6D6BAD8BEDAC2DC20
:10E67800C6DE52C463810524FD151C102ACC2ECA9F
:10E6880002CE3EC89304B0021549A9498305060085
:10E69800130416009DE1F2465247E24763FBE62069
:10E6A800B697238007007245F6406644D64446492B
:10E6B800B649264A964A09618280930750026386C2
:10E6C800F5004808EFF02FCFF5A88357C1002307BE
:10E6D8000100014593F7C70F2316F1008145014852
:10E6E8000147014681469308D00213030003130E25
:10E6F800300205048307F4FF99C7638C970463C34A
:10E70800F404638BC70501CA0346C100858A799A58
:10E71800D18E2306D100630908008346C100098B06
:10E72800F59A558F2306E10019C12307B100138715
:10E7380007FD1377F70FA54663E2E6068146A54570
:10E74800294535A0E38717FBE39F67FA0546FD5681
:10E758004DB70545854571BF05487D5759BFB386F7
:10E76800A60205048307F4FFBA96E206E18613F7CA
:10E77800F70F130607FD1376F60F63E5C500138739
:10E7880007FDF1BF1306F7F91376F60F636EC9029A
:10E79800138797FAE30537FDA306D1001307900600
:10E7A8006385E704634BF706130780056384E70A6C
:10E7B8006345F702E38107EE130750029305500201
:10E7C800E381E7F02286D9B51307F7FB1377F70F34
:10E7D800E364E9FC138797FC75BF1307300663866B
:10E7E800E70A13074006E39FE7FC03250A00A94749
:10E7F800A307F100930A4A00635805009307D00263
:10E808003305A0402307F1006C00EFF0AFB56C00B2
:10E818004808EFF01F88568A75B713073007638ECC
:10E82800E7066341F7021307F006638EE704130750
:10E838000007E399E7F80347C10013672700230699
:10E84800E10009A813075007638BE7021307800745
:10E85800E39AE7F6938787FA414793B71700A30728
:10E86800E100139727008347C100ED9BD98F23064A
:10E87800F100930A4A006C0003250A0079B7A947FA
:10E88800A307F100FDB7A147E5BF83050A004808C3
:10E89800930A4A00EFF02FB2BDBF83270A006C002D
:10E8A80048083EC8EFF0EFFE1C10930A4A003EC825
:10E8B8009DB7BA97FDB30145C5BBEF329F962A882D
:10E8C800368583464800BA8703475800A206D98E82
:10E8D800328717E600001306E6CA89E517E6000046
:10E8E800130606CBBE85EFF0FFD66F30DF9597672E
:10E8F800FF1F938767A69C4381CFEF329F92D8432F
:10E90800B2862E861847AA853E8502976F30BF9338
:10E9180061558280EF32FF908357050039712A8450
:10E92800231EF10083474500930565004146130502
:10E93800F101230FF100EF30DF9193057401414697
:10E948001305F102EF30FF908356240017E600000C
:10E95800130646CCE5450A85EFF0DFCF6C081306B1
:10E9680030020A85EFF0BFF821616F30DF8DEF329A
:10E978005F8B39712A849305050341461305D1013C
:10E98800EF303F8D9305940841461305D102EF30CF
:10E998005F8C8347E4010347F4018356C401858BE8
:10E9A8000607D98F17E60000130686C7E5450A85CE
:10E9B800230EF100EFF01FCA6C08130610020A8537
:10E9C800EFF0FFF221616F301F88EF32FF833704C9
:10E9D8000001B70400FF0111814A1769FF1F1309DD
:10E9E800E9837D149389F4FF17EA0000130ACAC764
:10E9F800EF605FA863C5AA0005616F303F84832775
:10EA0800490B13973A003E978347370095CF5C43ED
:10EA1800A30107005286B3F687008247E545480000
:10EA2800E58FD58F3EC083462700B3F73701858A27
:10EA3800E206D58F835607003EC0EFF0BFC11146EE
:10EA48008A854800EFF0BFEA850A5DB7EF326FFDAF
:10EA580001468145EFF0BFE96F30EFFE835765004F
:10EA6800638E071A1D71A2CCA6CACAC886CECEC6A6
:10EA7800D2C4D6C2DAC05EDE801013F7170032891E
:10EA8800AA8431CBF99B2313F500EF60BFA20605DA
:10EA98003D0541990A8BC16A3301A1408A8B81499E
:10EAA800014AFD1AEF601FA1634CAA0C794793062F
:10EAB80004FB17E60000130626BACA852685EFF080
:10EAC800DFDF638F090C13961900DE85130504FB3D
:10EAD800EFF0FFE15A8183D7640013F7270021CBB9
:10EAE800F59B2393F400EF60FF9D06053D054199D2
:10EAF8008A8A3301A1400A8B8149014AEF609F9CB1
:10EB08006345AA0A6547930604FB17E60000130647
:10EB180026B5CA852685EFF05FDA6387090A13965A
:10EB28001900DA85130504FBEFF07FDC568183D7E3
:10EB3800640013F7470005CBED9B2393F40065476A
:10EB4800930604FB17E600001306C6B1CA8526859E
:10EB5800EFF0BFD69C4481C703D747003DEB1305B0
:10EB680004FBEFF0BFEE130104FAF6406644D64406
:10EB78004649B649264A964A064BF25B2561828089
:10EB8800DC4413171A00BA9703D707006308570124
:10EB980093971900DE972390E7008509050A19B7AE
:10EBA800130504FBEFF09FEA35B79C4813171A00CA
:10EBB800BA9703D7070019C793971900DA972390D4
:10EBC800E7008509050A1DBF130504FBEFF01FE8E0
:10EBD800B1BF2314E4FA03D767008326C4FA214699
:10EBE800520751832315E4FA370700F0758F9447CD
:10EBF800930584FA130504FB92069182558F232608
:10EC0800E4FA83C7770013F707018347F4FABD9B3B
:10EC1800D98FA307F4FAEFF09FCDB1B78280EF3216
:10EC2800CFDD1754FF1F1304645F0444797193F711
:10EC3800F4FB1757FF1F2327F75E93F70404A1C7B8
:10EC48008588A1E097E90000938909A2EF609F8277
:10EC580063DBA4028327440B139934003E9983563F
:10EC6800090091CE4E86E5454808EFF0BF9E48085A
:10EC7800EFF0DFDD214681454A85EF30EFDE850480
:10EC8800F1B7EFF09FD41C4413F7F7F79756FF1F1F
:10EC980023AAE65893F707086397071E1C4413F73F
:10ECA800F7EF9756FF1F23AFE65613F707106318C1
:10ECB800071E18449377F7DF9756FF1F23A4F656CD
:10ECC8009376072095C6058B630A07201840898329
:10ECD800858B3ACA0347840715464C080607D98F1F
:10ECE80017E5000013050595230CF100EFF03FC070
:10ECF8001C4413F7F7BF9756FF1F23A5E65293F757
:10ED080007408DC3835744000D464C08231AF10071
:10ED18008357640017E5000013050592230BF100E3
:10ED2800EFF0FFBC1844FD749387F47FF98F975672
:10ED3800FF1F23A9F64E9317470163DF0700EFA0D3
:10ED48006FE819C98356C5016391061A17E50000D3
:10ED58001305058FEFF09FCF1C447D777D177D8FBE
:10ED68009756FF1F23A0E64C13973701635A0702F3
:10ED7800858B6388071CEFA02FE61DC118458347C4
:10ED8800E5001D463ACA0357C5004C0817E50000C0
:10ED98001305858B231CE100230DF100EFF03FB52F
:10EDA8001844F977FD17F98F9756FF1F23ACF646DD
:10EDB8009317270163D9070081451705000013053C
:10EDC80025CAEF606F811844E177FD17F98F9756D0
:10EDD800FF1F23A9F6449317070163D30702EFA087
:10EDE800DF9E2A84814417E9000013096986EF60D1
:10EDF800AFF7939704014205C183418163EAA714E1
:10EE080045616F300FC383A70A0093141900BE949D
:10EE180083D7040033F767011DCF1396170133F723
:10EE28007701B3F637016352060417D600001306BC
:10EE3800667E09E717D600001306867EE545480872
:10EE4800EFF05F814808EFF07FC083D70400B3F785
:10EE580047012390F4000509EF60CFEAAA84EF6028
:10EE68006FE92695E341A9FA15BD368519C7EF4024
:10EE7800804861DDEFF01FAAC9BFEFD01FB471D57C
:10EE8800EFF0FFAED9B785697D7A0149975AFF1F20
:10EE9800938A8A49056B896BFD197D1A75BF858B25
:10EEA8009DC7EF50BF82231AA10041469755FF1F07
:10EEB8009385454013056101EF30AFB949464C08C9
:10EEC80017D5000013058576EFF07FA2DDB317D5BF
:10EED80000001305A575EFF07FB7E1BB17D500005B
:10EEE80013054575EFF09FB621B50357E501C177C6
:10EEF80085073E978357A101FD1413371700320782
:10EF0800E58FD98F231DF100231AD10083560502FE
:10EF1800035725022146231BD100231CE100035778
:10EF280045028566FD16758FFD76F58FD98F4C08DD
:10EF380017D500001305C570231DF100EFF03F9BA6
:10EF480021BD17D5000013052570EFF03FB089BD2E
:10EF58005C4813F7E7FF58C8858B89CFA6864A8691
:10EF6800C9450A85EFF00FEF8357040099E70A8532
:10EF7800EFF0DFAD850461049DBD231AF1008357CE
:10EF880024009305440041462808231BF100EF3074
:10EF98004FAC51464C080A85EFF07F95E1BFEF3240
:10EFA8004FA885473395A7009757FF1F93870727D3
:10EFB8009C47411181455D8D9757FF1F23A4A726C4
:10EFC8009377057085E393576500858BA1CBC1675F
:10EFD800938707887D8D05EDEF600FDB9305803EF5
:10EFE800B305B5021755FF1F130545342EC6EF505C
:10EFF800603FB24519C16349B50085C51755FF1F64
:10F008001305C532EF50804841016F30CFA3EF6040
:10F01800AFD72A84EF604FD8E360A4FCEF60CFD766
:10F0280075BF0145EFF0BFBFC5B7EF328F9F79714C
:10F03800AA8601441759FF1F1309491E36C6EF60F7
:10F048006FC3B246635CA4028327490B9314340050
:10F05800BE9483D704006396D70285C617D60000EE
:10F0680013068660E5454808EFF0CFDE4808EFF064
:10F07800FF9D214681452685EF300F9F45616F3002
:10F088008F9C050465BF19C223200600814701C56E
:10F098009306D00389E53E8582808505050583872B
:10F0A80005000307050099CF6394E700E397D7FEAF
:10F0B8008147D5B79306D0038547E30ED7FC93372E
:10F0C8001700D1BF9307F002E316F7FE854761D614
:10F0D800050508C2C9B799C123A0050081470DC11C
:10F0E8001308D0031306F0023307F5008306070060
:10F0F80081CA638706016397C60099C1050798C14D
:10F108003E8582808507CDB731C9EF320F8F411117
:10F118002E8A6C002A89368BB28A97D40000938491
:10F128006448EFF05FFB2A8C0144A689B14B884004
:10F138006286CA85EFB0E06C01ED0E044E945C4027
:10F148003245DA865686D285829741016F306F8EB6
:10F158000504A104E31D74FD6155C5BF7D5582807A
:10F1680099E561558280615505616F302F8DEF32C9
:10F17800AF892E8A2A8401118145B284528541467D
:10F18800BA893689EFF06F8793150501C181137627
:10F19800F50FA1812285EF50FFBF2A8469D55285DA
:10F1A8004C08EFF05FF3524A2A8BE30E0AFA2A86DC
:10F1B80097D500009385454A5285EFB08064AA8AA6
:10F1C8000DED7D5AEF600FAF63C5AA0099E80145C0
:10F1D80061BF5C4413971A00850ABA9723904701C8
:10F1E800D5B74C442EC6EF60EFACB24513161500E8
:10F1F8004E850299E34DA0FC85BF5A8697D500003D
:10F20800938505465285EFB0C05F0DE1032A0401DE
:10F21800EF604FAB1316150081455285EF30CF8450
:10F22800DDD40C482EC6EF60EFA9C1B75A8697D532
:10F238000000938525435285EFB0A05C41E11C4452
:10F24800A5CF81ECD443370700E0758F9447D8C326
:10F258003707001F758F98C701BFA1463008CE85B4
:10F268004A85EFE0DF96E31105F0184483578101E2
:10F278007D762312F7008357A101939647018357A0
:10F288006700D182F18FD58FF2467D767D16F182A7
:10F29800858AB206F18FD58F2313F7008347E101E2
:10F2A8008356C1012305F7008347B7002314D7000D
:10F2B800FD8BA305F7004DBD7D557DB55A8697D5C5
:10F2C80000009385A52D5285EFB0A053E31D05E8F6
:10F2D8001C4CE38A07E89C43E38707E8CE864A8606
:10F2E800A6852285829749B5EF22BFF33687B28675
:10F2F8002E86AA850545EFF0BFE66F20DFF4EF22E2
:10F308005FF23687B2862E86AA850145EFF05FE563
:10F318006F207FF3EF225FEF411199C123A0050011
:10F328009757FF1F93874702804381441DC82E8942
:10F33800AA8931141DC40C4070004E85EFF0BFD46B
:10F3480019CD81E8A284630C0900B2472320F90093
:10F3580039A08C4008400146EFF0FFD265F54048DF
:10F3680069F8268541016F207FED184111CBEF2206
:10F378005FEBAE873E85B285368602976F20BFEC7D
:10F3880035558280EF22FFE98357C50013D7050161
:10F39800C205B387E7021841C1814849BA95BE95AD
:10F3A800EFF0BFFC6F203FEA584111CBEF227FE717
:10F3B800AE873E85B285368602976F20DFE83555E1
:10F3C8008280184509CBEF22DFE5AE873E85B285FE
:10F3D80002976F205FE7355582805C4599C7EF2219
:10F3E8005FE42E8582976F201FE635558280EF22D5
:10F3F800BFE183290500035AC5002A844849AE8421
:10F408008145EFF09FFD2A890DE193D50401B3856D
:10F4180045030356C4004848CE95EFF09FFA2A8961
:10F4280009E548488545EFF05FFB4A856F201FE1F5
:10F43800EF229FDD2A890441035BC50048497971A1
:10F448002E848145B28A368AEFF03FF941E193591B
:10F458000401B3896903420441802694A2990344B4
:10F468000901330480403374440111CC0325490158
:10F47800A2865686CE85EFF03FF3AA8431E1330A9F
:10F488008A40A299A29A8144630C0A025286D685C0
:10F49800080803244901EF20DFDB834609011C0823
:10F4A8009305F00F338646413385470136C6EF2072
:10F4B800BFDBB2461008CE852285EFF0FFEEAA84A6
:10F4C800032549018545EFF05FF1268545616F20E9
:10F4D800FFD6EF221FD52E864C41A1462A84EFF095
:10F4E8003FF5AA8403450401A145EFE07F985C40FD
:10F4F8003385A74048C026856F20FFD4814797D61B
:10F508000000938626076393C70082803387F5003F
:10F51800034707008507398D13574500369703477A
:10F5280007001205398D1375F50F135745003697E7
:10F53800034707001205398D1375F50FE9B7EF2258
:10F548005FCE2A84AA851D461305F00FEFF01FFB36
:10F55800834774003385A7403335A0006F20BFCEA2
:10F56800EF223FCC4111A1463000EFF0BFE109ED99
:10F5780003578100C167FD1705456317F700280089
:10F58800EFF0FFFB3335A00041016F20DFCBEF2206
:10F59800BFC7AE848C4141113684A1462A89034AEB
:10F5A8000501EFF03FDEAA8921ED5285A145EFE084
:10F5B8003F8C9C400357C9002A8AAA979396070153
:10F5C8009CC0C182098F639DE602C16513D70701FC
:10F5D800B385B74011E78355E900FD15C205BE950F
:10F5E8008CC01DC05C404177AD8FF98F91EFF98DCC
:10F5F8008CC05C403E9A420A135A0A01D2958CC0CC
:10F608004E8541016F209FC3A1460A864A85EFF0C7
:10F618007FD7AA8975F50A85EFF07FF209C5832798
:10F6280049009CC0F1BF0357C9008357210080409F
:10F638003307474163DBE70033FA470363170A00E0
:10F648004177798C3E9480C065BF03450901A14587
:10F65800417AEFE0FF81098CAA8A80C0337A44019D
:10F66800417B63648A00814961BFA1463000A2855D
:10F678004A85EFF03FD1AA8941F52800EFF03FEC29
:10F6880011E98357A1000357C100337A6A0180C08A
:10F69800BA973E9A33045441E9B7EF229FB82A84B7
:10F6A800AA851D461305F00FEFF05FE5A303A4003C
:10F6B8006F207FB9EF227FB42A84034505015D716D
:10F6C8002E8AA145EFE0CFFA5C402A8B0355E4006F
:10F6D8004179B3F727016C003EC6EFE0CFFA8355B6
:10F6E800C400B247A1463008BE95B385654122855E
:10F6F8002EC8EFF03FC9AA84634B05002808EFF035
:10F708001FE411C9B2452285EFF07FCEAA84268571
:10F7180061616F201FB2C2470357A101C17C338BBF
:10F728006741B3F72701BA973EC8814610100C0805
:10F738002285424CEFF0BFE5AA8471F90810EFF07A
:10F748001FE025ED5C403ECAD28630104C08228569
:10F758005249EFF0DFE3AA845DF94440638C240149
:10F7680003578102835701026316F7002810EFF050
:10F778001FDD01C5D247E399F4FC63102C058357BC
:10F78800410285CF83572102B37B9C010810BE9BA1
:10F798001C442311F102EFF05FF083490401835AFE
:10F7A8004102B309304193F90902639B0A000C1026
:10F7B8002285EFF01FD2AA8439F9E3188BF799B79D
:10F7C8004E8963F33A015689CA861018DE85228568
:10F7D800EFF05FBBAA8405FD630909000C44CA86E3
:10F7E80010182285EFF0DFC4AA8403450401CA85F6
:10F7F800EFE00FE81C443E9508C4E39A04F0B38A8E
:10F808002A41CA9B5DB7EF223FA0411191E5FD5403
:10F81800268541016F209FA2C44983D725014CC981
:10F8280004C12316F50003C705012A842317E50040
:10F8380003C5150193160701130700022308A40046
:10F84800C182E366A7FCE1D7B3E4F402E9F0854797
:10F85800E3FFD7FAA145EFE0AFE1AA89014A0149E0
:10F868008357C400931509012285BE95B385354198
:10F878002EC2EFF0FFCE19ED0355E4004C00050A47
:10F88800EFE06FE09245420A2285135A0A01EFF031
:10F898003FCD09E905098357E400420913590901D5
:10F8A800E360F9FC8357E40063944701D1548DB7B2
:10F8B800639427039245A1463000B38535412285DC
:10F8C800EFF05FAC35E12800EFF07FC711C50355B5
:10F8D800E4004C00EFE02FDB9247C17A33873741D1
:10F8E80058C04177F98F1CC44C401C4463EEF500A6
:10F8F800A14630002285EFF0FFA81DE52800EFF0B3
:10F908001FC4032A44001DC15C400355E40041792B
:10F91800B3F727014C003EC2EFE0EFD692452285AF
:10F92800EFF01FC4635C0502AA84DDB512450359D4
:10F93800A100035BC10033F5AA002A99034504011D
:10F94800DA85EFE0EFD24A9508C4631445016314E1
:10F958000B04330A3A412322440179B709C5854784
:10F96800A308F40075B54C402285EFF05FA84DFD63
:10F9780048408357C40086093375A9003E9533056E
:10F98800354148C03375250108C481452285EFF00B
:10F998007FD271D551BF4D5541BF83471501D1CF96
:10F9A800EF22BF852A840345050141112E8AA1450E
:10F9B800BA893689328BEFE0AFCB8357C40006058E
:10F9C800898F7D5563E827075C4081443EC28146A4
:10F9D80030004C002285924AEFF07FBB21ED835B1B
:10F9E800810063994B012800EFF07FB501E585049C
:10F9F800C204C18058409247630BF702E3F999FCAF
:10FA08008356C10061559DC663E63403C175B3FAD8
:10FA1800BA006373D900CA868355A1005A86228525
:10FA2800D695EFF03F9619E50355C10021A0615521
:10FA3800E3884BFD41016F20CFFF49558280EF22BB
:10FA48004FFE0147EFF07FF56F20EFFFEF226FFDCC
:10FA58003284B2862E86835545000841EFF03FFE7A
:10FA6800635385002A8422856F20EFFDEF226FF80B
:10FA7800834715015D71C954A5CB834D05012EC679
:10FA88002A84A1456E853689328AEFE06FBE0D471C
:10FA98003307E5028357C400AA8BFD54998F63E5A9
:10FAA80027056304090063010A045C403ECE8146D1
:10FAB80010106C082285724DEFF07FADAA8945EDD4
:10FAC8008357010232476397E7000810EFF03FA71A
:10FAD800630705145840F247E31BF7FC8144631B96
:10FAE800090019A0814499E7268561616F202FF4E8
:10FAF800E35CA0FECA856E85EFE08FB7014C11C5A7
:10FB08005E95131C0501135C0C01814D417B130D9F
:10FB18004400FD5C8357E4006381B7111C445440E2
:10FB28003307FC0063EBE60432472315F102281083
:10FB3800FD572314E102231621032307F102EFF0F6
:10FB4800DFB5630909000C44CA8652862285EFF0A6
:10FB58003F8EAA8903450401CA85EFE06FB11C44B2
:10FB68003E9508C4639909002C102285EFF07F9612
:10FB7800AA89CA8435D9CE8485BF6146A28508186A
:10FB88009710FF1FE780402244400355C400A14559
:10FB9800B3749B00AA9403450401B3847441EFE055
:10FBA8002FAD3385A44048C00355E400EA85EFE053
:10FBB8008FAD5C400C182285B3F767011CC4EFF0C9
:10FBC8007FAFAA8415F103450104A145850DEFE037
:10FBD8002FAAD25723149103231601023387A700B3
:10FBE8002315E1020357C103B3F76701BA97898F59
:10FBF80028103EDAEFF07FAA2C100818EFF07F8D5E
:10FC0800AA840355E1034C18EFE0EFA7D257B3F7E6
:10FC180067013EDCE38004F0C1BDC154F1B58357F0
:10FC28004102E30109ECE39727EDC177034C040196
:10FC3800B377FD00035D2102330C8041137C0C0275
:10FC48003E9DD28ACA8C628B63F38C01668BDA86FE
:10FC58001018EA852285EFF0EFF2AA84E31A05E886
:10FC68005A860C185685EFA05013AA84E31405E8A9
:10FC7800B38C6C415A9DDA9AE3970CFCB5B5EF2228
:10FC88004FDA81460146EFF07FDE6F20CFDB638CD1
:10FC9800050EEF228FD65D71054D19C213BD1600F2
:10FCA80003590502B68B328B05094209135909011C
:10FCB8002E8A2A84CA89216C930A8500E15C930400
:10FCC800F9FFC204C180638F84059306A004500025
:10FCD800A6855685EFF0BFD66357050063139501D7
:10FCE800A6892689E9BF9C083E95230A05FA4C0097
:10FCF8005285EF206FD875F563040D088357040209
:10FD0800639597089387F4FF2310F4028946130636
:10FD18000402A1655685EFF07FD563580506616139
:10FD28006F202FD10145E31C0DFE0549B1675D55D4
:10FD3800E387F9FE9165CE9593048400C205DE86BB
:10FD48005A86C1812685EFF07FD2630D090052855E
:10FD5800EFA0302AAA865286CE852685EFF01FD1DD
:10FD6800E34F05FA8357040263FF37032310340374
:10FD7800894613060402A1652685EFF03FCF25A02A
:10FD8800A689014965B77D558280A6855685EFF01D
:10FD98001FEFE34605F89165FD15CA95C205C181B7
:10FDA8005685EFF0DFEDE35CA0F601458DBFEF224D
:10FDB800CFC403540502916A1D71050442042A89BF
:10FDC800AE894180A16B130A8500FD1A130B050249
:10FDD8009304F4FFC204C180639D7405916B216490
:10FDE800130A8900850B170C0000130C6CC6835787
:10FDF800090293041400C204C18085076383F40ECA
:10FE08005E949306A0045008A68552854204EFF03C
:10FE18001FC34180AA8A854613067100A2855285B0
:10FE2800EFF0FFC12A8B634750076347A00626847B
:10FE38007DBF56949306A0045008A68552854204B7
:10FE4800EFF0FFBF41802A8C854613067100A2851A
:10FE58005285EFF0DFBE634C8003E351A0F883576F
:10FE68000902E39D97F69387F4FF2310F902894668
:10FE78005A86A1655285EFF07FBFA6855285EFF0BF
:10FE88001FE0A2855285EFF09FDF268491B7E358E3
:10FE9800A0FCA9B7634BA000A6855285EFF03FDE12
:10FEA800A2855285EFF0BFDD59B79C10BE9A238A10
:10FEB8000AFA639109022C004808EFF0AFC525D96A
:10FEC8001C45224552C62318810074006286DA85D3
:10FED8008297B1BF0146CE854808EFF0CF9A61FD01
:10FEE800B9B7014525616F20CFB4EF228FB397478B
:10FEF800FF1F938767458043814409C42A893114C9
:10FF0800814401E426856F200FB4631809005C441E
:10FF180081EF404865D83114EDB708400146CA85DD
:10FF2800EFF06F966DF5F5B78297E5F4AA84D5B72B
:10FF3800EF222FAF9747FF1F938787418043AA84FB
:10FF480009EC2685EFF07FFAAA840144EF508FD29E
:10FF5800636CA40026856F200FAF5C402285A685C0
:10FF68009C4382970040E9BF05041374F40FF9BF5E
:10FF7800EF222FAB0145EFF0BFFB6F20CFAC9747C7
:10FF8800FF1F9387E73C23A0070023A20700828076
:10FF9800EF222FA99747FF1F9387073B23A007004E
:10FFA80023A20700EFF0BFFD6F20EFA9EF226FA794
:10FFB8004111130985002A84EF50CFE7AA854A85A5
:10FFC800EFF07F84AA8419ED89461306E100A16544
:10FFD8004A85EFF0DFA6E177634405008357E10027
:10FFE8002310F402268541016F20EFA59747FF1FD4
:08FFF80093870736904301478F
:020000021000EC
:10000000B28691EE05E3DC4310C11747FF1F23259D
:10001000A73485EF9747FF1F23A2A7348280368736
:100020009442C5B7144385E2DC432320050091EBDD
:100030009747FF1F23A4A7329747FF1F23AEA73080
:10004000828088C3C1BF14C108C38280EF22EF9DA4
:100050001744FF1F1304842B2285EFF0BFF5AA84F9
:1000600005E517C900001309695A22859747FF1F44
:1000700023A0272BEFF01FF89747FF1F23AA27295C
:100080009747FF1F23AE872C26856F204F9C9747ED
:10009000FF1F83C7272D795599EFEF220F99EFF0B6
:1000A000BFEFEFF0BFFA11E585471747FF1F230B9E
:1000B000F72A6F20CF998280EF222F979747FF1F53
:1000C0009387072980432A89BE8419C0311415E01B
:1000D000D840232A09009307490105E71747FF1F66
:1000E000232AF7261747FF1F2324F72601456F20F1
:1000F0000F960C4003250900EF208F9809C940484E
:10010000E9B71CC31747FF1F2326F724C5B7595566
:10011000F9BFEF228F9197F5FFFF938505B1174542
:10012000FF1F13052521EF40C02AEFF05FF61725CA
:10013000FF1F1305A529EFF03FF86F204F91EF2225
:10014000CF8E8357650093E717002313F5003545DD
:10015000EFE07FE56F20AF8FEF222F8D8357650093
:1001600093E727002313F5003545EFE0DFE36F2029
:100170000F8EEF228F8B8355C50101112A840A86C9
:100180000145EFD0DFA719C9835705001167D98F43
:100190002310F5001D45EFE01FE105A0024783563F
:1001A000C40119EF17C6000013060648E5454800CC
:1001B000EFE0CFCA4800EFE0FF8905616F202F898B
:1001C00093974601835607007D76D183F18EDD8EAD
:1001D00093D7860093F7F7082310D70093E7070516
:1001E000A300F70045BFEF224F842145EFE0BFDBBE
:1001F0006F20EF85EF226F832145EFE0DFDA2545A1
:10020000EFE07FDA3145EFE01FDA6F204F84EF2215
:10021000CF818355C50141112A8470000145EFD07B
:100220001F9E01CD8357050071777D17F98F23102D
:10023000F5001D45EFE03FD731A0B24699E6228593
:10024000EFE06FF341016F208F808357C4017D760B
:100250001397470183D706005183F18FD98F13D7A6
:1002600087002390F6009377F70893E70701A380B0
:10027000F600C1B7EF127FFB2A842545EFE0BFD21D
:1002800001E42945EFE03FD26F107FFCEF12FFF948
:100290008355250041112A8470000545EFD03F9613
:1002A00001CD8357050071777D17F98F2310F50075
:1002B0001D45EFE05FCF31A0B24699E62285EFE021
:1002C000EFE541016F10BFF8835724007D76139747
:1002D000470183D706005183F18FD98F13D7870049
:1002E0002390F6009377F70893E70703A380F600BF
:1002F000C1B7EF129FF38355250001112A840A86A6
:100300000545EFD0DF8F19C9835705001167D98FD5
:100310002310F5001D45EFE01FC905A002478356D5
:10032000240019EF17C600001306462FE5454800C4
:10033000EFE0CFB24800EFE0EFF105616F103FF161
:1003400093974601835607007D76D183F18EDD8E2B
:1003500093D7860093F7F7082310D70093E7070792
:10036000A300F70045BFEF125FECEF506FA111E55E
:100370002945EFE05FC36F109FED9747FF1F9387FD
:1003800067EAC043EF50CF9F3375A40275D1E5B73C
:10039000EF12BFE92A84EF506F8F85476307F5009E
:1003A000A301F4001945EFE01FC06F105FEAEF12E0
:1003B000DFE7EF50AF8D85476305F5001945EFE0A6
:1003C0009FBE6F10DFE8EF125FE63D45EFE0BFBD77
:1003D0006F10FFE7EF127FE58357650093E7470053
:1003E0002313F5003545EFE01FBC6F105FE6EF12F9
:1003F000DFE33145EFE03FBB6F107FE5EF12FFE237
:100400002D45EFE05FBA6F109FE4EF121FE28357B4
:10041000250079712A842314F1008347450193054F
:10042000450041461305A100230DF100EF10FFE246
:100430008356040017C6000013068613D1456808CA
:10044000EFE0CFA12C004D466808EFE0CFCA456130
:100450006F10FFDFEF127FDD83560500011117C615
:1004600000001306E610D1456800EFE02F9F6800FA
:10047000EFE04FDE05616F109FDDEF121FDB011112
:100480003684B28479478A8617C60000130686111F
:10049000EFE02FC309C82286A6850A85EFE0AFC525
:1004A00005616F10DFDA0A85EFE0CFDAD5BFFD57BF
:1004B0001727FF1F230CF7F28280EF127FD541111F
:1004C0002A892EC6B289EF40EFBDB2451304F9FF69
:1004D0002E944DC593170901C187AA847D55635C8D
:1004E000F0024204418093170401C1876355F00272
:1004F0009DC1EF402F9E636AA4069C4481443E95B3
:10050000420541819307F5FFC207C18363E02707D6
:1005100063960900695541016F10DFD22390A9004D
:10052000D5BF3387640383A78A0A3E978357270082
:1005300063864703835707006362F402034747015A
:10054000BA97C207C1831387F7FF420741836367E6
:100550002701E38109FC2390F9006DBF8504EF506A
:100560000F8CE3C0A4FC01457DB78144416A974AE2
:10057000FF1F938A2ACB594B7D1AD5B77D5561BF92
:10058000EF12BFCA1744FF1F1304C4DE9744FF1FB6
:10059000938404DF0325C41419CD184D23260414B5
:1005A00011048347870093F7F7FB2304F700EF500C
:1005B0001FD7E31194FE6F109FC9EF121FC7174595
:1005C000FF1F1305A5F0EF30706EEFF07FFB6F108B
:1005D0001FC8EF129FC5930540061745FF1F13055F
:1005E000E5EEEF30306B6F109FC6EF121FC47D56E3
:1005F000B5450145EF403FC86F107FC5EF125FC1A1
:10060000EF40DF8F1744FF1F1304C4D62320A41428
:100610002322B41481440D499729FF1F938989DC53
:100620000325C41419CD850401466386240183275C
:100630000415814591E3CE85EF40BFCC1104E391D1
:1006400024FF6F103FC0EF12BFBC41112A84AE8956
:1006500032C6EFF09FF6EFF05FF929C99747FF1F09
:10066000938747D183A5C7129304C5002A8926859D
:10067000EF50BFB181452685EF50BFAA93152400E6
:1006800093E5350093F5F50F2685EF509FA9324687
:10069000CE852685EF501FA79747FF1F23A227E38C
:1006A000EFF0DFF5014541016F10DFB96555E5BF9A
:1006B000EF12BFB7AE8495452A84EF505FBCA68584
:1006C0002285EF501FA66F109FB8EF129FB3BD6534
:1006D0002A84938505A61745FF1F130525E1EF30F2
:1006E000705B9747FF1F9387E7EA9C439744FF1F80
:1006F000938444C8268989CBC84019C522868D4574
:10070000EF10303D6F107FB3EFF03FEBEFF0FFEDF8
:10071000AA846555E5D8032709009747FF1F83C7BB
:10072000E7D99316170163D7060C1307F007638800
:10073000E70085071747FF1F2302F7D829A097472F
:10074000FF1F238D07D68325C9129389C4004E85C8
:10075000174AFF1F034A8AD6EF503FA3D2854E8522
:10076000EF503F9C8347440051478145637CF7002D
:100770009385C7FE93F5F50FDD47B3D5F5028505E3
:1007800093F5F50F8A0593F5C50F4E85EF507F99C8
:10079000835544004E85EF507F9C834544000840BC
:1007A000EF905FFCAA854E85EF50BF9783554400BC
:1007B0009747FF1F23A697D0D14763F3B700D145D2
:1007C000939405010C40C18026864E85EF509F937F
:1007D000A6852285EF50DF8B174BFF1F130B8BB9BC
:1007E000814AA14B5D4C8357440085E3EFF01FE144
:1007F000014509BF1387F7FF1377F70F9306D00F53
:10080000E3F9E6F2930700F835B763967A01EFF063
:100810003FD73955C5BDEFF05FDD110B910A09E5F2
:10082000EFF01FD66555F9BD835544002326AB1460
:100830006373BC00DD45939905018325C9129304B8
:10084000C5002685EF507F94D2852685EF507F8D99
:1008500093E52A0093F5F50F2685EF509F8C0C4009
:1008600093D909014E862685EF50DF89CE852285F2
:10087000EF501F828DBFEF125F9B01117C003ECABB
:10088000B70707003ECC81457C0048083ECEEFF01C
:100890003FE29745FF1F83C5E5AE4808EF507F88CC
:1008A000D247480883C717001747FF1F2308F7B42C
:1008B000EFF0BFE111E585471747FF1F2306F7AEAD
:1008C00005616F10DF98EF125F9601117C003ECA40
:1008D000B70706003ECC91457C0048083ECEEFF0BD
:1008E0003FDD4808EFF07FDE95471747FF1F230DD8
:1008F000F7AA05616F10BF95EF123F9301117C00BD
:100900003EC083450500B70711003EC27C003EC4CF
:100910002A8481C50145EFB00FDB8347040085457C
:100920000A851747FF1F230BF7ACEFF07FD8EF3096
:100930007FD9AA850A85EF50CFFE85450A851744E1
:10094000FF1F1304E4BCEF507F811C400A8583C560
:10095000C700EF500FFD1C400A85CC4BB335B000EB
:10096000EF502FFC1C400A8583C59701EF506FFBA9
:100970001C400A8583D5A701EF504FFE1C400A8515
:1009800083C5C701EF50EFF91C400A8583D5E70105
:10099000EF50CFFC82452D461745FF1F130515A6C6
:1009A0008505EF109F8B0A85EFF03FD211E589474F
:1009B0001747FF1F230AF79E05616F105F8997276E
:1009C000FF1F83C7A7A26387A706EF127F842A842D
:1009D000EFF0BFC1AA8429CD1727FF1F034707A146
:1009E0009307F00F8149631AF7009727FF1F238FA2
:1009F000879E97C900009389E9CC9747FF1F93878B
:100A0000679783A5C7121389C4004A85EF50EFF793
:100A1000A2854A85EF50EFF085454A85EF506FF08B
:100A200026850146CE85EF40DF8D2685EF503F8F2E
:100A30006F105F818280EF124FFF79713C083EC6D4
:100A4000B70716003EC899453C0868003ECAEFF05B
:100A50003FC641469745FF1F938545966800EF5076
:100A60006FEA6800EFF07FC605E19747FF1F9387A5
:100A700067909C43139717019947634307009D476D
:100A80001747FF1F2302F79245616F104FFC9387B2
:100A9000F501FD15FD1703C717000505A30FE5FEBA
:100AA000E39AB7FE8280EF124FF805474111328476
:100AB0006304E504AA8719C90947630EE5060D47D3
:100AC0007D556385E71A41016F106FF833E4C50067
:100AD0007D5575F89747FF1F23AA078E9747FF1F7D
:100AE00023A8078E9747FF1F23A6078E9747FF1F50
:100AF00023A4078E0145C1BF33E4C5007D5561F4D1
:100B00009747FF1F9387C7A0804341499744FF1F22
:100B10009384C48B034684014C483305C940269511
:100B2000EF10AFF303468401814526853306C940A3
:100B3000EF100FF4C1B791477D55E3E6B7F897C7BB
:100B40000000938767B7BE9583C40500ADDC1749E5
:100B5000FF1F1309E99B032709008357A701E58FAE
:100B6000BDD383479701E3E0C7F69747FF1F9387FD
:100B700067809C43139717016358070093E70708A2
:100B80001737FF1F2328F77EC1476397F406A28516
:100B90004800EF90EF895800814413064002A545B4
:100BA000639B84021C08A697238A07FE9747FF1FB2
:100BB0009387C78126864C003E85EF100FEA414699
:100BC000058E81452695EF10AFEA8327090048007E
:100BD000DC538297CDBD83470700B3F7C7029386E6
:100BE000770363E4F5009386070385042300D700A9
:100BF00093F4F40F05076DB791454800EF904F83CC
:100C00007D141316240017C40000130424AC32947E
:100C10001C4092452685B3F5F50293D7050113D7FD
:100C200087009736FF1F2389E67A1737FF1FA30532
:100C3000F77A139705014183218393978500D98F14
:100C40001737FF1F231BF7789737FF1F23A007785D
:100C50009737FF1F23AE07769737FF1F23AC077622
:100C6000832709002EC29C538297B1BDE3EDB7E400
:100C700097C700009387C7A4BE9583C70500E38488
:100C800007E41747FF1F1307A78818438356E70198
:100C9000FD8EE38A06E28346C701E3E6C6E29736A5
:100CA000FF1F9386266D9042A145936606026394CA
:100CB000B7009366060418571736FF1F232CD66A11
:100CC000A2853E85029701B5EF128FD441112E897E
:100CD000B28935C501462A84EFF02FFE634F050423
:100CE0008144173AFF1F130AEA53D94AEF403F9352
:100CF00063D5A4043385540383278A0A3E9583571A
:100D00000500B1E323108500230A250123113501D5
:100D100041016F102FD3631245030354E100850492
:100D2000EF40FF8F0505634995001306E100CA8572
:100D30002285EFF08FF865F145F40145D1BF81447C
:100D40000544695AF1BF850455B7EF126FCC2A8468
:100D5000AE8983454501035505000149EFB07FFF8A
:100D6000834744016341F902638509002285EFF05E
:100D70006FEE231004004146814513054400EF1037
:100D80002FCF6F102FCC0355040093140901C1809D
:100D9000269542054181EFE0CFA9035504000509DE
:100DA000269542054181EF30004803550400269501
:100DB00042054181EF30404765B7EF120FC7173545
:100DC000FF1F1305A572EF30606E9737FF1F83C7B3
:100DD000E76289C781450145EFB0EF8E1734FF1FE9
:100DE000130444591C401397170163570700084424
:100DF00001C58145EFF07FF59737FF1F938787790E
:100E00009C4389C7484019C1EF40CF8EEFF0EFFAFD
:100E10001306801581451735FF1F1305A555EF10E3
:100E20002FC5FD571737FF1FA30EF7669737FF1F14
:100E30009387C76D9C4395C398472392070098C337
:100E40001737FF1F2324F7660545EF901FC581471D
:100E500011E1C9573E856F108FBFEF10E0459737FE
:100E6000FF1F23A5A764CDB7EF122FBC41112AC6DF
:100E7000EFF0BFF49737FF1F938787699C439C5F10
:100E800081C7B2450545829741016F104FBCEF12F3
:100E9000CFB98347550085462E8789836382D70C57
:100EA00091C789466389D7106F106FBA9736FF1FB5
:100EB0009386464C9C42B68413961701E34606FE81
:100EC00083D545003D46E371B6FE8983858B2A8430
:100ED0008DC303A7C6121C41E318F7FC9737FF1F09
:100EE00083C7874CF1F3014681450545EFF0AFF527
:100EF00065BF9737FF1F9387A76103A907000843C2
:100F0000414683250900EF90C06959FD83274903B5
:100F100099C3054582971C40BD65938505A6173783
:100F2000FF1F232FF7569C401735FF1F1305055C45
:100F300093E747001737FF1F232EF74283A7841339
:100F400098472392070098C3EF30C054014681456B
:100F50000545EFF04FEF9737FF1F23870744A9B7E9
:100F60009737FF1F938707419C4393961701E3DD53
:100F700006F203D745000DFB13F7870001CB93E77B
:100F800087001737FF1F2327F73E39BFBD9B93E725
:100F900087001737FF1F232FF73CEFF00FE297373B
:100FA000FF1F9387E7569C43DC5B99C305458297F7
:100FB000EFF07F8CD5BD9737FF1F9387A73B9C43EE
:100FC0008983858BE38207EE83D74500E38E07ECA8
:100FD0009C4103C50700EFF03FE9F9B5EF124FA3BD
:100FE0001734FF1F130404391C4013D72700058B47
:100FF00035CF9183858B9304007D81E79D64938435
:101000000453EF30BFEF032704148327441433073E
:10101000E5409D8D3335E500898D93D7F44163C953
:10102000B7046394F50063E5E4049734FF1F9384E9
:10103000643401440D499719FF1F9389A93A03A508
:10104000C4140DC51C4D050483C7870093F707041E
:1010500099EB01466306240183A70415814591E3BA
:10106000CE85EF400FAA9104E31B24FD6F108F9DE6
:101070001C409183858B91CB8327C4140145DC47A9
:1010800003C757008D476313F7002545EFF0DFDDF9
:10109000F1BFEF128F999737FF1F9387A72D9C43BE
:1010A0004111A307A10013E707019736FF1F23A3F0
:1010B000E62CC18B99E705469305F1000945EFF051
:1010C0008FD80347F100A5476314F700EFF0FFCE78
:1010D0008345F10091C99737FF1F938767439C436E
:1010E0009C5F99C30545829741016F104F96EF129F
:1010F000CF931734FF1F1304E4271C4001111397EB
:10110000170163570700EFF0DFF805616F102F94A8
:101110007C003ECAB7070700AA843ECCA5457C00E8
:1011200048083ECEEFF0CFD8A6854808EF407FFFB5
:101130004808EFF08FD91C4093E707101737FF1FBF
:10114000232AF722D9B7EF124F8E1734FF1F13044B
:10115000642283278413BD65938505A69C431735B8
:10116000FF1F1305A53883C40700EF30A032032505
:1011700084139735FF1F83C52533EF906FE105C9B1
:101180001735FF1F03450532EFF07F8383470413B4
:101190001737FF1FA308F7309737FF1F2384073047
:1011A0001C40A183858B91C70D45EFF05FF46F1054
:1011B0000F8AA54763F497000945C5BF6388F4000B
:1011C0009737FF1F83C7471EE39097FE97B700002E
:1011D00093874755032784138E04BE9483D7440016
:1011E000835647008507E399D7FC08439C400505D3
:1011F000829775BFEF126F83834645001737FF1F35
:101200000347572A834755006317D7003A85EFF005
:101210000FFB6F10CF831736FF1F0346A6289734A6
:10122000FF1F938424156304D6020507E393E6FEAB
:101230001737FF1F2308D72603A784131447231249
:10124000070014C37D579736FF1F239EE62413D44F
:1012500027009737FF1F83C7172563F687000945C7
:10126000EFF0FFE87DB763918702A557B307F4025B
:1012700003A78413034747008D07BA9703D7450098
:1012800093F7F70FE39DE7FC9737FF1F83C7A7216D
:10129000B3D78700858BB5DF5D459307F4FFB38730
:1012A000A70203A7841303D645008C410843D10746
:1012B0003E95EF009FFA03C724138547B397870035
:1012C00093C7F7FFF98F1737FF1F230EF71CB1F3F2
:1012D000EFF07FE73DBFEF02DFF259711C083ECC13
:1012E000B70706002A843ECE58181C0897B600009F
:1012F0009386C6411736FF1F130656199305000241
:101300001735FF1F130545083ED0EF90AFCC19C12C
:101310001D4589A0D80897B600009386A63F1736CA
:10132000FF1F1306B616930500021735FF1F13059E
:10133000A505EF902FCA69FD354693057105481044
:10134000EF00BFF1D40822864C104818EF90CFE38D
:1013500009C51945EFF0BFD9D9A8D80097B6000044
:101360009386C63B1736FF1F1306561293050002DD
:101370001735FF1F13054501EF90CFC551F90346FF
:1013800061062808A14583494106034B510632C630
:1013900003447106834C810603499106034CA10660
:1013A000034AB106834BC106EFF08FB02808EFF077
:1013B000CFB135EDFD571737FF1F2307F7FE9737DE
:1013C000FF1F9387E71C9843BE8A8144324611CFA2
:1013D0009737FF1F9387071C9C4381CB9737FF1FCD
:1013E000938747F9C443B3349000220433649401D3
:1013F0002209220A4204B366890193958900DC0020
:1014000033677A01C18EB3E56501C808EF40AFCB01
:1014100019ED83A70A0081C799C0EF10C003930597
:10142000007D1735FF1F1305650CEF30A0066561C1
:101430006F00BFE0EF027FDF1971AA84AA85341024
:101440001736FF1F130686F81735FF1F130505FA19
:10145000EF90CFD719C11D4519A841469735FF1FF9
:101460009385C5F42810EF90C01309C51145EFF01E
:101470001FC8A5A21734FF1F1304C4EF1C409735E3
:10148000FF1F9385A5F31397170163470700A685F0
:101490009734FF1F938484F29736FF1F938616FFBD
:1014A00026861735FF1F130565F3EF90EFD745F537
:1014B0001C401397170163550712BC083EC6B707B7
:1014C00027003EC83818BC0897B60000938606244B
:1014D0001736FF1F130696FB930500021735FF1FF3
:1014E000130585EA3ECAEF90EFAE35F5B80097B622
:1014F0000000938626221736FF1F130636F9930540
:1015000000021735FF1F130525E8EF90AFAC21F55A
:1015100035469305B1042808EF003FD4184497B628
:1015200000009386A61F1736FF1F130636F6110715
:10153000930500021735FF1F130505E5EF908FA9EE
:10154000E31B05F01C4403D52700EFB08FC7AA8426
:10155000E30305F09D456800EFF08F9583C5E40136
:10156000930790054146B385F5026800938505030E
:10157000A695EF403FB91C44680083D52700EF4093
:10158000FFBD2685EFB00FC6AA856800EF407FB982
:101590009737FF1F938707C98C436800EF40FFBE52
:1015A0001C44680083D50700EF405FBBA14568007D
:1015B000EF40BFB2B2462C08281885063686EF9059
:1015C0004FBB19C1194565B56800EFF00F9011E5E3
:1015D000A1471737FF1F2309F7DC09616F003FC7D9
:1015E000EFF06FC5DDBFEF025FC479713C083EC606
:1015F000B70716003EC89735FF1F938525DE3C08C8
:101600001735FF1F130585DF3ECAEF900FBE19C5C2
:101610001D45EFF0DFAD45616F007FC31736FF1F3B
:101620001306C6DC9735FF1F938545DB1735FF1F73
:10163000130585D5EF908FBD61FDC1451735FF1F9F
:101640001305C5D7EF80CFDE61F595456800EFF053
:101650002F86C1456800EF405FA8AA861736FF1F96
:101660001306C6D69735FF1F938545D51735FF1F3F
:101670001305C5D7EF908FB541FD6800EFF0EF84FB
:1016800059F99737FF1F9387E7CE9C43B983858B22
:1016900093B7170095071737FF1F2307F7D0A5BF8C
:1016A000EF02BFB8AA8541461735FF1F130505D0C5
:1016B000EF00BFBA9737FF1F9387C7CB9C431397A1
:1016C000170163560700EFF00FB76F005FB8EFF038
:1016D0009FF1E5BF9737FF1F9387C7C99C4313F757
:1016E000F7F79736FF1F23A7E6C813F7070809CBBC
:1016F000858B99C7EF027FB3EFF0FFEE6F003FB528
:101700008280EF029FB29734FF1F9384A4C680406B
:101710003971AA859317140163D407061364140062
:10172000130600041735FF1F130555D29737FF1F07
:1017300023A287C4EF007FB2EFE03FE89C4017345C
:10174000FF1F1304B4D01397170163460700173423
:10175000FF1F1304B4CBA2850A85EFF04FB39305A6
:1017600004020810EFF0AFB297050000938505144E
:101770000A85EF902FB61DC91D45EFF05F973DA07C
:10178000130600041735FF1F130555C8EF00FFAC03
:1017900093579400858BC5DF93571400858BC5FB49
:1017A000136414009737FF1F23A687BC21616F00C5
:1017B0001FAAEF029FA71D713C083EC6B70746004F
:1017C0003EC801453C083ECAEF902FAD19E51D45C6
:1017D000EFF0FF9125616F009FA72A848D45680077
:1017E000EFE01FED930500026800EF401F8FA28518
:1017F000EFF0EFA9930500026800EF401F8E9305FC
:101800000402EFF0CFA81734FF1F1304A4B61C4046
:10181000B245130600041397170185051735FF1FFE
:101820001305D5BE634607001735FF1F130515C204
:10183000EF00BFA26800EFE05FE949FD1C4085664C
:10184000138706805D8F1736FF1F2325E6B21737F3
:10185000FF1F130727D4184301CF584011CB7D77C2
:101860001307F77FF98FD58F1737FF1F2324F7B0A2
:101870001C4013971701635B0700A583858BB9FB99
:101880008D471737FF1F2301F7B2A9B713D75700AA
:101890009983D98F858B1307F00F91E315479737FD
:1018A000FF1F2383E7B03DB7EF023F98AA851735A6
:1018B000FF1F130565ADEFF08F9D9737FF1F9387CF
:1018C00067AB9C43139717016352070413D7670054
:1018D00093D65700558F058B11EB13D77700058BE7
:1018E00001CB91471737FF1F2300F7AC6F003F96DE
:1018F0001397370163550700EFF0FFCEC5BF0967A7
:10190000D98F1737FF1F2327F7A6CDB713D7970017
:10191000058B05C715479736FF1F2387E6A8856601
:1019200013F7F7F7558F9736FF1F23A5E6A493F714
:101930000708CDDFEFE03FF955BFEFF09FE77DB738
:10194000EF02BF8E1734FF1F1304C4A28327C414F1
:101950009DCF034745009737FF1F83C727B66318FE
:10196000F7021C409183858B99E3EFE01FC51C4073
:1019700013971701635F070013F7F7BF9736FF1F31
:1019800023AAE69E93F7074089C7EFF09FE26F0016
:101990001F8C1840FD779387F77F13164701F98F47
:1019A0008566634706001737FF1F2325F79CC5B7D9
:1019B000D58F13961701634706021737FF1F232B96
:1019C000F79A1C4013971701E34307FC13F7F7F747
:1019D0009736FF1F23A0E69A93F70708CDDBEFE0C9
:1019E0009FEE75B7F5779387F77FF98FD58F973689
:1019F000FF1F23A1F69893172701E3D407FCEFF00C
:101A00009FBEC1B7EF027F828347050091C709459A
:101A1000EFF0EFED6F00BF83834715002A8413F7C3
:101A2000E70F75F71737FF1F130787AE18430346F5
:101A3000C700E31EF6FC9737FF1F9387A7939443D5
:101A400093F7F6DF19C293E706209736FF1F23A30B
:101A5000F692A583858B81C71C4B91C3829715464F
:101A6000A2851735FF1F1305259AEF000FFF8D473D
:101A70001737FF1F230AF7920346440083453400BB
:101A800003452400EFF02F82E35605F849B7EF0233
:101A90004FF7173BFF1F130BEB8D03270B000111B3
:101AA0009317170163D007023C003ECAB7070B002B
:101AB0003ECC3C003ECE834705002A8499E7094589
:101AC000EFF0EFE205616F004FF7834715008346A3
:101AD0002500A207D58FC207C1878546E391D7FEAF
:101AE00083463500E3EDD7FC973AFF1F938A4AA25D
:101AF00083A70A0001499C5BADCFA5CE13670720E1
:101B0000834444009737FF1F23A6E7868547E3E811
:101B100097FA034C5400A147E3E387FB8349640031
:101B200003457400A209B3E9A90013F709FE41FBBC
:101B3000834B8400E3E577F9034A94000345A4004E
:101B4000220A336AAA0093770AFFB5FB8345040093
:101B50001736FF1F0356E6821735FF1F03554582D0
:101B6000EFF08F969737FF1F23AAA78011E5154541
:101B700081BF1377F7DF69B783A70A0091C403C752
:101B8000870119C3D84B61EF83C4970163F39B00AE
:101B9000DE8483D7A70193F4F40F13F7070101C77D
:101BA00013778A0059EBBD8BD1CF13757A0059C9D1
:101BB000EFA0FFA683A70A007D15937BF50F03D541
:101BC000A701A94C3D89EFA09FA57D15137AF50FBC
:101BD00003A70A008347C7016373FC00E28713FC75
:101BE000F70F8357E70113F7870001C713F70901C0
:101BF00031EF9D8BADC313F5F90031CDEFA03FA2BE
:101C000083A70A007D159379F50F03D5E7011D8998
:101C1000EFA0FFA07D151379F50FA947B307FC02CC
:101C200033879403636AF70C638C0C0C639C040C7D
:101C300081490149814B014A3DA0930C4002114A60
:101C40008D4B79B7814C014A814B59B793074002BC
:101C50000D499149E1B7814701498149C1B78144A3
:101C60008149854B054A2D46A2851725FF1F13057F
:101C7000F578EF008FDE89454808EFE07FA38145C6
:101C80004808EF400FCA83250B004808A5818589C5
:101C9000EF402FC9DE854808EF40AFC8CE85480821
:101CA000EF402FC8A6854808EF40AFC7D24515467C
:101CB0001725FF1F130545758505EF000FDA480846
:101CC000EFE0BFA0E31005E02686CA855285EFE06D
:101CD0009FDD01C50945EFF08FC183270B00A58368
:101CE000858B89C783A70A009C5B829783274B005B
:101CF00099CFEFF01FACF9B3E284894B0D4AA5B739
:101D000081443DB7DE8952898D4B094AA9BF83279B
:101D10000B0093E707401727FF1F232DF7645DB3E0
:101D2000EF020FCF834745002A891725FF1F034580
:101D300075776316F500EFE09FC86F00AFD01724EA
:101D4000FF1F13042463832984132E85AE84EF4080
:101D50008FCB2392A9008347490026851727FF1FB1
:101D60002302F774EF404FC69727FF1F238EA772F9
:101D70008327841303D7470009E70945EFF02FB7FE
:101D80006DBF83D76700E3EAE7FE83475900898385
:101D900081C7D146E3F3E6FE1727FF1FA305F770BF
:101DA0001725FF1F03452570137715009307F00FC4
:101DB00005C31345F5FF1375F50FEFA05F867D157D
:101DC0009377F50F1727FF1F0347F76DE367F7FAC0
:101DD0001727FF1F0347276D11C3BA870345590013
:101DE00009811307150005453315E5007D157D8D27
:101DF0009727FF1F2389A76A8327841303D64400EC
:101E00008C408843EF006FC58347241393F7E70F97
:101E10001727FF1F2309F7688DF3EFF0CFB231BF0B
:101E2000EF02AFC003450500EFF0AFA66F002FC271
:101E3000EF02AFBF01449724FF1F9384A43E59498A
:101E4000EF30EFFD6344A4006F006FC0330524033F
:101E500083A7840A3E958357050081C78545EFE037
:101E6000DFEE0504F1BFEF02AFBAAA8401441729DF
:101E7000FF1F1309293BD949EF306FFA6345A400CE
:101E800001456F002FBC330534038327890A3E9533
:101E90000357050063E7E40083474501BA97E3C2AF
:101EA000F4FE0504D1BF9727FF1F938767669C4305
:101EB000DC5F91C7EF026FB782976F004FB98280E6
:101EC0009727FF1F9387C7649C43BC4391C7EF02CA
:101ED000CFB582976F00AFB782809727FF1F938798
:101EE000674998439316170163D30608EF02EFB3CF
:101EF000804701498345440103550400EFA07FE575
:101F000083474401634BF9022285EFE00FD0972706
:101F1000FF1F23A50746FD5701451727FF1F230570
:101F2000F748EFF00F97034644018355040003552B
:101F30002400EFF0FFF86F008FB1035504009314F5
:101F40000901C180269542054181EFD08F8E03554E
:101F500004000509269542054181EF20C02C035558
:101F60000400269542054181EF20002C51BF82805C
:101F70009727FF1F23ACA7588280EF020FAB97274C
:101F8000FF1F9387273FDC436D54639FA700EFE05B
:101F9000DFE29727FF1F9387A7579C432A849C5F04
:101FA00081C781450945829722856F004FAAEF02BC
:101FB000CFA79727FF1F9387E73BC84309C5EFF0DB
:101FC000DFFB6F00CFA825459727FF1F238D074C08
:101FD000EFF02F8CFDB79727FF1F93876753884338
:101FE00082809727FF1F9387E738884309810589F7
:101FF0008280EF028FA341112A84EFF09FFE2DC94A
:1020000003574400954763F8E7062285EF40EFA2A7
:102010002AC42285EF404F9B2306A1002285EF4072
:10202000AF9A9727FF1F9387E7349843A306A10031
:102030000983058B11C783A6C712A247639DF602C9
:102040000D8997A700009387676A0E05B386A700DE
:102050008355440003C6560063EFC50001E703C77C
:10206000460011EBAA979C43A2852800829721A0E5
:10207000EFA05F9451D541016F006F9D9727FF1F1F
:10208000938707499C43FC4391C7EF020F9A8297BD
:102090006F00EF9B8280EF024F9997F5FFFF9385CA
:1020A00025F41725FF1F13056542EF2080326F00CE
:1020B0000F9A15C5EF026F972A8497050000938544
:1020C00045EF1725FF1F13056542EF208030972746
:1020D000FF1F23AF8742EFE05FCE6F004F977D5524
:1020E0008280A9E182808327090013171400BA9720
:1020F00083D70700638697020504EF302FBEE344C1
:10210000A4FE0144EF308FBD635CA40003270900E7
:1021100093171400BA9703D7070019EB2390970081
:102120006F00EF92EF026F902A89AE840144F1B7FD
:102130000504C9BFEF026F8F4111AA8401442EC666
:10214000EF30CFB9B245635CA400984093171400F8
:10215000BA9703D707006317B70023900700410120
:102160006F00EF8E0504E1BFEF022F8C9727FF1F52
:10217000938787419C432A87AE86328889CF9728E8
:10218000FF1F9388284003A30800894863151301A3
:1021900082976F00CF8B9727FF1F9387A73F9C43A2
:1021A0000145E5DB9727FF1F9387C73D9043854790
:1021B000E311F6FE4286B6853A85EF20DFD7D1BF20
:1021C000EF020F852E8A3284AA89EF20DFD575159C
:1021D0008357440093140501C1801379FA0363FE09
:1021E0009700CA852285EF303FE9035644000C4032
:1021F0004E85EFF07FF76F00EF8493650904228529
:10220000EF309FE70C4026864E85EFF0FFF5A68560
:102210002285EF30FFE7136909088357440099CFFF
:10222000850763DF970093650A0C2285EF30DFE4B2
:10223000035644000C404E85EFF01FF3014565BF87
:10224000CA852285EF305FE30C4026864E85EFF08D
:10225000BFF1A6852285EF30BFE3C1B7EFF2FEFCE8
:1022600079713C083EC6B70717002A84AE843EC881
:1022700068003C0885453ECAEF406F806C002685AB
:10228000EF303F84700085452285EFF07FF3456194
:102290006FF0FEFBEFF27EF9EF304FA489450605A3
:1022A000EFA00FBAE55711C59727FF1F23A4A72852
:1022B00081473E856FF0BEF99727FF1F9387472719
:1022C000985B239607021725FF1F1305E52898D76B
:1022D00082801727FF1F1307A72518436316A7023D
:1022E0001727FF1F0347472575179387D5FF133718
:1022F000170093B71700FD566319F700EFF2FEF2CF
:10230000EFF01FEC6FF0BEF4ED5636858280EFF2F1
:102310003EF005EDC16401441729FF1F130989F040
:102320009309400EFD1421A8330534038327090BBC
:102330003E958357C50163839700D13F0504EF3075
:10234000EF9BE343A4FE6FF0FEEF9727FF1F9387F9
:10235000271EAA85884365D9EFF05FF0EDB7EFF24D
:102360003EEB79711C083EC2B70720003EC417241B
:10237000FF1F1304E41B1C083EC61C40D9C31727CB
:10238000FF1F0347671B8947AE842A896315F7043B
:10239000814911A85C4013971900BA9783D70700A9
:1023A000638197068509EF306F93E3C5A9FE8545E4
:1023B0004800EF30DFEC0356490083250900480050
:1023C000EF305FD4084050008145EFF09FF00545A5
:1023D00045616FF03EE7C167FD17E38AF5FC85476D
:1023E0006311F702814911A85C4013971900BA974D
:1023F00083D70700E38D97FA8509EF302F8EE3C569
:10240000A9FE0145F1B723000502232205028280BF
:10241000EFF2BEE185472300F5022A84EF207FAF6B
:102420009727FF1F938707E083A7070B48D017253F
:10243000FF1F1305250E1D8CB7F723B8938797E070
:1024400009843304F4029727FF1F23A18714EF2088
:1024500000036FF0DEDFEFF2BEDBEFA0AFD5E95790
:1024600005C1C16401441729FF1F1309A9DB9309A2
:10247000400EFD14094AEF306F886346A40081477F
:102480003E856FF03EDC330534038327090B3E9510
:102490008357C5016388970083470502638447011A
:1024A000EFF01FF70504C1BFEFF23ED8834705FEEA
:1024B00085466398D7001305C5FDEFF09FC26FF006
:1024C0001ED98946E39DD7FEFDD91305C5FDEFF062
:1024D0007FC6F5B79727FF1F9387C70A98433DCF5D
:1024E0008546F157631DD706EFF23ED49727FF1FAD
:1024F000938707042A8788433E8405C99726FF1FD0
:1025000083C686038D476392F60239E39727FF1F40
:10251000938747089C4395EB9727FF1F238E07005F
:102520001C4003D50700EF20FFA3EF201FA51725B0
:10253000FF1F130525FE9727FF1F23A50704EF1094
:10254000F07681473E856FF09ED0EFF01FA3E9B78C
:1025500003550500CD45EF203FA0D9B7F9573E857B
:1025600082809727FF1F9387E7019C437955BDC35E
:10257000094771556383E7008280EFF21ECB172471
:10258000FF1F1304E4FA184015C3834784008546EF
:10259000FD1793F7F70F63EBF60003550700CD45E2
:1025A0009727FF1F238A07F8EF201F9B1C4003D5A6
:1025B0000700EF20FF9DEF201F9F1725FF1F13052A
:1025C00065F59727FF1F23AF07FAEF10306E01451F
:1025D0006FF0FEC7828015C1EFF23EC51C41AE848C
:1025E0002A8489C72E860145814582975C4081C730
:1025F000A685014582976FF09EC58280EFF2FEC2EC
:1026000097A70000938747999C43AA8501459C475B
:1026100082976FF0DEC3EFF25EC12A840345850125
:102620009307F00F6314F500EF604FD19307200379
:102630003305F5020328C4018146014793050002D2
:1026400093076509034574017D8905053356D80054
:10265000058A01C605071377F70F8506E398B6FECE
:10266000198D130740063305E5023E959307C01206
:102670006354F5001305C0126FF07EBDEFF25EB932
:102680001C4D03548500B28995834E04858B4111FE
:10269000AA842E894D80314691C3214633072603F3
:1026A00083D74401998F6344F60013F6F70F83C56F
:1026B00064014E8532C6EF30DFA69C4C9355640012
:1026C0004E85860793F70708DD8DEF309FA50A0436
:1026D00093553900C18D93F5F50F4E85EF307FA4EA
:1026E0009C4C931559004E85FD8BDD8D93F5F50FB0
:1026F000EF303FA3DC40931529003246BE958C4154
:102700004E85EF303FA041016FF0DEB3EFF25EB0D7
:10271000AE8A8345A5002A84B28905450146368ADA
:102720003A8BEF205FB53DC19304C5002A89A545CA
:102730002685EF30DFB4630D0B0483450B0093F562
:10274000F5072685EF30FF9D03D64A0083A50A00D2
:102750002685EF303F9B9727FF1F9387E7949C4385
:10276000C9C750401C40835584000356460003D51A
:10277000C70105478146EF801F8215E95C408397BA
:1027800047006354F0064A85EF307FB96555A1A82C
:102790005C400547814583D727008D07C207C18369
:1027A000E371F7FA0C44E98193E5050459BF9727D3
:1027B000FF1F9387278F83A807000548A687054733
:1027C0008146014681452285829805C15C408397F8
:1027D0004700635CF0004A85EF307FB44E85D285B8
:1027E000EFF07FDF01456FF0FEA5D2864E86CA85E9
:1027F0002285EFB0AF80C5BFEFF29EA12A841305FA
:1028000045022E89EF10904A9727FF1F9387C789AB
:102810009C4395CB8307740163D707020346740179
:10282000054581457D8A0506EF70005E5C4C7D158F
:10283000638BA700035624018355040108409306C7
:102840008400EF80DF8781445840939924004E979D
:10285000084319C5EFF09FDA5C40CE9723A007002C
:10286000834774018504FD8BE3D097FE8347740191
:1028700093F7F7FBA30BF400630B090081470148B2
:10288000232004001CC423260401232804006FF025
:102890007E9BEFF2FE979C45AA842E84B2892392F8
:1028A00005009CC10149DC4013172900BA97D8489C
:1028B0008C43A1479316270063C30600B1473387B3
:1028C000270303D64401198E63D3C7003E862285B1
:1028D000EF305F8383C774010509FD8BE3D527FDC6
:1028E00083C7740193F7070291EB83574400214794
:1028F000639309001147998F2312F4006FF09E949F
:10290000EFF2BE922A83084103DE05004111035510
:10291000C5016313AE0603454301098911C503C50B
:102920004500138E650119E1138E550083450E0095
:102930001377F7037D55639EE502BE85B687832630
:1029400043014285468713F816009726FF1F93869A
:10295000668D94428358A30032C0B3860641035863
:10296000830036C22E86AA86814513051E00EF70AD
:10297000DFD641016FF0BE8D7D55E5BFEFF25E8978
:102980002A84035585004111BE89AE8A328AB684F5
:102990003A89EF10BFE1E15739E103558400EFF0C8
:1029A0008FCCFD570DCD5C488358A4004E8713F89B
:1029B00017009727FF1F9387E7869C43CA8656C058
:1029C000B3870741035884003EC22686D2878545D7
:1029D0001105EF709FD03335A000B307A0403E85AE
:1029E00041016FF03E86EFF25E842A841305850272
:1029F000EF10D02B81471CC483578401014823204A
:102A00000402C607C58323220402232004002326D0
:102A1000040123280400231CF40081448347A401FB
:102A20009DC75840139924004A97084301CDEFF001
:102A3000FFBC5C40CA9723A007008347A401FD1791
:102A4000230DF4001C4C8504FD8BE3D997FC17176C
:102A5000FF1F1307277D1C47230D040093F6F7FD86
:102A60001716FF1F2324D67C93F7070289CB084350
:102A70008145EF90FFFC01C50145EFA0EFA36FF08A
:102A80000EFDEFF20EF8832A0502032A4502AA84FE
:102A9000AE8901490144172BFF1F130B6BB0930B39
:102AA0008004EF20FFA9634BA90201CC8357840166
:102AB000814513058402C607C583231CF400EF106B
:102AC000701D2685EFF03FF263880A0083A74A0055
:102AD00081C7D2854E8582976FF02EF6B3077903B2
:102AE00003270B00BA97638DF4020397870163599C
:102AF000070283D6070103D704016393E60283D656
:102B0000270103D72401639DE60009CC5444D8472C
:102B1000636AD7006396E600144498476364D7005D
:102B2000050941B73E84EDBFEFF28EEE1841797191
:102B3000231001028357C701231101023AD2231C3B
:102B4000F1008357850103476501231F0100EA0750
:102B5000FD87231DF100835725010A07231EF1007D
:102B6000930700F8A300F1028347B5012301F102A6
:102B70003C083ED4835705012316F10283477501B3
:102B80002307F1021C4D9D83858BD98FA307F1028A
:102B90008347D50195CBF1742A8417A90000130946
:102BA00069BD9384F40F184C9357870093F7F7038C
:102BB0007D8B6371F7028357840171771307F70FD9
:102BC000F98F231CF400A5A0A555EFF09FEB4561FC
:102BD0006FF04EE758408A07BA979C43D1C38345AC
:102BE000740101460545EF200FE9AA8929C11306A2
:102BF000C5003285A54532C6EF306FE80C4C324631
:102C00002285A18193F5F503EFF05FA78347C40107
:102C1000A2864A868507230EF400CE854810EFA0D1
:102C2000FFBD1DCD8347C401FD17230EF40083476C
:102C3000C4018DE383172401130584029305200347
:102C40006358F0008347B401B385B7029385051933
:102C5000EF1050048347D401FD17A30EF40085BF85
:102C60001C4C03578401A183850793F7F703A20740
:102C7000658FD98F231CF4003DB7EFF20EDB1305EF
:102C800085FDEFF07FEA6FF08EDC0347A50139CFB9
:102C90000347C501AA877D171377F70F230EE500B9
:102CA00031E7EFF28ED883162501634AD00003473F
:102CB000D50111E78145EFF0DFDC6FF04ED903D687
:102CC00087011167130707F0718F1385870281450C
:102CD00019EB930520036358D00083C7B701B38570
:102CE000B70293850519EF10E07AC1BF8280EFF239
:102CF000CED32E85EFF07FF96FF06ED5EFF2EED2E6
:102D000083578601AE84328413971701634E070000
:102D10001C5299CB9C4389CB505282978357840194
:102D20001167D98F231CF40081C42285EFF0FFF5D1
:102D30006FF0EED1EFF2EECCAA8413F5F5073289ED
:102D400015CDA947630BF51883C74401014493F7D8
:102D500007049DCB9717FF1F93878734984363061B
:102D6000071C9717FF1F9387E74B9C5F9183858B09
:102D7000639D071AA68502972A8439A00357460047
:102D8000954763E6E7007D5422856FF00ECB3285D0
:102D9000368AEF304FC79317150193D9370197172C
:102DA000FF1F938767309C43935AF500C20A93DA5A
:102DB0000A018DCB8387440163D60702DC4813F7F1
:102DC00017009717FF1F9387E7459C43998F13D7E9
:102DD0008700E207B3E737012320FA002322EA0045
:102DE00001445DB74A85EF304FC5096B83DB840032
:102DF0002A898144171CFF1F130C8C7A930C8004C2
:102E00007D1BEF20EFF3E3D0A4F8338494038327F2
:102E10000C003E9418445444B3776701639037051F
:102E200083572401638D7701638A0A021C4C034691
:102E3000A401FD8B85076313F60223197401831720
:102E40002401E352F0F42320EA002322DA0063197C
:102E50000900A9552285EFF0DFC259B7850455B79F
:102E60004A85EF90CFFB1C4C7D15FD8BE3CDA7F081
:102E700013058402370A0040EF1040637D1A854A2B
:102E80004A85EF908FF701E98347A401A9C72285FE
:102E9000EFF09FC9B1B75840B30745018A07BA9709
:102EA0009C439304F5FF8DC393F9F40F8A094E9761
:102EB0000843EFF0AFF45C40BE9923A009008347BC
:102EC000A401FD17230DF40033959A001345F5FF77
:102ED0003379A90075B78145B5BF035746008947C7
:102EE000E3F3E7EA03D7A4009717FF1F83D7C76A66
:102EF0000144E31BF7E83285EF300FADAA894A851C
:102F0000EF306FB0D04493F9F907AA862182937706
:102F1000F60705461D8E83D5A40003D584004E9682
:102F20001376F60FEF502FFB85B59717FF1F93878A
:102F3000A72D9C436154E38907E44A86A6858297BE
:102F400025BDEFF28EAB7971AA8A2E8A32C0368BFC
:102F50003A848144014D01499719FF1F93894964BF
:102F6000930B8004EF20CFDD63CCA414F1546305F0
:102F70000D1403A64A00630504188347040093E771
:102F800007F8230BFD0083D78A0003574A00B335A7
:102F900080002318FD0083574600A1492319FD0036
:102FA0009307F7FF11E0B149B3C7370383568D018B
:102FB0001715FF1F13050527231AED00819A9605A3
:102FC000FD8BDD8E231CDD008507230DFD001C45D8
:102FD00003284500898313F717001C41998F13D7E5
:102FE0008700E207B3E707012324FD0083A70A0057
:102FF0002326ED0023226D032320FD00824723209A
:10300000FD0293070040231EFD0083C7AA00A30B07
:10301000FD0003A78A004D839377070413F7F6FB9F
:103020005D8F231CED0083C7BA001377F7F7931663
:10303000F900858B9E075D8F93171701C583D58F88
:1030400013D78700231CFD0093770708A30CFD000E
:1030500083578D011307F00F93F7F7FDCD8F231CD6
:10306000FD008347A6002AC2639DE70AEF501FAD0B
:10307000A30DAD009714FF1F938404039C40130C11
:103080008D006388071683270D0003278D010356E3
:103090002D0183D58A0003D5C7017D8B0507E28604
:1030A000EF707FEF6317051483172D016353F0143E
:1030B0006A85EFF05F93E554268545616FF0AE9722
:1030C000B387740303A70900BA9703C7A7010DC705
:1030D00003D68A0083D607010147631BD60003A7E6
:1030E0004A0083D72701035747001D8F1337170066
:1030F0003369E9008504BDB5E31E0DFE3E8DDDBFDD
:103100008357260005478D07C207C1836365F70013
:10311000930700F8BDB583A78A00E98393E707FC0E
:103120008DB5A30DFD00B9B73247035CA10063F371
:10313000E7003E8C83A70C00420C135C0C019C43FF
:1031400062D001460C1001458297AA8935D1E285EB
:103150005285EF203FF56286AA854E85EFF0EE8F0F
:1031600083274D00131C2400E29723A037019C40C5
:10317000A1CF1C103ECAB70710003ECC50081C104F
:10318000A2856A853ECEEFF06FCF03278D010946F9
:103190007D8B6303E400054603AE0D0005485C0823
:1031A0000507DE8681455685029E19CD83A74A0014
:1031B00083974700635AF0004E85EFF02FC48327B2
:1031C0004D003E9C23200C0005041374F40F83571C
:1031D0004A00B9FB9C40A9C383274D009C438DEF57
:1031E0006A85EFF05F800245DA85EFF0CFBE81445B
:1031F000E1B5814B11E0E28B93970901C183014452
:10320000231531013EC6979C0000938CECD8971D86
:10321000FF1F938D2DE965BF63050900EF90FFAD9A
:10322000F9B76A85EFF05F909717FF1F938707FE46
:103230009C438144E38207E892479C5F9183858B9E
:10324000E38C07E6EF908FA385BDEFE21EFEEF2033
:103250002FAF930780043305F502A145EF904FBED1
:1032600001E565556FE0BEFE9717FF1F23AAA73241
:1032700001449714FF1F9384A43213098004EF20A4
:103280002FAC6369A402EF20AFACA1451A05EF9003
:103290002FBB61D99717FF1F23A2A7300144B14468
:1032A0001719FF1F1309892FEF208FAA6364A40247
:1032B00001454DBFEF20CFA791450A05EF904FB8CC
:1032C0004DD1330724039C4005041374F40FBA97BF
:1032D000C8C375B7EF20CFA8335595029145420575
:1032E00041810A05EF90CFB52DDD83270900131723
:1032F00064000504BA97C8C31374F40F75B7EFE2FE
:103300003EF1C1642A8901449719FF1F938989F10D
:10331000130A8002FD14EF206F9F6345A40001454E
:103320006FE05EF23305440383A7C90A3E958357D5
:1033300005006386970083572500E38327FF050474
:10334000D9BFEFE29EEEC167BA841387E7FF411150
:103350003684639BE500238004009717FF1F938743
:10336000E7F51CC081471DA8F5172A896391F5046C
:1033700032852EC632C4EF106FC371FD9717FF1F41
:10338000938747FF9C432246B2451397170163502A
:1033900007023285EFE03FAD11E5FD573E85410163
:1033A0006FE0FEEA110508C02380040065BFE30654
:1033B00009FE2E85EFF0BFF4E1576DD10347F90107
:1033C0008947631DF7008347450089CB9307750143
:1033D0001CC0834765012380F40069B7930765002B
:1033E0001CC083475500C5BF83D7450099E77D556D
:1033F00082807D5505616FE0FEE4EFE27EE1130718
:1034000000182A8401112D55E366F7FE2E85B68932
:103410003289AE84EF20FFCA8D47E3FCA7FC03DAB4
:103420004400EF20AF8F11055C406358450103C78E
:103430009700136707F8A384E70003D6470083D5F6
:10344000270008401307B1017408EFF09FEF5DF10A
:103450008347B101139727008347B4008D8BD98F21
:10346000A305F4005C408387970063D90700268595
:10347000EF203FC513358500134515008347B40081
:1034800006059166F59B5D8D5C40A305A400014790
:1034900003D54700A167A98F63F5D700EF508FF8D8
:1034A0002A875C409716FF1F9386C6D783A806001D
:1034B00083D5270003D847009C4610448D05898397
:1034C000858BB387F8403EC0C20583A8460083576A
:1034D000840072456582C181A686058A93B5250060
:1034E000EF700F97E31805F05C400147CE868387A5
:1034F00097004A86A685228563D50700EFF07FA452
:10350000D5BDEFF0AFA0FDB5EFE23ED232883A86EE
:103510001397060101114183A307B100231CE100A9
:10352000231DE10042CA42CEAD45584163F8D500A3
:103530008345970093E505F8A304B700FD562311D2
:10354000D70003079700635B07001307F100BE86EF
:103550004C08EFF01F9F05616FE07ECF1307F1006D
:10356000BE864C08EFF08F9AFDB7EFE27ECA3E842C
:103570008357C5010111231901002314F100FD57E0
:103580002315F1003C002ACA23170100231801006B
:103590002316C1002309D10002CE3ECC2E89BA8960
:1035A000C2842E8563040800EF10CF92231EA10071
:1035B000EF50AF999717FF1F9387C7C69C5F230FE4
:1035C000A10001459183858BADE34209135909415F
:1035D000635D200503D709001398F40099464E0750
:1035E0004583336807019317880042081358080180
:1035F0001358880033E807019357040113D7870055
:10360000A301F100931784004204418021805D8C66
:103610002301E100814701470A86814548082310BC
:10362000010123128100EFF03FEE05616FE09EC1C2
:10363000EFE2BEBF2A849304C5FDEF109F8D832760
:10364000C4FF1D8DBD67938707A663F8A70081455A
:103650002685EFF06F9A6FE09EBF032804FF835525
:10366000E4FE832784FF834644FF0356C4FE0325FC
:10367000C4FD1358F801130744FEEFF01FEF268531
:10368000EFE07FF9AA852285EF00D060E9B7EFE28D
:10369000DEB901112E89AA84EF509FD42A84FD57E8
:1036A0002315F1008357C402035545032319010074
:1036B0002316F10083471403231701002318010088
:1036C0002309F1002314A10002CA02CC02CEEF901C
:1036D0004FAF2ACA08403C003ECCEF10AF9E835744
:1036E0000500231EF100EF504F868357C402230FBD
:1036F000A100B1CF834714032302F100EF502F92B2
:103700007D1513341500EF50CFB485476314F500D1
:1037100013642400EF50EF9185476314F5001364A0
:1037200044009717FF1F9387E7AF9C5F9183858BBA
:1037300099C313648400CA8726878D465000A94523
:103740004808A302010023038100EFF0FFDB0561BD
:103750006FE0FEAFEFE27EAD81450145EFF03FF354
:103760006FE0FEAEEFE27EAC01449714FF1F93843E
:1037700024E313098004EF10BFDC6345A400014576
:103780006FE0FEAC330724039C40BA9783C7A701C0
:1037900099E30504CDB70545E5B7EFE21EA9AA8474
:1037A00001441719FF1F1309E9A7EF103FCD635319
:1037B000A4028327490B131534003E958357050057
:1037C000639C9700231005002322050023010500B8
:1037D000EFC01FBC6FE0BEA70504C1BFEFE25EA350
:1037E0002A842E89EF109FCB19C1014565A083471C
:1037F0004401414793F60703E389E6FE93F7070484
:10380000EDD7EF10BFC775D181448149171AFF1F4B
:10381000130A4AA1EF109FC663CCA900EF101FC680
:10382000639BA90E81449719FF1F9389A99F89A8BB
:1038300083274A0B93943900BE9403D7040083571F
:103840008400E30DF7FC8509F1B783A7490B1395B5
:1038500034003E95835705009DE36305090023204E
:10386000A90061B7835784002310F5001C485CC190
:103870005C48858B2301F500EFC09FB1BDB785047F
:10388000EF10DFBFE3C3A4FCEF105FC08547630503
:10389000F50005456FE01E9B9714FF1F83D4E4CF0E
:1038A0001717FF1F13070798939734008324470BBC
:1038B000BE9403D50400EFB0CFF703D50400EFF0BA
:1038C000DFED630C0902232099009717FF1F83D7B0
:1038D000C7CC85071717FF1F2311F7CCEF101FBAAE
:1038E00042059717FF1F83D747CB4181E3EFA7EE30
:1038F0009717FF1F239307CACDBD835784002685E2
:103900002390F4001C48DCC05C48858B2381F400C4
:10391000EFC01FA85DBF8347440103C72400858B08
:1039200099C725DBD8401C48E375F7F611A07DDB6D
:1039300063050900232099004DBD83578400268527
:103940002390F4001C48DCC05C48858B2381F40084
:1039500025B7EFE29E8A03584500217102D29147B4
:10396000832B050063E707017D594A8539616FE0C4
:103970009E8C2E842A8A4C102285BA8DB689328C70
:10398000EFF0DFE575F185455285EF206FF0528548
:10399000EF207F8713193500098189644205418131
:1039A000938CF4FFB37495015285EF20FF81137956
:1039B0008901935755003369F900137DF501137997
:1039C000F90F137BFD0FE3612BFB5C481848971A36
:1039D000FF1F938A2A8593F6170083A70A00B30472
:1039E0009740B3F49401958F93D68700B304974022
:1039F000E207DD8C23A2D90023A09900930C1B00C1
:103A000023809D01814636CEEF109FB4F2461718F1
:103A1000FF1F1308A8B863D0A60483270800939457
:103A20006600BE9498481C446316F706D84483A7E2
:103A300049008C4403A609006366F7006390E748D9
:103A400063FEC54683C7740193F70704A1C7854584
:103A50002685EFE07FDA5C4821478D83858B91E3F3
:103A60003147B3046703EF10BFAF63C4A404032856
:103A700044018346E400035684008355A4000840B3
:103A8000135878001378180081474E87EFF0FFAD88
:103A90002D59E1BD850685BF835784002310F500AD
:103AA0001C485CC15C48858B2301F500EFC05F8E2C
:103AB00049A19707FF1F9387275F9C4381EF814DA3
:103AC000EF101FA99717FF1F938747AD63CBAD0476
:103AD0005D5961BD5C481307000893F7070CE3903C
:103AE000E7FE1C4003C70D000356A4008355840065
:103AF00003D5C701CE86EF700FCA71F103284401C8
:103B00008346E400035684008355A40008401358FC
:103B100078001378180081474E87EFF01FA565598C
:103B2000A9B5984393946D00BA9403C77401937632
:103B3000070499C2850D69B713670704A38BE400D6
:103B40001C409CC05C488A0793F607029377F7FDF8
:103B5000D58FA38BF40003A6090083A64900819B9F
:103B6000B3E7A701A38BF40090C4D4C403C70B0030
:103B700093F7F707238BE4000347E400238CE4006A
:103B8000035784002398E4000357A40023AE0400E5
:103B90002399E400584813770708D98FA38BF400C2
:103BA000DC4CB3D72701858B63950738DC48035776
:103BB0004A00F583858B6317690B93160901C1824F
:103BC000214691E33146B387C6023E97239AE4002B
:103BD000EF102FB4138D440288D06A85EF001001D6
:103BE00009ED83A78A039183858B81EB2685EFE01E
:103BF0009FA2AA856A85EF00F0095C4821478D8362
:103C0000858B91E33147DC40BAC01787000013076A
:103C1000A7381843931D2900130B01041843EE978E
:103C20000146DA8501453ECE0297F24788C3DC4063
:103C3000BE9D03A50D000DED032844018355A4008E
:103C40008346E40003568400084013587800137834
:103C5000180081474E87EFF05F9185452685EFE09C
:103C6000BFB975BDA14691E3B146E383E6F6EDB970
:103C700003564A0083250A00054A33192A01EFE05A
:103C8000CEDDDC4C668605453369F90023AE2401A0
:103C90008145EF6060177D156306A90023204C0164
:103CA0000149E1B1125509CD835784002310F50075
:103CB0001C485CC15C48858B2301F500EFC04FEDCB
:103CC00089472320FC006A85EF00407E03A8440159
:103CD000DC4C8346E400035684008355A40008406E
:103CE0004E871358F801EFF05F888347440113F7BC
:103CF000870005CBB707000101464C1826853EDC3E
:103D00005ADA5ADEEFE0FFB883C50B00CE865018B2
:103D10002285EFF02F822A8981452685EFE0DFADED
:103D2000A9B183C91B0003AA84003707800183CC93
:103D30000B00220A3AD693D979005AD45AD8135A8A
:103D40008A0083D6440125476393090015477D59AE
:103D5000E3C4E6FC1707FF1F13070735184311C715
:103D600093F7070499E3014945BF0355A400A167F0
:103D70001167A98F814B63F5E700EF40BFEAAA8B7B
:103D800093D76C00858BBDCF114C63830900214C08
:103D9000420C135C0C01014B130D8002EF100FF766
:103DA00093170B014205C1834181E3FEA7FA03A3E8
:103DB000CA0AB30DAB034E862C1026851ACEEFE04F
:103DC0005FADA25783A5CA0A930841033EDE3EDADF
:103DD00083D74401130881026687B3878741231D77
:103DE000F102DE86CE875286EE952285231C0102E3
:103DF000EFE01FB12A89050B55F172439A9D83D7D5
:103E00002D0075A09707FF1F9387C7569C431397F4
:103E10001701635007044E862C102685EFE07FA71C
:103E2000A25721473EDE3EDA83D74401639309005F
:103E30001147998F231DF10238105C18CE865E86DB
:103E4000D2852285231C0102EFE05FB32A89F55752
:103E500039CD4E862C102685EFE0BFA3A25721470F
:103E60003EDE3EDA83D74401639309001147998F00
:103E7000231DF1025C4852C0341013F7170083A7CA
:103E80000A004E868545998F3EC28358A400035888
:103E90008400DE8758181705FF1F13052542231CD1
:103EA0000102EF609F832A89F957E31705E6231380
:103EB000F4004C182285EF009FD5B9BDE3E6E7AAD0
:103EC0006314F700E362B6AA03C70B0083C764015B
:103ED000E31CF7A803AD440193578D01FD8BE395D7
:103EE00067A95C481357DD01058B8D83858BE31D26
:103EF000F7A683C7740193F70704E39307CADC4C62
:103F00006686054581453ECEEF501070F2477D151F
:103F1000E39CA7A48346E400035684008355A400D1
:103F200008401358FD014E87EFF02FE41255E315BA
:103F300005B679591DBC9707FF1F239FA764828090
:103F4000EFE2AEAB3971FD57170AFF1F130ACA150E
:103F50003ED683270A007D573AD402D2A30101023C
:103F6000AA842E84638707109C4183D5A50003D5BE
:103F7000C701EF605FFE834744011E0593F7F70713
:103F8000C98F230AF400A5452685EF206F90970A74
:103F9000FF1F938AAA2783A70A008DC71707FF1F51
:103FA000130747281C5F9183858B89CF8347440182
:103FB00093F6070381EA5453214769596397E60A48
:103FC000918BC5C72685EF202F8F9C40AA8B03DCE1
:103FD00044008387070063D3070A5C48014993F7CD
:103FE000070CC1C71307310234105010A285268573
:103FF000EFF03F962A8983A70A0085C31707FF1FA2
:10400000130747221C5F9183858B81CB5853A147AF
:104010006315F7002285EF804FDC9C44C20B93DBD5
:104020000B01BE9B83270A0023A074012392840105
:104030008DCF8307440163DA0702631809029707EB
:10404000FF1F9387270683A80700A257FD56125625
:104050000347310201486395D71CB2566392F61CA0
:10406000A6878146A285014582984A8521616FE035
:104070008E9C83C7450193F7F70721B78547A301B6
:10408000F10263140C007D59BDB781452285EFF024
:10409000EFF475F92685EF202F9383474401AA8C0E
:1040A000A18B81CBAA85341026862285EFE09FC89C
:1040B00091B75C48014993F7070C95DFEF100FC6E5
:1040C00011054205418197D0FE1FE78040BFAA89B4
:1040D000630605142ADA231C0102EF102FC403D74C
:1040E00044001105231DA1024EDE914763E6E7005F
:1040F0004E85EF10F07B41BF83270A0091CB8347A9
:10410000440193F7070489E74E85EF10707AE5B50F
:104110000355A400A1671167A98F014B63F5E70060
:10412000EF405FB02A8B83D74400F1172392F4004D
:1041300093D76C00858BE1E39707FF1F9387872355
:104140009C431397170163510702F2570C482687C7
:104150003EDA81465C185A862285231C0102EFE074
:10416000FF812A89F55739C1F2578358A4000358B3
:1041700084003EDA5C48A686014613F717009707CD
:10418000FF1F9387270A9C4385451705FF1F1305CB
:10419000E512998F3EC21C485818231C01023EC0EC
:1041A000DA87EF608FD32A8925F1F9572313F400BA
:1041B0004C182285EF00BFA581BF93078002B3870B
:1041C000FD02032ECD0A1048930841032688668716
:1041D000DA862285231C0102850D3E9EF257F28568
:1041E00072CE3EDA8147EFE0AFF12A8911E9724ED3
:1041F00083572E0065BF814D170DFF1F130D8D02D4
:10420000EF10CFB0420593970D014181C183E3E6E2
:10421000A7FA4E85EF10D0690149F1BB5D59E1BBAA
:10422000A687341081B582808280EFE20E8001443F
:104230009704FF1F93848436EF108FB16344A40268
:104240009707FF1F938707FE03A4470BEF100FA3E9
:104250001316350081452285EFE08E81EFC02F9542
:104260006FD0FEFE88409317640085453E95EFE0D1
:10427000AFD80504D1B7EFD25EFB01449704FF1F0E
:104280009384043213098004EF108FAB6344A400BD
:104290006FD0FEFBB3072403884005043E95EFE092
:1042A0008FF4DDB7EFD2DEF601449704FF1F93844D
:1042B000242F1309800497F9FFFF9389499CEF107D
:1042C0002FA86341A40201449704FF1F9384042D87
:1042D00017F9FFFF13090936EF108FA7634EA400EB
:1042E0006FD05EF6B30724038840CE8505043E9563
:1042F00013058502F928E1B7884093176400CA8541
:104300003E9513054502F1200504F9B7EFD2FEF101
:104310001C452A84858BA1CF9706FF1F938686288C
:104320009C42014795C36311F4041C40D4420DE73D
:104330001707FF1F2328F7266316D4001707FF1F50
:104340002324F726232004001C44232C04000145C9
:10435000F99B1CC46FD0BEEF1CC3E315D4FE9707B6
:10436000FF1F23A3E724F9BF3E879C4365BF3105A8
:104370000926D9BF8589B1C1EFD23EEB1704FF1FD3
:104380001304442208401DC51C411707FF1F232B9F
:10439000F72058406316E5001707FF1F2326F72074
:1043A0001C45584193F6E7FF14C5858BE1DF79DBA7
:1043B0000297C9BF01456FD09EE901458280EFD2C7
:1043C000DEE62E8431468145EFD09EEA40C16FD0B3
:1043D0001EE8EFD29EE52A84EFF07FFE232604003C
:1043E00023280400232C04006FD07EE6EFD2FEE3E6
:1043F0003105D92A95473305F502A1473345F50222
:104400006FD0FEE49C4513E7170098C5858B8DE7B8
:10441000EFD2BEE15C4123A0050081EF4CC10CC18D
:1044200003458500854597E0FE1FE78080A16FD09A
:104430001EE28CC34CC1EDB78280EFD27EDD3559D0
:10444000634A06009C4DB2842E84AA8999C73159CB
:104450006387A7004A856FD0FEDE014919E52285F2
:10446000EFF0DFEA2A89E34705FE8E049545B3C5E0
:10447000B402232C34011305C4007122E1BFEFD232
:10448000DEDAAA851705FF1F1305C511EFF09FF7A8
:104490006FD0FEDBEFD27ED92E86AA851705FF1FCF
:1044A00013054510EFF07FF96FD07EDA1C4D99C7E8
:1044B000EFD2BED7EFF09FE56FD07ED97D558280D9
:1044C000EFD2BED617050000130505EBEF20C01292
:1044D0009707FF1F9387070D2384A70023A00700DA
:1044E00023A207006FD0BED697E7FE1F938747F041
:1044F00088436313F50001458280EFD21ED3EFF0AD
:10450000BFFEFD5711C11C453E856FD05ED4EFD272
:10451000DED1EFF07FFDAA87014599CB8047854525
:104520001705FF1F0345C508EF10D0723305A440DF
:104530006FD0FED1EFD27ECF41112AC68545170537
:10454000FF1F0345E506EF10906785451705FF1F20
:1045500003450506EF10F04D3246634C0600170583
:10456000FF1F0345E504854501EA97E0FE1FE7804C
:10457000408D41016FD0BECDEF10B04FDDBFEFD207
:10458000DECA930545FF4845EFF0DFE76FD03ECC2C
:1045900085898DC9EFD27EC9EFF01FF509CD544151
:1045A00018412324050098C254C323200500232268
:1045B0000500EFF0DFFCEFF05FF4EFF0BFF701452F
:1045C0006FD0FEC8014582801C4185CFEFD2FEC569
:1045D000AA84EFF07FF197E7FE1F938767E1DC4342
:1045E000014419E5EFF0BFF23305A4406FD03EC699
:1045F00018453A94E30895FE75D5E305F5FE0841A4
:10460000CDB701458280EFD25EC20CC52A84EFF09F
:104610001FF0AA84EFF05FED01C51C45858F1CC516
:10462000EFF09FEC97E7FE1F938787DCD04311E9FB
:1046300050C01CC0DC4380C397E7FE1F23AC87DA61
:1046400029A8144518446350D7025C413387E640DB
:1046500018C55CC008C080C340C1EFF01FEAEFF08E
:104660007FED6FD0DEBE158F18C4E303A6FC0841B2
:104670007DBFEFD29EBB1C41FD54B1C72A84EFF031
:10468000BFE62A89014563142401EFF05FE817E7CC
:10469000FE1F1307E7D558431C406308E40091C789
:1046A0001844098F88473A9588C7584081441CC3ED
:1046B000D8C3232004002322040063162401EFF052
:1046C000DFE3EFF03FE726856FD07EB8EFD2FEB58F
:1046D00017050000130505ECEF1010729707FF1F78
:1046E0002388A7EC6FD0BEB65971A2D6A6D4CAD281
:1046F000CED0D2CED6CC032A4500832A050083290A
:1047000085000329C500044940498323850183228C
:10471000C501DACADEC8E2C6E6C4EAC2EEC0968BBC
:104720009E8FA28E2688CA864E8F528ED6880147CB
:10473000178B0000130B8B041306000483CC0500B9
:1047400083C7150003C325009105C20703CCF5FFFD
:10475000E20CB3ECFC002203B3679301B36CFC00E2
:1047600013536800B307E100131CA801336C8301E5
:1047700023A09701131358019357B800B3E76700BC
:104780003343FC00135C980193177800B3E787016B
:10479000B347F3001343F8FF337CD8013373F301BD
:1047A000334383019A973303EB0003230300139CE5
:1047B000380111079A97E697DE971393E80193DB88
:1047C0002800B3EB6B0013D3D8003363830133C3EA
:1047D0006B0013DC6801939BA800B3EB8B01B34B18
:1047E00073013343EE0133731301337CEE01334322
:1047F00083019A9B3383D700DE97FA86FE8B63157D
:10480000C71697850000938565F7C146930B000492
:10481000138B16001377FB0090000A073297832D45
:1048200007FC9105139C9D0113DD7D00336D8D0107
:104830001397ED0013DC2D0133678701334DED0035
:104840001387E6003D8B0A073297832C07FC93DD24
:104850003D00334DBD0113D71C011396FC0013DC42
:104860003C01598E1397DC0033678701398E13F7AB
:10487000F600A506BD8A130C01048A060A07629792
:10488000E29603AC06FC832607FC93DCAC003346BF
:104890009601369C6A9C329C935663001316A301C2
:1048A000558E232087FD931653011357B300558F60
:1048B000B346E6001356930113177300518F358FDB
:1048C0009346F3FF33760301B3F6D601B18E3697E4
:1048D000D45D13D6270036976297139CE701336C9B
:1048E000860193D6D70013963701D18E7E97334633
:1048F000DC0093DF67019396A700B3E6F601B3CF20
:10490000C801B18EB3FFFF0033F6C801B3CFCF00AB
:10491000FE963306E701F68F3697728FDA86631CB0
:104920007B05229336545697D297CE984A9EB294DE
:104930001E98969E04C918C15CC123241501232624
:10494000C501232A6500232C0501232ED501A65479
:1049500016598659764AE64A564BC64B364CA64CF3
:10496000164D864D65618280F68F728FC28E468E9F
:104970001A88BE88E1B3C28E468E1A88BE883283FA
:10498000BA8779B525C5EFD25E8A1306000781453F
:104990002A84EF50EF99B7E7096A938777661CC0BE
:1049A000B7B767BB938757E85CC0B7F76E3C938790
:1049B00027371CC4B7F74FA59387A7535CC4B757D5
:1049C0000E519387F7271CC8B777059B9387C78835
:1049D0005CC8B7E7831F9387B79A1CCCB7D7E05B57
:1049E000938797D15CCC05456FD07E860145828048
:1049F00039CDEFD2FE812A84AE84014599C933892D
:104A0000C50019C69309F003130A840263159900BF
:104A100005456FD03E833C5485041387170038D476
:104A200083C6F4FFA2972384D702E3F1E9FED2857F
:104A30002285EFF07FCB1C505450232404061387AB
:104A40000720B337F700B69718D05CD0C1B701453F
:104A500082806309050EEFD24EFDAA842E840145A3
:104A6000E5C1B8559C51D05193163700BE96B3B7E7
:104A7000F600B29713051700DCD194D1930700F824
:104A8000A8D52E972304F702930780031389850284
:104A900063FFA70013060004098E81454A95EF5075
:104AA0002F89CA852285EFF03FC4232404062854A9
:104AB000130680038145098E4A95EF506F87835610
:104AC000040218505C5013968600A182D18E2313E5
:104AD000D4069356070161832302E40613D78700A7
:104AE000A301F4062301E40613D70701E183A3021F
:104AF000D4062300F406A300E406CA852285EFF05D
:104B0000BFBE8147930600023307F40018439104A7
:104B1000910713568701238EC4FE13560701A38EF7
:104B2000C4FE13568700238FC4FEA38FE4FEE39DCB
:104B3000D7FC2285130600078145EF407FFF05451E
:104B40006FD0EEF00145828011E282807D16B3873E
:104B5000C50003C70700B307C5002380E700EDB712
:104B60009707FF1F23A8A7A48280EFD20EEC1C4159
:104B70002A84B284858B014989CBB2862E86AA8588
:104B800097C0FE1FE78020882A89A685228597C0C6
:104B9000FE1FE7804085630A09008A04F114269409
:104BA0001C4037070080D98F1CC06FD04EEAEFD26F
:104BB0002EE6039A260093070002AE891304FA0139
:104BC0003344F40293844602AA85B28A4E8526862F
:104BD000054962046184A28697C0FE1FE780A08217
:104BE00011ED931754000149635AFA00D2854E859E
:104BF00097B0FE1FE78080753339A000A286268615
:104C0000CE85568597B0FE1FE780E07F4A856FD03E
:104C10006EE3EFD2EEDF011121462E842A8997B090
:104C2000FE1FE78060775C54A1460A863EC61C588A
:104C30008A850A853EC85C5802C402C23ECA1C5C12
:104C400002C03ECC5C5C3ECE97B0FE1FE780A07BEE
:104C5000AA84A1460A86CA854A8597B0FE1FE780C6
:104C6000807A1C58AA94A1463EC65C580A868A855A
:104C70003EC81C5C0A8502CE3ECA5C5C3ECC97B046
:104C8000FE1FE7804078AA94A1460A86CA854A8515
:104C900097B0FE1FE78020771C50AA94A1463EC023
:104CA0005C500A86CA853EC21C544A8502CA3EC46C
:104CB0001C5C02C802C63ECC5C5C3ECE97B0FE1FB8
:104CC000E78060745C50185CAA943EC01C543AC8DB
:104CD000585C3EC25C54A1460A863EC45C58CA85F4
:104CE0004A853EC63ECC1C503ACA3ECE97B0FE1F07
:104CF000E78060715C54AA94A1463EC01C580A86A5
:104D0000CA853EC25C584A8502CA3EC41C5002C8CD
:104D100002C63ECC1C543ECE97B0FE1FE7804072C8
:104D20001C58898CA1463EC05C580A86CA853EC282
:104D30001C5C4A8502CA3EC45C5C02C83EC65C502C
:104D40003ECC5C543ECE97B0FE1FE780606F5C584F
:104D5000898CA1463EC01C5C0A86CA853EC25C5C4A
:104D60004A8502CC3EC41C503EC65C503EC81C5412
:104D70003ECA1C583ECE97B0FE1FE780606C1C5C9C
:104D8000898CA1463EC05C5C0A86CA853EC25C50E6
:104D90004A8502C43EC61C5402CC3EC85C543ECA7E
:104DA0005C583ECE97B0FE1FE78080693384A440F4
:104DB00097D4FE1F9384846463470402854911E8F5
:104DC0002146CA85268597B0FE1FE780204B6307E2
:104DD0003503A1462686CA854A8597B0FE1FE7801F
:104DE0002066098CE9BFA1462686CA854A8597B008
:104DF000FE1FE78040612A94E34704FE05616FD0FF
:104E00006EC4EFD2EEC01D712A8432892E8A71469B
:104E100081454800EFD0CEC5830409008D475286F6
:104E2000A686D28508103EC097B0FE1FE780806836
:104E30008327C90A0C1022858297A6860A86A28536
:104E400022859309490097B0FE1FE780605F09C97A
:104E5000A6864E86A285228597B0FE1FE780A05ABF
:104E6000830609005286A285081097B0FE1FE780CE
:104E700060648327C90A0C1022858297A6861306D0
:104E80004908A285228597B0FE1FE780C05719E91F
:104E90002686A2854E8597B0FE1FE780203E854777
:104EA000630AF500A6864E86A285228597B0FE1F6E
:104EB000E780005925616FD0EEB8EFD26EB58384DC
:104EC000060019712A89AE8A3285A6853284B68990
:104ED00097B0FE1FE78060456319052CA6865686AD
:104EE000D685880097B0FE1FE780C05C83A7C90AFB
:104EF0008C000A858297838609000A86CA85880005
:104F000097B0FE1FE780005B83A7C90A8C000810DA
:104F10008297838609000A868A85880097B0FE1FDB
:104F2000E780405983A7C90A8C000A858297838647
:104F300009002286D685880097B0FE1FE78080573B
:104F400083A7C90A8C00568582978386090022862A
:104F5000A285880097B0FE1FE780C05583A7C90AC5
:104F60008C0022858297A6862286CA854A85138A66
:104F7000490097B0FE1FE780004919E92686CA85D7
:104F8000528597B0FE1FE780602F8547630AF500C2
:104F9000A6865286CA854A8597B0FE1FE780404A9A
:104FA000A6862286A285228597B0FE1FE780A045AF
:104FB00019E92686A285528597B0FE1FE780002C4E
:104FC0008547630AF500A6865286A285228597B09A
:104FD000FE1FE780E046A6862286CA85228597B016
:104FE000FE1FE780E04509C9A6865286A285228574
:104FF00097B0FE1FE7802041838609002286CA857C
:10500000880097B0FE1FE780E04A83A7C90A8C009A
:105010004A858297A6864A86CA85228597B0FE1F52
:10502000E780603E19E92686A285528597B0FE1F6B
:10503000E780C0248547630AF500A6865286A285CC
:10504000228597B0FE1FE780A03FA6862286CA85EC
:105050004A8597B0FE1FE780003B19E92686CA857E
:10506000528597B0FE1FE78060218547630AF500EF
:10507000A6865286CA854A8597B0FE1FE780403CC7
:1050800081454A8597B0FE1FE780402C63020512D8
:10509000A6865286CA854A8597B0FE1FE780A0364D
:1050A0002A8BA6854A8597B0FE1FE780C033939769
:1050B0002400F117CA9788437E0B3365650188C3C6
:1050C000838609004A86CA85880097B0FE1FE7805C
:1050D000603E83A7C90A8C0022858297A68610109D
:1050E000A285228597B0FE1FE780803509C9A68674
:1050F0005286A285228597B0FE1FE780C030A68623
:105100001010A285228597B0FE1FE780603309C981
:10511000A6865286A285228597B0FE1FE780A02E24
:105120000C10A68622862E8597B0FE1FE7804031A0
:1051300009C90C10A68652862E8597B0FE1FE780FF
:10514000802C838609001010CA85880097B0FE1F46
:10515000E780403683A7C90A8C004A858297A686D5
:105160000A86CA850A8597B0FE1FE780602D09C9A7
:10517000A68652868A850A8597B0FE1FE780A028FA
:105180002686A2854A8597B0FE1FE780E020268606
:10519000D685228597B0FE1FE780002026868A8567
:1051A000568597B0FE1FE780201F09616FD08E895A
:1051B000A6854A8597B0FE1FE780E02211B7EFD29F
:1051C0002E85AE8919712A89B6854E85B2843684BA
:1051D00097B0FE1FE780601511C9A2854A8597B078
:1051E000FE1FE780C01209616FD0CE852286CE8572
:1051F0000A8597B0FE1FE780201A2286A685081030
:1052000097B0FE1FE7804019A285880097B0FE1F67
:10521000E780E00F8547A2858810BEC097B0FE1FCB
:10522000E780E00E22860C100A8597B0FE1FE7800B
:10523000E00409E922868C004A8597B0FE1FE780CA
:10524000A01555B78247858B89EFA2850A8597B04F
:10525000FE1FE78040192286A6858800EFF0FF90A8
:10526000D1B78257858B99EBA285081097B0FE1FA6
:10527000E78060172286A6858810CDB7A28663597D
:10528000A00410108A850A8597B0FE1FE780401B96
:10529000A2850A8597B0FE1FE780E01422868C1055
:1052A000880097B0FE1FE78060FD635A05008C0000
:1052B000A28626862E8597B0FE1FE780C0148C003C
:1052C000A28690102E8597B0FE1FE780601761B709
:1052D0000C100A862E8597B0FE1FE7806016A28507
:1052E000081097B0FE1FE780001022868C008810FF
:1052F00097B0FE1FE78080F8635A05008C10A286E5
:1053000026862E8597B0FE1FE780E00F8C10A286C0
:1053100090002E8597B0FE1FE7808012A1BFEFC2DC
:10532000DEED038C070069712AC2B28D080962861E
:105330002E8D36C63E84BA8B97B0FE1FE780C0051F
:1053400093172C003EC4EA976286BE8588093EC04A
:1053500097B0FE1FE7804004B246830404006384D4
:10536000066C2686B685081897B0FE1FE780C00237
:1053700026860C09881897B0FE1FE780E001268674
:105380008C09081997B0FE1FE7800001830604000E
:105390001018B285881997B0FE1FE780A0118327E7
:1053A000C40A8C19880882978306040090080C09A7
:1053B000881997B0FE1FE780E00F8327C40A8C1975
:1053C000080982978306040010188C08881997B082
:1053D000FE1FE780200E8327C40A8C198808829755
:1053E0008306040090088C09881997B0FE1FE78097
:1053F000600C8327C40A8C19880982978327440A82
:10540000A28610188C0908098297830604001018D8
:10541000B285881997B0FE1FE780C0098327C40AA8
:105420008C19880882978306040090088C188819C4
:1054300097B0FE1FE78000088327C40A8C198818DC
:1054400082978306040010188C08881997B0FE1FF5
:10545000E78040068327C40A8C1988088297830650
:10546000040090080C19881997B0FE1FE78080048B
:105470008327C40AF91B8C190819C20B829793DB86
:105480000B4113094400854C830404006346705BA0
:1054900081456E8597B0FE1FE78040EBB339A000D1
:1054A00096099C18338A3701933A15001C19960AFD
:1054B000BE999C18338B5701A6861C195286DA8533
:1054C0000808BE9A97B0FE1FE78080F709C90C084C
:1054D000A6864A862E8597B0FE1FE780C0F2830617
:1054E00004001008B285881997B0FE1FE78080FC81
:1054F0008327C40A8C1908088297830604001008C1
:10550000D285881997B0FE1FE780C0FA8327C40AA6
:105510008C1952858297830604001008DA85881951
:1055200097B0FE1FE78000F98327C40A8C195A85BB
:105530008297A6864E86D685080897B0FE1FE7801C
:1055400080EC19E926860C084A8597B0FE1FE78093
:10555000E0D28547630AF5000C08A6864A862E85A8
:1055600097B0FE1FE780C0EDA6864E86D68556858D
:1055700097B0FE1FE780C0EC09C9A6864A86D6858B
:10558000568597B0FE1FE78000E8A6865286DA852A
:10559000081897B0FE1FE780A0EA09C90C18A68674
:1055A0004A862E8597B0FE1FE780E0E5830604005B
:1055B0001018CE85881997B0FE1FE780A0EF8327CB
:1055C000C40A8C194E858297A6865A86D2850818F9
:1055D00097B0FE1FE78020E319E926860C184A855C
:1055E00097B0FE1FE78080C98547630AF5000C1855
:1055F000A6864A862E8597B0FE1FE78060E4830664
:1056000004005686D685881997B0FE1FE78080EA89
:105610008327C40A8C195A858297A6861018DA85C2
:105620005A8597B0FE1FE780A0E109C9A6864A8681
:10563000DA855A8597B0FE1FE780E0DCA6865A8699
:10564000D285880897B0FE1FE78080DF09C98C08E3
:10565000A6864A862E8597B0FE1FE780C0DA8306AD
:1056600004009008D685881997B0FE1FE78080E473
:105670008327C40A8C1956858297A6864E86D685BE
:10568000568597B0FE1FE780A0DB09C9A6864A862B
:10569000D685568597B0FE1FE780E0D683060400C6
:1056A0001008B285881997B0FE1FE780A0E0832715
:1056B000C40A8C19880882978C08A68610182E8533
:1056C00097B0FE1FE780C0D709C98C08A6864A8616
:1056D0002E8597B0FE1FE78000D3A68652868C08E1
:1056E000081897B0FE1FE780A0D509C90C18A68638
:1056F0004A862E8597B0FE1FE780E0D0830604001F
:1057000010080C18881997B0FE1FE780A0DA8327CD
:10571000C40A8C1908188297A6864E860C184E85E6
:1057200097B0FE1FE780C0D109C9A6864A86CE85FC
:105730004E8597B0FE1FE78000CD26868C085285E7
:1057400097B0FE1FE78040C5E28690180C09081844
:1057500097B0FE1FE780C0CE09C90C18E2864A86C2
:105760002E8597B0FE1FE78000CA830604004E8690
:105770000C18881997B0FE1FE780C0D38327C40A8E
:105780008C1908188297830604006A860C188819F9
:1057900097B0FE1FE78000D28327C40A8C1908182F
:1057A00082970C182E85E2864A86EFF05FA1830669
:1057B000040002460C18881997B0FE1FE78080CFBE
:1057C0008327C40A8C19081882978306040052861E
:1057D0000C18881997B0FE1FE780C0CD8327C40A34
:1057E0008C1908188297830404005A86D285A686ED
:1057F000880897B0FE1FE780A0C409C98C08A68658
:105800004A862E8597B0FE1FE780E0BF830604001E
:105810009008B285881997B0FE1FE780A0C983273A
:10582000C40A8C1988088297830604009008DA85D8
:10583000881997B0FE1FE780E0C78327C40A8C1938
:105840005A858297830604009008D285881997B0FC
:10585000FE1FE78020C68327C40A8C1952858297D1
:10586000A6865686CE854E8597B0FE1FE78040BD42
:1058700009C9A6864A86CE854E8597B0FE1FE78069
:1058800080B8830604004E86CE85881997B0FE1F27
:10589000E78040C28327C40A8C19880882978C0845
:1058A000A6865A862E8597B0FE1FE78060B909C983
:1058B0008C08A6864A862E8597B0FE1FE780A0B486
:1058C0008C08A68652862E8597B0FE1FE78040B7CB
:1058D00009C98C08A6864A862E8597B0FE1FE780E8
:1058E00080B2A6865A86D285528597B0FE1FE78081
:1058F00020B509C9A6864A86D285528597B0FE1F73
:10590000E78060B0830604005286D685881997B078
:10591000FE1FE78020BA8327C40A8C195685829718
:10592000A6869008DA85528597B0FE1FE78040B1C1
:1059300009C9A6864A86D285528597B0FE1FE780A0
:1059400080AC830604005286CE85881997B0FE1F6E
:10595000E78040B68327C40A8C194E858297A686B5
:105960005686CE854E8597B0FE1FE78060AD09C98B
:10597000A6864A86CE854E8597B0FE1FE780A0A8F2
:1059800026868C08528597B0FE1FE780E0A083062C
:1059900004001018B285881997B0FE1FE78080B107
:1059A0008327C40A8C19880882978306040090080C
:1059B0008C18881997B0FE1FE780C0AF8327C40AF0
:1059C0008C19881882978306040010188C0888198F
:1059D00097B0FE1FE78000AE8327C40A8C198808A1
:1059E00082978306040090080C19881997B0FE1F4F
:1059F000E78040AC8327C40A8C19081982971245A6
:105A000062868C1897B0FE1FE78000999247224764
:105A10000C1962863385E70097B0FE1FE780C097B8
:105A200055616FC05E81A685081897B0FE1FE7809C
:105A3000008E85473ED82DBADE856E8597B0FE1F55
:105A4000E780C090133A1500B3894C4196099C1821
:105A5000B38A37011C19160ABE999C18338B47016B
:105A6000A6861C195686DA8508083E9A97B0FE1F4E
:105A7000E780009D09C90C08A6864A862E8597B046
:105A8000FE1FE7804098830604001008B28588193D
:105A900097B0FE1FE78000A28327C40A8C1908086C
:105AA0008297830604001008D685881997B0FE1FD8
:105AB000E78040A08327C40A8C1956858297830605
:105AC00004001008DA85881997B0FE1FE780809ED1
:105AD0008327C40A8C195A858297A6864E86D2855A
:105AE000080897B0FE1FE780009211E926860C088F
:105AF0004A8597A0FE1FE7806078630A95010C082D
:105B0000A6864A862E8597B0FE1FE7806093A686FC
:105B10004E86D285528597B0FE1FE780609209C9F4
:105B2000A6864A86D285528597B0FE1FE780A08D53
:105B3000A6865686DA85081897B0FE1FE780409043
:105B400009C90C18A6864A862E8597B0FE1FE780E5
:105B5000808B830604001018CE85881997B0FE1F2D
:105B6000E78040958327C40A8C194E858297A686C4
:105B70005A86D685081897B0FE1FE780C08811E9BD
:105B800026860C184A8597A0FE1FE780206F630ABF
:105B900095010C18A6864A862E8597B0FE1FE780D1
:105BA000208A830604005286D285881997B0FE1F8A
:105BB000E78040908327C40A8C195A858297A6866D
:105BC0001018DA855A8597B0FE1FE780608709C9EB
:105BD000A6864A86DA855A8597B0FE1FE780A0829E
:105BE000A6865A86D685880897B0FE1FE78040852E
:105BF00009C98C08A6864A862E8597B0FE1FE780C5
:105C00008080830604009008D285881997B0FE1F13
:105C1000E780408A8327C40A8C1952858297A6861A
:105C20004E86D285528597B0FE1FE780608109C9F4
:105C3000A6864A86D285528597A0FE1FE780A07C63
:105C4000830604001008B285881997B0FE1FE7800C
:105C500060868327C40A8C19880882978C08A686D8
:105C600010182E8597A0FE1FE780807D09C98C083B
:105C7000A6864A862E8597A0FE1FE780C078A68656
:105C800056868C08081897A0FE1FE780607B09C91C
:105C90000C18A6864A862E8597A0FE1FE780A07660
:105CA0008306040010080C18881997B0FE1FE780BF
:105CB00060808327C40A8C1908188297A6864E86AE
:105CC0000C184E8597A0FE1FE780807709C9A6862D
:105CD0004A86CE854E8597A0FE1FE780C072268635
:105CE0008C08568597A0FE1FE780006B8304040094
:105CF0005A86D685A686880897A0FE1FE78040743E
:105D000009C98C08A6864A862E8597A0FE1FE780C3
:105D1000806F830604009008B285881997A0FE1F43
:105D2000E78040798327C40A8C1988088297830604
:105D300004009008DA85881997A0FE1FE780807715
:105D40008327C40A8C195A85829783060400900819
:105D5000D685881997A0FE1FE780C0758327C40ADF
:105D60008C1956858297A6865286CE854E8597A039
:105D7000FE1FE780E06C09C9A6864A86CE854E855F
:105D800097A0FE1FE7802068830604004E86CE851C
:105D9000881997A0FE1FE780E0718327C40A8C1939
:105DA000880882978C08A6865A862E8597A0FE1FA3
:105DB000E780006909C98C08A6864A862E8597A0C7
:105DC000FE1FE78040648C08A68656862E8597A025
:105DD000FE1FE780E06609C98C08A6864A862E85E4
:105DE00097A0FE1FE7802062A6865A86D685568534
:105DF00097A0FE1FE780C06409C9A6864A86D6859B
:105E0000568597A0FE1FE780006083060400568633
:105E1000D285881997A0FE1FE780C0698327C40A2E
:105E20008C1952858297A6869008DA85568597A0A8
:105E3000FE1FE780E06009C9A6864A86D68556859A
:105E400097A0FE1FE780205C830604005686CE855F
:105E5000881997A0FE1FE780E0658327C40A8C1984
:105E60004E858297A6865286CE854E8597A0FE1FC8
:105E7000E780005D09C9A6864A86CE854E8597A033
:105E8000FE1FE7804058FD1B26868C085685C20BF6
:105E900097A0FE1FE780405093DB0B416FF0CFDEF1
:105EA000EFC2AEB85D713284AA841018A2862E8526
:105EB0000C082EC432C6EFE09FCF035724001335E1
:105EC00015009C080A053E95032685FB0507420739
:105ED000A28741878146930544042685EFF02FC4AD
:105EE0008345040026858605E205E18597A0FE1F0F
:105EF000E780A0431335150061616FC04EB5EFC256
:105F00004EB02E8BAA84B2855A85328497E9FE1F43
:105F10009389496A97A0FE1FE780804483A7090000
:105F2000B1C7131A5400931B24003305AA401389E8
:105F3000CBFF7D5A2699335AAA00930A0004054CD8
:105F400083A70900DE85268582970DC18327090076
:105F5000A2852685B3F747012320F90097A0FE1FED
:105F6000E780A03C19C5FD1AE39C0AFC01456FC0FF
:105F7000CEAC2286A6855A8597A0FE1FE7804050AA
:105F8000E31385FF0545E5B7EFC28EA8AA892E89E0
:105F9000B28413040004130A0002930A4602039613
:105FA0002400D6854A857D0633464603620661860F
:105FB000EFF0FFF409C92686CA854E85EFF05FEE43
:105FC00011E57D1469FC01456FC0CEA70545EDBF05
:105FD000EFC20EA403891600357100102A8B130A34
:105FE00001042285B2894A86B684838A060022CCBF
:105FF00052CEEFE07FB513161900DA858810EFE076
:10600000BFB4A2852285A6865286EFE05FBA97E7E5
:10601000FE1F9387275A9C432A849DC3931725000C
:106020001811BA9783A687F756869385440036855C
:1060300036C6EFF0DFECB24609E50D616FC08EA009
:10604000814603D72400133414001C110A043E9423
:10605000032684F705078C104207A68741872E8503
:10606000EFF0EFAB4A868C104E85EFE0FFAD83C5B5
:10607000040088108605E205E18597A0FE1FE780F1
:10608000C02A1335150055BF17C5FE1F1305C536A9
:106090008280184183A785FF6319B7001CC1FD5793
:1060A00023AC05FE238FF5FE8280232CF6FEC5BFB0
:1060B000411122C437E400E026C204403707200023
:1060C00006C6F98C2320E4180F10000009E92320EC
:1060D00094101545B2402244924441018280034706
:1060E000E5FF9307F00F6306F70023209410114596
:1060F000D5B797C0FE1FE78000A601452320941066
:10610000D1BF41114AC037E900E022C4032409008D
:10611000B707200006C626C27D8C2320F9180F1071
:10612000000089E52320891015451DA0AA8497E762
:10613000FE1F83C777482E8563F5F400894763EF18
:106140009700EFF0FFF6B7E700E023A087100D45BA
:10615000B2402244924402494101828083A785FFD4
:1061600099E703C7E5FF9307F00F6309F700EFF026
:106170003FF4B7E700E023A087107DB7238F95FE9B
:106180001385418697B0FE1FE780C0B1A1652685C3
:1061900097C0FE1FE780E0CA0145232089104DBF4C
:1061A00023A2018682804111B7E700E026C2844322
:1061B0003707200006C622C4F98C23A0E7180F1069
:1061C000000097E7FE1F83A7A7431384418191C76F
:1061D00082971C40AA971CC021A083A74187EDFB92
:1061E0000840B74703009387D73F3305F502B7A7A9
:1061F0002600938737ECB2403E9508C02244B7E7AB
:1062000000E023A09710924441018280411122C4F2
:1062100006C683A7018717E4FE1F1304E43989C764
:1062200082975C48AA975CC84848B2402244410122
:106230008280B7E700E09843B706200023A0D71874
:10624000758F0F10000097E6FE1F83C6F636637E3B
:10625000D50083A601883325D5201621B3F5B64095
:106260000EA123A0E7100145828023A0E7100D4571
:106270008280797122D437E400E04AD003290400F7
:10628000B707200006D626D24ECE52CC56CA5AC8E0
:106290005EC63379F9002320F4180F10000097E749
:1062A000FE1F83C777316376F50083AB4187639721
:1062B0000B00B7E700E023A0271199A097EAFE1F83
:1062C000938A0A3703AB8A00B74736FE938707C81D
:1062D0003E9B83D7CA002E8AAA84B385C702B2899F
:1062E0008146B3B7C70213850532B335B50013062F
:1062F0000064BE95EF3050716370AB02232024110F
:106300000145B250225492540259F249624AD24A8B
:10631000424BB24B45618280829B83D7CA002A845C
:1063200013060064B38537038146B3B7370313857B
:106330000532B335B500BE95EF30106DB30785005B
:1063400003A78A003E8463E4A70063E4E700338484
:10635000E740D285268597C0FE1FE780009D01C9D2
:1063600000C5B7E700E023A02711054559BF93E515
:1063700004F04145B3C5050897B0FE1FE7804071A2
:1063800011E997E7FE1F83A7A72885D7A6851145A2
:10639000829705B71387C1871C4389EF08C38547D8
:1063A0002326050000C52311450104A11CB12322A9
:1063B000050045BF3E87DC47F5FF48C7CDB7011153
:1063C00026CAB7E400E04AC803A9040022CC4EC69E
:1063D000B707200006CE52C4AA892E843379F9006B
:1063E00023A0F4180F10000097C0FE1FE780E09371
:1063F00017EAFE1F130A4A1C05E5A2854E85EFF039
:106400005FE383470A006381370523A02411194500
:10641000F2406244D2444249B249224A0561828034
:1064200023110500A2854E85EFF0BFE083470A00E7
:106430006386370123A024110145D9BF1387E18664
:106440001E23C18F1EA3FDB79387E1869A23598C23
:1064500082A365BF4111B7E700E026C2844306C6A8
:1064600022C437072000F98C23A0E7180F10000082
:1064700097C0FE1FE780608B19E90145B2402244B6
:10648000B7E700E023A097109244410182800045C5
:1064900083A74187829797E7FE1F938767196367F2
:1064A000A4029847B74636FE938606C83305A44033
:1064B0003697E374E5FC13070064B335E502D22791
:1064C00081463305E502EF3030544DBF98473A948A
:1064D000C9BF411106C623A8A1860295B24097E71D
:1064E000FE1F23A7A70E014541018280411151469D
:1064F000814517E5FE1F1305651206C622C426C294
:1065000023AE018623A8018623AA0186238601865D
:1065100023A4018697B0FE1FE780408C13068002FB
:10652000814517E5FE1F1305250997B0FE1FE7807B
:10653000E08AEF30806F97E7FE1F9387670AE82BAA
:10654000FC3B17E4FE1F1304240785453E958D4749
:106550003305F502930700049384418839051375C8
:10656000F50F3375F50A994728A03305F502130591
:1065700005243345050897B0FE1FE780605188C0A9
:106580003DC53020994781453306F602130606249F
:1065900097B0FE1FE78080849C40382093848187D9
:1065A000938707249CC0B347F72023A0F188EFF01E
:1065B0003FBF15261C30944017B6FE1F1306066F0A
:1065C00033C7D72010C3138717001377F70F17B6F9
:1065D000FE1F130686673347D72010C31387370083
:1065E000890718B093F7F70FB3C7D72090C3B2400D
:1065F000224492444101828097E6FE1F9386C6FBA7
:106600002A87BC228832637BF5001306150083A716
:10661000818790B2B347F52098C382801305F00FAD
:1066200082801C41FDC7370700F07D8FB706002030
:1066300089476311D70E5A21411122C406C62A8404
:1066400061C719469305F00F690597B0FE1FE780F3
:10665000208405478D476309E50A1C4491C75858B3
:1066600099475DC3185C4DC31306C003814517E508
:10667000FE1F1305E5F697A0FE1FE78020761306A0
:10668000C003A28517E5FE1F130585F597A0FE1F21
:10669000E780007297E7FE1F938787F4DA2701E708
:1066A00013070010DAA7F82719E30547F8A79A2B74
:1066B00019E36D479AABF83719E31547F8B7B82BCC
:1066C00019E30547B8ABB83B19E3F837B8BBD83B7B
:1066D00011C7937637000983F4ABF8BBD82B19E3C5
:1066E0005547D8AB182C01E71307C00398AF9C5748
:1066F00091C7829797E7FE1F2394A7ECFD57A38CC1
:10670000F18CEFF0BFDE8147B24022443E8541016B
:10671000828089473E85828079714ECE97E9FE1F3F
:10672000938909F183A7090006D622D426D24AD03C
:1067300052CC829713090064B335250303D6C900F0
:10674000814617EAFE1F130A2AE732C633052503DE
:10675000EF30902B83248A012A84014563868402CA
:1067600032463305944063EF840003A589008146D7
:10677000B335A9023305A902EF301029B3079540BC
:1067800033858700232C8A00B25022549254025938
:10679000F249624A4561828041114AC017E9FE1FF1
:1067A000130909E48327890206C622C426C28DCFB5
:1067B000829797E4FE1F938424E09E242A848DC749
:1067C00033F7A70A33470708B3D7A70AB3C70708A1
:1067D000B307F74051476359F7008327C90291C3B4
:1067E0008297EF20F00282A4B240224492440249F0
:1067F00041018280011122CC23A4018817E4FE1FED
:10680000130404DE5C5406CEAA8581C72AC682978B
:10681000B245C9C59C410545B5CF9C45A5CFDE25F0
:10682000B5CBFE25A5CB9C2981CB7C287838BA979F
:106830006342F506DC41B9CF1306400217E5FE1F9F
:10684000130505DF97A0FE1FE780805697E7FE1F20
:10685000938707DE984323AAE186183C19EFCA27DD
:106860009307805737460F003305F50213060624B9
:1068700081468145EF30501908BC183C9D4763E4C0
:10688000E700A1471CBC17050000130525E9EFF040
:106890005FC40145F24062440561828097E7FE1FB4
:1068A00023AA07D297E7FE1F938787D817B7FE1F43
:1068B0001307E7A998C337873200FD56130727A1AE
:1068C00094C7D8C797E7FE1F238C07D6B7C70040E9
:1068D00023A4D726A5BF011122CC17E4FE1F130461
:1068E00024D0084406CE26CA4AC801E90545F2402C
:1068F0006244D2444249056182805C58E5DB185C01
:1069000075D77000854582971844B247E300F7FEBB
:106910004A249305E00417E9FE1F1309E9C997B05B
:10692000FE1FE780E0162320A90269D152249305B7
:10693000F00F814497A0FE1FE780404A7C24032685
:10694000090263C1F402328597B0FE1FE780A020E0
:10695000014597E7FE1F23A107C897E7FE1F23AF56
:1069600007C671B74E241844B38795028981850400
:106970003385E7001C5C08C28297C9B7C167F91765
:106980006313F500F1A1411106C6312711E15D4500
:10699000B2404101828039714ED652D45AD05ECE77
:1069A00006DE22DC26DA4AD856D22A8A2E8BB28913
:1069B000B68B0DE7EFF09FFC914571292A844D4974
:1069C000854A19EDF2506254D254B259225A925A61
:1069D000025BF24B4A854259216182803A84814AA6
:1069E000230034018544630A0B00DE85130514007F
:1069F000029B93041500B3C404089399496063D1C2
:106A00000902C14552856D25654905E533069400A7
:106A1000A6852285F9252A8909EDB104B3C40408A5
:106A200091472C0052857C8422C66485B1232A8933
:106A300051D9E3890AF8228597B0FE1FE780A0119B
:106A400051B7011106CE2EC6112D19C5B245F2401F
:106A50002A2105616F00F029F240494505618280D5
:106A600017E5FE1F032505C0828097E7FE1F83A759
:106A7000A7BF8843828017E7FE1F1307A7BD544BAB
:106A80009C4285079CC228339307F00F6307F500EB
:106A9000916517B3FE1F6700C33A8280C1671387F1
:106AA000E7FF6391E50283A7C18891EB49458280A6
:106AB0004945B240224492440249410182809C43AC
:106AC000F5D78287411122C426C24AC006C6FD17E7
:106AD0002A892E84B2846394F50283A7C18889C76A
:106AE0009C4399C3829711C5A6854A85EFF07FF52F
:106AF00069F123882189A388918801455DBF2E858E
:106B000097B0FE1FE780804645D51C210D45E392D6
:106B100027FB22852244B2400249A68592444101C6
:106B20006F00301D7547AA876365B702114701459D
:106B30006378B702ED1593F5F50F61476361B7020E
:106B400097660000938686D3B3C5D52098413697C3
:106B5000028793F5F50713072005638AE5000145D1
:106B60008280C84782808843828088478280C84369
:106B70008280797122D44AD0AE8706D6BA8526D2D1
:106B80004ECE7547328436896364F7042147636CBF
:106B9000F70015476388E7021947638CE708C16768
:106BA000FD1785441DA037061400DD1713060620C7
:106BB000B317F0287D8E41EE19677D8F3DE793F77F
:106BC0001710F1DFC167FD1789446316F40221A88D
:106BD00013F7F70793062005E313D7FC41677D17EA
:106BE000631DE6048D442EC6EFF05FD9B245330431
:106BF0009540334404083385840033450508A12CAF
:106C0000AA87B3C9040821C96304090023108900B5
:106C10002254B25092540259B3053041F2493E8594
:106C2000456117B3FE1F670043FFC167FD17954419
:106C300069BFC167FD179D4449BF1307200D8D44EF
:106C4000E39BE7FA1304C600334404086DB7C16739
:106C5000FD178D449DBFB250225492540259F249FF
:106C600045618280411106C6EFF0DFEB19C5B240E5
:106C7000410117B3FE1F670003EEB240410182805D
:106C800017E7FE1F034797A2814763E4E70001452A
:106C900082809221938645006314A6002E8582800F
:106CA0008507B685DDB717E7FE1F034737A0814785
:106CB000FD5663E3E700828016A1230105008507E6
:106CC0001105C5BF411106C6EFF09FFB09C528217C
:106CD000B240410182800145E5BFAA8703A58189B1
:106CE00011E1828018453A276314F700110582806C
:106CF0000841FDB7411106C6EFF03FFE09C5282146
:106D0000B240410182804145E5BF4111138681892E
:106D100022C40042AA8606C62E8501471DCC1C440B
:106D2000AE271C406396D5021DC71CC301C921466E
:106D30009305440097A0FE1FE7808007228597B047
:106D4000FE1FE78040E10145B240224441018280BC
:106D500022873E84E1B71CC2D1BF0545F5B70111BA
:106D60009386C18926CAAA84884222CC06CE2E8464
:106D700001470DCD52211C416315960215C71CC356
:106D800097B0FE1FE78020DD2C002685EFF0FFF78F
:106D900001E519C0B2471CC0F2406244D24405610B
:106DA00082802A873E85F1B79CC2D9BF0545EDB7E1
:106DB00003C7318A854763F6E706011122CC26CA4C
:106DC0004AC806CE2A84AE84328997B0FE1FE78077
:106DD000401311C538219307E00F6306F704631BC6
:106DE000090022856244F2404249A685D2440561E9
:106DF0006F20F06A8A209305E1002317010097B005
:106E0000FE1FE78040122887EFF0DFEEAA850546D7
:106E10002285DD2279D5F2406244D244424905619F
:106E20008280594582805D45FDB741677D176315B6
:106E3000E5002E856FF03FE7411106C6EFF05FE4F5
:106E400009C5FD571EA123010500B2404101828002
:106E500003D5018A8280956541111905938535C056
:106E600006C63345050897B0FE1FE78060C201C91A
:106E7000B240E955410117B3FE1F670003DAB24083
:106E8000410182809A21B14771173307F70297D7E2
:106E9000FE1F9387277EBA97D84301EBD841AAA754
:106EA0000145D8C3BA219AA7828059458280BE2164
:106EB000C5CF011126CA06CE22CC03D7018AAA84E7
:106EC0006D45636EF7082E844840914597B0FE1FCC
:106ED000E780A0D43E20AA861CA13E20A1831CB13D
:106EE0001E203CA11E20A1833CB13220C167F917AE
:106EF000110633460608639DF4022AC4314532C6A2
:106F000097A0FE1FE780A0DBAA854D45A9C993077E
:106F100000F93246A2469CA1F957BEA18947DCA1DF
:106F2000F2A194C503C5418AEFF0AF9D014505A8C4
:106F300081452685C92301E91387318A1C23FDD7A2
:106F4000FD171CA3E5B789476302F5029D4763015E
:106F5000F502C9476300F502FD47E30FF5FCF24077
:106F60006244D244056182806D4582805145C5BF2F
:106F70001145F5B70945E5B79E210D47F117B3C790
:106F80000708636FF704DC41411122C406C626C21C
:106F90002E84A9CB8545AA84212A39C92685E528CE
:106FA000C167F917638DF40019E93E2089CB1620DB
:106FB00019476391E60403D7018A63FDE70283C79B
:106FC000318AA285268599C72244B2409244410164
:106FD0006FF0FFED2244B240924441016FF09FEA0E
:106FE000094582800945B240224492444101828091
:106FF0005145D5BF6D45C5BF411122C426C24AC007
:1070000006C62A892E84B28497B0FE1FE78000F658
:1070100009EDC167F91751456313F9000145B24005
:107020002244924402494101828054555C2195C218
:1070300013F727014146630BC700C18B3D45E5D3DC
:10704000BC2E0145E3FD87FC3145D1BF1545F5D484
:10705000F9B7C18B0145E1F71545D1B74166AA865D
:1070600097D5FE1F83C5856403A7818A81477D1656
:107070006394F50001458280035827003A85630632
:10708000C80003480700E308D8FE850793F7F70F09
:107090001307C703F1BF411106C697B0FE1FE78073
:1070A000E0EC09C54A29B240410182800145E5BFB3
:1070B000C167F9176305F502411122C406C62E8483
:1070C00097B0FE1FE78080EAAA87014589C7DC23C5
:1070D0007D8C33358000B2402244410182800545D9
:1070E00082805D714EDE86C6A2C4A6C2CAC052DCD2
:1070F00056DA5AD85ED689494DC93289894955C66A
:10710000138B45002A8AAE8A334B0B089305300552
:107110005A8597B0FE1FE780A0972A84CD4951C5B4
:10712000EFF0BF94AA845686D28593DA840013DAEE
:10713000040193FBF40F1305440093FAFA0F137A3A
:10714000FA0FE18097A0FE1FE78020D1A301740110
:1071500023015401A300440104A0EFF07F90AA850D
:107160004146080897A0FE1FE78020CF2147340042
:107170005A86A28508084D22AA891DE121462C00C5
:1071800023007901A300590123014901A3019900BA
:107190001305490097A0FE1FE78020CCEFF0BF8DBC
:1071A000228597B0FE1FE780009BB6402644964498
:1071B0000649625AD25A425BB25B4E85F25961610E
:1071C00082808147C1463307F500B388F500182354
:1071D00083C808003308F6008507334717012300EA
:1071E000E800E392D7FE82803D4781477D58330611
:1071F000E5001422B388E5007D178606D58F23802D
:10720000F8001C229D83E31407FF82800147C146DA
:107210009377F70F63FDC700B307E5009C2333881E
:10722000E5002300F8000507E314D7FE8280918F64
:1072300093B717009E07E5B701114AC84EC62E89BD
:10724000AA8993053005414506CE22CC26CA52C4F0
:10725000328A97B0FE1FE780A0832A849305300509
:10726000414597B0FE1FE780A082AA845DC059C146
:107270004146814597A0FE1FE78040B64E85228695
:10728000A685EF10F040AA8929E18307040063D99D
:107290000704A6852285EFF03FF54A869755000042
:1072A000938505642685EFF0DFF18307090063DE2F
:1072B0000702A6854A85EFF03FF3528697550000F6
:1072C000938505622685EFF0DFEF228597B0FE1FDC
:1072D000E7806088268597B0FE1FE780C0870DA0F5
:1072E000CA852285EFF05FF0C9B7D2854A85EFF0F5
:1072F000BFEFE1BF228597B0FE1FE780C085CD4973
:10730000F2406244D2444249224A4E85B249056164
:10731000828075D5CD497DBF39715ECE62CCAA8B96
:107320002E8C41459305300506DE4ED652D45AD0F8
:1073300066CA6AC8B289B68C3A8D22DC26DA4AD887
:1073400056D297A0FE1FE780A0742A8A93053005C5
:10735000414597A0FE1FE780A0732A8B63040A149F
:1073600015E5528597A0FE1FE780E07E4D44F25060
:1073700022856254D2544259B259225A925A025B1F
:10738000F24B624CD24C424D216182802A86D285DA
:107390005E85EFF07FEA2A8401CD528597A0FE1F1B
:1073A000E780607B5A8597A0FE1FE780C07AC1B74F
:1073B00093053005414597A0FE1FE780606DAA84C4
:1073C00093053005414597A0FE1FE780606CAA8AAF
:1073D000F9C409ED268597A0FE1FE780C077528586
:1073E00097A0FE1FE78020774D446DBF1389F900F9
:1073F0001359494013F6F900630509047D1933490F
:10740000090829E2131549005686D2856295EFF0E6
:107410005FDB41468145268597A0FE1FE780009CE3
:107420008149B3C7090863F827051DC4268597A0BD
:10743000FE1FE7804072568597A0FE1FE780A0716F
:10744000A9BF0149131549008A856295EFF01FDC39
:107450005686DA850A8565BF939549000A86E295C6
:107460002685EFF01FD626868A855E85EF1050228E
:107470002A8485097DB75DF80A86D6852685EFF0D2
:107480005FD426868A855E85EF1090202A846A86DE
:10749000A685668597A0FE1FE780809141BF21D118
:1074A0004D4451BFE30405EC81B7411126C2AA84C3
:1074B000194522C406C62E8497A0FE1FE7802080AF
:1074C00005C58567938717F91EA1854724A13CB19F
:1074D00042A12244B2409244AA8517D5FE1F03451B
:1074E000651C41016FE0FFC1B2402244924441015A
:1074F00082806F20E05A6F20E06017D8FE1F1308CB
:10750000281B0345180003A7418D83A6418B1375E3
:10751000F507D1C5904283274800137606F8498EB7
:1075200090C213F6150001CA93F505034146638521
:10753000C506938787C14165130505A0B3D5A7028A
:107540005057B70810FEFD181366260050D7704339
:1075500033761601B3F7A702FD89D2054D8E70C3AD
:107560001306A00FB705FCFFAA07B3D7C7027043E5
:107570006D8EBA07B983D18F7CC383470800898B8E
:1075800099CB98429C421377F7071367070493F748
:1075900007F8D98F9CC282809387078369BF5C57A5
:1075A000F59B5CD79C4293F707F8C98F9CC2F1B753
:1075B000411106C697D7FE1F2383071297B0FE1FFF
:1075C000E78080AAB24001454101828017D7FE1FA3
:1075D000130747355C47411106C6858B8DC7EFF011
:1075E0003FFD97D7FE1F23A5073497D7FE1F23A380
:1075F000073497D7FE1F83A7A70C01468145054591
:10760000B2404101828783A7418CFC5399EFEFF090
:107610003FFA97D7FE1F23AF073097D7FE1F83A7E8
:10762000270A014681454545E1BF584F8D476315FF
:10763000F70085472386F186B240410182804111DF
:1076400026C297D4FE1F9384E42D9C444AC006C6EC
:1076500022C4858B1389418CF9CF97D7FE1F23A7AE
:10766000072C03A7418D5C5717D4FE1F1304440455
:10767000082093D71748A9CB504093760503C145FE
:10768000930786C16394B60093070683C16593850B
:1076900005A033D6B7027443370810FE7D18B3F641
:1076A0000601B3F7B7027D8A5206D18E74C39306E2
:1076B000A00F3706FCFFAA07B3D7D7027443F18E99
:1076C000BA07B983D58F7CC34C2C118501460D892F
:1076D00097A0FE1FE780202F170500001305C5099E
:1076E00097A0FE1FE78020A983270900D44713979E
:1076F0001649D8C70F10000083270900370702007A
:1077000098C71307000898C803A7418B184313575D
:10771000774819CF1307E018F8D3D4C71C4801469F
:10772000814505452244B240924402494101828785
:107730001307E01AD5B783270900FC5399EFEFF040
:107740003FE797D7FE1F23A7071E97D7FE1F83A7E4
:1077500027F7014681454545F1B7D84C8D4763155C
:10776000F70085472386F186B240224492440249BD
:1077700041018280011122CC17D4FE1F1304841A08
:107780005C4406CE26CA858BD9C7EFF07FE2485C01
:1077900097D7FE1F23AE07189305F100014697D730
:1077A000FE1F23A9071897A0FE1FE780E0F397D4D8
:1077B000FE1F9384E4F19315456099ED5C5C93069C
:1077C000F00F9823630AD7009C306387D700998F06
:1077D000B337F0009395170097D7FE1F938747EDB7
:1077E0000387070063450700585C948714A39C4BEC
:1077F000505C93F5F50F09458297DC24898B99C776
:107800008828854597A0FE1FE780A063F240624468
:10781000D2440561828083A7418CFC539DE3EFF045
:107820003FD96244F240D24497D7FE1F23A40710E9
:1078300097D7FE1F83A7C7E80146814549450561E3
:107840008287584C8D47E313F7FC85472386F186E2
:1078500075BF797126D24AD05AC806D622D44ECEE8
:1078600052CC56CA5EC6930700082A8BAE84328972
:107870006317F602BD4917D4FE1F130464E397A0F3
:10788000FE1FE780C0B4E3FCA9FE3C2C9607C1179D
:10789000E3E7A7FE83A7418C13078007F8D3938AF9
:1078A000418B03A40A0017DAFE1F130A6AE0814520
:1078B0005C549389418CF19B93E717005CD403459A
:1078C0001A00EFF09FC31C409386418D37063300AA
:1078D00093F7F7CF1CC01C4093F7F7CF93E707202F
:1078E0001CC09C429847518F03A6090098C73707D0
:1078F00003001307872538CA03278A0018C4032703
:10790000CA0058C0D8431377F7EFD8C3010001006D
:10791000984217D4FE1F1304A4DB97DBFE1F938B42
:107920006B005C4393E707105CC303A709005C434B
:1079300093E717005CC37C24054793E727007CA4EA
:107940009307F9FF93F7F70F6362F70C03A58B0317
:107950002686DA852300250104B109059790FE1FCC
:10796000E780004503A78B0383A70900B8DF17D77B
:10797000FE1F232D07FA17D7FE1F232B07FA17D751
:10798000FE1F232907FA0D4723AEEB00130700085B
:10799000631BE908F8537DFF83A74187829718444A
:1079A000636CE506198D03A78B030D81B707800073
:1079B0009387F72F62055D8D08C303450A00A685EE
:1079C00011850D8997A0FE1FE780E0DB83A70A00E1
:1079D00098431317772998C3D857719BD8D797D74F
:1079E000FE1F23AB07F497D7FE1F23AF07F283A731
:1079F0000900094798C3B250225492540259F249DF
:107A0000624AD24A424BB24B4561828093070008DA
:107A1000E31AF9F48944B9B797D7FE1F83A7C7C102
:107A2000998F3E9549B703450A00A68511850D89B2
:107A300097A0FE1FE78020D583A70A001715000036
:107A40001305C5F198431317772998C3D857719B2D
:107A5000D8D79790FE1FE780007297D7FE1F238F1D
:107A600007C697D7FE1F23A907EC97D7FE1F23ADA4
:107A700007EA83A70900094798C35C24FDDFA5BF77
:107A80001C49638B0712411126C206C622C41C2161
:107A9000AA8493F7070481C75C410945CDCF13063B
:107AA0000002814517D5FE1F130585C09790FE1F64
:107AB000E780C03213060002A68517D5FE1F130506
:107AC00025BF9790FE1FE780A02E17D4FE1F13043A
:107AD00024BE1C3C81E7930780021CBC3C2C99E32C
:107AE000A1473CAC3C3C99E3C5473CBC5C2C99E3CA
:107AF000ED575CAC5C3C99E3ED575CBC9C2093F784
:107B0000070499CB5C4037B724001307F7E9636992
:107B1000F704930750021CB097D4FE1F938444BB14
:107B2000C84009C597A0FE1FE780E00297D7FE1F57
:107B300023A207BA1C20858B91CB483C9305900467
:107B4000090597A0FE1FE780A0F4C8C01C300145BE
:107B5000FCB41C44DCC8B2402244924441018280FF
:107B6000370725009306F74863EDF6003767DBFF1C
:107B700013070793BA971307007DB3D7E702FD17E2
:107B800059BF130707496395E7009307600261B780
:107B900037D725001307F777636DF7003767DBFFEB
:107BA00013070793BA971307007DB3D7E702F917B6
:107BB0009DB79307700285B705458280797126D2FB
:107BC00097D4FE1F9384C4AE9C4406D622D44AD0D8
:107BD0004ECE52CC56CA5AC85EC662C466C26AC08D
:107BE0006380072217DAFE1F130ACAD30327CA01CC
:107BF00095472A8C09456307F71C0D452E84B28BE7
:107C0000B68C97A0FE1FE780C04D97D7FE1F83C795
:107C1000E7AC898B97D9FE1F938989AB95C33D4902
:107C20009790FE1FE780A07AE37CA9FEBC2C960704
:107C3000C117E3E7A7FE83A7418C13078007F8D39A
:107C4000138B418B03290B008327C902F19B93E718
:107C500017002326F90283C7C90003CD0400898BCE
:107C600089E793770D04639D071688308145EFF00F
:107C7000DF88832709001386418DB706330093F709
:107C8000F7CF2320F90083270900938A418C137DC5
:107C90001D0093F7F7CF93E707202320F900184240
:107CA0001C47D58F83A60A001CC7B707030093871C
:107CB0008725BCCA9C442324F900DC442322F90014
:107CC000DC42F99BB3E7A701DCC25C4393F7F7EF13
:107CD0005CC30100010018425C4393E707105CC3DA
:107CE00083C7E90023807901A380990193E72700E6
:107CF0002387F90063090C0E03258A032286E28597
:107D00002300750100B109059790FE1FE780400A26
:107D100083278A0303A70A003CDF97D7FE1F23A708
:107D200007C097D7FE1F23A507C097D7FE1F23A321
:107D300007C08D47232EFA0083C7C900898B95C7DA
:107D40007C53FDFF83A74187829703A78900636265
:107D5000E50A198D83278A0309041374F40F80B38D
:107D60000D81A2972380070088B38820A285118502
:107D70000D8997A0FE1FE78000A19C201705000039
:107D80001305258C858B89E71705000013054584AD
:107D90009790FE1FE780203E83270B000145984304
:107DA0001317772998C3D857719BD8D797D7FE1F39
:107DB00023A407B897D7FE1F23A807B683A70A00F6
:107DC000094798C3B250225492540259F249624A68
:107DD000D24A424BB24B224C924C024D45618280BA
:107DE000C840894569B583278A03014423A07701E8
:107DF00005B797D7FE1F83A72784998F3E9599BF14
:107E00000545C9B77971B7E700E026D28443370743
:107E1000200006D622D44AD04ECE52CC56CA5AC8DA
:107E20005EC662C466C26AC0F98C23A0E7180F1050
:107E3000000017D4FE1F1304A487184415E323A0E1
:107E400097100545B250225492540259F249624AA1
:107E5000D24A424BB24B224C924C024D4561828039
:107E600017D7FE1F0327079309C723A097100945BB
:107E7000D1BF1C20328BB68A858BADC317D9FE1FAC
:107E800013090985832749002A8AAE8999EB483C62
:107E900093059004090597A0FE1FE78060BF232289
:107EA000A9008327490099E7B7E700E023A09710CE
:107EB0000D4549BF0347290098A383274900630D57
:107EC0000A04638B0904A3803701032549004E8609
:107ED000D28509059790FE1FE78080ED97D9FE1F98
:107EE000938949A403A7C9019547630AF70083C78B
:107EF000090219476385E7000D476392E70283C7CC
:107F0000190289E7930780102390F902B7E700E090
:107F100023A0971001453DB7A3800700C1B7138A7E
:107F2000418C83270A0098430D8B1DC3238601864D
:107F3000B84B1377F78FB8CB98431367870098C374
:107F40009C4393D7374889C7010001000100010015
:107F5000832C0A00B7070200834B040023A20C06FF
:107F600023A4FC0097D7FE1F23A6079C97C7FE1FDC
:107F700083C7C776918B17C9FE1F1309697589E7F7
:107F800093F70B04639A071008308145EFF0EFD6A2
:107F9000138D418B03270D00138C418DB7063300E1
:107FA0001C4313D54B40014693F7F7CF1CC31C432A
:107FB0000D8993F7F7CF93E707201CC303270C0025
:107FC0001C47D58F1CC74C2CB70703009387871518
:107FD00023A8FC0497A0FE1FE780E09E83270D00E6
:107FE0001844142098C75844858AD8C303270A0028
:107FF0005C43F99BD58F5CC3832749003CDF032793
:108000000C005C4393F7F7EF5CC30100010003270A
:108010000C005C4393E707105CC38347E900A301AE
:1080200069012301590193E747002307F9009307EA
:10803000000423A0F90097D7FE1F23AD078EA147A8
:1080400023AEF90097C7FE1F83A7075C81CB0345CA
:10805000090113060064C145EFE0AFA183270A00C0
:108060001705000013058529DC43858B89E7170573
:108070000000130565039790FE1FE780C00F97D798
:10808000FE1F23AB078A97D7FE1F23AF07888327DE
:108090000A00054798C39DBD93F50B03484093E53F
:1080A0001500EDB5797122D417D4FE1F130484870F
:1080B0005C4006D626D24AD04ECE858B6387071EFB
:1080C00097D7FE1F23A207868329C403A3070100B5
:1080D000EFF00FCE97C7FE1F83C74760918B97C401
:1080E000FE1F9384E45E17C9FE1F1309695C638455
:1080F000071683C71900CE979823930700086318C3
:10810000F7008347090093E787002300F9005C58D4
:108110000D476377F70EF1175CD85C58984463E716
:10812000E70E3387E74083C71900D424CE979C33EA
:10813000939646608E0763DA060E63FFE70C1D8F89
:108140009306000263E8E6005858636AF70CB30729
:10815000F7409CC48828894597A0FE1FE78060CE21
:108160008345090093F78500F5C383A6418C9307E7
:10817000800CFCD21C5C1307F00F3706330098C349
:1081800097C7FE1F23A4077A97C7FE1F23A2077A6B
:1081900097C7FE1F23A0077A97C7FE1F23AE077855
:1081A00003A7418B1C4391858D8993F7F7CF1CC39F
:1081B0001C43014593F7F7CF93E707201CC303A7A0
:1081C000418D1C47D18F1CC7B707030093878725B4
:1081D000BCCA05469790FE1FE7808065834709006B
:1081E000B420B030DD9B814501452300F900EFF05C
:1081F0007FC1B250225492540259F24945618280A3
:1082000017C7FE1F03274743BA9731B797C6FE1F0C
:1082100083A68642B69731B73387E74015B797C62E
:10822000FE1F83A6664136971DB75858636AF7004C
:10823000B307F7409CC4DC2493E70708DCA419BF0C
:1082400097C6FE1F83A6463F3697DDB783C7190042
:10825000F917A380F900485C01469305F100979057
:10826000FE1FE78060485C5C9306F00F9823630371
:10827000D702BC306380D702630EF70093652500F8
:108280009395456083270901505C93F5F50F0D45E3
:10829000829785B78307090093154560E3C407FEFD
:1082A000F5F19C872380F900F1BF83A7418CFC5333
:1082B00085EFEFF0EFAF97C7FE1F83A7673589C73C
:1082C0008545130510088297225497C7FE1F938790
:1082D0002740B25092540259F249B423B033814539
:1082E000014545616FF01FB2584CA147E313F7F009
:1082F00085472386F186F5BD797126D297C4FE1F86
:10830000938444629C4006D622D44AD04ECE52CCAE
:10831000858B6383072083A9C40301469305F1007D
:108320004E85A307010097C7FE1F23AD075E9790F8
:10833000FE1FE780603B17C4FE1F1304643917C992
:10834000FE1F1309E936131A4560631F0A123C30F9
:108350009306F00F6389D700D85C18236305D70014
:10836000094A6313F7128307090063C507009C8756
:108370002380F9005C24918BADCFDC580D476373EB
:10838000F714F117DCD8DC58184463E3E71433879B
:10839000E74083C719005424CE979C3393964660D8
:1083A0008E0763D6061463FBE7121D8F9306000247
:1083B00063E8E600D8586366F712B307F7401CC4B9
:1083C0000828894597A0FE1FE780A0A783C719004A
:1083D0003387F900142313070008639BE6129C5CA3
:1083E0001307F00F98C38347090093E78700230022
:1083F000F90003A7418D5C5793D71748A1C3832782
:108400004900C165938505A033D6B702744337058B
:1084100010FE7D15E98EB3F7B7027D8A5206D18E24
:1084200074C39306A00F3706FCFFAA07B3D7D70281
:108430007443F18EBA07B983D58F7CC35C40034582
:1084400009008C3311850D899790FE1FE780A033BA
:1084500017050000130525129790FE1FE780A0D195
:1084600083A7418B98431317772998C3D857719BDB
:10847000D8D783470900A18B9DEB83270901D05CE6
:1084800081450D45829725A097A0FE1FE780C0BDBE
:10849000D05C832709010D459375FA0F82974840F8
:1084A0003420303009CD0C310905EFF0BF95B250C2
:1084B000225492540259F249624A456182808145B0
:1084C0000145E5B717C7FE1F03270717BA9755BD24
:1084D00097C6FE1F83A64616B69755BD3387E7405D
:1084E000F1B597C6FE1F83A626153697F9B5D8585D
:1084F000636AF700B307F7401CC45C2493E70708DE
:108500005CA47DBD97C6FE1F83A606133697DDB714
:10851000F917A380F900F1BD83A7418CFC53B1E3A7
:10852000EFF00F8997C7FE1F83A7870E89C789457C
:1085300013051008829797C7FE1F93876719C843D2
:10854000B033B42301CD0C3109052254B2509254FA
:108550000259F249624A45616FF0DF8A814501455F
:10856000EDB7D84CA147E314F7F485472386F1868D
:108570003DBF411197C7FE1F83A7073B06C622C414
:10858000858B95C797C7FE1F23A0073A17C4FE1F08
:1085900013040412EFF0CF811C20A18B8DEF1C4837
:1085A0000146814511452244B2404101828783A79B
:1085B000418CFC53B9E797C7FE1F23AD073617C49C
:1085C000FE1F1304E40E1C20A18B91E71C480146FA
:1085D00081455145C9BF97C7FE1F9387670FC843A1
:1085E000B033B42301CD0C310905EFF0BF811C205D
:1085F000DD9B1CA0B240224441018280814501459F
:10860000EDB785472386F186F5B74111B7E700E05E
:1086100022C480433707200006C626C2798C23A0D7
:10862000E7180F10000097C4FE1F9384640AC84027
:1086300097C7FE1F2385070A09C59790FE1FE7808D
:10864000805197C7FE1F23A7070897C7FE1F938770
:10865000672D03C7170211CB83C607022147639614
:10866000E60017C7FE1FA30F072CD44F19476386D8
:10867000E600D44F1D476398E600D84F2380E702F9
:108680000547A380E70297A0FE1FE780E09D8828AA
:10869000C14523860186EFD09FD2B7E700E0B24004
:1086A00023A0871022449244014541018280411158
:1086B00006C622C426C217C4FE1F13046401EFF0CD
:1086C000DFF47C3497C4FE1F938484FE08289CB09A
:1086D0005C48A1459CC4EFD09FCE08289145EFD0BF
:1086E0001FCE5C24898B8DC79C48014681451305AC
:1086F000200282972244B240924497C7FE1F238FE4
:1087000007FC8945014541011793FE1F670083A7B8
:108710005C24918BE5D39C480146814513054002BA
:10872000C9BF97C7FE1F83C767FB898B6388071282
:10873000797126D297C4FE1F9384C41ED84C22D4CC
:1087400006D64AD04ECE52CC56CA5AC85EC68D47BF
:1087500017C4FE1F1304C4F791456309F70A354592
:10876000056A97A0FE1FE780C097A14997CAFE1F20
:10877000938A0AF4130A2AF9130600088145014571
:10878000EFF02F8D1389418C370B0200930B0008FB
:108790009C44858B85E783270900FC53F5FBFD1975
:1087A000E39C09FC2254B25092540259F249624AA5
:1087B000D24A424BB24B45616FF07FEF03C50A00CE
:1087C00001469305F00F11850D8997C7FE1F23AF52
:1087D00007149790FE1FE780001F83C50A00130649
:1087E000F00F054591858D899790FE1FE780400425
:1087F000DC44858B9DCB97C7FE1F23AB0712EFE0B0
:108800003FDB5C24854593E707085CA408282254D5
:10881000B25092540259F249624AD24A424BB24B88
:1088200045611793FE1F6700C361EFE07FD8832780
:108830000900D84793161749D4C70F1000008327A3
:10884000090023A4670123A8740123A24707D8C7FE
:1088500083270900FC53A1D30100DDBF82804111B1
:1088600022C406C693F715002E84A1C797C7FE1F22
:1088700083C7C7E6898B17C7FE1F130767E585C740
:108880005C27082B130600059397476063DA0700FF
:1088900017C6FE1F034656E39307000A3306F60287
:1088A0009145EFD01F9D13451400B2402244410171
:1088B000828093F72500B9C397C7FE1F83C707E2DD
:1088C000918B17C7FE1F1307A7E095C75C27082BDE
:1088D0001306000A9397476063DC070017C6FE1F64
:1088E000034696DE9307000A3306F6021306860255
:1088F000A145EFD01F981345240045BF93F74500CD
:1089000091C7EFF01FE21345440045B793F7850088
:1089100081CF97C7FE1F83C767DC918B99C3EFF0A8
:108920001FD91345840051B713F505013DDDEFD084
:10893000BFE617C7FE1F0327A700A147631BF70069
:1089400013060064C14517C5FE1F034565D9EFD066
:108950005F921345040191BF01114EC697C9FE1FD6
:10896000938949FC83A7890052C406CE22CC26CA2B
:108970004AC8858B17CAFE1F130A8AD5638E07164D
:1089800097C4FE1F9384C4D2882001469305000239
:1089900011850D8997C7FE1F23AA07F89790FE1F20
:1089A000E78060028C201306F00F054591858D89C4
:1089B0009790FE1FE780C0E783A7C900858B638D72
:1089C000071203A5C90397C7FE1F23A307F6014695
:1089D000814597C7FE1F23AB07F49790FE1FE780E2
:1089E000A0D02A89631A051003A4C903954738202B
:1089F0006314F710194697C5FE1F938505C013052C
:108A000094009780FE1FE780804085476316F50E2F
:108A100083A789031947014698C38C200D4591858A
:108A20008D899790FE1FE780A0E083A78900858B42
:108A3000E1C797C7FE1F23AB07EE83A74187829745
:108A40002324AA00EFF07FBC97C7FE1FA38207C6AE
:108A500097C7FE1FA38407C83C388146130600024F
:108A60009CBC5C28BCAC5C38BCBC1C287834A2071D
:108A7000D98F183842075D8F3C28E207D98F9CC4F4
:108A80007C387828A207D98F182C42075D8F1C3CB0
:108A9000E207D98FDCC80147B3D5E74889C5050986
:108AA0001379F90F85460507E318C7FEB9E297C7A2
:108AB000FE1FA38707C23C2C9305340019469CACCB
:108AC00017C5FE1F130585C289472306FA00978044
:108AD000FE1FE780E02D624403450A01F240D244C4
:108AE0004249B249224A13068002914505616FD07E
:108AF0004FF8A3082A01C1B79790FE1FE780C05620
:108B0000FD572306FA00F2406244D2444249B2497A
:108B1000224A05618280411106C622C4F52313064C
:108B20004002814517C5FE1F130585BA9780FE1FB9
:108B3000E780C02A17C4FE1F130484B9FD57170528
:108B40000000130505D21CC0EFD01FAB08A8B2402F
:108B5000224401454101828017C7FE1F0327C7BE7B
:108B6000AA87085719C51A2D6305F700130585054F
:108B7000DDBF8280AA8717C5FE1F0325E5C011E16E
:108B800082801A25E30EF7FE0841D5BF97C6FE1F67
:108B900083C6F6A517C6FE1F034686AA2A879387B3
:108BA000160017C5FE1F032525BF19C2939716008F
:108BB0009207C166AA97FD166394A70001458280BB
:108BC0003225E30EE6FEE30CD6FE4105F5B70111B2
:108BD00022CC17C4FE1F1304E4D4584C26CA06CE78
:108BE0004AC84EC6954797C4FE1F83A424B863069F
:108BF000F700584C8D47631FF7008347140281E745
:108C0000930760101EB0F2406244D2444249B24918
:108C1000056182805C4C1389418C832709003707EA
:108C20000200194523A2070698C797C7FE1F23A372
:108C300007D09389418B9790FE1FE780804A03A756
:108C40000900B7C7898E938767ED1CC7B7575500D2
:108C5000938757555CC383C724021307F00F6387BC
:108C6000E700A380F402FD572381F40203270900E3
:108C700001469305F00F5C43014593E717005CC381
:108C8000930710FABCA499475CCC97C7FE1F23AB8F
:108C900007C81384418D9790FE1FE780C0D218400B
:108CA0005C57F59B5CD783A6090098349C421377E8
:108CB000F70793F707F8D98F9CC297C7FE1F83C7A2
:108CC000279899C703A5C18A9780FE1FE780A04A0D
:108CD00003A70900B70633001C4393F7F7CF1CC363
:108CE0001C4393F7F7CF93E707201CC318401C479A
:108CF000D58F1CC703270900B70703009387871583
:108D00003CCB97C7FE1F23A907C297C7FE1F23AD01
:108D100007C085471CC3C5BD1387018B1C43930641
:108D2000001094C301000100010001001C4323A0B6
:108D30000700143103480500A206B3E60601034804
:108D4000250042083368D8003431E206B3E6060154
:108D500094D7543103484500A206B3E60601034800
:108D6000650042083368D8007431E206B3E60601B4
:108D7000D4D7143503488500A206B3E6060103489C
:108D8000A50042083368D8003435E206B3E6060190
:108D900094DB54350348C500A206B3E60601034838
:108DA000E50042083368D8007435E206B3E60601F0
:108DB000D4DB94318821A206C98EA8214205558DA5
:108DC000B431E206C98E94CFD431C821A206C98E2F
:108DD000E8214205558DF431E206C98ED4CF8825AD
:108DE0009435A206C98EA8254205558DB435E206F4
:108DF000C98E94D3D435C825A206C98EE82542056C
:108E0000558DF435E206C98ED4D3D443F59AD4C334
:108E1000D44393E61600D4C3944393E6160094C358
:108E20001443DC42858BBDE39C4E01451CA21C43D0
:108E30009C4FA1831CB21C439C4FC1833CA21C438A
:108E40009C4FE1833CB21C43D84F58A2D84F21839A
:108E500058B2D84F418378A2D84F618378B29853E3
:108E600018A69853218318B69853418338A698536F
:108E7000618338B6D85358A6D853218358B6D853EF
:108E8000418378A6DC53E1837CB68280010049BF30
:108E9000011122CC2A84354506CE2EC632C49790C5
:108EA000FE1FE780002403A7418C3C4B228593E7FB
:108EB00007083CCB2246B245EFF01FE6F240624481
:108EC00001450561828083A7418B98433706008264
:108ED0007D161317772998C31307F03F98DF130700
:108EE0000005D8DBD8571317F729D8D7D45717B7A9
:108EF000FE1F03472770931547601377F703F18E22
:108F00006607558FD8D79306A00303A7418D63DF6B
:108F1000B602744F37060007D18E74CF37070200B0
:108F20001307C720D8DF984B137707FC1367E700B8
:108F300098CB37E700E0D147A309F7049787FE1FD6
:108F40009387E76493E717007CD78280930620021B
:108F500063DAB600744F370600F97D16F18E3706D6
:108F600000055DBF370600F9E9467D1663D7B600F8
:108F7000744FF18E3706000345B7744FF18E939608
:108F8000862961BF411122C406C617C4FE1F1304FF
:108F9000649903470402A1476318F70217B7FE1F3D
:108FA0000347077197B7FE1F93878772058BB0330E
:108FB000B42321CBC84331C50C310905EFE09FE450
:108FC00001C58547A300F402034704029947631AC9
:108FD000F70097B7FE1F83A76779BC3795C7EFF0F7
:108FE0001FBF034704029D476310F70297B7FE1F98
:108FF00083A70779FC3389CB2244B24041016F003B
:10900000504D814501455DBFB240224441018280FF
:1090100097C7FE1F93870791D44F11476385E60ECC
:1090200083C737026391070EB7C7004003A7018BC0
:10903000938707306319F70C011122CC37E400E065
:1090400026CA044006CE4AC84EC652C456C2B70706
:109050002000FD8C2320F4180F1000003545979058
:10906000FE1FE7800008938A418B1522A522EFF0AE
:109070009FE583A70A00138A418DB7063300984302
:109080009389418C370903001367070898C39843F5
:109090001377F7CF98C398431377F7CF1367072059
:1090A00098C303270A001C47D58F1CC783A7090054
:1090B00013078955B8CBAD24EF00B01D75223524B8
:1090C00003A70A001C4393F7F7CF93E707101CC3CD
:1090D00083260A003707CEFF7D179C46F240224ABE
:1090E000F98F9CC683A70900924AB24923A8270595
:1090F00097C7FE1F23A60784232094106244D244FE
:109100004249056182808280B7C7004013870730DB
:1091100023A8E18A13870720411123A2E18C9387BA
:10912000071037D7004022C406C617B4FE1F130429
:10913000647F23AAE18C23AAF18A85475CCC97B788
:10914000FE1F9387276D5CDC97B7FE1F83A74749F7
:109150001CDC9787FE1F9387E74323A0F18CEFF079
:109160003FEBB7E700E0A301040203C757411367D1
:109170000708A38AE740B24022443707100023A023
:10918000E7103707200023A0E7104101828083A762
:10919000418C1307C008D8CB93066007D4CFD8D32F
:1091A0001306E006D0D7D8DBD0DFF8C3F4C7D84326
:1091B000059BD8C30547FAA323AA070417B7FE1FC8
:1091C0000327077AF8DF7D5798C737071F003D0749
:1091D000D8C7828083A7418D1307004898D7D85FEE
:1091E000B70600F9FD16758F13179729D8DFD85FDA
:1091F0009D663706FDFF0E070D831317E729D8DF9D
:10920000985B7D161367077098DB985B558F98DB2A
:10921000985BB7060700558F98DB985BB706009000
:10922000FD16758F1317C72998DBB4473707F9FF69
:109230007D17F98EB4C7F447E19AF4C7F44793F663
:10924000F6F8F4C7F447F18EF4C7F44F758FF8CFF2
:10925000F84FB70690FFFD16758FF8CF93074006BD
:109260000100FD17F5FF82801387418D1C43B44B2D
:1092700093960649B4CB94479396562994C7D447FE
:1092800093E60601D4C7D447BD9AD4C701000100B4
:10929000010001001C43D44793E60601D4C7D44320
:1092A0009396C628D4C303A6418C9306400674D275
:1092B000745291C683A6C70993D68648F5DA010091
:1092C0000100010001001C4313870708544FB84BED
:1092D000FD8A13170729B8CBB84B019B558FB8CB24
:1092E00098471317574998C7828083A7418DB44F79
:1092F00041777D17F98EB4CF94479396062994C78A
:10930000D44793F6F6EFD4C7D443758FD8C3D84764
:1093100013670710D8C7D84313170729D8C382800B
:10932000397122DC4ED652D406DE26DA4AD856D21D
:109330005AD05ECE62CC66CA6AC86EC603A4418D9E
:109340005C409389318D138A118D93F7F7EF5CC0E0
:109350001C549397C7481CD45C54BD9B5CD41C44DC
:10936000939717291CC45C4093E707015CC0B7576B
:10937000341203A7818C938787676309F7705C4079
:1093800001791309F90FF99B5CC01C5C3167130765
:1093900007F0B3F72701D98F1CDC5C409304040865
:1093A00093E717005CC09780FE1FE780C06B9C4866
:1093B00093F7F7032380F900DC48A98393F7F707B5
:1093C0002389F18C5C403D6713070780F99B5CC0E3
:1093D0001C5CB3F72701D98F1CDC5C4093E71700B6
:1093E0005CC09780FE1FE78000689C4893F7F703F6
:1093F000A387F18CDC48A98393F7F7072387F18CC7
:109400005C40356713070740F99B5CC01C5CB3F7F1
:109410002701D98F1CDC5C4093E717005CC0978064
:10942000FE1FE78040649C4893F7F7032300FA008F
:10943000DC48A98393F7F7072388F18C5C404167E8
:10944000130707C0F99B5CC01C5CB3F72701D98FD9
:109450001CDC5C4093E717005CC09780FE1FE78030
:1094600080609C4893F7F703A386F18CDC48A983BE
:1094700093F7F7072386F18C834C0A0003C7090092
:10948000930760021306500233079741B307F702B0
:109490009306700293054002130530021308200260
:1094A000130E1002F94E754FFD4FF14A3306C702F5
:1094B0006D4BE94B654CD942D543DD48D14DCD4488
:1094C0004949B3C7D7023D43B949294D354A3346C7
:1094D000D60292072206D18F3306B702D98F95455F
:1094E0003346D6023206D18F3306A702130504088D
:1094F0003346D6024206D18F330607033346D602DF
:109500005206D18F3306C703254E3346D602620674
:10951000D18F131657003346D6027206D18F1CD155
:109520003306E703194FB307D7039D4EB3C7D702DE
:109530003346D60292072206D18F3306F7038D4FAA
:109540003346D602D18F33065703B14A3346D6028B
:109550003206D18F330667032D4B3346D6024206BF
:10956000D18F33067703E14B3346D6025206D18FB3
:1095700033068703454C3346D6026206D18F330645
:1095800077033346D6027206D18F5CD13306770259
:10959000B30757023346D602B3C7D7022206920753
:1095A000D18F330617033346D602D18F3306B70364
:1095B0003346D6023206D18F330697023346D6029F
:1095C0004206D18F330627033346D6025206D18F87
:1095D000330687033346D6026206D18F131647003F
:1095E0003346D6027206D18F1CD5B30767023346C5
:1095F000F703B3C7D7022206D18F330637033346AA
:10960000D6021206D18F330657033346D6023206EE
:10961000D18F330667033346D6024206D18F330615
:10962000A7033346D6025206D18F3306C70333460B
:10963000D6026206D18F131637003346D602720661
:10964000D18F5CD5B307D70333464703B3C7D702DF
:109650004206D18F3346D7026206D18F3306E70325
:109660003346D6021206D18F3306B7023346D602EE
:109670002206D18F131627003346D6023206D18F29
:10968000131617003346D6025206D18F1CD983C752
:10969000F18CB387FC4033C6A70393FCFC03B3CD26
:1096A000B7033206920DB3EDCD001306800233C826
:1096B000C702B3ED0D01214833C80703420833E860
:1096C0000D01B3CDB702F20D3368B801B38DF703C6
:1096D000B3CDCD02A20D3368B801B38DE703B3CD8E
:1096E000CD02D20D3368B801B38DD703B3CDCD020F
:1096F000E20D3368B801338B6703232A0503114851
:10970000B38DC703B38A5703338A4703B38937033B
:1097100033C80703B3CDCD021208334BCB0233E875
:109720000D01B3CACA02220B336B6801334ACA0265
:10973000B20AB36A5B016D4BB3C9C902420A33EA8C
:109740004A01F14AD20933683A01B3896702754A7E
:1097500013034002B3C9C902E209B369380113987F
:1097600047003348C802338C87037208B3E9090104
:109770000948232C3503F94933892703B384970219
:10978000B3837702B3825702B3881703B38B77038F
:1097900033C80703334CCC0232083349C90233685B
:1097A0000C01654CB3C4C402120933692801B3C368
:1097B000C302A204B364990013091002B3C2C20227
:1097C000C203B3E3740093046002B3C8C802D202B8
:1097D000B3E2530093032002B3CBCB02E208B3E819
:1097E000120193023002F20BB3E87801E94B232E09
:1097F000150333887703B38867033348C802B3C8B7
:10980000C8021208A20833681801B3888703B3C8D6
:10981000C80233681801B3885703B3C8C802B20836
:1098200033681801B3884703B3C8C802C208336855
:109830001801B3883703FD49B3C8C802D20833689A
:109840001801B3883703B3C8C802E20833681801A7
:1098500093985700B3C8C802F20833681801232050
:109860000505338827039398C7013348C802336836
:109870001801B3887702B3C8C80292083368180188
:10988000B3885702B3C8C802A20833681801B38866
:109890006702B3C8C802B2083368180193085002BF
:1098A000B3881703B3C8C802C20833681801B38865
:1098B0009702B386D702B3C8C802B3C6C602D2089D
:1098C00033681801E206B366D80074C193069002AB
:1098D000B386D70203288504137808FFB3C6C602EF
:1098E000BD8AB366D80034C59306A002B386D702FA
:1098F000B3C6C60230451376F6F0BD8A9206D18E05
:1099000034C503C6018D03C8E18C33080641B30694
:10991000A80303238504B308B802B3C6F602B3C88C
:10992000F802A206F208B3E61601B308C803B3C8EA
:10993000F802B208B3E6160193183800B3C8F8026B
:10994000C208B3E61601B308D803B3C8F802D208B8
:10995000B3E61601B308E803B3C8F802E208B3E6B9
:109960001601B798888893880880B3E61601B3E695
:109970006600931828003343F80234C583C6218D4E
:10998000918E1376F6076206B3C8F8023203B3E885
:1099900068003383F6033343E302B30FF803720323
:1099A000B3E86800060833C3E602B3CFFF025203F0
:1099B000B3E868003348F802920FB3E8F8012208D0
:1099C000B3E70801139816003348E8026208B3E7CA
:1099D0000701256813088888B3E707017CC5338F22
:1099E000E603B387B60293952600B3C7E702334F69
:1099F000EF029207B3C5E502220FB3E7E701B38E8A
:109A0000D603CD8F93953600338EC603B386A60357
:109A1000B3CEEE02B3C5E502B20EB3E7D701334EC3
:109A2000EE02C205CD8FB3C6E602520EB3E7C70100
:109A3000370700817D17E206D58F3CC95C40BD9B8E
:109A40005CC05C40F99B5CC01C549397C7281CD435
:109A50005C5493E707015CD41C5C93F707FCB3EC00
:109A60009701232C94031C5CF98FD18F1CDCF250DE
:109A70006254D2544259B259225A925A025BF24B62
:109A8000624CD24C424DB24D2161828023A4018CA4
:109A9000E5B203A7418D5C4393E707105CC3828066
:109AA000411106C60128930560402D2AB2400145A8
:109AB0004101828041119317B02806C622C4E98F64
:109AC00095C3EFF06F89AA87094589CB9423114785
:109AD00031456395E600154798A34945B2402244B5
:109AE000410182802E84EFF0EF8865D93C25C18B3F
:109AF000EDD73C35230A8504B337F000E9071CA9EC
:109B00000145E9BF011126CA4AC852C406CE22CC7B
:109B10004EC62E8A3289B684EFF0CF8571C1938705
:109B2000818D631D0900054798A30145F2406244F9
:109B3000D2444249B249224A05618280982385472E
:109B40002A846315F700238C018C094AB7E700E0EB
:109B500083A907003707200023A0E718B3F9E9001D
:109B60000F1000004165130545F5EFF02F8229C95C
:109B70003C253EA583278411A1E3232CA410232E8A
:109B8000A410930710F8F9141CB523200500231620
:109B900025012304450144C1834594020145B315C1
:109BA000B028B3C505089780FE1FE7808029B7E776
:109BB00000E023A0371195BF8327C41188C3C1B724
:109BC00097B7FE1F83A7C7A491C795659385555581
:109BD00005458297B7E700E023A037111D45B9B7C7
:109BE0000945A9B76FD07F8C011106CE2AC6978090
:109BF000FE1FE780A03701C9B245F24008214D465B
:109C000005616FC0BFE9F24049450561828083A7C5
:109C1000418E03A7C18D01456313F7008280F623AF
:109C200099E2D62336959C43C5BF17B7FE1F13078D
:109C3000279B1C435A23411193860711E117BA97BA
:109C4000856523A2D18E23AEF18C06C69D051356E1
:109C5000370063F4E500130600203387C60023A015
:109C6000E18E611698C2D2A2239306001CC3998F7D
:109C7000E1175EA323130700EFF07FF9B24097B717
:109C8000FE1F239EA792410182809E211CA19E213E
:109C9000A1831CB1AA210905334505088280011161
:109CA00022CC2A84C84106CEAE8601C92EC68D4577
:109CB0009780FE1FE78060F6B2462A8722856244BD
:109CC000F2406D4697050000938565FC05616FC005
:109CD0009FCC011126CA97B4FE1F9384A4C4D84C0C
:109CE00022CC06CE4AC84EC6954717B4FE1F0324A1
:109CF00024A96306F700D84C8D47631FF70083C77C
:109D0000140281E7930770109EB0F2406244D2447F
:109D10004249B249056182800D459780FE1FE78068
:109D2000403C9389418B03A70900B7C7898E93876D
:109D300067ED1CC7B7575500938757555CC303475A
:109D4000A4039307F00F6305F700FD57230DF402FA
:109D50001389418C032709008547A30CF4025C4357
:109D60000145014693E717005CC3930720FB7CA0E5
:109D70009D47DCCC9305500297B7FE1F23A407BA7A
:109D80009384418D9780FE1FE780E0C39840014592
:109D90005C57F59B5CD783A6090058309C4213772B
:109DA000F70793F707F8D98F9CC297B7FE1F83C7B1
:109DB000278999C303A5818E9770FE1FE780A03B7A
:109DC00003A70900B70633001C4393F7F7CF1CC362
:109DD0001C4393F7F7CF93E707201CC398401C4719
:109DE000D58F1CC703270900B70703009387871582
:109DF0003CCB97B7FE1F23A107B497B7FE1F23A53F
:109E000007B285471CC311B709CE93070002918F93
:109E1000635AF000B357F500B395C5003315C5007C
:109E2000DD8D82800116B315C50001458280014891
:109E300063C8050E63DB0600B337C000B306D0402D
:109E40001348F8FF9D8E3306C040B2882A872E83C0
:109E5000F9E263F2C512C167636CF61AB707000135
:109E6000B337F600B307F040E19BE107335EF6003D
:109E700097360000938646A9F2969422130E0002AC
:109E8000B697B306FE40630CFE003393D500B3577C
:109E9000F500B318D60033E367003317D50013D6A7
:109EA00008013355C302B3C608089357070133733B
:109EB000C302B385A6024203B3E7670063FAB700A3
:109EC000C6971303F5FF63E4170163E8B7321A85F9
:109ED0008D8FB3D5C70233470708B3F7C702B386E0
:109EE000B602C2075D8F637BD70046979387F5FF65
:109EF00063651701F9156363D700BE8542054D8D73
:109F0000814563090800B337A000B305B0409D8DBB
:109F10003305A040828063FED50081450145D5B759
:109F2000B337A000B305B0409D8D3305A0407D58E8
:109F300011B7C16763E4F618B7070001B3B7F600BD
:109F4000B307F040E19BE107B3D8F60017370000F4
:109F50001307879B46971823130300023E97B30805
:109F6000E3406311E31863ECB6263335C5001345AF
:109F70001500814579B75DC2C167637AF624133352
:109F80000610134313000E03B35666009737000004
:109F900093878797B6979423930700029A96B38E78
:109FA000D740639CD708B386C54085451353060147
:109FB0003346060833D5660293570701B3F66602A7
:109FC000330EC502C206D58F63FAC701C697930642
:109FD000F5FF63E4170163EFC7213685B387C741F7
:109FE000B3D6670233470708B3F767023386C60262
:109FF000C2075D8F637BC70046979387F6FF636553
:10A000001701F9166363C700BE864205558DD5BD9D
:10A010009337061093C717008E0789BD814697377F
:10A0200000009387678EB69794230143930700023D
:10A030009A96B38ED740E388D7F6B318D60133DEAD
:10A04000D50013D30801B3576E02B356D5003317AA
:10A05000D50133C60808B395D501CD8E93D5060139
:10A06000337E6E023305F602420EB3E5C50163FB93
:10A07000A500C695138EF7FF63EA151763F8A516BA
:10A08000F917C695898D33D56502B3C60608B3F5B1
:10A090006502330EA602C205CD8E63FBC601C696CD
:10A0A0009305F5FF63E0161563FEC6137915C69692
:10A0B00093950701B386C641C98DEDBD93B70610D0
:10A0C00093C717008E07B3D8F600173700001307A1
:10A0D000A78346971823130300023E97B308E34073
:10A0E000E303E3E8B35EE600B3961601B3EEDE00E9
:10A0F00033D3E50013DF0E01B357E303B395150126
:10A100003357E5004D8F33CE0E08935607013316B3
:10A1100016013373E303B305FE024203B3E66600A0
:10A1200063FBB600F6961383F7FF63E3D60D63F186
:10A13000B60CF917F6968D8EB3D5E60333470708AC
:10A14000B3F6E6033303BE02C206558F637B670096
:10A1500076979386F5FF6369D70963776708F915E2
:10A160007697C207416FCD8F9306FFFFB3F5D700F7
:10A1700013DE0701F18E4182B38ED50233076740AB
:10A18000B306DE0213D30E01B385C502B6959A95C8
:10A19000330ECE0263F3D5007A9E93D60501F29674
:10A1A0006363D7026305D7003E85814599BBC166CD
:10A1B000FD1633F7D5004207B3FEDE003315150157
:10A1C0007697E373E5FE1385F7FF81451DBBB7075F
:10A1D00000016377F60293560601414345BB814572
:10A1E000054505B32E85E9B5B685A5BFF28759BDEE
:10A1F0009A8791B77915C697D5B37915C697C9B916
:10A2000093568601614359B33288AA882E87CDEAD6
:10A2100063FFC50EC167636AF618B7070001B3375D
:10A22000F600B307F040E19BE1073353F6009726B1
:10A2300000009386666D9A96942213030002B697E7
:10A24000B306F340630BF3003397D500B357F50023
:10A250003318D6005D8FB318D50013560801335557
:10A26000C702B346080893D708013377C702B385FE
:10A27000A6024207D98F63FAB700C2971307F5FF0A
:10A2800063E4070163E8B7303A858D8F33D7C7029F
:10A29000B3C80808B3F7C702B386E602C207B3E83B
:10A2A000F80063FBD800C2989307F7FF63E5080145
:10A2B000791763E3D8003E874205598D8145828036
:10A2C00063F5D500814501458280C16763E5F618D5
:10A2D000B7070001B3B7F600B307F040E19BE10711
:10A2E00033D8F60017270000130707624297182398
:10A2F000930800023E973388E8406392E81863EDC4
:10A30000B6263335C500134515008145828045C604
:10A31000C167637BF62413370610134717000E0737
:10A32000B356E600972700009387075EB6979C23F5
:10A3300093060002BA97B38EF640639DF608B38782
:10A34000C5408545935606013346060833D5D702E6
:10A3500013D70801B3F7D7023303C502C207D98F59
:10A3600063FA6700C2971307F5FF63E4070163E030
:10A3700067223A85B387674033D7D702B3C8080846
:10A38000B3F7D7023306C702C207B3E8F80063FB8E
:10A39000C800C2989307F7FF63E50801791763E3E4
:10A3A000C8003E874205598D82809337061093C7B7
:10A3B00017008E079DBD8146972700009387C754DD
:10A3C000B6979C23014793060002BA97B38EF640D6
:10A3D000E387F6F63318D60133D3F5009356080118
:10A3E000335ED302B395D501B357F500CD8F334615
:10A3F000080813D70701B318D5013373D302B30587
:10A40000C603420333676700637BB70042971305B7
:10A41000FEFF636A07176378B716791E42970D8FA0
:10A420003355D702B3C707083377D7023303A602E1
:10A430004207D98F63FB6700C2971307F5FF63E0FC
:10A44000071563FE67127915C29793150E01B3873E
:10A450006740C98DE5BD93B7061093C717008E07F7
:10A4600033D8F600172700001307074A429718232E
:10A47000930800023E973388E840E382E8E8335EC1
:10A48000E600B3960601336EDE00B3D8E500935EB6
:10A490000E01B3D7D803B39505013357E5004D8FAF
:10A4A00033430E089356070133160601B3F8D80359
:10A4B000B305F302C208B3E6160163FBB600F296D9
:10A4C0009388F7FF63E3C60D63F1B60CF917F296B4
:10A4D0008D8EB3D5D60333470708B3F6D603B3083A
:10A4E000B302C206558F637B170172979386F5FFFF
:10A4F0006369C70963771709F9157297C207C16EB7
:10A50000CD8F9386FEFFB3F5D70013D30701F18EED
:10A510004182338ED50233071741B306D3029358D5
:10A520000E01B385C502B695C6953303C30263F326
:10A53000D500769393D605019A966363D702630597
:10A54000D7003E8581458280C166FD1633F7D50070
:10A550004207337EDE00331505017297E373E5FE93
:10A560001385F7FF81458280B70700016377F60204
:10A570009356060141477DB38145054582803A8562
:10A58000E9B5B685A5BF2A8E59BDC68791B779159D
:10A59000C297CDB37915C297CDB99356860161475D
:10A5A00051B301476314E60001458280B307E5001B
:10A5B0000507B386E5009C2383C6F6FFE384D7FE38
:10A5C0003385D74082805D7122D406D62A842EDA64
:10A5D00032DC36DEBAC0BEC2C2C4C6C603A58181A3
:10A5E00011C51C4D81E72AC6B52D32450C455418BE
:10A5F000228636CEEF00F034B25022546161828060
:10A60000AA8503A5818111CD1C4D81EF011106CED4
:10A610002EC62AC4812D2245B245F240104505615F
:10A6200019A01045F5BF411122C426C24AC006C672
:10A630002A89AE84328401C51C4D91E325259727D4
:10A640000000938767406313F406032449007C509D
:10A65000858B81EB5E2493F7072081E7284CEF0080
:10A6600020791C44FD171CC463DA0700184C63C131
:10A67000E70693F7F40F2947638CE7041C40138720
:10A68000170018C084A393F4F40F7C50858B81EBE2
:10A690005E2493F7072081E7284CEF008075B240D5
:10A6A0002244024926859244410182809727000076
:10A6B000938787376315F4000324890049BF9727E0
:10A6C000000093876734E314F4F80324C90041B70A
:10A6D000A68522864A85B12AAA8445BF011126CAC9
:10A6E00006CE22CC4AC84EC652C4AA8419E11C45E3
:10A6F00002901C4D2E89ADE3B5239C4C8044B9CF0C
:10A700009727000093874734631DF404C0407C50B2
:10A71000858B99E75E2493F7072099E3284CC92D90
:10A720005E24A18B99C31C48D5E3A2852685C1224E
:10A7300051CDFD547C50858B99E75E2493F707201B
:10A7400099E3284C7D25F24062444249B249224AAD
:10A750002685D2440561828000455DB72685192390
:10A7600045B7972700009387272C6314F400804493
:10A7700079BF9727000093872729E31AF4F8C0448C
:10A7800079B71CC4050963C807021C40138717006A
:10A7900018C08CA31C4483450900FD17FDF11CC49F
:10A7A00063D907022286A94526856120FD57E30269
:10A7B000F5F8A94441B7184C63C4E700E39745FD99
:10A7C00022862685BD20E31735FDA5B7FD59294A08
:10A7D000D1B71C401387170018C0294798A3D1BFD1
:10A7E000AA8503A581816FF07FEFAA87982185074D
:10A7F0008505A38FE7FE7DFB8280AA8798238507C6
:10A8000075FF3385A7407D15828015C27D160147EF
:10A81000B307E500B386E5009C2394226396D70036
:10A820006304C7000507EDF73385D74082800145F3
:10A830008280011122CC26CA4AC806CE4EC6AA84FE
:10A840002E89328401C51C4D91E3292997270000E8
:10A850009387871F6317F402C0401C4C1CC45E24FE
:10A86000A18B99C31C4895EFA2852685492015C95F
:10A870007D59F2406244D244B2494A854249056159
:10A880008280972700009387271A6314F40080447E
:10A89000E9B79727000093872717E310F4FCC0441B
:10A8A0006DBF1C4808409379F90F1379F90F1D8D7E
:10A8B0005C486346F500A2852685912C55F91C4419
:10A8C0000505FD171CC41C401387170018C0238002
:10A8D00037015C486388A7005E24858BD9DBA947D4
:10A8E000E319F9F8A28526851D2441D551B74111F8
:10A8F00022C426C24AC006C683A481812A892E8426
:10A9000089C49C4C99E32685B12E97270000938734
:10A91000A7136313F402C0408317C40013F7870022
:10A9200025E713F707010DEB25472320E90093E7FF
:10A9300007045EA47D5571A0972700009387C70E7A
:10A940006314F4008044C9BF972700009387C70BA6
:10A95000E314F4FCC044C9B7918B9DC34C5889C91A
:10A96000930744046384F5004A859D2B232A04023F
:10A970005E242322040093F7B7FD5EA41C481CC08C
:10A980005E2493E787005EA41C4899EB5E241307BE
:10A99000002093F707286385E700A2854A857D217B
:10A9A0008317C40013F717001DC35848232404005D
:10A9B0003307E04018CC1848014501E713F70708B2
:10A9C0003DF7B2402244924402494101828013F78C
:10A9D0002700814611E3544814C4F1BF8397C50092
:10A9E000011122CC26CA06CE4AC84EC613F78700EC
:10A9F000AA842E8479E3D8416345E000B8416356C8
:10AA0000E008585459C303A9040023A004000C50C3
:10AA100093D7C748A9CB70485E24918B99C75C40F7
:10AA20001D8E5C5899C33C401D8E5C540C50814671
:10AA300026858297FD57630CF5041C480567232281
:10AA400004001CC05E24F98F91C368C84C5823A031
:10AA5000240185CD930744046384F50026854921AC
:10AA6000232A04021DA00146854626850297FD572C
:10AA70002A86E313F5FA9C40C5D375476385E70042
:10AA800059476395E70623A024010145B5A09840E6
:10AA90008317C40001CFF5466305D700D946631973
:10AAA000D7041C48232204001CC04DB71848232299
:10AAB000040093D7C74818C041BF83A90501E386A6
:10AAC00009FC03A905008D8B23A035013309394109
:10AAD000014791E3D84918C4E35920FB1C540C509A
:10AAE000CA864E8626858297634FA0008317C400CE
:10AAF00093E707045EA47D55F2406244D244424984
:10AB0000B24905618280AA993309A940F1B79C49ED
:10AB1000411106C622C426C281EB8144B2402244C0
:10AB20002685924441018280AA842E8401C51C4D51
:10AB300091E30D2A97270000938707F1631DF40224
:10AB4000C0408317C400F1DB7850058B11E793F701
:10AB5000072099E3284C692C2685A285EFF01FE891
:10AB60007C50AA84858BDDFB5E2493F70720DDF7FC
:10AB7000284C412465B7972700009387E7EA6314C0
:10AB8000F40080447DBF972700009387E7E7E31A2E
:10AB9000F4FAC0447DB7411122C406C62A844EA5EA
:10ABA00072A523200500232205002324050023226B
:10ABB000050623280500232A0500232C050021462D
:10ABC00081451305C505EF70AEEA9717000093871E
:10ABD00087855CD097170000938787871CD49717C9
:10ABE00000009387478B5CD4971700009387878D6D
:10ABF000B24000D01CD82244410182809705000059
:10AC0000938525F149A2411126C2930780069384BA
:10AC1000F5FFB384F4024AC02E8922C406C6938588
:10AC20004407452E2A8401CD232005002322250137
:10AC3000310508C4138684068145EF706EE3B24087
:10AC40002285224492440249410182801385018F6A
:10AC500045A21385018F71AA1385418F51AA1385CF
:10AC6000418F41AA411122C406C62A84EFF0DFFEBB
:10AC70001C4C91C72244B24041016FF05FFE970720
:10AC800000009387E7F71CD423240404232604043C
:10AC90002328040483A741846394870085471CCC40
:10ACA0002285152848C022853D2008C422852520FC
:10ACB00048C4484001469145EFF0FFED0844054681
:10ACC000A545EFF05FED48440946C945EFF0BFECFC
:10ACD00085471CCC45B7411126C24AC006C622C4CE
:10ACE0002A89EFF0BFF683A441849C4C81E7268536
:10ACF000EFF05FF7938484048044DC40FD1763D653
:10AD000007009C40A5C78440C5BF0317C40021EFBE
:10AD1000C17785075CC41305840523220406C12876
:10AD2000EFF03FF3214623200400232404002322D4
:10AD3000040023280400232A0400232C0400814556
:10AD40001305C405EF70CED2232A0402232C04027B
:10AD50002324040423260404B2402285224492447E
:10AD60000249410182801304840649BF91454A8506
:10AD7000EFF07FE988C02A8459F5EFF09FEDB147E5
:10AD80002320F900D1BF797122D44AD04ECE52CCC3
:10AD90005AC85EC606D626D256CA2A892E8A1304F7
:10ADA00085048149054BFD5B0444832A4400FD1A58
:10ADB00063D00A0200406DF8B250225492540259F6
:10ADC000624AD24A424BB24B4E85F249456182807B
:10ADD000DE24637BFB008397E40063877701A6850D
:10ADE0004A85029AB3E9A90093848406C9B7828090
:10ADF000828082805971A2D42E848395E500A6D2E8
:10AE0000CAD086D6B284368963D205025E2493F70F
:10AE100007088DEB13070040B65026542320F90095
:10AE200098C0065996540145656182803000ED2531
:10AE3000E34E05FC3247BD67F98F7977BA9793B730
:10AE40001700C9BF814713070004F9B7DE257971E0
:10AE500022D406D626D24AD04ECE898B2E8491CFCC
:10AE6000930774041CC01CC885475CC8B2502254A8
:10AE700092540259F2494561828074003000AA84DC
:10AE8000EFF05FF7A2492A892685CE85992219E934
:10AE90008317C40013F7072071FBF19B93E727008A
:10AEA0005EA47DBF97070000938787D59CD45E245E
:10AEB00008C008C893E707085EA4B247232A3401F4
:10AEC00099CB8315E4002685A52D11C55E24F19B41
:10AED00093E717005EA45E2433E527014AA479B7FF
:10AEE000D1CD83A7C5FF011122CC06CE1384C5FFA7
:10AEF00063D307003E942AC6452D1387C18F1C4398
:10AF0000324581EB2322040000C36244F240056114
:10AF100045A5637DF4001040B306C4006396D700D6
:10AF20009443DC43B29614C05CC0F9BF3E87DC4357
:10AF300099C3E37DF4FE14433306D700631F8600F4
:10AF40001040B29614C33306D700E390C7FC904379
:10AF5000DC43B29614C35CC34DBF6375C400B147F4
:10AF60001CC165B71040B306C4006396D700944374
:10AF7000DC43B29614C05CC040C341BF8280411123
:10AF80004AC01389818F8327090022C426C206C6BE
:10AF9000AA842E8489E781458D212320A900A285DA
:10AFA0002685A1297D59631A25017D54B240228549
:10AFB0002244924402494101828013043500719871
:10AFC000E30685FEB305A44026850529E31025FF89
:10AFD000E9BF011126CA93843500F1984AC8A1043B
:10AFE000B14706CE22CC4EC62A89B3F4F40A63C414
:10AFF000040063FDB400B1472320F9000145F2408D
:10B000006244D2444249B24905618280712B9389DE
:10B01000C18F83A709003E8421E8A6854A85EFF009
:10B020001FF6FD572A846317F50A03A40900A287B7
:10B03000C9EB8329040081454A85A2997D2E639539
:10B04000A9081C408D044A859D8CF198B147A10444
:10B05000B3F4F40AA685EFF09FF2FD576306F506F8
:10B060001C40A6971CC015A01440858E63C806041A
:10B070002D47637DD70204C033079400639687028F
:10B0800023A0E9005C4014C35CC34A851523130563
:10B09000B4009307440061993307F540E301F5F6E6
:10B0A0003A94898F1CC0A1BFD8C3E9BF58406395AB
:10B0B000870023A0E900D1BFD8C3C1BFA287404009
:10B0C000A1BF3E84DC43ADB7B1472320F9004A85D8
:10B0D000C5212DB704C155BF1C46FD171CC663DA38
:10B0E0000700184E63C5E700A9476394F5006FF0A9
:10B0F0004FF41C422E851387170018C28CA3828040
:10B10000011122CC26CA4AC84EC652C406CE2A898C
:10B11000AE893284B304D6007D5A6314940001458D
:10B1200009A80C204E864A85EFF01FFB0504E316A4
:10B1300045FFF2406244D2444249B249224A056185
:10B140008280357122CD26CB4AC94EC706CF52C563
:10B1500056C35AC1DEDEE2DCAA892E843289B68467
:10B1600009C51C4D99E3EFF0FFAF972700009387C7
:10B17000A78D6318F40403A449007C50858B81EBF0
:10B180005E2493F7072081E7284CEFF07FC65E240A
:10B19000A18B99C31C48A5E3A2854E85EFF02FF53E
:10B1A00039C97C50858BA1C37D55FA406A44DA4485
:10B1B0004A49BA492A4A9A4A0A4BF65B665C0D61CB
:10B1C000828097270000938727866315F40003A4E5
:10B1D000890065B79727000093870783E31FF4F87A
:10B1E00003A4C90059BF5E2493F70720D5FF284C5C
:10B1F000EFF03FC055BF93070002A304F10293078D
:10B20000000302D22305F10226C6930B5002972AAF
:10B210000000938A6A85294BCA849C2099C3639A4B
:10B220007709338C2441638E2401E2864A86A28505
:10B230004E85EFF0FFECFD576306F5189257E29745
:10B240003ED29C2063800718FD571389140002C862
:10B2500002CE3ECA02CCA309010482D48345090070
:10B26000154656853526C2479304190029E513F77C
:10B27000070109C713070002A309E10413F78700B8
:10B2800009C71307B002A309E104834609001307A5
:10B29000A0026389E602F247CA84814625469820C7
:10B2A00093851400130707FD6372E60685C63ECE3C
:10B2B00015A085049DB733055541B397A728268966
:10B2C0003EC869BF324793064700184336C66348F5
:10B2D00007023ACE98209307E002631CF7049830E7
:10B2E0009307A002631AF702B24789041387470045
:10B2F0009C433AC67D57B3E7E70A3ECA1DA8330709
:10B30000E04093E727003ACE3EC8E9B7B38767032A
:10B31000AE848546BA9761B7850402CA81468147E3
:10B320002546982093851400130707FD6372E606EF
:10B33000E9F68C200D461715000013056573892C5E
:10B3400011CD971700009387A7721D8DC247130771
:10B3500000043317A700D98F85043EC88C201946F6
:10B360001715000013050571138914002304B10299
:10B37000052435C99307000095E74247B247137784
:10B38000071009CF91073EC69257D2973ED269B5B2
:10B39000B3876703AE848546BA9761B79D07E19B83
:10B3A000A107D5B77800970600009386A6D5228618
:10B3B0000C084E8597000000E7000000FD572A8A20
:10B3C000E314F5FC7C50858B81EB5E2493F707201A
:10B3D00081E7284CEFF0FFA15E2493F70704E39583
:10B3E00007DC1255D9B3780097060000938686D102
:10B3F00022860C084E85F124D1B7411122C42A843B
:10B400002E8523A0019006C6EF70BEBBFD576316C4
:10B41000F50083A7019091C31CC0B24022444101B2
:10B420008280411122C42E848395E50006C6012B3B
:10B43000634905007C48AA977CC8B2402244410178
:10B4400082805E249397C7485EA4C5BFDE250111A4
:10B4500022CC26CA4AC84EC606CE93F70710AA8445
:10B460002E843289B68991C78395E50089460146C5
:10B47000DD285E248315E400F2409397C7485EA45C
:10B480006244CE864A86B24942492685D244056145
:10B490001DA8411122C42E848395E50006C6E12033
:10B4A0007D575E246319E5009397C7485EA4B240B8
:10B4B0002244410182809397C72868C85EA4C5BF13
:10B4C0008395E5003DA0411122C42A842E85B285D2
:10B4D000368623A0019006C6EF709EACFD5763161A
:10B4E000F50083A7019091C31CC0B24022444101E2
:10B4F0008280411122C42A842E8523A0019006C691
:10B50000A521FD576316F50083A7019091C31CC0C8
:10B51000B240224441018280411122C42A842E85F6
:10B52000B28523A0019006C6B121FD576316F50030
:10B5300083A7019091C31CC0B24022444101828084
:10B54000411122C42A842E8523A0019006C60D290C
:10B55000FD576316F50083A7019091C31CC0B2404C
:10B56000224441018280411122C42A842E85B28561
:10B57000368623A0019006C61129FD576316F500F3
:10B5800083A7019091C31CC0B24022444101828034
:10B5900093F5F50F2A966314C500014582801C219E
:10B5A000E38EB7FE0505C5BF1385C18E6FF05F84BE
:10B5B0001385C18E6FF0FF83797156CA9C49BA8A90
:10B5C000984522D44AD04ECE52CC06D626D25AC85E
:10B5D0005EC6B3E7E70A1CC203C73504AA892E84F6
:10B5E0003289368A19C385071CC21C4093F70702AB
:10B5F00091C78327090089072320F900044099880F
:10B6000091E8130B9401FD5B5C4403270900998FBB
:10B6100063CCF40483473404B336F0001C4093F742
:10B620000702A5EB13063404D2854E85829AFD5796
:10B630006303F5041C4011478144998B6399E7002B
:10B640008327090044449D8C8147B3E4F40A1C44D9
:10B6500018486354F700998FBE94014969047D5BD3
:10B6600063982405014509A885465A86D2854E85EA
:10B67000829A631E75017D55B2502254925402592C
:10B68000F249624AD24A424BB24B456182808504FC
:10B69000A5BF3307D40013060003A301C704034763
:10B6A000540493871600A2978906A381E7049DBFDF
:10B6B00085462286D2854E85829AE30E65FB050972
:10B6C00045B7797122D44AD04ECE52CC06D626D276
:10B6D00056CA5AC803C88501930780072A892E8451
:10B6E000B289368A63E207039307200693863504FE
:10B6F00063E10703630C081C93078005171600001D
:10B700001306C6376308F8149304240423010405C0
:10B7100015A89307D8F993F7F70F5546E366F6FE99
:10B720001716000013060638B3C7C7209C43B2970C
:10B7300082871C4393842504938647009C4314C34B
:10B740002381F504854775A290411C4313750608B3
:10B750009385470029C19C430CC3584063DF0712FF
:10B760009305D002A301B40418C4635E0702B307B3
:10B77000F04017160000130666302948B68433F7E8
:10B780000703FD143297182398A03E87B3D7070309
:10B79000E37707FF85A09C43137506040CC355DDB2
:10B7A000939757605DBF6D9A10C0D1B790411C430D
:10B7B000137506089385470001C50CC39C4331A04F
:10B7C000137606040CC37DDA9E231307F0061716C2
:10B7D00000001306A62A6310E80C2148A301040404
:10B7E000584018C4E34C07F80C40ED990CC0D9F749
:10B7F000B68449F7A147631EF8001C40858B91CBA6
:10B8000058401C4863C7E70093070003A38FF4FE6A
:10B81000FD14858E14C85287CE867000A2854A8595
:10B82000EFF09FD9FD5A631A550D7D55B250225441
:10B8300092540259F249624AD24A424B456182808F
:10B840009C4193E707029CC113088007171600006C
:10B8500013060624A30204050C401C4313F8050834
:10B86000138547006305080008C39C4339A013F8FB
:10B87000050408C3E30B08FE9E2313F7150001C758
:10B8800093E505020CC099C3414889BF184013775E
:10B89000F7FD18C0D5BF294891B717160000130649
:10B8A000E61D294835BF90411C43CC491378060852
:10B8B000138547006306080008C39C438CC339A066
:10B8C00008C3137606049C4375DA8EA3232804006C
:10B8D000B68491B71C43D04181459386470014C379
:10B8E00084432685EFF0DFCA01C5B30795405CC0ED
:10B8F0005C401CC8A301040439BF14482686CE85C9
:10B900004A85029AE30355F31C40898B85E7484436
:10B91000B2473365F50A19BF85465686CE854A85F6
:10B92000029AE30465F185045C443247998FE3C5CC
:10B93000F4FEF1BF8144930A94017D5BF5B7411198
:10B9400022C42A842E85B285368623A0019006C69D
:10B95000A120FD576316F50083A7019091C31CC079
:10B96000B2402244410182809307800523A0F190D8
:10B970007D5582809307800523A0F1907D558280BC
:10B980009307800523A0F1900145828093078005ED
:10B9900023A0F1907D5582809307800523A0F1902C
:10B9A0007D55828069643634010000006964360187
:10B9B0007474FEFF8C74FEFFB074FEFFBA74FEFF59
:10B9C000D074FEFFE274FEFFFA74FEFF1E75FEFFE8
:10B9D0002875FEFF3E75FEFF2A20000043483538DB
:10B9E000355F424C455F4C49425F56312E34000072
:10B9F000686561642066696C65206572726F722E7D
:10BA00002E2E00004C494220696E697420657272C6
:10BA10006F7220636F64653A202578202E2E2E0ADF
:10BA2000000000004150505F4442472025733E20F3
:10BA3000000000002062745F6D6573685F7265735B
:10BA4000657420004C6F63616C2044657620556EF0
:10BA500070726F766973696F6E656400556E6162AE
:10BA60006C6520616C6C6F636174652062756666DD
:10BA7000657273006B657973203A2025642000009D
:10BA80004D4553485F4C49425F56312E3700000008
:10BA9000556E61626C652073657420636F6E6669B4
:10BAA0006775726174696F6E20286572723A2564D9
:10BAB00029000000496E697469616C697A696E6772
:10BAC000206D657368206661696C65642028657205
:10BAD0007220256429000000426C7565746F6F74D4
:10BAE0006820696E697469616C697A656400000038
:10BAF0004D657368206E6574776F726B2072657325
:10BB0000746F7265642066726F6D20666C61736815
:10BB1000000000004D65736820696E697469616C8E
:10BB2000697A6564000000006170705F73696C651C
:10BB30006E745F61647600006C696E6B5F6F706538
:10BB40006E0000006C696E6B5F636C6F7365000064
:10BB500070726F765F636F6D706C65746500000066
:10BB600070726F765F72657365740000626C656DEC
:10BB70006573685F6F6E5F73796E63006B65795094
:10BB80007265737300000000696E645F656E645FC8
:10BB90006362000073656E645F72657365745F69EC
:10BBA0006E6469636174650073656E645F6C65647F
:10BBB0005F7374617465000073656E645F737570A4
:10BBC000706F72745F61747472000000743F0020C3
:10BBD0000000000000000000000000000000000065
:10BBE000643F002010000000000000000000000082
:10BBF0000000000000000000000000000000000045
:10BC00007A3500000E3600003235000000000000DA
:10BC1000EA350000D7070000000000000100000026
:10BC2000B821002074746C3A2030782530327820A6
:10BC30006473743A203078253034780073656E640C
:10BC400020737461747573206661696C65643A2051
:10BC50002564000074746C3A2030782530327820E6
:10BC60006473743A203078253034782072737369A5
:10BC70003A2025640000000067656E5F6F6E6F6696
:10BC8000665F67657400000067656E5F6F6E6F6664
:10BC9000665F7374617475730000000067656E5FA2
:10BCA0006F6E6F66665F73657400000067656E5F38
:10BCB0006F6E6F66665F7365745F756E61636B0050
:10BCC0000182000000000000F63B0000028200003C
:10BCD00002000000C23C00000382000002000000DD
:10BCE0006E3C0000000000000000000000000000AA
:10BCF0006D65736820686561642066696C652065A0
:10BD000072726F722E2E2E00743E0000903E000064
:10BD10004E3E00004A3E00000304001000000000F8
:10BD20000A1400600001060514010307080202005E
:10BD3000C00002003C003C000200020401041E009E
:10BD400002000000500000002C01000064000A0006
:10BD500000000000D6BE898E252627007372633A44
:10BD600020307825303478206473743A2030782578
:10BD7000303478207469642030782530327820722D
:10BD80007373693A202564004E554C4C20627566E9
:10BD900000000000556E61626C652073656E642062
:10BDA0006D6F64656C206D657373616765202865D0
:10BDB00072723A2564290000556E61626C652073C9
:10BDC000656E6420696E64696361746520286572BC
:10BDD000723A2564290000002C000000556E616253
:10BDE0006C65205570646174652053686132353626
:10BDF00000000000556E61626C652047656E6572DB
:10BE0000617465207368613235362076616C7565C2
:10BE10000000000030313233343536373839616252
:10BE200063646566000000006F6F625F6B65795F39
:10BE300067656E6572617465000000006164765F1D
:10BE4000696E645F73656E640000000073656E6404
:10BE50005F6C65645F696E646963617465000000AE
:10BE6000696E645F7374617274000000746D5F6169
:10BE70007474725F67657400746D5F617474725F6F
:10BE800073657400746D5F617474725F7365745F61
:10BE9000756E61636B000000746D5F617474725F36
:10BEA0007374617475730000746D5F617474725F94
:10BEB000636F6E6669726D00746D5F617474725F3A
:10BEC0007472616E73000000A801D00000000000D1
:10BED0009C3F0000A801D10000000000723F00005C
:10BEE000A801D20000000000483F0000A801D300D4
:10BEF000000000001E3F0000A801D5000100000066
:10BF0000F23F0000A801CF0000000000F43E000056
:10BF1000000000000000000000000000A801000078
:10BF2000E5250000F8A7636AEC3F6BFA686F9D1B7C
:10BF3000370001D1FDB8277DC08100000000060058
:10BF400064450000F6490000DB2A0000DC2A0000FE
:10BF50000200000058BF010027180000DD2A000081
:10BF6000DE2A0000020000006CBF0100281800005B
:10BF7000292A2B244D4553485F4C49425F56312EA8
:10BF80003739000000000000AC5A0000945A00004D
:10BF9000000000009CBF01000000000016600000CF
:10BFA000E65F0000F45F00000000000000000000F9
:10BFB0003A64000000000000020000000F000000D2
:10BFC000686C00000B80000001000000446C000061
:10BFD0000E80000001000000206C000011800000B5
:10BFE00001000000FC6B0000148000000100000054
:10BFF000D86B00002880000002000000806B000069
:10C000004480000003000000446B00000380000037
:10C0100004000000986C00003E8000000700000053
:10C020001E6B0000198000000C000000AA6A0000CE
:10C030001F80000007000000866A00003C800000AE
:10C0400009000000D6690000060000000A00000098
:10C05000686900002E8000000500000016690000DD
:10C060002580000001000000E06800004A80000018
:10C0700000000000B46800004880000004000000D8
:10C080006A680000178000000400000022680000B9
:10C090004C800000050000006E6700004E8000002C
:10C0A00007000000B66600000280000003000000E8
:10C0B000146600002A800000050000006065000092
:10C0C0002C80000007000000A864000000000000B1
:10C0D0000000000000000000000000000000000060
:10C0E0009A770000000000000880000001000000B6
:10C0F0001E7F000000000000130000004C970000AD
:10C100000100000013000000C49600000080000041
:10C1100003000000249800000180000002000000DD
:10C12000BC9400000980000000000000048A0000A8
:10C130000A80000001000000788900000C800000E7
:10C1400000000000D68B00000D8000000100000000
:10C15000508B00001280000000000000A88A000040
:10C160001380000001000000C08A0000238000004E
:10C1700000000000CE8700002480000001000000C5
:10C180005E87000026800000000000000889000093
:10C1900027800000020000005A880000188000007C
:10C1A000040000009E7E0000030000000B00000061
:10C1B000C08F00001A80000018000000C28E00002E
:10C1C0001B80000006000000D07C000020800000E2
:10C1D000140000000C8200001C800000060000001B
:10C1E000F87B00002180000014000000CC800000DB
:10C1F0001E80000006000000B292000022800000B5
:10C2000014000000C29100001D8000000400000026
:10C2100014910000298000000400000082760000D4
:10C220002B800000060000004875000040800000E0
:10C23000120000005A740000458000001200000047
:10C240007A7300004180000002000000669900003F
:10C2500042800000000000001894000046800000AA
:10C2600002000000406E0000478000000300000054
:10C27000AE7200003D80000006000000EE7A000073
:10C280003F80000006000000D68D00004B800000BB
:10C2900004000000BA7900004D8000000600000094
:10C2A000BA7900004980000000000000B871000069
:10C2B0000F80000000000000926D00001080000060
:10C2C00001000000F27800002D8000000200000054
:10C2D000067100001580000002000000FA6D0000E9
:10C2E0001680000003000000287000003880000065
:10C2F000000000007E6F000039800000090000008F
:10C30000808300003A800000000000008A85000061
:10C310003B80000005000000A28500000000000036
:10C320000000000000000000388300000000000052
:10C330006964313238010000736D6B320000000017
:10C34000736D6B3300000000736D6B3400000000F0
:10C350007072636B0000000076746164000000007E
:10C360000091E3720796E4750E9FED7C0998EA7BD5
:10C370001C8DFF6E1B8AF8691283F1601584F667C5
:10C3800038A9DB4A3FAEDC4D36A7D54431A0D243B5
:10C3900024B5C75623B2C0512ABBC9582DBCCE5FA5
:10C3A00070E1930277E694057EEF9D0C79E89A0B95
:10C3B0006CFD8F1E6BFA881962F3811065F4861785
:10C3C00048D9AB3A4FDEAC3D46D7A53441D0A23375
:10C3D00054C5B72653C2B0215ACBB9285DCCBE2F65
:10C3E000E0710392E7760495EE7F0D9CE9780A9B55
:10C3F000FC6D1F8EFB6A1889F2631180F564168745
:10C40000D8493BAADF4E3CADD64735A4D14032A334
:10C41000C45527B6C35220B1CA5B29B8CD5C2EBF24
:10C42000900173E2970674E59E0F7DEC99087AEB14
:10C430008C1D6FFE8B1A68F9821361F0851466F704
:10C44000A8394BDAAF3E4CDDA63745D4A13042D3F4
:10C45000B42557C6B32250C1BA2B59C8BD2C5ECFE4
:10C460000000000000000000F2B900000000000021
:10C470000500000003000000B4BA00000400000042
:10C4800003000000B6B90000378000000100000082
:10C490007EBA000007800000010000004ABA0000D8
:10C4A000000000000000000000000000000000008C
:10C4B00000000000BABD0000000000003180000054
:10C4C0000200000078BD00002F8000000200000084
:10C4D00028BD0000308000000200000048BC0000C1
:10C4E0003280000003000000E0BC00003380000048
:10C4F0000300000010BC00003480000000000000B9
:10C5000004BC00003580000001000000ECBB00000E
:10C5100036800000010000001CBB00000480000009
:10C52000000000009ABB0000058000000100000030
:10C530003ABF0000068000000100000022BF00009A
:10C5400000000000000000000000000000000000EB
:10C55000B8C3000044C30000000000006E6B626BB3
:10C56000000000006E6B696B000000002F4E6F64CE
:10C57000652F25780000000000070E091C1B12150E
:10C58000383F363124232A2D2F566E642F25782FDD
:10C59000257300002F5369672F25782F257300001E
:10C5A000646174610000000074C60100C0DF000017
:10C5B00078C6010024E000007CC60100F2DE000025
:10C5C00080C60100AAE5000084C60100EAE400007C
:10C5D0008CC601003AE4000094C6010070DC000043
:10C5E0009CC60100A6DE0000A0C6010006F3000004
:10C5F000A4C60100F0F20000A8C60100B8E30000E4
:10C60000ACC6010044E30000B6FD000000000000DD
:10C6100096FC0000000000002F4170704B65792FE0
:10C62000257800002F4E65744B65792F2578000022
:10C630002F4E6574000000002F4956002F5365717E
:10C64000000000002F484250756200002F436667CB
:10C65000000000002F56612F2578000062696E648B
:10C660000000000073756200707562002F52504C1C
:10C670002F2578004E6574004956000053657100FF
:10C6800052504C004E65744B657900004170704B00
:10C6900065790000484250756200000043666700FB
:10C6A00053696700566E6400566100004E6F646502
:10C6B000000000000102040810000000010204084C
:10C6C000AE040100000000000A0000006400000049
:10C6D000E803000010270000A086010040420F0080
:10C6E0008096980000E1F505201D0100010300007F
:10C6F0004019010001000000F411010001000000D8
:10C700008E0E0100000000007072736B00000000CC
:10C710007072736E000000007072646B00000000A5
:10C72000F8080100010000008E1A01000B00000053
:10C73000041A01000500000002170100400000007B
:10C74000D416010000000000A01601001000000037
:10C750003414010010000000D61201002100000076
:10C76000DA1E010000000000201E01000100000090
:10C77000FC2C0100EE2C0100982F8A429144377165
:10C78000CFFBC0B5A5DBB5E95BC25639F111F15954
:10C79000A4823F92D55E1CAB98AA07D8015B831296
:10C7A000BE853124C37D0C55745DBE72FEB1DE8042
:10C7B000A706DC9B74F19BC1C1699BE48647BEEF71
:10C7C000C69DC10FCCA10C246F2CE92DAA84744AFC
:10C7D000DCA9B05CDA88F97652513E986DC631A872
:10C7E000C82703B0C77F59BFF30BE0C64791A7D551
:10C7F0005163CA0667292914850AB72738211B2ED9
:10C80000FC6D2C4D130D385354730A65BB0A6A76C0
:10C810002EC9C281852C7292A1E8BFA24B661AA8CC
:10C82000708B4BC2A3516CC719E892D1240699D6DC
:10C8300085350EF470A06A1016C1A419086C371E55
:10C840004C774827B5BCB034B30C1C394AAAD84E33
:10C850004FCA9C5BF36F2E68EE828F746F63A5786E
:10C860001478C8840802C78CFAFFBE90EB6C50A401
:10C87000F7A3F9BEF27871C6F6A2FFFFEAA2FFFFA6
:10C88000F6A2FFFFE6A2FFFFF6A2FFFFE6A2FFFF70
:10C89000F6A2FFFFE6A2FFFFF6A2FFFFEEA2FFFF58
:10C8A000F6A2FFFFE6A2FFFFF6A2FFFFF6A2FFFF40
:10C8B000E6A2FFFFE6A2FFFFE6A2FFFFF2A2FFFF54
:10C8C000F2A2FFFFE6A2FFFFE6A2FFFFE6A2FFFF44
:10C8D000F6A2FFFFE6A2FFFFF6A2FFFF00000000A6
:10C8E00000000000000000000000008743483538C9
:10C8F000355F424C455F4C49425F56312E342E34F1
:10C900000000000000010202030303030404040406
:10C9100004040404050505050505050505050505CB
:10C9200005050505060606060606060606060606AB
:10C930000606060606060606060606060606060697
:10C94000060606060707070707070707070707077B
:10C950000707070707070707070707070707070767
:10C960000707070707070707070707070707070757
:10C970000707070707070707070707070707070747
:10C98000070707070808080808080808080808082B
:10C990000808080808080808080808080808080817
:10C9A0000808080808080808080808080808080807
:10C9B00008080808080808080808080808080808F7
:10C9C00008080808080808080808080808080808E7
:10C9D00008080808080808080808080808080808D7
:10C9E00008080808080808080808080808080808C7
:10C9F00008080808080808080808080808080808B7
:10CA00000808080800000000000000000000000006
:10CA10000000000000000000000000000000000016
:10CA20000000000000000000000000000000000006
:10CA300000000000000000000000000000000000F6
:10CA400000000000000000000000000000000000E6
:10CA500000000000000000000000000000000000D6
:10CA600000000000232D302B20000000686C4C00DB
:10CA70006566674546470000303132333435363716
:10CA800038394142434445460000000030313233DA
:10CA900034353637383961626364656600000000FA
:10CAA00092ECFFFFA8ECFFFF68ECFFFF68ECFFFFD4
:10CAB00068ECFFFF68ECFFFFA8ECFFFF68ECFFFFEE
:10CAC00068ECFFFF68ECFFFF68ECFFFF06EEFFFF7E
:10CAD0000CEDFFFFA0EDFFFF68ECFFFF68ECFFFF30
:10CAE00034EEFFFF68ECFFFF0CEDFFFF68ECFFFF8B
:08CAF00068ECFFFFA8EDFFFF59
:10CAF8000000000003010000C8210020C42200201B
:10CB080000000000000000000000000014250020C4
:10CB180024260020E8C00100D8C0010068220020B7
:10CB2800020000000000000028220020102500203C
:10CB380018260020BCC40100ACC401003C2600201B
:10CB48000010000000000000000000000C2500207C
:10CB58000C260020C0BC01000000000000000000FE
:10CB680000000000000000000000000000000000BD
:10CB78005C2200200000000000000000000000000F
:10CB8800000000000000000000000000000000009D
:10CB9800000000003026002000000C003026002095
:10CBA800000000000000000007010701000003006A
:10CBB800000000000000000000000000000000006D
:10CBC800000000000000000000000000000000005D
:10CBD800000000000000000000000000000000004D
:10CBE800000000000000000000000000000000003D
:10CBF8006026002000004100602600200000A801F7
:10CC0800000000000000000018250020A43E0020BD
:10CC1800C8BE01000000000000000000041004105D
:10CC280002000000482500200100000050BF01005C
:10CC3800020000004425002001000000E42200203A
:10CC48000200000048BF01000200000000000000D0
:10CC5800020000004425002001000000E522002019
:10CC6800020000004CBF01000000000000000000AE
:10CC7800020000004025002003000000903F002033
:10CC880002000000482500200100000064BF0100E8
:10CC9800020000004425002001000000E6220020D8
:10CCA800020000005CBF010002000000000000005C
:10CCB800020000004425002001000000E7220020B7
:10CCC8000200000060BF010000000000000000003A
:10CCD800020000004025002003000000A03F0020C3
:10CCE800000000000000000000000000555555003D
:10CCF8004EB300000000000000000000000000002B
:10CD080020BA01000000000010F10000E6DC00007D
:10CD1800000000000000000000000000D205010033
:10CD2800FF000000EC230020EC2300200820000175
:10CD3800FFFFFFFFFFFFFFFFFFFFFFFF00000000F7
:10CD4800000000000000000001000000FFFFFFFFDE
:10CD5800512563FCC2CAB9F3849E17A7ADFAE6BC95
:10CD6800FFFFFFFFFFFFFFFF00000000FFFFFFFFC7
:10CD780096C298D84539A1F4A033EB2D817D03776D
:10CD8800F240A463E5E6BCF847422CE1F2D1176B08
:10CD9800F551BF376840B6CBCE5E316B5733CE2BDB
:10CDA800169E0F7C4AEBE78E9B7F1AFEE242E34F0A
:10CDB8004B60D2273E3CCE3BF6B053CCB0061D6547
:10CDC800BC86987655BDEBB3E7933AAAD835C65AD0
:10CDD800BA4E0100024E0100124C01000000000092
:10CDE80044CA010024CA010004CA0100000000006E
:10CDF800000000000000000000000000000000002B
:10CE0800000000000000000000000000000000001A
:10CE1800000000000000000000000000000000000A
:10CE280000000000000000000000000000000000FA
:10CE380000000000000000000000000000000000EA
:10CE480060490020FFFF0000FFFF0000FFFF000017
:10CE5800FFFF0000C3812F01A42400200000000070
:10CE68000000000000350000904100007C410000F7
:10CE7800F8A7636AEC3F00000229000003280000BD
:08CE880000280000A424002092
:00000001FF
